rank,node_number,x_n,y_n,z_n,t_n,score
1,3180,0.125,0.231828125,0.922840621611854,0.13793103448275862,30003.999199999995
2,3006,0.125,0.17028125,0.8773762197325623,0.0,29998.999199999995
3,2047,1.0,0.046875,0.6023370678231538,0.0,19998.999199999995
4,717,0.25,0.25,0.62643055053608,0.13793103448275862,9999.899199999998
5,9704,0.875,0.3453125,0.6754101915431876,0.0,7997.599299999999
6,13506,0.8625,0.71875,0.655524635586074,0.13793103448275862,6000.299299999999
7,18623,0.39878749999999996,0.279090625,0.9063847729189254,0.0,5001.199299999999
8,11071,0.125,0.840625,0.7981448018311047,0.48275862068965514,4064.877479674796
9,15172,0.553275,0.037666875,0.7767377424406698,0.27586206896551724,4001.799299999999
10,16914,0.375,0.37128125,0.8280327671364895,0.27586206896551724,3998.1992999999993
11,15030,0.19607375,0.0415690625,0.7741476930490302,0.27586206896551724,3001.8992999999996
12,9833,0.8625,0.49015624999999996,0.9049150704734369,0.3448275862068966,2727.3629999999994
13,15282,0.3229875,0.348875,0.7554872906878689,0.48275862068965514,2438.373414634146
14,22058,0.15475,0.47240624999999997,0.9940127695458378,1.0,2153.9033925686585
15,19648,0.3388625,0.729125,0.9257920732441873,0.0,1999.8992999999996
16,3855,0.375,0.113090625,0.8441633538127936,0.3448275862068966,1826.2720909090906
17,19328,0.7914125000000001,0.110325,0.9351764847608722,0.3448275862068966,1798.9084545454543
18,18678,0.5236625,0.287284375,0.904035658354415,0.9655172413793103,1676.166083333333
19,6003,0.875,0.21875,0.62643055053608,0.9655172413793103,1675.0827499999998
20,16928,0.4224875,0.380625,0.8672449102517767,0.9655172413793103,1665.916083333333
21,22554,0.42247500000000004,0.215021875,0.9925189736176363,0.48275862068965514,1620.243333333333
22,16011,0.76345,0.324653125,0.7931092639441031,0.6896551724137931,1515.6385714285711
23,7302,0.375,0.51525,0.9854234429586796,0.6896551724137931,1503.8340601503758
24,7026,0.1125,0.528125,0.6754909047102758,0.6896551724137931,1503.4581203007517
25,17965,0.588875,0.082246875,0.8855318636308878,0.6896551724137931,1466.08969924812
26,20178,0.42247500000000004,0.57128125,0.9518853150222863,0.8275862068965517,1111.1662777777779
27,16008,0.8228625,0.32075624999999997,0.8054451270931212,0.8275862068965517,1107.1107222222222
28,19850,0.19624000000000003,0.26033125,0.9369232622575593,0.8275862068965517,1097.9440555555555
29,524,0.12499999999999947,0.453125,0.62643055053608,0.27586206896551724,1000.0992999999999
30,8793,0.625,0.496875,0.92149138657993,0.27586206896551724,999.9892999999998
31,5473,0.8625,0.184375,0.7276641368509817,0.13793103448275862,999.4692999999999
32,1216,0.0625,0.296875,0.6023370678231538,0.3448275862068966,911.3629999999998
33,19220,0.3625,0.1181125,0.9584507890615589,0.9655172413793103,811.4577499999999
34,18396,0.6125,0.7056875,0.882231056499217,0.27586206896551724,800.0193999999999
35,17926,0.3625,0.07753125000000001,0.8891699795205397,0.48275862068965514,757.6254471544714
36,15511,0.7439250000000001,0.35721875000000003,0.8006987109986747,0.13793103448275862,700.1193999999999
37,11379,0.3625,0.9013125000000001,0.9114323575472835,0.3448275862068966,636.3539999999999
38,17,0.875,0.96875,0.62643055053608,0.3448275862068966,545.435818181818
39,14236,0.875,0.8294374999999998,0.9969883146608842,0.0,500.0093999999999
40,11059,0.125,0.84375,0.675142753885074,1.0,431.04943457189006
41,8644,0.625,0.602375,0.8115046379954222,0.13793103448275862,400.1393999999999
42,3797,0.375,0.090625,0.8804722322611732,0.3448275862068966,337.1903636363636
43,18396,0.6125,0.7056875,0.882231056499217,0.48275862068965514,325.21089430894307
44,737,0.875,0.21875,0.62643055053608,0.6206896551724137,300.0593999999999
45,5289,0.8625,0.2384375,0.9629442235875195,1.0,219.82767905223474
46,5279,0.8625,0.215625,0.9800385495723407,1.0,207.06515885837368
47,4183,0.375,0.26331875,0.9325864353692326,0.6206896551724137,205.96999999999997
48,4290,0.6125,0.26331875,0.9325864353692326,0.6206896551724137,192.54999999999995
49,4183,0.375,0.26331875,0.9325864353692326,0.3448275862068966,190.15454545454543
50,5297,0.8625,0.21875,0.9560534875316226,1.0,186.25740441572424
51,5289,0.8625,0.2384375,0.9629442235875195,0.9655172413793103,185.45833333333331
52,4290,0.6125,0.26331875,0.9325864353692326,0.3448275862068966,180.1272727272727
53,4116,0.375,0.262071875,0.9472834598241175,0.6206896551724137,177.44999999999996
54,6144,0.875,0.2336875,0.9796651005902903,1.0,175.1319332256327
55,5352,0.8625,0.2336875,0.9796651005902903,1.0,172.827140549273
56,5297,0.8625,0.21875,0.9560534875316226,0.9655172413793103,169.35833333333332
57,6211,0.875,0.21875,0.9560534875316226,1.0,168.96068928379103
58,4183,0.375,0.26331875,0.9325864353692326,0.48275862068965514,168.53658536585363
59,19926,0.6125,0.25570312500000003,0.9432478014697024,0.6206896551724137,167.79999999999998
60,21322,0.8388,0.235378125,0.9781833514034453,1.0,167.25901992460956
61,21331,0.6487625,0.235340625,0.9782194916275146,1.0,167.1513193322563
62,4683,0.6125,0.10855624999999999,0.9325864353692326,0.48275862068965514,166.15447154471542
63,19920,0.375,0.25565625000000003,0.9433080351764848,0.6206896551724137,166.09999999999997
64,4116,0.375,0.262071875,0.9472834598241175,0.3448275862068966,164.89999999999998
65,4336,0.6125,0.262071875,0.9472834598241175,0.6206896551724137,162.92999999999998
66,4182,0.375,0.256696875,0.9419226599204914,0.6206896551724137,162.76999999999998
67,6214,0.875,0.240546875,0.9451270931213106,1.0,162.06785137318252
68,4290,0.6125,0.26331875,0.9325864353692326,0.48275862068965514,161.21951219512192
69,4683,0.6125,0.10855624999999999,0.9325864353692326,0.6206896551724137,159.09999999999997
70,5279,0.8625,0.215625,0.9800385495723407,0.9655172413793103,158.02499999999998
71,6235,0.875,0.20273750000000001,0.9854234429586796,1.0,157.8029079159935
72,3790,0.375,0.10855624999999999,0.9325864353692326,0.6206896551724137,157.79999999999998
73,19926,0.6125,0.25570312500000003,0.9432478014697024,0.3448275862068966,157.18181818181816
74,21235,0.6125,0.233828125,0.9795446331767256,1.0,156.9197630586968
75,4683,0.6125,0.10855624999999999,0.9325864353692326,0.3448275862068966,155.14545454545453
76,17997,0.6125,0.080703125,0.8960125286110107,0.6206896551724137,155.09999999999997
77,19920,0.375,0.25565625000000003,0.9433080351764848,0.3448275862068966,154.54545454545453
78,21299,0.832775,0.23260625,0.9682568365257197,1.0,153.15024232633277
79,4336,0.6125,0.262071875,0.9472834598241175,0.3448275862068966,152.9272727272727
80,17997,0.6125,0.080703125,0.8960125286110107,0.48275862068965514,152.27642276422762
81,4182,0.375,0.256696875,0.9419226599204914,0.3448275862068966,150.4363636363636
82,3217,0.125,0.3125,0.8084809059149499,0.13793103448275862,149.99999999999997
83,4140,0.375,0.089403125,0.9134441633538127,0.6206896551724137,147.10999999999999
84,4289,0.6125,0.256696875,0.9419226599204914,0.6206896551724137,146.99999999999997
85,3790,0.375,0.10855624999999999,0.9325864353692326,0.48275862068965514,146.91056910569102
86,17997,0.6125,0.080703125,0.8960125286110107,0.3448275862068966,145.99999999999997
87,4116,0.375,0.262071875,0.9472834598241175,0.48275862068965514,144.79674796747966
88,18000,0.375,0.0931125,0.9203228526683531,0.48275862068965514,144.6341463414634
89,3790,0.375,0.10855624999999999,0.9325864353692326,0.3448275862068966,143.7090909090909
90,5628,0.8625,0.24041562500000002,0.930333694735574,1.0,143.62950996230475
91,4119,0.375,0.2408875,0.9729671123960967,0.6206896551724137,143.19999999999996
92,5302,0.8625,0.26331875,0.9325864353692326,0.6206896551724137,142.79999999999998
93,17986,0.375,0.0931125,0.9069871099867486,0.6206896551724137,142.39999999999998
94,6236,0.875,0.20919375,0.9831104686182388,1.0,142.27248249865372
95,18002,0.375,0.08065625,0.8959161546801591,0.48275862068965514,142.1951219512195
96,21238,0.6125,0.24623750000000003,0.9673292374412721,0.6206896551724137,141.89999999999998
97,4683,0.6125,0.10855624999999999,0.9325864353692326,1.0,141.88476036618198
98,4672,0.6125,0.0838125,0.8888085772798457,0.6206896551724137,141.40999999999997
99,17997,0.6125,0.080703125,0.8960125286110107,1.0,140.7646742057081
100,4137,0.375,0.109803125,0.9472834598241175,0.6206896551724137,140.18999999999997
101,21314,0.625,0.24623750000000003,0.9673292374412721,0.6206896551724137,139.89999999999998
102,21242,0.375,0.24623750000000003,0.9673292374412721,0.6206896551724137,139.29999999999998
103,4289,0.6125,0.256696875,0.9419226599204914,0.3448275862068966,139.27272727272725
104,17963,0.6125,0.0931125,0.9069871099867486,0.6206896551724137,139.2
105,21305,0.654725,0.23260625,0.9682568365257197,1.0,139.14916532040922
106,4182,0.375,0.256696875,0.9419226599204914,0.48275862068965514,138.78048780487802
107,21322,0.8388,0.235378125,0.9781833514034453,0.9655172413793103,138.58333333333331
108,21331,0.6487625,0.235340625,0.9782194916275146,0.9655172413793103,138.33333333333331
109,18002,0.375,0.08065625,0.8959161546801591,0.6206896551724137,138.29999999999998
110,21279,0.625,0.24936250000000001,0.9511866040236115,0.6206896551724137,138.09999999999997
111,3217,0.125,0.3125,0.8084809059149499,0.27586206896551724,137.99999999999997
112,4672,0.6125,0.0838125,0.8888085772798457,0.48275862068965514,137.39837398373982
113,4339,0.6125,0.2408875,0.9729671123960967,0.6206896551724137,137.2
114,4336,0.6125,0.262071875,0.9472834598241175,0.48275862068965514,136.8292682926829
115,6211,0.875,0.21875,0.9560534875316226,0.9655172413793103,136.6583333333333
116,4140,0.375,0.089403125,0.9134441633538127,0.48275862068965514,136.58536585365852
117,17964,0.6125,0.080703125,0.882231056499217,0.6206896551724137,136.39999999999998
118,4360,0.6125,0.089403125,0.9134441633538127,0.6206896551724137,136.08999999999997
119,4119,0.375,0.2408875,0.9729671123960967,0.3448275862068966,135.90909090909088
120,5618,0.8625,0.246875,0.9248042404529574,1.0,135.17501346257401
121,17986,0.375,0.0931125,0.9069871099867486,0.48275862068965514,135.12195121951217
122,4140,0.375,0.089403125,0.9134441633538127,0.3448275862068966,134.89090909090908
123,4137,0.375,0.109803125,0.9472834598241175,0.48275862068965514,133.98373983739836
124,19920,0.375,0.25565625000000003,0.9433080351764848,0.48275862068965514,133.41463414634146
125,18002,0.375,0.08065625,0.8959161546801591,0.3448275862068966,133.27272727272725
126,21200,0.5829,0.24742187499999999,0.9534513913986267,0.6206896551724137,132.79999999999998
127,4672,0.6125,0.0838125,0.8888085772798457,0.3448275862068966,132.6181818181818
128,21238,0.6125,0.24623750000000003,0.9673292374412721,0.3448275862068966,132.54545454545453
129,17986,0.375,0.0931125,0.9069871099867486,1.0,132.0409262250942
130,4357,0.6125,0.109803125,0.9472834598241175,0.48275862068965514,131.9512195121951
131,20016,0.625,0.25253125,0.9599807252138296,0.6206896551724137,131.89999999999998
132,21199,0.6125,0.24936250000000001,0.9511866040236115,0.6206896551724137,131.89999999999998
133,4339,0.6125,0.2408875,0.9729671123960967,0.3448275862068966,130.72727272727272
134,17986,0.375,0.0931125,0.9069871099867486,0.3448275862068966,130.63636363636363
135,5200,0.625,0.21875,0.978279725334297,0.9655172413793103,130.60833333333332
136,21242,0.375,0.24623750000000003,0.9673292374412721,0.3448275862068966,130.54545454545453
137,5302,0.8625,0.26331875,0.9325864353692326,0.3448275862068966,130.45454545454544
138,17963,0.6125,0.0931125,0.9069871099867486,0.48275862068965514,130.3252032520325
139,3217,0.125,0.3125,0.8084809059149499,0.6206896551724137,130.29999999999998
140,4198,0.375,0.2384375,0.9629442235875195,0.6206896551724137,129.33999999999997
141,21314,0.625,0.24623750000000003,0.9673292374412721,0.3448275862068966,128.90909090909088
142,4360,0.6125,0.089403125,0.9134441633538127,0.48275862068965514,128.86178861788616
143,17994,0.375,0.08065625,0.8821346825683652,0.6206896551724137,128.7
144,4137,0.375,0.109803125,0.9472834598241175,0.3448275862068966,128.68181818181816
145,21235,0.6125,0.233828125,0.9795446331767256,0.9655172413793103,128.41666666666666
146,18000,0.375,0.0931125,0.9203228526683531,0.6206896551724137,128.39999999999998
147,17963,0.6125,0.0931125,0.9069871099867486,0.3448275862068966,128.18181818181816
148,17280,0.125,0.31186250000000004,0.8462594868088182,1.0,128.16370490037693
149,2778,0.125,0.10855624999999999,0.9325864353692326,0.48275862068965514,128.14634146341461
150,21279,0.625,0.24936250000000001,0.9511866040236115,0.3448275862068966,127.99999999999999
151,2778,0.125,0.10855624999999999,0.9325864353692326,1.0,127.99138395261171
152,21206,0.4046875,0.24742187499999999,0.9534513913986267,0.6206896551724137,127.89999999999998
153,4676,0.6125,0.090625,0.9023370678231537,0.6206896551724137,127.66999999999997
154,17995,0.6125,0.0931125,0.9203228526683531,0.48275862068965514,127.56097560975608
155,4357,0.6125,0.109803125,0.9472834598241175,0.6206896551724137,127.16999999999997
156,17963,0.6125,0.0931125,0.9069871099867486,1.0,127.08669897684435
157,21299,0.832775,0.23260625,0.9682568365257197,0.9655172413793103,126.83333333333331
158,17964,0.6125,0.080703125,0.882231056499217,0.48275862068965514,126.74796747967478
159,5891,0.875,0.246875,0.9248042404529574,1.0,126.59127625201936
160,17964,0.6125,0.080703125,0.882231056499217,1.0,126.33279483037154
161,22636,0.8328875,0.22554687499999998,0.9860619202505723,1.0,125.79429186860526
162,17964,0.6125,0.080703125,0.882231056499217,0.3448275862068966,125.7272727272727
163,21141,0.3625,0.24936250000000001,0.9511866040236115,0.6206896551724137,125.59999999999998
164,5200,0.625,0.21875,0.978279725334297,1.0,125.12654819601505
165,4358,0.6125,0.10290625,0.9368871220334899,0.48275862068965514,125.04065040650404
166,4672,0.6125,0.0838125,0.8888085772798457,1.0,124.51265481960148
167,4360,0.6125,0.089403125,0.9134441633538127,0.3448275862068966,123.99999999999999
168,3140,0.125,0.321203125,0.8040477050957715,0.13793103448275862,123.99999999999997
169,16690,0.375,0.0712375,0.8605951090230093,0.48275862068965514,123.98373983739836
170,22634,0.6547,0.22554687499999998,0.9860619202505723,1.0,123.96338179859987
171,21200,0.5829,0.24742187499999999,0.9534513913986267,0.3448275862068966,123.90909090909089
172,20560,0.375,0.1368625,0.9661366100469823,0.6206896551724137,123.89999999999998
173,4676,0.6125,0.090625,0.9023370678231537,0.48275862068965514,123.86991869918697
174,19951,0.5827625000000001,0.25448125,0.9575352367184676,0.6206896551724137,123.79999999999998
175,2778,0.125,0.10855624999999999,0.9325864353692326,0.6206896551724137,123.56999999999998
176,6144,0.875,0.2336875,0.9796651005902903,0.9655172413793103,123.25833333333331
177,5352,0.8625,0.2336875,0.9796651005902903,0.9655172413793103,123.14999999999998
178,18000,0.375,0.0931125,0.9203228526683531,0.3448275862068966,123.09090909090907
179,4198,0.375,0.2384375,0.9629442235875195,0.3448275862068966,123.03636363636362
180,3141,0.125,0.325428125,0.7905914950006022,0.13793103448275862,122.99999999999997
181,19926,0.6125,0.25570312500000003,0.9432478014697024,0.48275862068965514,122.68292682926827
182,21199,0.6125,0.24936250000000001,0.9511866040236115,0.3448275862068966,122.36363636363635
183,4289,0.6125,0.256696875,0.9419226599204914,0.48275862068965514,122.35772357723576
184,20016,0.625,0.25253125,0.9599807252138296,0.3448275862068966,122.09090909090907
185,16667,0.6125,0.0712375,0.8605951090230093,0.48275862068965514,122.03252032520324
186,5256,0.8625,0.3125,0.8084809059149499,0.13793103448275862,121.99999999999997
187,17994,0.375,0.08065625,0.8821346825683652,0.48275862068965514,121.86991869918697
188,2220,0.1125,0.3125,0.8084809059149499,1.0,121.5939687668282
189,19949,0.4047375000000001,0.25448125,0.9575352367184676,0.6206896551724137,121.29999999999998
190,4183,0.375,0.26331875,0.9325864353692326,0.9655172413793103,121.01666666666665
191,2868,0.125,0.302878125,0.8251897361763642,0.13793103448275862,120.99999999999997
192,16701,0.6125,0.058826875,0.8430309601252861,0.6206896551724137,120.69999999999997
193,17994,0.375,0.08065625,0.8821346825683652,0.3448275862068966,120.45454545454544
194,20560,0.375,0.1368625,0.9661366100469823,0.48275862068965514,120.32520325203251
195,19940,0.6125,0.25253125,0.9599807252138296,0.6206896551724137,120.29999999999998
196,15868,0.144875,0.319459375,0.8246837730393927,1.0,119.97845988152932
197,4357,0.6125,0.109803125,0.9472834598241175,0.3448275862068966,119.75454545454544
198,21206,0.4046875,0.24742187499999999,0.9534513913986267,0.3448275862068966,119.54545454545453
199,6235,0.875,0.20273750000000001,0.9854234429586796,0.9655172413793103,119.13333333333331
200,4676,0.6125,0.090625,0.9023370678231537,0.3448275862068966,119.12727272727271
201,2778,0.125,0.10855624999999999,0.9325864353692326,0.3448275862068966,119.09090909090907
202,2220,0.1125,0.3125,0.8084809059149499,0.13793103448275862,118.99999999999997
203,3801,0.375,0.07058125,0.8589928924225997,0.48275862068965514,118.86178861788616
204,6230,0.875,0.215625,0.958089386820865,1.0,118.41680129240709
205,21207,0.375,0.24936250000000001,0.9511866040236115,0.6206896551724137,118.29999999999998
206,5241,0.625,0.3125,0.8084809059149499,0.27586206896551724,117.99999999999997
207,3160,0.125,0.30129375,0.8589928924225997,0.13793103448275862,117.39999999999998
208,18002,0.375,0.08065625,0.8959161546801591,1.0,117.28594507269787
209,19944,0.375,0.25253125,0.9599807252138296,0.6206896551724137,117.19999999999997
210,19870,0.3625,0.25253125,0.9599807252138296,0.6206896551724137,117.19999999999997
211,3094,0.125,0.325859375,0.8049271172147935,0.6206896551724137,117.19999999999997
212,21141,0.3625,0.24936250000000001,0.9511866040236115,0.3448275862068966,117.18181818181816
213,5256,0.8625,0.3125,0.8084809059149499,0.0,116.99999999999999
214,4244,0.6125,0.3125,0.8084809059149499,0.0,116.99999999999999
215,5302,0.8625,0.26331875,0.9325864353692326,0.48275862068965514,116.26016260162599
216,4683,0.6125,0.10855624999999999,0.9325864353692326,0.9655172413793103,116.24999999999999
217,17995,0.6125,0.0931125,0.9203228526683531,0.6206896551724137,116.19999999999997
218,5256,0.8625,0.3125,0.8084809059149499,0.27586206896551724,115.99999999999999
219,5241,0.625,0.3125,0.8084809059149499,0.0,115.99999999999999
220,4361,0.6125,0.0828125,0.9004216359474762,0.48275862068965514,115.36585365853657
221,19951,0.5827625000000001,0.25448125,0.9575352367184676,0.3448275862068966,115.36363636363635
222,4357,0.6125,0.109803125,0.9472834598241175,1.0,115.30425417339794
223,20560,0.375,0.1368625,0.9661366100469823,0.3448275862068966,115.18181818181816
224,5241,0.625,0.3125,0.8084809059149499,1.0,115.1642434033387
225,5241,0.625,0.3125,0.8084809059149499,0.13793103448275862,114.99999999999999
226,3801,0.375,0.07058125,0.8589928924225997,0.6206896551724137,114.89999999999998
227,16701,0.6125,0.058826875,0.8430309601252861,1.0,114.70113085621969
228,16667,0.6125,0.0712375,0.8605951090230093,0.6206896551724137,114.69999999999997
229,6233,0.875,0.215625,0.9800385495723407,1.0,114.51803984921915
230,6236,0.875,0.20919375,0.9831104686182388,0.9655172413793103,114.17499999999998
231,4183,0.375,0.26331875,0.9325864353692326,0.6896551724137931,114.12781954887217
232,4244,0.6125,0.3125,0.8084809059149499,0.13793103448275862,113.99999999999999
233,4244,0.6125,0.3125,0.8084809059149499,0.27586206896551724,113.99999999999999
234,21238,0.6125,0.24623750000000003,0.9673292374412721,0.48275862068965514,113.73983739837396
235,3217,0.125,0.3125,0.8084809059149499,0.3448275862068966,113.63636363636361
236,16690,0.375,0.0712375,0.8605951090230093,0.6206896551724137,113.59999999999998
237,19949,0.4047375000000001,0.25448125,0.9575352367184676,0.3448275862068966,113.09090909090908
238,4676,0.6125,0.090625,0.9023370678231537,1.0,113.05331179321485
239,3217,0.125,0.3125,0.8084809059149499,0.0,112.99999999999999
240,4290,0.6125,0.26331875,0.9325864353692326,0.6896551724137931,112.90225563909773
241,19991,0.648775,0.257215625,0.9412239489218166,0.6206896551724137,112.79999999999998
242,4229,0.375,0.3125,0.8084809059149499,1.0,112.62250942380182
243,21305,0.654725,0.23260625,0.9682568365257197,0.9655172413793103,112.58333333333331
244,21163,0.3625,0.24623750000000003,0.9673292374412721,0.6206896551724137,111.99999999999999
245,3232,0.3625,0.3125,0.8084809059149499,1.0,111.89014539579965
246,19940,0.6125,0.25253125,0.9599807252138296,0.3448275862068966,111.7272727272727
247,4138,0.375,0.10290625,0.9368871220334899,0.48275862068965514,111.70731707317071
248,17995,0.6125,0.0931125,0.9203228526683531,0.3448275862068966,111.63636363636361
249,19832,0.3387875,0.25725312499999997,0.9411757619563906,0.6206896551724137,111.59999999999998
250,16701,0.6125,0.058826875,0.8430309601252861,0.3448275862068966,111.45454545454544
251,19927,0.5887875,0.25725312499999997,0.9411757619563906,0.6206896551724137,111.39999999999998
252,19946,0.375,0.26811250000000003,0.9382363570654136,0.6206896551724137,111.19999999999997
253,4277,0.6125,0.2384375,0.9629442235875195,0.6206896551724137,110.84999999999998
254,4137,0.375,0.109803125,0.9472834598241175,1.0,110.8239095315024
255,19926,0.6125,0.25570312500000003,0.9432478014697024,0.9655172413793103,110.66666666666664
256,4670,0.6125,0.07058125,0.8589928924225997,0.48275862068965514,110.56910569105689
257,5351,0.8625,0.2408875,0.9729671123960967,0.6206896551724137,110.49999999999999
258,4244,0.6125,0.3125,0.8084809059149499,1.0,110.45772751750133
259,21207,0.375,0.24936250000000001,0.9511866040236115,0.3448275862068966,110.18181818181816
260,21242,0.375,0.24623750000000003,0.9673292374412721,0.48275862068965514,110.16260162601624
261,21314,0.625,0.24623750000000003,0.9673292374412721,0.48275862068965514,109.99999999999999
262,16667,0.6125,0.0712375,0.8605951090230093,0.3448275862068966,109.90909090909089
263,4141,0.375,0.0828125,0.9004216359474762,0.48275862068965514,109.59349593495934
264,5629,0.8625,0.246875,0.9468497771352848,1.0,109.488422186322
265,4361,0.6125,0.0828125,0.9004216359474762,0.6206896551724137,108.89999999999998
266,19944,0.375,0.25253125,0.9599807252138296,0.3448275862068966,108.8181818181818
267,3801,0.375,0.07058125,0.8589928924225997,0.3448275862068966,108.63636363636361
268,19870,0.3625,0.25253125,0.9599807252138296,0.3448275862068966,108.63636363636361
269,17994,0.375,0.08065625,0.8821346825683652,1.0,108.46526655896605
270,2220,0.1125,0.3125,0.8084809059149499,0.27586206896551724,107.99999999999999
271,19992,0.625,0.25565625000000003,0.9433080351764848,0.6206896551724137,107.69999999999997
272,4229,0.375,0.3125,0.8084809059149499,0.6206896551724137,107.69999999999997
273,21226,0.6125,0.23065625,0.9698831466088423,1.0,107.59289176090466
274,4195,0.375,0.24490625000000002,0.9562703288760389,0.6206896551724137,107.47999999999998
275,16706,0.375,0.058780624999999996,0.8428984459703649,0.6206896551724137,107.39999999999998
276,4290,0.6125,0.26331875,0.9325864353692326,0.9655172413793103,107.37499999999999
277,4277,0.6125,0.2384375,0.9629442235875195,0.3448275862068966,107.37272727272726
278,16690,0.375,0.0712375,0.8605951090230093,0.3448275862068966,107.36363636363635
279,17997,0.6125,0.080703125,0.8960125286110107,0.9655172413793103,107.33333333333331
280,5241,0.625,0.3125,0.8084809059149499,0.6206896551724137,107.29999999999998
281,3803,0.375,0.0838125,0.8888085772798457,0.48275862068965514,107.12195121951218
282,4339,0.6125,0.2408875,0.9729671123960967,0.48275862068965514,106.99186991869917
283,21314,0.625,0.24623750000000003,0.9673292374412721,0.9655172413793103,106.91666666666666
284,5256,0.8625,0.3125,0.8084809059149499,0.6206896551724137,106.69999999999997
285,4119,0.375,0.2408875,0.9729671123960967,0.48275862068965514,106.50406504065039
286,4183,0.375,0.26331875,0.9325864353692326,1.0,106.46203554119546
287,4670,0.6125,0.07058125,0.8589928924225997,0.6206896551724137,106.29999999999998
288,4683,0.6125,0.10855624999999999,0.9325864353692326,0.6896551724137931,105.63909774436088
289,3803,0.375,0.0838125,0.8888085772798457,0.3448275862068966,105.45454545454544
290,3343,0.3625,0.12385312499999998,0.9653294783760993,0.6206896551724137,105.34999999999998
291,5348,0.8625,0.262071875,0.9472834598241175,0.6206896551724137,105.12999999999998
292,21278,0.6546875,0.24742187499999999,0.9534513913986267,0.6206896551724137,104.69999999999997
293,19991,0.648775,0.257215625,0.9412239489218166,0.3448275862068966,104.63636363636363
294,3094,0.125,0.325859375,0.8049271172147935,0.3448275862068966,104.63636363636363
295,4195,0.375,0.24490625000000002,0.9562703288760389,0.3448275862068966,104.59090909090908
296,21163,0.3625,0.24623750000000003,0.9673292374412721,0.3448275862068966,104.54545454545453
297,16701,0.6125,0.058826875,0.8430309601252861,0.48275862068965514,104.39024390243901
298,3800,0.375,0.090625,0.9023370678231537,0.3448275862068966,103.84545454545453
299,5199,0.625,0.21875,0.9560534875316226,1.0,103.45395799676896
300,3217,0.125,0.3125,0.8084809059149499,0.48275862068965514,103.17073170731706
301,21279,0.625,0.24936250000000001,0.9511866040236115,0.48275862068965514,103.17073170731706
302,3232,0.3625,0.3125,0.8084809059149499,0.0,102.99999999999999
303,20016,0.625,0.25253125,0.9599807252138296,0.48275862068965514,102.92682926829266
304,22634,0.6547,0.22554687499999998,0.9860619202505723,0.9655172413793103,102.91666666666666
305,19926,0.6125,0.25570312500000003,0.9432478014697024,1.0,102.85406569736132
306,19832,0.3387875,0.25725312499999997,0.9411757619563906,0.3448275862068966,102.8181818181818
307,4361,0.6125,0.0828125,0.9004216359474762,0.3448275862068966,102.8181818181818
308,2220,0.1125,0.3125,0.8084809059149499,0.6206896551724137,102.79999999999998
309,21256,0.58885,0.2446875,0.9690157812311769,0.6206896551724137,102.79999999999998
310,19927,0.5887875,0.25725312499999997,0.9411757619563906,0.3448275862068966,102.63636363636363
311,22636,0.8328875,0.22554687499999998,0.9860619202505723,0.9655172413793103,102.58333333333331
312,17986,0.375,0.0931125,0.9069871099867486,0.9655172413793103,102.24999999999999
313,3800,0.375,0.090625,0.9023370678231537,0.6206896551724137,101.98999999999998
314,5351,0.8625,0.2408875,0.9729671123960967,0.3448275862068966,101.90909090909089
315,4670,0.6125,0.07058125,0.8589928924225997,0.3448275862068966,101.90909090909089
316,16706,0.375,0.058780624999999996,0.8428984459703649,1.0,101.884760366182
317,20023,0.8327625000000001,0.25448125,0.9575352367184676,0.6206896551724137,101.79999999999998
318,3765,0.375,0.13343750000000001,0.9629442235875195,0.6206896551724137,101.64999999999998
319,5256,0.8625,0.3125,0.8084809059149499,1.0,101.62627894453418
320,19293,0.6125,0.102578125,0.936369112155162,0.48275862068965514,101.54471544715446
321,21200,0.5829,0.24742187499999999,0.9534513913986267,0.48275862068965514,101.46341463414633
322,4244,0.6125,0.3125,0.8084809059149499,0.6206896551724137,101.39999999999998
323,19298,0.375,0.10253125,0.9362968317070233,0.48275862068965514,101.30081300813006
324,3803,0.375,0.0838125,0.8888085772798457,0.6206896551724137,101.20999999999998
325,3232,0.3625,0.3125,0.8084809059149499,0.6206896551724137,101.19999999999999
326,5301,0.8625,0.256696875,0.9419226599204914,0.6206896551724137,100.89999999999998
327,19946,0.375,0.26811250000000003,0.9382363570654136,0.3448275862068966,100.7272727272727
328,4229,0.375,0.3125,0.8084809059149499,0.27586206896551724,99.99999999999999
329,17963,0.6125,0.0931125,0.9069871099867486,0.9655172413793103,99.74999999999999
330,18012,0.4048125000000001,0.0942875,0.9224189856643776,1.0,99.73074851911683
331,18012,0.4048125000000001,0.0942875,0.9224189856643776,0.6206896551724137,99.69999999999999
332,16706,0.375,0.058780624999999996,0.8428984459703649,0.3448275862068966,99.63636363636363
333,21310,0.8625,0.24623750000000003,0.9673292374412721,1.0,99.62304792676358
334,19992,0.625,0.25565625000000003,0.9433080351764848,0.3448275862068966,99.54545454545453
335,22576,0.625,0.22436249999999996,0.9746536561860017,1.0,99.2999461497038
336,4229,0.375,0.3125,0.8084809059149499,0.0,98.99999999999999
337,21141,0.3625,0.24936250000000001,0.9511866040236115,0.48275862068965514,98.94308943089429
338,3800,0.375,0.090625,0.9023370678231537,0.48275862068965514,98.56910569105689
339,18014,0.582775,0.0942875,0.9224189856643776,0.6206896551724137,98.19999999999999
340,19298,0.375,0.10253125,0.9362968317070233,0.6206896551724137,98.09999999999998
341,21206,0.4046875,0.24742187499999999,0.9534513913986267,0.48275862068965514,97.96747967479673
342,5891,0.875,0.246875,0.9248042404529574,0.9655172413793103,97.93333333333332
343,6140,0.875,0.262071875,0.9472834598241175,1.0,97.8782983306408
344,4672,0.6125,0.0838125,0.8888085772798457,0.9655172413793103,97.81666666666665
345,22533,0.6125,0.22748749999999998,0.984652451511866,1.0,97.79213785675819
346,17280,0.125,0.31186250000000004,0.8462594868088182,0.6206896551724137,97.59999999999998
347,17964,0.6125,0.080703125,0.882231056499217,0.9655172413793103,97.49999999999999
348,3094,0.125,0.325859375,0.8049271172147935,1.0,97.4582660204631
349,4339,0.6125,0.2408875,0.9729671123960967,0.9655172413793103,97.31666666666665
350,4198,0.375,0.2384375,0.9629442235875195,0.48275862068965514,97.23577235772356
351,17997,0.6125,0.080703125,0.8960125286110107,0.6896551724137931,97.14285714285712
352,6214,0.875,0.240546875,0.9451270931213106,0.9655172413793103,97.13333333333331
353,18014,0.582775,0.0942875,0.9224189856643776,1.0,97.03823371028538
354,2778,0.125,0.10855624999999999,0.9325864353692326,0.9655172413793103,97.00833333333331
355,3232,0.3625,0.3125,0.8084809059149499,0.27586206896551724,96.99999999999999
356,3343,0.3625,0.12385312499999998,0.9653294783760993,0.3448275862068966,96.89090909090908
357,21278,0.6546875,0.24742187499999999,0.9534513913986267,0.3448275862068966,96.8181818181818
358,19960,0.5888625000000001,0.2665625,0.9406336585953499,0.6206896551724137,96.79999999999998
359,4336,0.6125,0.262071875,0.9472834598241175,1.0,96.68282175551964
360,21333,0.6487,0.244684375,0.9690278279725333,0.6206896551724137,96.29999999999998
361,4195,0.375,0.24490625000000002,0.9562703288760389,0.48275862068965514,96.27642276422763
362,21163,0.3625,0.24623750000000003,0.9673292374412721,0.48275862068965514,96.260162601626
363,5628,0.8625,0.24041562500000002,0.930333694735574,0.9655172413793103,96.19999999999999
364,22577,0.6487125,0.22280625,0.9757137694253704,1.0,96.17662897145932
365,19264,0.6125,0.09940625,0.9180821587760511,0.6206896551724137,96.12999999999998
366,5348,0.8625,0.262071875,0.9472834598241175,0.3448275862068966,96.0181818181818
367,6253,0.875,0.3125,0.8084809059149499,0.13793103448275862,95.99999999999999
368,16668,0.6125,0.058826875,0.8281652812914105,1.0,95.63812600969304
369,21279,0.625,0.24936250000000001,0.9511866040236115,0.9655172413793103,95.58333333333331
370,5348,0.8625,0.262071875,0.9472834598241175,0.48275862068965514,95.52032520325201
371,20012,0.8625,0.25253125,0.9599807252138296,0.6206896551724137,95.49999999999999
372,3765,0.375,0.13343750000000001,0.9629442235875195,0.3448275862068966,95.36363636363635
373,21314,0.625,0.24623750000000003,0.9673292374412721,1.0,95.31502423263326
374,21256,0.58885,0.2446875,0.9690157812311769,0.3448275862068966,95.09090909090908
375,4138,0.375,0.10290625,0.9368871220334899,0.6206896551724137,95.07999999999998
376,5353,0.8625,0.22643437500000002,0.9854234429586796,1.0,95.06731287022076
377,6230,0.875,0.215625,0.958089386820865,0.9655172413793103,95.01666666666665
378,17280,0.125,0.31186250000000004,0.8462594868088182,0.9655172413793103,94.99999999999999
379,3094,0.125,0.325859375,0.8049271172147935,0.27586206896551724,94.99999999999999
380,6233,0.875,0.215625,0.9800385495723407,0.9655172413793103,94.96666666666665
381,3308,0.3625,0.325428125,0.7905914950006022,1.0,94.77652127086697
382,19998,0.8625,0.25570312500000003,0.9432478014697024,0.6206896551724137,94.69999999999999
383,19272,0.375,0.09940625,0.9180821587760511,0.6206896551724137,94.49999999999999
384,6253,0.875,0.3125,0.8084809059149499,1.0,94.4534194938072
385,4141,0.375,0.0828125,0.9004216359474762,0.6206896551724137,94.39999999999998
386,22517,0.6125,0.22436249999999996,0.9746536561860017,1.0,94.37802907915992
387,3790,0.375,0.10855624999999999,0.9325864353692326,1.0,94.33494884221861
388,21199,0.6125,0.24936250000000001,0.9511866040236115,0.9655172413793103,94.08333333333331
389,4708,0.6125,0.146521875,0.9739549451873267,1.0,94.0764674205708
390,21250,0.5888,0.235378125,0.9781833514034453,1.0,94.02261712439416
391,21310,0.8625,0.24623750000000003,0.9673292374412721,0.9655172413793103,93.99999999999999
392,6253,0.875,0.3125,0.8084809059149499,0.0,93.99999999999999
393,6253,0.875,0.3125,0.8084809059149499,0.27586206896551724,93.99999999999999
394,20573,0.6125,0.1368625,0.9661366100469823,0.6206896551724137,93.99999999999999
395,19926,0.6125,0.25570312500000003,0.9432478014697024,0.6896551724137931,93.90977443609022
396,19951,0.5827625000000001,0.25448125,0.9575352367184676,0.48275862068965514,93.90243902439023
397,2871,0.125,0.309375,0.8320322852668354,0.13793103448275862,93.79999999999998
398,20023,0.8327625000000001,0.25448125,0.9575352367184676,0.3448275862068966,93.63636363636363
399,4229,0.375,0.3125,0.8084809059149499,0.3448275862068966,93.63636363636363
400,3094,0.125,0.325859375,0.8049271172147935,0.48275862068965514,93.57723577235771
401,4138,0.375,0.10290625,0.9368871220334899,0.3448275862068966,93.39090909090908
402,5241,0.625,0.3125,0.8084809059149499,0.3448275862068966,93.36363636363635
403,19870,0.3625,0.25253125,0.9599807252138296,0.48275862068965514,93.17073170731706
404,3343,0.3625,0.12385312499999998,0.9653294783760993,0.48275862068965514,93.17073170731706
405,17996,0.6125,0.0962375,0.9258523069509698,1.0,93.1610123855681
406,4358,0.6125,0.10290625,0.9368871220334899,0.3448275862068966,93.08181818181816
407,17986,0.375,0.0931125,0.9069871099867486,0.6896551724137931,93.00751879699247
408,4141,0.375,0.0828125,0.9004216359474762,0.3448275862068966,92.90909090909089
409,19949,0.4047375000000001,0.25448125,0.9575352367184676,0.48275862068965514,92.84552845528454
410,19919,0.398775,0.257215625,0.9412239489218166,0.6206896551724137,92.79999999999998
411,19265,0.5828875,0.10135000000000001,0.9213227322009396,0.6206896551724137,92.79999999999998
412,21307,0.8625,0.233828125,0.9795446331767256,1.0,92.62250942380182
413,3789,0.375,0.10201875,0.9224189856643776,0.48275862068965514,92.35772357723576
414,21194,0.33885,0.2446875,0.9690157812311769,0.6206896551724137,92.29999999999998
415,22588,0.8388375,0.2228125,0.9757137694253704,1.0,92.19170705438879
416,15868,0.144875,0.319459375,0.8246837730393927,0.9655172413793103,92.08333333333331
417,5301,0.8625,0.256696875,0.9419226599204914,0.3448275862068966,91.99999999999999
418,5256,0.8625,0.3125,0.8084809059149499,0.3448275862068966,91.99999999999999
419,19942,0.6125,0.26811250000000003,0.9382363570654136,0.6206896551724137,91.99999999999999
420,2220,0.1125,0.3125,0.8084809059149499,0.0,91.99999999999999
421,3125,0.125,0.109803125,0.9472834598241175,0.48275862068965514,91.95121951219511
422,16701,0.6125,0.058826875,0.8430309601252861,0.9655172413793103,91.91666666666666
423,4868,0.625,0.24041562500000002,0.930333694735574,1.0,91.87937533656434
424,4336,0.6125,0.262071875,0.9472834598241175,0.9655172413793103,91.63333333333333
425,16698,0.375,0.058780624999999996,0.8280327671364895,1.0,91.54550350026923
426,21199,0.6125,0.24936250000000001,0.9511866040236115,0.48275862068965514,91.21951219512194
427,19939,0.6125,0.25570312500000003,0.9559691603421274,0.6206896551724137,91.19999999999999
428,17963,0.6125,0.0931125,0.9069871099867486,0.6896551724137931,91.12781954887217
429,21271,0.8625,0.24936250000000001,0.9511866040236115,1.0,91.1147011308562
430,19832,0.3387875,0.25725312499999997,0.9411757619563906,0.48275862068965514,91.05691056910568
431,5256,0.8625,0.3125,0.8084809059149499,0.9655172413793103,90.95833333333331
432,6253,0.875,0.3125,0.8084809059149499,0.6206896551724137,90.89999999999998
433,21256,0.58885,0.2446875,0.9690157812311769,1.0,90.89929994614968
434,21279,0.625,0.24936250000000001,0.9511866040236115,1.0,90.89929994614968
435,19298,0.375,0.10253125,0.9362968317070233,0.3448275862068966,90.8181818181818
436,3859,0.375,0.246875,0.9468497771352848,0.6206896551724137,90.41999999999999
437,21165,0.3625,0.233828125,0.9795446331767256,1.0,90.3607969843834
438,4183,0.375,0.26331875,0.9325864353692326,0.8275862068965517,90.16111111111111
439,17999,0.375,0.0962375,0.9258523069509698,1.0,90.14539579967688
440,21333,0.6487,0.244684375,0.9690278279725333,0.3448275862068966,89.99999999999999
441,2220,0.1125,0.3125,0.8084809059149499,0.3448275862068966,89.90909090909089
442,3217,0.125,0.3125,0.8084809059149499,1.0,89.89768443726439
443,21200,0.5829,0.24742187499999999,0.9534513913986267,0.9655172413793103,89.83333333333331
444,18012,0.4048125000000001,0.0942875,0.9224189856643776,0.3448275862068966,89.8181818181818
445,3307,0.3625,0.321203125,0.8040477050957715,0.6206896551724137,89.79999999999998
446,21142,0.33290000000000003,0.24742187499999999,0.9534513913986267,0.6206896551724137,89.79999999999998
447,3765,0.375,0.13343750000000001,0.9629442235875195,0.48275862068965514,89.75609756097559
448,4289,0.6125,0.256696875,0.9419226599204914,0.9655172413793103,89.72499999999998
449,20021,0.6547375,0.25448125,0.9575352367184676,0.6206896551724137,89.69999999999999
450,17964,0.6125,0.080703125,0.882231056499217,0.6896551724137931,89.69924812030074
451,4283,0.6125,0.24490625000000002,0.9562703288760389,0.6206896551724137,89.62999999999998
452,19265,0.5828875,0.10135000000000001,0.9213227322009396,1.0,89.60689283791059
453,5241,0.625,0.3125,0.8084809059149499,0.9655172413793103,89.59999999999998
454,17280,0.125,0.31186250000000004,0.8462594868088182,0.3448275862068966,89.54545454545453
455,19951,0.5827625000000001,0.25448125,0.9575352367184676,0.9655172413793103,89.49999999999999
456,5629,0.8625,0.246875,0.9468497771352848,0.9655172413793103,89.48333333333332
457,19991,0.648775,0.257215625,0.9412239489218166,0.48275862068965514,89.34959349593494
458,19293,0.6125,0.102578125,0.936369112155162,0.6206896551724137,89.19999999999999
459,15867,0.16463125,0.32075624999999997,0.8208047223226117,1.0,89.17609046849756
460,21272,0.8329000000000001,0.24742187499999999,0.9534513913986267,0.6206896551724137,89.09999999999998
461,4672,0.6125,0.0838125,0.8888085772798457,0.6896551724137931,89.02255639097743
462,20517,0.3625,0.12445312500000001,0.9660040958920612,0.48275862068965514,88.94308943089429
463,5351,0.8625,0.2408875,0.9729671123960967,0.48275862068965514,88.94308943089429
464,19960,0.5888625000000001,0.2665625,0.9406336585953499,0.3448275862068966,88.72727272727272
465,3125,0.125,0.109803125,0.9472834598241175,0.6206896551724137,88.61999999999999
466,4283,0.6125,0.24490625000000002,0.9562703288760389,0.48275862068965514,88.53658536585364
467,4339,0.6125,0.2408875,0.9729671123960967,1.0,88.52988691437801
468,19920,0.375,0.25565625000000003,0.9433080351764848,0.6896551724137931,88.49624060150374
469,4277,0.6125,0.2384375,0.9629442235875195,0.48275862068965514,88.37398373983739
470,18014,0.582775,0.0942875,0.9224189856643776,0.3448275862068966,88.09090909090908
471,3314,0.3625,0.325859375,0.8049271172147935,0.13793103448275862,87.99999999999999
472,20012,0.8625,0.25253125,0.9599807252138296,0.3448275862068966,87.90909090909089
473,4290,0.6125,0.26331875,0.9325864353692326,1.0,87.90522347872911
474,3098,0.125,0.301878125,0.8718226719672328,0.6206896551724137,87.89999999999998
475,21199,0.6125,0.24936250000000001,0.9511866040236115,1.0,87.88368336025846
476,4283,0.6125,0.24490625000000002,0.9562703288760389,0.3448275862068966,87.88181818181816
477,21206,0.4046875,0.24742187499999999,0.9534513913986267,0.9655172413793103,87.74999999999999
478,2220,0.1125,0.3125,0.8084809059149499,0.9655172413793103,87.70833333333331
479,22576,0.625,0.22436249999999996,0.9746536561860017,0.9655172413793103,87.66666666666666
480,4244,0.6125,0.3125,0.8084809059149499,0.3448275862068966,87.63636363636363
481,21208,0.375,0.24623750000000003,0.9547885796891941,0.6206896551724137,87.59999999999998
482,2778,0.125,0.10855624999999999,0.9325864353692326,0.6896551724137931,87.57894736842104
483,4676,0.6125,0.090625,0.9023370678231537,0.9655172413793103,87.53333333333332
484,4337,0.6125,0.2550875,0.9567642452716538,0.48275862068965514,87.47967479674796
485,4182,0.375,0.256696875,0.9419226599204914,1.0,87.46365105008076
486,5256,0.8625,0.3125,0.8084809059149499,0.48275862068965514,87.39837398373983
487,3232,0.3625,0.3125,0.8084809059149499,0.3448275862068966,87.36363636363635
488,19293,0.6125,0.102578125,0.936369112155162,0.3448275862068966,87.36363636363635
489,19271,0.4046125,0.10135000000000001,0.9213227322009396,0.6206896551724137,87.29999999999998
490,21261,0.3987,0.244684375,0.9690278279725333,0.6206896551724137,87.29999999999998
491,3827,0.375,0.0464478125,0.7905914950006022,0.6206896551724137,87.14999999999998
492,19927,0.5887875,0.25725312499999997,0.9411757619563906,0.48275862068965514,87.07317073170731
493,19264,0.6125,0.09940625,0.9180821587760511,0.3448275862068966,87.0090909090909
494,18012,0.4048125000000001,0.0942875,0.9224189856643776,0.48275862068965514,86.99186991869918
495,4229,0.375,0.3125,0.8084809059149499,0.9655172413793103,86.95833333333331
496,5221,0.625,0.215625,0.9800385495723407,0.9655172413793103,86.93333333333332
497,4357,0.6125,0.109803125,0.9472834598241175,0.9655172413793103,86.90833333333332
498,21271,0.8625,0.24936250000000001,0.9511866040236115,0.9655172413793103,86.83333333333331
499,20560,0.375,0.1368625,0.9661366100469823,1.0,86.80667743672589
500,19998,0.8625,0.25570312500000003,0.9432478014697024,0.3448275862068966,86.72727272727272
501,19919,0.398775,0.257215625,0.9412239489218166,0.3448275862068966,86.72727272727272
502,4683,0.6125,0.10855624999999999,0.9325864353692326,0.8275862068965517,86.7
503,19942,0.6125,0.26811250000000003,0.9382363570654136,0.3448275862068966,86.45454545454544
504,3739,0.375,0.17785625,0.9873750150584266,0.9655172413793103,86.44166666666665
505,3859,0.375,0.246875,0.9468497771352848,0.3448275862068966,86.34545454545453
506,3308,0.3625,0.325428125,0.7905914950006022,0.6206896551724137,86.29999999999998
507,16706,0.375,0.058780624999999996,0.8428984459703649,0.48275862068965514,86.260162601626
508,18014,0.582775,0.0942875,0.9224189856643776,0.48275862068965514,86.260162601626
509,18002,0.375,0.08065625,0.8959161546801591,0.9655172413793103,86.16666666666666
510,21333,0.6487,0.244684375,0.9690278279725333,1.0,86.16047388260634
511,19939,0.6125,0.25570312500000003,0.9559691603421274,0.48275862068965514,86.09756097560974
512,19939,0.6125,0.25570312500000003,0.9559691603421274,0.3448275862068966,86.09090909090908
513,19881,0.15474125,0.25448125,0.9575352367184676,0.6206896551724137,85.99999999999999
514,19272,0.375,0.09940625,0.9180821587760511,1.0,85.94507269789982
515,5241,0.625,0.3125,0.8084809059149499,0.48275862068965514,85.77235772357723
516,19911,0.375,0.2712375,0.9201421515480062,0.6206896551724137,85.72999999999999
517,21194,0.33885,0.2446875,0.9690157812311769,0.3448275862068966,85.72727272727272
518,4229,0.375,0.3125,0.8084809059149499,0.48275862068965514,85.52845528455283
519,4625,0.6125,0.09375,0.9014576557041319,0.6206896551724137,85.48999999999998
520,6210,0.875,0.21875,0.9338392964703047,1.0,85.3957996768982
521,21207,0.375,0.24936250000000001,0.9511866040236115,0.9655172413793103,85.24999999999999
522,21226,0.6125,0.23065625,0.9698831466088423,0.9655172413793103,85.16666666666666
523,4682,0.6125,0.10201875,0.9224189856643776,0.48275862068965514,85.15447154471543
524,4119,0.375,0.2408875,0.9729671123960967,0.9655172413793103,85.14166666666665
525,4337,0.6125,0.2550875,0.9567642452716538,0.6206896551724137,85.09999999999998
526,17280,0.125,0.31186250000000004,0.8462594868088182,0.6896551724137931,85.0375939849624
527,4119,0.375,0.2408875,0.9729671123960967,0.6896551724137931,84.86466165413533
528,2877,0.125,0.309375,0.7682568365257197,1.0,84.8465266558966
529,21256,0.58885,0.2446875,0.9690157812311769,0.9655172413793103,84.83333333333331
530,21221,0.6125,0.24623750000000003,0.9547885796891941,0.6206896551724137,84.79999999999998
531,20573,0.6125,0.1368625,0.9661366100469823,0.48275862068965514,84.79674796747966
532,6215,0.875,0.2361875,0.9339838573665823,1.0,84.79267635971996
533,21208,0.375,0.24623750000000003,0.9547885796891941,0.48275862068965514,84.47154471544714
534,19951,0.5827625000000001,0.25448125,0.9575352367184676,1.0,84.4372644049542
535,19946,0.375,0.26811250000000003,0.9382363570654136,0.48275862068965514,84.30894308943088
536,20517,0.3625,0.12445312500000001,0.9660040958920612,0.6206896551724137,84.29999999999998
537,4339,0.6125,0.2408875,0.9729671123960967,0.6896551724137931,84.2406015037594
538,21208,0.375,0.24623750000000003,0.9547885796891941,0.3448275862068966,84.09090909090908
539,19272,0.375,0.09940625,0.9180821587760511,0.3448275862068966,84.09090909090908
540,3171,0.125,0.26331875,0.9325864353692326,0.6206896551724137,84.02999999999999
541,4326,0.6125,0.325859375,0.8049271172147935,0.13793103448275862,83.99999999999999
542,4289,0.6125,0.256696875,0.9419226599204914,0.6896551724137931,83.97744360902254
543,4182,0.375,0.256696875,0.9419226599204914,0.9655172413793103,83.975
544,16701,0.6125,0.058826875,0.8430309601252861,0.6896551724137931,83.90977443609022
545,19271,0.4046125,0.10135000000000001,0.9213227322009396,1.0,83.79106085083467
546,3125,0.125,0.109803125,0.9472834598241175,0.3448275862068966,83.74545454545454
547,5301,0.8625,0.256696875,0.9419226599204914,1.0,83.73721055465803
548,21142,0.33290000000000003,0.24742187499999999,0.9534513913986267,0.3448275862068966,83.72727272727272
549,19265,0.5828875,0.10135000000000001,0.9213227322009396,0.3448275862068966,83.72727272727272
550,21200,0.5829,0.24742187499999999,0.9534513913986267,1.0,83.6833602584814
551,21271,0.8625,0.24936250000000001,0.9511866040236115,0.6206896551724137,83.59999999999998
552,19903,0.6125,0.2712375,0.9201421515480062,0.6206896551724137,83.50999999999999
553,21310,0.8625,0.24623750000000003,0.9673292374412721,0.6206896551724137,83.49999999999999
554,5301,0.8625,0.256696875,0.9419226599204914,0.48275862068965514,83.49593495934958
555,8076,0.3625,0.46875,0.7490784242862305,0.9655172413793103,83.44116666666666
556,21199,0.6125,0.24936250000000001,0.9511866040236115,0.6896551724137931,83.38345864661653
557,17262,0.125,0.31186250000000004,0.831478135164438,1.0,83.36025848142164
558,17994,0.375,0.08065625,0.8821346825683652,0.9655172413793103,83.27499999999999
559,19264,0.6125,0.09940625,0.9180821587760511,1.0,83.25255788906837
560,21221,0.6125,0.24623750000000003,0.9547885796891941,0.48275862068965514,83.25203252032519
561,21333,0.6487,0.244684375,0.9690278279725333,0.9655172413793103,83.24999999999999
562,19831,0.3625,0.25570312500000003,0.9432478014697024,0.6206896551724137,83.19999999999999
563,15868,0.144875,0.319459375,0.8246837730393927,0.6896551724137931,83.1578947368421
564,19940,0.6125,0.25253125,0.9599807252138296,0.48275862068965514,83.08943089430893
565,5302,0.8625,0.26331875,0.9325864353692326,1.0,83.05869682283252
566,20021,0.6547375,0.25448125,0.9575352367184676,0.3448275862068966,82.99999999999999
567,20573,0.6125,0.1368625,0.9661366100469823,0.3448275862068966,82.90909090909089
568,19944,0.375,0.25253125,0.9599807252138296,0.48275862068965514,82.76422764227641
569,17997,0.6125,0.080703125,0.8960125286110107,0.8275862068965517,82.72222222222223
570,3216,0.125,0.3125,0.7872545476448619,0.27586206896551724,82.59999999999998
571,19939,0.6125,0.25570312500000003,0.9559691603421274,0.9655172413793103,82.58333333333331
572,4358,0.6125,0.10290625,0.9368871220334899,0.6206896551724137,82.49999999999999
573,19272,0.375,0.09940625,0.9180821587760511,0.48275862068965514,82.43902439024389
574,3827,0.375,0.0464478125,0.7905914950006022,1.0,82.43403338718362
575,3126,0.125,0.10290625,0.9368871220334899,1.0,82.40172320947764
576,19910,0.40466250000000004,0.269296875,0.9233224912661124,0.6206896551724137,82.29999999999998
577,5221,0.625,0.215625,0.9800385495723407,1.0,82.2617124394184
578,3126,0.125,0.10290625,0.9368871220334899,0.48275862068965514,82.21138211382113
579,21272,0.8329000000000001,0.24742187499999999,0.9534513913986267,0.3448275862068966,82.18181818181817
580,16706,0.375,0.058780624999999996,0.8428984459703649,0.9655172413793103,82.16666666666666
581,3789,0.375,0.10201875,0.9224189856643776,0.6206896551724137,82.11999999999999
582,4229,0.375,0.3125,0.8084809059149499,0.13793103448275862,81.99999999999999
583,2302,0.1125,0.325859375,0.8049271172147935,0.13793103448275862,81.99999999999999
584,21222,0.6125,0.233828125,0.9671967232863511,1.0,81.96015078082928
585,19940,0.6125,0.25253125,0.9599807252138296,0.9655172413793103,81.91666666666666
586,21250,0.5888,0.235378125,0.9781833514034453,0.9655172413793103,81.91666666666666
587,4708,0.6125,0.146521875,0.9739549451873267,0.48275862068965514,81.91056910569104
588,19965,0.3986875,0.26655937500000004,0.9406457053367063,0.6206896551724137,81.89999999999999
589,3104,0.125,0.262071875,0.9472834598241175,0.6206896551724137,81.82999999999998
590,19265,0.5828875,0.10135000000000001,0.9213227322009396,0.48275862068965514,81.78861788617886
591,21261,0.3987,0.244684375,0.9690278279725333,0.3448275862068966,81.72727272727272
592,19939,0.6125,0.25570312500000003,0.9559691603421274,1.0,81.6370490037695
593,2532,0.1125,0.3125,0.62643055053608,1.0,81.5939687668282
594,3343,0.3625,0.12385312499999998,0.9653294783760993,1.0,81.5508885298869
595,21278,0.6546875,0.24742187499999999,0.9534513913986267,0.48275862068965514,81.54471544715446
596,21200,0.5829,0.24742187499999999,0.9534513913986267,0.6896551724137931,81.50375939849623
597,6199,0.875,0.25,0.9282857487049753,1.0,81.46472805600429
598,21206,0.4046875,0.24742187499999999,0.9534513913986267,1.0,81.31394722670973
599,22609,0.625,0.22748749999999998,0.984652451511866,1.0,81.20624663435648
600,4290,0.6125,0.26331875,0.9325864353692326,0.8275862068965517,81.17777777777778
601,19944,0.375,0.25253125,0.9599807252138296,0.9655172413793103,81.16666666666666
602,5338,0.8625,0.325859375,0.8049271172147935,0.13793103448275862,80.99999999999999
603,21207,0.375,0.24936250000000001,0.9511866040236115,0.48275862068965514,80.97560975609755
604,19992,0.625,0.25565625000000003,0.9433080351764848,0.48275862068965514,80.89430894308941
605,21207,0.375,0.24936250000000001,0.9511866040236115,1.0,80.8831448572967
606,5241,0.625,0.3125,0.8084809059149499,0.6896551724137931,80.86466165413533
607,21279,0.625,0.24936250000000001,0.9511866040236115,0.6896551724137931,80.82706766917292
608,15127,0.3949125,0.05118625,0.8056499216961811,0.6206896551724137,80.69999999999999
609,20023,0.8327625000000001,0.25448125,0.9575352367184676,0.48275862068965514,80.65040650406503
610,4244,0.6125,0.3125,0.8084809059149499,0.48275862068965514,80.65040650406503
611,4115,0.375,0.26896875,0.9368871220334899,0.6206896551724137,80.59999999999998
612,20517,0.3625,0.12445312500000001,0.9660040958920612,0.3448275862068966,80.54545454545453
613,3789,0.375,0.10201875,0.9224189856643776,0.3448275862068966,80.40909090909089
614,4337,0.6125,0.2550875,0.9567642452716538,0.3448275862068966,80.36363636363635
615,5695,0.8625,0.10855624999999999,0.9325864353692326,1.0,80.33387183629509
616,6140,0.875,0.262071875,0.9472834598241175,0.9655172413793103,80.31666666666665
617,19904,0.582925,0.269296875,0.9233224912661124,0.6206896551724137,80.29999999999998
618,22590,0.8625,0.21195312500000002,0.9818817009998795,1.0,80.23694130317715
619,19920,0.375,0.25565625000000003,0.9433080351764848,0.9655172413793103,80.16666666666666
620,19943,0.375,0.25565625000000003,0.9560293940489097,0.48275862068965514,80.08130081300811
621,5944,0.875,0.3125,0.62643055053608,0.13793103448275862,79.99999999999999
622,5941,0.875,0.3125,0.6508384531984098,0.13793103448275862,79.99999999999999
623,4932,0.625,0.3125,0.62643055053608,0.13793103448275862,79.99999999999999
624,21221,0.6125,0.24623750000000003,0.9547885796891941,0.3448275862068966,79.90909090909089
625,20037,0.6486875000000001,0.26655937500000004,0.9406457053367063,0.6206896551724137,79.69999999999999
626,21206,0.4046875,0.24742187499999999,0.9534513913986267,0.6896551724137931,79.69924812030074
627,4871,0.625,0.246875,0.9468497771352848,1.0,79.6338179859989
628,3098,0.125,0.301878125,0.8718226719672328,0.3448275862068966,79.45454545454544
629,21207,0.375,0.24936250000000001,0.9511866040236115,0.6896551724137931,79.39849624060149
630,4625,0.6125,0.09375,0.9014576557041319,0.3448275862068966,79.39090909090908
631,21306,0.625,0.23065625,0.9698831466088423,1.0,79.37533656435109
632,3216,0.125,0.3125,0.7872545476448619,0.6206896551724137,79.29999999999998
633,19881,0.15474125,0.25448125,0.9575352367184676,0.3448275862068966,79.27272727272727
634,21259,0.3987625,0.235340625,0.9782194916275146,1.0,79.26763597199783
635,3171,0.125,0.26331875,0.9325864353692326,0.3448275862068966,79.26363636363635
636,4357,0.6125,0.109803125,0.9472834598241175,0.6896551724137931,79.1954887218045
637,5695,0.8625,0.10855624999999999,0.9325864353692326,0.48275862068965514,79.18699186991869
638,6253,0.875,0.3125,0.8084809059149499,0.3448275862068966,79.18181818181817
639,19831,0.3625,0.25570312500000003,0.9432478014697024,0.3448275862068966,79.09090909090908
640,17986,0.375,0.0931125,0.9069871099867486,0.8275862068965517,79.05555555555556
641,2302,0.1125,0.325859375,0.8049271172147935,1.0,79.05223478729131
642,21336,0.71415,0.24353125000000003,0.970244548849536,1.0,79.05223478729131
643,3216,0.125,0.3125,0.7872545476448619,0.13793103448275862,78.99999999999999
644,3827,0.375,0.0464478125,0.7905914950006022,0.3448275862068966,78.92727272727271
645,21141,0.3625,0.24936250000000001,0.9511866040236115,0.9655172413793103,78.91666666666666
646,3307,0.3625,0.321203125,0.8040477050957715,0.3448275862068966,78.90909090909089
647,19943,0.375,0.25565625000000003,0.9560293940489097,0.6206896551724137,78.89999999999999
648,4676,0.6125,0.090625,0.9023370678231537,0.6896551724137931,78.89473684210525
649,18000,0.375,0.0931125,0.9203228526683531,1.0,78.8368336025848
650,3232,0.3625,0.3125,0.8084809059149499,0.48275862068965514,78.69918699186991
651,21256,0.58885,0.2446875,0.9690157812311769,0.48275862068965514,78.69918699186991
652,19271,0.4046125,0.10135000000000001,0.9213227322009396,0.3448275862068966,78.54545454545453
653,2220,0.1125,0.3125,0.8084809059149499,0.48275862068965514,78.53658536585365
654,19874,0.125,0.25253125,0.9599807252138296,0.6206896551724137,78.49999999999999
655,3766,0.375,0.139959375,0.96883508011083,1.0,78.40603123317177
656,19252,0.3388625,0.104121875,0.9388025539091676,0.6206896551724137,78.39999999999999
657,21141,0.3625,0.24936250000000001,0.9511866040236115,0.6896551724137931,78.34586466165412
658,6232,0.875,0.215625,0.9141910613179135,1.0,78.32740980075388
659,19911,0.375,0.2712375,0.9201421515480062,0.3448275862068966,78.3181818181818
660,3307,0.3625,0.321203125,0.8040477050957715,1.0,78.2983306408185
661,5256,0.8625,0.3125,0.8084809059149499,0.6896551724137931,78.23308270676691
662,19870,0.3625,0.25253125,0.9599807252138296,1.0,78.19063004846525
663,20560,0.375,0.1368625,0.9661366100469823,0.9655172413793103,78.16666666666666
664,19875,0.33276249999999996,0.25448125,0.9575352367184676,0.6206896551724137,78.09999999999998
665,21238,0.6125,0.24623750000000003,0.9673292374412721,1.0,78.082929456112
666,15233,0.625,0.04936375,0.8154559691603421,0.6206896551724137,77.99999999999999
667,4708,0.6125,0.146521875,0.9739549451873267,0.9655172413793103,77.95833333333333
668,18012,0.4048125000000001,0.0942875,0.9224189856643776,0.9655172413793103,77.91666666666666
669,19898,0.3388625,0.2665625,0.9406336585953499,0.6206896551724137,77.89999999999999
670,3813,0.375,0.068996875,0.8251897361763642,0.6206896551724137,77.88999999999999
671,19271,0.4046125,0.10135000000000001,0.9213227322009396,0.48275862068965514,77.88617886178861
672,21242,0.375,0.24623750000000003,0.9673292374412721,0.6896551724137931,77.81954887218043
673,4682,0.6125,0.10201875,0.9224189856643776,1.0,77.81367797522884
674,2306,0.1125,0.301878125,0.8718226719672328,1.0,77.75982767905222
675,2220,0.1125,0.3125,0.8084809059149499,0.6896551724137931,77.73684210526315
676,5131,0.625,0.2408875,0.9729671123960967,0.9655172413793103,77.67499999999998
677,19944,0.375,0.25253125,0.9599807252138296,1.0,77.65212708669897
678,19944,0.375,0.25253125,0.9599807252138296,0.6896551724137931,77.593984962406
679,4140,0.375,0.089403125,0.9134441633538127,1.0,77.55519655358103
680,18002,0.375,0.08065625,0.8959161546801591,0.6896551724137931,77.44360902255639
681,3104,0.125,0.262071875,0.9472834598241175,0.48275862068965514,77.39837398373983
682,4229,0.375,0.3125,0.8084809059149499,0.6896551724137931,77.34586466165412
683,18058,0.625,0.0931125,0.9069871099867486,0.6206896551724137,77.29999999999998
684,21278,0.6546875,0.24742187499999999,0.9534513913986267,0.9655172413793103,77.24999999999999
685,22584,0.625,0.21190625000000002,0.9819057944825923,1.0,77.22132471728592
686,17262,0.125,0.31186250000000004,0.831478135164438,0.6206896551724137,77.19999999999999
687,2779,0.125,0.11517812499999999,0.9419226599204914,0.48275862068965514,77.17886178861788
688,21238,0.6125,0.24623750000000003,0.9673292374412721,0.9655172413793103,77.16666666666666
689,19940,0.6125,0.25253125,0.9599807252138296,0.6896551724137931,77.14285714285714
690,4871,0.625,0.246875,0.9468497771352848,0.9655172413793103,77.09166666666665
691,21271,0.8625,0.24936250000000001,0.9511866040236115,0.3448275862068966,77.09090909090908
692,21310,0.8625,0.24623750000000003,0.9673292374412721,0.3448275862068966,77.09090909090908
693,20663,0.625,0.12440625000000001,0.9659559089266353,0.48275862068965514,77.07317073170731
694,4134,0.375,0.13098749999999998,0.9729671123960967,0.6206896551724137,77.03999999999999
695,2302,0.1125,0.325859375,0.8049271172147935,0.27586206896551724,76.99999999999999
696,20035,0.648775,0.257215625,0.953981448018311,0.9655172413793103,76.91666666666666
697,19903,0.6125,0.2712375,0.9201421515480062,0.3448275862068966,76.88181818181818
698,5353,0.8625,0.22643437500000002,0.9854234429586796,0.9655172413793103,76.86666666666666
699,5276,0.8625,0.215625,0.9141910613179135,1.0,76.86591276252018
700,16699,0.6125,0.0712375,0.8747861703409228,0.6206896551724137,76.79999999999998
701,22567,0.8625,0.22748749999999998,0.97237682206963,1.0,76.57512116316639
702,19960,0.5888625000000001,0.2665625,0.9406336585953499,0.48275862068965514,76.50406504065039
703,21233,0.404725,0.23260625,0.9682568365257197,1.0,76.35971997845986
704,18077,0.648675,0.082209375,0.899168774846404,1.0,76.35971997845986
705,22516,0.5888375,0.2228125,0.9757137694253704,1.0,76.35971997845986
706,17964,0.6125,0.080703125,0.882231056499217,0.8275862068965517,76.33333333333333
707,18014,0.582775,0.0942875,0.9224189856643776,0.9655172413793103,76.33333333333333
708,4672,0.6125,0.0838125,0.8888085772798457,0.8275862068965517,76.27222222222223
709,3216,0.125,0.3125,0.7872545476448619,1.0,76.26278944534194
710,20035,0.648775,0.257215625,0.953981448018311,1.0,76.25201938610661
711,17956,0.338875,0.082246875,0.8992410552945428,1.0,76.25201938610661
712,17994,0.375,0.08065625,0.8821346825683652,0.6896551724137931,76.18045112781954
713,19965,0.3986875,0.26655937500000004,0.9406457053367063,0.3448275862068966,76.09090909090908
714,19870,0.3625,0.25253125,0.9599807252138296,0.9655172413793103,76.08333333333333
715,3104,0.125,0.262071875,0.9472834598241175,0.3448275862068966,76.05454545454545
716,4617,0.6125,0.246875,0.9468497771352848,0.6206896551724137,76.00999999999999
717,3232,0.3625,0.3125,0.8084809059149499,0.13793103448275862,75.99999999999999
718,5257,0.8625,0.3125,0.7872545476448619,0.13793103448275862,75.99999999999999
719,17261,0.12499999999999992,0.29940625,0.8635586073966991,0.13793103448275862,75.99999999999999
720,21194,0.33885,0.2446875,0.9690157812311769,1.0,75.82121701669358
721,6232,0.875,0.215625,0.9141910613179135,0.9655172413793103,75.78999999999999
722,2779,0.125,0.11517812499999999,0.9419226599204914,0.6206896551724137,75.62999999999998
723,21141,0.3625,0.24936250000000001,0.9511866040236115,1.0,75.60581583198706
724,4737,0.6125,0.17785625,0.9873750150584266,0.9655172413793103,75.57499999999999
725,19943,0.375,0.25565625000000003,0.9560293940489097,0.3448275862068966,75.54545454545453
726,3308,0.3625,0.325428125,0.7905914950006022,0.3448275862068966,75.54545454545453
727,5209,0.625,0.231915625,0.96883508011083,1.0,75.46580506192782
728,18058,0.625,0.0931125,0.9069871099867486,1.0,75.39041464728055
729,18059,0.6487875,0.091553125,0.9040958920611974,1.0,75.39041464728055
730,16706,0.375,0.058780624999999996,0.8428984459703649,0.6896551724137931,75.33834586466165
731,15867,0.16463125,0.32075624999999997,0.8208047223226117,0.6206896551724137,75.29999999999998
732,19910,0.40466250000000004,0.269296875,0.9233224912661124,0.3448275862068966,75.27272727272727
733,17963,0.6125,0.0931125,0.9069871099867486,0.8275862068965517,75.22222222222223
734,3827,0.375,0.0464478125,0.7905914950006022,0.48275862068965514,75.20325203252031
735,19252,0.3388625,0.104121875,0.9388025539091676,1.0,75.17501346257403
736,21142,0.33290000000000003,0.24742187499999999,0.9534513913986267,0.48275862068965514,75.12195121951218
737,19298,0.375,0.10253125,0.9362968317070233,1.0,75.06731287022077
738,19951,0.5827625000000001,0.25448125,0.9575352367184676,0.6896551724137931,75.0375939849624
739,3783,0.375,0.09556875000000001,0.9114323575472835,1.0,75.0350026925148
740,6145,0.875,0.22643437500000002,0.9854234429586796,1.0,75.00269251480881
741,5944,0.875,0.3125,0.62643055053608,0.0,74.99999999999999
742,5596,0.8625,0.309375,0.7682568365257197,0.13793103448275862,74.99999999999999
743,2877,0.125,0.309375,0.7682568365257197,0.27586206896551724,74.99999999999999
744,18059,0.6487875,0.091553125,0.9040958920611974,0.6206896551724137,74.89999999999999
745,21238,0.6125,0.24623750000000003,0.9673292374412721,0.6896551724137931,74.88721804511277
746,21333,0.6487,0.244684375,0.9690278279725333,0.48275862068965514,74.87804878048779
747,3217,0.125,0.3125,0.8084809059149499,0.9655172413793103,74.85833333333332
748,21278,0.6546875,0.24742187499999999,0.9534513913986267,1.0,74.85191168551425
749,21194,0.33885,0.2446875,0.9690157812311769,0.48275862068965514,74.79674796747966
750,4187,0.375,0.21875,0.9560534875316226,1.0,74.71190091545502
751,2905,0.125,0.3125,0.6508384531984098,1.0,74.70113085621969
752,19373,0.6486875000000001,0.104084375,0.9387423202023851,0.6206896551724137,74.69999999999999
753,21222,0.6125,0.233828125,0.9671967232863511,0.9655172413793103,74.58333333333333
754,19919,0.398775,0.257215625,0.9412239489218166,0.48275862068965514,74.55284552845528
755,15842,0.3625,0.321328125,0.8036742561137211,1.0,74.52880990845448
756,15101,0.59265,0.05118625,0.8056499216961811,0.6206896551724137,74.39999999999999
757,19264,0.6125,0.09940625,0.9180821587760511,0.48275862068965514,74.39837398373983
758,3171,0.125,0.26331875,0.9325864353692326,0.48275862068965514,74.39024390243901
759,21272,0.8329000000000001,0.24742187499999999,0.9534513913986267,0.9655172413793103,74.33333333333333
760,15127,0.3949125,0.05118625,0.8056499216961811,1.0,74.31340872374797
761,4706,0.6125,0.13343750000000001,0.9629442235875195,0.6206896551724137,74.29999999999998
762,17984,0.4048125000000001,0.0942875,0.909131429948199,0.6206896551724137,74.29999999999998
763,22567,0.8625,0.22748749999999998,0.97237682206963,0.9655172413793103,74.24999999999999
764,19920,0.375,0.25565625000000003,0.9433080351764848,1.0,74.09800753904145
765,2779,0.125,0.11517812499999999,0.9419226599204914,0.3448275862068966,74.09090909090908
766,19881,0.15474125,0.25448125,0.9575352367184676,0.48275862068965514,74.06504065040649
767,19317,0.5828875,0.10135000000000001,0.9344054933140584,1.0,73.9903069466882
768,21272,0.8329000000000001,0.24742187499999999,0.9534513913986267,1.0,73.9903069466882
769,17984,0.4048125000000001,0.0942875,0.909131429948199,1.0,73.9903069466882
770,19949,0.4047375000000001,0.25448125,0.9575352367184676,0.6896551724137931,73.90977443609022
771,20037,0.6486875000000001,0.26655937500000004,0.9406457053367063,0.3448275862068966,73.90909090909089
772,2299,0.1125,0.3336,0.762462353933261,1.0,73.88260635433494
773,19904,0.582925,0.269296875,0.9233224912661124,0.3448275862068966,73.81818181818181
774,3813,0.375,0.068996875,0.8251897361763642,1.0,73.81798599892298
775,6253,0.875,0.3125,0.8084809059149499,0.9655172413793103,73.74999999999999
776,16699,0.6125,0.0712375,0.8747861703409228,0.48275862068965514,73.73983739837398
777,21242,0.375,0.24623750000000003,0.9673292374412721,0.9655172413793103,73.66666666666666
778,15127,0.3949125,0.05118625,0.8056499216961811,0.3448275862068966,73.63636363636363
779,4660,0.6125,0.068996875,0.8251897361763642,0.6206896551724137,73.61999999999999
780,19221,0.3625,0.102578125,0.936369112155162,0.48275862068965514,73.57723577235771
781,19926,0.6125,0.25570312500000003,0.9432478014697024,0.8275862068965517,73.5
782,18630,0.6125,0.277578125,0.9091555234309118,0.6206896551724137,73.49999999999999
783,4339,0.6125,0.2408875,0.9729671123960967,0.8275862068965517,73.41666666666667
784,17280,0.125,0.31186250000000004,0.8462594868088182,0.48275862068965514,73.41463414634146
785,17995,0.6125,0.0931125,0.9203228526683531,1.0,73.34410339256864
786,21330,0.672475,0.236896875,0.9767979761474521,1.0,73.34410339256864
787,19317,0.5828875,0.10135000000000001,0.9344054933140584,0.6206896551724137,73.19999999999999
788,6253,0.875,0.3125,0.8084809059149499,0.48275862068965514,73.08943089430893
789,4118,0.375,0.248021875,0.9653294783760993,0.6206896551724137,73.07
790,17894,0.33876249999999997,0.09155624999999999,0.9040958920611974,1.0,73.02100161550887
791,5338,0.8625,0.325859375,0.8049271172147935,0.0,72.99999999999999
792,2296,0.1125,0.325428125,0.7905914950006022,0.13793103448275862,72.99999999999999
793,4326,0.6125,0.325859375,0.8049271172147935,0.0,72.99999999999999
794,16704,0.375,0.0712375,0.8747861703409228,0.48275862068965514,72.92682926829268
795,19874,0.125,0.25253125,0.9599807252138296,0.3448275862068966,72.90909090909089
796,18535,0.3625,0.277578125,0.9091555234309118,0.6206896551724137,72.89999999999999
797,5147,0.625,0.12385312499999998,0.9653294783760993,1.0,72.79483037156703
798,4351,0.6125,0.15274062500000002,0.9902300927599084,0.6206896551724137,72.71999999999998
799,16704,0.375,0.0712375,0.8747861703409228,0.6206896551724137,72.69999999999999
800,17894,0.33876249999999997,0.09155624999999999,0.9040958920611974,0.6206896551724137,72.69999999999999
801,2307,0.1125,0.29553124999999997,0.8865317431634743,1.0,72.6978998384491
802,3307,0.3625,0.321203125,0.8040477050957715,0.48275862068965514,72.68292682926828
803,19252,0.3388625,0.104121875,0.9388025539091676,0.48275862068965514,72.68292682926828
804,21280,0.625,0.24623750000000003,0.9547885796891941,0.9655172413793103,72.66666666666666
805,16699,0.6125,0.0712375,0.8747861703409228,0.3448275862068966,72.63636363636363
806,4351,0.6125,0.15274062500000002,0.9902300927599084,0.3448275862068966,72.63636363636363
807,3308,0.3625,0.325428125,0.7905914950006022,0.9655172413793103,72.62499999999999
808,19875,0.33276249999999996,0.25448125,0.9575352367184676,0.3448275862068966,72.54545454545453
809,19940,0.6125,0.25253125,0.9599807252138296,1.0,72.48249865374258
810,5296,0.8625,0.21875,0.978279725334297,1.0,72.38556812062465
811,4660,0.6125,0.068996875,0.8251897361763642,1.0,72.37479806138933
812,19832,0.3387875,0.25725312499999997,0.9411757619563906,0.9655172413793103,72.33333333333333
813,5207,0.625,0.24490625000000002,0.9562703288760389,0.6206896551724137,72.23999999999998
814,4134,0.375,0.13098749999999998,0.9729671123960967,0.3448275862068966,72.17272727272726
815,22588,0.8388375,0.2228125,0.9757137694253704,0.9655172413793103,72.16666666666666
816,15127,0.3949125,0.05118625,0.8056499216961811,0.48275862068965514,72.11382113821138
817,20560,0.375,0.1368625,0.9661366100469823,0.6896551724137931,72.10526315789473
818,4708,0.6125,0.146521875,0.9739549451873267,0.6896551724137931,72.08270676691728
819,17290,0.1486475,0.3103125,0.8504397060595108,1.0,72.05169628432955
820,5941,0.875,0.3125,0.6508384531984098,0.0,71.99999999999999
821,5562,0.8625,0.309375,0.7059462715335502,0.13793103448275862,71.99999999999999
822,5338,0.8625,0.325859375,0.8049271172147935,0.27586206896551724,71.99999999999999
823,2532,0.1125,0.3125,0.62643055053608,0.6206896551724137,71.99999999999999
824,4584,0.6125,0.309375,0.7682568365257197,0.13793103448275862,71.99999999999999
825,20012,0.8625,0.25253125,0.9599807252138296,0.48275862068965514,71.95121951219511
826,4282,0.6125,0.240546875,0.9451270931213106,1.0,71.9439956919763
827,4115,0.375,0.26896875,0.9368871220334899,0.3448275862068966,71.90909090909089
828,2531,0.1125,0.3125,0.6508384531984098,1.0,71.90091545503499
829,19898,0.3388625,0.2665625,0.9406336585953499,0.3448275862068966,71.81818181818181
830,21194,0.33885,0.2446875,0.9690157812311769,0.9655172413793103,71.74999999999999
831,20016,0.625,0.25253125,0.9599807252138296,0.6896551724137931,71.72932330827066
832,2302,0.1125,0.325859375,0.8049271172147935,0.6206896551724137,71.69999999999999
833,2868,0.125,0.302878125,0.8251897361763642,0.0,71.59999999999998
834,19296,0.375,0.11498749999999999,0.9544151307071437,0.48275862068965514,71.54471544715446
835,3098,0.125,0.301878125,0.8718226719672328,0.48275862068965514,71.54471544715446
836,20016,0.625,0.25253125,0.9599807252138296,0.9655172413793103,71.41666666666666
837,19265,0.5828875,0.10135000000000001,0.9213227322009396,0.9655172413793103,71.41666666666666
838,19373,0.6486875000000001,0.104084375,0.9387423202023851,1.0,71.40549273021
839,19370,0.625,0.10253125,0.9362968317070233,0.6206896551724137,71.39999999999999
840,5194,0.625,0.256696875,0.9419226599204914,1.0,71.36241249326869
841,17978,0.582775,0.0942875,0.909131429948199,0.6206896551724137,71.29999999999998
842,3279,0.3625,0.26985625,0.9224189856643776,0.6206896551724137,71.26999999999998
843,19221,0.3625,0.102578125,0.936369112155162,0.6206896551724137,71.19999999999999
844,4336,0.6125,0.262071875,0.9472834598241175,0.6896551724137931,71.18796992481202
845,4352,0.6125,0.145440625,0.9854234429586796,0.48275862068965514,71.13821138211381
846,22517,0.6125,0.22436249999999996,0.9746536561860017,0.9655172413793103,71.06666666666666
847,19317,0.5828875,0.10135000000000001,0.9344054933140584,0.48275862068965514,71.05691056910568
848,15233,0.625,0.04936375,0.8154559691603421,0.48275862068965514,71.05691056910568
849,18012,0.4048125000000001,0.0942875,0.9224189856643776,0.6896551724137931,71.05263157894736
850,4932,0.625,0.3125,0.62643055053608,0.0,70.99999999999999
851,4929,0.625,0.3125,0.6508384531984098,0.0,70.99999999999999
852,5301,0.8625,0.256696875,0.9419226599204914,0.9655172413793103,70.99166666666666
853,21159,0.3625,0.23065625,0.9698831466088423,1.0,70.97469036079697
854,17978,0.582775,0.0942875,0.909131429948199,1.0,70.97469036079697
855,3827,0.375,0.0464478125,0.7905914950006022,0.9655172413793103,70.94999999999999
856,2221,0.1125,0.3125,0.7872545476448619,1.0,70.91007000538501
857,15233,0.625,0.04936375,0.8154559691603421,0.3448275862068966,70.90909090909089
858,3859,0.375,0.246875,0.9468497771352848,0.9655172413793103,70.86666666666666
859,3813,0.375,0.068996875,0.8251897361763642,0.3448275862068966,70.76363636363635
860,4617,0.6125,0.246875,0.9468497771352848,0.3448275862068966,70.76363636363635
861,4182,0.375,0.256696875,0.9419226599204914,0.6896551724137931,70.72932330827066
862,19301,0.3986875,0.104084375,0.9387423202023851,0.6206896551724137,70.69999999999999
863,19949,0.4047375000000001,0.25448125,0.9575352367184676,0.9655172413793103,70.66666666666666
864,22533,0.6125,0.22748749999999998,0.984652451511866,0.9655172413793103,70.58333333333333
865,20021,0.6547375,0.25448125,0.9575352367184676,0.48275862068965514,70.5691056910569
866,17984,0.4048125000000001,0.0942875,0.909131429948199,0.48275862068965514,70.48780487804876
867,19272,0.375,0.09940625,0.9180821587760511,0.9655172413793103,70.33333333333333
868,5695,0.8625,0.10855624999999999,0.9325864353692326,0.3448275862068966,70.29999999999998
869,3739,0.375,0.17785625,0.9873750150584266,0.6896551724137931,70.26315789473684
870,21290,0.7914875,0.24157812500000003,0.9598000240934826,1.0,70.22078621432416
871,17262,0.125,0.31186250000000004,0.831478135164438,0.3448275862068966,70.18181818181817
872,5309,0.8625,0.25,0.9282857487049753,0.9655172413793103,70.14999999999999
873,4737,0.6125,0.17785625,0.9873750150584266,0.6896551724137931,70.10526315789473
874,5257,0.8625,0.3125,0.7872545476448619,0.0,70.1
875,18077,0.648675,0.082209375,0.899168774846404,0.6206896551724137,70.1
876,19252,0.3388625,0.104121875,0.9388025539091676,0.3448275862068966,70.09090909090908
877,21342,0.7736125,0.24353125000000003,0.970244548849536,1.0,70.00538502961764
878,19832,0.3387875,0.25725312499999997,0.9411757619563906,0.6896551724137931,69.99999999999999
879,5944,0.875,0.3125,0.62643055053608,0.27586206896551724,69.99999999999999
880,5567,0.8625,0.3125,0.6508384531984098,0.13793103448275862,69.99999999999999
881,4245,0.6125,0.3125,0.7872545476448619,0.13793103448275862,69.99999999999999
882,4929,0.625,0.3125,0.6508384531984098,0.13793103448275862,69.99999999999999
883,2531,0.1125,0.3125,0.6508384531984098,0.6206896551724137,69.99999999999999
884,2877,0.125,0.309375,0.7682568365257197,0.13793103448275862,69.99999999999999
885,4556,0.6125,0.3125,0.62643055053608,0.13793103448275862,69.99999999999999
886,4555,0.6125,0.3125,0.6508384531984098,0.13793103448275862,69.99999999999999
887,12363,0.6125,0.8277187500000001,0.9400313215275267,0.6206896551724137,69.99449999999999
888,19942,0.6125,0.26811250000000003,0.9382363570654136,0.48275862068965514,69.91869918699186
889,20663,0.625,0.12440625000000001,0.9659559089266353,0.6206896551724137,69.89999999999999
890,19315,0.4046125,0.10135000000000001,0.9344054933140584,0.6206896551724137,69.89999999999999
891,17975,0.40458750000000004,0.079471875,0.8795687266594386,1.0,69.89768443726439
892,2778,0.125,0.10855624999999999,0.9325864353692326,0.8275862068965517,69.86666666666666
893,18014,0.582775,0.0942875,0.9224189856643776,0.6896551724137931,69.84962406015036
894,21261,0.3987,0.244684375,0.9690278279725333,0.48275862068965514,69.83739837398373
895,5147,0.625,0.12385312499999998,0.9653294783760993,0.6206896551724137,69.80999999999999
896,17956,0.338875,0.082246875,0.8992410552945428,0.6206896551724137,69.79999999999998
897,19315,0.4046125,0.10135000000000001,0.9344054933140584,1.0,69.78998384491113
898,3098,0.125,0.301878125,0.8718226719672328,1.0,69.75767366720515
899,19225,0.12499999999999992,0.10253125,0.9362968317070233,0.48275862068965514,69.7560975609756
900,4360,0.6125,0.089403125,0.9134441633538127,0.9655172413793103,69.74999999999999
901,3803,0.375,0.0838125,0.8888085772798457,1.0,69.72536348949917
902,3580,0.3625,0.302878125,0.8251897361763642,0.6206896551724137,69.69999999999999
903,15233,0.625,0.04936375,0.8154559691603421,1.0,69.68228325255788
904,17996,0.6125,0.0962375,0.9258523069509698,0.9655172413793103,69.66666666666666
905,3216,0.125,0.3125,0.7872545476448619,0.9655172413793103,69.64999999999999
906,4365,0.6125,0.0577125,0.8399349475966751,0.6206896551724137,69.6
907,4275,0.6125,0.225353125,0.9739549451873267,1.0,69.57458266020461
908,3216,0.125,0.3125,0.7872545476448619,0.3448275862068966,69.54545454545453
909,4803,0.625,0.11517812499999999,0.9419226599204914,0.48275862068965514,69.5040650406504
910,5257,0.8625,0.3125,0.7872545476448619,0.27586206896551724,69.49999999999999
911,18058,0.625,0.0931125,0.9069871099867486,0.3448275862068966,69.45454545454544
912,5695,0.8625,0.10855624999999999,0.9325864353692326,0.9655172413793103,69.42499999999998
913,17895,0.3625,0.0931125,0.9069871099867486,0.6206896551724137,69.39999999999999
914,4188,0.375,0.21875,0.978279725334297,1.0,69.39149165320408
915,4117,0.375,0.2550875,0.9567642452716538,0.48275862068965514,69.26829268292681
916,19301,0.3986875,0.104084375,0.9387423202023851,1.0,69.14378029079158
917,5147,0.625,0.12385312499999998,0.9653294783760993,0.48275862068965514,69.11382113821138
918,2306,0.1125,0.301878125,0.8718226719672328,0.6206896551724137,69.1
919,3314,0.3625,0.325859375,0.8049271172147935,0.0,68.99999999999999
920,5240,0.625,0.3125,0.7872545476448619,0.13793103448275862,68.99999999999999
921,4245,0.6125,0.3125,0.7872545476448619,0.0,68.99999999999999
922,2532,0.1125,0.3125,0.62643055053608,0.27586206896551724,68.99999999999999
923,4584,0.6125,0.309375,0.7682568365257197,0.0,68.99999999999999
924,4555,0.6125,0.3125,0.6508384531984098,0.0,68.99999999999999
925,15101,0.59265,0.05118625,0.8056499216961811,1.0,68.92837910608507
926,3217,0.125,0.3125,0.8084809059149499,0.6896551724137931,68.90977443609022
927,4119,0.375,0.2408875,0.9729671123960967,0.8275862068965517,68.85555555555555
928,5880,0.875,0.24041562500000002,0.930333694735574,1.0,68.77759827679051
929,3580,0.3625,0.302878125,0.8251897361763642,1.0,68.76682821755519
930,21236,0.6125,0.23065625,0.9821949162751474,1.0,68.71297792137855
931,3767,0.375,0.146521875,0.9739549451873267,1.0,68.68066774367257
932,5207,0.625,0.24490625000000002,0.9562703288760389,0.9655172413793103,68.66666666666666
933,22577,0.6487125,0.22280625,0.9757137694253704,0.9655172413793103,68.66666666666666
934,16701,0.6125,0.058826875,0.8430309601252861,0.8275862068965517,68.61111111111111
935,21288,0.625,0.23378125,0.9672328635104203,1.0,68.6052773290253
936,5289,0.8625,0.2384375,0.9629442235875195,0.48275862068965514,68.60162601626016
937,15867,0.16463125,0.32075624999999997,0.8208047223226117,0.9655172413793103,68.49999999999999
938,20016,0.625,0.25253125,0.9599807252138296,1.0,68.49757673667204
939,4118,0.375,0.248021875,0.9653294783760993,0.3448275862068966,68.49090909090908
940,22431,0.3625,0.22436249999999996,0.9746536561860017,1.0,68.47603661820139
941,19315,0.4046125,0.10135000000000001,0.9344054933140584,0.48275862068965514,68.45528455284551
942,16704,0.375,0.0712375,0.8747861703409228,0.3448275862068966,68.45454545454544
943,15051,0.3625,0.04936375,0.8154559691603421,0.6206896551724137,68.39999999999999
944,5147,0.625,0.12385312499999998,0.9653294783760993,0.3448275862068966,68.39090909090908
945,17969,0.5829125000000001,0.079471875,0.8795687266594386,1.0,68.38987614431878
946,4358,0.6125,0.10290625,0.9368871220334899,1.0,68.33602584814216
947,19920,0.375,0.25565625000000003,0.9433080351764848,0.8275862068965517,68.33333333333333
948,19320,0.5888625000000001,0.104121875,0.9388025539091676,0.6206896551724137,68.29999999999998
949,3308,0.3625,0.325428125,0.7905914950006022,0.48275862068965514,68.29268292682926
950,4351,0.6125,0.15274062500000002,0.9902300927599084,0.48275862068965514,68.29268292682926
951,16699,0.6125,0.0712375,0.8747861703409228,1.0,68.28217555196552
952,21139,0.15468375,0.24742187499999999,0.9534513913986267,0.6206896551724137,68.19999999999999
953,2532,0.1125,0.3125,0.62643055053608,0.3448275862068966,68.18181818181817
954,5369,0.8625,0.109803125,0.9472834598241175,0.48275862068965514,68.130081300813
955,3250,0.3625,0.20273750000000001,0.9854234429586796,1.0,68.066774367259
956,4803,0.625,0.11517812499999999,0.9419226599204914,1.0,68.066774367259
957,21300,0.8031124999999999,0.234553125,0.9665582459944585,1.0,68.066774367259
958,17999,0.375,0.0962375,0.9258523069509698,0.9655172413793103,67.99999999999999
959,5941,0.875,0.3125,0.6508384531984098,0.27586206896551724,67.99999999999999
960,5596,0.8625,0.309375,0.7682568365257197,0.0,67.99999999999999
961,5240,0.625,0.3125,0.7872545476448619,0.27586206896551724,67.99999999999999
962,2531,0.1125,0.3125,0.6508384531984098,0.27586206896551724,67.99999999999999
963,4556,0.6125,0.3125,0.62643055053608,0.0,67.99999999999999
964,4550,0.6125,0.309375,0.7059462715335502,0.13793103448275862,67.99999999999999
965,4555,0.6125,0.3125,0.6508384531984098,0.27586206896551724,67.99999999999999
966,15101,0.59265,0.05118625,0.8056499216961811,0.3448275862068966,67.90909090909089
967,20014,0.8625,0.26811250000000003,0.9382363570654136,0.6206896551724137,67.89999999999999
968,19991,0.648775,0.257215625,0.9412239489218166,0.6896551724137931,67.89473684210526
969,19870,0.3625,0.25253125,0.9599807252138296,0.6896551724137931,67.89473684210526
970,16690,0.375,0.0712375,0.8605951090230093,1.0,67.85137318255249
971,19927,0.5887875,0.25725312499999997,0.9411757619563906,0.9655172413793103,67.83333333333333
972,3279,0.3625,0.26985625,0.9224189856643776,0.3448275862068966,67.81818181818181
973,18059,0.6487875,0.091553125,0.9040958920611974,0.3448275862068966,67.81818181818181
974,17984,0.4048125000000001,0.0942875,0.909131429948199,0.3448275862068966,67.81818181818181
975,15867,0.16463125,0.32075624999999997,0.8208047223226117,0.3448275862068966,67.72727272727272
976,4245,0.6125,0.3125,0.7872545476448619,1.0,67.70059235325793
977,19264,0.6125,0.09940625,0.9180821587760511,0.9655172413793103,67.66666666666666
978,18058,0.625,0.0931125,0.9069871099867486,0.48275862068965514,67.64227642276421
979,19832,0.3387875,0.25725312499999997,0.9411757619563906,1.0,67.63597199784597
980,21304,0.6843874999999999,0.234553125,0.9665582459944585,1.0,67.63597199784597
981,17996,0.6125,0.0962375,0.9258523069509698,0.6206896551724137,67.6
982,17978,0.582775,0.0942875,0.909131429948199,0.48275862068965514,67.56097560975608
983,3095,0.125,0.32008749999999997,0.822816528129141,1.0,67.52827140549272
984,3826,0.375,0.042315000000000005,0.7767256956993133,0.6206896551724137,67.49999999999999
985,2868,0.125,0.302878125,0.8251897361763642,0.27586206896551724,67.49999999999999
986,19998,0.8625,0.25570312500000003,0.9432478014697024,0.48275862068965514,67.47967479674796
987,2908,0.125,0.3125,0.62643055053608,1.0,67.46365105008076
988,21310,0.8625,0.24623750000000003,0.9673292374412721,0.48275862068965514,67.39837398373983
989,4360,0.6125,0.089403125,0.9134441633538127,0.8275862068965517,67.34444444444445
990,21163,0.3625,0.24623750000000003,0.9673292374412721,0.9655172413793103,67.33333333333333
991,22590,0.8625,0.21195312500000002,0.9818817009998795,0.9655172413793103,67.33333333333333
992,19373,0.6486875000000001,0.104084375,0.9387423202023851,0.48275862068965514,67.3170731707317
993,21314,0.625,0.24623750000000003,0.9673292374412721,0.6896551724137931,67.29323308270676
994,21306,0.625,0.23065625,0.9698831466088423,0.9655172413793103,67.24999999999999
995,5257,0.8625,0.3125,0.7872545476448619,0.6206896551724137,67.19999999999999
996,19271,0.4046125,0.10135000000000001,0.9213227322009396,0.9655172413793103,67.16666666666666
997,4115,0.375,0.26896875,0.9368871220334899,0.48275862068965514,67.15447154471543
998,19296,0.375,0.11498749999999999,0.9544151307071437,0.6206896551724137,67.1
999,19373,0.6486875000000001,0.104084375,0.9387423202023851,0.3448275862068966,67.09090909090908
1000,19911,0.375,0.2712375,0.9201421515480062,0.48275862068965514,67.03252032520324
1001,16668,0.6125,0.058826875,0.8281652812914105,0.9655172413793103,66.99999999999999
1002,5596,0.8625,0.309375,0.7682568365257197,0.27586206896551724,66.99999999999999
1003,2568,0.1125,0.302878125,0.8251897361763642,0.13793103448275862,66.99999999999999
1004,5240,0.625,0.3125,0.7872545476448619,0.0,66.99999999999999
1005,4245,0.6125,0.3125,0.7872545476448619,0.27586206896551724,66.99999999999999
1006,4932,0.625,0.3125,0.62643055053608,0.27586206896551724,66.99999999999999
1007,4929,0.625,0.3125,0.6508384531984098,0.27586206896551724,66.99999999999999
1008,4326,0.6125,0.325859375,0.8049271172147935,0.27586206896551724,66.99999999999999
1009,2869,0.125,0.29638437500000003,0.8183471870858932,0.13793103448275862,66.99999999999999
1010,4584,0.6125,0.309375,0.7682568365257197,0.27586206896551724,66.99999999999999
1011,4556,0.6125,0.3125,0.62643055053608,0.27586206896551724,66.99999999999999
1012,4134,0.375,0.13098749999999998,0.9729671123960967,0.48275862068965514,66.99186991869918
1013,21163,0.3625,0.24623750000000003,0.9673292374412721,1.0,66.98976844372643
1014,16667,0.6125,0.0712375,0.8605951090230093,1.0,66.98976844372643
1015,21281,0.6487,0.244684375,0.9565112637031683,1.0,66.98976844372643
1016,17895,0.3625,0.0931125,0.9069871099867486,1.0,66.96822832525578
1017,20012,0.8625,0.25253125,0.9599807252138296,0.9655172413793103,66.83333333333333
1018,15868,0.144875,0.319459375,0.8246837730393927,0.27586206896551724,66.79999999999998
1019,4144,0.375,0.063784375,0.8562823756173954,0.6206896551724137,66.74999999999999
1020,4617,0.6125,0.246875,0.9468497771352848,0.48275862068965514,66.74796747967478
1021,19221,0.3625,0.102578125,0.936369112155162,0.3448275862068966,66.72727272727272
1022,4660,0.6125,0.068996875,0.8251897361763642,0.3448275862068966,66.69090909090907
1023,4289,0.6125,0.256696875,0.9419226599204914,0.8275862068965517,66.67777777777778
1024,19875,0.33276249999999996,0.25448125,0.9575352367184676,0.48275862068965514,66.66666666666666
1025,18000,0.375,0.0931125,0.9203228526683531,0.9655172413793103,66.66666666666666
1026,5240,0.625,0.3125,0.7872545476448619,1.0,66.66666666666666
1027,19317,0.5828875,0.10135000000000001,0.9344054933140584,0.3448275862068966,66.63636363636363
1028,21272,0.8329000000000001,0.24742187499999999,0.9534513913986267,0.48275862068965514,66.58536585365853
1029,18059,0.6487875,0.091553125,0.9040958920611974,0.48275862068965514,66.58536585365853
1030,19960,0.5888625000000001,0.2665625,0.9406336585953499,0.9655172413793103,66.58333333333333
1031,19875,0.33276249999999996,0.25448125,0.9575352367184676,1.0,66.55896607431339
1032,21221,0.6125,0.24623750000000003,0.9547885796891941,1.0,66.55896607431339
1033,22495,0.6125,0.22748749999999998,0.97237682206963,1.0,66.55896607431339
1034,22562,0.40470000000000006,0.22554687499999998,0.9860619202505723,1.0,66.55896607431339
1035,18002,0.375,0.08065625,0.8959161546801591,0.8275862068965517,66.55555555555556
1036,5207,0.625,0.24490625000000002,0.9562703288760389,0.3448275862068966,66.5181818181818
1037,4137,0.375,0.109803125,0.9472834598241175,0.9655172413793103,66.49999999999999
1038,15868,0.144875,0.319459375,0.8246837730393927,0.6206896551724137,66.49999999999999
1039,18535,0.3625,0.277578125,0.9091555234309118,0.3448275862068966,66.45454545454544
1040,4706,0.6125,0.13343750000000001,0.9629442235875195,0.3448275862068966,66.45454545454544
1041,4348,0.6125,0.17483437500000001,0.9989157932779182,0.9655172413793103,66.42499999999998
1042,18630,0.6125,0.277578125,0.9091555234309118,0.3448275862068966,66.36363636363636
1043,16033,0.842625,0.319459375,0.8246837730393927,1.0,66.34356488960688
1044,21281,0.6487,0.244684375,0.9565112637031683,0.9655172413793103,66.33333333333333
1045,4555,0.6125,0.3125,0.6508384531984098,1.0,66.32202477113623
1046,15842,0.3625,0.321328125,0.8036742561137211,0.6206896551724137,66.29999999999998
1047,19831,0.3625,0.25570312500000003,0.9432478014697024,1.0,66.23586429725363
1048,4289,0.6125,0.256696875,0.9419226599204914,1.0,66.19278406031232
1049,20663,0.625,0.12440625000000001,0.9659559089266353,0.3448275862068966,66.09090909090908
1050,3766,0.375,0.139959375,0.96883508011083,0.48275862068965514,66.06504065040649
1051,3826,0.375,0.042315000000000005,0.7767256956993133,0.48275862068965514,66.01626016260161
1052,4364,0.6125,0.063784375,0.8562823756173954,0.6206896551724137,66.00999999999999
1053,21336,0.71415,0.24353125000000003,0.970244548849536,0.9655172413793103,65.99999999999999
1054,5562,0.8625,0.309375,0.7059462715335502,0.0,65.99999999999999
1055,15846,0.3625,0.321328125,0.8190820383086375,0.13793103448275862,65.99999999999999
1056,15850,0.125,0.31815625000000003,0.828538730273461,0.27586206896551724,65.99999999999999
1057,17275,0.3625,0.31186250000000004,0.8462594868088182,0.13793103448275862,65.99999999999999
1058,4550,0.6125,0.309375,0.7059462715335502,0.0,65.99999999999999
1059,4684,0.6125,0.11517812499999999,0.9419226599204914,1.0,65.70813139472266
1060,3859,0.375,0.246875,0.9468497771352848,0.48275862068965514,65.6910569105691
1061,19910,0.40466250000000004,0.269296875,0.9233224912661124,0.48275862068965514,65.6910569105691
1062,19904,0.582925,0.269296875,0.9233224912661124,0.48275862068965514,65.6910569105691
1063,17894,0.33876249999999997,0.09155624999999999,0.9040958920611974,0.48275862068965514,65.6910569105691
1064,5240,0.625,0.3125,0.7872545476448619,0.6206896551724137,65.6
1065,16704,0.375,0.0712375,0.8747861703409228,1.0,65.58966074313408
1066,4584,0.6125,0.309375,0.7682568365257197,1.0,65.51427032848679
1067,19344,0.625,0.09940625,0.9180821587760511,0.6206896551724137,65.49999999999999
1068,6210,0.875,0.21875,0.9338392964703047,0.9655172413793103,65.48333333333332
1069,2531,0.1125,0.3125,0.6508384531984098,0.3448275862068966,65.45454545454544
1070,17999,0.375,0.0962375,0.9258523069509698,0.6206896551724137,65.39999999999999
1071,19960,0.5888625000000001,0.2665625,0.9406336585953499,1.0,65.37425955842755
1072,19927,0.5887875,0.25725312499999997,0.9411757619563906,1.0,65.37425955842755
1073,19370,0.625,0.10253125,0.9362968317070233,0.3448275862068966,65.36363636363636
1074,17894,0.33876249999999997,0.09155624999999999,0.9040958920611974,0.3448275862068966,65.36363636363636
1075,17994,0.375,0.08065625,0.8821346825683652,0.8275862068965517,65.36111111111111
1076,19946,0.375,0.26811250000000003,0.9382363570654136,0.6896551724137931,65.33834586466165
1077,6253,0.875,0.3125,0.8084809059149499,0.6896551724137931,65.33834586466165
1078,21883,0.6125,0.146328125,0.9860619202505723,0.48275862068965514,65.20325203252031
1079,4365,0.6125,0.0577125,0.8399349475966751,0.48275862068965514,65.20325203252031
1080,19265,0.5828875,0.10135000000000001,0.9213227322009396,0.6896551724137931,65.18796992481202
1081,2532,0.1125,0.3125,0.62643055053608,0.9655172413793103,65.16666666666666
1082,4338,0.6125,0.248021875,0.9653294783760993,0.6206896551724137,65.15999999999998
1083,6130,0.875,0.325859375,0.8049271172147935,1.0,65.15885837372105
1084,4145,0.375,0.0577125,0.8399349475966751,0.6206896551724137,65.1
1085,17978,0.582775,0.0942875,0.909131429948199,0.3448275862068966,65.09090909090908
1086,4901,0.625,0.309375,0.7682568365257197,1.0,65.08346795907376
1087,4737,0.6125,0.17785625,0.9873750150584266,0.8275862068965517,65.07777777777778
1088,2560,0.1125,0.309375,0.7682568365257197,1.0,65.07269789983843
1089,21242,0.375,0.24623750000000003,0.9673292374412721,1.0,65.05115778136779
1090,19965,0.3986875,0.26655937500000004,0.9406457053367063,0.48275862068965514,65.04065040650406
1091,4901,0.625,0.309375,0.7682568365257197,0.27586206896551724,64.99999999999999
1092,4901,0.625,0.309375,0.7682568365257197,0.0,64.99999999999999
1093,2910,0.125,0.309375,0.7059462715335502,0.27586206896551724,64.99999999999999
1094,15101,0.59265,0.05118625,0.8056499216961811,0.48275862068965514,64.95934959349593
1095,20012,0.8625,0.25253125,0.9599807252138296,1.0,64.94345718901452
1096,21227,0.582775,0.23260625,0.9682568365257197,1.0,64.94345718901452
1097,23180,0.375,0.1806125,0.9997470184315143,0.8275862068965517,64.88888888888889
1098,4144,0.375,0.063784375,0.8562823756173954,0.48275862068965514,64.8780487804878
1099,21199,0.6125,0.24936250000000001,0.9511866040236115,0.8275862068965517,64.83333333333333
1100,4245,0.6125,0.3125,0.7872545476448619,0.6206896551724137,64.69999999999999
1101,3856,0.375,0.24041562500000002,0.930333694735574,1.0,64.65266558966073
1102,19853,0.12499999999999992,0.25565625000000003,0.9433080351764848,0.6206896551724137,64.6
1103,5132,0.625,0.2336875,0.9796651005902903,1.0,64.52342487883682
1104,19320,0.5888625000000001,0.104121875,0.9388025539091676,1.0,64.5126548196015
1105,3827,0.375,0.0464478125,0.7905914950006022,0.6896551724137931,64.45864661654134
1106,22460,0.3625,0.22748749999999998,0.984652451511866,1.0,64.40495422724824
1107,19215,0.3625,0.09940625,0.9180821587760511,0.6206896551724137,64.39999999999999
1108,19272,0.375,0.09940625,0.9180821587760511,0.6896551724137931,64.28571428571428
1109,3867,0.375,0.246875,0.9248042404529574,1.0,64.20032310177704
1110,17281,0.12499999999999992,0.29940625,0.8776894350078304,0.6206896551724137,64.19999999999999
1111,20003,0.8327625000000001,0.25448125,0.9448379713287555,1.0,64.18955304254172
1112,16682,0.5827375,0.0724125,0.8634140465004215,1.0,64.18955304254172
1113,18071,0.625,0.0962375,0.9258523069509698,1.0,64.18955304254172
1114,18019,0.40458750000000004,0.079471875,0.8933863389953016,1.0,64.18955304254172
1115,21279,0.625,0.24936250000000001,0.9511866040236115,0.8275862068965517,64.16666666666667
1116,19874,0.125,0.25253125,0.9599807252138296,0.48275862068965514,64.14634146341463
1117,4116,0.375,0.262071875,0.9472834598241175,0.6896551724137931,64.06766917293233
1118,5695,0.8625,0.10855624999999999,0.9325864353692326,0.6896551724137931,64.02255639097743
1119,16698,0.375,0.058780624999999996,0.8280327671364895,0.9655172413793103,63.99999999999999
1120,21139,0.15468375,0.24742187499999999,0.9534513913986267,0.3448275862068966,63.99999999999999
1121,19296,0.375,0.11498749999999999,0.9544151307071437,0.3448275862068966,63.99999999999999
1122,18077,0.648675,0.082209375,0.899168774846404,0.3448275862068966,63.99999999999999
1123,3216,0.125,0.3125,0.7872545476448619,0.0,63.999999999999986
1124,15816,0.12499999999999992,0.32128125,0.8038188170099987,0.13793103448275862,63.999999999999986
1125,3092,0.125,0.336915625,0.7669437417178653,0.13793103448275862,63.999999999999986
1126,4934,0.625,0.309375,0.7059462715335502,0.13793103448275862,63.999999999999986
1127,4901,0.625,0.309375,0.7682568365257197,0.13793103448275862,63.999999999999986
1128,2905,0.125,0.3125,0.6508384531984098,0.6206896551724137,63.999999999999986
1129,5289,0.8625,0.2384375,0.9629442235875195,0.3448275862068966,63.954545454545446
1130,3849,0.375,0.09375,0.8796530538489338,1.0,63.9310716208939
1131,23190,0.6125,0.1806125,0.9997470184315143,0.6896551724137931,63.90977443609022
1132,4365,0.6125,0.0577125,0.8399349475966751,0.3448275862068966,63.9090909090909
1133,19999,0.8387875000000001,0.25725312499999997,0.9411757619563906,0.6206896551724137,63.89999999999999
1134,4119,0.375,0.2408875,0.9729671123960967,1.0,63.844911147011295
1135,17996,0.6125,0.0962375,0.9258523069509698,0.6896551724137931,63.834586466165405
1136,20037,0.6486875000000001,0.26655937500000004,0.9406457053367063,0.48275862068965514,63.821138211382106
1137,17895,0.3625,0.0931125,0.9069871099867486,0.48275862068965514,63.821138211382106
1138,17956,0.338875,0.082246875,0.8992410552945428,0.48275862068965514,63.821138211382106
1139,4117,0.375,0.2550875,0.9567642452716538,0.6206896551724137,63.79999999999999
1140,16688,0.40485000000000004,0.0724125,0.8634140465004215,1.0,63.75875067312869
1141,21221,0.6125,0.24623750000000003,0.9547885796891941,0.9655172413793103,63.74999999999999
1142,3344,0.3625,0.1167875,0.9567642452716538,0.6206896551724137,63.749999999999986
1143,19301,0.3986875,0.104084375,0.9387423202023851,0.48275862068965514,63.73983739837397
1144,21200,0.5829,0.24742187499999999,0.9534513913986267,0.8275862068965517,63.72222222222222
1145,21259,0.3987625,0.235340625,0.9782194916275146,0.9655172413793103,63.66666666666666
1146,2906,0.125,0.3125,0.6752463558607397,1.0,63.651050080775434
1147,6130,0.875,0.325859375,0.8049271172147935,0.6206896551724137,63.59999999999999
1148,19370,0.625,0.10253125,0.9362968317070233,0.48275862068965514,63.57723577235772
1149,4364,0.6125,0.063784375,0.8562823756173954,0.48275862068965514,63.57723577235772
1150,2530,0.1125,0.3125,0.6752463558607397,1.0,63.56488960689283
1151,19315,0.4046125,0.10135000000000001,0.9344054933140584,0.3448275862068966,63.54545454545453
1152,18021,0.5829125000000001,0.079471875,0.8933863389953016,1.0,63.54334948842217
1153,21280,0.625,0.24623750000000003,0.9547885796891941,1.0,63.54334948842217
1154,19220,0.3625,0.1181125,0.9584507890615589,0.48275862068965514,63.49593495934958
1155,19297,0.375,0.09940625,0.9312251535959523,1.0,63.43564889606892
1156,22519,0.5888,0.213503125,0.9811348030357788,1.0,63.43564889606892
1157,18077,0.648675,0.082209375,0.899168774846404,0.48275862068965514,63.414634146341456
1158,4646,0.6125,0.0464478125,0.7905914950006022,0.6206896551724137,63.39999999999999
1159,19301,0.3986875,0.104084375,0.9387423202023851,0.3448275862068966,63.36363636363635
1160,3308,0.3625,0.325428125,0.7905914950006022,0.6896551724137931,63.345864661654126
1161,19215,0.3625,0.09940625,0.9180821587760511,0.48275862068965514,63.33333333333332
1162,21140,0.125,0.24936250000000001,0.9511866040236115,0.6206896551724137,63.29999999999999
1163,17956,0.338875,0.082246875,0.8992410552945428,0.3448275862068966,63.27272727272726
1164,4197,0.375,0.231915625,0.96883508011083,1.0,63.263327948303704
1165,19898,0.3388625,0.2665625,0.9406336585953499,0.48275862068965514,63.252032520325194
1166,5147,0.625,0.12385312499999998,0.9653294783760993,0.9655172413793103,63.19999999999999
1167,4364,0.6125,0.063784375,0.8562823756173954,0.3448275862068966,63.15454545454544
1168,19946,0.375,0.26811250000000003,0.9382363570654136,0.9655172413793103,62.99999999999999
1169,5562,0.8625,0.309375,0.7059462715335502,0.27586206896551724,62.999999999999986
1170,3140,0.125,0.321203125,0.8040477050957715,0.0,62.999999999999986
1171,2910,0.125,0.309375,0.7059462715335502,0.6206896551724137,62.999999999999986
1172,4550,0.6125,0.309375,0.7059462715335502,0.27586206896551724,62.999999999999986
1173,4555,0.6125,0.3125,0.6508384531984098,0.6206896551724137,62.999999999999986
1174,4676,0.6125,0.090625,0.9023370678231537,0.8275862068965517,62.87222222222222
1175,2531,0.1125,0.3125,0.6508384531984098,0.9655172413793103,62.83333333333332
1176,4360,0.6125,0.089403125,0.9134441633538127,0.6896551724137931,62.80451127819548
1177,3813,0.375,0.068996875,0.8251897361763642,0.48275862068965514,62.73983739837397
1178,3889,0.375,0.309375,0.7682568365257197,1.0,62.73559504577274
1179,19184,0.3388625,0.104121875,0.9257920732441873,0.6206896551724137,62.69999999999999
1180,19370,0.625,0.10253125,0.9362968317070233,1.0,62.68174474959611
1181,5369,0.8625,0.109803125,0.9472834598241175,1.0,62.67097469036079
1182,21242,0.375,0.24623750000000003,0.9673292374412721,0.8275862068965517,62.666666666666664
1183,19875,0.33276249999999996,0.25448125,0.9575352367184676,0.9655172413793103,62.66666666666666
1184,3216,0.125,0.3125,0.7872545476448619,0.48275862068965514,62.601626016260155
1185,5338,0.8625,0.325859375,0.8049271172147935,0.6206896551724137,62.59999999999999
1186,2302,0.1125,0.325859375,0.8049271172147935,0.3448275862068966,62.54545454545453
1187,5369,0.8625,0.109803125,0.9472834598241175,0.3448275862068966,62.51818181818181
1188,5130,0.625,0.248021875,0.9653294783760993,0.6206896551724137,62.50999999999999
1189,5207,0.625,0.24490625000000002,0.9562703288760389,1.0,62.49865374259557
1190,19949,0.4047375000000001,0.25448125,0.9575352367184676,1.0,62.46634356488959
1191,15051,0.3625,0.04936375,0.8154559691603421,0.3448275862068966,62.454545454545446
1192,3849,0.375,0.09375,0.8796530538489338,0.6206896551724137,62.34999999999999
1193,19942,0.6125,0.26811250000000003,0.9382363570654136,0.9655172413793103,62.33333333333332
1194,19298,0.375,0.10253125,0.9362968317070233,0.9655172413793103,62.33333333333332
1195,4144,0.375,0.063784375,0.8562823756173954,0.3448275862068966,62.318181818181806
1196,21216,0.375,0.23378125,0.9672328635104203,0.6206896551724137,62.19999999999999
1197,19927,0.5887875,0.25725312499999997,0.9411757619563906,0.6896551724137931,62.18045112781954
1198,20003,0.8327625000000001,0.25448125,0.9448379713287555,0.9655172413793103,62.16666666666666
1199,23190,0.6125,0.1806125,0.9997470184315143,0.9655172413793103,62.16666666666666
1200,18065,0.648675,0.082209375,0.885459583182749,1.0,62.14324178782982
1201,4660,0.6125,0.068996875,0.8251897361763642,0.48275862068965514,62.11382113821137
1202,19297,0.375,0.09940625,0.9312251535959523,0.6206896551724137,62.09999999999999
1203,19282,0.375,0.11498749999999999,0.9416696783520058,0.6206896551724137,62.09999999999999
1204,15868,0.144875,0.319459375,0.8246837730393927,0.3448275862068966,62.09090909090908
1205,17995,0.6125,0.0931125,0.9203228526683531,0.9655172413793103,62.08333333333332
1206,19294,0.6125,0.09940625,0.9312251535959523,1.0,62.03554119547656
1207,5118,0.625,0.325859375,0.8049271172147935,1.0,62.03554119547656
1208,19214,0.125,0.09940625,0.9180821587760511,1.0,62.03554119547656
1209,17999,0.375,0.0962375,0.9258523069509698,0.6896551724137931,62.03007518796991
1210,21165,0.3625,0.233828125,0.9795446331767256,0.9655172413793103,61.99999999999999
1211,20014,0.8625,0.26811250000000003,0.9382363570654136,0.3448275862068966,61.99999999999999
1212,3917,0.375,0.3125,0.6508384531984098,0.0,61.999999999999986
1213,5567,0.8625,0.3125,0.6508384531984098,0.0,61.999999999999986
1214,2282,0.1125,0.30108437499999996,0.8357908685700518,0.13793103448275862,61.999999999999986
1215,5118,0.625,0.325859375,0.8049271172147935,0.0,61.999999999999986
1216,5118,0.625,0.325859375,0.8049271172147935,0.27586206896551724,61.999999999999986
1217,4934,0.625,0.309375,0.7059462715335502,0.0,61.999999999999986
1218,4929,0.625,0.3125,0.6508384531984098,0.6206896551724137,61.999999999999986
1219,2908,0.125,0.3125,0.62643055053608,0.6206896551724137,61.999999999999986
1220,3766,0.375,0.139959375,0.96883508011083,0.6206896551724137,61.97999999999999
1221,15051,0.3625,0.04936375,0.8154559691603421,0.48275862068965514,61.95121951219511
1222,18630,0.6125,0.277578125,0.9091555234309118,0.48275862068965514,61.95121951219511
1223,18074,0.625,0.08065625,0.8959161546801591,1.0,61.92784060312331
1224,19264,0.6125,0.09940625,0.9180821587760511,0.6896551724137931,61.92481203007518
1225,3767,0.375,0.146521875,0.9739549451873267,0.9655172413793103,61.89999999999999
1226,15867,0.16463125,0.32075624999999997,0.8208047223226117,0.6896551724137931,61.87969924812029
1227,21330,0.672475,0.236896875,0.9767979761474521,0.9655172413793103,61.83333333333332
1228,3096,0.125,0.3141625,0.8399349475966751,1.0,61.82014001077005
1229,19184,0.3388625,0.104121875,0.9257920732441873,1.0,61.82014001077005
1230,3826,0.375,0.042315000000000005,0.7767256956993133,0.3448275862068966,61.818181818181806
1231,19320,0.5888625000000001,0.104121875,0.9388025539091676,0.3448275862068966,61.818181818181806
1232,17262,0.125,0.31186250000000004,0.831478135164438,0.48275862068965514,61.788617886178855
1233,4706,0.6125,0.13343750000000001,0.9629442235875195,0.48275862068965514,61.788617886178855
1234,5302,0.8625,0.26331875,0.9325864353692326,0.9655172413793103,61.783333333333324
1235,23190,0.6125,0.1806125,0.9997470184315143,0.8275862068965517,61.77777777777778
1236,4184,0.375,0.26985625,0.9224189856643776,0.6206896551724137,61.75999999999999
1237,2532,0.1125,0.3125,0.62643055053608,0.6896551724137931,61.729323308270665
1238,6220,0.875,0.225353125,0.9739549451873267,1.0,61.72320947765211
1239,17962,0.5887625,0.09155624999999999,0.9040958920611974,1.0,61.71243941841679
1240,17954,0.33876249999999997,0.09155624999999999,0.9174798217082278,1.0,61.71243941841679
1241,5196,0.625,0.26985625,0.9224189856643776,1.0,61.68012924071081
1242,4348,0.6125,0.17483437500000001,0.9989157932779182,0.6896551724137931,61.63157894736841
1243,4338,0.6125,0.248021875,0.9653294783760993,0.3448275862068966,61.62727272727272
1244,4708,0.6125,0.146521875,0.9739549451873267,0.3448275862068966,61.61818181818181
1245,21141,0.3625,0.24936250000000001,0.9511866040236115,0.8275862068965517,61.611111111111114
1246,23114,0.125,0.16503125000000002,0.9961450427659317,1.0,61.60473882606353
1247,18024,0.588875,0.082246875,0.8992410552945428,1.0,61.60473882606353
1248,22609,0.625,0.22748749999999998,0.984652451511866,0.9655172413793103,61.58333333333332
1249,4137,0.375,0.109803125,0.9472834598241175,0.6896551724137931,61.5563909774436
1250,2221,0.1125,0.3125,0.7872545476448619,0.27586206896551724,61.499999999999986
1251,3097,0.125,0.308090625,0.8562823756173954,0.6206896551724137,61.499999999999986
1252,19271,0.4046125,0.10135000000000001,0.9213227322009396,0.6896551724137931,61.42857142857142
1253,5196,0.625,0.26985625,0.9224189856643776,0.9655172413793103,61.39166666666666
1254,15127,0.3949125,0.05118625,0.8056499216961811,0.9655172413793103,61.33333333333332
1255,3216,0.125,0.3125,0.7872545476448619,0.6896551724137931,61.323308270676684
1256,4145,0.375,0.0577125,0.8399349475966751,0.48275862068965514,61.30081300813007
1257,17895,0.3625,0.0931125,0.9069871099867486,0.3448275862068966,61.18181818181817
1258,21323,0.8151375,0.236925,0.9767738826647391,1.0,61.1739364566505
1259,21328,0.8388500000000001,0.2446875,0.9690157812311769,1.0,61.1739364566505
1260,19831,0.3625,0.25570312500000003,0.9432478014697024,0.9655172413793103,61.16666666666666
1261,19282,0.375,0.11498749999999999,0.9416696783520058,0.48275862068965514,61.13821138211381
1262,21206,0.4046875,0.24742187499999999,0.9534513913986267,0.8275862068965517,61.111111111111114
1263,19294,0.6125,0.09940625,0.9312251535959523,0.6206896551724137,61.09999999999999
1264,5118,0.625,0.325859375,0.8049271172147935,0.6206896551724137,61.09999999999999
1265,21283,0.696175,0.24156875000000003,0.9598120708348392,1.0,61.06623586429724
1266,17987,0.39878749999999996,0.091553125,0.9040958920611974,1.0,61.06623586429724
1267,17888,0.338875,0.082246875,0.8855318636308878,1.0,61.06623586429724
1268,19983,0.625,0.2712375,0.9201421515480062,0.6206896551724137,61.01999999999999
1269,4131,0.375,0.15274062500000002,0.9902300927599084,0.6206896551724137,61.00999999999999
1270,3813,0.375,0.068996875,0.8251897361763642,0.9655172413793103,61.008333333333326
1271,4117,0.375,0.2550875,0.9567642452716538,0.3448275862068966,60.99999999999999
1272,3920,0.375,0.3125,0.62643055053608,0.0,60.999999999999986
1273,5568,0.8625,0.3125,0.62643055053608,0.0,60.999999999999986
1274,5567,0.8625,0.3125,0.6508384531984098,0.27586206896551724,60.999999999999986
1275,3543,0.3625,0.3125,0.6508384531984098,0.0,60.999999999999986
1276,3141,0.125,0.325428125,0.7905914950006022,0.0,60.999999999999986
1277,4932,0.625,0.3125,0.62643055053608,0.6206896551724137,60.999999999999986
1278,2302,0.1125,0.325859375,0.8049271172147935,0.0,60.999999999999986
1279,2877,0.125,0.309375,0.7682568365257197,0.0,60.999999999999986
1280,4556,0.6125,0.3125,0.62643055053608,0.6206896551724137,60.999999999999986
1281,3880,0.375,0.302878125,0.8251897361763642,1.0,60.95853527194399
1282,6222,0.875,0.2384375,0.9629442235875195,1.0,60.93699515347333
1283,2727,0.125,0.17785625,0.9873750150584266,0.48275862068965514,60.90243902439023
1284,3880,0.375,0.302878125,0.8251897361763642,0.6206896551724137,60.89999999999999
1285,21280,0.625,0.24623750000000003,0.9547885796891941,0.6206896551724137,60.79999999999999
1286,4929,0.625,0.3125,0.6508384531984098,1.0,60.78621432417877
1287,3344,0.3625,0.1167875,0.9567642452716538,0.3448275862068966,60.75454545454544
1288,21334,0.6724625,0.24312499999999998,0.9706782315383687,1.0,60.743134087237465
1289,5748,0.8625,0.171346875,0.9860498735092157,0.48275862068965514,60.73170731707316
1290,16706,0.375,0.058780624999999996,0.8428984459703649,0.8275862068965517,60.72222222222222
1291,6221,0.875,0.231915625,0.96883508011083,1.0,60.71082390953149
1292,4106,0.375,0.325859375,0.8049271172147935,0.6206896551724137,60.69999999999999
1293,19259,0.6125,0.11498749999999999,0.9416696783520058,0.6206896551724137,60.69999999999999
1294,18072,0.625,0.0931125,0.9203228526683531,0.6206896551724137,60.69999999999999
1295,18065,0.648675,0.082209375,0.885459583182749,0.6206896551724137,60.69999999999999
1296,16668,0.6125,0.058826875,0.8281652812914105,0.6896551724137931,60.6766917293233
1297,4263,0.6125,0.20919375,0.9831104686182388,0.9655172413793103,60.66666666666666
1298,2306,0.1125,0.301878125,0.8718226719672328,0.3448275862068966,60.636363636363626
1299,4153,0.375,0.325428125,0.7905914950006022,1.0,60.63543349488421
1300,22583,0.6487499999999999,0.21346249999999997,0.9811588965184916,1.0,60.63543349488421
1301,5276,0.8625,0.215625,0.9141910613179135,0.9655172413793103,60.633333333333326
1302,18071,0.625,0.0962375,0.9258523069509698,0.6206896551724137,60.59999999999999
1303,3143,0.125,0.3336,0.762462353933261,1.0,60.57081313947226
1304,15868,0.144875,0.319459375,0.8246837730393927,0.8275862068965517,60.55555555555556
1305,19355,0.648775,0.11342812499999999,0.9395494518732683,0.6206896551724137,60.499999999999986
1306,3580,0.3625,0.302878125,0.8251897361763642,0.3448275862068966,60.454545454545446
1307,19853,0.12499999999999992,0.25565625000000003,0.9433080351764848,0.3448275862068966,60.454545454545446
1308,19344,0.625,0.09940625,0.9180821587760511,0.48275862068965514,60.40650406504064
1309,5207,0.625,0.24490625000000002,0.9562703288760389,0.48275862068965514,60.40650406504064
1310,2221,0.1125,0.3125,0.7872545476448619,0.6206896551724137,60.39999999999999
1311,3739,0.375,0.17785625,0.9873750150584266,0.8275862068965517,60.35
1312,23831,0.375,0.18690625,1.0,0.8275862068965517,60.333333333333336
1313,18058,0.625,0.0931125,0.9069871099867486,0.9655172413793103,60.24999999999999
1314,19903,0.6125,0.2712375,0.9201421515480062,0.48275862068965514,60.23577235772357
1315,4365,0.6125,0.0577125,0.8399349475966751,1.0,60.20463112547118
1316,20026,0.8387875000000001,0.25725312499999997,0.9539332610528852,1.0,60.20463112547118
1317,6199,0.875,0.25,0.9282857487049753,0.9655172413793103,60.16666666666666
1318,21142,0.33290000000000003,0.24742187499999999,0.9534513913986267,0.9655172413793103,60.16666666666666
1319,21271,0.8625,0.24936250000000001,0.9511866040236115,0.48275862068965514,60.162601626016254
1320,17962,0.5887625,0.09155624999999999,0.9040958920611974,0.6206896551724137,60.09999999999999
1321,16044,0.8387125000000001,0.322884375,0.8143115287314782,1.0,60.09693053311792
1322,19944,0.375,0.25253125,0.9599807252138296,0.8275862068965517,60.05555555555556
1323,19291,0.6125,0.11498749999999999,0.9544151307071437,0.48275862068965514,59.99999999999999
1324,19252,0.3388625,0.104121875,0.9388025539091676,0.9655172413793103,59.99999999999999
1325,2905,0.125,0.3125,0.6508384531984098,0.3448275862068966,59.99999999999999
1326,2908,0.125,0.3125,0.62643055053608,0.3448275862068966,59.99999999999999
1327,19344,0.625,0.09940625,0.9180821587760511,0.3448275862068966,59.99999999999999
1328,19985,0.6486875000000001,0.26655937500000004,0.9276713648957956,0.6206896551724137,59.999999999999986
1329,4554,0.6125,0.3125,0.6752463558607397,0.13793103448275862,59.999999999999986
1330,6130,0.875,0.325859375,0.8049271172147935,0.27586206896551724,59.999999999999986
1331,2531,0.1125,0.3125,0.6508384531984098,0.13793103448275862,59.999999999999986
1332,2532,0.1125,0.3125,0.62643055053608,0.13793103448275862,59.999999999999986
1333,2905,0.125,0.3125,0.6508384531984098,0.27586206896551724,59.999999999999986
1334,2303,0.1125,0.32008749999999997,0.822816528129141,0.13793103448275862,59.999999999999986
1335,4934,0.625,0.309375,0.7059462715335502,0.27586206896551724,59.999999999999986
1336,5568,0.8625,0.3125,0.62643055053608,0.13793103448275862,59.999999999999986
1337,19283,0.398775,0.11342812499999999,0.9395494518732683,0.6206896551724137,59.999999999999986
1338,3917,0.375,0.3125,0.6508384531984098,0.13793103448275862,59.999999999999986
1339,3544,0.3625,0.3125,0.62643055053608,0.13793103448275862,59.999999999999986
1340,3544,0.3625,0.3125,0.62643055053608,0.0,59.999999999999986
1341,3543,0.3625,0.3125,0.6508384531984098,0.13793103448275862,59.999999999999986
1342,19874,0.125,0.25253125,0.9599807252138296,1.0,59.98922994076466
1343,3344,0.3625,0.1167875,0.9567642452716538,0.48275862068965514,59.91869918699186
1344,19874,0.125,0.25253125,0.9599807252138296,0.9655172413793103,59.91666666666666
1345,3233,0.3625,0.3125,0.7872545476448619,0.0,59.89999999999999
1346,19942,0.6125,0.26811250000000003,0.9382363570654136,0.6896551724137931,59.84962406015037
1347,19320,0.5888625000000001,0.104121875,0.9388025539091676,0.48275862068965514,59.83739837398373
1348,21207,0.375,0.24936250000000001,0.9511866040236115,0.8275862068965517,59.833333333333336
1349,2336,0.1125,0.089403125,0.9134441633538127,0.6206896551724137,59.79999999999999
1350,19976,0.832925,0.269296875,0.9233224912661124,0.6206896551724137,59.79999999999999
1351,17279,0.125,0.31498750000000003,0.8376219732562342,1.0,59.773828756058144
1352,5148,0.625,0.1167875,0.9567642452716538,1.0,59.74151857835217
1353,4145,0.375,0.0577125,0.8399349475966751,0.3448275862068966,59.72727272727272
1354,3343,0.3625,0.12385312499999998,0.9653294783760993,0.9655172413793103,59.70833333333332
1355,19361,0.6486875000000001,0.104084375,0.925731839537405,0.6206896551724137,59.69999999999999
1356,5241,0.625,0.3125,0.8084809059149499,0.8275862068965517,59.68888888888889
1357,19184,0.3388625,0.104121875,0.9257920732441873,0.48275862068965514,59.67479674796747
1358,4264,0.6125,0.215625,0.9141910613179135,1.0,59.62304792676358
1359,2877,0.125,0.309375,0.7682568365257197,0.9655172413793103,59.60833333333333
1360,23180,0.375,0.1806125,0.9997470184315143,0.9655172413793103,59.58333333333332
1361,3766,0.375,0.139959375,0.96883508011083,0.3448275862068966,59.58181818181817
1362,16763,0.6488125,0.069675,0.8567762920130104,1.0,59.55842757135163
1363,15051,0.3625,0.04936375,0.8154559691603421,1.0,59.55842757135163
1364,20560,0.375,0.1368625,0.9661366100469823,0.8275862068965517,59.55555555555556
1365,23817,0.375,0.19003125,0.9878086977472593,0.8275862068965517,59.55555555555556
1366,20479,0.3625,0.12445312500000001,0.9534393446572701,0.6206896551724137,59.53999999999999
1367,21223,0.5888,0.235378125,0.9658113480303577,0.9655172413793103,59.49999999999999
1368,3126,0.125,0.10290625,0.9368871220334899,0.9655172413793103,59.49999999999999
1369,18571,0.3625,0.2899875,0.8984941573304421,0.6206896551724137,59.499999999999986
1370,17888,0.338875,0.082246875,0.8855318636308878,0.6206896551724137,59.499999999999986
1371,21140,0.125,0.24936250000000001,0.9511866040236115,0.3448275862068966,59.454545454545446
1372,16598,0.3387375,0.06968125,0.8567883387543669,1.0,59.450726978998375
1373,21142,0.33290000000000003,0.24742187499999999,0.9534513913986267,1.0,59.450726978998375
1374,17290,0.1486475,0.3103125,0.8504397060595108,0.6206896551724137,59.39999999999999
1375,18000,0.375,0.0931125,0.9203228526683531,0.6896551724137931,59.398496240601496
1376,2532,0.1125,0.3125,0.62643055053608,0.48275862068965514,59.349593495934954
1377,5148,0.625,0.1167875,0.9567642452716538,0.48275862068965514,59.349593495934954
1378,4263,0.6125,0.20919375,0.9831104686182388,1.0,59.33225632740979
1379,19214,0.125,0.09940625,0.9180821587760511,0.6206896551724137,59.29999999999999
1380,4340,0.6125,0.2336875,0.9796651005902903,1.0,59.267635971997834
1381,19940,0.6125,0.25253125,0.9599807252138296,0.8275862068965517,59.22222222222222
1382,4153,0.375,0.325428125,0.7905914950006022,0.6206896551724137,59.19999999999999
1383,23757,0.3625,0.18690625,1.0,0.8275862068965517,59.166666666666664
1384,5596,0.8625,0.309375,0.7682568365257197,1.0,59.14916532040925
1385,18005,0.398675,0.082209375,0.899168774846404,1.0,59.1276252019386
1386,20009,0.6547375,0.25448125,0.9448379713287555,1.0,59.1276252019386
1387,4126,0.375,0.189640625,0.9998795325864354,0.9655172413793103,59.12499999999999
1388,5349,0.8625,0.2550875,0.9567642452716538,0.48275862068965514,59.10569105691056
1389,15842,0.3625,0.321328125,0.8036742561137211,0.3448275862068966,59.09090909090908
1390,4556,0.6125,0.3125,0.62643055053608,0.3448275862068966,59.09090909090908
1391,2302,0.1125,0.325859375,0.8049271172147935,0.9655172413793103,59.01666666666666
1392,21238,0.6125,0.24623750000000003,0.9673292374412721,0.8275862068965517,59.0
1393,21328,0.8388500000000001,0.2446875,0.9690157812311769,0.9655172413793103,58.99999999999999
1394,21287,0.6487625,0.235340625,0.9658474882544271,0.6206896551724137,58.999999999999986
1395,4930,0.625,0.3125,0.6752463558607397,0.13793103448275862,58.999999999999986
1396,5568,0.8625,0.3125,0.62643055053608,0.27586206896551724,58.999999999999986
1397,15827,0.125,0.31815625000000003,0.8133477894229612,0.13793103448275862,58.999999999999986
1398,6130,0.875,0.325859375,0.8049271172147935,0.0,58.999999999999986
1399,3572,0.3625,0.309375,0.7682568365257197,0.0,58.999999999999986
1400,2560,0.1125,0.309375,0.7682568365257197,0.13793103448275862,58.999999999999986
1401,21163,0.3625,0.24623750000000003,0.9673292374412721,0.6896551724137931,58.94736842105262
1402,3783,0.375,0.09556875000000001,0.9114323575472835,0.9655172413793103,58.908333333333324
1403,18655,0.5827375,0.276359375,0.924587399108541,0.6206896551724137,58.89999999999999
1404,2531,0.1125,0.3125,0.6508384531984098,0.6896551724137931,58.87218045112781
1405,21280,0.625,0.24623750000000003,0.9547885796891941,0.48275862068965514,58.86178861788617
1406,17923,0.3625,0.0931125,0.9203228526683531,0.48275862068965514,58.86178861788617
1407,16599,0.3625,0.0712375,0.8605951090230093,1.0,58.84760366182013
1408,19931,0.5827625000000001,0.25448125,0.9448379713287555,0.9655172413793103,58.83333333333332
1409,21307,0.8625,0.233828125,0.9795446331767256,0.9655172413793103,58.83333333333332
1410,19215,0.3625,0.09940625,0.9180821587760511,0.3448275862068966,58.72727272727272
1411,5256,0.8625,0.3125,0.8084809059149499,0.8275862068965517,58.72222222222222
1412,21159,0.3625,0.23065625,0.9698831466088423,0.9655172413793103,58.66666666666666
1413,18012,0.4048125000000001,0.0942875,0.9224189856643776,0.8275862068965517,58.611111111111114
1414,17281,0.12499999999999992,0.29940625,0.8776894350078304,0.3448275862068966,58.54545454545453
1415,20479,0.3625,0.12445312500000001,0.9534393446572701,0.48275862068965514,58.53658536585365
1416,18084,0.6548125,0.0942875,0.9224189856643776,1.0,58.481421647819054
1417,21216,0.375,0.23378125,0.9672328635104203,0.3448275862068966,58.454545454545446
1418,3701,0.3625,0.12696875,0.9562703288760389,0.6206896551724137,58.42999999999999
1419,6227,0.875,0.194096875,0.9718949524153715,1.0,58.416801292407094
1420,3633,0.3625,0.042315000000000005,0.7767256956993133,0.6206896551724137,58.39999999999999
1421,18072,0.625,0.0931125,0.9203228526683531,0.48275862068965514,58.37398373983739
1422,21139,0.15468375,0.24742187499999999,0.9534513913986267,0.48275862068965514,58.37398373983739
1423,19361,0.6486875000000001,0.104084375,0.925731839537405,1.0,58.37372105546579
1424,16019,0.8625,0.321328125,0.8190820383086375,1.0,58.37372105546579
1425,19999,0.8387875000000001,0.25725312499999997,0.9411757619563906,0.3448275862068966,58.36363636363635
1426,17262,0.125,0.31186250000000004,0.831478135164438,0.9655172413793103,58.33333333333332
1427,5147,0.625,0.12385312499999998,0.9653294783760993,0.6896551724137931,58.315789473684205
1428,17987,0.39878749999999996,0.091553125,0.9040958920611974,0.6206896551724137,58.29999999999999
1429,19367,0.625,0.1181125,0.9584507890615589,0.48275862068965514,58.29268292682926
1430,19259,0.6125,0.11498749999999999,0.9416696783520058,0.48275862068965514,58.29268292682926
1431,18571,0.3625,0.2899875,0.8984941573304421,0.48275862068965514,58.21138211382113
1432,18019,0.40458750000000004,0.079471875,0.8933863389953016,0.6206896551724137,58.19999999999999
1433,16776,0.625,0.0712375,0.8747861703409228,0.6206896551724137,58.19999999999999
1434,15142,0.6125,0.04936375,0.8154559691603421,0.6206896551724137,58.19999999999999
1435,5749,0.8625,0.17785625,0.9873750150584266,0.48275862068965514,58.18699186991869
1436,4555,0.6125,0.3125,0.6508384531984098,0.3448275862068966,58.18181818181817
1437,2910,0.125,0.309375,0.7059462715335502,0.3448275862068966,58.18181818181817
1438,4929,0.625,0.3125,0.6508384531984098,0.3448275862068966,58.18181818181817
1439,19282,0.375,0.11498749999999999,0.9416696783520058,0.3448275862068966,58.18181818181817
1440,21236,0.6125,0.23065625,0.9821949162751474,0.9655172413793103,58.16666666666666
1441,18024,0.588875,0.082246875,0.8992410552945428,0.6206896551724137,58.09999999999999
1442,15132,0.6125,0.04936375,0.7999638597759305,0.6206896551724137,58.09999999999999
1443,5257,0.8625,0.3125,0.7872545476448619,0.3448275862068966,58.09090909090908
1444,18059,0.6487875,0.091553125,0.9040958920611974,0.9655172413793103,58.08333333333332
1445,3766,0.375,0.139959375,0.96883508011083,0.9655172413793103,58.07499999999999
1446,3250,0.3625,0.20273750000000001,0.9854234429586796,0.9655172413793103,58.05833333333332
1447,16788,0.6548499999999999,0.0724125,0.8775448741115528,1.0,58.05061927840602
1448,6215,0.875,0.2361875,0.9339838573665823,0.9655172413793103,58.01666666666666
1449,2532,0.1125,0.3125,0.62643055053608,0.0,57.99999999999999
1450,4550,0.6125,0.309375,0.7059462715335502,0.6206896551724137,57.99999999999999
1451,17954,0.33876249999999997,0.09155624999999999,0.9174798217082278,0.6206896551724137,57.99999999999999
1452,2221,0.1125,0.3125,0.7872545476448619,0.13793103448275862,57.99999999999999
1453,2560,0.1125,0.309375,0.7682568365257197,0.27586206896551724,57.99999999999999
1454,3800,0.375,0.090625,0.9023370678231537,1.0,57.99676898222939
1455,19831,0.3625,0.25570312500000003,0.9432478014697024,0.48275862068965514,57.96747967479674
1456,16034,0.822875,0.32075624999999997,0.8208047223226117,1.0,57.942918686052764
1457,18643,0.6125,0.277578125,0.9224430791470907,0.6206896551724137,57.89999999999999
1458,4228,0.375,0.3125,0.7872545476448619,0.0,57.89999999999999
1459,4228,0.375,0.3125,0.7872545476448619,1.0,57.899838449111456
1460,21278,0.6546875,0.24742187499999999,0.9534513913986267,0.6896551724137931,57.89473684210525
1461,3767,0.375,0.146521875,0.9739549451873267,0.6896551724137931,57.87218045112781
1462,23180,0.375,0.1806125,0.9997470184315143,0.6896551724137931,57.81954887218044
1463,18021,0.5829125000000001,0.079471875,0.8933863389953016,0.6206896551724137,57.79999999999999
1464,15828,0.3625,0.31815625000000003,0.8133477894229612,0.6206896551724137,57.79999999999999
1465,17984,0.4048125000000001,0.0942875,0.909131429948199,0.9655172413793103,57.74999999999999
1466,15996,0.625,0.3368625,0.750391519094085,1.0,57.72751750134625
1467,19184,0.3388625,0.104121875,0.9257920732441873,0.3448275862068966,57.72727272727272
1468,15867,0.16463125,0.32075624999999997,0.8208047223226117,0.27586206896551724,57.69999999999999
1469,4164,0.375,0.28125,0.9023370678231537,0.6206896551724137,57.69999999999999
1470,22516,0.5888375,0.2228125,0.9757137694253704,0.9655172413793103,57.66666666666666
1471,19960,0.5888625000000001,0.2665625,0.9406336585953499,0.6896551724137931,57.593984962406005
1472,21256,0.58885,0.2446875,0.9690157812311769,0.6896551724137931,57.593984962406005
1473,16698,0.375,0.058780624999999996,0.8280327671364895,0.6896551724137931,57.593984962406005
1474,4684,0.6125,0.11517812499999999,0.9419226599204914,0.9655172413793103,57.59166666666666
1475,19373,0.6486875000000001,0.104084375,0.9387423202023851,0.9655172413793103,57.58333333333332
1476,3125,0.125,0.109803125,0.9472834598241175,1.0,57.53365643511038
1477,4646,0.6125,0.0464478125,0.7905914950006022,0.3448275862068966,57.52727272727272
1478,21194,0.33885,0.2446875,0.9690157812311769,0.6896551724137931,57.51879699248119
1479,4184,0.375,0.26985625,0.9224189856643776,0.3448275862068966,57.49090909090908
1480,22431,0.3625,0.22436249999999996,0.9746536561860017,0.9655172413793103,57.474999999999994
1481,19951,0.5827625000000001,0.25448125,0.9575352367184676,0.8275862068965517,57.44444444444444
1482,3822,0.375,0.059375,0.7872545476448619,1.0,57.43672590199245
1483,19965,0.3986875,0.26655937500000004,0.9406457053367063,0.9655172413793103,57.41666666666666
1484,18573,0.3625,0.277578125,0.9224430791470907,0.6206896551724137,57.39999999999999
1485,18014,0.582775,0.0942875,0.9224189856643776,0.8275862068965517,57.388888888888886
1486,5130,0.625,0.248021875,0.9653294783760993,0.3448275862068966,57.354545454545445
1487,3572,0.3625,0.309375,0.7682568365257197,1.0,57.33979536887452
1488,4624,0.6125,0.09375,0.8796530538489338,1.0,57.33979536887452
1489,21290,0.7914875,0.24157812500000003,0.9598000240934826,0.9655172413793103,57.33333333333332
1490,15095,0.375,0.04936375,0.7999638597759305,0.6206896551724137,57.29999999999999
1491,16734,0.5887374999999999,0.06968125,0.8710516805204191,0.6206896551724137,57.29999999999999
1492,18048,0.625,0.07753125000000001,0.8752680399951813,1.0,57.28594507269789
1493,4932,0.625,0.3125,0.62643055053608,0.3448275862068966,57.272727272727266
1494,19317,0.5828875,0.10135000000000001,0.9344054933140584,0.9655172413793103,57.24999999999999
1495,4283,0.6125,0.24490625000000002,0.9562703288760389,1.0,57.22132471728593
1496,3270,0.3625,0.240546875,0.9451270931213106,1.0,57.21055465805061
1497,20594,0.375,0.1368625,0.9785086134200698,0.6206896551724137,57.19999999999999
1498,19297,0.375,0.09940625,0.9312251535959523,0.48275862068965514,57.15447154471544
1499,23751,0.3625,0.19007812500000001,0.9877966510059029,0.8275862068965517,57.111111111111114
1500,5240,0.625,0.3125,0.7872545476448619,0.3448275862068966,57.09090909090908
1501,22568,0.8328875,0.22554687499999998,0.9738103842910492,1.0,57.0813139472267
1502,22600,0.684375,0.212678125,0.9815443922418986,1.0,57.0813139472267
1503,19361,0.6486875000000001,0.104084375,0.925731839537405,0.48275862068965514,57.07317073170731
1504,4660,0.6125,0.068996875,0.8251897361763642,0.9655172413793103,57.033333333333324
1505,15233,0.625,0.04936375,0.8154559691603421,0.9655172413793103,56.99999999999999
1506,21233,0.404725,0.23260625,0.9682568365257197,0.9655172413793103,56.99999999999999
1507,5134,0.625,0.21913437499999996,0.9902300927599084,0.9655172413793103,56.99999999999999
1508,3849,0.375,0.09375,0.8796530538489338,0.3448275862068966,56.99999999999999
1509,18696,0.625,0.27753125,0.9092398506204071,0.6206896551724137,56.99999999999999
1510,5566,0.8625,0.3125,0.6752463558607397,0.13793103448275862,56.99999999999999
1511,15996,0.625,0.3368625,0.750391519094085,0.6206896551724137,56.99999999999999
1512,2531,0.1125,0.3125,0.6508384531984098,0.0,56.99999999999999
1513,2300,0.1125,0.336915625,0.7669437417178653,0.13793103448275862,56.99999999999999
1514,3889,0.375,0.309375,0.7682568365257197,0.27586206896551724,56.99999999999999
1515,3889,0.375,0.309375,0.7682568365257197,0.0,56.99999999999999
1516,2908,0.125,0.3125,0.62643055053608,0.27586206896551724,56.99999999999999
1517,20011,0.8625,0.25570312500000003,0.9559691603421274,0.6206896551724137,56.99999999999999
1518,3318,0.3625,0.301878125,0.8718226719672328,0.13793103448275862,56.99999999999999
1519,3543,0.3625,0.3125,0.6508384531984098,0.27586206896551724,56.99999999999999
1520,3317,0.3625,0.308090625,0.8562823756173954,0.13793103448275862,56.99999999999999
1521,5946,0.875,0.309375,0.7059462715335502,0.13793103448275862,56.99999999999999
1522,19298,0.375,0.10253125,0.9362968317070233,0.6896551724137931,56.992481203007515
1523,4361,0.6125,0.0828125,0.9004216359474762,1.0,56.97361335487344
1524,4351,0.6125,0.15274062500000002,0.9902300927599084,1.0,56.962843295638116
1525,2531,0.1125,0.3125,0.6508384531984098,0.48275862068965514,56.910569105691046
1526,16762,0.625,0.0712375,0.8605951090230093,1.0,56.90899299946149
1527,21293,0.8625,0.24623750000000003,0.9547885796891941,0.6206896551724137,56.89999999999999
1528,19832,0.3387875,0.25725312499999997,0.9411757619563906,0.8275862068965517,56.888888888888886
1529,3251,0.3625,0.20919375,0.9831104686182388,1.0,56.887452880990836
1530,19283,0.398775,0.11342812499999999,0.9395494518732683,1.0,56.86591276252018
1531,4140,0.375,0.089403125,0.9134441633538127,0.8275862068965517,56.861111111111114
1532,4128,0.375,0.17483437500000001,0.9989157932779182,0.9655172413793103,56.849999999999994
1533,19911,0.375,0.2712375,0.9201421515480062,1.0,56.83360258481421
1534,21314,0.625,0.24623750000000003,0.9673292374412721,0.8275862068965517,56.833333333333336
1535,19259,0.6125,0.11498749999999999,0.9416696783520058,0.3448275862068966,56.818181818181806
1536,20479,0.3625,0.12445312500000001,0.9534393446572701,0.3448275862068966,56.818181818181806
1537,5604,0.8625,0.302878125,0.8251897361763642,0.27586206896551724,56.79999999999999
1538,18000,0.375,0.0931125,0.9203228526683531,0.8275862068965517,56.77777777777778
1539,4354,0.6125,0.13098749999999998,0.9729671123960967,0.6206896551724137,56.76999999999999
1540,16649,0.3327375,0.0724125,0.8775448741115528,1.0,56.75821217016693
1541,4554,0.6125,0.3125,0.6752463558607397,1.0,56.75821217016693
1542,4684,0.6125,0.11517812499999999,0.9419226599204914,0.6206896551724137,56.73999999999999
1543,2335,0.1125,0.096103125,0.9256113721238406,1.0,56.72590199246095
1544,4708,0.6125,0.146521875,0.9739549451873267,0.8275862068965517,56.71666666666667
1545,4871,0.625,0.246875,0.9468497771352848,0.6206896551724137,56.70999999999999
1546,16682,0.5827375,0.0724125,0.8634140465004215,0.6206896551724137,56.69999999999999
1547,21333,0.6487,0.244684375,0.9690278279725333,0.6896551724137931,56.691729323308266
1548,4352,0.6125,0.145440625,0.9854234429586796,0.3448275862068966,56.69090909090908
1549,19991,0.648775,0.257215625,0.9412239489218166,0.9655172413793103,56.66666666666666
1550,23817,0.375,0.19003125,0.9878086977472593,0.9655172413793103,56.66666666666666
1551,4361,0.6125,0.0828125,0.9004216359474762,0.9655172413793103,56.66666666666666
1552,5369,0.8625,0.109803125,0.9472834598241175,0.6206896551724137,56.62999999999999
1553,19949,0.4047375000000001,0.25448125,0.9575352367184676,0.8275862068965517,56.611111111111114
1554,17975,0.40458750000000004,0.079471875,0.8795687266594386,0.6206896551724137,56.59999999999999
1555,3701,0.3625,0.12696875,0.9562703288760389,0.3448275862068966,56.59090909090908
1556,2905,0.125,0.3125,0.6508384531984098,0.9655172413793103,56.58333333333332
1557,23757,0.3625,0.18690625,1.0,0.9655172413793103,56.58333333333332
1558,5209,0.625,0.231915625,0.96883508011083,0.9655172413793103,56.55833333333332
1559,21280,0.625,0.24623750000000003,0.9547885796891941,0.3448275862068966,56.54545454545454
1560,19355,0.648775,0.11342812499999999,0.9395494518732683,1.0,56.542810985460406
1561,21223,0.5888,0.235378125,0.9658113480303577,1.0,56.542810985460406
1562,21340,0.8329000000000001,0.24742187499999999,0.9660040958920612,1.0,56.542810985460406
1563,4229,0.375,0.3125,0.8084809059149499,0.8275862068965517,56.516666666666666
1564,19260,0.6125,0.102578125,0.9233224912661124,0.48275862068965514,56.504065040650396
1565,20594,0.375,0.1368625,0.9785086134200698,0.48275862068965514,56.504065040650396
1566,19881,0.15474125,0.25448125,0.9575352367184676,0.9655172413793103,56.49999999999999
1567,16690,0.375,0.0712375,0.8605951090230093,0.9655172413793103,56.49999999999999
1568,17280,0.125,0.31186250000000004,0.8462594868088182,0.8275862068965517,56.44444444444444
1569,19965,0.3986875,0.26655937500000004,0.9406457053367063,1.0,56.43511039310715
1570,4298,0.6125,0.25,0.906143838091796,0.6206896551724137,56.42999999999999
1571,18535,0.3625,0.277578125,0.9091555234309118,0.48275862068965514,56.42276422764227
1572,2299,0.1125,0.3336,0.762462353933261,0.6206896551724137,56.39999999999999
1573,19997,0.8625,0.26811250000000003,0.9252258764004336,0.6206896551724137,56.39999999999999
1574,19297,0.375,0.09940625,0.9312251535959523,0.3448275862068966,56.36363636363635
1575,19368,0.625,0.11498749999999999,0.9544151307071437,0.48275862068965514,56.34146341463414
1576,20037,0.6486875000000001,0.26655937500000004,0.9406457053367063,0.9655172413793103,56.33333333333332
1577,5281,0.8625,0.194096875,0.9718949524153715,1.0,56.32740980075389
