rank,node_number,x_n,y_n,z_n,t_n,score
1,5505,0.8625,0.215625,0.62643055053608,0.0,21054.735999999997
2,6462,0.125,0.465625,0.7238561619082038,0.48275862068965514,14284.285142857141
3,12600,0.6125,0.871875,0.6538959161546801,0.48275862068965514,7144.999428571427
4,8456,0.625,0.40625,0.7718949524153716,0.27586206896551724,7001.299299999999
5,16178,0.6125,0.64625,0.7619563907962895,0.3448275862068966,5854.832749999999
6,20340,0.46412499999999995,0.8904062500000001,0.9294422358751956,0.3448275862068966,5833.416083333333
7,24326,0.7439250000000001,0.82284375,0.9866883508011083,0.6206896551724137,5833.416083333333
8,14031,0.875,0.9375,0.6996542585230695,0.13793103448275862,5449.181181818181
9,6137,0.875,0.28247187500000004,0.9134441633538127,0.0,5262.841368421052
10,487,0.5625,0.484375,0.62643055053608,0.13793103448275862,4545.544818181817
11,12183,0.375,0.6875,0.7059462715335502,1.0,4031.1992999999993
12,23420,0.4699375,0.48687500000000006,0.998831466088423,0.6896551724137931,3569.713785714285
13,20203,0.6961625,0.5759375,0.9323936875075292,0.8275862068965517,3124.2495624999997
14,397,0.5625,0.578125,0.62643055053608,0.9655172413793103,2858.3566428571426
15,3086,0.125,0.048982187499999996,0.6938103842910492,0.48275862068965514,2856.4994999999994
16,10292,0.8625,0.5216875,0.9831104686182388,0.9655172413793103,2852.4994999999994
17,19232,0.1843575,0.10329999999999999,0.937513552584026,0.3448275862068966,2499.916083333333
18,17320,0.6125,0.31498750000000003,0.8226478737501505,0.3448275862068966,2498.166083333333
19,5986,0.875,0.246875,0.7088266473918805,0.48275862068965514,2142.9995
20,10633,0.1125,0.9375,0.7240621611853992,0.0,2107.4729473684206
21,9133,0.6125,0.40625,0.6846187206360679,0.0,2107.1571578947364
22,7457,0.375,0.434375,0.7885315022286471,0.27586206896551724,1998.5992999999996
23,9262,0.6125,0.5378437500000001,0.9739549451873267,0.0,1053.788736842105
24,8361,0.625,0.6201875,0.8427538850740873,0.27586206896551724,903.3093999999999
25,2770,0.125,0.102146875,0.8990362606914829,0.3448275862068966,833.4160833333332
26,10204,0.8625,0.5169374999999999,0.9969883146608842,0.6896551724137931,709.8066428571427
27,19033,0.15476625,0.90134375,0.924587399108541,1.0,699.9393999999999
28,20174,0.5415,0.57596875,0.9452837007589447,0.6206896551724137,503.14949999999993
29,13686,0.8625,0.921625,0.7775207806288399,0.27586206896551724,499.7893999999999
30,1775,0.3125,0.875,0.6023370678231538,1.0,399.96939999999995
31,11717,0.3625,0.67378125,0.7085905312612938,0.0,302.3467368421052
32,1786,0.0625,0.890625,0.6023370678231538,0.27586206896551724,300.0593999999999
33,10828,0.125,0.78125,0.9059872304541622,0.13793103448275862,181.4903636363636
34,12403,0.6125,0.90625,0.8367546078785688,0.3448275862068966,166.71616666666665
35,6329,0.125,0.61378125,0.8589928924225997,0.48275862068965514,161.42857142857142
36,10729,0.1125,0.65934375,0.7478014697024454,0.0,157.99999999999997
37,6346,0.125,0.6379374999999999,0.7905914950006022,0.48275862068965514,157.1428571428571
38,10729,0.1125,0.65934375,0.7478014697024454,1.0,154.29999999999998
39,7192,0.1125,0.6420625,0.7767256956993133,0.48275862068965514,154.28571428571428
40,7193,0.1125,0.64609375,0.762462353933261,0.6206896551724137,152.08333333333331
41,16063,0.125,0.64625,0.7619563907962895,0.0,151.05263157894734
42,10729,0.1125,0.65934375,0.7478014697024454,0.27586206896551724,150.29999999999998
43,6342,0.125,0.64378125,0.7470545717383447,0.6206896551724137,149.99999999999997
44,7193,0.1125,0.64609375,0.762462353933261,0.48275862068965514,149.28571428571428
45,6352,0.125,0.638375,0.8049271172147935,0.48275862068965514,145.7142857142857
46,6342,0.125,0.64378125,0.7470545717383447,1.0,144.99999999999997
47,17463,0.12499999999999992,0.61190625,0.8635586073966991,0.48275862068965514,144.28571428571428
48,16063,0.125,0.64625,0.7619563907962895,0.27586206896551724,143.49999999999997
49,6342,0.125,0.64378125,0.7470545717383447,0.0,142.52631578947367
50,6347,0.125,0.6420625,0.7767256956993133,0.48275862068965514,142.1428571428571
51,6345,0.125,0.63371875,0.8040477050957715,0.48275862068965514,139.64285714285714
52,6342,0.125,0.64378125,0.7470545717383447,0.27586206896551724,137.29999999999998
53,15587,0.12499999999999992,0.66190625,0.7740151788941092,1.0,135.49999999999997
54,8208,0.3625,0.65003125,0.7478014697024454,0.0,133.15789473684208
55,6342,0.125,0.64378125,0.7470545717383447,0.3448275862068966,132.91666666666666
56,17487,0.3625,0.6119375,0.8634501867244909,0.48275862068965514,132.85714285714283
57,10729,0.1125,0.65934375,0.7478014697024454,0.13793103448275862,131.90909090909088
58,16064,0.14860375,0.6446875000000001,0.7675219853029756,0.0,131.89473684210523
59,16063,0.125,0.64625,0.7619563907962895,0.13793103448275862,130.27272727272725
60,6342,0.125,0.64378125,0.7470545717383447,0.13793103448275862,129.99999999999997
61,8376,0.625,0.65003125,0.7478014697024454,0.0,129.05263157894734
62,15587,0.12499999999999992,0.66190625,0.7740151788941092,0.0,128.73684210526312
63,10913,0.125,0.66328125,0.762462353933261,0.0,128.52631578947367
64,6341,0.125,0.63753125,0.7463052644259728,0.6206896551724137,128.33333333333331
65,16267,0.83895,0.6446875000000001,0.767509938561619,0.0,127.89473684210523
66,10445,0.1125,0.65996875,0.7669437417178653,0.0,127.36842105263156
67,7142,0.1125,0.64940625,0.7669437417178653,0.48275862068965514,127.14285714285712
68,10913,0.125,0.66328125,0.762462353933261,1.0,126.89999999999998
69,8208,0.3625,0.65003125,0.7478014697024454,0.27586206896551724,125.89999999999998
70,13931,0.875,0.65934375,0.7478014697024454,0.0,125.89473684210525
71,16064,0.14860375,0.6446875000000001,0.7675219853029756,0.27586206896551724,125.59999999999998
72,8224,0.3625,0.61378125,0.8589928924225997,0.48275862068965514,124.99999999999999
73,7356,0.375,0.64378125,0.7470545717383447,0.3448275862068966,124.74999999999999
74,10730,0.1125,0.66559375,0.7470545717383447,0.0,124.73684210526314
75,7330,0.375,0.5758125,0.9325864353692326,0.9655172413793103,124.14285714285712
76,16081,0.1843175,0.64546875,0.7646910010842067,0.0,123.89473684210525
77,7330,0.375,0.5758125,0.9325864353692326,0.6896551724137931,123.85714285714285
78,14261,0.875,0.65996875,0.7669437417178653,0.0,123.7894736842105
79,10716,0.1125,0.6639062499999999,0.7352017829177208,0.0,123.68421052631577
80,7330,0.375,0.5758125,0.9325864353692326,0.8275862068965517,123.56249999999999
81,8376,0.625,0.65003125,0.7478014697024454,0.27586206896551724,123.29999999999998
82,10729,0.1125,0.65934375,0.7478014697024454,0.6206896551724137,122.99999999999999
83,15587,0.12499999999999992,0.66190625,0.7740151788941092,0.27586206896551724,122.99999999999997
84,10913,0.125,0.66328125,0.762462353933261,0.27586206896551724,122.39999999999998
85,16064,0.14860375,0.6446875000000001,0.7675219853029756,1.0,122.09999999999998
86,9249,0.6125,0.5758125,0.9325864353692326,0.9655172413793103,121.7142857142857
87,10445,0.1125,0.65996875,0.7669437417178653,1.0,121.69999999999997
88,16267,0.83895,0.6446875000000001,0.767509938561619,0.27586206896551724,121.49999999999997
89,10720,0.1125,0.66328125,0.762462353933261,0.0,121.47368421052629
90,9249,0.6125,0.5758125,0.9325864353692326,0.8275862068965517,121.37499999999999
91,9249,0.6125,0.5758125,0.9325864353692326,0.6896551724137931,121.28571428571426
92,16267,0.83895,0.6446875000000001,0.767509938561619,1.0,121.09999999999998
93,10445,0.1125,0.65996875,0.7669437417178653,0.27586206896551724,120.89999999999998
94,13931,0.875,0.65934375,0.7478014697024454,0.27586206896551724,120.19999999999997
95,10729,0.1125,0.65934375,0.7478014697024454,0.3448275862068966,119.83333333333331
96,16082,0.1645725,0.64678125,0.7600048186965426,0.0,119.57894736842103
97,7376,0.375,0.5745625000000001,0.9472834598241175,0.9655172413793103,119.28571428571426
98,16251,0.8033625000000001,0.64546875,0.7646910010842067,0.0,119.26315789473682
99,7376,0.375,0.5745625000000001,0.9472834598241175,0.6896551724137931,119.2142857142857
100,10730,0.1125,0.66559375,0.7470545717383447,0.27586206896551724,119.19999999999997
101,15798,0.8625,0.6619375,0.7741838332730996,0.0,118.73684210526314
102,10716,0.1125,0.6639062499999999,0.7352017829177208,0.27586206896551724,118.39999999999998
103,16081,0.1843175,0.64546875,0.7646910010842067,0.27586206896551724,117.89999999999998
104,16083,0.14470624999999998,0.6480625,0.7552222623780267,0.48275862068965514,117.85714285714285
105,16083,0.14470624999999998,0.6480625,0.7552222623780267,1.0,117.49999999999997
106,14261,0.875,0.65996875,0.7669437417178653,0.27586206896551724,117.49999999999997
107,9182,0.6125,0.5745625000000001,0.9472834598241175,0.9655172413793103,117.2142857142857
108,9182,0.6125,0.5745625000000001,0.9472834598241175,0.6896551724137931,116.92857142857142
109,7376,0.375,0.5745625000000001,0.9472834598241175,1.0,116.89999999999998
110,9182,0.6125,0.5745625000000001,0.9472834598241175,0.8275862068965517,116.81249999999999
111,6606,0.125,0.64546875,0.7352017829177208,1.0,116.59999999999998
112,14261,0.875,0.65996875,0.7669437417178653,1.0,116.59999999999998
113,7194,0.1125,0.65003125,0.7478014697024454,1.0,116.49999999999999
114,6341,0.125,0.63753125,0.7463052644259728,0.0,116.31578947368419
115,7376,0.375,0.5745625000000001,0.9472834598241175,0.8275862068965517,116.24999999999999
116,8376,0.625,0.65003125,0.7478014697024454,0.13793103448275862,115.99999999999999
117,7194,0.1125,0.65003125,0.7478014697024454,0.0,115.99999999999997
118,10720,0.1125,0.66328125,0.762462353933261,0.27586206896551724,115.59999999999998
119,11915,0.375,0.65934375,0.7478014697024454,0.0,115.05263157894734
120,9249,0.6125,0.5758125,0.9325864353692326,1.0,114.69999999999997
121,16250,0.82305,0.64678125,0.7600048186965426,0.0,114.6315789473684
122,16082,0.1645725,0.64678125,0.7600048186965426,1.0,114.49999999999999
123,8158,0.3625,0.638375,0.8049271172147935,0.48275862068965514,114.28571428571428
124,16064,0.14860375,0.6446875000000001,0.7675219853029756,0.13793103448275862,114.18181818181816
125,16082,0.1645725,0.64678125,0.7600048186965426,0.27586206896551724,113.99999999999999
126,7356,0.375,0.64378125,0.7470545717383447,0.6206896551724137,113.58333333333331
127,16251,0.8033625000000001,0.64546875,0.7646910010842067,0.27586206896551724,113.29999999999998
128,7330,0.375,0.5758125,0.9325864353692326,1.0,112.99999999999999
129,13931,0.875,0.65934375,0.7478014697024454,0.13793103448275862,112.90909090909089
130,15798,0.8625,0.6619375,0.7741838332730996,0.27586206896551724,112.89999999999998
131,10730,0.1125,0.66559375,0.7470545717383447,0.13793103448275862,112.8181818181818
132,10720,0.1125,0.66328125,0.762462353933261,1.0,112.39999999999998
133,16063,0.125,0.64625,0.7619563907962895,0.3448275862068966,112.24999999999999
134,9182,0.6125,0.5745625000000001,0.9472834598241175,1.0,111.99999999999999
135,6341,0.125,0.63753125,0.7463052644259728,0.27586206896551724,111.79999999999998
136,15536,0.12499999999999992,0.66190625,0.7574509095289723,0.0,111.57894736842103
137,15587,0.12499999999999992,0.66190625,0.7740151788941092,0.13793103448275862,111.45454545454544
138,16267,0.83895,0.6446875000000001,0.767509938561619,0.13793103448275862,111.27272727272725
139,10237,0.8625,0.64378125,0.7470545717383447,0.3448275862068966,111.24999999999999
140,16080,0.20421625,0.6441874999999999,0.7693289965064449,0.0,110.94736842105262
141,8208,0.3625,0.65003125,0.7478014697024454,0.13793103448275862,110.63636363636361
142,10913,0.125,0.66328125,0.762462353933261,0.13793103448275862,110.45454545454544
143,6341,0.125,0.63753125,0.7463052644259728,1.0,110.19999999999997
144,6341,0.125,0.63753125,0.7463052644259728,0.3448275862068966,109.99999999999999
145,16063,0.125,0.64625,0.7619563907962895,1.0,109.99999999999999
146,10445,0.1125,0.65996875,0.7669437417178653,0.13793103448275862,109.90909090909089
147,10237,0.8625,0.64378125,0.7470545717383447,0.6206896551724137,109.66666666666664
148,7194,0.1125,0.65003125,0.7478014697024454,0.27586206896551724,109.59999999999998
149,16251,0.8033625000000001,0.64546875,0.7646910010842067,1.0,109.39999999999998
150,16250,0.82305,0.64678125,0.7600048186965426,0.27586206896551724,109.19999999999997
151,12923,0.625,0.65934375,0.7478014697024454,0.0,109.05263157894734
152,11915,0.375,0.65934375,0.7478014697024454,0.27586206896551724,108.69999999999997
153,16112,0.125,0.63065625,0.828538730273461,0.48275862068965514,108.57142857142856
154,10716,0.1125,0.6639062499999999,0.7352017829177208,0.13793103448275862,108.36363636363635
155,15587,0.12499999999999992,0.66190625,0.7740151788941092,0.6206896551724137,107.83333333333331
156,16081,0.1843175,0.64546875,0.7646910010842067,0.13793103448275862,107.18181818181816
157,6341,0.125,0.63753125,0.7463052644259728,0.13793103448275862,107.18181818181816
158,6349,0.125,0.64609375,0.762462353933261,0.0,107.15789473684208
159,16064,0.14860375,0.6446875000000001,0.7675219853029756,0.3448275862068966,106.91666666666666
160,13930,0.875,0.66559375,0.7470545717383447,0.13793103448275862,106.8181818181818
161,15536,0.12499999999999992,0.66190625,0.7574509095289723,0.27586206896551724,106.79999999999998
162,16295,0.6448750000000001,0.63196875,0.8246837730393927,0.0,106.6315789473684
163,16252,0.783525,0.6441874999999999,0.7693289965064449,0.0,106.10526315789471
164,14261,0.875,0.65996875,0.7669437417178653,0.13793103448275862,106.09090909090908
165,6353,0.125,0.6325937500000001,0.822816528129141,0.6206896551724137,105.83333333333331
166,10237,0.8625,0.64378125,0.7470545717383447,0.13793103448275862,105.8181818181818
167,16295,0.6448750000000001,0.63196875,0.8246837730393927,1.0,105.79999999999998
168,15535,0.125,0.65878125,0.7456993133357427,1.0,105.79999999999998
169,6342,0.125,0.64378125,0.7470545717383447,0.9655172413793103,105.64285714285712
170,6353,0.125,0.6325937500000001,0.822816528129141,1.0,105.59999999999998
171,6606,0.125,0.64546875,0.7352017829177208,0.0,105.57894736842103
172,16083,0.14470624999999998,0.6480625,0.7552222623780267,0.6206896551724137,105.49999999999999
173,16080,0.20421625,0.6441874999999999,0.7693289965064449,0.27586206896551724,105.49999999999999
174,7808,0.3625,0.45253125,0.922840621611854,0.0,105.44147368421051
175,13944,0.875,0.6639062499999999,0.7352017829177208,0.48275862068965514,105.28571428571428
176,13944,0.875,0.6639062499999999,0.7352017829177208,0.13793103448275862,105.27272727272725
177,10720,0.1125,0.66328125,0.762462353933261,0.13793103448275862,104.8181818181818
178,10720,0.1125,0.66328125,0.762462353933261,0.6206896551724137,104.66666666666666
179,16121,0.342625,0.63196875,0.8246837730393927,0.0,104.31578947368419
180,7362,0.375,0.65003125,0.7478014697024454,0.0,104.21052631578945
181,6341,0.125,0.63753125,0.7463052644259728,0.9655172413793103,104.07142857142856
182,15587,0.12499999999999992,0.66190625,0.7740151788941092,0.3448275862068966,103.91666666666666
183,10716,0.1125,0.6639062499999999,0.7352017829177208,0.3448275862068966,103.83333333333331
184,13930,0.875,0.66559375,0.7470545717383447,0.0,103.7894736842105
185,16251,0.8033625000000001,0.64546875,0.7646910010842067,0.13793103448275862,103.63636363636363
186,16082,0.1645725,0.64678125,0.7600048186965426,0.13793103448275862,103.63636363636363
187,12923,0.625,0.65934375,0.7478014697024454,0.27586206896551724,103.59999999999998
188,15798,0.8625,0.6619375,0.7741838332730996,1.0,103.09999999999998
189,7355,0.375,0.63753125,0.7463052644259728,0.3448275862068966,102.74999999999999
190,15536,0.12499999999999992,0.66190625,0.7574509095289723,1.0,102.59999999999998
191,15536,0.12499999999999992,0.66190625,0.7574509095289723,0.13793103448275862,102.45454545454544
192,9624,0.875,0.625,0.62643055053608,1.0,102.39999999999998
193,7193,0.1125,0.64609375,0.762462353933261,0.3448275862068966,102.33333333333331
194,10716,0.1125,0.6639062499999999,0.7352017829177208,1.0,102.09999999999998
195,6342,0.125,0.64378125,0.7470545717383447,0.6896551724137931,102.07142857142856
196,10913,0.125,0.66328125,0.762462353933261,0.3448275862068966,101.74999999999999
197,6349,0.125,0.64609375,0.762462353933261,0.27586206896551724,101.59999999999998
198,10720,0.1125,0.66328125,0.762462353933261,0.3448275862068966,101.58333333333331
199,7192,0.1125,0.6420625,0.7767256956993133,0.6206896551724137,101.49999999999999
200,13937,0.875,0.66328125,0.762462353933261,0.0,101.4736842105263
201,6342,0.125,0.64378125,0.7470545717383447,0.48275862068965514,101.42857142857142
202,7194,0.1125,0.65003125,0.7478014697024454,0.6206896551724137,101.41666666666666
203,10730,0.1125,0.66559375,0.7470545717383447,1.0,101.39999999999998
204,6958,0.1125,0.625,0.62643055053608,0.0,101.26315789473682
205,16288,0.625,0.63065625,0.828538730273461,1.0,101.19999999999999
206,6341,0.125,0.63753125,0.7463052644259728,0.6896551724137931,101.14285714285712
207,10716,0.1125,0.6639062499999999,0.7352017829177208,0.6206896551724137,101.08333333333331
208,16295,0.6448750000000001,0.63196875,0.8246837730393927,0.27586206896551724,100.99999999999999
209,16250,0.82305,0.64678125,0.7600048186965426,0.13793103448275862,100.8181818181818
210,6606,0.125,0.64546875,0.7352017829177208,0.27586206896551724,100.79999999999998
211,15798,0.8625,0.6619375,0.7741838332730996,0.13793103448275862,100.7272727272727
212,16252,0.783525,0.6441874999999999,0.7693289965064449,0.27586206896551724,100.69999999999999
213,16081,0.1843175,0.64546875,0.7646910010842067,1.0,100.69999999999999
214,13944,0.875,0.6639062499999999,0.7352017829177208,0.0,100.6315789473684
215,13930,0.875,0.66559375,0.7470545717383447,0.27586206896551724,100.59999999999998
216,8376,0.625,0.65003125,0.7478014697024454,1.0,100.59999999999998
217,10913,0.125,0.66328125,0.762462353933261,0.6206896551724137,100.58333333333331
218,8208,0.3625,0.65003125,0.7478014697024454,1.0,100.49999999999999
219,16252,0.783525,0.6441874999999999,0.7693289965064449,1.0,100.39999999999998
220,8160,0.3625,0.62665625,0.8399349475966751,0.48275862068965514,99.99999999999999
221,12923,0.625,0.65934375,0.7478014697024454,0.13793103448275862,99.99999999999999
222,16083,0.14470624999999998,0.6480625,0.7552222623780267,0.0,99.99999999999999
223,16081,0.1843175,0.64546875,0.7646910010842067,0.3448275862068966,99.91666666666666
224,16065,0.17242125,0.6431250000000001,0.773027346102879,0.0,99.36842105263156
225,7362,0.375,0.65003125,0.7478014697024454,0.27586206896551724,99.29999999999998
226,16113,0.125,0.64625,0.7784001927478615,0.48275862068965514,99.28571428571428
227,16250,0.82305,0.64678125,0.7600048186965426,1.0,99.19999999999999
228,16121,0.342625,0.63196875,0.8246837730393927,0.27586206896551724,99.19999999999999
229,16082,0.1645725,0.64678125,0.7600048186965426,0.6206896551724137,98.99999999999999
230,9223,0.6125,0.64378125,0.7470545717383447,0.0,98.92631578947366
231,10237,0.8625,0.64378125,0.7470545717383447,0.48275862068965514,98.57142857142856
232,7194,0.1125,0.65003125,0.7478014697024454,0.13793103448275862,98.27272727272725
233,15586,0.1486025,0.66346875,0.7795205396940127,1.0,98.19999999999999
234,16268,0.8151875000000001,0.6431250000000001,0.7730032526201662,0.0,97.99999999999999
235,13944,0.875,0.6639062499999999,0.7352017829177208,0.27586206896551724,97.89999999999998
236,16082,0.1645725,0.64678125,0.7600048186965426,0.3448275862068966,97.83333333333331
237,9624,0.875,0.625,0.62643055053608,0.0,97.7894736842105
238,16082,0.1645725,0.64678125,0.7600048186965426,0.48275862068965514,97.71428571428571
239,13944,0.875,0.6639062499999999,0.7352017829177208,0.6206896551724137,97.58333333333331
240,9972,0.8625,0.64546875,0.7352017829177208,0.0,97.36842105263156
241,16064,0.14860375,0.6446875000000001,0.7675219853029756,0.6206896551724137,97.33333333333331
242,10235,0.8625,0.64609375,0.762462353933261,0.0,97.26315789473682
243,16063,0.125,0.64625,0.7619563907962895,0.48275862068965514,97.21428571428571
244,7356,0.375,0.64378125,0.7470545717383447,0.13793103448275862,97.09090909090908
245,9223,0.6125,0.64378125,0.7470545717383447,0.27586206896551724,96.52999999999999
246,13937,0.875,0.66328125,0.762462353933261,0.27586206896551724,96.49999999999999
247,7192,0.1125,0.6420625,0.7767256956993133,1.0,96.49999999999999
248,10238,0.8625,0.63753125,0.7463052644259728,0.13793103448275862,96.18181818181817
249,7362,0.375,0.65003125,0.7478014697024454,0.13793103448275862,96.09090909090908
250,16063,0.125,0.64625,0.7619563907962895,0.6206896551724137,96.08333333333331
251,7194,0.1125,0.65003125,0.7478014697024454,0.3448275862068966,96.08333333333331
252,14261,0.875,0.65996875,0.7669437417178653,0.48275862068965514,96.07142857142856
253,16080,0.20421625,0.6441874999999999,0.7693289965064449,0.13793103448275862,95.8181818181818
254,13937,0.875,0.66328125,0.762462353933261,1.0,95.79999999999998
255,7356,0.375,0.64378125,0.7470545717383447,0.48275862068965514,95.71428571428571
256,16083,0.14470624999999998,0.6480625,0.7552222623780267,0.27586206896551724,95.59999999999998
257,11737,0.3625,0.65934375,0.7478014697024454,0.0,95.4736842105263
258,16084,0.125,0.649375,0.750391519094085,0.48275862068965514,95.07142857142856
259,11737,0.3625,0.65934375,0.7478014697024454,0.13793103448275862,94.99999999999999
260,16084,0.125,0.649375,0.750391519094085,1.0,94.79999999999998
261,9390,0.875,0.65003125,0.7478014697024454,1.0,94.69999999999999
262,13944,0.875,0.6639062499999999,0.7352017829177208,0.3448275862068966,94.66666666666666
263,16065,0.17242125,0.6431250000000001,0.773027346102879,0.27586206896551724,94.59999999999998
264,13931,0.875,0.65934375,0.7478014697024454,0.48275862068965514,94.35714285714285
265,11915,0.375,0.65934375,0.7478014697024454,0.13793103448275862,94.18181818181817
266,13931,0.875,0.65934375,0.7478014697024454,0.6206896551724137,94.16666666666666
267,16249,0.84285,0.6480625,0.7552222623780267,0.0,94.10526315789473
268,7362,0.375,0.65003125,0.7478014697024454,1.0,93.99999999999999
269,16267,0.83895,0.6446875000000001,0.767509938561619,0.6206896551724137,93.83333333333331
270,16251,0.8033625000000001,0.64546875,0.7646910010842067,0.3448275862068966,93.83333333333331
271,9222,0.6125,0.65003125,0.7478014697024454,0.0,93.7894736842105
272,16095,0.342625,0.63196875,0.8094085049993975,1.0,93.59999999999998
273,6353,0.125,0.6325937500000001,0.822816528129141,0.48275862068965514,93.57142857142856
274,13930,0.875,0.66559375,0.7470545717383447,0.48275862068965514,93.49999999999999
275,9972,0.8625,0.64546875,0.7352017829177208,0.27586206896551724,93.49999999999999
276,16268,0.8151875000000001,0.6431250000000001,0.7730032526201662,0.27586206896551724,93.19999999999999
277,15535,0.125,0.65878125,0.7456993133357427,0.0,93.15789473684208
278,16267,0.83895,0.6446875000000001,0.767509938561619,0.3448275862068966,93.08333333333331
279,16251,0.8033625000000001,0.64546875,0.7646910010842067,0.6206896551724137,93.08333333333331
280,7355,0.375,0.63753125,0.7463052644259728,0.6206896551724137,93.08333333333331
281,13931,0.875,0.65934375,0.7478014697024454,0.3448275862068966,92.99999999999999
282,16084,0.125,0.649375,0.750391519094085,0.6206896551724137,92.91666666666666
283,6958,0.1125,0.625,0.62643055053608,0.27586206896551724,92.89999999999998
284,16083,0.14470624999999998,0.6480625,0.7552222623780267,0.6896551724137931,92.85714285714285
285,8205,0.3625,0.6379374999999999,0.7905914950006022,0.48275862068965514,92.85714285714285
286,10238,0.8625,0.63753125,0.7463052644259728,0.3448275862068966,92.74999999999999
287,6606,0.125,0.64546875,0.7352017829177208,0.6206896551724137,92.49999999999999
288,10235,0.8625,0.64609375,0.762462353933261,0.27586206896551724,92.29999999999998
289,15535,0.125,0.65878125,0.7456993133357427,0.9655172413793103,92.14285714285712
290,15535,0.125,0.65878125,0.7456993133357427,0.6896551724137931,92.14285714285712
291,16288,0.625,0.63065625,0.828538730273461,0.0,91.99999999999999
292,7355,0.375,0.63753125,0.7463052644259728,1.0,91.81999999999998
293,16079,0.22399874999999997,0.642875,0.7738706179978316,0.0,91.7894736842105
294,7356,0.375,0.64378125,0.7470545717383447,0.0,91.77894736842103
295,10730,0.1125,0.66559375,0.7470545717383447,0.6206896551724137,91.74999999999999
296,10238,0.8625,0.63753125,0.7463052644259728,0.6206896551724137,91.74999999999999
297,16268,0.8151875000000001,0.6431250000000001,0.7730032526201662,1.0,91.69999999999999
298,9624,0.875,0.625,0.62643055053608,0.6206896551724137,91.66666666666666
299,16252,0.783525,0.6441874999999999,0.7693289965064449,0.13793103448275862,91.63636363636363
300,11737,0.3625,0.65934375,0.7478014697024454,0.27586206896551724,91.59999999999998
301,16084,0.125,0.649375,0.750391519094085,0.0,91.57894736842104
302,7356,0.375,0.64378125,0.7470545717383447,0.27586206896551724,91.56999999999998
303,6606,0.125,0.64546875,0.7352017829177208,0.13793103448275862,91.27272727272725
304,9392,0.875,0.64940625,0.7669437417178653,0.0,91.26315789473682
305,9624,0.875,0.625,0.62643055053608,0.27586206896551724,91.19999999999999
306,8161,0.3625,0.62059375,0.8562823756173954,0.48275862068965514,91.14285714285712
307,16295,0.6448750000000001,0.63196875,0.8246837730393927,0.13793103448275862,91.09090909090908
308,10730,0.1125,0.66559375,0.7470545717383447,0.3448275862068966,90.99999999999999
309,6349,0.125,0.64609375,0.762462353933261,0.13793103448275862,90.8181818181818
310,15587,0.12499999999999992,0.66190625,0.7740151788941092,0.48275862068965514,90.71428571428571
311,16294,0.664625,0.63325,0.8208047223226117,0.0,90.10526315789473
312,16121,0.342625,0.63196875,0.8246837730393927,0.13793103448275862,90.09090909090908
313,13944,0.875,0.6639062499999999,0.7352017829177208,0.9655172413793103,89.99999999999999
314,13944,0.875,0.6639062499999999,0.7352017829177208,0.6896551724137931,89.99999999999999
315,16065,0.17242125,0.6431250000000001,0.773027346102879,1.0,89.99999999999999
316,16249,0.84285,0.6480625,0.7552222623780267,0.27586206896551724,89.79999999999998
317,15586,0.1486025,0.66346875,0.7795205396940127,0.0,89.68421052631577
318,9391,0.875,0.64609375,0.762462353933261,0.3448275862068966,89.66666666666666
319,7362,0.375,0.65003125,0.7478014697024454,0.3448275862068966,89.66666666666666
320,10237,0.8625,0.64378125,0.7470545717383447,0.9655172413793103,89.42857142857142
321,6607,0.125,0.6515625,0.735933020118058,0.0,89.36842105263156
322,16122,0.32287499999999997,0.63325,0.8208047223226117,0.0,89.36842105263156
323,6270,0.125,0.625,0.8084809059149499,1.0,89.29999999999998
324,10445,0.1125,0.65996875,0.7669437417178653,0.9655172413793103,89.28571428571428
325,7191,0.1125,0.6379374999999999,0.7905914950006022,0.48275862068965514,89.28571428571428
326,13937,0.875,0.66328125,0.762462353933261,0.13793103448275862,89.27272727272725
327,10729,0.1125,0.65934375,0.7478014697024454,0.48275862068965514,89.21428571428571
328,15535,0.125,0.65878125,0.7456993133357427,0.27586206896551724,89.19999999999999
329,9390,0.875,0.65003125,0.7478014697024454,0.0,89.15789473684208
330,11915,0.375,0.65934375,0.7478014697024454,1.0,89.09999999999998
331,9222,0.6125,0.65003125,0.7478014697024454,0.27586206896551724,88.89999999999998
332,7355,0.375,0.63753125,0.7463052644259728,0.0,88.64210526315787
333,10237,0.8625,0.64378125,0.7470545717383447,0.6896551724137931,88.42857142857142
334,16250,0.82305,0.64678125,0.7600048186965426,0.3448275862068966,88.33333333333331
335,6619,0.125,0.621875,0.8320322852668354,0.48275862068965514,87.85714285714285
336,10238,0.8625,0.63753125,0.7463052644259728,0.48275862068965514,87.85714285714285
337,16108,0.3625,0.63065625,0.828538730273461,0.0,87.68421052631577
338,8376,0.625,0.65003125,0.7478014697024454,0.3448275862068966,87.66666666666666
339,16294,0.664625,0.63325,0.8208047223226117,1.0,87.49999999999999
340,10907,0.125,0.65934375,0.7478014697024454,1.0,87.49999999999999
341,16084,0.125,0.649375,0.750391519094085,0.27586206896551724,87.49999999999999
342,9391,0.875,0.64609375,0.762462353933261,0.6206896551724137,87.41666666666666
343,10235,0.8625,0.64609375,0.762462353933261,1.0,87.39999999999998
344,16083,0.14470624999999998,0.6480625,0.7552222623780267,0.13793103448275862,87.36363636363635
345,16080,0.20421625,0.6441874999999999,0.7693289965064449,0.3448275862068966,87.33333333333331
346,9623,0.875,0.625,0.6508384531984098,1.0,87.29999999999998
347,16079,0.22399874999999997,0.642875,0.7738706179978316,0.27586206896551724,87.29999999999998
348,6955,0.1125,0.625,0.6508384531984098,0.0,87.1578947368421
349,13930,0.875,0.66559375,0.7470545717383447,0.6896551724137931,87.14285714285712
350,10730,0.1125,0.66559375,0.7470545717383447,0.9655172413793103,87.14285714285712
351,16288,0.625,0.63065625,0.828538730273461,0.27586206896551724,87.09999999999998
352,8376,0.625,0.65003125,0.7478014697024454,0.6206896551724137,87.08333333333331
353,16082,0.1645725,0.64678125,0.7600048186965426,0.6896551724137931,87.07142857142856
354,10237,0.8625,0.64378125,0.7470545717383447,0.27586206896551724,86.99999999999999
355,9390,0.875,0.65003125,0.7478014697024454,0.3448275862068966,86.83333333333331
356,16250,0.82305,0.64678125,0.7600048186965426,0.6206896551724137,86.66666666666666
357,7362,0.375,0.65003125,0.7478014697024454,0.6206896551724137,86.58333333333331
358,13930,0.875,0.66559375,0.7470545717383447,0.9655172413793103,86.42857142857142
359,10445,0.1125,0.65996875,0.7669437417178653,0.8275862068965517,86.24999999999999
360,9392,0.875,0.64940625,0.7669437417178653,0.27586206896551724,86.19999999999999
361,9972,0.8625,0.64546875,0.7352017829177208,0.13793103448275862,86.09090909090908
362,6931,0.1125,0.63934375,0.7344705457173835,0.0,85.99999999999999
363,10237,0.8625,0.64378125,0.7470545717383447,0.0,85.99999999999999
364,16295,0.6448750000000001,0.63196875,0.8246837730393927,0.6206896551724137,85.83333333333331
365,9390,0.875,0.65003125,0.7478014697024454,0.6206896551724137,85.83333333333331
366,16065,0.17242125,0.6431250000000001,0.773027346102879,0.13793103448275862,85.8181818181818
367,10920,0.125,0.6639062499999999,0.7352017829177208,1.0,85.79999999999998
368,16268,0.8151875000000001,0.6431250000000001,0.7730032526201662,0.13793103448275862,85.72727272727272
369,10445,0.1125,0.65996875,0.7669437417178653,0.6896551724137931,85.71428571428571
370,9624,0.875,0.625,0.62643055053608,0.48275862068965514,85.71428571428571
371,14261,0.875,0.65996875,0.7669437417178653,0.6896551724137931,85.71428571428571
372,7355,0.375,0.63753125,0.7463052644259728,0.27586206896551724,85.65999999999998
373,15586,0.1486025,0.66346875,0.7795205396940127,0.27586206896551724,85.59999999999998
374,10235,0.8625,0.64609375,0.762462353933261,0.13793103448275862,85.54545454545453
375,16294,0.664625,0.63325,0.8208047223226117,0.27586206896551724,85.39999999999999
376,13937,0.875,0.66328125,0.762462353933261,0.3448275862068966,85.33333333333331
377,10237,0.8625,0.64378125,0.7470545717383447,0.8275862068965517,84.99999999999999
378,15535,0.125,0.65878125,0.7456993133357427,0.8275862068965517,84.99999999999999
379,10716,0.1125,0.6639062499999999,0.7352017829177208,0.6896551724137931,84.99999999999999
380,6341,0.125,0.63753125,0.7463052644259728,0.48275862068965514,84.99999999999999
381,6270,0.125,0.625,0.8084809059149499,0.6206896551724137,84.99999999999999
382,16122,0.32287499999999997,0.63325,0.8208047223226117,0.27586206896551724,84.99999999999999
383,6607,0.125,0.6515625,0.735933020118058,1.0,84.89999999999999
384,7194,0.1125,0.65003125,0.7478014697024454,0.48275862068965514,84.85714285714285
385,16121,0.342625,0.63196875,0.8246837730393927,0.3448275862068966,84.74999999999999
386,6607,0.125,0.6515625,0.735933020118058,0.27586206896551724,84.69999999999999
387,10720,0.1125,0.66328125,0.762462353933261,0.48275862068965514,84.64285714285714
388,8208,0.3625,0.65003125,0.7478014697024454,0.3448275862068966,84.49999999999999
389,16249,0.84285,0.6480625,0.7552222623780267,0.13793103448275862,84.36363636363635
390,10730,0.1125,0.66559375,0.7470545717383447,0.6896551724137931,84.28571428571428
391,14261,0.875,0.65996875,0.7669437417178653,0.9655172413793103,84.28571428571428
392,13937,0.875,0.66328125,0.762462353933261,0.6206896551724137,84.24999999999999
393,9390,0.875,0.65003125,0.7478014697024454,0.27586206896551724,84.19999999999999
394,15795,0.83895,0.6635,0.7796530538489338,0.0,84.10526315789473
395,6931,0.1125,0.63934375,0.7344705457173835,1.0,84.09999999999998
396,6605,0.125,0.63934375,0.7344705457173835,1.0,84.09999999999998
397,16252,0.783525,0.6441874999999999,0.7693289965064449,0.6206896551724137,84.08333333333331
398,16112,0.125,0.63065625,0.828538730273461,0.6206896551724137,84.08333333333331
399,6352,0.125,0.638375,0.8049271172147935,0.6206896551724137,83.91666666666666
400,9623,0.875,0.625,0.6508384531984098,0.0,83.89473684210525
401,16252,0.783525,0.6441874999999999,0.7693289965064449,0.3448275862068966,83.83333333333331
402,13944,0.875,0.6639062499999999,0.7352017829177208,0.8275862068965517,83.74999999999999
403,6958,0.1125,0.625,0.62643055053608,0.13793103448275862,83.63636363636363
404,9999,0.8625,0.625,0.6996542585230695,1.0,83.59999999999998
405,10913,0.125,0.66328125,0.762462353933261,0.9655172413793103,83.57142857142856
406,16081,0.1843175,0.64546875,0.7646910010842067,0.6206896551724137,83.49999999999999
407,16083,0.14470624999999998,0.6480625,0.7552222623780267,0.9655172413793103,83.42857142857142
408,7593,0.375,0.625,0.6996542585230695,1.0,83.39999999999999
409,7365,0.375,0.64396875,0.7863028550777015,0.48275862068965514,83.35714285714285
410,9975,0.8625,0.6515625,0.735933020118058,0.0,83.1578947368421
411,16108,0.3625,0.63065625,0.828538730273461,0.27586206896551724,83.09999999999998
412,16083,0.14470624999999998,0.6480625,0.7552222623780267,0.3448275862068966,82.99999999999999
413,10238,0.8625,0.63753125,0.7463052644259728,0.9655172413793103,82.92857142857142
414,8281,0.3625,0.625,0.8084809059149499,1.0,82.87999999999998
415,16266,0.8625,0.64625,0.7619563907962895,0.6896551724137931,82.78571428571428
416,6347,0.125,0.6420625,0.7767256956993133,0.6206896551724137,82.49999999999999
417,9972,0.8625,0.64546875,0.7352017829177208,1.0,82.29999999999998
418,16267,0.83895,0.6446875000000001,0.767509938561619,0.6896551724137931,82.21428571428571
419,10238,0.8625,0.63753125,0.7463052644259728,0.6896551724137931,82.21428571428571
420,13930,0.875,0.66559375,0.7470545717383447,0.6206896551724137,82.16666666666666
421,16266,0.8625,0.64625,0.7619563907962895,0.9655172413793103,82.14285714285714
422,16295,0.6448750000000001,0.63196875,0.8246837730393927,0.48275862068965514,82.14285714285714
423,7356,0.375,0.64378125,0.7470545717383447,0.9655172413793103,82.14285714285714
424,16082,0.1645725,0.64678125,0.7600048186965426,0.9655172413793103,82.07142857142856
425,16267,0.83895,0.6446875000000001,0.767509938561619,0.9655172413793103,81.92857142857142
426,7188,0.1125,0.62940625,0.817094325984821,1.0,81.89999999999999
427,9224,0.6125,0.63753125,0.7463052644259728,0.0,81.74736842105261
428,15798,0.8625,0.6619375,0.7741838332730996,0.6206896551724137,81.66666666666666
429,16084,0.125,0.649375,0.750391519094085,0.13793103448275862,81.63636363636363
430,6605,0.125,0.63934375,0.7344705457173835,0.0,81.4736842105263
431,7355,0.375,0.63753125,0.7463052644259728,0.48275862068965514,81.42857142857142
432,10913,0.125,0.66328125,0.762462353933261,0.48275862068965514,81.28571428571428
433,16089,0.3625,0.6338125,0.8036742561137211,0.48275862068965514,80.99999999999999
434,6931,0.1125,0.63934375,0.7344705457173835,0.27586206896551724,80.99999999999999
435,9624,0.875,0.625,0.62643055053608,0.13793103448275862,80.90909090909089
436,15587,0.12499999999999992,0.66190625,0.7740151788941092,0.6896551724137931,80.71428571428571
437,9222,0.6125,0.65003125,0.7478014697024454,0.13793103448275862,80.63636363636363
438,10730,0.1125,0.66559375,0.7470545717383447,0.8275862068965517,80.62499999999999
439,6955,0.1125,0.625,0.6508384531984098,0.27586206896551724,80.59999999999998
440,16111,0.12499999999999992,0.63378125,0.8192145524635586,1.0,80.59999999999998
441,16065,0.17242125,0.6431250000000001,0.773027346102879,0.3448275862068966,80.49999999999999
442,15535,0.125,0.65878125,0.7456993133357427,0.13793103448275862,80.45454545454544
443,16080,0.20421625,0.6441874999999999,0.7693289965064449,1.0,80.39999999999999
444,16095,0.342625,0.63196875,0.8094085049993975,0.0,80.31578947368419
445,16064,0.14860375,0.6446875000000001,0.7675219853029756,0.48275862068965514,80.14285714285714
446,10913,0.125,0.66328125,0.762462353933261,0.6896551724137931,79.99999999999999
447,7210,0.1125,0.61378125,0.8589928924225997,0.48275862068965514,79.99999999999999
448,15587,0.12499999999999992,0.66190625,0.7740151788941092,0.9655172413793103,79.99999999999999
449,15795,0.83895,0.6635,0.7796530538489338,0.27586206896551724,79.89999999999999
450,16295,0.6448750000000001,0.63196875,0.8246837730393927,0.3448275862068966,79.66666666666666
451,9223,0.6125,0.64378125,0.7470545717383447,1.0,79.64999999999999
452,16251,0.8033625000000001,0.64546875,0.7646910010842067,0.48275862068965514,79.49999999999999
453,13930,0.875,0.66559375,0.7470545717383447,0.3448275862068966,79.41666666666666
454,9975,0.8625,0.6515625,0.735933020118058,0.27586206896551724,79.39999999999999
455,16266,0.8625,0.64625,0.7619563907962895,0.8275862068965517,79.37499999999999
456,10730,0.1125,0.66559375,0.7470545717383447,0.48275862068965514,79.35714285714285
457,7356,0.375,0.64378125,0.7470545717383447,0.6896551724137931,79.28571428571428
458,6353,0.125,0.6325937500000001,0.822816528129141,0.6896551724137931,79.21428571428571
459,7329,0.375,0.5691875,0.9419226599204914,0.8275862068965517,79.18749999999999
460,16079,0.22399874999999997,0.642875,0.7738706179978316,0.13793103448275862,79.18181818181817
461,6606,0.125,0.64546875,0.7352017829177208,0.3448275862068966,79.16666666666666
462,16094,0.3625,0.63065625,0.8133477894229612,0.0,79.1578947368421
463,16064,0.14860375,0.6446875000000001,0.7675219853029756,0.9655172413793103,79.07142857142856
464,9224,0.6125,0.63753125,0.7463052644259728,0.27586206896551724,78.99999999999999
465,17471,0.15458875,0.6255625,0.8281532345500542,0.48275862068965514,78.92857142857142
466,16267,0.83895,0.6446875000000001,0.767509938561619,0.48275862068965514,78.85714285714285
467,16281,0.6448750000000001,0.63196875,0.8094085049993975,0.0,78.84210526315788
468,7142,0.1125,0.64940625,0.7669437417178653,1.0,78.79999999999998
469,7355,0.375,0.63753125,0.7463052644259728,0.13793103448275862,78.72727272727272
470,16251,0.8033625000000001,0.64546875,0.7646910010842067,0.9655172413793103,78.71428571428571
471,9623,0.875,0.625,0.6508384531984098,0.27586206896551724,78.59999999999998
472,9989,0.8625,0.6546875,0.7468979641007107,0.6206896551724137,78.58333333333331
473,9623,0.875,0.625,0.6508384531984098,0.48275862068965514,78.57142857142856
474,10238,0.8625,0.63753125,0.7463052644259728,0.0,78.52631578947367
475,9975,0.8625,0.6515625,0.735933020118058,1.0,78.49999999999999
476,9623,0.875,0.625,0.6508384531984098,0.6206896551724137,78.33333333333331
477,16251,0.8033625000000001,0.64546875,0.7646910010842067,0.6896551724137931,78.14285714285714
478,6605,0.125,0.63934375,0.7344705457173835,0.27586206896551724,78.09999999999998
479,10907,0.125,0.65934375,0.7478014697024454,0.0,77.99999999999999
480,12923,0.625,0.65934375,0.7478014697024454,0.48275862068965514,77.92857142857142
481,16266,0.8625,0.64625,0.7619563907962895,1.0,77.89999999999999
482,9989,0.8625,0.6546875,0.7468979641007107,0.48275862068965514,77.85714285714285
483,6354,0.125,0.62665625,0.8399349475966751,0.48275862068965514,77.85714285714285
484,16294,0.664625,0.63325,0.8208047223226117,0.13793103448275862,77.8181818181818
485,15555,0.14467375,0.6600625,0.7506083604385013,1.0,77.69999999999999
486,15798,0.8625,0.6619375,0.7741838332730996,0.3448275862068966,77.49999999999999
487,8208,0.3625,0.65003125,0.7478014697024454,0.6206896551724137,77.49999999999999
488,10238,0.8625,0.63753125,0.7463052644259728,0.27586206896551724,77.39999999999999
489,15586,0.1486025,0.66346875,0.7795205396940127,0.13793103448275862,77.27272727272727
490,16266,0.8625,0.64625,0.7619563907962895,0.0,77.26315789473682
491,16122,0.32287499999999997,0.63325,0.8208047223226117,0.13793103448275862,77.18181818181817
492,13744,0.8625,0.66328125,0.762462353933261,1.0,77.09999999999998
493,16295,0.6448750000000001,0.63196875,0.8246837730393927,0.6896551724137931,76.92857142857142
494,9989,0.8625,0.6546875,0.7468979641007107,0.3448275862068966,76.91666666666666
495,16064,0.14860375,0.6446875000000001,0.7675219853029756,0.6896551724137931,76.85714285714285
496,16094,0.3625,0.63065625,0.8133477894229612,1.0,76.69999999999999
497,6959,0.1125,0.621875,0.62643055053608,0.3448275862068966,76.66666666666666
498,9624,0.875,0.625,0.62643055053608,0.3448275862068966,76.66666666666666
499,6355,0.125,0.62059375,0.8562823756173954,0.48275862068965514,76.49999999999999
500,10716,0.1125,0.6639062499999999,0.7352017829177208,0.9655172413793103,76.42857142857142
501,8157,0.3625,0.64396875,0.7863028550777015,0.48275862068965514,76.42857142857142
502,16095,0.342625,0.63196875,0.8094085049993975,0.27586206896551724,76.39999999999999
503,16295,0.6448750000000001,0.63196875,0.8246837730393927,0.9655172413793103,76.35714285714285
504,10238,0.8625,0.63753125,0.7463052644259728,0.8275862068965517,76.24999999999999
505,8156,0.3625,0.64940625,0.7669437417178653,0.48275862068965514,75.71428571428571
506,9620,0.875,0.621875,0.62643055053608,1.0,75.69999999999999
507,10920,0.125,0.6639062499999999,0.7352017829177208,0.0,75.68421052631578
508,7608,0.375,0.6515625,0.7157583423683893,0.6206896551724137,75.66666666666666
509,16282,0.625,0.63065625,0.8133477894229612,0.0,75.57894736842104
510,16094,0.3625,0.63065625,0.8133477894229612,0.27586206896551724,75.49999999999999
511,15586,0.1486025,0.66346875,0.7795205396940127,0.6206896551724137,75.41666666666666
512,7329,0.375,0.5691875,0.9419226599204914,0.9655172413793103,75.28571428571428
513,16113,0.125,0.64625,0.7784001927478615,0.0,75.28421052631577
514,9223,0.6125,0.64378125,0.7470545717383447,0.13793103448275862,75.27272727272727
515,10717,0.1125,0.67003125,0.7344705457173835,0.0,75.26315789473682
516,6607,0.125,0.6515625,0.735933020118058,0.13793103448275862,75.09090909090908
517,13930,0.875,0.66559375,0.7470545717383447,0.8275862068965517,74.99999999999999
518,1073,0.5,0.140625,0.6023370678231538,0.3448275862068966,74.95958333333333
519,15535,0.125,0.65878125,0.7456993133357427,0.6206896551724137,74.91666666666666
520,7329,0.375,0.5691875,0.9419226599204914,0.6896551724137931,74.64285714285714
521,16281,0.6448750000000001,0.63196875,0.8094085049993975,0.27586206896551724,74.59999999999998
522,16094,0.3625,0.63065625,0.8133477894229612,0.6206896551724137,74.58333333333333
523,9972,0.8625,0.64546875,0.7352017829177208,0.3448275862068966,74.49999999999999
524,7608,0.375,0.6515625,0.7157583423683893,0.3448275862068966,74.41666666666666
525,6342,0.125,0.64378125,0.7470545717383447,0.8275862068965517,74.37499999999999
526,9989,0.8625,0.6546875,0.7468979641007107,1.0,74.29999999999998
527,15795,0.83895,0.6635,0.7796530538489338,1.0,74.29999999999998
528,10907,0.125,0.65934375,0.7478014697024454,0.27586206896551724,74.09999999999998
529,6347,0.125,0.6420625,0.7767256956993133,1.0,73.99999999999999
530,8168,0.3625,0.5745625000000001,0.9472834598241175,1.0,73.79999999999998
531,10913,0.125,0.66328125,0.762462353933261,0.8275862068965517,73.74999999999999
532,16294,0.664625,0.63325,0.8208047223226117,0.6206896551724137,73.74999999999999
533,16065,0.17242125,0.6431250000000001,0.773027346102879,0.6206896551724137,73.74999999999999
534,16123,0.3030125,0.6345625,0.8168533911576918,0.0,73.68421052631578
535,9620,0.875,0.621875,0.62643055053608,0.27586206896551724,73.59999999999998
536,16096,0.3228625,0.63325,0.8054451270931212,1.0,73.49999999999999
537,16134,0.20422124999999997,0.6441874999999999,0.7855800505963136,0.0,73.4736842105263
538,9222,0.6125,0.65003125,0.7478014697024454,1.0,73.39999999999999
539,16293,0.6844875,0.6345625,0.8168533911576918,0.0,73.36842105263156
540,9620,0.875,0.621875,0.62643055053608,0.0,73.36842105263156
541,16081,0.1843175,0.64546875,0.7646910010842067,0.6896551724137931,73.14285714285714
542,16063,0.125,0.64625,0.7619563907962895,0.9655172413793103,73.14285714285714
543,14261,0.875,0.65996875,0.7669437417178653,0.8275862068965517,73.12499999999999
544,7356,0.375,0.64378125,0.7470545717383447,0.8275862068965517,73.12499999999999
545,16266,0.8625,0.64625,0.7619563907962895,0.27586206896551724,73.09999999999998
546,6931,0.1125,0.63934375,0.7344705457173835,0.13793103448275862,73.09090909090908
547,10445,0.1125,0.65996875,0.7669437417178653,0.48275862068965514,73.07142857142856
548,6605,0.125,0.63934375,0.7344705457173835,0.6206896551724137,72.99999999999999
549,13937,0.875,0.66328125,0.762462353933261,0.48275862068965514,72.92857142857142
550,6353,0.125,0.6325937500000001,0.822816528129141,0.9655172413793103,72.92857142857142
551,9624,0.875,0.625,0.62643055053608,0.9655172413793103,72.85714285714285
552,9624,0.875,0.625,0.62643055053608,0.6896551724137931,72.85714285714285
553,7343,0.375,0.61378125,0.8589928924225997,0.48275862068965514,72.85714285714285
554,15719,0.83895,0.6635,0.763245392121431,0.0,72.73684210526315
555,6955,0.1125,0.625,0.6508384531984098,0.13793103448275862,72.72727272727272
556,9392,0.875,0.64940625,0.7669437417178653,0.13793103448275862,72.72727272727272
557,16110,0.3625,0.64625,0.7784001927478615,1.0,72.59999999999998
558,7362,0.375,0.65003125,0.7478014697024454,0.48275862068965514,72.57142857142856
559,9972,0.8625,0.64546875,0.7352017829177208,0.6206896551724137,72.49999999999999
560,16094,0.3625,0.63065625,0.8133477894229612,0.3448275862068966,72.49999999999999
561,16252,0.783525,0.6441874999999999,0.7693289965064449,0.9655172413793103,72.21428571428571
562,10002,0.8625,0.621875,0.7059462715335502,1.0,72.14999999999999
563,13744,0.8625,0.66328125,0.762462353933261,0.6896551724137931,72.14285714285714
564,16320,0.6963125,0.63846875,0.8046018551981687,0.0,72.10526315789473
565,16079,0.22399874999999997,0.642875,0.7738706179978316,1.0,72.09999999999998
566,16252,0.783525,0.6441874999999999,0.7693289965064449,0.6896551724137931,72.07142857142856
567,16252,0.783525,0.6441874999999999,0.7693289965064449,0.48275862068965514,71.99999999999999
568,10717,0.1125,0.67003125,0.7344705457173835,0.27586206896551724,71.89999999999999
569,6605,0.125,0.63934375,0.7344705457173835,0.13793103448275862,71.81818181818181
570,16113,0.125,0.64625,0.7784001927478615,0.27586206896551724,71.80999999999999
571,7608,0.375,0.6515625,0.7157583423683893,1.0,71.79999999999998
572,16081,0.1843175,0.64546875,0.7646910010842067,0.9655172413793103,71.64285714285714
573,16282,0.625,0.63065625,0.8133477894229612,0.27586206896551724,71.59999999999998
574,16250,0.82305,0.64678125,0.7600048186965426,0.9655172413793103,71.57142857142856
575,17465,0.333,0.6255625,0.8281532345500542,0.48275862068965514,71.57142857142856
576,16134,0.20422124999999997,0.6441874999999999,0.7855800505963136,1.0,71.49999999999999
577,16130,0.2913375,0.63846875,0.8045416214913865,0.0,71.4736842105263
578,16119,0.144875,0.63196875,0.8246837730393927,0.48275862068965514,71.42857142857142
579,15798,0.8625,0.6619375,0.7741838332730996,0.48275862068965514,71.42857142857142
580,13744,0.8625,0.66328125,0.762462353933261,0.9655172413793103,71.42857142857142
581,16268,0.8151875000000001,0.6431250000000001,0.7730032526201662,0.3448275862068966,71.41666666666666
582,9969,0.8625,0.621875,0.7682568365257197,1.0,71.39999999999999
583,13944,0.875,0.6639062499999999,0.7352017829177208,1.0,71.29999999999998
584,16096,0.3228625,0.63325,0.8054451270931212,0.0,71.26315789473684
585,10920,0.125,0.6639062499999999,0.7352017829177208,0.27586206896551724,71.09999999999998
586,16268,0.8151875000000001,0.6431250000000001,0.7730032526201662,0.6206896551724137,70.99999999999999
587,7143,0.1125,0.64396875,0.7863028550777015,0.48275862068965514,70.85714285714285
588,7195,0.1125,0.64378125,0.7470545717383447,0.0,70.84210526315788
589,16079,0.22399874999999997,0.642875,0.7738706179978316,0.3448275862068966,70.83333333333333
590,10922,0.125,0.6578125,0.735933020118058,1.0,70.79999999999998
591,16089,0.3625,0.6338125,0.8036742561137211,1.0,70.79999999999998
592,16253,0.7638,0.642875,0.7738706179978316,0.0,70.73684210526315
593,9224,0.6125,0.63753125,0.7463052644259728,0.13793103448275862,70.72727272727272
594,16250,0.82305,0.64678125,0.7600048186965426,0.48275862068965514,70.71428571428571
595,13943,0.875,0.67003125,0.7344705457173835,0.48275862068965514,70.71428571428571
596,7364,0.375,0.64940625,0.7669437417178653,0.48275862068965514,70.71428571428571
597,16249,0.84285,0.6480625,0.7552222623780267,1.0,70.69999999999999
598,6959,0.1125,0.621875,0.62643055053608,0.13793103448275862,70.63636363636363
599,6341,0.125,0.63753125,0.7463052644259728,0.8275862068965517,70.62499999999999
600,12923,0.625,0.65934375,0.7478014697024454,0.3448275862068966,70.49999999999999
601,15586,0.1486025,0.66346875,0.7795205396940127,0.3448275862068966,70.49999999999999
602,15795,0.83895,0.6635,0.7796530538489338,0.13793103448275862,70.45454545454544
603,16250,0.82305,0.64678125,0.7600048186965426,0.6896551724137931,70.42857142857142
604,10235,0.8625,0.64609375,0.762462353933261,0.6896551724137931,70.42857142857142
605,20136,0.375,0.56815625,0.9433080351764848,0.9655172413793103,70.28571428571428
606,16122,0.32287499999999997,0.63325,0.8208047223226117,0.3448275862068966,70.24999999999999
607,16280,0.6646375,0.63325,0.8054451270931212,0.0,70.21052631578947
608,16294,0.664625,0.63325,0.8208047223226117,0.3448275862068966,70.16666666666666
609,16089,0.3625,0.6338125,0.8036742561137211,0.6206896551724137,70.16666666666666
610,16123,0.3030125,0.6345625,0.8168533911576918,0.27586206896551724,70.1
611,6349,0.125,0.64609375,0.762462353933261,1.0,70.1
612,20136,0.375,0.56815625,0.9433080351764848,0.6896551724137931,70.07142857142857
613,8975,0.6125,0.6546875,0.7468979641007107,0.48275862068965514,69.99999999999999
614,6346,0.125,0.6379374999999999,0.7905914950006022,0.6206896551724137,69.99999999999999
615,16288,0.625,0.63065625,0.828538730273461,0.13793103448275862,69.99999999999999
616,7375,0.375,0.58146875,0.9368871220334899,1.0,69.99999999999999
617,8985,0.6125,0.625,0.6996542585230695,1.0,69.89999999999999
618,8985,0.6125,0.625,0.6996542585230695,0.0,69.89473684210525
619,9620,0.875,0.621875,0.62643055053608,0.13793103448275862,69.81818181818181
620,16134,0.20422124999999997,0.6441874999999999,0.7855800505963136,0.27586206896551724,69.79999999999998
621,15719,0.83895,0.6635,0.763245392121431,1.0,69.79999999999998
622,16066,0.1960775,0.6415625,0.7783881460065053,0.0,69.7894736842105
623,15716,0.8625,0.6619375,0.7576316106493193,0.48275862068965514,69.71428571428571
624,7973,0.3625,0.621875,0.62643055053608,1.0,69.69999999999999
625,16288,0.625,0.63065625,0.828538730273461,0.6896551724137931,69.64285714285714
626,20136,0.375,0.56815625,0.9433080351764848,0.8275862068965517,69.62499999999999
627,16293,0.6844875,0.6345625,0.8168533911576918,0.27586206896551724,69.6
628,16269,0.791575,0.64159375,0.7783520057824359,0.0,69.57894736842104
629,16251,0.8033625000000001,0.64546875,0.7646910010842067,0.8275862068965517,69.56249999999999
630,15719,0.83895,0.6635,0.763245392121431,0.27586206896551724,69.39999999999999
631,15689,0.375,0.66190625,0.7740151788941092,1.0,69.39999999999999
632,16073,0.34285,0.6480625,0.7552222623780267,0.48275862068965514,69.28571428571428
633,10002,0.8625,0.621875,0.7059462715335502,0.0,69.26315789473684
634,10235,0.8625,0.64609375,0.762462353933261,0.9655172413793103,69.21428571428571
635,16095,0.342625,0.63196875,0.8094085049993975,0.13793103448275862,69.18181818181817
636,16249,0.84285,0.6480625,0.7552222623780267,0.3448275862068966,69.16666666666666
637,7142,0.1125,0.64940625,0.7669437417178653,0.6206896551724137,69.16666666666666
638,9623,0.875,0.625,0.6508384531984098,0.13793103448275862,69.09090909090908
639,20141,0.6125,0.5806250000000001,0.9252258764004336,0.8275862068965517,68.99999999999999
640,10717,0.1125,0.67003125,0.7344705457173835,0.13793103448275862,68.99999999999999
641,6579,0.125,0.625,0.6996542585230695,1.0,68.89999999999999
642,8985,0.6125,0.625,0.6996542585230695,0.27586206896551724,68.89999999999999
643,16288,0.625,0.63065625,0.828538730273461,0.9655172413793103,68.85714285714285
644,20142,0.6125,0.5681875,0.9432478014697024,0.6896551724137931,68.85714285714285
645,12923,0.625,0.65934375,0.7478014697024454,0.6206896551724137,68.83333333333333
646,20142,0.6125,0.5681875,0.9432478014697024,0.9655172413793103,68.78571428571428
647,20142,0.6125,0.5681875,0.9432478014697024,0.8275862068965517,68.74999999999999
648,6939,0.1125,0.6476875,0.6691205878809782,0.0,68.73684210526315
649,16095,0.342625,0.63196875,0.8094085049993975,0.6206896551724137,68.66666666666666
650,6576,0.125,0.621875,0.7059462715335502,0.0,68.63157894736841
651,7188,0.1125,0.62940625,0.817094325984821,0.6206896551724137,68.58333333333333
652,6352,0.125,0.638375,0.8049271172147935,0.6896551724137931,68.42857142857142
653,16318,0.7835125,0.6441874999999999,0.7855800505963136,0.0,68.42105263157893
654,15715,0.8625,0.65878125,0.7456993133357427,0.0,68.42105263157893
655,16293,0.6844875,0.6345625,0.8168533911576918,1.0,68.39999999999999
656,16065,0.17242125,0.6431250000000001,0.773027346102879,0.48275862068965514,68.35714285714285
657,16320,0.6963125,0.63846875,0.8046018551981687,0.27586206896551724,68.29999999999998
658,7142,0.1125,0.64940625,0.7669437417178653,0.13793103448275862,68.27272727272727
659,6352,0.125,0.638375,0.8049271172147935,0.8275862068965517,68.24999999999999
660,20156,0.375,0.5806250000000001,0.9382363570654136,0.6896551724137931,68.14285714285714
661,20156,0.375,0.5806250000000001,0.9382363570654136,0.9655172413793103,68.14285714285714
662,7375,0.375,0.58146875,0.9368871220334899,0.9655172413793103,68.14285714285714
663,7375,0.375,0.58146875,0.9368871220334899,0.6896551724137931,68.14285714285714
664,16320,0.6963125,0.63846875,0.8046018551981687,1.0,67.99999999999999
665,20156,0.375,0.5806250000000001,0.9382363570654136,1.0,67.99999999999999
666,16130,0.2913375,0.63846875,0.8045416214913865,0.27586206896551724,67.89999999999999
667,16294,0.664625,0.63325,0.8208047223226117,0.48275862068965514,67.85714285714285
668,10720,0.1125,0.66328125,0.762462353933261,0.6896551724137931,67.85714285714285
669,9972,0.8625,0.64546875,0.7352017829177208,0.48275862068965514,67.85714285714285
670,6343,0.125,0.625,0.8297072641850378,0.48275862068965514,67.85714285714285
671,6270,0.125,0.625,0.8084809059149499,0.9655172413793103,67.85714285714285
672,6270,0.125,0.625,0.8084809059149499,0.6896551724137931,67.85714285714285
673,16281,0.6448750000000001,0.63196875,0.8094085049993975,0.13793103448275862,67.81818181818181
674,9384,0.875,0.64378125,0.7470545717383447,1.0,67.79999999999998
675,16267,0.83895,0.6446875000000001,0.767509938561619,0.8275862068965517,67.74999999999999
676,13753,0.8625,0.65934375,0.7478014697024454,0.0,67.68421052631578
677,16096,0.3228625,0.63325,0.8054451270931212,0.27586206896551724,67.6
678,8234,0.3625,0.5691875,0.9419226599204914,1.0,67.6
679,6930,0.1125,0.64546875,0.7352017829177208,0.0,67.57894736842104
680,16082,0.1645725,0.64678125,0.7600048186965426,0.8275862068965517,67.56249999999999
681,7593,0.375,0.625,0.6996542585230695,0.6206896551724137,67.49999999999999
682,6958,0.1125,0.625,0.62643055053608,0.3448275862068966,67.49999999999999
683,15716,0.8625,0.6619375,0.7576316106493193,0.6206896551724137,67.49999999999999
684,8281,0.3625,0.625,0.8084809059149499,0.6206896551724137,67.49999999999999
685,17492,0.3625,0.6119375,0.8775810143356222,1.0,67.39999999999999
686,16078,0.24392624999999998,0.64159375,0.7783640525237921,1.0,67.39999999999999
687,6604,0.125,0.63325,0.733739308517046,1.0,67.29999999999998
688,9391,0.875,0.64609375,0.762462353933261,0.48275862068965514,67.28571428571428
689,16253,0.7638,0.642875,0.7738706179978316,0.27586206896551724,67.19999999999999
690,7593,0.375,0.625,0.6996542585230695,0.48275862068965514,67.14285714285714
691,7355,0.375,0.63753125,0.7463052644259728,0.9655172413793103,67.14285714285714
692,13931,0.875,0.65934375,0.7478014697024454,1.0,67.1
693,10716,0.1125,0.6639062499999999,0.7352017829177208,0.48275862068965514,67.07142857142857
694,16063,0.125,0.64625,0.7619563907962895,0.6896551724137931,66.99999999999999
695,16081,0.1843175,0.64546875,0.7646910010842067,0.48275862068965514,66.92857142857142
696,12745,0.6125,0.65934375,0.7478014697024454,0.48275862068965514,66.92857142857142
697,13943,0.875,0.67003125,0.7344705457173835,0.13793103448275862,66.90909090909089
698,9384,0.875,0.64378125,0.7470545717383447,0.0,66.84210526315788
699,9975,0.8625,0.6515625,0.735933020118058,0.13793103448275862,66.72727272727272
700,16286,0.8625,0.64625,0.7784001927478615,1.0,66.69999999999999
701,10002,0.8625,0.621875,0.7059462715335502,0.6206896551724137,66.66666666666666
702,15535,0.125,0.65878125,0.7456993133357427,0.3448275862068966,66.66666666666666
703,12745,0.6125,0.65934375,0.7478014697024454,0.0,66.63157894736841
704,7593,0.375,0.625,0.6996542585230695,0.0,66.63157894736841
705,8609,0.625,0.625,0.6508384531984098,1.0,66.62999999999998
706,16280,0.6646375,0.63325,0.8054451270931212,0.27586206896551724,66.6
707,10444,0.1125,0.66540625,0.7863028550777015,1.0,66.6
708,7195,0.1125,0.64378125,0.7470545717383447,0.27586206896551724,66.6
709,7969,0.3625,0.625,0.6508384531984098,1.0,66.6
710,16083,0.14470624999999998,0.6480625,0.7552222623780267,0.8275862068965517,66.56249999999999
711,16295,0.6448750000000001,0.63196875,0.8246837730393927,0.8275862068965517,66.49999999999999
712,6947,0.1125,0.6546875,0.7468979641007107,0.48275862068965514,66.42857142857142
713,6959,0.1125,0.621875,0.62643055053608,1.0,66.39999999999999
714,7375,0.375,0.58146875,0.9368871220334899,0.8275862068965517,66.37499999999999
715,17498,0.3625,0.624375,0.8462594868088182,0.48275862068965514,66.35714285714285
716,15555,0.14467375,0.6600625,0.7506083604385013,0.0,66.31578947368419
717,20156,0.375,0.5806250000000001,0.9382363570654136,0.8275862068965517,66.31249999999999
718,11237,0.125,0.65996875,0.7669437417178653,0.3448275862068966,66.24999999999999
719,15535,0.125,0.65878125,0.7456993133357427,0.48275862068965514,66.21428571428571
720,16106,0.125,0.63065625,0.8133477894229612,1.0,66.19999999999999
721,16066,0.1960775,0.6415625,0.7783881460065053,0.27586206896551724,66.19999999999999
722,6605,0.125,0.63934375,0.7344705457173835,0.3448275862068966,66.16666666666666
723,7618,0.375,0.63325,0.733739308517046,0.3448275862068966,66.16666666666666
724,16244,0.6963125,0.63846875,0.7888447175039152,0.0,66.10526315789473
725,16269,0.791575,0.64159375,0.7783520057824359,0.27586206896551724,66.1
726,20141,0.6125,0.5806250000000001,0.9252258764004336,0.9655172413793103,65.99999999999999
727,15715,0.8625,0.65878125,0.7456993133357427,0.27586206896551724,65.99999999999999
728,6347,0.125,0.6420625,0.7767256956993133,0.6896551724137931,65.92857142857142
729,9644,0.875,0.6476875,0.6691205878809782,0.13793103448275862,65.90909090909089
730,12745,0.6125,0.65934375,0.7478014697024454,0.13793103448275862,65.90909090909089
731,20141,0.6125,0.5806250000000001,0.9252258764004336,0.6896551724137931,65.85714285714285
732,7608,0.375,0.6515625,0.7157583423683893,0.9655172413793103,65.85714285714285
733,11237,0.125,0.65996875,0.7669437417178653,0.6206896551724137,65.83333333333333
734,15716,0.8625,0.6619375,0.7576316106493193,0.0,65.78947368421052
735,7608,0.375,0.6515625,0.7157583423683893,0.48275862068965514,65.71428571428571
736,16253,0.7638,0.642875,0.7738706179978316,1.0,65.69999999999999
737,16130,0.2913375,0.63846875,0.8045416214913865,1.0,65.69999999999999
738,13943,0.875,0.67003125,0.7344705457173835,0.6206896551724137,65.66666666666666
739,16268,0.8151875000000001,0.6431250000000001,0.7730032526201662,0.9655172413793103,65.64285714285714
740,6939,0.1125,0.6476875,0.6691205878809782,0.13793103448275862,65.63636363636363
741,12936,0.625,0.6639062499999999,0.7352017829177208,0.0,65.57894736842104
742,16268,0.8151875000000001,0.6431250000000001,0.7730032526201662,0.6896551724137931,65.49999999999999
743,13753,0.8625,0.65934375,0.7478014697024454,1.0,65.49999999999999
744,7593,0.375,0.625,0.6996542585230695,0.27586206896551724,65.49999999999999
745,16078,0.24392624999999998,0.64159375,0.7783640525237921,0.0,65.4736842105263
746,11186,0.125,0.67396875,0.6938103842910492,1.0,65.35999999999999
747,6939,0.1125,0.6476875,0.6691205878809782,0.27586206896551724,65.29999999999998
748,16248,0.8625,0.649375,0.750391519094085,0.0,65.26315789473684
749,11237,0.125,0.65996875,0.7669437417178653,1.0,65.19999999999999
750,16088,0.3387125,0.635375,0.7987832791229972,1.0,65.19999999999999
751,15716,0.8625,0.6619375,0.7576316106493193,0.3448275862068966,65.16666666666666
752,16095,0.342625,0.63196875,0.8094085049993975,0.9655172413793103,65.14285714285714
753,16322,0.6488375,0.63534375,0.8144319961450427,1.0,65.1
754,10716,0.1125,0.6639062499999999,0.7352017829177208,0.8275862068965517,64.99999999999999
755,9624,0.875,0.625,0.62643055053608,0.8275862068965517,64.99999999999999
756,15798,0.8625,0.6619375,0.7741838332730996,0.9655172413793103,64.99999999999999
757,7355,0.375,0.63753125,0.7463052644259728,0.6896551724137931,64.99999999999999
758,16086,0.2913375,0.63846875,0.7887724370557764,0.0,64.94736842105262
759,7976,0.3625,0.621875,0.65293579086857,1.0,64.89999999999999
760,8960,0.6125,0.63325,0.733739308517046,0.0,64.8736842105263
761,15719,0.83895,0.6635,0.763245392121431,0.13793103448275862,64.81818181818181
762,16318,0.7835125,0.6441874999999999,0.7855800505963136,0.27586206896551724,64.79999999999998
763,16111,0.12499999999999992,0.63378125,0.8192145524635586,0.0,64.73684210526315
764,16287,0.625,0.63378125,0.8192145524635586,1.0,64.6
765,16095,0.342625,0.63196875,0.8094085049993975,0.6896551724137931,64.57142857142857
766,16094,0.3625,0.63065625,0.8133477894229612,0.13793103448275862,64.54545454545453
767,6349,0.125,0.64609375,0.762462353933261,0.6206896551724137,64.49999999999999
768,10002,0.8625,0.621875,0.7059462715335502,0.27586206896551724,64.49999999999999
769,9999,0.8625,0.625,0.6996542585230695,0.13793103448275862,64.45454545454544
770,16084,0.125,0.649375,0.750391519094085,0.3448275862068966,64.41666666666666
771,16281,0.6448750000000001,0.63196875,0.8094085049993975,1.0,64.39999999999999
772,16198,0.6125,0.64625,0.7784001927478615,1.0,64.39999999999999
773,9616,0.875,0.621875,0.65293579086857,1.0,64.39999999999999
774,15798,0.8625,0.6619375,0.7741838332730996,0.6896551724137931,64.28571428571428
775,7194,0.1125,0.65003125,0.7478014697024454,0.9655172413793103,64.28571428571428
776,8203,0.3625,0.625,0.8297072641850378,0.48275862068965514,64.28571428571428
777,7973,0.3625,0.621875,0.62643055053608,0.48275862068965514,64.28571428571428
778,9248,0.6125,0.5691875,0.9419226599204914,0.8275862068965517,64.24999999999999
779,16294,0.664625,0.63325,0.8208047223226117,0.6896551724137931,64.21428571428571
780,11185,0.125,0.66896875,0.6778038790507167,1.0,64.19999999999999
781,16249,0.84285,0.6480625,0.7552222623780267,0.6206896551724137,64.16666666666666
782,7973,0.3625,0.621875,0.62643055053608,0.6206896551724137,64.16666666666666
783,8209,0.3625,0.64378125,0.7470545717383447,0.0,64.1578947368421
784,16293,0.6844875,0.6345625,0.8168533911576918,0.13793103448275862,63.99999999999999
785,16294,0.664625,0.63325,0.8208047223226117,0.9655172413793103,63.92857142857142
786,16080,0.20421625,0.6441874999999999,0.7693289965064449,0.6206896551724137,63.83333333333332
787,12745,0.6125,0.65934375,0.7478014697024454,0.27586206896551724,63.79999999999999
788,10717,0.1125,0.67003125,0.7344705457173835,0.3448275862068966,63.74999999999999
789,13753,0.8625,0.65934375,0.7478014697024454,0.27586206896551724,63.69999999999999
790,15555,0.14467375,0.6600625,0.7506083604385013,0.48275862068965514,63.64285714285713
791,6576,0.125,0.621875,0.7059462715335502,0.27586206896551724,63.59999999999999
792,15719,0.83895,0.6635,0.763245392121431,0.6206896551724137,63.58333333333332
793,16292,0.7042125,0.63584375,0.812853873027346,0.0,63.57894736842104
794,16250,0.82305,0.64678125,0.7600048186965426,0.8275862068965517,63.56249999999999
795,16252,0.783525,0.6441874999999999,0.7693289965064449,0.8275862068965517,63.49999999999999
796,6930,0.1125,0.64546875,0.7352017829177208,0.27586206896551724,63.499999999999986
797,16322,0.6488375,0.63534375,0.8144319961450427,0.0,63.4736842105263
798,16123,0.3030125,0.6345625,0.8168533911576918,0.13793103448275862,63.454545454545446
799,7620,0.375,0.64546875,0.7352017829177208,0.0,63.43157894736841
800,16269,0.791575,0.64159375,0.7783520057824359,1.0,63.39999999999999
801,20128,0.375,0.5806250000000001,0.9252258764004336,0.8275862068965517,63.37499999999999
802,7593,0.375,0.625,0.6996542585230695,0.3448275862068966,63.33333333333332
803,9623,0.875,0.625,0.6508384531984098,0.3448275862068966,63.33333333333332
804,7969,0.3625,0.625,0.6508384531984098,0.6206896551724137,63.33333333333332
805,15555,0.14467375,0.6600625,0.7506083604385013,0.27586206896551724,63.29999999999999
806,7953,0.3625,0.6476875,0.6691205878809782,1.0,63.29999999999999
807,16321,0.6725,0.63690625,0.8095771593783881,0.0,63.26315789473683
808,6606,0.125,0.64546875,0.7352017829177208,0.8275862068965517,63.18749999999999
809,9973,0.8625,0.63934375,0.7344705457173835,0.3448275862068966,63.16666666666666
810,6606,0.125,0.64546875,0.7352017829177208,0.9655172413793103,63.14285714285713
811,9973,0.8625,0.63934375,0.7344705457173835,0.48275862068965514,63.14285714285713
812,7142,0.1125,0.64940625,0.7669437417178653,0.8275862068965517,63.12499999999999
813,16134,0.20422124999999997,0.6441874999999999,0.7855800505963136,0.13793103448275862,63.09090909090908
814,16248,0.8625,0.649375,0.750391519094085,0.27586206896551724,62.999999999999986
815,7331,0.375,0.5823437499999999,0.9224189856643776,1.0,62.98999999999999
816,16277,0.72405,0.63715625,0.7931092639441031,0.0,62.94736842105262
817,10717,0.1125,0.67003125,0.7344705457173835,0.6206896551724137,62.91666666666666
818,9384,0.875,0.64378125,0.7470545717383447,0.27586206896551724,62.89999999999999
819,8960,0.6125,0.63325,0.733739308517046,0.27586206896551724,62.86999999999999
820,10720,0.1125,0.66328125,0.762462353933261,0.9655172413793103,62.85714285714285
821,13937,0.875,0.66328125,0.762462353933261,0.9655172413793103,62.85714285714285
822,13937,0.875,0.66328125,0.762462353933261,0.6896551724137931,62.85714285714285
823,18760,0.125,0.6025,0.8847729189254305,0.48275862068965514,62.85714285714285
824,16133,0.22400124999999999,0.642875,0.7900012046741356,0.0,62.84210526315788
825,6582,0.125,0.625,0.62643055053608,1.0,62.79999999999999
826,11237,0.125,0.65996875,0.7669437417178653,0.0,62.73684210526314
827,10444,0.1125,0.66540625,0.7863028550777015,0.0,62.73684210526314
828,16320,0.6963125,0.63846875,0.8046018551981687,0.13793103448275862,62.72727272727272
829,8985,0.6125,0.625,0.6996542585230695,0.13793103448275862,62.72727272727272
830,10200,0.8625,0.5461875,0.9796651005902903,1.0,62.69999999999999
831,10922,0.125,0.6578125,0.735933020118058,0.0,62.63157894736841
832,16124,0.2832875,0.63584375,0.812853873027346,0.0,62.63157894736841
833,16244,0.6963125,0.63846875,0.7888447175039152,0.27586206896551724,62.59999999999999
834,16065,0.17242125,0.6431250000000001,0.773027346102879,0.9655172413793103,62.57142857142856
835,16097,0.3030125,0.6345625,0.8013853752559932,0.0,62.52631578947367
836,13744,0.8625,0.66328125,0.762462353933261,0.8275862068965517,62.49999999999999
837,9620,0.875,0.621875,0.62643055053608,0.3448275862068966,62.49999999999999
838,20136,0.375,0.56815625,0.9433080351764848,1.0,62.499999999999986
839,12936,0.625,0.6639062499999999,0.7352017829177208,0.27586206896551724,62.499999999999986
840,7348,0.375,0.59375,0.9023370678231537,1.0,62.43999999999999
841,20160,0.6125,0.5806250000000001,0.9382363570654136,0.8275862068965517,62.43749999999999
842,7969,0.3625,0.625,0.6508384531984098,0.0,62.42105263157894
843,16321,0.6725,0.63690625,0.8095771593783881,1.0,62.39999999999999
844,20160,0.6125,0.5806250000000001,0.9382363570654136,0.9655172413793103,62.35714285714285
845,16134,0.20422124999999997,0.6441874999999999,0.7855800505963136,0.6206896551724137,62.33333333333332
846,9649,0.875,0.6515625,0.735933020118058,0.6206896551724137,62.33333333333332
847,13943,0.875,0.67003125,0.7344705457173835,0.3448275862068966,62.33333333333332
848,9969,0.8625,0.621875,0.7682568365257197,0.0,62.3157894736842
849,15732,0.842825,0.6600625,0.7506083604385013,0.0,62.3157894736842
850,8209,0.3625,0.64378125,0.7470545717383447,0.27586206896551724,62.30999999999999
851,8222,0.3625,0.6005625,0.8888085772798457,0.48275862068965514,62.28571428571428
852,6589,0.125,0.6546875,0.7468979641007107,0.3448275862068966,62.24999999999999
853,7192,0.1125,0.6420625,0.7767256956993133,0.3448275862068966,62.24999999999999
854,16131,0.3151,0.6369374999999999,0.8094807854475363,0.0,62.21052631578946
855,16078,0.24392624999999998,0.64159375,0.7783640525237921,0.27586206896551724,62.19999999999999
856,8235,0.3625,0.5758125,0.9325864353692326,1.0,62.19999999999999
857,10002,0.8625,0.621875,0.7059462715335502,0.48275862068965514,62.14285714285713
858,9649,0.875,0.6515625,0.735933020118058,0.48275862068965514,62.14285714285713
859,16066,0.1960775,0.6415625,0.7783881460065053,0.48275862068965514,62.14285714285713
860,18773,0.3625,0.6025,0.8847729189254305,0.48275862068965514,62.14285714285713
861,20160,0.6125,0.5806250000000001,0.9382363570654136,0.6896551724137931,62.14285714285713
862,6610,0.125,0.621875,0.7682568365257197,0.0,62.105263157894726
863,7192,0.1125,0.6420625,0.7767256956993133,0.6896551724137931,61.99999999999999
864,6346,0.125,0.6379374999999999,0.7905914950006022,0.6896551724137931,61.99999999999999
865,15586,0.1486025,0.66346875,0.7795205396940127,0.48275862068965514,61.99999999999999
866,9973,0.8625,0.63934375,0.7344705457173835,0.6206896551724137,61.99999999999999
867,15716,0.8625,0.6619375,0.7576316106493193,0.27586206896551724,61.999999999999986
868,16132,0.3387125,0.635375,0.8143115287314782,0.0,61.999999999999986
869,9647,0.875,0.63934375,0.7344705457173835,0.6896551724137931,61.92857142857142
870,12936,0.625,0.6639062499999999,0.7352017829177208,1.0,61.90999999999999
871,16282,0.625,0.63065625,0.8133477894229612,1.0,61.89999999999999
872,9647,0.875,0.63934375,0.7344705457173835,0.9655172413793103,61.85714285714285
873,6383,0.125,0.4223125,0.9472834598241175,1.0,61.79999999999999
874,12745,0.6125,0.65934375,0.7478014697024454,0.3448275862068966,61.74999999999999
875,16279,0.6844875,0.6345625,0.8013853752559932,0.0,61.68421052631578
876,7973,0.3625,0.621875,0.62643055053608,0.3448275862068966,61.66666666666666
877,14260,0.875,0.66540625,0.7863028550777015,1.0,61.59999999999999
878,16111,0.12499999999999992,0.63378125,0.8192145524635586,0.27586206896551724,61.59999999999999
879,16086,0.2913375,0.63846875,0.7887724370557764,0.27586206896551724,61.59999999999999
880,16096,0.3228625,0.63325,0.8054451270931212,0.6206896551724137,61.58333333333332
881,15719,0.83895,0.6635,0.763245392121431,0.3448275862068966,61.58333333333332
882,16283,0.8625,0.6338125,0.8190820383086375,0.0,61.57894736842104
883,11921,0.375,0.66328125,0.762462353933261,0.0,61.57894736842104
884,16130,0.2913375,0.63846875,0.8045416214913865,0.13793103448275862,61.454545454545446
885,9623,0.875,0.625,0.6508384531984098,0.9655172413793103,61.42857142857142
886,9623,0.875,0.625,0.6508384531984098,0.6896551724137931,61.42857142857142
887,6383,0.125,0.4223125,0.9472834598241175,0.48275862068965514,61.42857142857142
888,14260,0.875,0.66540625,0.7863028550777015,0.0,61.36842105263157
889,11921,0.375,0.66328125,0.762462353933261,1.0,61.29999999999999
890,7195,0.1125,0.64378125,0.7470545717383447,0.13793103448275862,61.27272727272726
891,10720,0.1125,0.66328125,0.762462353933261,0.8275862068965517,61.24999999999999
892,7608,0.375,0.6515625,0.7157583423683893,0.8275862068965517,61.24999999999999
893,7365,0.375,0.64396875,0.7863028550777015,1.0,61.19999999999999
894,16065,0.17242125,0.6431250000000001,0.773027346102879,0.6896551724137931,61.14285714285713
895,16318,0.7835125,0.6441874999999999,0.7855800505963136,1.0,61.09999999999999
896,16152,0.3986,0.6446875000000001,0.7675219853029756,1.0,61.09999999999999
897,16133,0.22400124999999999,0.642875,0.7900012046741356,1.0,61.09999999999999
898,20141,0.6125,0.5806250000000001,0.9252258764004336,1.0,61.09999999999999
899,16282,0.625,0.63065625,0.8133477894229612,0.13793103448275862,61.09090909090908
900,7593,0.375,0.625,0.6996542585230695,0.13793103448275862,61.09090909090908
901,12745,0.6125,0.65934375,0.7478014697024454,0.6206896551724137,61.08333333333332
902,7331,0.375,0.5823437499999999,0.9224189856643776,0.6896551724137931,60.99999999999999
903,16253,0.7638,0.642875,0.7738706179978316,0.13793103448275862,60.99999999999999
904,16096,0.3228625,0.63325,0.8054451270931212,0.13793103448275862,60.99999999999999
905,6960,0.1125,0.621875,0.7059462715335502,1.0,60.999999999999986
906,7188,0.1125,0.62940625,0.817094325984821,0.9655172413793103,60.92857142857142
907,6931,0.1125,0.63934375,0.7344705457173835,0.9655172413793103,60.85714285714285
908,17515,0.15459,0.6255625,0.8430068666425732,0.48275862068965514,60.85714285714285
909,10906,0.125,0.66559375,0.7470545717383447,0.0,60.84210526315788
910,9969,0.8625,0.621875,0.7682568365257197,0.6206896551724137,60.83333333333332
911,7142,0.1125,0.64940625,0.7669437417178653,0.3448275862068966,60.83333333333332
912,9620,0.875,0.621875,0.62643055053608,0.6206896551724137,60.83333333333332
913,16124,0.2832875,0.63584375,0.812853873027346,1.0,60.79999999999999
914,15555,0.14467375,0.6600625,0.7506083604385013,0.6206896551724137,60.74999999999999
915,7620,0.375,0.64546875,0.7352017829177208,0.27586206896551724,60.73999999999999
916,17496,0.125,0.60878125,0.8848572461149259,0.48275862068965514,60.71428571428571
917,7194,0.1125,0.65003125,0.7478014697024454,0.6896551724137931,60.71428571428571
918,7361,0.375,0.6420625,0.7767256956993133,0.48275862068965514,60.71428571428571
919,7331,0.375,0.5823437499999999,0.9224189856643776,0.9655172413793103,60.64285714285713
920,7608,0.375,0.6515625,0.7157583423683893,0.6896551724137931,60.64285714285713
921,16098,0.2832875,0.63584375,0.7972894831947956,0.0,60.63157894736841
922,15587,0.12499999999999992,0.66190625,0.7740151788941092,0.8275862068965517,60.62499999999999
923,7355,0.375,0.63753125,0.7463052644259728,0.8275862068965517,60.62499999999999
924,9223,0.6125,0.64378125,0.7470545717383447,0.9655172413793103,60.57142857142856
925,9250,0.6125,0.5823437499999999,0.9224189856643776,0.8275862068965517,60.56249999999999
926,8168,0.3625,0.5745625000000001,0.9472834598241175,0.6896551724137931,60.49999999999999
927,16322,0.6488375,0.63534375,0.8144319961450427,0.27586206896551724,60.499999999999986
928,17487,0.3625,0.6119375,0.8634501867244909,1.0,60.499999999999986
929,20128,0.375,0.5806250000000001,0.9252258764004336,0.6896551724137931,60.42857142857142
930,16292,0.7042125,0.63584375,0.812853873027346,0.27586206896551724,60.39999999999999
931,16269,0.791575,0.64159375,0.7783520057824359,0.13793103448275862,60.36363636363635
932,9390,0.875,0.65003125,0.7478014697024454,0.13793103448275862,60.36363636363635
933,17472,0.125,0.6275000000000001,0.8226478737501505,0.48275862068965514,60.35714285714285
934,16110,0.3625,0.64625,0.7784001927478615,0.6896551724137931,60.35714285714285
935,16088,0.3387125,0.635375,0.7987832791229972,0.48275862068965514,60.35714285714285
936,16254,0.7439250000000001,0.64159375,0.7783640525237921,0.0,60.3157894736842
937,9616,0.875,0.621875,0.65293579086857,0.0,60.3157894736842
938,9616,0.875,0.621875,0.65293579086857,0.27586206896551724,60.29999999999999
939,6352,0.125,0.638375,0.8049271172147935,0.9655172413793103,60.21428571428571
940,20128,0.375,0.5806250000000001,0.9252258764004336,0.9655172413793103,60.21428571428571
941,8168,0.3625,0.5745625000000001,0.9472834598241175,0.9655172413793103,60.21428571428571
942,16321,0.6725,0.63690625,0.8095771593783881,0.27586206896551724,60.19999999999999
943,16066,0.1960775,0.6415625,0.7783881460065053,0.13793103448275862,60.18181818181817
944,6594,0.125,0.6515625,0.7157583423683893,0.0,60.105263157894726
945,9989,0.8625,0.6546875,0.7468979641007107,0.0,60.105263157894726
946,8209,0.3625,0.64378125,0.7470545717383447,0.48275862068965514,59.99999999999999
947,7972,0.3625,0.625,0.62643055053608,0.6206896551724137,59.99999999999999
948,16297,0.842625,0.63196875,0.8246837730393927,1.0,59.999999999999986
949,16244,0.6963125,0.63846875,0.7888447175039152,1.0,59.999999999999986
950,7972,0.3625,0.625,0.62643055053608,0.0,59.999999999999986
951,9392,0.875,0.64940625,0.7669437417178653,0.6206896551724137,59.91666666666666
952,11237,0.125,0.65996875,0.7669437417178653,0.27586206896551724,59.89999999999999
953,11191,0.125,0.6546875,0.7468979641007107,1.0,59.89999999999999
954,16280,0.6646375,0.63325,0.8054451270931212,0.13793103448275862,59.818181818181806
955,16277,0.72405,0.63715625,0.7931092639441031,0.27586206896551724,59.79999999999999
956,9223,0.6125,0.64378125,0.7470545717383447,0.6896551724137931,59.78571428571428
957,16135,0.18432374999999998,0.64546875,0.78106252258764,0.0,59.68421052631578
958,16286,0.8625,0.64625,0.7784001927478615,0.0,59.57894736842104
959,16133,0.22400124999999999,0.642875,0.7900012046741356,0.27586206896551724,59.499999999999986
960,16124,0.2832875,0.63584375,0.812853873027346,0.27586206896551724,59.499999999999986
961,9647,0.875,0.63934375,0.7344705457173835,1.0,59.499999999999986
962,16081,0.1843175,0.64546875,0.7646910010842067,0.8275862068965517,59.43749999999999
963,15586,0.1486025,0.66346875,0.7795205396940127,0.9655172413793103,59.42857142857142
964,16293,0.6844875,0.6345625,0.8168533911576918,0.6206896551724137,59.41666666666666
965,16123,0.3030125,0.6345625,0.8168533911576918,1.0,59.39999999999999
966,10444,0.1125,0.66540625,0.7863028550777015,0.27586206896551724,59.39999999999999
967,16097,0.3030125,0.6345625,0.8013853752559932,0.27586206896551724,59.39999999999999
968,20160,0.6125,0.5806250000000001,0.9382363570654136,1.0,59.39999999999999
969,10235,0.8625,0.64609375,0.762462353933261,0.8275862068965517,59.37499999999999
970,10931,0.125,0.67796875,0.7209938561619081,0.0,59.36842105263157
971,12737,0.6125,0.6673125,0.7767256956993133,0.3448275862068966,59.33333333333332
972,6710,0.125,0.42768750000000005,0.9419226599204914,0.48275862068965514,59.28571428571428
973,7142,0.1125,0.64940625,0.7669437417178653,0.9655172413793103,59.28571428571428
974,6349,0.125,0.64609375,0.762462353933261,0.48275862068965514,59.28571428571428
975,16095,0.342625,0.63196875,0.8094085049993975,0.3448275862068966,59.24999999999999
976,11724,0.3625,0.6639062499999999,0.7352017829177208,1.0,59.22999999999999
977,15732,0.842825,0.6600625,0.7506083604385013,0.27586206896551724,59.19999999999999
978,7594,0.375,0.625,0.6752463558607397,0.6206896551724137,59.16666666666666
979,16111,0.12499999999999992,0.63378125,0.8192145524635586,0.6896551724137931,59.14285714285713
980,9248,0.6125,0.5691875,0.9419226599204914,0.9655172413793103,59.14285714285713
981,10922,0.125,0.6578125,0.735933020118058,0.27586206896551724,59.09999999999999
982,16248,0.8625,0.649375,0.750391519094085,0.13793103448275862,59.09090909090908
983,13744,0.8625,0.66328125,0.762462353933261,0.0,59.052631578947356
984,6931,0.1125,0.63934375,0.7344705457173835,0.6896551724137931,58.99999999999999
985,16131,0.3151,0.6369374999999999,0.8094807854475363,0.27586206896551724,58.999999999999986
986,9969,0.8625,0.621875,0.7682568365257197,0.27586206896551724,58.999999999999986
987,15719,0.83895,0.6635,0.763245392121431,0.48275862068965514,58.92857142857142
988,16066,0.1960775,0.6415625,0.7783881460065053,1.0,58.89999999999999
989,8159,0.3625,0.6325937500000001,0.822816528129141,1.0,58.89999999999999
990,11724,0.3625,0.6639062499999999,0.7352017829177208,0.0,58.87368421052631
991,16318,0.7835125,0.6441874999999999,0.7855800505963136,0.13793103448275862,58.818181818181806
992,16132,0.3387125,0.635375,0.8143115287314782,0.27586206896551724,58.79999999999999
993,13937,0.875,0.66328125,0.762462353933261,0.8275862068965517,58.74999999999999
994,9223,0.6125,0.64378125,0.7470545717383447,0.8275862068965517,58.74999999999999
995,6589,0.125,0.6546875,0.7468979641007107,0.6206896551724137,58.74999999999999
996,8209,0.3625,0.64378125,0.7470545717383447,0.3448275862068966,58.74999999999999
997,18788,0.125,0.6025,0.8984941573304421,0.48275862068965514,58.71428571428571
998,7618,0.375,0.63325,0.733739308517046,0.6206896551724137,58.66666666666666
999,9248,0.6125,0.5691875,0.9419226599204914,0.6896551724137931,58.64285714285713
1000,16166,0.49392499999999995,0.64159375,0.7783640525237921,0.0,58.63157894736841
1001,16283,0.8625,0.6338125,0.8190820383086375,0.27586206896551724,58.59999999999999
1002,16279,0.6844875,0.6345625,0.8013853752559932,0.27586206896551724,58.59999999999999
1003,10914,0.125,0.6673125,0.7767256956993133,1.0,58.59999999999999
1004,7957,0.3625,0.6515625,0.7157583423683893,1.0,58.59999999999999
1005,10920,0.125,0.6639062499999999,0.7352017829177208,0.6206896551724137,58.58333333333332
1006,7957,0.3625,0.6515625,0.7157583423683893,0.3448275862068966,58.58333333333332
1007,10920,0.125,0.6639062499999999,0.7352017829177208,0.9655172413793103,58.57142857142856
1008,9620,0.875,0.621875,0.62643055053608,0.9655172413793103,58.57142857142856
1009,15586,0.1486025,0.66346875,0.7795205396940127,0.6896551724137931,58.57142857142856
1010,6962,0.1125,0.621875,0.65293579086857,0.0,58.56842105263157
1011,16293,0.6844875,0.6345625,0.8168533911576918,0.3448275862068966,58.49999999999999
1012,11921,0.375,0.66328125,0.762462353933261,0.27586206896551724,58.49999999999999
1013,9972,0.8625,0.64546875,0.7352017829177208,0.6896551724137931,58.42857142857142
1014,8958,0.6125,0.64546875,0.7352017829177208,0.0,58.42105263157894
1015,16280,0.6646375,0.63325,0.8054451270931212,1.0,58.39999999999999
1016,6610,0.125,0.621875,0.7682568365257197,0.27586206896551724,58.39999999999999
1017,10237,0.8625,0.64378125,0.7470545717383447,1.0,58.39999999999999
1018,20142,0.6125,0.5681875,0.9432478014697024,1.0,58.39999999999999
1019,11185,0.125,0.66896875,0.6778038790507167,0.0,58.378947368421045
1020,15716,0.8625,0.6619375,0.7576316106493193,0.13793103448275862,58.36363636363635
1021,11915,0.375,0.65934375,0.7478014697024454,0.9655172413793103,58.35714285714285
1022,7266,0.1125,0.625,0.7872545476448619,1.0,58.34999999999999
1023,6962,0.1125,0.621875,0.65293579086857,0.3448275862068966,58.33333333333332
1024,9648,0.875,0.64546875,0.7352017829177208,0.6206896551724137,58.33333333333332
1025,7369,0.375,0.62059375,0.8562823756173954,1.0,58.29999999999999
1026,6606,0.125,0.64546875,0.7352017829177208,0.6896551724137931,58.28571428571428
1027,11186,0.125,0.67396875,0.6938103842910492,0.0,58.26315789473683
1028,9972,0.8625,0.64546875,0.7352017829177208,0.9655172413793103,58.21428571428571
1029,16278,0.7042125,0.63584375,0.7972894831947956,0.0,58.210526315789465
1030,8609,0.625,0.625,0.6508384531984098,0.0,58.210526315789465
1031,16270,0.8625,0.63065625,0.8133477894229612,0.0,58.105263157894726
1032,7193,0.1125,0.64609375,0.762462353933261,0.0,58.105263157894726
1033,16079,0.22399874999999997,0.642875,0.7738706179978316,0.6206896551724137,58.08333333333332
1034,7373,0.375,0.5949687499999999,0.9134441633538127,0.9655172413793103,57.99999999999999
1035,7373,0.375,0.5949687499999999,0.9134441633538127,0.6896551724137931,57.99999999999999
1036,8370,0.625,0.64378125,0.7470545717383447,0.27586206896551724,57.94999999999999
1037,16130,0.2913375,0.63846875,0.8045416214913865,0.3448275862068966,57.91666666666666
1038,14260,0.875,0.66540625,0.7863028550777015,0.27586206896551724,57.89999999999999
1039,9999,0.8625,0.625,0.6996542585230695,0.0,57.89473684210525
1040,13477,0.8625,0.66896875,0.6778038790507167,0.0,57.89473684210525
1041,16200,0.375,0.63065625,0.828538730273461,0.48275862068965514,57.85714285714285
1042,9620,0.875,0.621875,0.62643055053608,0.6896551724137931,57.85714285714285
1043,15715,0.8625,0.65878125,0.7456993133357427,0.9655172413793103,57.85714285714285
1044,15715,0.8625,0.65878125,0.7456993133357427,0.6896551724137931,57.85714285714285
1045,8189,0.3625,0.4223125,0.9472834598241175,0.48275862068965514,57.85714285714285
1046,14261,0.875,0.65996875,0.7669437417178653,0.6206896551724137,57.83333333333332
1047,9647,0.875,0.63934375,0.7344705457173835,0.8275862068965517,57.81249999999999
1048,6594,0.125,0.6515625,0.7157583423683893,0.27586206896551724,57.79999999999999
1049,8606,0.625,0.621875,0.62643055053608,1.0,57.79999999999999
1050,8390,0.625,0.5745625000000001,0.9472834598241175,1.0,57.79999999999999
1051,6345,0.125,0.63371875,0.8040477050957715,1.0,57.79999999999999
1052,16268,0.8151875000000001,0.6431250000000001,0.7730032526201662,0.48275862068965514,57.78571428571428
1053,6327,0.125,0.6005625,0.8888085772798457,0.48275862068965514,57.78571428571428
1054,16087,0.3151,0.6369374999999999,0.7938441151668474,1.0,57.69999999999999
1055,10715,0.1125,0.6578125,0.735933020118058,0.0,57.68421052631578
1056,16108,0.3625,0.63065625,0.828538730273461,0.13793103448275862,57.636363636363626
1057,16098,0.2832875,0.63584375,0.7972894831947956,0.27586206896551724,57.59999999999999
1058,8602,0.625,0.621875,0.65293579086857,1.0,57.59999999999999
1059,7971,0.3625,0.625,0.6996542585230695,1.0,57.59999999999999
1060,6930,0.1125,0.64546875,0.7352017829177208,0.3448275862068966,57.58333333333332
1061,7192,0.1125,0.6420625,0.7767256956993133,0.9655172413793103,57.57142857142856
1062,16268,0.8151875000000001,0.6431250000000001,0.7730032526201662,0.8275862068965517,57.56249999999999
1063,10002,0.8625,0.621875,0.7059462715335502,0.13793103448275862,57.54545454545453
1064,16134,0.20422124999999997,0.6441874999999999,0.7855800505963136,0.3448275862068966,57.49999999999999
1065,8609,0.625,0.625,0.6508384531984098,0.6206896551724137,57.49999999999999
1066,7976,0.3625,0.621875,0.65293579086857,0.6206896551724137,57.49999999999999
1067,6576,0.125,0.621875,0.7059462715335502,0.13793103448275862,57.454545454545446
1068,10906,0.125,0.66559375,0.7470545717383447,0.27586206896551724,57.39999999999999
1069,16253,0.7638,0.642875,0.7738706179978316,0.3448275862068966,57.33333333333332
1070,10907,0.125,0.65934375,0.7478014697024454,0.3448275862068966,57.33333333333332
1071,16254,0.7439250000000001,0.64159375,0.7783640525237921,0.27586206896551724,57.29999999999999
1072,16135,0.18432374999999998,0.64546875,0.78106252258764,1.0,57.29999999999999
1073,15715,0.8625,0.65878125,0.7456993133357427,0.13793103448275862,57.272727272727266
1074,8235,0.3625,0.5758125,0.9325864353692326,0.9655172413793103,57.21428571428571
1075,6347,0.125,0.6420625,0.7767256956993133,0.9655172413793103,57.21428571428571
1076,10920,0.125,0.6639062499999999,0.7352017829177208,0.3448275862068966,57.16666666666666
1077,6582,0.125,0.625,0.62643055053608,0.48275862068965514,57.14285714285714
1078,13943,0.875,0.67003125,0.7344705457173835,0.9655172413793103,57.14285714285714
1079,8235,0.3625,0.5758125,0.9325864353692326,0.6896551724137931,57.14285714285714
1080,7969,0.3625,0.625,0.6508384531984098,0.48275862068965514,57.14285714285714
1081,7935,0.3625,0.621875,0.8320322852668354,0.48275862068965514,57.14285714285714
1082,7331,0.375,0.5823437499999999,0.9224189856643776,0.8275862068965517,57.12499999999999
1083,13744,0.8625,0.66328125,0.762462353933261,0.27586206896551724,57.09999999999999
1084,9649,0.875,0.6515625,0.735933020118058,0.3448275862068966,57.08333333333332
1085,9647,0.875,0.63934375,0.7344705457173835,0.0,57.052631578947356
1086,16253,0.7638,0.642875,0.7738706179978316,0.6206896551724137,56.99999999999999
1087,15555,0.14467375,0.6600625,0.7506083604385013,0.13793103448275862,56.99999999999999
1088,16292,0.7042125,0.63584375,0.812853873027346,1.0,56.99999999999999
1089,11177,0.125,0.684375,0.62643055053608,1.0,56.99999999999999
1090,16112,0.125,0.63065625,0.828538730273461,1.0,56.99999999999999
1091,7969,0.3625,0.625,0.6508384531984098,0.27586206896551724,56.99999999999999
1092,8370,0.625,0.64378125,0.7470545717383447,0.0,56.999999999999986
1093,7970,0.3625,0.625,0.6752463558607397,1.0,56.97999999999999
1094,10907,0.125,0.65934375,0.7478014697024454,0.13793103448275862,56.9090909090909
1095,15798,0.8625,0.6619375,0.7741838332730996,0.8275862068965517,56.87499999999999
1096,16080,0.20421625,0.6441874999999999,0.7693289965064449,0.9655172413793103,56.85714285714285
1097,6947,0.1125,0.6546875,0.7468979641007107,0.0,56.84210526315788
1098,16152,0.3986,0.6446875000000001,0.7675219853029756,0.3448275862068966,56.83333333333332
1099,12737,0.6125,0.6673125,0.7767256956993133,0.6206896551724137,56.83333333333332
1100,9185,0.6125,0.5533750000000001,0.9729671123960967,0.8275862068965517,56.81249999999999
1101,7972,0.3625,0.625,0.62643055053608,1.0,56.79999999999999
1102,7965,0.3625,0.6354062500000001,0.6938103842910492,1.0,56.79999999999999
1103,11915,0.375,0.65934375,0.7478014697024454,0.3448275862068966,56.74999999999999
1104,16320,0.6963125,0.63846875,0.8046018551981687,0.6206896551724137,56.74999999999999
1105,6962,0.1125,0.621875,0.65293579086857,0.27586206896551724,56.74999999999999
1106,13478,0.8625,0.67396875,0.6938103842910492,0.0,56.7157894736842
1107,11185,0.125,0.66896875,0.6778038790507167,0.6206896551724137,56.66666666666666
1108,16106,0.125,0.63065625,0.8133477894229612,0.0,56.63157894736841
1109,10931,0.125,0.67796875,0.7209938561619081,0.27586206896551724,56.59999999999999
1110,16097,0.3030125,0.6345625,0.8013853752559932,1.0,56.59999999999999
1111,9408,0.875,0.5461875,0.9796651005902903,1.0,56.59999999999999
1112,16320,0.6963125,0.63846875,0.8046018551981687,0.3448275862068966,56.49999999999999
1113,16123,0.3030125,0.6345625,0.8168533911576918,0.3448275862068966,56.49999999999999
1114,16135,0.18432374999999998,0.64546875,0.78106252258764,0.27586206896551724,56.49999999999999
1115,16078,0.24392624999999998,0.64159375,0.7783640525237921,0.13793103448275862,56.454545454545446
1116,16294,0.664625,0.63325,0.8208047223226117,0.8275862068965517,56.43749999999999
1117,13943,0.875,0.67003125,0.7344705457173835,0.6896551724137931,56.42857142857142
1118,7976,0.3625,0.621875,0.65293579086857,0.48275862068965514,56.42857142857142
1119,16080,0.20421625,0.6441874999999999,0.7693289965064449,0.6896551724137931,56.35714285714285
1120,10907,0.125,0.65934375,0.7478014697024454,0.6206896551724137,56.33333333333332
1121,16152,0.3986,0.6446875000000001,0.7675219853029756,0.6206896551724137,56.33333333333332
1122,17642,0.8625,0.624375,0.8462594868088182,0.0,56.3157894736842
1123,9999,0.8625,0.625,0.6996542585230695,0.27586206896551724,56.29999999999999
1124,6962,0.1125,0.621875,0.65293579086857,0.13793103448275862,56.272727272727266
1125,16063,0.125,0.64625,0.7619563907962895,0.8275862068965517,56.24999999999999
1126,8610,0.625,0.625,0.62643055053608,0.0,56.210526315789465
1127,16286,0.8625,0.64625,0.7784001927478615,0.27586206896551724,56.19999999999999
1128,7188,0.1125,0.62940625,0.817094325984821,0.6896551724137931,56.14285714285714
1129,8958,0.6125,0.64546875,0.7352017829177208,0.27586206896551724,56.09999999999999
1130,7142,0.1125,0.64940625,0.7669437417178653,0.6896551724137931,56.07142857142856
1131,9392,0.875,0.64940625,0.7669437417178653,0.6896551724137931,56.07142857142856
1132,16111,0.12499999999999992,0.63378125,0.8192145524635586,0.13793103448275862,55.99999999999999
1133,8960,0.6125,0.63325,0.733739308517046,0.13793103448275862,55.99999999999999
1134,6930,0.1125,0.64546875,0.7352017829177208,1.0,55.99999999999999
1135,16166,0.49392499999999995,0.64159375,0.7783640525237921,1.0,55.99999999999999
1136,9989,0.8625,0.6546875,0.7468979641007107,0.27586206896551724,55.99999999999999
1137,15715,0.8625,0.65878125,0.7456993133357427,1.0,55.99999999999999
1138,8168,0.3625,0.5745625000000001,0.9472834598241175,0.8275862068965517,55.93749999999999
1139,16086,0.2913375,0.63846875,0.7887724370557764,0.13793103448275862,55.9090909090909
1140,16277,0.72405,0.63715625,0.7931092639441031,1.0,55.89999999999999
1141,7973,0.3625,0.621875,0.62643055053608,0.27586206896551724,55.89999999999999
1142,16317,0.80335,0.64546875,0.78106252258764,0.0,55.89473684210525
1143,16111,0.12499999999999992,0.63378125,0.8192145524635586,0.9655172413793103,55.85714285714285
1144,9250,0.6125,0.5823437499999999,0.9224189856643776,0.9655172413793103,55.85714285714285
1145,11186,0.125,0.67396875,0.6938103842910492,0.6206896551724137,55.83333333333332
1146,8610,0.625,0.625,0.62643055053608,0.6206896551724137,55.83333333333332
1147,16244,0.6963125,0.63846875,0.7888447175039152,0.13793103448275862,55.818181818181806
1148,9616,0.875,0.621875,0.65293579086857,0.13793103448275862,55.818181818181806
1149,11186,0.125,0.67396875,0.6938103842910492,0.27586206896551724,55.77999999999999
1150,11185,0.125,0.66896875,0.6778038790507167,0.27586206896551724,55.75999999999999
1151,16292,0.7042125,0.63584375,0.812853873027346,0.13793103448275862,55.72727272727272
1152,8159,0.3625,0.6325937500000001,0.822816528129141,0.48275862068965514,55.71428571428571
1153,7618,0.375,0.63325,0.733739308517046,0.0,55.70526315789473
1154,16166,0.49392499999999995,0.64159375,0.7783640525237921,0.27586206896551724,55.69999999999999
1155,16288,0.625,0.63065625,0.828538730273461,0.8275862068965517,55.68749999999999
1156,10731,0.1125,0.6718437500000001,0.7463052644259728,0.0,55.68421052631578
1157,7973,0.3625,0.621875,0.62643055053608,0.0,55.68421052631578
1158,16096,0.3228625,0.63325,0.8054451270931212,0.3448275862068966,55.66666666666666
1159,8209,0.3625,0.64378125,0.7470545717383447,0.13793103448275862,55.636363636363626
1160,9623,0.875,0.625,0.6508384531984098,0.8275862068965517,55.62499999999999
1161,14202,0.875,0.684375,0.6996542585230695,1.0,55.59999999999999
1162,15795,0.83895,0.6635,0.7796530538489338,0.6206896551724137,55.58333333333332
1163,16126,0.33895,0.6446875000000001,0.7838091796169135,0.48275862068965514,55.57142857142856
1164,9250,0.6125,0.5823437499999999,0.9224189856643776,0.6896551724137931,55.53571428571428
1165,11915,0.375,0.65934375,0.7478014697024454,0.6896551724137931,55.49999999999999
1166,16254,0.7439250000000001,0.64159375,0.7783640525237921,1.0,55.49999999999999
1167,13943,0.875,0.67003125,0.7344705457173835,0.0,55.47368421052631
1168,16278,0.7042125,0.63584375,0.7972894831947956,0.27586206896551724,55.39999999999999
1169,10715,0.1125,0.6578125,0.735933020118058,0.27586206896551724,55.39999999999999
1170,16064,0.14860375,0.6446875000000001,0.7675219853029756,0.8275862068965517,55.37499999999999
1171,16322,0.6488375,0.63534375,0.8144319961450427,0.6206896551724137,55.33333333333332
1172,13477,0.8625,0.66896875,0.6778038790507167,0.27586206896551724,55.29999999999999
1173,11724,0.3625,0.6639062499999999,0.7352017829177208,0.27586206896551724,55.22999999999999
1174,16270,0.8625,0.63065625,0.8133477894229612,0.27586206896551724,55.19999999999999
1175,17464,0.3625,0.6275000000000001,0.8226478737501505,0.48275862068965514,55.14285714285714
1176,9973,0.8625,0.63934375,0.7344705457173835,1.0,55.09999999999999
1177,7193,0.1125,0.64609375,0.762462353933261,0.27586206896551724,55.09999999999999
1178,10907,0.125,0.65934375,0.7478014697024454,0.9655172413793103,55.07142857142856
1179,15715,0.8625,0.65878125,0.7456993133357427,0.8275862068965517,54.99999999999999
1180,6804,0.1125,0.45246875,0.96883508011083,0.48275862068965514,54.99999999999999
1181,6606,0.125,0.64546875,0.7352017829177208,0.48275862068965514,54.99999999999999
1182,10184,0.8625,0.64940625,0.7669437417178653,0.48275862068965514,54.99999999999999
1183,9620,0.875,0.621875,0.62643055053608,0.48275862068965514,54.99999999999999
1184,20735,0.12499999999999992,0.43690625,0.9659559089266353,0.48275862068965514,54.99999999999999
1185,7360,0.375,0.6379374999999999,0.7905914950006022,0.48275862068965514,54.99999999999999
1186,11185,0.125,0.66896875,0.6778038790507167,0.3448275862068966,54.99999999999999
1187,6955,0.1125,0.625,0.6508384531984098,0.3448275862068966,54.99999999999999
1188,7145,0.1125,0.6325937500000001,0.822816528129141,0.6206896551724137,54.99999999999999
1189,6579,0.125,0.625,0.6996542585230695,0.3448275862068966,54.99999999999999
1190,6383,0.125,0.4223125,0.9472834598241175,0.3448275862068966,54.99999999999999
1191,16321,0.6725,0.63690625,0.8095771593783881,0.13793103448275862,54.99999999999999
1192,16298,0.822875,0.63325,0.8208047223226117,1.0,54.99999999999999
1193,15689,0.375,0.66190625,0.7740151788941092,0.0,54.94736842105262
1194,13480,0.8625,0.684375,0.6508384531984098,0.0,54.94736842105262
1195,16078,0.24392624999999998,0.64159375,0.7783640525237921,0.6206896551724137,54.91666666666666
1196,16322,0.6488375,0.63534375,0.8144319961450427,0.13793103448275862,54.9090909090909
1197,13477,0.8625,0.66896875,0.6778038790507167,1.0,54.89999999999999
1198,7329,0.375,0.5691875,0.9419226599204914,1.0,54.85999999999999
1199,11180,0.125,0.684375,0.6508384531984098,1.0,54.79999999999999
1200,16169,0.43431250000000005,0.64546875,0.7646910010842067,1.0,54.79999999999999
1201,7195,0.1125,0.64378125,0.7470545717383447,1.0,54.79999999999999
1202,8235,0.3625,0.5758125,0.9325864353692326,0.8275862068965517,54.74999999999999
1203,8975,0.6125,0.6546875,0.7468979641007107,0.6206896551724137,54.74999999999999
1204,6579,0.125,0.625,0.6996542585230695,0.13793103448275862,54.72727272727272
1205,13943,0.875,0.67003125,0.7344705457173835,0.27586206896551724,54.69999999999999
1206,13484,0.8625,0.684375,0.62643055053608,0.27586206896551724,54.69999999999999
1207,16088,0.3387125,0.635375,0.7987832791229972,0.6206896551724137,54.66666666666666
1208,9392,0.875,0.64940625,0.7669437417178653,0.3448275862068966,54.66666666666666
1209,6927,0.1125,0.621875,0.7682568365257197,1.0,54.59999999999999
1210,9312,0.875,0.625,0.8084809059149499,1.0,54.59999999999999
1211,13480,0.8625,0.684375,0.6508384531984098,0.27586206896551724,54.59999999999999
1212,9648,0.875,0.64546875,0.7352017829177208,0.3448275862068966,54.58333333333333
1213,14261,0.875,0.65996875,0.7669437417178653,0.3448275862068966,54.58333333333333
1214,13484,0.8625,0.684375,0.62643055053608,0.0,54.52631578947367
1215,6346,0.125,0.6379374999999999,0.7905914950006022,0.8275862068965517,54.49999999999999
1216,16066,0.1960775,0.6415625,0.7783881460065053,0.3448275862068966,54.49999999999999
1217,12936,0.625,0.6639062499999999,0.7352017829177208,0.13793103448275862,54.454545454545446
1218,15678,0.6125,0.6619375,0.7741838332730996,0.0,54.42105263157894
1219,10184,0.8625,0.64940625,0.7669437417178653,0.3448275862068966,54.41666666666666
1220,7953,0.3625,0.6476875,0.6691205878809782,0.6206896551724137,54.41666666666666
1221,11177,0.125,0.684375,0.62643055053608,0.27586206896551724,54.39999999999999
1222,13478,0.8625,0.67396875,0.6938103842910492,0.27586206896551724,54.39999999999999
1223,10731,0.1125,0.6718437500000001,0.7463052644259728,0.13793103448275862,54.36363636363635
1224,6952,0.1125,0.6404062500000001,0.6778038790507167,0.13793103448275862,54.36363636363635
1225,10731,0.1125,0.6718437500000001,0.7463052644259728,0.27586206896551724,54.29999999999999
1226,6947,0.1125,0.6546875,0.7468979641007107,1.0,54.29999999999999
1227,16073,0.34285,0.6480625,0.7552222623780267,1.0,54.29999999999999
1228,8606,0.625,0.621875,0.62643055053608,0.27586206896551724,54.29999999999999
1229,7594,0.375,0.625,0.6752463558607397,0.48275862068965514,54.28571428571428
1230,9648,0.875,0.64546875,0.7352017829177208,0.48275862068965514,54.28571428571428
1231,16084,0.125,0.649375,0.750391519094085,0.6896551724137931,54.28571428571428
1232,9392,0.875,0.64940625,0.7669437417178653,0.48275862068965514,54.28571428571428
1233,15555,0.14467375,0.6600625,0.7506083604385013,0.9655172413793103,54.28571428571428
1234,7373,0.375,0.5949687499999999,0.9134441633538127,0.8275862068965517,54.24999999999999
1235,16291,0.72405,0.63715625,0.8087700277075051,0.0,54.210526315789465
1236,10458,0.1125,0.684375,0.6996542585230695,0.0,54.210526315789465
1237,16283,0.8625,0.6338125,0.8190820383086375,1.0,54.19999999999999
1238,6353,0.125,0.6325937500000001,0.822816528129141,0.8275862068965517,54.18749999999999
1239,16277,0.72405,0.63715625,0.7931092639441031,0.13793103448275862,54.18181818181817
1240,6710,0.125,0.42768750000000005,0.9419226599204914,0.3448275862068966,54.16666666666666
1241,10002,0.8625,0.621875,0.7059462715335502,0.3448275862068966,54.16666666666666
1242,16146,0.14884375,0.63534375,0.8144319961450427,0.48275862068965514,54.14285714285714
1243,9392,0.875,0.64940625,0.7669437417178653,0.9655172413793103,54.14285714285714
1244,16163,0.5533625,0.64546875,0.7646910010842067,0.0,54.105263157894726
1245,16112,0.125,0.63065625,0.828538730273461,0.0,54.105263157894726
1246,8958,0.6125,0.64546875,0.7352017829177208,1.0,54.08999999999999
1247,15555,0.14467375,0.6600625,0.7506083604385013,0.3448275862068966,54.08333333333333
1248,18792,0.3625,0.6025,0.8984941573304421,0.48275862068965514,53.99999999999999
1249,7957,0.3625,0.6515625,0.7157583423683893,0.6206896551724137,53.99999999999999
1250,8609,0.625,0.625,0.6508384531984098,0.27586206896551724,53.99999999999999
1251,16287,0.625,0.63378125,0.8192145524635586,0.0,53.99999999999999
1252,16298,0.822875,0.63325,0.8208047223226117,0.0,53.99999999999999
1253,7970,0.3625,0.625,0.6752463558607397,0.0,53.99999999999999
1254,7953,0.3625,0.6476875,0.6691205878809782,0.3448275862068966,53.91666666666666
1255,16133,0.22400124999999999,0.642875,0.7900012046741356,0.13793103448275862,53.9090909090909
1256,11180,0.125,0.684375,0.6508384531984098,0.27586206896551724,53.89999999999999
1257,16106,0.125,0.63065625,0.8133477894229612,0.27586206896551724,53.89999999999999
1258,16283,0.8625,0.6338125,0.8190820383086375,0.13793103448275862,53.818181818181806
1259,16124,0.2832875,0.63584375,0.812853873027346,0.13793103448275862,53.818181818181806
1260,13740,0.8625,0.6639062499999999,0.7352017829177208,0.6896551724137931,53.78571428571428
1261,10906,0.125,0.66559375,0.7470545717383447,0.3448275862068966,53.74999999999999
1262,6939,0.1125,0.6476875,0.6691205878809782,0.6206896551724137,53.74999999999999
1263,7972,0.3625,0.625,0.62643055053608,0.27586206896551724,53.69999999999999
1264,6270,0.125,0.625,0.8084809059149499,0.8275862068965517,53.68749999999999
1265,10444,0.1125,0.66540625,0.7863028550777015,0.13793103448275862,53.636363636363626
1266,9972,0.8625,0.64546875,0.7352017829177208,0.8275862068965517,53.62499999999999
1267,16321,0.6725,0.63690625,0.8095771593783881,0.6206896551724137,53.58333333333333
1268,11237,0.125,0.65996875,0.7669437417178653,0.6896551724137931,53.57142857142856
1269,8164,0.3625,0.6015625,0.9004216359474762,0.48275862068965514,53.57142857142856
1270,10717,0.1125,0.67003125,0.7344705457173835,0.6896551724137931,53.57142857142856
1271,9969,0.8625,0.621875,0.7682568365257197,0.48275862068965514,53.57142857142856
1272,16097,0.3030125,0.6345625,0.8013853752559932,0.13793103448275862,53.54545454545454
1273,16131,0.3151,0.6369374999999999,0.8094807854475363,0.13793103448275862,53.54545454545454
1274,8630,0.625,0.6476875,0.6691205878809782,0.0,53.505263157894724
1275,7379,0.375,0.5533750000000001,0.9729671123960967,0.8275862068965517,53.49999999999999
1276,16164,0.533525,0.6441874999999999,0.7693289965064449,0.0,53.47368421052631
1277,11180,0.125,0.684375,0.6508384531984098,0.0,53.47368421052631
1278,16269,0.791575,0.64159375,0.7783520057824359,0.3448275862068966,53.41666666666666
1279,16269,0.791575,0.64159375,0.7783520057824359,0.6206896551724137,53.41666666666666
1280,15795,0.83895,0.6635,0.7796530538489338,0.3448275862068966,53.41666666666666
1281,6947,0.1125,0.6546875,0.7468979641007107,0.27586206896551724,53.39999999999999
1282,11191,0.125,0.6546875,0.7468979641007107,0.0,53.36842105263157
1283,6930,0.1125,0.64546875,0.7352017829177208,0.13793103448275862,53.36363636363635
1284,9644,0.875,0.6476875,0.6691205878809782,0.0,53.3578947368421
1285,6959,0.1125,0.621875,0.62643055053608,0.6206896551724137,53.33333333333333
1286,7970,0.3625,0.625,0.6752463558607397,0.6206896551724137,53.33333333333333
1287,11186,0.125,0.67396875,0.6938103842910492,0.3448275862068966,53.33333333333333
1288,8984,0.6125,0.625,0.6752463558607397,0.0,53.30526315789473
1289,7966,0.3625,0.6404062500000001,0.6778038790507167,1.0,53.29999999999999
1290,6610,0.125,0.621875,0.7682568365257197,0.13793103448275862,53.272727272727266
1291,7620,0.375,0.64546875,0.7352017829177208,0.13793103448275862,53.272727272727266
1292,10914,0.125,0.6673125,0.7767256956993133,0.0,53.263157894736835
1293,8234,0.3625,0.5691875,0.9419226599204914,0.6896551724137931,53.21428571428571
1294,10199,0.8625,0.5533750000000001,0.9729671123960967,1.0,53.19999999999999
1295,17642,0.8625,0.624375,0.8462594868088182,0.27586206896551724,53.19999999999999
1296,16132,0.3387125,0.635375,0.8143115287314782,0.13793103448275862,53.18181818181817
1297,16107,0.3625,0.6338125,0.8190820383086375,0.0,53.157894736842096
1298,16284,0.8625,0.63065625,0.828538730273461,0.0,53.157894736842096
1299,13943,0.875,0.67003125,0.7344705457173835,0.8275862068965517,53.12499999999999
1300,16122,0.32287499999999997,0.63325,0.8208047223226117,1.0,53.09999999999999
1301,16266,0.8625,0.64625,0.7619563907962895,0.13793103448275862,53.09090909090908
1302,7618,0.375,0.63325,0.733739308517046,0.48275862068965514,53.07142857142856
1303,8234,0.3625,0.5691875,0.9419226599204914,0.9655172413793103,53.07142857142856
1304,11177,0.125,0.684375,0.62643055053608,0.0,53.052631578947356
1305,8376,0.625,0.65003125,0.7478014697024454,0.48275862068965514,52.99999999999999
1306,16130,0.2913375,0.63846875,0.8045416214913865,0.6206896551724137,52.99999999999999
1307,16279,0.6844875,0.6345625,0.8013853752559932,1.0,52.99999999999999
