rank,node_number,x_n,y_n,z_n,t_n,score
1,12871,0.625,0.77153125,0.9739549451873267,0.8275862068965517,18812.499499999998
2,12952,0.625,0.71875,0.9014576557041319,0.8275862068965517,18784.374499999998
3,3878,0.375,0.278125,0.8578604987350921,0.13793103448275862,18183.635636363633
4,7129,0.1125,0.371875,0.6752463558607397,0.3448275862068966,16671.665999999997
5,2527,0.1125,0.309375,0.7324515118660402,0.48275862068965514,14294.999428571427
6,6462,0.125,0.465625,0.7238561619082038,0.48275862068965514,14287.142285714284
7,104,0.12499999999999989,0.890625,0.62643055053608,0.8275862068965517,12486.874499999998
8,6934,0.1125,0.627125,0.7330092759908444,0.3448275862068966,8351.666
9,8034,0.3625,0.528125,0.8226719672328634,0.48275862068965514,7149.999428571427
10,12600,0.6125,0.871875,0.6538959161546801,0.48275862068965514,7084.427999999999
11,18278,0.7199375,0.399375,0.8950608360438501,0.0,6169.562262210796
12,18651,0.46415000000000006,0.28025625,0.917588242380436,1.0,6000.099299999999
13,18196,0.5234875000000001,0.40290625,0.9019033851343211,0.3448275862068966,5833.249416666666
14,6137,0.875,0.28247187500000004,0.9134441633538127,0.0,5142.107249357326
15,20816,0.5531375,0.4376875,0.9668232743043006,1.0,5000.199299999999
16,19833,0.315125,0.25880000000000003,0.9390555354776532,0.3448275862068966,4999.916083333333
17,487,0.5625,0.484375,0.62643055053608,0.13793103448275862,4544.726636363635
18,20777,0.3987625,0.44781250000000006,0.9647150945669196,0.6896551724137931,4285.785214285714
19,16507,0.7199375,0.9525,0.7837007589447055,1.0,3998.299299999999
20,19048,0.375,0.915,0.8847729189254305,0.3448275862068966,3361.1660833333326
21,22856,0.2140825,0.8396250000000001,0.9805686061920249,0.6896551724137931,2886.5709285714283
22,397,0.5625,0.578125,0.62643055053608,0.9655172413793103,2857.4994999999994
23,23139,0.267775,0.1744,0.998831466088423,0.9655172413793103,2857.213785714285
24,17320,0.6125,0.31498750000000003,0.8226478737501505,0.3448275862068966,2500.5827499999996
25,7457,0.375,0.434375,0.7885315022286471,0.27586206896551724,2006.7992999999997
26,9069,0.6125,0.5,0.8542103361040838,0.27586206896551724,1989.5992999999996
27,10633,0.1125,0.9375,0.7240621611853992,0.0,1966.5802570694084
28,8341,0.625,0.53125,0.9116251054089869,0.6206896551724137,1666.916083333333
29,8952,0.6125,0.6091249999999999,0.7775207806288399,0.27586206896551724,1016.5992999999999
30,8779,0.625,0.4944375,0.8914468136369111,0.6896551724137931,719.3566428571428
31,10204,0.8625,0.5169374999999999,0.9969883146608842,0.6896551724137931,714.242357142857
32,6489,0.125,0.496875,0.7782797253342971,0.8275862068965517,626.7495624999999
33,11640,0.3625,0.9375,0.62643055053608,1.0,603.2999999999998
34,12648,0.6125,0.9375,0.62643055053608,1.0,597.3999999999999
35,14032,0.875,0.9375,0.62643055053608,1.0,593.0999999999999
36,12016,0.375,0.9375,0.62643055053608,1.0,584.7999999999998
37,10632,0.1125,0.9375,0.62643055053608,1.0,582.2999999999998
38,13024,0.625,0.9375,0.62643055053608,1.0,582.0999999999999
39,11640,0.3625,0.9375,0.62643055053608,0.27586206896551724,578.4999999999999
40,12648,0.6125,0.9375,0.62643055053608,0.27586206896551724,577.3999999999999
41,13656,0.8625,0.9375,0.62643055053608,0.27586206896551724,576.2999999999998
42,13024,0.625,0.9375,0.62643055053608,0.27586206896551724,573.2999999999998
43,12016,0.375,0.9375,0.62643055053608,0.27586206896551724,571.9999999999999
44,11008,0.125,0.9375,0.62643055053608,0.27586206896551724,566.5999999999999
45,14032,0.875,0.9375,0.62643055053608,0.27586206896551724,564.2999999999998
46,10632,0.1125,0.9375,0.62643055053608,0.27586206896551724,560.5999999999999
47,11640,0.3625,0.9375,0.62643055053608,0.0,552.6992287917736
48,12648,0.6125,0.9375,0.62643055053608,0.0,551.7737789203084
49,13656,0.8625,0.9375,0.62643055053608,0.0,550.8483290488431
50,13024,0.625,0.9375,0.62643055053608,0.0,546.1182519280204
51,12016,0.375,0.9375,0.62643055053608,0.0,544.7814910025706
52,11008,0.125,0.9375,0.62643055053608,0.0,539.5372750642673
53,14032,0.875,0.9375,0.62643055053608,0.0,537.9948586118251
54,10632,0.1125,0.9375,0.62643055053608,0.0,536.0411311053983
55,11008,0.125,0.9375,0.62643055053608,1.0,531.55
56,11640,0.3625,0.9375,0.62643055053608,0.13793103448275862,522.7272727272726
57,12648,0.6125,0.9375,0.62643055053608,0.13793103448275862,520.9090909090909
58,13656,0.8625,0.9375,0.62643055053608,0.13793103448275862,519.9999999999999
59,13024,0.625,0.9375,0.62643055053608,0.13793103448275862,515.4545454545454
60,12016,0.375,0.9375,0.62643055053608,0.13793103448275862,515.4545454545454
61,11008,0.125,0.9375,0.62643055053608,0.13793103448275862,514.2727272727271
62,14032,0.875,0.9375,0.62643055053608,0.13793103448275862,507.2727272727272
63,10632,0.1125,0.9375,0.62643055053608,0.13793103448275862,506.36363636363626
64,11640,0.3625,0.9375,0.62643055053608,0.6206896551724137,488.33333333333326
65,11639,0.3625,0.9375,0.6508384531984098,1.0,488.2999999999999
66,13656,0.8625,0.9375,0.62643055053608,0.6206896551724137,487.49999999999994
67,12648,0.6125,0.9375,0.62643055053608,0.6206896551724137,487.49999999999994
68,13024,0.625,0.9375,0.62643055053608,0.6206896551724137,481.6666666666666
69,12016,0.375,0.9375,0.62643055053608,0.6206896551724137,481.6666666666666
70,11008,0.125,0.9375,0.62643055053608,0.6206896551724137,480.83333333333326
71,14029,0.875,0.9375,0.6508384531984098,1.0,476.2999999999999
72,11640,0.3625,0.9375,0.62643055053608,0.3448275862068966,475.83333333333326
73,14032,0.875,0.9375,0.62643055053608,0.6206896551724137,474.99999999999994
74,13656,0.8625,0.9375,0.62643055053608,0.3448275862068966,474.1666666666666
75,12648,0.6125,0.9375,0.62643055053608,0.3448275862068966,474.1666666666666
76,10632,0.1125,0.9375,0.62643055053608,0.6206896551724137,473.33333333333326
77,12647,0.6125,0.9375,0.6508384531984098,1.0,472.69999999999993
78,13656,0.8625,0.9375,0.62643055053608,0.9655172413793103,471.4285714285714
79,13021,0.625,0.9375,0.6508384531984098,1.0,468.9999999999999
80,13024,0.625,0.9375,0.62643055053608,0.3448275862068966,467.49999999999994
81,11008,0.125,0.9375,0.62643055053608,0.3448275862068966,466.6666666666666
82,12016,0.375,0.9375,0.62643055053608,0.3448275862068966,466.6666666666666
83,14032,0.875,0.9375,0.62643055053608,0.9655172413793103,464.2857142857142
84,11640,0.3625,0.9375,0.62643055053608,0.9655172413793103,464.2857142857142
85,12648,0.6125,0.9375,0.62643055053608,0.9655172413793103,464.2857142857142
86,11639,0.3625,0.9375,0.6508384531984098,0.27586206896551724,462.7999999999999
87,10631,0.1125,0.9375,0.6508384531984098,1.0,461.99999999999994
88,12647,0.6125,0.9375,0.6508384531984098,0.27586206896551724,461.99999999999994
89,10632,0.1125,0.9375,0.62643055053608,0.3448275862068966,460.83333333333326
90,14032,0.875,0.9375,0.62643055053608,0.3448275862068966,459.99999999999994
91,13021,0.625,0.9375,0.6508384531984098,0.27586206896551724,458.7999999999999
92,13655,0.8625,0.9375,0.6508384531984098,0.27586206896551724,457.69999999999993
93,12016,0.375,0.9375,0.62643055053608,0.9655172413793103,457.1428571428571
94,12013,0.375,0.9375,0.6508384531984098,0.27586206896551724,456.2999999999999
95,13024,0.625,0.9375,0.62643055053608,0.9655172413793103,449.99999999999994
96,10632,0.1125,0.9375,0.62643055053608,0.9655172413793103,449.99999999999994
97,11008,0.125,0.9375,0.62643055053608,0.9655172413793103,449.99999999999994
98,12013,0.375,0.9375,0.6508384531984098,1.0,449.25999999999993
99,14029,0.875,0.9375,0.6508384531984098,0.27586206896551724,448.5999999999999
100,10631,0.1125,0.9375,0.6508384531984098,0.27586206896551724,443.0999999999999
101,12017,0.375,0.934375,0.62643055053608,1.0,442.7999999999999
102,11009,0.125,0.934375,0.62643055053608,1.0,441.0999999999999
103,11005,0.125,0.9375,0.6508384531984098,0.27586206896551724,440.8999999999999
104,11639,0.3625,0.9375,0.6508384531984098,0.0,440.6169665809768
105,12647,0.6125,0.9375,0.6508384531984098,0.0,439.89717223650376
106,12644,0.6125,0.934375,0.62643055053608,1.0,439.7999999999999
107,13655,0.8625,0.9375,0.6508384531984098,0.0,435.6812339331619
108,13021,0.625,0.9375,0.6508384531984098,0.0,435.4755784061696
109,10628,0.1125,0.934375,0.62643055053608,0.27586206896551724,434.2999999999999
110,12013,0.375,0.9375,0.6508384531984098,0.0,432.904884318766
111,14033,0.875,0.934375,0.62643055053608,0.27586206896551724,432.7999999999999
112,10628,0.1125,0.934375,0.62643055053608,1.0,427.2999999999999
113,14029,0.875,0.9375,0.6508384531984098,0.0,426.11825192802047
114,13025,0.625,0.934375,0.62643055053608,0.27586206896551724,425.3999999999999
115,12017,0.375,0.934375,0.62643055053608,0.27586206896551724,424.99999999999994
116,11009,0.125,0.934375,0.62643055053608,0.27586206896551724,422.8999999999999
117,12644,0.6125,0.934375,0.62643055053608,0.27586206896551724,422.7999999999999
118,10631,0.1125,0.9375,0.6508384531984098,0.0,422.1079691516709
119,13652,0.8625,0.934375,0.62643055053608,1.0,421.69999999999993
120,13652,0.8625,0.934375,0.62643055053608,0.27586206896551724,421.0999999999999
121,11636,0.3625,0.934375,0.62643055053608,0.27586206896551724,420.49999999999994
122,14033,0.875,0.934375,0.62643055053608,0.0,419.2287917737788
123,14033,0.875,0.934375,0.62643055053608,1.0,419.0999999999999
124,10628,0.1125,0.934375,0.62643055053608,0.0,418.30334190231355
125,11639,0.3625,0.9375,0.6508384531984098,0.13793103448275862,418.18181818181813
126,11005,0.125,0.9375,0.6508384531984098,0.0,417.89203084832894
127,12647,0.6125,0.9375,0.6508384531984098,0.13793103448275862,417.2727272727272
128,13655,0.8625,0.9375,0.6508384531984098,0.13793103448275862,415.4545454545454
129,13021,0.625,0.9375,0.6508384531984098,0.13793103448275862,413.090909090909
130,11640,0.3625,0.9375,0.62643055053608,0.48275862068965514,412.8571428571428
131,13656,0.8625,0.9375,0.62643055053608,0.48275862068965514,412.1428571428571
132,13025,0.625,0.934375,0.62643055053608,0.0,412.03084832904875
133,12013,0.375,0.9375,0.6508384531984098,0.13793103448275862,411.99999999999994
134,12017,0.375,0.934375,0.62643055053608,0.0,411.92802056555263
135,12648,0.6125,0.9375,0.62643055053608,0.48275862068965514,410.71428571428567
136,11009,0.125,0.934375,0.62643055053608,0.0,409.35732647814905
137,12644,0.6125,0.934375,0.62643055053608,0.0,407.917737789203
138,13652,0.8625,0.934375,0.62643055053608,0.0,406.6838046272493
139,11008,0.125,0.9375,0.62643055053608,0.48275862068965514,406.4285714285714
140,12016,0.375,0.9375,0.62643055053608,0.48275862068965514,406.4285714285714
141,11005,0.125,0.9375,0.6508384531984098,0.13793103448275862,405.9090909090908
142,11636,0.3625,0.934375,0.62643055053608,0.0,405.86118251928013
143,13024,0.625,0.9375,0.62643055053608,0.48275862068965514,405.71428571428567
144,14029,0.875,0.9375,0.6508384531984098,0.13793103448275862,404.5454545454545
145,10631,0.1125,0.9375,0.6508384531984098,0.13793103448275862,400.9090909090908
146,14032,0.875,0.9375,0.62643055053608,0.48275862068965514,399.99999999999994
147,10632,0.1125,0.9375,0.62643055053608,0.48275862068965514,399.99999999999994
148,10628,0.1125,0.934375,0.62643055053608,0.13793103448275862,392.99999999999994
149,11639,0.3625,0.9375,0.6508384531984098,0.6206896551724137,391.66666666666663
150,12647,0.6125,0.9375,0.6508384531984098,0.6206896551724137,389.99999999999994
151,13655,0.8625,0.9375,0.6508384531984098,0.6206896551724137,389.16666666666663
152,14033,0.875,0.934375,0.62643055053608,0.13793103448275862,389.090909090909
153,13021,0.625,0.9375,0.6508384531984098,0.6206896551724137,385.83333333333326
154,13655,0.8625,0.9375,0.6508384531984098,0.9655172413793103,385.71428571428567
155,11639,0.3625,0.9375,0.6508384531984098,0.9655172413793103,385.71428571428567
156,12013,0.375,0.9375,0.6508384531984098,0.6206896551724137,384.99999999999994
157,13025,0.625,0.934375,0.62643055053608,0.13793103448275862,384.5454545454545
158,12017,0.375,0.934375,0.62643055053608,0.13793103448275862,384.5454545454545
159,11005,0.125,0.9375,0.6508384531984098,0.6206896551724137,382.49999999999994
160,11009,0.125,0.934375,0.62643055053608,0.13793103448275862,381.81818181818176
161,11639,0.3625,0.9375,0.6508384531984098,0.3448275862068966,381.66666666666663
162,12644,0.6125,0.934375,0.62643055053608,0.13793103448275862,380.9090909090908
163,12647,0.6125,0.9375,0.6508384531984098,0.3448275862068966,379.99999999999994
164,11636,0.3625,0.934375,0.62643055053608,0.13793103448275862,379.2727272727272
165,14029,0.875,0.9375,0.6508384531984098,0.6206896551724137,379.16666666666663
166,13655,0.8625,0.9375,0.6508384531984098,0.3448275862068966,379.16666666666663
167,13656,0.8625,0.9375,0.62643055053608,1.0,379.0299999999999
168,14029,0.875,0.9375,0.6508384531984098,0.9655172413793103,378.5714285714285
169,13652,0.8625,0.934375,0.62643055053608,0.13793103448275862,377.2727272727272
170,10631,0.1125,0.9375,0.6508384531984098,0.6206896551724137,375.83333333333326
171,13650,0.8625,0.934375,0.7059462715335502,1.0,374.99999999999994
172,13025,0.625,0.934375,0.62643055053608,1.0,374.7799999999999
173,13021,0.625,0.9375,0.6508384531984098,0.3448275862068966,374.16666666666663
174,12013,0.375,0.9375,0.6508384531984098,0.3448275862068966,374.16666666666663
175,13021,0.625,0.9375,0.6508384531984098,0.9655172413793103,371.4285714285714
176,12013,0.375,0.9375,0.6508384531984098,0.9655172413793103,371.4285714285714
177,12647,0.6125,0.9375,0.6508384531984098,0.9655172413793103,371.4285714285714
178,11005,0.125,0.9375,0.6508384531984098,0.3448275862068966,370.83333333333326
179,14029,0.875,0.9375,0.6508384531984098,0.3448275862068966,367.49999999999994
180,10628,0.1125,0.934375,0.62643055053608,0.6206896551724137,367.49999999999994
181,10631,0.1125,0.9375,0.6508384531984098,0.3448275862068966,366.66666666666663
182,13025,0.625,0.934375,0.62643055053608,0.9655172413793103,365.71428571428567
183,14033,0.875,0.934375,0.62643055053608,0.6206896551724137,364.99999999999994
184,10631,0.1125,0.9375,0.6508384531984098,0.9655172413793103,364.2857142857142
185,11005,0.125,0.9375,0.6508384531984098,0.9655172413793103,364.2857142857142
186,14033,0.875,0.934375,0.62643055053608,0.9655172413793103,362.1428571428571
187,12644,0.6125,0.934375,0.62643055053608,0.9655172413793103,362.1428571428571
188,13025,0.625,0.934375,0.62643055053608,0.6206896551724137,361.66666666666663
189,12018,0.375,0.934375,0.7059462715335502,1.0,360.99999999999994
190,12017,0.375,0.934375,0.62643055053608,0.6206896551724137,359.99999999999994
191,11634,0.3625,0.934375,0.7059462715335502,1.0,358.49999999999994
192,11009,0.125,0.934375,0.62643055053608,0.6206896551724137,358.33333333333326
193,12644,0.6125,0.934375,0.62643055053608,0.6206896551724137,357.49999999999994
194,10628,0.1125,0.934375,0.62643055053608,0.9655172413793103,357.1428571428571
195,11009,0.125,0.934375,0.62643055053608,0.9655172413793103,357.1428571428571
196,12017,0.375,0.934375,0.62643055053608,0.9655172413793103,357.1428571428571
197,14033,0.875,0.934375,0.62643055053608,0.3448275862068966,354.99999999999994
198,10628,0.1125,0.934375,0.62643055053608,0.3448275862068966,354.99999999999994
199,11636,0.3625,0.934375,0.62643055053608,0.6206896551724137,354.99999999999994
200,13652,0.8625,0.934375,0.62643055053608,0.6206896551724137,354.16666666666663
201,11634,0.3625,0.934375,0.7059462715335502,0.27586206896551724,352.79999999999995
202,13652,0.8625,0.934375,0.62643055053608,0.9655172413793103,352.1428571428571
203,12642,0.6125,0.934375,0.7059462715335502,0.27586206896551724,351.99999999999994
204,13026,0.625,0.934375,0.7059462715335502,1.0,351.8999999999999
205,12642,0.6125,0.934375,0.7059462715335502,1.0,351.19999999999993
206,13026,0.625,0.934375,0.7059462715335502,0.27586206896551724,350.79999999999995
207,12018,0.375,0.934375,0.7059462715335502,0.27586206896551724,350.69999999999993
208,11010,0.125,0.934375,0.7059462715335502,1.0,350.5999999999999
209,13656,0.8625,0.9375,0.62643055053608,0.6896551724137931,349.99999999999994
210,11636,0.3625,0.934375,0.62643055053608,0.9655172413793103,349.99999999999994
211,13025,0.625,0.934375,0.62643055053608,0.3448275862068966,349.99999999999994
212,12017,0.375,0.934375,0.62643055053608,0.3448275862068966,349.16666666666663
213,13650,0.8625,0.934375,0.7059462715335502,0.27586206896551724,348.69999999999993
214,11009,0.125,0.934375,0.62643055053608,0.3448275862068966,347.49999999999994
215,11010,0.125,0.934375,0.7059462715335502,0.27586206896551724,344.3999999999999
216,12644,0.6125,0.934375,0.62643055053608,0.3448275862068966,344.16666666666663
217,14034,0.875,0.934375,0.7059462715335502,0.27586206896551724,344.0999999999999
218,14032,0.875,0.9375,0.62643055053608,0.6896551724137931,342.85714285714283
219,11640,0.3625,0.9375,0.62643055053608,0.6896551724137931,342.85714285714283
220,13652,0.8625,0.934375,0.62643055053608,0.3448275862068966,341.66666666666663
221,11636,0.3625,0.934375,0.62643055053608,0.3448275862068966,341.66666666666663
222,14034,0.875,0.934375,0.7059462715335502,1.0,339.98999999999995
223,10626,0.1125,0.934375,0.7059462715335502,0.27586206896551724,339.49999999999994
224,11634,0.3625,0.934375,0.7059462715335502,0.0,336.0411311053984
225,13024,0.625,0.9375,0.62643055053608,0.6896551724137931,335.71428571428567
226,12648,0.6125,0.9375,0.62643055053608,0.6896551724137931,335.71428571428567
227,12642,0.6125,0.934375,0.7059462715335502,0.0,335.32133676092536
228,13026,0.625,0.934375,0.7059462715335502,0.0,334.4987146529562
229,12018,0.375,0.934375,0.7059462715335502,0.0,334.4987146529562
230,13650,0.8625,0.934375,0.7059462715335502,0.0,332.33933161953723
231,11639,0.3625,0.9375,0.6508384531984098,0.48275862068965514,331.4285714285714
232,13655,0.8625,0.9375,0.6508384531984098,0.48275862068965514,330.71428571428567
233,12647,0.6125,0.9375,0.6508384531984098,0.48275862068965514,329.2857142857142
234,10632,0.1125,0.9375,0.62643055053608,0.6896551724137931,328.57142857142856
235,11008,0.125,0.9375,0.62643055053608,0.6896551724137931,328.57142857142856
236,12016,0.375,0.9375,0.62643055053608,0.6896551724137931,328.57142857142856
237,14034,0.875,0.934375,0.7059462715335502,0.0,328.3290488431876
238,11010,0.125,0.934375,0.7059462715335502,0.0,328.3290488431876
239,12013,0.375,0.9375,0.6508384531984098,0.48275862068965514,326.4285714285714
240,13021,0.625,0.9375,0.6508384531984098,0.48275862068965514,324.99999999999994
241,10626,0.1125,0.934375,0.7059462715335502,0.0,323.9074550128534
242,11005,0.125,0.9375,0.6508384531984098,0.48275862068965514,323.57142857142856
243,14029,0.875,0.9375,0.6508384531984098,0.48275862068965514,319.99999999999994
244,13656,0.8625,0.9375,0.62643055053608,0.8275862068965517,318.74999999999994
245,10631,0.1125,0.9375,0.6508384531984098,0.48275862068965514,318.57142857142856
246,11634,0.3625,0.934375,0.7059462715335502,0.13793103448275862,318.3636363636363
247,12642,0.6125,0.934375,0.7059462715335502,0.13793103448275862,317.18181818181813
248,12018,0.375,0.934375,0.7059462715335502,0.13793103448275862,316.4545454545454
249,13026,0.625,0.934375,0.7059462715335502,0.13793103448275862,316.09090909090907
250,13650,0.8625,0.934375,0.7059462715335502,0.13793103448275862,314.5454545454545
251,14032,0.875,0.9375,0.62643055053608,0.8275862068965517,312.49999999999994
252,11640,0.3625,0.9375,0.62643055053608,0.8275862068965517,312.49999999999994
253,11010,0.125,0.934375,0.7059462715335502,0.13793103448275862,310.99999999999994
254,10628,0.1125,0.934375,0.62643055053608,0.48275862068965514,310.71428571428567
255,14034,0.875,0.934375,0.7059462715335502,0.13793103448275862,310.5454545454545
256,14033,0.875,0.934375,0.62643055053608,0.48275862068965514,308.57142857142856
257,10626,0.1125,0.934375,0.7059462715335502,0.13793103448275862,307.09090909090907
258,13025,0.625,0.934375,0.62643055053608,0.48275862068965514,306.4285714285714
259,12648,0.6125,0.9375,0.62643055053608,0.8275862068965517,306.24999999999994
260,12017,0.375,0.934375,0.62643055053608,0.48275862068965514,305.71428571428567
261,10626,0.1125,0.934375,0.7059462715335502,1.0,304.22999999999996
262,11009,0.125,0.934375,0.62643055053608,0.48275862068965514,303.57142857142856
263,12644,0.6125,0.934375,0.62643055053608,0.48275862068965514,302.1428571428571
264,12016,0.375,0.9375,0.62643055053608,0.8275862068965517,299.99999999999994
265,11636,0.3625,0.934375,0.62643055053608,0.48275862068965514,299.99999999999994
266,12476,0.6125,0.684375,0.62643055053608,1.0,297.59999999999997
267,11634,0.3625,0.934375,0.7059462715335502,0.6206896551724137,297.49999999999994
268,10460,0.1125,0.684375,0.62643055053608,1.0,297.29999999999995
269,13652,0.8625,0.934375,0.62643055053608,0.48275862068965514,297.1428571428571
270,12018,0.375,0.934375,0.7059462715335502,0.6206896551724137,296.66666666666663
271,13650,0.8625,0.934375,0.7059462715335502,0.9655172413793103,296.4285714285714
272,11468,0.3625,0.684375,0.62643055053608,1.0,296.19999999999993
273,13026,0.625,0.934375,0.7059462715335502,0.6206896551724137,295.8333333333333
274,12642,0.6125,0.934375,0.7059462715335502,0.6206896551724137,295.8333333333333
275,13650,0.8625,0.934375,0.7059462715335502,0.6206896551724137,294.99999999999994
276,11177,0.125,0.684375,0.62643055053608,1.0,294.49999999999994
277,13193,0.625,0.684375,0.62643055053608,1.0,293.8999999999999
278,13655,0.8625,0.9375,0.6508384531984098,0.8275862068965517,293.74999999999994
279,13024,0.625,0.9375,0.62643055053608,0.8275862068965517,293.74999999999994
280,10632,0.1125,0.9375,0.62643055053608,0.8275862068965517,293.74999999999994
281,13655,0.8625,0.9375,0.6508384531984098,0.6896551724137931,292.85714285714283
282,12642,0.6125,0.934375,0.7059462715335502,0.9655172413793103,292.85714285714283
283,11177,0.125,0.684375,0.62643055053608,0.27586206896551724,291.8999999999999
284,12185,0.375,0.684375,0.62643055053608,1.0,291.79999999999995
285,14034,0.875,0.934375,0.7059462715335502,0.6206896551724137,291.66666666666663
286,11010,0.125,0.934375,0.7059462715335502,0.6206896551724137,291.66666666666663
287,14034,0.875,0.934375,0.7059462715335502,0.9655172413793103,291.4285714285714
288,11634,0.3625,0.934375,0.7059462715335502,0.9655172413793103,291.4285714285714
289,12018,0.375,0.934375,0.7059462715335502,0.9655172413793103,290.71428571428567
290,12185,0.375,0.684375,0.62643055053608,0.27586206896551724,290.3999999999999
291,11634,0.3625,0.934375,0.7059462715335502,0.3448275862068966,289.16666666666663
292,12642,0.6125,0.934375,0.7059462715335502,0.3448275862068966,288.3333333333333
293,13484,0.8625,0.684375,0.62643055053608,0.27586206896551724,287.99999999999994
294,13193,0.625,0.684375,0.62643055053608,0.27586206896551724,287.79999999999995
295,14029,0.875,0.9375,0.6508384531984098,0.8275862068965517,287.49999999999994
296,11008,0.125,0.9375,0.62643055053608,0.8275862068965517,287.49999999999994
297,10626,0.1125,0.934375,0.7059462715335502,0.6206896551724137,287.49999999999994
298,13026,0.625,0.934375,0.7059462715335502,0.3448275862068966,287.49999999999994
299,12018,0.375,0.934375,0.7059462715335502,0.3448275862068966,287.49999999999994
300,13650,0.8625,0.934375,0.7059462715335502,0.3448275862068966,286.66666666666663
301,11639,0.3625,0.9375,0.6508384531984098,0.6896551724137931,285.71428571428567
302,13026,0.625,0.934375,0.7059462715335502,0.9655172413793103,284.99999999999994
303,11010,0.125,0.934375,0.7059462715335502,0.3448275862068966,283.3333333333333
304,12640,0.6125,0.934375,0.65293579086857,1.0,282.84
305,14034,0.875,0.934375,0.7059462715335502,0.3448275862068966,282.49999999999994
306,13025,0.625,0.934375,0.62643055053608,0.8275862068965517,281.24999999999994
307,11639,0.3625,0.9375,0.6508384531984098,0.8275862068965517,281.24999999999994
308,12020,0.375,0.934375,0.65293579086857,1.0,280.05999999999995
309,10626,0.1125,0.934375,0.7059462715335502,0.3448275862068966,279.16666666666663
310,14029,0.875,0.9375,0.6508384531984098,0.6896551724137931,278.57142857142856
311,13021,0.625,0.9375,0.6508384531984098,0.6896551724137931,278.57142857142856
312,11010,0.125,0.934375,0.7059462715335502,0.9655172413793103,278.57142857142856
313,12013,0.375,0.9375,0.6508384531984098,0.6896551724137931,278.57142857142856
314,12647,0.6125,0.9375,0.6508384531984098,0.6896551724137931,278.57142857142856
315,10624,0.1125,0.934375,0.65293579086857,1.0,278.49999999999994
316,11012,0.125,0.934375,0.65293579086857,1.0,277.09999999999997
317,10626,0.1125,0.934375,0.7059462715335502,0.9655172413793103,275.71428571428567
318,12013,0.375,0.9375,0.6508384531984098,0.8275862068965517,274.99999999999994
319,12644,0.6125,0.934375,0.62643055053608,0.8275862068965517,274.99999999999994
320,12647,0.6125,0.9375,0.6508384531984098,0.8275862068965517,274.99999999999994
321,14036,0.875,0.934375,0.65293579086857,0.27586206896551724,274.19999999999993
322,10624,0.1125,0.934375,0.65293579086857,0.27586206896551724,273.99999999999994
323,1786,0.0625,0.890625,0.6023370678231538,0.27586206896551724,272.9993999999999
324,14036,0.875,0.934375,0.65293579086857,1.0,272.69999999999993
325,10460,0.1125,0.684375,0.62643055053608,0.13793103448275862,272.3636363636363
326,10631,0.1125,0.9375,0.6508384531984098,0.6896551724137931,271.4285714285714
327,11005,0.125,0.9375,0.6508384531984098,0.6896551724137931,271.4285714285714
328,12476,0.6125,0.684375,0.62643055053608,0.13793103448275862,271.3636363636363
329,11177,0.125,0.684375,0.62643055053608,0.13793103448275862,270.9090909090909
330,14033,0.875,0.934375,0.62643055053608,0.8275862068965517,268.74999999999994
331,13652,0.8625,0.934375,0.62643055053608,0.8275862068965517,268.74999999999994
332,13021,0.625,0.9375,0.6508384531984098,0.8275862068965517,268.74999999999994
333,11009,0.125,0.934375,0.62643055053608,0.8275862068965517,268.74999999999994
334,12017,0.375,0.934375,0.62643055053608,0.8275862068965517,268.74999999999994
335,11468,0.3625,0.684375,0.62643055053608,0.13793103448275862,268.27272727272725
336,12185,0.375,0.684375,0.62643055053608,0.13793103448275862,268.18181818181813
337,13193,0.625,0.684375,0.62643055053608,0.13793103448275862,267.27272727272725
338,13484,0.8625,0.684375,0.62643055053608,0.13793103448275862,267.27272727272725
339,14036,0.875,0.934375,0.65293579086857,0.0,266.9408740359897
340,11012,0.125,0.934375,0.65293579086857,0.27586206896551724,266.29999999999995
341,13028,0.625,0.934375,0.65293579086857,0.27586206896551724,266.29999999999995
342,12020,0.375,0.934375,0.65293579086857,0.27586206896551724,265.99999999999994
343,13025,0.625,0.934375,0.62643055053608,0.6896551724137931,264.99999999999994
344,10624,0.1125,0.934375,0.65293579086857,0.0,264.98714652956295
345,12640,0.6125,0.934375,0.65293579086857,0.27586206896551724,263.69999999999993
346,13648,0.8625,0.934375,0.65293579086857,0.27586206896551724,263.49999999999994
347,12476,0.6125,0.684375,0.62643055053608,0.27586206896551724,262.69999999999993
348,10628,0.1125,0.934375,0.62643055053608,0.8275862068965517,262.49999999999994
349,10631,0.1125,0.9375,0.6508384531984098,0.8275862068965517,262.49999999999994
350,11636,0.3625,0.934375,0.62643055053608,0.8275862068965517,262.49999999999994
351,14201,0.875,0.684375,0.62643055053608,0.13793103448275862,262.45454545454544
352,11632,0.3625,0.934375,0.65293579086857,0.27586206896551724,261.09999999999997
353,14033,0.875,0.934375,0.62643055053608,0.6896551724137931,259.99999999999994
354,12644,0.6125,0.934375,0.62643055053608,0.6896551724137931,259.99999999999994
355,10460,0.1125,0.684375,0.62643055053608,0.3448275862068966,259.99999999999994
356,13028,0.625,0.934375,0.65293579086857,0.0,259.4344473007712
357,12020,0.375,0.934375,0.65293579086857,0.0,259.331619537275
358,11012,0.125,0.934375,0.65293579086857,0.0,259.2287917737789
359,14201,0.875,0.684375,0.62643055053608,1.0,258.4
360,12476,0.6125,0.684375,0.62643055053608,0.3448275862068966,257.49999999999994
361,10628,0.1125,0.934375,0.62643055053608,0.6896551724137931,257.1428571428571
362,11009,0.125,0.934375,0.62643055053608,0.6896551724137931,257.1428571428571
363,12017,0.375,0.934375,0.62643055053608,0.6896551724137931,257.1428571428571
364,11005,0.125,0.9375,0.6508384531984098,0.8275862068965517,256.24999999999994
365,13648,0.8625,0.934375,0.65293579086857,0.0,255.83547557840612
366,11177,0.125,0.684375,0.62643055053608,0.3448275862068966,255.8333333333333
367,11468,0.3625,0.684375,0.62643055053608,0.3448275862068966,255.8333333333333
368,12640,0.6125,0.934375,0.65293579086857,0.0,255.62982005141384
369,13648,0.8625,0.934375,0.65293579086857,1.0,255.09999999999997
370,11632,0.3625,0.934375,0.65293579086857,0.0,253.4704370179948
371,13193,0.625,0.684375,0.62643055053608,0.3448275862068966,253.3333333333333
372,11177,0.125,0.684375,0.62643055053608,0.0,253.26478149100254
373,11634,0.3625,0.934375,0.7059462715335502,0.48275862068965514,252.1428571428571
374,12185,0.375,0.684375,0.62643055053608,0.3448275862068966,251.66666666666663
375,12185,0.375,0.684375,0.62643055053608,0.0,251.41388174807193
376,13484,0.8625,0.684375,0.62643055053608,1.0,250.79999999999995
377,12018,0.375,0.934375,0.7059462715335502,0.48275862068965514,250.7142857142857
378,13652,0.8625,0.934375,0.62643055053608,0.6896551724137931,249.99999999999997
379,13650,0.8625,0.934375,0.7059462715335502,0.48275862068965514,249.99999999999997
380,12642,0.6125,0.934375,0.7059462715335502,0.48275862068965514,249.99999999999997
381,10624,0.1125,0.934375,0.65293579086857,0.13793103448275862,249.81818181818178
382,13484,0.8625,0.684375,0.62643055053608,0.0,249.76863753213362
383,13193,0.625,0.684375,0.62643055053608,0.0,249.35732647814905
384,13026,0.625,0.934375,0.7059462715335502,0.48275862068965514,249.28571428571425
385,14034,0.875,0.934375,0.7059462715335502,0.48275862068965514,247.1428571428571
386,11010,0.125,0.934375,0.7059462715335502,0.48275862068965514,247.1428571428571
387,10460,0.1125,0.684375,0.62643055053608,0.6206896551724137,246.66666666666663
388,14036,0.875,0.934375,0.65293579086857,0.13793103448275862,246.36363636363632
389,12472,0.6125,0.684375,0.6508384531984098,1.0,245.79999999999995
390,11632,0.3625,0.934375,0.65293579086857,1.0,245.39999999999995
391,12476,0.6125,0.684375,0.62643055053608,0.6206896551724137,244.99999999999997
392,11177,0.125,0.684375,0.62643055053608,0.6206896551724137,244.99999999999997
393,13193,0.625,0.684375,0.62643055053608,0.6206896551724137,243.3333333333333
394,10456,0.1125,0.684375,0.6508384531984098,1.0,243.09999999999997
395,10626,0.1125,0.934375,0.7059462715335502,0.48275862068965514,242.85714285714283
396,11636,0.3625,0.934375,0.62643055053608,0.6896551724137931,242.85714285714283
397,11468,0.3625,0.684375,0.62643055053608,0.6206896551724137,242.49999999999997
398,11464,0.3625,0.684375,0.6508384531984098,1.0,242.19999999999996
399,13196,0.625,0.684375,0.6508384531984098,1.0,241.89999999999995
400,12185,0.375,0.684375,0.62643055053608,0.6206896551724137,241.66666666666663
401,13484,0.8625,0.684375,0.62643055053608,0.3448275862068966,241.66666666666663
402,13028,0.625,0.934375,0.65293579086857,0.13793103448275862,241.09090909090907
403,11012,0.125,0.934375,0.65293579086857,0.13793103448275862,240.81818181818178
404,12020,0.375,0.934375,0.65293579086857,0.13793103448275862,240.6363636363636
405,11180,0.125,0.684375,0.6508384531984098,1.0,240.29999999999995
406,13028,0.625,0.934375,0.65293579086857,0.9655172413793103,238.57142857142853
407,12640,0.6125,0.934375,0.65293579086857,0.13793103448275862,237.99999999999997
408,14201,0.875,0.684375,0.62643055053608,0.3448275862068966,237.49999999999997
409,12188,0.375,0.684375,0.6508384531984098,1.0,237.19999999999996
410,11180,0.125,0.684375,0.6508384531984098,0.27586206896551724,236.89999999999995
411,11632,0.3625,0.934375,0.65293579086857,0.13793103448275862,235.81818181818178
412,14036,0.875,0.934375,0.65293579086857,0.9655172413793103,235.7142857142857
413,12640,0.6125,0.934375,0.65293579086857,0.9655172413793103,235.7142857142857
414,13648,0.8625,0.934375,0.65293579086857,0.13793103448275862,235.5454545454545
415,14050,0.875,0.903125,0.62643055053608,1.0,235.27999999999994
416,10624,0.1125,0.934375,0.65293579086857,0.6206896551724137,234.16666666666663
417,12476,0.6125,0.684375,0.62643055053608,0.0,234.0359897172236
418,13196,0.625,0.684375,0.6508384531984098,0.27586206896551724,233.89999999999995
419,10624,0.1125,0.934375,0.65293579086857,0.9655172413793103,232.85714285714283
420,12188,0.375,0.684375,0.6508384531984098,0.27586206896551724,232.59999999999997
421,14036,0.875,0.934375,0.65293579086857,0.6206896551724137,232.49999999999997
422,13480,0.8625,0.684375,0.6508384531984098,0.27586206896551724,232.29999999999995
423,13193,0.625,0.684375,0.62643055053608,0.9655172413793103,232.1428571428571
424,12476,0.6125,0.684375,0.62643055053608,0.9655172413793103,231.4285714285714
425,11012,0.125,0.934375,0.65293579086857,0.9655172413793103,230.7142857142857
426,12020,0.375,0.934375,0.65293579086857,0.9655172413793103,229.99999999999997
427,11468,0.3625,0.684375,0.62643055053608,0.9655172413793103,229.99999999999997
428,12185,0.375,0.684375,0.62643055053608,0.9655172413793103,229.28571428571425
429,13484,0.8625,0.684375,0.62643055053608,0.6206896551724137,229.16666666666663
430,14201,0.875,0.684375,0.62643055053608,0.6206896551724137,227.49999999999997
431,13028,0.625,0.934375,0.65293579086857,0.6206896551724137,227.49999999999997
432,11177,0.125,0.684375,0.62643055053608,0.9655172413793103,227.1428571428571
433,11012,0.125,0.934375,0.65293579086857,0.6206896551724137,226.66666666666663
434,14036,0.875,0.934375,0.65293579086857,0.3448275862068966,225.8333333333333
435,10624,0.1125,0.934375,0.65293579086857,0.3448275862068966,225.8333333333333
436,12020,0.375,0.934375,0.65293579086857,0.6206896551724137,225.8333333333333
437,10460,0.1125,0.684375,0.62643055053608,0.9655172413793103,225.7142857142857
438,10611,0.1125,0.903125,0.62643055053608,1.0,225.66999999999996
439,10611,0.1125,0.903125,0.62643055053608,0.27586206896551724,225.09999999999997
440,13650,0.8625,0.934375,0.7059462715335502,0.8275862068965517,224.99999999999997
441,13635,0.8625,0.903125,0.62643055053608,1.0,224.89999999999995
442,12034,0.375,0.903125,0.62643055053608,1.0,224.44999999999996
443,12640,0.6125,0.934375,0.65293579086857,0.6206896551724137,224.16666666666663
444,13648,0.8625,0.934375,0.65293579086857,0.9655172413793103,223.57142857142856
445,13650,0.8625,0.934375,0.7059462715335502,0.6896551724137931,222.85714285714283
446,11632,0.3625,0.934375,0.65293579086857,0.9655172413793103,222.85714285714283
447,14050,0.875,0.903125,0.62643055053608,0.27586206896551724,221.99999999999997
448,13648,0.8625,0.934375,0.65293579086857,0.6206896551724137,221.66666666666663
449,11632,0.3625,0.934375,0.65293579086857,0.6206896551724137,221.66666666666663
450,12477,0.6125,0.6875,0.7059462715335502,1.0,221.29999999999995
451,13491,0.8625,0.69659375,0.7551740754126008,1.0,221.19999999999996
452,14193,0.875,0.69659375,0.7551740754126008,1.0,220.89999999999995
453,13028,0.625,0.934375,0.65293579086857,0.3448275862068966,219.99999999999997
454,11026,0.125,0.903125,0.62643055053608,1.0,219.29999999999995
455,11012,0.125,0.934375,0.65293579086857,0.3448275862068966,219.16666666666663
456,12020,0.375,0.934375,0.65293579086857,0.3448275862068966,219.16666666666663
457,11180,0.125,0.684375,0.6508384531984098,0.13793103448275862,218.81818181818178
458,13191,0.625,0.6875,0.7059462715335502,1.0,218.29999999999995
459,12472,0.6125,0.684375,0.6508384531984098,0.13793103448275862,217.18181818181816
460,11635,0.3625,0.934375,0.7324515118660402,1.0,217.15999999999997
461,12627,0.6125,0.903125,0.62643055053608,1.0,216.70999999999995
462,10456,0.1125,0.684375,0.6508384531984098,0.13793103448275862,216.5454545454545
463,10460,0.1125,0.684375,0.62643055053608,0.48275862068965514,216.4285714285714
464,10461,0.1125,0.6875,0.7059462715335502,1.0,216.29999999999995
465,11469,0.3625,0.6875,0.7059462715335502,1.0,216.09999999999997
466,10611,0.1125,0.903125,0.62643055053608,0.0,216.04113110539842
467,14034,0.875,0.934375,0.7059462715335502,0.6896551724137931,215.7142857142857
468,11177,0.125,0.684375,0.62643055053608,0.48275862068965514,215.7142857142857
469,12021,0.375,0.934375,0.7324515118660402,1.0,215.70999999999995
470,13196,0.625,0.684375,0.6508384531984098,0.13793103448275862,215.5454545454545
471,13635,0.8625,0.903125,0.62643055053608,0.27586206896551724,215.29999999999995
472,12188,0.375,0.684375,0.6508384531984098,0.13793103448275862,215.18181818181816
473,14201,0.875,0.684375,0.62643055053608,0.9655172413793103,214.99999999999997
474,11634,0.3625,0.934375,0.7059462715335502,0.6896551724137931,214.99999999999997
475,13029,0.625,0.934375,0.7324515118660402,1.0,214.98999999999995
476,11635,0.3625,0.934375,0.7324515118660402,0.27586206896551724,214.79999999999995
477,12643,0.6125,0.934375,0.7324515118660402,0.27586206896551724,214.79999999999995
478,12183,0.375,0.6875,0.7059462715335502,1.0,214.39999999999995
479,11175,0.125,0.6875,0.7059462715335502,1.0,214.39999999999995
480,12018,0.375,0.934375,0.7059462715335502,0.6896551724137931,214.28571428571425
481,13648,0.8625,0.934375,0.65293579086857,0.3448275862068966,214.16666666666663
482,12640,0.6125,0.934375,0.65293579086857,0.3448275862068966,214.16666666666663
483,13029,0.625,0.934375,0.7324515118660402,0.27586206896551724,214.09999999999997
484,11619,0.3625,0.903125,0.62643055053608,0.27586206896551724,213.99999999999997
485,12021,0.375,0.934375,0.7324515118660402,0.27586206896551724,213.89999999999995
486,14050,0.875,0.903125,0.62643055053608,0.0,213.8817480719794
487,12627,0.6125,0.903125,0.62643055053608,0.27586206896551724,213.69999999999996
488,13480,0.8625,0.684375,0.6508384531984098,0.13793103448275862,213.6363636363636
489,12476,0.6125,0.684375,0.62643055053608,0.48275862068965514,213.57142857142856
490,13042,0.625,0.903125,0.62643055053608,0.27586206896551724,213.39999999999995
491,14034,0.875,0.934375,0.7059462715335502,0.8275862068965517,212.49999999999997
492,11634,0.3625,0.934375,0.7059462715335502,0.8275862068965517,212.49999999999997
493,12018,0.375,0.934375,0.7059462715335502,0.8275862068965517,212.49999999999997
494,11464,0.3625,0.684375,0.6508384531984098,0.13793103448275862,212.36363636363632
495,12643,0.6125,0.934375,0.7324515118660402,1.0,212.11999999999995
496,11619,0.3625,0.903125,0.62643055053608,1.0,212.00999999999996
497,12034,0.375,0.903125,0.62643055053608,0.27586206896551724,211.99999999999997
498,11632,0.3625,0.934375,0.65293579086857,0.3448275862068966,211.66666666666663
499,13193,0.625,0.684375,0.62643055053608,0.48275862068965514,211.4285714285714
500,11468,0.3625,0.684375,0.62643055053608,0.48275862068965514,211.4285714285714
501,12642,0.6125,0.934375,0.7059462715335502,0.6896551724137931,210.7142857142857
502,11026,0.125,0.903125,0.62643055053608,0.27586206896551724,210.49999999999997
503,13484,0.8625,0.684375,0.62643055053608,0.9655172413793103,209.99999999999997
504,12185,0.375,0.684375,0.62643055053608,0.48275862068965514,209.28571428571425
505,10456,0.1125,0.684375,0.6508384531984098,0.3448275862068966,209.16666666666663
506,14204,0.875,0.684375,0.6508384531984098,0.13793103448275862,208.99999999999997
507,13026,0.625,0.934375,0.7059462715335502,0.6896551724137931,208.57142857142856
508,13651,0.8625,0.934375,0.7324515118660402,0.27586206896551724,208.29999999999995
509,14037,0.875,0.934375,0.7324515118660402,0.27586206896551724,207.79999999999995
510,12472,0.6125,0.684375,0.6508384531984098,0.3448275862068966,207.49999999999997
511,13491,0.8625,0.69659375,0.7551740754126008,0.27586206896551724,207.19999999999996
512,13635,0.8625,0.903125,0.62643055053608,0.0,206.88946015424162
513,11180,0.125,0.684375,0.6508384531984098,0.3448275862068966,206.66666666666663
514,11180,0.125,0.684375,0.6508384531984098,0.0,206.3753213367609
515,12642,0.6125,0.934375,0.7059462715335502,0.8275862068965517,206.24999999999997
516,13026,0.625,0.934375,0.7059462715335502,0.8275862068965517,206.24999999999997
517,13042,0.625,0.903125,0.62643055053608,0.0,205.96401028277631
518,11619,0.3625,0.903125,0.62643055053608,0.0,205.86118251928016
519,12627,0.6125,0.903125,0.62643055053608,0.0,205.34704370179944
520,11464,0.3625,0.684375,0.6508384531984098,0.3448275862068966,204.99999999999997
521,14055,0.875,0.903125,0.655524635586074,1.0,204.85999999999996
522,12034,0.375,0.903125,0.62643055053608,0.0,204.62724935732643
523,11013,0.125,0.934375,0.7324515118660402,0.27586206896551724,204.59999999999997
524,12643,0.6125,0.934375,0.7324515118660402,0.0,204.21593830334186
525,11635,0.3625,0.934375,0.7324515118660402,0.0,204.21593830334186
526,12472,0.6125,0.684375,0.6508384531984098,0.27586206896551724,204.20999999999995
527,13196,0.625,0.684375,0.6508384531984098,0.3448275862068966,204.16666666666663
528,13029,0.625,0.934375,0.7324515118660402,0.0,203.90745501285343
529,11005,0.125,0.9375,0.6508384531984098,1.0,203.89999999999995
530,12021,0.375,0.934375,0.7324515118660402,0.0,203.80462724935728
531,12177,0.375,0.69659375,0.7551740754126008,0.27586206896551724,203.69999999999996
532,11010,0.125,0.934375,0.7059462715335502,0.6896551724137931,203.57142857142856
533,10611,0.1125,0.903125,0.62643055053608,0.13793103448275862,203.5454545454545
534,13196,0.625,0.684375,0.6508384531984098,0.0,203.18766066838043
535,11169,0.125,0.69659375,0.7551740754126008,1.0,202.99999999999997
536,11026,0.125,0.903125,0.62643055053608,0.0,202.98200514138813
537,14193,0.875,0.69659375,0.7551740754126008,0.27586206896551724,202.49999999999997
538,10627,0.1125,0.934375,0.7324515118660402,0.27586206896551724,202.29999999999995
539,14204,0.875,0.684375,0.6508384531984098,1.0,202.19999999999996
540,12188,0.375,0.684375,0.6508384531984098,0.0,201.9537275064267
541,13480,0.8625,0.684375,0.6508384531984098,0.0,201.85089974293055
542,12188,0.375,0.684375,0.6508384531984098,0.3448275862068966,201.66666666666663
543,13484,0.8625,0.684375,0.62643055053608,0.48275862068965514,201.42857142857142
544,13185,0.625,0.69659375,0.7551740754126008,0.27586206896551724,200.99999999999997
545,10626,0.1125,0.934375,0.7059462715335502,0.6896551724137931,200.7142857142857
546,14050,0.875,0.903125,0.62643055053608,0.13793103448275862,200.6363636363636
547,12177,0.375,0.69659375,0.7551740754126008,1.0,200.19999999999996
548,11169,0.125,0.69659375,0.7551740754126008,0.27586206896551724,200.19999999999996
549,13193,0.625,0.684375,0.62643055053608,0.6896551724137931,199.99999999999997
550,12483,0.6125,0.69659375,0.7551740754126008,0.27586206896551724,199.99999999999997
551,14048,0.875,0.90625,0.7671364895795687,1.0,199.69999999999996
552,13185,0.625,0.69659375,0.7551740754126008,1.0,199.29999999999995
553,12476,0.6125,0.684375,0.62643055053608,0.6896551724137931,199.28571428571425
554,14201,0.875,0.684375,0.62643055053608,0.48275862068965514,199.28571428571425
555,10456,0.1125,0.684375,0.6508384531984098,0.6206896551724137,199.16666666666663
556,10624,0.1125,0.934375,0.65293579086857,0.48275862068965514,198.57142857142856
557,11475,0.3625,0.69659375,0.7551740754126008,0.27586206896551724,198.49999999999997
558,10467,0.1125,0.69659375,0.7551740754126008,1.0,198.39999999999998
559,11180,0.125,0.684375,0.6508384531984098,0.6206896551724137,198.33333333333331
560,12472,0.6125,0.684375,0.6508384531984098,0.6206896551724137,198.33333333333331
561,14037,0.875,0.934375,0.7324515118660402,0.0,198.14910025706936
562,13651,0.8625,0.934375,0.7324515118660402,0.0,198.04627249357324
563,11468,0.3625,0.684375,0.62643055053608,0.6896551724137931,197.85714285714283
564,12185,0.375,0.684375,0.62643055053608,0.6896551724137931,197.1428571428571
565,11475,0.3625,0.69659375,0.7551740754126008,1.0,196.39999999999998
566,13196,0.625,0.684375,0.6508384531984098,0.6206896551724137,195.83333333333331
567,12483,0.6125,0.69659375,0.7551740754126008,1.0,195.79999999999995
568,14036,0.875,0.934375,0.65293579086857,0.48275862068965514,195.7142857142857
569,10460,0.1125,0.684375,0.62643055053608,0.6896551724137931,194.99999999999997
570,11177,0.125,0.684375,0.62643055053608,0.6896551724137931,194.99999999999997
571,11464,0.3625,0.684375,0.6508384531984098,0.6206896551724137,194.99999999999997
572,12477,0.6125,0.6875,0.7059462715335502,0.27586206896551724,194.99999999999997
573,13480,0.8625,0.684375,0.6508384531984098,1.0,194.89999999999998
574,11013,0.125,0.934375,0.7324515118660402,0.0,194.75578406169663
575,12188,0.375,0.684375,0.6508384531984098,0.6206896551724137,194.16666666666663
576,10605,0.1125,0.903125,0.655524635586074,1.0,193.81999999999996
577,10626,0.1125,0.934375,0.7059462715335502,0.8275862068965517,193.74999999999997
578,11010,0.125,0.934375,0.7059462715335502,0.8275862068965517,193.74999999999997
579,11635,0.3625,0.934375,0.7324515118660402,0.13793103448275862,193.7272727272727
580,13028,0.625,0.934375,0.65293579086857,0.48275862068965514,193.57142857142856
581,11175,0.125,0.6875,0.7059462715335502,0.13793103448275862,193.5454545454545
582,13635,0.8625,0.903125,0.62643055053608,0.13793103448275862,193.4545454545454
583,14199,0.875,0.6875,0.7059462715335502,0.27586206896551724,193.39999999999998
584,12643,0.6125,0.934375,0.7324515118660402,0.13793103448275862,193.36363636363635
585,12021,0.375,0.934375,0.7324515118660402,0.13793103448275862,193.18181818181816
586,10461,0.1125,0.6875,0.7059462715335502,0.27586206896551724,192.89999999999998
587,12020,0.375,0.934375,0.65293579086857,0.48275862068965514,192.85714285714283
588,13042,0.625,0.903125,0.62643055053608,0.13793103448275862,192.81818181818178
589,13029,0.625,0.934375,0.7324515118660402,0.13793103448275862,192.81818181818178
590,11619,0.3625,0.903125,0.62643055053608,0.13793103448275862,192.7272727272727
591,10627,0.1125,0.934375,0.7324515118660402,0.0,192.5964010282776
592,10461,0.1125,0.6875,0.7059462715335502,0.13793103448275862,192.5454545454545
593,12627,0.6125,0.903125,0.62643055053608,0.13793103448275862,192.5454545454545
594,13480,0.8625,0.684375,0.6508384531984098,0.3448275862068966,192.49999999999997
595,11012,0.125,0.934375,0.65293579086857,0.48275862068965514,192.1428571428571
596,10467,0.1125,0.69659375,0.7551740754126008,0.27586206896551724,191.49999999999997
597,12403,0.6125,0.90625,0.8367546078785688,0.3448275862068966,191.4578333333333
598,12472,0.6125,0.684375,0.6508384531984098,0.9655172413793103,191.42857142857142
599,12034,0.375,0.903125,0.62643055053608,0.13793103448275862,191.36363636363635
600,11469,0.3625,0.6875,0.7059462715335502,0.27586206896551724,191.29999999999995
601,10605,0.1125,0.903125,0.655524635586074,0.27586206896551724,190.99999999999997
602,13196,0.625,0.684375,0.6508384531984098,0.9655172413793103,190.7142857142857
603,10611,0.1125,0.903125,0.62643055053608,0.6206896551724137,190.58333333333331
604,13191,0.625,0.6875,0.7059462715335502,0.13793103448275862,190.4545454545454
605,12477,0.6125,0.6875,0.7059462715335502,0.13793103448275862,190.36363636363635
606,13629,0.8625,0.903125,0.655524635586074,1.0,190.14999999999998
607,12640,0.6125,0.934375,0.65293579086857,0.48275862068965514,189.99999999999997
608,13651,0.8625,0.934375,0.7324515118660402,0.13793103448275862,189.81818181818178
609,11026,0.125,0.903125,0.62643055053608,0.13793103448275862,189.81818181818178
610,14037,0.875,0.934375,0.7324515118660402,0.13793103448275862,189.36363636363635
611,10612,0.1125,0.90625,0.7671364895795687,1.0,189.11999999999998
612,12183,0.375,0.6875,0.7059462715335502,0.13793103448275862,189.09090909090907
613,14050,0.875,0.903125,0.62643055053608,0.6206896551724137,188.74999999999997
614,11469,0.3625,0.6875,0.7059462715335502,0.13793103448275862,188.6363636363636
615,11464,0.3625,0.684375,0.6508384531984098,0.9655172413793103,187.85714285714283
616,14050,0.875,0.903125,0.62643055053608,0.9655172413793103,187.85714285714283
617,11632,0.3625,0.934375,0.65293579086857,0.48275862068965514,187.85714285714283
618,14048,0.875,0.90625,0.7671364895795687,0.27586206896551724,187.79999999999995
619,14204,0.875,0.684375,0.6508384531984098,0.3448275862068966,187.49999999999997
620,13636,0.8625,0.90625,0.7671364895795687,0.27586206896551724,187.49999999999997
621,14055,0.875,0.903125,0.655524635586074,0.27586206896551724,187.29999999999995
622,12188,0.375,0.684375,0.6508384531984098,0.9655172413793103,187.1428571428571
623,10612,0.1125,0.90625,0.7671364895795687,0.27586206896551724,187.09999999999997
624,11013,0.125,0.934375,0.7324515118660402,0.13793103448275862,186.90909090909088
625,12472,0.6125,0.684375,0.6508384531984098,0.0,186.83804627249353
626,11024,0.125,0.90625,0.7671364895795687,0.27586206896551724,186.69999999999996
627,12039,0.375,0.903125,0.655524635586074,1.0,186.44999999999996
628,11175,0.125,0.6875,0.7059462715335502,0.27586206896551724,186.37999999999997
629,11620,0.3625,0.90625,0.7671364895795687,1.0,185.92999999999998
630,13648,0.8625,0.934375,0.65293579086857,0.48275862068965514,185.7142857142857
631,13491,0.8625,0.69659375,0.7551740754126008,0.0,185.6041131105398
632,10627,0.1125,0.934375,0.7324515118660402,0.13793103448275862,185.36363636363635
633,10456,0.1125,0.684375,0.6508384531984098,0.9655172413793103,184.99999999999997
634,11180,0.125,0.684375,0.6508384531984098,0.9655172413793103,184.99999999999997
635,10611,0.1125,0.903125,0.62643055053608,0.3448275862068966,184.33333333333331
636,11031,0.125,0.903125,0.655524635586074,1.0,183.99999999999997
637,11613,0.3625,0.903125,0.655524635586074,1.0,183.61999999999998
638,13042,0.625,0.903125,0.62643055053608,1.0,183.13499999999996
639,10605,0.1125,0.903125,0.655524635586074,0.0,183.03341902313622
640,14050,0.875,0.903125,0.62643055053608,0.3448275862068966,182.99999999999997
641,13651,0.8625,0.934375,0.7324515118660402,1.0,182.96999999999997
642,14201,0.875,0.684375,0.62643055053608,0.6896551724137931,182.85714285714283
643,13047,0.625,0.903125,0.655524635586074,1.0,182.55999999999997
644,11175,0.125,0.6875,0.7059462715335502,0.3448275862068966,182.49999999999997
645,10611,0.1125,0.903125,0.62643055053608,0.9655172413793103,182.1428571428571
646,12177,0.375,0.69659375,0.7551740754126008,0.0,182.12853470437014
647,12621,0.6125,0.903125,0.655524635586074,1.0,182.08999999999997
648,11213,0.125,0.82203125,0.9989157932779182,1.0,181.99999999999997
649,11361,0.3625,0.8634375000000001,0.9629442235875195,1.0,181.99999999999997
650,13191,0.625,0.6875,0.7059462715335502,0.27586206896551724,181.81999999999996
651,14199,0.875,0.6875,0.7059462715335502,0.13793103448275862,181.81818181818178
652,12032,0.375,0.90625,0.7671364895795687,0.27586206896551724,181.79999999999995
653,13485,0.8625,0.6875,0.7059462715335502,0.13793103448275862,181.7272727272727
654,12628,0.6125,0.90625,0.7671364895795687,0.27586206896551724,181.69999999999996
655,10461,0.1125,0.6875,0.7059462715335502,0.3448275862068966,181.66666666666663
656,12477,0.6125,0.6875,0.7059462715335502,0.3448275862068966,181.66666666666663
657,13480,0.8625,0.684375,0.6508384531984098,0.6206896551724137,181.66666666666663
658,11423,0.3625,0.865875,0.9729671123960967,1.0,181.49999999999997
659,12640,0.6125,0.934375,0.65293579086857,0.8275862068965517,181.24999999999997
660,13028,0.625,0.934375,0.65293579086857,0.8275862068965517,181.24999999999997
661,14193,0.875,0.69659375,0.7551740754126008,0.0,181.1825192802056
662,13635,0.8625,0.903125,0.62643055053608,0.6206896551724137,181.08333333333331
663,11635,0.3625,0.934375,0.7324515118660402,0.6206896551724137,180.99999999999997
664,13629,0.8625,0.903125,0.655524635586074,0.27586206896551724,180.89999999999998
665,12643,0.6125,0.934375,0.7324515118660402,0.6206896551724137,180.83333333333331
666,13191,0.625,0.6875,0.7059462715335502,0.3448275862068966,180.83333333333331
667,12021,0.375,0.934375,0.7324515118660402,0.6206896551724137,180.83333333333331
668,13042,0.625,0.903125,0.62643055053608,0.6206896551724137,180.58333333333331
669,11619,0.3625,0.903125,0.62643055053608,0.6206896551724137,180.41666666666663
670,13636,0.8625,0.90625,0.7671364895795687,1.0,180.38999999999996
671,12168,0.375,0.715625,0.62643055053608,1.0,180.29999999999995
672,14055,0.875,0.903125,0.655524635586074,0.0,180.25706940874034
673,13029,0.625,0.934375,0.7324515118660402,0.6206896551724137,180.16666666666663
674,13040,0.625,0.90625,0.7671364895795687,0.27586206896551724,180.09999999999997
675,14204,0.875,0.684375,0.6508384531984098,0.6206896551724137,179.99999999999997
676,13636,0.8625,0.90625,0.7671364895795687,0.0,179.84575835475576
677,14048,0.875,0.90625,0.7671364895795687,0.0,179.84575835475576
678,12627,0.6125,0.903125,0.62643055053608,0.6206896551724137,179.83333333333331
679,12183,0.375,0.6875,0.7059462715335502,0.27586206896551724,179.61999999999998
680,13185,0.625,0.69659375,0.7551740754126008,0.0,179.5372750642673
681,12034,0.375,0.903125,0.62643055053608,0.6206896551724137,179.49999999999997
682,10612,0.1125,0.90625,0.7671364895795687,0.0,179.22879177377888
683,11469,0.3625,0.6875,0.7059462715335502,0.3448275862068966,179.16666666666663
684,13485,0.8625,0.6875,0.7059462715335502,1.0,178.99999999999997
685,11024,0.125,0.90625,0.7671364895795687,0.0,178.92030848329046
686,12493,0.6125,0.715625,0.62643055053608,1.0,178.89999999999998
687,11620,0.3625,0.90625,0.7671364895795687,0.27586206896551724,178.89999999999998
688,13651,0.8625,0.934375,0.7324515118660402,0.9655172413793103,178.57142857142856
689,13484,0.8625,0.684375,0.62643055053608,0.6896551724137931,178.57142857142856
690,12483,0.6125,0.69659375,0.7551740754126008,0.0,178.50899742930588
691,11169,0.125,0.69659375,0.7551740754126008,0.0,178.50899742930588
692,13651,0.8625,0.934375,0.7324515118660402,0.6206896551724137,178.41666666666663
693,12183,0.375,0.6875,0.7059462715335502,0.3448275862068966,178.33333333333331
694,11026,0.125,0.903125,0.62643055053608,0.6206896551724137,178.33333333333331
695,11613,0.3625,0.903125,0.655524635586074,0.27586206896551724,177.99999999999997
696,13042,0.625,0.903125,0.62643055053608,0.9655172413793103,177.85714285714283
697,10477,0.1125,0.715625,0.62643055053608,1.0,177.69999999999996
698,12621,0.6125,0.903125,0.655524635586074,0.27586206896551724,177.69999999999996
699,13047,0.625,0.903125,0.655524635586074,0.27586206896551724,177.39999999999998
700,11485,0.3625,0.715625,0.62643055053608,1.0,177.39999999999998
701,14037,0.875,0.934375,0.7324515118660402,0.6206896551724137,177.16666666666663
702,13635,0.8625,0.903125,0.62643055053608,0.9655172413793103,177.1428571428571
703,13491,0.8625,0.69659375,0.7551740754126008,0.9655172413793103,177.1428571428571
704,11475,0.3625,0.69659375,0.7551740754126008,0.0,176.86375321336757
705,11031,0.125,0.903125,0.655524635586074,0.27586206896551724,176.79999999999995
706,12039,0.375,0.903125,0.655524635586074,0.27586206896551724,176.39999999999998
707,12021,0.375,0.934375,0.7324515118660402,0.3448275862068966,176.16666666666663
708,11635,0.3625,0.934375,0.7324515118660402,0.3448275862068966,175.91666666666663
709,11013,0.125,0.934375,0.7324515118660402,0.6206896551724137,175.83333333333331
710,14031,0.875,0.9375,0.6996542585230695,0.27586206896551724,175.79999999999995
711,13029,0.625,0.934375,0.7324515118660402,0.3448275862068966,175.74999999999997
712,11635,0.3625,0.934375,0.7324515118660402,0.9655172413793103,175.7142857142857
713,12643,0.6125,0.934375,0.7324515118660402,0.3448275862068966,175.66666666666663
714,13635,0.8625,0.903125,0.62643055053608,0.3448275862068966,175.49999999999997
715,13042,0.625,0.903125,0.62643055053608,0.3448275862068966,175.33333333333331
716,13040,0.625,0.90625,0.7671364895795687,1.0,175.03099999999998
717,12476,0.6125,0.684375,0.62643055053608,0.8275862068965517,174.99999999999997
718,14036,0.875,0.934375,0.65293579086857,0.8275862068965517,174.99999999999997
719,13193,0.625,0.684375,0.62643055053608,0.8275862068965517,174.99999999999997
720,12185,0.375,0.684375,0.62643055053608,0.8275862068965517,174.99999999999997
721,12643,0.6125,0.934375,0.7324515118660402,0.9655172413793103,174.99999999999997
722,10456,0.1125,0.684375,0.6508384531984098,0.48275862068965514,174.99999999999997
723,12034,0.375,0.903125,0.62643055053608,0.9655172413793103,174.99999999999997
724,12021,0.375,0.934375,0.7324515118660402,0.9655172413793103,174.99999999999997
725,10461,0.1125,0.6875,0.7059462715335502,0.6206896551724137,174.99999999999997
726,12477,0.6125,0.6875,0.7059462715335502,0.6206896551724137,174.99999999999997
727,11175,0.125,0.6875,0.7059462715335502,0.6206896551724137,174.99999999999997
728,11468,0.3625,0.684375,0.62643055053608,0.0,174.79691516709508
729,11432,0.3625,0.79984375,0.9989157932779182,1.0,174.69999999999996
730,10629,0.1125,0.9375,0.6996542585230695,0.27586206896551724,174.59999999999997
731,10627,0.1125,0.934375,0.7324515118660402,0.6206896551724137,174.49999999999997
732,12628,0.6125,0.90625,0.7671364895795687,0.0,174.49871465295627
733,12032,0.375,0.90625,0.7671364895795687,0.0,174.29305912596396
734,14193,0.875,0.69659375,0.7551740754126008,0.9655172413793103,174.28571428571425
735,14037,0.875,0.934375,0.7324515118660402,0.9655172413793103,174.28571428571425
736,12627,0.6125,0.903125,0.62643055053608,0.9655172413793103,174.28571428571425
737,11026,0.125,0.903125,0.62643055053608,0.9655172413793103,174.28571428571425
738,12034,0.375,0.903125,0.62643055053608,0.3448275862068966,174.16666666666663
739,11619,0.3625,0.903125,0.62643055053608,0.3448275862068966,174.08333333333331
740,10477,0.1125,0.715625,0.62643055053608,0.27586206896551724,173.97999999999996
741,13176,0.625,0.715625,0.62643055053608,1.0,173.89999999999998
742,13629,0.8625,0.903125,0.655524635586074,0.0,173.77892030848326
743,12627,0.6125,0.903125,0.62643055053608,0.3448275862068966,173.66666666666663
744,11180,0.125,0.684375,0.6508384531984098,0.48275862068965514,173.57142857142856
745,11619,0.3625,0.903125,0.62643055053608,0.9655172413793103,173.57142857142856
746,14031,0.875,0.9375,0.6996542585230695,0.0,173.47043701799484
747,13191,0.625,0.6875,0.7059462715335502,0.6206896551724137,173.33333333333331
748,13651,0.8625,0.934375,0.7324515118660402,0.3448275862068966,172.91666666666663
749,13023,0.625,0.9375,0.6996542585230695,0.27586206896551724,172.89999999999998
750,12168,0.375,0.715625,0.62643055053608,0.27586206896551724,172.88999999999996
751,14184,0.875,0.715625,0.62643055053608,1.0,172.79999999999995
752,13040,0.625,0.90625,0.7671364895795687,0.0,172.7506426735218
753,11469,0.3625,0.6875,0.7059462715335502,0.6206896551724137,172.49999999999997
754,11026,0.125,0.903125,0.62643055053608,0.3448275862068966,172.49999999999997
755,12477,0.6125,0.6875,0.7059462715335502,0.0,172.44215938303338
756,14037,0.875,0.934375,0.7324515118660402,0.3448275862068966,172.24999999999997
757,13653,0.8625,0.9375,0.6996542585230695,0.27586206896551724,172.19999999999996
758,13028,0.625,0.934375,0.65293579086857,0.6896551724137931,172.1428571428571
759,13029,0.625,0.934375,0.7324515118660402,0.9655172413793103,172.1428571428571
760,14199,0.875,0.6875,0.7059462715335502,1.0,172.09999999999997
761,12015,0.375,0.9375,0.6996542585230695,0.27586206896551724,171.99999999999997
762,10605,0.1125,0.903125,0.655524635586074,0.13793103448275862,171.90909090909088
763,12645,0.6125,0.9375,0.6996542585230695,0.27586206896551724,171.89999999999998
764,10629,0.1125,0.9375,0.6996542585230695,0.0,171.82519280205653
765,11620,0.3625,0.90625,0.7671364895795687,0.0,171.82519280205653
766,12183,0.375,0.6875,0.7059462715335502,0.6206896551724137,171.66666666666663
767,12437,0.6125,0.82203125,0.9989157932779182,1.0,171.59999999999997
768,10461,0.1125,0.6875,0.7059462715335502,0.0,171.51670951156808
769,12477,0.6125,0.6875,0.7059462715335502,0.9655172413793103,171.42857142857142
770,12472,0.6125,0.684375,0.6508384531984098,0.48275862068965514,171.42857142857142
771,11468,0.3625,0.684375,0.62643055053608,0.27586206896551724,171.31999999999996
772,10557,0.1125,0.82659375,0.8773762197325623,1.0,171.18999999999997
773,13047,0.625,0.903125,0.655524635586074,0.0,171.1053984575835
774,11013,0.125,0.934375,0.7324515118660402,0.3448275862068966,171.08333333333331
775,11613,0.3625,0.903125,0.655524635586074,0.0,171.00257069408738
776,12621,0.6125,0.903125,0.655524635586074,0.0,170.89974293059123
777,14204,0.875,0.684375,0.6508384531984098,0.9655172413793103,170.7142857142857
778,10828,0.125,0.78125,0.9059872304541622,0.13793103448275862,170.70854545454543
779,11160,0.125,0.715625,0.62643055053608,1.0,170.69999999999996
780,13023,0.625,0.9375,0.6996542585230695,0.0,170.69408740359893
781,11031,0.125,0.903125,0.655524635586074,0.0,170.48843187660665
782,13653,0.8625,0.9375,0.6996542585230695,0.0,170.3856041131105
783,12039,0.375,0.903125,0.655524635586074,0.0,170.28277634961435
784,12015,0.375,0.9375,0.6996542585230695,0.0,169.97429305912593
785,13229,0.625,0.82203125,0.9989157932779182,1.0,169.89999999999998
786,12645,0.6125,0.9375,0.6996542585230695,0.0,169.87146529562978
787,10467,0.1125,0.69659375,0.7551740754126008,0.0,169.87146529562978
788,11007,0.125,0.9375,0.6996542585230695,0.27586206896551724,169.59999999999997
789,10627,0.1125,0.934375,0.7324515118660402,0.3448275862068966,169.49999999999997
790,11160,0.125,0.715625,0.62643055053608,0.27586206896551724,169.49999999999997
791,13196,0.625,0.684375,0.6508384531984098,0.48275862068965514,169.28571428571428
792,14055,0.875,0.903125,0.655524635586074,0.13793103448275862,168.99999999999997
793,14048,0.875,0.90625,0.7671364895795687,0.13793103448275862,168.99999999999997
794,11469,0.3625,0.6875,0.7059462715335502,0.0,168.9460154241645
795,14199,0.875,0.6875,0.7059462715335502,0.0,168.9460154241645
796,14194,0.875,0.70125,0.7658836284784966,1.0,168.79999999999998
797,13648,0.8625,0.934375,0.65293579086857,0.8275862068965517,168.74999999999997
798,11468,0.3625,0.684375,0.62643055053608,0.8275862068965517,168.74999999999997
799,10624,0.1125,0.934375,0.65293579086857,0.8275862068965517,168.74999999999997
800,11177,0.125,0.684375,0.62643055053608,0.8275862068965517,168.74999999999997
801,14201,0.875,0.684375,0.62643055053608,0.8275862068965517,168.74999999999997
802,11012,0.125,0.934375,0.65293579086857,0.8275862068965517,168.74999999999997
803,12020,0.375,0.934375,0.65293579086857,0.8275862068965517,168.74999999999997
804,13636,0.8625,0.90625,0.7671364895795687,0.13793103448275862,168.6363636363636
805,10612,0.1125,0.90625,0.7671364895795687,0.13793103448275862,168.6363636363636
806,11464,0.3625,0.684375,0.6508384531984098,0.48275862068965514,168.57142857142856
807,13191,0.625,0.6875,0.7059462715335502,0.9655172413793103,168.57142857142856
808,12221,0.375,0.82203125,0.9989157932779182,0.27586206896551724,168.29999999999998
809,11024,0.125,0.90625,0.7671364895795687,0.13793103448275862,168.18181818181816
810,11013,0.125,0.934375,0.7324515118660402,1.0,168.07999999999996
811,11175,0.125,0.6875,0.7059462715335502,0.0,168.04113110539842
812,23022,0.8625,0.8369375,0.9818817009998795,1.0,167.99999999999997
813,12640,0.6125,0.934375,0.65293579086857,0.6896551724137931,167.85714285714283
814,11469,0.3625,0.6875,0.7059462715335502,0.9655172413793103,167.85714285714283
815,13480,0.8625,0.684375,0.6508384531984098,0.9655172413793103,167.85714285714283
816,12437,0.6125,0.82203125,0.9989157932779182,0.27586206896551724,167.79999999999998
817,12628,0.6125,0.90625,0.7671364895795687,1.0,167.72399999999996
818,11007,0.125,0.9375,0.6996542585230695,0.0,167.60925449871462
819,13491,0.8625,0.69659375,0.7551740754126008,0.3448275862068966,167.49999999999997
820,13501,0.8625,0.715625,0.62643055053608,0.27586206896551724,167.49999999999997
821,13492,0.8625,0.70125,0.7658836284784966,1.0,167.49999999999997
822,11637,0.3625,0.9375,0.6996542585230695,0.27586206896551724,167.49999999999997
823,13501,0.8625,0.715625,0.62643055053608,1.0,167.19999999999996
824,14036,0.875,0.934375,0.65293579086857,0.6896551724137931,167.1428571428571
825,11013,0.125,0.934375,0.7324515118660402,0.9655172413793103,167.1428571428571
826,12188,0.375,0.684375,0.6508384531984098,0.48275862068965514,167.1428571428571
827,12221,0.375,0.82203125,0.9989157932779182,1.0,166.89999999999998
828,11270,0.125,0.8816875,0.9419226599204914,1.0,166.89999999999998
829,11213,0.125,0.82203125,0.9989157932779182,0.27586206896551724,166.29999999999998
830,13445,0.8625,0.82203125,0.9989157932779182,1.0,166.19999999999996
831,22877,0.12499999999999992,0.83690625,0.9819057944825923,0.27586206896551724,166.19999999999996
832,11637,0.3625,0.9375,0.6996542585230695,0.0,165.96401028277631
833,10461,0.1125,0.6875,0.7059462715335502,0.9655172413793103,165.7142857142857
834,10627,0.1125,0.934375,0.7324515118660402,0.9655172413793103,165.7142857142857
835,12183,0.375,0.6875,0.7059462715335502,0.9655172413793103,165.7142857142857
836,22877,0.12499999999999992,0.83690625,0.9819057944825923,1.0,165.69999999999996
837,4614,0.6125,0.22749999999999998,0.8973135766775088,0.6206896551724137,165.66616666666664
838,23022,0.8625,0.8369375,0.9818817009998795,0.27586206896551724,165.59999999999997
839,13445,0.8625,0.82203125,0.9989157932779182,0.27586206896551724,165.39999999999998
840,13229,0.625,0.82203125,0.9989157932779182,0.27586206896551724,165.39999999999998
841,11429,0.3625,0.82203125,0.9989157932779182,0.27586206896551724,165.19999999999996
842,12493,0.6125,0.715625,0.62643055053608,0.13793103448275862,165.09090909090907
843,13191,0.625,0.6875,0.7059462715335502,0.0,164.33933161953723
844,12472,0.6125,0.684375,0.6508384531984098,0.6896551724137931,164.28571428571428
845,13196,0.625,0.684375,0.6508384531984098,0.6896551724137931,164.28571428571428
846,11012,0.125,0.934375,0.65293579086857,0.6896551724137931,164.28571428571428
847,12168,0.375,0.715625,0.62643055053608,0.13793103448275862,164.09090909090907
848,12628,0.6125,0.90625,0.7671364895795687,0.13793103448275862,163.81818181818178
849,12032,0.375,0.90625,0.7671364895795687,0.13793103448275862,163.81818181818178
850,12183,0.375,0.6875,0.7059462715335502,0.0,163.70179948586116
851,10624,0.1125,0.934375,0.65293579086857,0.6896551724137931,163.57142857142856
852,11175,0.125,0.6875,0.7059462715335502,0.9655172413793103,163.57142857142856
853,12020,0.375,0.934375,0.65293579086857,0.6896551724137931,163.57142857142856
854,13485,0.8625,0.6875,0.7059462715335502,0.3448275862068966,163.33333333333331
855,24335,0.8625,0.8275,0.9975906517287073,0.9655172413793103,162.85714285714283
856,13491,0.8625,0.69659375,0.7551740754126008,0.6206896551724137,162.83333333333331
857,11820,0.3625,0.79634375,0.9860498735092157,1.0,162.69999999999996
858,13629,0.8625,0.903125,0.655524635586074,0.13793103448275862,162.54545454545453
859,10460,0.1125,0.684375,0.62643055053608,0.8275862068965517,162.49999999999997
860,11632,0.3625,0.934375,0.65293579086857,0.8275862068965517,162.49999999999997
861,13484,0.8625,0.684375,0.62643055053608,0.8275862068965517,162.49999999999997
862,13040,0.625,0.90625,0.7671364895795687,0.13793103448275862,162.36363636363635
863,14199,0.875,0.6875,0.7059462715335502,0.3448275862068966,161.66666666666663
864,10477,0.1125,0.715625,0.62643055053608,0.13793103448275862,161.54545454545453
865,10611,0.1125,0.903125,0.62643055053608,0.48275862068965514,161.42857142857142
866,11464,0.3625,0.684375,0.6508384531984098,0.6896551724137931,161.42857142857142
867,11485,0.3625,0.715625,0.62643055053608,0.13793103448275862,161.27272727272725
868,14193,0.875,0.69659375,0.7551740754126008,0.3448275862068966,161.24999999999997
869,11620,0.3625,0.90625,0.7671364895795687,0.13793103448275862,161.18181818181816
870,10629,0.1125,0.9375,0.6996542585230695,0.13793103448275862,161.09090909090907
871,12633,0.6125,0.90625,0.62643055053608,1.0,161.04999999999998
872,10605,0.1125,0.903125,0.655524635586074,0.6206896551724137,160.74999999999997
873,24263,0.6125,0.8275,0.9975906517287073,0.9655172413793103,160.7142857142857
874,13176,0.625,0.715625,0.62643055053608,0.13793103448275862,160.6363636363636
875,11613,0.3625,0.903125,0.655524635586074,0.13793103448275862,160.27272727272725
876,13047,0.625,0.903125,0.655524635586074,0.13793103448275862,160.18181818181816
877,12621,0.6125,0.903125,0.655524635586074,0.13793103448275862,160.18181818181816
878,11169,0.125,0.69659375,0.7551740754126008,0.3448275862068966,160.16666666666663
879,10629,0.1125,0.9375,0.6996542585230695,0.9655172413793103,159.99999999999997
880,12188,0.375,0.684375,0.6508384531984098,0.6896551724137931,159.99999999999997
881,22877,0.12499999999999992,0.83690625,0.9819057944825923,0.0,159.89717223650382
882,11438,0.3625,0.756,0.9729671123960967,1.0,159.69999999999996
883,11031,0.125,0.903125,0.655524635586074,0.13793103448275862,159.36363636363635
884,23534,0.3625,0.805625,0.9877002770750511,1.0,159.29999999999998
885,10456,0.1125,0.684375,0.6508384531984098,0.6896551724137931,159.28571428571428
886,13480,0.8625,0.684375,0.6508384531984098,0.48275862068965514,159.28571428571428
887,12039,0.375,0.903125,0.655524635586074,0.13793103448275862,159.18181818181816
888,11625,0.3625,0.90625,0.62643055053608,1.0,159.15999999999997
889,23022,0.8625,0.8369375,0.9818817009998795,0.0,159.07455012853467
890,11007,0.125,0.9375,0.6996542585230695,0.13793103448275862,158.99999999999997
891,14055,0.875,0.903125,0.655524635586074,0.6206896551724137,158.91666666666663
892,14031,0.875,0.9375,0.6996542585230695,0.13793103448275862,158.7272727272727
893,10557,0.1125,0.82659375,0.8773762197325623,0.27586206896551724,158.64999999999998
894,11180,0.125,0.684375,0.6508384531984098,0.6896551724137931,158.57142857142856
895,14050,0.875,0.903125,0.62643055053608,0.48275862068965514,158.57142857142856
896,14048,0.875,0.90625,0.7671364895795687,0.6206896551724137,158.24999999999997
897,13492,0.8625,0.70125,0.7658836284784966,0.27586206896551724,158.19999999999996
898,13176,0.625,0.715625,0.62643055053608,0.27586206896551724,158.16999999999996
899,14184,0.875,0.715625,0.62643055053608,0.13793103448275862,158.09090909090907
900,13636,0.8625,0.90625,0.7671364895795687,0.6206896551724137,158.08333333333331
901,12033,0.375,0.90625,0.62643055053608,1.0,158.06999999999996
902,10612,0.1125,0.90625,0.7671364895795687,0.6206896551724137,157.74999999999997
903,11024,0.125,0.90625,0.7671364895795687,0.6206896551724137,157.41666666666663
904,13648,0.8625,0.934375,0.65293579086857,0.6896551724137931,157.1428571428571
905,13023,0.625,0.9375,0.6996542585230695,0.9655172413793103,157.1428571428571
906,14204,0.875,0.684375,0.6508384531984098,0.48275862068965514,157.1428571428571
907,11007,0.125,0.9375,0.6996542585230695,0.9655172413793103,157.1428571428571
908,12573,0.6125,0.82659375,0.8773762197325623,0.27586206896551724,157.11999999999998
909,12221,0.375,0.82203125,0.9989157932779182,0.0,156.91516709511566
910,13442,0.8625,0.844125,0.9902300927599084,1.0,156.89999999999998
911,14193,0.875,0.69659375,0.7551740754126008,0.6206896551724137,156.74999999999997
912,13485,0.8625,0.6875,0.7059462715335502,0.6206896551724137,156.66666666666663
913,12089,0.375,0.82659375,0.8773762197325623,0.27586206896551724,156.54999999999998
914,14194,0.875,0.70125,0.7658836284784966,0.27586206896551724,156.49999999999997
915,11429,0.3625,0.82203125,0.9989157932779182,1.0,156.49999999999997
916,13501,0.8625,0.715625,0.62643055053608,0.13793103448275862,156.45454545454544
917,14055,0.875,0.903125,0.655524635586074,0.9655172413793103,156.42857142857142
918,14031,0.875,0.9375,0.6996542585230695,0.9655172413793103,156.42857142857142
919,11632,0.3625,0.934375,0.65293579086857,0.6896551724137931,156.42857142857142
920,12437,0.6125,0.82203125,0.9989157932779182,0.0,156.40102827763494
921,12224,0.375,0.79984375,0.9989157932779182,1.0,156.39999999999998
922,22216,0.12499999999999996,0.7837500000000001,0.9813155041561258,1.0,156.39999999999998
923,11025,0.125,0.90625,0.62643055053608,1.0,156.39999999999998
924,13023,0.625,0.9375,0.6996542585230695,0.13793103448275862,156.36363636363635
925,11638,0.3625,0.9375,0.6752463558607397,1.0,156.09999999999997
926,23535,0.3625,0.7931874999999999,0.9851343211661244,1.0,155.99999999999997
927,14105,0.875,0.82659375,0.8773762197325623,0.27586206896551724,155.98999999999998
928,11169,0.125,0.69659375,0.7551740754126008,0.6206896551724137,155.91666666666666
929,11160,0.125,0.715625,0.62643055053608,0.13793103448275862,155.90909090909088
930,12015,0.375,0.9375,0.6996542585230695,0.13793103448275862,155.90909090909088
931,12177,0.375,0.69659375,0.7551740754126008,0.9655172413793103,155.7142857142857
932,13185,0.625,0.69659375,0.7551740754126008,0.9655172413793103,155.7142857142857
933,12646,0.6125,0.9375,0.6752463558607397,0.27586206896551724,155.69999999999996
934,11170,0.125,0.70125,0.7658836284784966,1.0,155.59999999999997
935,13653,0.8625,0.9375,0.6996542585230695,0.13793103448275862,155.54545454545453
936,10605,0.1125,0.903125,0.655524635586074,0.3448275862068966,155.49999999999997
937,12178,0.375,0.70125,0.7658836284784966,0.27586206896551724,155.29999999999998
938,11432,0.3625,0.79984375,0.9989157932779182,0.27586206896551724,155.09999999999997
939,13232,0.625,0.79984375,0.9989157932779182,0.27586206896551724,154.99999999999997
940,11638,0.3625,0.9375,0.6752463558607397,0.27586206896551724,154.99999999999997
941,12645,0.6125,0.9375,0.6996542585230695,0.13793103448275862,154.81818181818178
942,12177,0.375,0.69659375,0.7551740754126008,0.3448275862068966,154.74999999999997
943,13232,0.625,0.79984375,0.9989157932779182,1.0,154.59999999999997
944,10456,0.1125,0.684375,0.6508384531984098,0.27586206896551724,154.56999999999996
945,12173,0.375,0.715625,0.6545717383447777,1.0,154.49999999999997
946,13921,0.875,0.7068125000000001,0.7915190940850501,1.0,154.49999999999997
947,11170,0.125,0.70125,0.7658836284784966,0.27586206896551724,154.29999999999998
948,10461,0.1125,0.6875,0.7059462715335502,0.48275862068965514,154.28571428571428
949,12483,0.6125,0.69659375,0.7551740754126008,0.9655172413793103,154.28571428571428
950,11169,0.125,0.69659375,0.7551740754126008,0.9655172413793103,154.28571428571428
951,12168,0.375,0.715625,0.62643055053608,0.0,154.19023136246784
952,14199,0.875,0.6875,0.7059462715335502,0.6206896551724137,154.16666666666666
953,14105,0.875,0.82659375,0.8773762197325623,1.0,154.13999999999996
954,12646,0.6125,0.9375,0.6752463558607397,1.0,154.12999999999997
955,10468,0.1125,0.70125,0.7658836284784966,1.0,154.09999999999997
956,13443,0.8625,0.8368125,0.9940850499939766,1.0,154.09999999999997
957,14055,0.875,0.903125,0.655524635586074,0.3448275862068966,154.08333333333331
958,13022,0.625,0.9375,0.6752463558607397,0.27586206896551724,153.89999999999998
959,10477,0.1125,0.715625,0.62643055053608,0.0,153.85089974293055
960,12493,0.6125,0.715625,0.62643055053608,0.3448275862068966,153.83333333333331
961,13186,0.625,0.70125,0.7658836284784966,0.27586206896551724,153.79999999999998
962,13186,0.625,0.70125,0.7658836284784966,1.0,153.69999999999996
963,12645,0.6125,0.9375,0.6996542585230695,0.9655172413793103,153.57142857142856
964,11475,0.3625,0.69659375,0.7551740754126008,0.9655172413793103,153.57142857142856
965,12015,0.375,0.9375,0.6996542585230695,0.9655172413793103,153.57142857142856
966,13042,0.625,0.903125,0.62643055053608,0.48275862068965514,153.57142857142856
967,11213,0.125,0.82203125,0.9989157932779182,0.0,153.41902313624675
968,14048,0.875,0.90625,0.7671364895795687,0.3448275862068966,153.41666666666666
969,10629,0.1125,0.9375,0.6996542585230695,0.6206896551724137,153.33333333333331
970,12168,0.375,0.715625,0.62643055053608,0.3448275862068966,153.33333333333331
971,13636,0.8625,0.90625,0.7671364895795687,0.3448275862068966,153.24999999999997
972,11429,0.3625,0.82203125,0.9989157932779182,0.0,153.21336760925448
973,12487,0.6125,0.715625,0.6545717383447777,1.0,153.19999999999996
974,12484,0.6125,0.70125,0.7658836284784966,0.27586206896551724,153.19999999999996
975,10612,0.1125,0.90625,0.7671364895795687,0.3448275862068966,153.16666666666666
976,12032,0.375,0.90625,0.7671364895795687,0.6206896551724137,153.16666666666666
977,13229,0.625,0.82203125,0.9989157932779182,0.0,153.11053984575832
978,12628,0.6125,0.90625,0.7671364895795687,0.6206896551724137,153.08333333333331
979,11175,0.125,0.6875,0.7059462715335502,0.48275862068965514,152.85714285714283
980,12021,0.375,0.934375,0.7324515118660402,0.48275862068965514,152.85714285714283
981,11635,0.3625,0.934375,0.7324515118660402,0.48275862068965514,152.85714285714283
982,11619,0.3625,0.903125,0.62643055053608,0.48275862068965514,152.85714285714283
983,13445,0.8625,0.82203125,0.9989157932779182,0.0,152.8020565552699
984,11024,0.125,0.90625,0.7671364895795687,0.3448275862068966,152.74999999999997
985,13641,0.8625,0.90625,0.62643055053608,1.0,152.69999999999996
986,12033,0.375,0.90625,0.62643055053608,0.27586206896551724,152.69999999999996
987,12014,0.375,0.9375,0.6752463558607397,1.0,152.64
988,13226,0.625,0.844125,0.9902300927599084,1.0,152.59999999999997
989,13629,0.8625,0.903125,0.655524635586074,0.6206896551724137,152.33333333333331
990,14048,0.875,0.90625,0.7671364895795687,0.9655172413793103,152.1428571428571
991,12627,0.6125,0.903125,0.62643055053608,0.48275862068965514,152.1428571428571
992,14309,0.875,0.85690625,0.96883508011083,0.9655172413793103,152.1428571428571
993,13029,0.625,0.934375,0.7324515118660402,0.48275862068965514,152.1428571428571
994,11637,0.3625,0.9375,0.6996542585230695,0.9655172413793103,152.1428571428571
995,12221,0.375,0.82203125,0.9989157932779182,0.13793103448275862,152.09090909090907
996,11479,0.3625,0.715625,0.6545717383447777,1.0,151.99999999999997
997,12483,0.6125,0.69659375,0.7551740754126008,0.3448275862068966,151.91666666666666
998,13185,0.625,0.69659375,0.7551740754126008,0.3448275862068966,151.91666666666666
999,11476,0.3625,0.70125,0.7658836284784966,0.27586206896551724,151.69999999999996
1000,11485,0.3625,0.715625,0.62643055053608,0.3448275862068966,151.66666666666666
1001,11637,0.3625,0.9375,0.6996542585230695,0.13793103448275862,151.6363636363636
1002,12484,0.6125,0.70125,0.7658836284784966,1.0,151.59999999999997
1003,13040,0.625,0.90625,0.7671364895795687,0.6206896551724137,151.58333333333331
1004,13041,0.625,0.90625,0.62643055053608,0.27586206896551724,151.49999999999997
1005,12643,0.6125,0.934375,0.7324515118660402,0.48275862068965514,151.42857142857142
1006,13636,0.8625,0.90625,0.7671364895795687,0.9655172413793103,151.42857142857142
1007,13635,0.8625,0.903125,0.62643055053608,0.48275862068965514,151.42857142857142
1008,13651,0.8625,0.934375,0.7324515118660402,0.48275862068965514,151.42857142857142
1009,12477,0.6125,0.6875,0.7059462715335502,0.48275862068965514,151.42857142857142
1010,12034,0.375,0.903125,0.62643055053608,0.48275862068965514,151.42857142857142
1011,12173,0.375,0.715625,0.6545717383447777,0.27586206896551724,151.40999999999997
1012,12633,0.6125,0.90625,0.62643055053608,0.27586206896551724,151.39999999999998
1013,11475,0.3625,0.69659375,0.7551740754126008,0.3448275862068966,151.16666666666666
1014,11007,0.125,0.9375,0.6996542585230695,0.6206896551724137,151.08333333333331
1015,12437,0.6125,0.82203125,0.9989157932779182,0.13793103448275862,150.99999999999997
1016,10468,0.1125,0.70125,0.7658836284784966,0.27586206896551724,150.89999999999998
1017,11025,0.125,0.90625,0.62643055053608,0.27586206896551724,150.85999999999999
1018,14031,0.875,0.9375,0.6996542585230695,0.6206896551724137,150.83333333333331
1019,12177,0.375,0.69659375,0.7551740754126008,0.6206896551724137,150.74999999999997
1020,11620,0.3625,0.90625,0.7671364895795687,0.6206896551724137,150.74999999999997
1021,14037,0.875,0.934375,0.7324515118660402,0.48275862068965514,150.7142857142857
1022,13191,0.625,0.6875,0.7059462715335502,0.48275862068965514,150.7142857142857
1023,11026,0.125,0.903125,0.62643055053608,0.48275862068965514,150.7142857142857
1024,12178,0.375,0.70125,0.7658836284784966,1.0,150.69999999999996
1025,13762,0.8625,0.7068125000000001,0.7915190940850501,1.0,150.69999999999996
1026,10471,0.1125,0.715625,0.6545717383447777,1.0,150.49999999999997
1027,11625,0.3625,0.90625,0.62643055053608,0.27586206896551724,150.49999999999997
1028,22877,0.12499999999999992,0.83690625,0.9819057944825923,0.13793103448275862,150.36363636363635
1029,23656,0.625,0.805625,0.9877002770750511,1.0,150.29999999999998
1030,10477,0.1125,0.715625,0.62643055053608,0.3448275862068966,150.24999999999997
1031,23022,0.8625,0.8369375,0.9818817009998795,0.13793103448275862,150.09090909090907
1032,11160,0.125,0.715625,0.62643055053608,0.0,150.02570694087402
1033,13196,0.625,0.684375,0.6508384531984098,0.8275862068965517,149.99999999999997
1034,10467,0.1125,0.69659375,0.7551740754126008,0.9655172413793103,149.99999999999997
1035,10605,0.1125,0.903125,0.655524635586074,0.9655172413793103,149.99999999999997
1036,12168,0.375,0.715625,0.62643055053608,0.6206896551724137,149.99999999999997
1037,23656,0.625,0.805625,0.9877002770750511,0.27586206896551724,149.99999999999997
1038,14184,0.875,0.715625,0.62643055053608,0.27586206896551724,149.98999999999998
1039,10471,0.1125,0.715625,0.6545717383447777,0.27586206896551724,149.93999999999997
1040,10467,0.1125,0.69659375,0.7551740754126008,0.3448275862068966,149.91666666666666
1041,13047,0.625,0.903125,0.655524635586074,0.6206896551724137,149.91666666666666
1042,11613,0.3625,0.903125,0.655524635586074,0.6206896551724137,149.74999999999997
1043,12573,0.6125,0.82659375,0.8773762197325623,1.0,149.68099999999998
1044,13229,0.625,0.82203125,0.9989157932779182,0.13793103448275862,149.6363636363636
1045,12621,0.6125,0.903125,0.655524635586074,0.6206896551724137,149.41666666666666
1046,11031,0.125,0.903125,0.655524635586074,0.6206896551724137,149.41666666666666
1047,13181,0.625,0.715625,0.6545717383447777,1.0,149.29999999999998
1048,11013,0.125,0.934375,0.7324515118660402,0.48275862068965514,149.28571428571428
1049,13485,0.8625,0.6875,0.7059462715335502,0.9655172413793103,149.28571428571428
1050,24335,0.8625,0.8275,0.9975906517287073,1.0,149.19999999999996
1051,13176,0.625,0.715625,0.62643055053608,0.3448275862068966,149.16666666666666
1052,12039,0.375,0.903125,0.655524635586074,0.6206896551724137,149.08333333333331
1053,11213,0.125,0.82203125,0.9989157932779182,0.13793103448275862,148.99999999999997
1054,13641,0.8625,0.90625,0.62643055053608,0.27586206896551724,148.99999999999997
1055,23534,0.3625,0.805625,0.9877002770750511,0.27586206896551724,148.99999999999997
1056,12033,0.375,0.90625,0.62643055053608,0.0,148.99742930591256
1057,12493,0.6125,0.715625,0.62643055053608,0.6206896551724137,148.91666666666666
1058,11429,0.3625,0.82203125,0.9989157932779182,0.13793103448275862,148.90909090909088
1059,24194,0.125,0.8275,0.9975906517287073,1.0,148.89999999999998
1060,13501,0.8625,0.715625,0.62643055053608,0.0,148.7917737789203
1061,11476,0.3625,0.70125,0.7658836284784966,1.0,148.69999999999996
1062,12353,0.6125,0.82128125,0.9870015660763762,1.0,148.69999999999996
1063,12628,0.6125,0.90625,0.7671364895795687,0.3448275862068966,148.58333333333331
1064,11469,0.3625,0.6875,0.7059462715335502,0.48275862068965514,148.57142857142856
1065,13491,0.8625,0.69659375,0.7551740754126008,0.6896551724137931,148.57142857142856
1066,13445,0.8625,0.82203125,0.9989157932779182,0.13793103448275862,148.54545454545453
1067,12032,0.375,0.90625,0.7671364895795687,0.3448275862068966,148.49999999999997
1068,13453,0.8625,0.7631875,0.9796651005902903,1.0,148.49999999999997
1069,12633,0.6125,0.90625,0.62643055053608,0.0,148.48329048843186
1070,10420,0.1125,0.8294374999999998,0.9969883146608842,1.0,148.19999999999996
1071,22246,0.12499999999999992,0.77128125,0.9860257800265027,1.0,148.19999999999996
1072,13041,0.625,0.90625,0.62643055053608,1.0,148.08999999999997
1073,10627,0.1125,0.934375,0.7324515118660402,0.48275862068965514,147.85714285714283
1074,12183,0.375,0.6875,0.7059462715335502,0.48275862068965514,147.85714285714283
1075,11429,0.3625,0.82203125,0.9989157932779182,0.9655172413793103,147.85714285714283
1076,20916,0.125,0.7618750000000001,0.9661366100469823,0.27586206896551724,147.79999999999998
1077,13041,0.625,0.90625,0.62643055053608,0.0,147.76349614395883
1078,10557,0.1125,0.82659375,0.8773762197325623,0.0,147.71208226221077
1079,13181,0.625,0.715625,0.6545717383447777,0.27586206896551724,147.70999999999998
1080,14184,0.875,0.715625,0.62643055053608,0.3448275862068966,147.66666666666666
1081,13185,0.625,0.69659375,0.7551740754126008,0.6206896551724137,147.66666666666666
1082,11625,0.3625,0.90625,0.62643055053608,0.0,147.6606683804627
1083,13227,0.625,0.8368125,0.9940850499939766,1.0,147.59999999999997
1084,10629,0.1125,0.9375,0.6996542585230695,0.3448275862068966,147.49999999999997
1085,13023,0.625,0.9375,0.6996542585230695,0.6206896551724137,147.49999999999997
1086,13745,0.8625,0.6673125,0.7767256956993133,1.0,147.49999999999997
1087,11025,0.125,0.90625,0.62643055053608,0.0,147.4447300771208
1088,12306,0.375,0.82128125,0.9870015660763762,1.0,147.39999999999998
1089,12483,0.6125,0.69659375,0.7551740754126008,0.6206896551724137,147.24999999999997
1090,24335,0.8625,0.8275,0.9975906517287073,0.27586206896551724,147.19999999999996
1091,13445,0.8625,0.82203125,0.9989157932779182,0.9655172413793103,147.1428571428571
1092,10612,0.1125,0.90625,0.7671364895795687,0.9655172413793103,147.1428571428571
1093,12628,0.6125,0.90625,0.7671364895795687,0.9655172413793103,147.1428571428571
1094,11024,0.125,0.90625,0.7671364895795687,0.9655172413793103,147.1428571428571
1095,13653,0.8625,0.9375,0.6996542585230695,0.6206896551724137,147.08333333333331
1096,13629,0.8625,0.903125,0.655524635586074,0.3448275862068966,147.08333333333331
1097,24194,0.125,0.8275,0.9975906517287073,0.27586206896551724,146.99999999999997
1098,13040,0.625,0.90625,0.7671364895795687,0.3448275862068966,146.91666666666666
1099,21077,0.8625,0.7618750000000001,0.9661366100469823,0.27586206896551724,146.89999999999998
1100,11475,0.3625,0.69659375,0.7551740754126008,0.6206896551724137,146.74999999999997
1101,13453,0.8625,0.7631875,0.9796651005902903,0.27586206896551724,146.69999999999996
1102,12645,0.6125,0.9375,0.6996542585230695,0.6206896551724137,146.66666666666666
1103,11485,0.3625,0.715625,0.62643055053608,0.6206896551724137,146.66666666666666
1104,12015,0.375,0.9375,0.6996542585230695,0.6206896551724137,146.66666666666666
1105,22373,0.8625,0.7837500000000001,0.9813155041561258,1.0,146.59999999999997
1106,13641,0.8625,0.90625,0.62643055053608,0.0,146.5295629820051
1107,11565,0.3625,0.82659375,0.8773762197325623,0.27586206896551724,146.47999999999996
1108,13653,0.8625,0.9375,0.6996542585230695,0.9655172413793103,146.42857142857142
1109,13629,0.8625,0.903125,0.655524635586074,0.9655172413793103,146.42857142857142
1110,11620,0.3625,0.90625,0.7671364895795687,0.3448275862068966,146.24999999999997
1111,13097,0.625,0.82659375,0.8773762197325623,0.27586206896551724,146.20999999999998
1112,12573,0.6125,0.82659375,0.8773762197325623,0.0,146.19023136246784
1113,12089,0.375,0.82659375,0.8773762197325623,1.0,146.02999999999997
1114,12224,0.375,0.79984375,0.9989157932779182,0.27586206896551724,145.99999999999997
1115,14189,0.875,0.715625,0.6545717383447777,1.0,145.99999999999997
1116,10556,0.1125,0.8195625,0.8788820624021202,0.27586206896551724,145.98999999999998
1117,11165,0.125,0.715625,0.6545717383447777,1.0,145.89999999999998
1118,11427,0.3625,0.8368125,0.9940850499939766,1.0,145.89999999999998
1119,10477,0.1125,0.715625,0.62643055053608,0.6206896551724137,145.83333333333331
1120,13501,0.8625,0.715625,0.62643055053608,0.3448275862068966,145.83333333333331
1121,13176,0.625,0.715625,0.62643055053608,0.6206896551724137,145.83333333333331
1122,11221,0.125,0.7631875,0.9796651005902903,0.27586206896551724,145.79999999999998
1123,13034,0.625,0.9252812499999999,0.7551740754126008,1.0,145.79999999999998
1124,10557,0.1125,0.82659375,0.8773762197325623,0.13793103448275862,145.78181818181815
1125,12477,0.6125,0.6875,0.7059462715335502,0.6896551724137931,145.7142857142857
1126,13047,0.625,0.903125,0.655524635586074,0.9655172413793103,145.7142857142857
1127,14193,0.875,0.69659375,0.7551740754126008,0.6896551724137931,145.7142857142857
1128,13443,0.8625,0.8368125,0.9940850499939766,0.27586206896551724,145.69999999999996
1129,12089,0.375,0.82659375,0.8773762197325623,0.0,145.68637532133673
1130,13047,0.625,0.903125,0.655524635586074,0.3448275862068966,145.66666666666666
1131,11486,0.3625,0.71875,0.7718949524153716,1.0,145.49999999999997
1132,14105,0.875,0.82659375,0.8773762197325623,0.0,145.31619537275063
1133,12431,0.6125,0.865875,0.9729671123960967,1.0,145.29999999999998
1134,12440,0.6125,0.79984375,0.9989157932779182,0.27586206896551724,145.29999999999998
1135,12646,0.6125,0.9375,0.6752463558607397,0.0,145.19280205655525
1136,10467,0.1125,0.69659375,0.7551740754126008,0.6206896551724137,145.08333333333331
1137,13022,0.625,0.9375,0.6752463558607397,1.0,145.04999999999998
1138,13040,0.625,0.90625,0.7671364895795687,0.9655172413793103,144.99999999999997
1139,24190,0.3625,0.8275,0.9975906517287073,0.9655172413793103,144.99999999999997
1140,14204,0.875,0.684375,0.6508384531984098,0.6896551724137931,144.99999999999997
1141,14031,0.875,0.9375,0.6996542585230695,0.3448275862068966,144.99999999999997
1142,11160,0.125,0.715625,0.62643055053608,0.3448275862068966,144.99999999999997
1143,11031,0.125,0.903125,0.655524635586074,0.3448275862068966,144.99999999999997
1144,14236,0.875,0.8294374999999998,0.9969883146608842,1.0,144.99999999999997
1145,12572,0.6125,0.8195625,0.8788820624021202,0.27586206896551724,144.94999999999996
1146,11165,0.125,0.715625,0.6545717383447777,0.27586206896551724,144.89999999999998
1147,13174,0.625,0.71875,0.7718949524153716,1.0,144.89999999999998
1148,12039,0.375,0.903125,0.655524635586074,0.3448275862068966,144.83333333333331
1149,14189,0.875,0.715625,0.6545717383447777,0.27586206896551724,144.75999999999996
1150,12087,0.375,0.8195625,0.8788820624021202,0.27586206896551724,144.65999999999997
1151,13442,0.8625,0.844125,0.9902300927599084,0.27586206896551724,144.59999999999997
1152,11007,0.125,0.9375,0.6996542585230695,0.3448275862068966,144.58333333333331
1153,11613,0.3625,0.903125,0.655524635586074,0.3448275862068966,144.58333333333331
1154,14105,0.875,0.82659375,0.8773762197325623,0.13793103448275862,144.58181818181816
1155,11638,0.3625,0.9375,0.6752463558607397,0.0,144.47300771208222
1156,10617,0.1125,0.90625,0.62643055053608,1.0,144.42999999999998
1157,13495,0.8625,0.715625,0.6545717383447777,0.27586206896551724,144.39999999999998
1158,12621,0.6125,0.903125,0.655524635586074,0.3448275862068966,144.33333333333331
1159,14184,0.875,0.715625,0.62643055053608,0.6206896551724137,143.83333333333331
1160,14037,0.875,0.934375,0.7324515118660402,1.0,143.78999999999996
1161,11432,0.3625,0.79984375,0.9989157932779182,0.0,143.75321336760922
1162,11464,0.3625,0.684375,0.6508384531984098,0.8275862068965517,143.74999999999997
1163,12472,0.6125,0.684375,0.6508384531984098,0.8275862068965517,143.74999999999997
1164,14050,0.875,0.903125,0.62643055053608,0.8275862068965517,143.74999999999997
1165,12188,0.375,0.684375,0.6508384531984098,0.8275862068965517,143.74999999999997
1166,21077,0.8625,0.7618750000000001,0.9661366100469823,1.0,143.69999999999996
1167,13232,0.625,0.79984375,0.9989157932779182,0.0,143.6503856041131
1168,12306,0.375,0.82128125,0.9870015660763762,0.27586206896551724,143.59999999999997
1169,12166,0.375,0.71875,0.7718949524153716,1.0,143.59999999999997
1170,14199,0.875,0.6875,0.7059462715335502,0.9655172413793103,143.57142857142856
1171,12621,0.6125,0.903125,0.655524635586074,0.9655172413793103,143.57142857142856
1172,13191,0.625,0.6875,0.7059462715335502,0.6896551724137931,143.57142857142856
1173,11031,0.125,0.903125,0.655524635586074,0.9655172413793103,143.57142857142856
1174,13921,0.875,0.7068125000000001,0.7915190940850501,0.27586206896551724,143.39999999999998
1175,12638,0.6125,0.9252812499999999,0.7551740754126008,1.0,143.34999999999997
1176,11637,0.3625,0.9375,0.6996542585230695,0.6206896551724137,143.33333333333331
1177,11298,0.125,0.82128125,0.9870015660763762,1.0,143.29999999999998
1178,14103,0.875,0.8195625,0.8788820624021202,0.27586206896551724,143.23999999999998
1179,12353,0.6125,0.82128125,0.9870015660763762,0.27586206896551724,143.19999999999996
1180,13022,0.625,0.9375,0.6752463558607397,0.0,143.13624678663237
1181,13492,0.8625,0.70125,0.7658836284784966,0.13793103448275862,143.09090909090907
1182,23016,0.625,0.83690625,0.9819057944825923,1.0,142.99999999999997
1183,14030,0.875,0.9375,0.6752463558607397,0.27586206896551724,142.99999999999997
1184,13176,0.625,0.715625,0.62643055053608,0.0,142.8688946015424
1185,12039,0.375,0.903125,0.655524635586074,0.9655172413793103,142.85714285714283
1186,12032,0.375,0.90625,0.7671364895795687,0.9655172413793103,142.85714285714283
1187,12437,0.6125,0.82203125,0.9989157932779182,0.9655172413793103,142.85714285714283
1188,13480,0.8625,0.684375,0.6508384531984098,0.6896551724137931,142.85714285714283
1189,13495,0.8625,0.715625,0.6545717383447777,1.0,142.79999999999998
1190,11158,0.125,0.71875,0.7718949524153716,1.0,142.79999999999998
1191,11565,0.3625,0.82659375,0.8773762197325623,1.0,142.67299999999997
1192,13492,0.8625,0.70125,0.7658836284784966,0.0,142.62210796915164
1193,14195,0.875,0.706,0.7761354053728465,1.0,142.59999999999997
1194,11271,0.125,0.8883125,0.9325864353692326,1.0,142.51999999999998
1195,12573,0.6125,0.82659375,0.8773762197325623,0.13793103448275862,142.49090909090907
1196,12089,0.375,0.82659375,0.8773762197325623,0.13793103448275862,142.2181818181818
1197,23512,0.125,0.805625,0.9877002770750511,0.27586206896551724,142.19999999999996
1198,11469,0.3625,0.6875,0.7059462715335502,0.6896551724137931,142.1428571428571
1199,11211,0.125,0.8368125,0.9940850499939766,0.27586206896551724,142.09999999999997
1200,11834,0.375,0.79634375,0.9860498735092157,1.0,142.09999999999997
1201,20938,0.3625,0.7618750000000001,0.9661366100469823,1.0,141.99999999999997
1202,23656,0.625,0.805625,0.9877002770750511,0.0,141.90231362467864
1203,12218,0.375,0.844125,0.9902300927599084,1.0,141.89999999999998
1204,12369,0.6125,0.8634375000000001,0.9629442235875195,1.0,141.89999999999998
1205,22360,0.625,0.7837500000000001,0.9813155041561258,0.27586206896551724,141.89999999999998
1206,14049,0.875,0.90625,0.62643055053608,0.27586206896551724,141.79999999999998
1207,22216,0.12499999999999996,0.7837500000000001,0.9813155041561258,0.27586206896551724,141.79999999999998
1208,12440,0.6125,0.79984375,0.9989157932779182,1.0,141.69999999999996
1209,13653,0.8625,0.9375,0.6996542585230695,0.3448275862068966,141.66666666666666
1210,11160,0.125,0.715625,0.62643055053608,0.6206896551724137,141.66666666666666
1211,13226,0.625,0.844125,0.9902300927599084,0.27586206896551724,141.59999999999997
1212,23669,0.8625,0.805625,0.9877002770750511,0.27586206896551724,141.49999999999997
1213,13302,0.625,0.8634375000000001,0.9629442235875195,1.0,141.49999999999997
1214,12221,0.375,0.82203125,0.9989157932779182,0.9655172413793103,141.42857142857142
1215,14194,0.875,0.70125,0.7658836284784966,0.13793103448275862,141.36363636363635
1216,22864,0.3625,0.8369375,0.9818817009998795,1.0,141.29999999999998
1217,13314,0.625,0.82128125,0.9870015660763762,1.0,141.29999999999998
1218,20916,0.125,0.7618750000000001,0.9661366100469823,0.0,141.28534704370176
1219,11638,0.3625,0.9375,0.6752463558607397,0.13793103448275862,141.27272727272725
1220,23534,0.3625,0.805625,0.9877002770750511,0.0,141.0796915167095
1221,11426,0.3625,0.844125,0.9902300927599084,0.27586206896551724,140.99999999999997
1222,11426,0.3625,0.844125,0.9902300927599084,1.0,140.99999999999997
1223,14194,0.875,0.70125,0.7658836284784966,0.0,140.97686375321334
1224,22373,0.8625,0.7837500000000001,0.9813155041561258,0.27586206896551724,140.89999999999998
1225,13501,0.8625,0.715625,0.62643055053608,0.6206896551724137,140.83333333333331
1226,13023,0.625,0.9375,0.6996542585230695,0.3448275862068966,140.83333333333331
1227,12015,0.375,0.9375,0.6996542585230695,0.3448275862068966,140.83333333333331
1228,22864,0.3625,0.8369375,0.9818817009998795,0.27586206896551724,140.79999999999998
1229,12434,0.6125,0.844125,0.9902300927599084,1.0,140.79999999999998
1230,21077,0.8625,0.7618750000000001,0.9661366100469823,0.0,140.77120822622106
1231,10461,0.1125,0.6875,0.7059462715335502,0.6896551724137931,140.7142857142857
1232,14308,0.875,0.8503437500000001,0.9739549451873267,0.9655172413793103,140.7142857142857
1233,12183,0.375,0.6875,0.7059462715335502,0.6896551724137931,140.7142857142857
1234,12168,0.375,0.715625,0.62643055053608,0.9655172413793103,140.7142857142857
1235,11613,0.3625,0.903125,0.655524635586074,0.9655172413793103,140.7142857142857
1236,11620,0.3625,0.90625,0.7671364895795687,0.9655172413793103,140.7142857142857
1237,11210,0.125,0.844125,0.9902300927599084,0.27586206896551724,140.59999999999997
1238,23016,0.625,0.83690625,0.9819057944825923,0.27586206896551724,140.59999999999997
1239,12178,0.375,0.70125,0.7658836284784966,0.13793103448275862,140.54545454545453
1240,12646,0.6125,0.9375,0.6752463558607397,0.13793103448275862,140.36363636363635
1241,12487,0.6125,0.715625,0.6545717383447777,0.13793103448275862,140.36363636363635
1242,11432,0.3625,0.79984375,0.9989157932779182,0.13793103448275862,140.36363636363635
1243,12494,0.6125,0.71875,0.7718949524153716,1.0,140.29999999999998
1244,23670,0.8625,0.7931874999999999,0.9851343211661244,0.27586206896551724,140.2
1245,13232,0.625,0.79984375,0.9989157932779182,0.13793103448275862,140.09090909090907
1246,11175,0.125,0.6875,0.7059462715335502,0.6896551724137931,139.99999999999997
1247,12645,0.6125,0.9375,0.6996542585230695,0.3448275862068966,139.99999999999997
1248,13654,0.8625,0.9375,0.6752463558607397,0.27586206896551724,139.7
1249,12178,0.375,0.70125,0.7658836284784966,0.0,139.64010282776346
1250,11905,0.375,0.7068125000000001,0.7915190940850501,0.27586206896551724,139.49999999999997
1251,22238,0.3625,0.7837500000000001,0.9813155041561258,0.27586206896551724,139.49999999999997
1252,11427,0.3625,0.8368125,0.9940850499939766,0.27586206896551724,139.49999999999997
1253,24335,0.8625,0.8275,0.9975906517287073,0.0,139.43444730077118
1254,13238,0.625,0.756,0.9729671123960967,1.0,139.39999999999998
1255,13762,0.8625,0.7068125000000001,0.7915190940850501,0.27586206896551724,139.39999999999998
1256,11170,0.125,0.70125,0.7658836284784966,0.13793103448275862,139.36363636363635
1257,11081,0.125,0.82659375,0.8773762197325623,0.27586206896551724,139.34999999999997
1258,24194,0.125,0.8275,0.9975906517287073,0.0,139.33161953727503
1259,12487,0.6125,0.715625,0.6545717383447777,0.27586206896551724,139.2
1260,13493,0.8625,0.706,0.7761354053728465,1.0,139.2
1261,12014,0.375,0.9375,0.6752463558607397,0.27586206896551724,139.2
1262,13502,0.8625,0.71875,0.7718949524153716,1.0,139.09999999999997
1263,12754,0.6125,0.7068125000000001,0.7915190940850501,0.27586206896551724,139.09999999999997
1264,23669,0.8625,0.805625,0.9877002770750511,1.0,139.09999999999997
1265,14236,0.875,0.8294374999999998,0.9969883146608842,0.27586206896551724,139.09999999999997
1266,10738,0.1125,0.7068125000000001,0.7915190940850501,1.0,139.09999999999997
1267,12173,0.375,0.715625,0.6545717383447777,0.13793103448275862,139.09090909090907
1268,14049,0.875,0.90625,0.62643055053608,0.0,139.0231362467866
1269,13186,0.625,0.70125,0.7658836284784966,0.13793103448275862,138.90909090909088
1270,12913,0.625,0.7068125000000001,0.7915190940850501,0.27586206896551724,138.79999999999998
1271,13227,0.625,0.8368125,0.9940850499939766,0.27586206896551724,138.79999999999998
1272,23520,0.12499999999999992,0.79315625,0.9851222744247681,0.27586206896551724,138.79999999999998
1273,13492,0.8625,0.70125,0.7658836284784966,0.3448275862068966,138.66666666666666
1274,11746,0.3625,0.7068125000000001,0.7915190940850501,0.27586206896551724,138.59999999999997
1275,12493,0.6125,0.715625,0.62643055053608,0.9655172413793103,138.57142857142856
1276,11485,0.3625,0.715625,0.62643055053608,0.9655172413793103,138.57142857142856
1277,11170,0.125,0.70125,0.7658836284784966,0.0,138.50899742930588
1278,13453,0.8625,0.7631875,0.9796651005902903,0.0,138.40616966580976
1279,11820,0.3625,0.79634375,0.9860498735092157,0.27586206896551724,138.39999999999998
1280,11159,0.125,0.71875,0.62643055053608,1.0,138.39999999999998
1281,12638,0.6125,0.9252812499999999,0.7551740754126008,0.27586206896551724,138.29999999999998
1282,11790,0.3625,0.7584375,0.9629442235875195,1.0,138.2
1283,13361,0.8625,0.82128125,0.9870015660763762,1.0,138.2
1284,13186,0.625,0.70125,0.7658836284784966,0.0,138.0976863753213
1285,22877,0.12499999999999992,0.83690625,0.9819057944825923,0.6206896551724137,137.91666666666666
1286,10738,0.1125,0.7068125000000001,0.7915190940850501,0.27586206896551724,137.89999999999998
1287,14050,0.875,0.903125,0.62643055053608,0.6896551724137931,137.85714285714283
1288,14030,0.875,0.9375,0.6752463558607397,1.0,137.79999999999998
1289,11025,0.125,0.90625,0.62643055053608,0.13793103448275862,137.7272727272727
1290,10558,0.1125,0.833625,0.8749909649439825,1.0,137.62999999999997
1291,11221,0.125,0.7631875,0.9796651005902903,0.0,137.5835475578406
1292,23022,0.8625,0.8369375,0.9818817009998795,0.6206896551724137,137.58333333333331
1293,13581,0.8625,0.82659375,0.8773762197325623,0.27586206896551724,137.57999999999998
1294,12033,0.375,0.90625,0.62643055053608,0.13793103448275862,137.54545454545453
1295,10456,0.1125,0.684375,0.6508384531984098,0.8275862068965517,137.49999999999997
1296,14204,0.875,0.684375,0.6508384531984098,0.8275862068965517,137.49999999999997
1297,13491,0.8625,0.69659375,0.7551740754126008,0.8275862068965517,137.49999999999997
1298,12221,0.375,0.82203125,0.9989157932779182,0.3448275862068966,137.49999999999997
1299,11637,0.3625,0.9375,0.6996542585230695,0.3448275862068966,137.49999999999997
1300,10420,0.1125,0.8294374999999998,0.9969883146608842,0.27586206896551724,137.49999999999997
1301,12484,0.6125,0.70125,0.7658836284784966,0.0,137.48071979434445
1302,12221,0.375,0.82203125,0.9989157932779182,0.6206896551724137,137.41666666666666
1303,10617,0.1125,0.90625,0.62643055053608,0.27586206896551724,137.39999999999998
1304,14309,0.875,0.85690625,0.96883508011083,1.0,137.39999999999998
1305,13034,0.625,0.9252812499999999,0.7551740754126008,0.27586206896551724,137.39999999999998
1306,23022,0.8625,0.8369375,0.9818817009998795,0.3448275862068966,137.16666666666666
1307,22877,0.12499999999999992,0.83690625,0.9819057944825923,0.3448275862068966,137.16666666666666
1308,13448,0.8625,0.79984375,0.9989157932779182,0.9655172413793103,137.14285714285714
1309,14184,0.875,0.715625,0.62643055053608,0.9655172413793103,137.14285714285714
1310,13485,0.8625,0.6875,0.7059462715335502,0.48275862068965514,137.14285714285714
1311,12913,0.625,0.7068125000000001,0.7915190940850501,1.0,137.09999999999997
1312,14194,0.875,0.70125,0.7658836284784966,0.3448275862068966,137.08333333333331
1313,12437,0.6125,0.82203125,0.9989157932779182,0.3448275862068966,136.99999999999997
1314,11630,0.3625,0.9252812499999999,0.7551740754126008,0.27586206896551724,136.99999999999997
1315,12437,0.6125,0.82203125,0.9989157932779182,0.6206896551724137,136.91666666666666
1316,10471,0.1125,0.715625,0.6545717383447777,0.13793103448275862,136.90909090909088
1317,11479,0.3625,0.715625,0.6545717383447777,0.13793103448275862,136.90909090909088
1318,12842,0.625,0.79634375,0.9860498735092157,0.27586206896551724,136.89999999999998
1319,12842,0.625,0.79634375,0.9860498735092157,1.0,136.89999999999998
1320,10556,0.1125,0.8195625,0.8788820624021202,0.0,136.77120822622106
1321,13181,0.625,0.715625,0.6545717383447777,0.13793103448275862,136.63636363636363
1322,12115,0.375,0.8023125,0.8788820624021202,0.27586206896551724,136.54999999999998
1323,12633,0.6125,0.90625,0.62643055053608,0.13793103448275862,136.54545454545453
1324,12754,0.6125,0.7068125000000001,0.7915190940850501,1.0,136.49999999999997
1325,10478,0.1125,0.71875,0.7718949524153716,1.0,136.49999999999997
1326,13439,0.8625,0.865875,0.9729671123960967,1.0,136.49999999999997
1327,13646,0.8625,0.9252812499999999,0.7551740754126008,0.27586206896551724,136.39999999999998
1328,12549,0.6125,0.8023125,0.8788820624021202,0.27586206896551724,136.28999999999996
1329,14193,0.875,0.69659375,0.7551740754126008,0.8275862068965517,136.24999999999997
1330,12572,0.6125,0.8195625,0.8788820624021202,0.0,136.19537275064266
1331,13041,0.625,0.90625,0.62643055053608,0.13793103448275862,136.18181818181816
1332,11565,0.3625,0.82659375,0.8773762197325623,0.0,136.15424164524418
1333,10411,0.1125,0.89396875,0.9368871220334899,1.0,136.09999999999997
1334,10897,0.125,0.7068125000000001,0.7915190940850501,1.0,136.09999999999997
1335,12026,0.375,0.9252812499999999,0.7551740754126008,0.27586206896551724,136.09999999999997
1336,11476,0.3625,0.70125,0.7658836284784966,0.0,136.04113110539842
1337,11222,0.125,0.756,0.9729671123960967,0.27586206896551724,135.99999999999997
1338,12087,0.375,0.8195625,0.8788820624021202,0.0,135.99999999999997
1339,13097,0.625,0.82659375,0.8773762197325623,0.0,135.91773778920307
1340,11625,0.3625,0.90625,0.62643055053608,0.13793103448275862,135.90909090909088
1341,11905,0.375,0.7068125000000001,0.7915190940850501,1.0,135.89999999999998
1342,13442,0.8625,0.844125,0.9902300927599084,0.0,135.83547557840615
1343,23656,0.625,0.805625,0.9877002770750511,0.13793103448275862,135.81818181818178
1344,11821,0.3625,0.8028437499999999,0.9873750150584266,1.0,135.79999999999998
1345,13229,0.625,0.82203125,0.9989157932779182,0.3448275862068966,135.74999999999997
1346,10605,0.1125,0.903125,0.655524635586074,0.48275862068965514,135.7142857142857
1347,24333,0.625,0.8275,0.9975906517287073,0.9655172413793103,135.7142857142857
1348,13176,0.625,0.715625,0.62643055053608,0.9655172413793103,135.7142857142857
1349,23670,0.8625,0.7931874999999999,0.9851343211661244,1.0,135.7
1350,13229,0.625,0.82203125,0.9989157932779182,0.6206896551724137,135.66666666666666
1351,11211,0.125,0.8368125,0.9940850499939766,1.0,135.59999999999997
1352,13492,0.8625,0.70125,0.7658836284784966,0.6206896551724137,135.58333333333331
1353,11429,0.3625,0.82203125,0.9989157932779182,0.3448275862068966,135.58333333333331
1354,12484,0.6125,0.70125,0.7658836284784966,0.13793103448275862,135.45454545454544
1355,10468,0.1125,0.70125,0.7658836284784966,0.0,135.42416452442157
1356,10617,0.1125,0.90625,0.62643055053608,0.0,135.42416452442157
1357,13443,0.8625,0.8368125,0.9940850499939766,0.0,135.32133676092542
1358,23512,0.125,0.805625,0.9877002770750511,0.0,135.32133676092542
1359,13022,0.625,0.9375,0.6752463558607397,0.13793103448275862,135.27272727272725
1360,10622,0.1125,0.9252812499999999,0.7551740754126008,0.27586206896551724,135.2
1361,14042,0.875,0.9252812499999999,0.7551740754126008,0.27586206896551724,135.2
1362,14049,0.875,0.90625,0.62643055053608,1.0,135.18999999999997
1363,11429,0.3625,0.82203125,0.9989157932779182,0.6206896551724137,135.16666666666666
1364,13830,0.8625,0.78125,0.9501746777496686,1.0,135.09999999999997
1365,13802,0.8625,0.75,0.9248042404529574,1.0,135.09999999999997
1366,11018,0.125,0.9252812499999999,0.7551740754126008,0.27586206896551724,135.09999999999997
1367,23535,0.3625,0.7931874999999999,0.9851343211661244,0.27586206896551724,135.09999999999997
1368,13229,0.625,0.82203125,0.9989157932779182,0.9655172413793103,134.99999999999997
1369,14199,0.875,0.6875,0.7059462715335502,0.48275862068965514,134.99999999999997
1370,11217,0.125,0.7924375,0.9969883146608842,0.9655172413793103,134.99999999999997
1371,13492,0.8625,0.70125,0.7658836284784966,0.9655172413793103,134.99999999999997
1372,13238,0.625,0.756,0.9729671123960967,0.27586206896551724,134.99999999999997
1373,13507,0.8625,0.71875,0.62643055053608,1.0,134.99999999999997
1374,13361,0.8625,0.82128125,0.9870015660763762,0.27586206896551724,134.99999999999997
1375,12224,0.375,0.79984375,0.9989157932779182,0.0,134.8071979434447
1376,14235,0.875,0.8368125,0.9940850499939766,1.0,134.79999999999998
1377,10897,0.125,0.7068125000000001,0.7915190940850501,0.27586206896551724,134.7
1378,10557,0.1125,0.82659375,0.8773762197325623,0.6206896551724137,134.66666666666666
1379,11746,0.3625,0.7068125000000001,0.7915190940850501,1.0,134.59999999999997
1380,12173,0.375,0.715625,0.6545717383447777,0.0,134.5809768637532
1381,14201,0.875,0.684375,0.62643055053608,0.0,134.5295629820051
1382,23669,0.8625,0.805625,0.9877002770750511,0.0,134.49871465295627
1383,20916,0.125,0.7618750000000001,0.9661366100469823,0.13793103448275862,134.45454545454544
1384,11438,0.3625,0.756,0.9729671123960967,0.27586206896551724,134.39999999999998
1385,22936,0.375,0.849375,0.9746536561860017,1.0,134.39999999999998
1386,23534,0.3625,0.805625,0.9877002770750511,0.13793103448275862,134.36363636363635
1387,11298,0.125,0.82128125,0.9870015660763762,0.27586206896551724,134.29999999999998
1388,12440,0.6125,0.79984375,0.9989157932779182,0.0,134.293059125964
1389,23670,0.8625,0.7931874999999999,0.9851343211661244,0.0,134.293059125964
1390,12220,0.375,0.8294374999999998,0.9969883146608842,0.9655172413793103,134.28571428571428
1391,14105,0.875,0.82659375,0.8773762197325623,0.9655172413793103,134.28571428571428
1392,10477,0.1125,0.715625,0.62643055053608,0.9655172413793103,134.28571428571428
1393,12633,0.6125,0.90625,0.62643055053608,0.9655172413793103,134.28571428571428
1394,13501,0.8625,0.715625,0.62643055053608,0.9655172413793103,134.28571428571428
1395,14194,0.875,0.70125,0.7658836284784966,0.9655172413793103,134.28571428571428
1396,10557,0.1125,0.82659375,0.8773762197325623,0.3448275862068966,134.24999999999997
1397,14194,0.875,0.70125,0.7658836284784966,0.6206896551724137,134.24999999999997
1398,10858,0.125,0.75,0.9248042404529574,1.0,134.2
1399,11345,0.3625,0.82128125,0.9870015660763762,0.27586206896551724,134.2
1400,13314,0.625,0.82128125,0.9870015660763762,0.27586206896551724,134.09999999999997
1401,21077,0.8625,0.7618750000000001,0.9661366100469823,0.13793103448275862,134.09090909090907
1402,12306,0.375,0.82128125,0.9870015660763762,0.0,134.0874035989717
1403,22864,0.3625,0.8369375,0.9818817009998795,0.0,134.0874035989717
1404,13654,0.8625,0.9375,0.6752463558607397,0.13793103448275862,133.99999999999997
1405,22360,0.625,0.7837500000000001,0.9813155041561258,1.0,133.99999999999997
1406,23016,0.625,0.83690625,0.9819057944825923,0.0,133.98457583547557
1407,14103,0.875,0.8195625,0.8788820624021202,0.0,133.96401028277631
1408,22216,0.12499999999999996,0.7837500000000001,0.9813155041561258,0.0,133.88174807197942
1409,11213,0.125,0.82203125,0.9989157932779182,0.3448275862068966,133.83333333333331
1410,13641,0.8625,0.90625,0.62643055053608,0.13793103448275862,133.81818181818178
1411,14131,0.875,0.8023125,0.8788820624021202,0.27586206896551724,133.74999999999997
1412,23664,0.625,0.79315625,0.9851222744247681,0.27586206896551724,133.7
1413,14189,0.875,0.715625,0.6545717383447777,0.13793103448275862,133.63636363636363
1414,13223,0.625,0.865875,0.9729671123960967,1.0,133.59999999999997
1415,10853,0.125,0.7584375,0.9629442235875195,0.27586206896551724,133.59999999999997
1416,13226,0.625,0.844125,0.9902300927599084,0.0,133.573264781491
1417,22360,0.625,0.7837500000000001,0.9813155041561258,0.0,133.573264781491
1418,13651,0.8625,0.934375,0.7324515118660402,0.6896551724137931,133.57142857142856
1419,14055,0.875,0.903125,0.655524635586074,0.48275862068965514,133.57142857142856
1420,11216,0.125,0.79984375,0.9989157932779182,0.9655172413793103,133.57142857142856
1421,11625,0.3625,0.90625,0.62643055053608,0.9655172413793103,133.57142857142856
1422,10533,0.1125,0.8023125,0.8788820624021202,0.27586206896551724,133.50999999999996
1423,14182,0.875,0.71875,0.7718949524153716,1.0,133.49999999999997
1424,12353,0.6125,0.82128125,0.9870015660763762,0.0,133.47043701799484
1425,11213,0.125,0.82203125,0.9989157932779182,0.6206896551724137,133.41666666666666
1426,24263,0.6125,0.8275,0.9975906517287073,1.0,133.29999999999998
1427,14105,0.875,0.82659375,0.8773762197325623,0.6206896551724137,133.24999999999997
1428,10471,0.1125,0.715625,0.6545717383447777,0.0,133.18251928020564
1429,11426,0.3625,0.844125,0.9902300927599084,0.0,133.05912596401026
1430,13445,0.8625,0.82203125,0.9989157932779182,0.3448275862068966,132.99999999999997
1431,23008,0.625,0.849375,0.9746536561860017,1.0,132.99999999999997
1432,14105,0.875,0.82659375,0.8773762197325623,0.3448275862068966,132.91666666666666
1433,11491,0.3625,0.71875,0.62643055053608,0.27586206896551724,132.89999999999998
1434,13636,0.8625,0.90625,0.7671364895795687,0.48275862068965514,132.85714285714283
1435,10612,0.1125,0.90625,0.7671364895795687,0.48275862068965514,132.85714285714283
1436,14048,0.875,0.90625,0.7671364895795687,0.48275862068965514,132.85714285714283
1437,10827,0.125,0.8028437499999999,0.9873750150584266,0.9655172413793103,132.85714285714283
1438,13227,0.625,0.8368125,0.9940850499939766,0.9655172413793103,132.85714285714283
1439,12033,0.375,0.90625,0.62643055053608,0.9655172413793103,132.85714285714283
1440,11024,0.125,0.90625,0.7671364895795687,0.48275862068965514,132.85714285714283
1441,11565,0.3625,0.82659375,0.8773762197325623,0.13793103448275862,132.85454545454544
1442,22373,0.8625,0.7837500000000001,0.9813155041561258,0.0,132.85347043701796
1443,23520,0.12499999999999992,0.79315625,0.9851222744247681,0.0,132.85347043701796
1444,14195,0.875,0.706,0.7761354053728465,0.27586206896551724,132.79999999999998
1445,13836,0.8625,0.79634375,0.9860498735092157,0.27586206896551724,132.79999999999998
1446,14030,0.875,0.9375,0.6752463558607397,0.0,132.75064267352184
1447,13097,0.625,0.82659375,0.8773762197325623,0.13793103448275862,132.74545454545452
1448,14030,0.875,0.9375,0.6752463558607397,0.13793103448275862,132.72727272727272
1449,13445,0.8625,0.82203125,0.9989157932779182,0.6206896551724137,132.66666666666666
1450,10556,0.1125,0.8195625,0.8788820624021202,0.13793103448275862,132.64545454545453
1451,11476,0.3625,0.70125,0.7658836284784966,0.13793103448275862,132.54545454545453
1452,14183,0.875,0.71875,0.62643055053608,0.27586206896551724,132.49999999999997
1453,10630,0.1125,0.9375,0.6752463558607397,0.27586206896551724,132.39999999999998
1454,10830,0.125,0.78125,0.9501746777496686,0.27586206896551724,132.39999999999998
1455,10468,0.1125,0.70125,0.7658836284784966,0.13793103448275862,132.27272727272725
1456,12224,0.375,0.79984375,0.9989157932779182,0.13793103448275862,132.27272727272725
1457,13453,0.8625,0.7631875,0.9796651005902903,0.13793103448275862,132.27272727272725
1458,11165,0.125,0.715625,0.6545717383447777,0.13793103448275862,132.27272727272725
1459,11638,0.3625,0.9375,0.6752463558607397,0.6206896551724137,132.24999999999997
1460,13454,0.8625,0.756,0.9729671123960967,0.27586206896551724,132.2
1461,13495,0.8625,0.715625,0.6545717383447777,0.13793103448275862,132.18181818181816
1462,13641,0.8625,0.90625,0.62643055053608,0.9655172413793103,132.14285714285714
1463,10826,0.125,0.79634375,0.9860498735092157,0.27586206896551724,132.09999999999997
1464,12638,0.6125,0.9252812499999999,0.7551740754126008,0.0,132.0308483290488
1465,10469,0.1125,0.706,0.7761354053728465,1.0,131.99999999999997
1466,14106,0.875,0.833625,0.8749909649439825,1.0,131.95999999999998
1467,11210,0.125,0.844125,0.9902300927599084,0.0,131.92802056555269
1468,24335,0.8625,0.8275,0.9975906517287073,0.13793103448275862,131.90909090909088
1469,10532,0.1125,0.79528125,0.8773762197325623,1.0,131.79999999999998
1470,12573,0.6125,0.82659375,0.8773762197325623,0.6206896551724137,131.74999999999997
1471,11211,0.125,0.8368125,0.9940850499939766,0.0,131.72236503856038
1472,23664,0.625,0.79315625,0.9851222744247681,1.0,131.7
1473,13806,0.8625,0.7584375,0.9629442235875195,0.27586206896551724,131.7
1474,12440,0.6125,0.79984375,0.9989157932779182,0.13793103448275862,131.63636363636363
1475,11221,0.125,0.7631875,0.9796651005902903,0.13793103448275862,131.54545454545453
1476,21096,0.8625,0.7618750000000001,0.9785086134200698,0.27586206896551724,131.49999999999997
1477,24194,0.125,0.8275,0.9975906517287073,0.13793103448275862,131.45454545454544
1478,13654,0.8625,0.9375,0.6752463558607397,0.9655172413793103,131.42857142857142
1479,10629,0.1125,0.9375,0.6996542585230695,0.48275862068965514,131.42857142857142
1480,13806,0.8625,0.7584375,0.9629442235875195,1.0,131.39999999999998
1481,13830,0.8625,0.78125,0.9501746777496686,0.27586206896551724,131.39999999999998
1482,23035,0.8625,0.8369375,0.9940127695458378,1.0,131.39999999999998
1483,13181,0.625,0.715625,0.6545717383447777,0.0,131.32133676092542
1484,12643,0.6125,0.934375,0.7324515118660402,0.8275862068965517,131.24999999999997
1485,13651,0.8625,0.934375,0.7324515118660402,0.8275862068965517,131.24999999999997
1486,11180,0.125,0.684375,0.6508384531984098,0.8275862068965517,131.24999999999997
1487,12477,0.6125,0.6875,0.7059462715335502,0.8275862068965517,131.24999999999997
1488,14037,0.875,0.934375,0.7324515118660402,0.8275862068965517,131.24999999999997
1489,13191,0.625,0.6875,0.7059462715335502,0.8275862068965517,131.24999999999997
1490,13480,0.8625,0.684375,0.6508384531984098,0.8275862068965517,131.24999999999997
1491,11635,0.3625,0.934375,0.7324515118660402,0.8275862068965517,131.24999999999997
1492,22238,0.3625,0.7837500000000001,0.9813155041561258,0.0,131.20822622107966
1493,13034,0.625,0.9252812499999999,0.7551740754126008,0.0,131.10539845758353
1494,20949,0.125,0.7618750000000001,0.9785086134200698,0.27586206896551724,131.09999999999997
1495,12573,0.6125,0.82659375,0.8773762197325623,0.3448275862068966,130.99999999999997
1496,22387,0.8625,0.7713125,0.9860619202505723,1.0,130.89999999999998
1497,11345,0.3625,0.82128125,0.9870015660763762,1.0,130.89999999999998
1498,11564,0.3625,0.8195625,0.8788820624021202,0.27586206896551724,130.81999999999996
1499,13174,0.625,0.71875,0.7718949524153716,0.13793103448275862,130.81818181818178
1500,13041,0.625,0.90625,0.62643055053608,0.9655172413793103,130.7142857142857
1501,13444,0.8625,0.8294374999999998,0.9969883146608842,0.9655172413793103,130.7142857142857
1502,13443,0.8625,0.8368125,0.9940850499939766,0.9655172413793103,130.7142857142857
1503,10425,0.1125,0.7924375,0.9969883146608842,0.9655172413793103,130.7142857142857
1504,11160,0.125,0.715625,0.62643055053608,0.9655172413793103,130.7142857142857
1505,11630,0.3625,0.9252812499999999,0.7551740754126008,0.0,130.69408740359896
1506,14103,0.875,0.8195625,0.8788820624021202,0.13793103448275862,130.65454545454543
1507,13095,0.625,0.8195625,0.8788820624021202,0.27586206896551724,130.59999999999997
1508,12089,0.375,0.82659375,0.8773762197325623,0.6206896551724137,130.58333333333331
1509,10483,0.1125,0.71875,0.62643055053608,0.27586206896551724,130.49999999999997
1510,11361,0.3625,0.8634375000000001,0.9629442235875195,0.27586206896551724,130.49999999999997
1511,12087,0.375,0.8195625,0.8788820624021202,0.13793103448275862,130.4272727272727
1512,13439,0.8625,0.865875,0.9729671123960967,0.27586206896551724,130.39999999999998
1513,12306,0.375,0.82128125,0.9870015660763762,0.13793103448275862,130.36363636363635
1514,13921,0.875,0.7068125000000001,0.7915190940850501,0.13793103448275862,130.36363636363635
1515,13175,0.625,0.71875,0.62643055053608,0.27586206896551724,130.35999999999999
1516,12487,0.6125,0.715625,0.6545717383447777,0.3448275862068966,130.33333333333331
1517,10622,0.1125,0.9252812499999999,0.7551740754126008,1.0,130.32999999999998
1518,12828,0.6125,0.79634375,0.9860498735092157,0.27586206896551724,130.29999999999998
1519,10858,0.125,0.75,0.9248042404529574,0.27586206896551724,130.29999999999998
1520,23689,0.8625,0.7931874999999999,0.9972292494880134,0.27586206896551724,130.2
1521,11638,0.3625,0.9375,0.6752463558607397,0.3448275862068966,130.16666666666666
1522,12572,0.6125,0.8195625,0.8788820624021202,0.13793103448275862,130.1272727272727
1523,11210,0.125,0.844125,0.9902300927599084,1.0,130.09999999999997
1524,12435,0.6125,0.8368125,0.9940850499939766,1.0,130.09999999999997
1525,13493,0.8625,0.706,0.7761354053728465,0.27586206896551724,130.09999999999997
1526,13646,0.8625,0.9252812499999999,0.7551740754126008,0.0,130.07712082262208
1527,10611,0.1125,0.903125,0.62643055053608,0.6896551724137931,129.99999999999997
1528,23669,0.8625,0.805625,0.9877002770750511,0.9655172413793103,129.99999999999997
1529,14241,0.875,0.7924375,0.9969883146608842,0.9655172413793103,129.99999999999997
1530,13453,0.8625,0.7631875,0.9796651005902903,0.9655172413793103,129.99999999999997
1531,12168,0.375,0.715625,0.62643055053608,0.48275862068965514,129.99999999999997
1532,12021,0.375,0.934375,0.7324515118660402,0.6896551724137931,129.99999999999997
1533,11635,0.3625,0.934375,0.7324515118660402,0.6896551724137931,129.99999999999997
1534,12089,0.375,0.82659375,0.8773762197325623,0.3448275862068966,129.99999999999997
1535,12434,0.6125,0.844125,0.9902300927599084,0.27586206896551724,129.99999999999997
1536,12574,0.6125,0.833625,0.8749909649439825,1.0,129.92999999999998
1537,11171,0.125,0.706,0.7761354053728465,1.0,129.89999999999998
1538,12446,0.6125,0.756,0.9729671123960967,1.0,129.89999999999998
1539,14309,0.875,0.85690625,0.96883508011083,0.27586206896551724,129.79999999999998
1540,21096,0.8625,0.7618750000000001,0.9785086134200698,1.0,129.79999999999998
1541,12026,0.375,0.9252812499999999,0.7551740754126008,0.0,129.76863753213365
1542,11025,0.125,0.90625,0.62643055053608,0.6206896551724137,129.66666666666666
1543,11486,0.3625,0.71875,0.7718949524153716,0.13793103448275862,129.63636363636363
1544,12218,0.375,0.844125,0.9902300927599084,0.27586206896551724,129.59999999999997
1545,11834,0.375,0.79634375,0.9860498735092157,0.27586206896551724,129.59999999999997
1546,12173,0.375,0.715625,0.6545717383447777,0.3448275862068966,129.58333333333331
1547,10478,0.1125,0.71875,0.7718949524153716,0.27586206896551724,129.53999999999996
1548,23512,0.125,0.805625,0.9877002770750511,1.0,129.49999999999997
1549,12353,0.6125,0.82128125,0.9870015660763762,0.13793103448275862,129.45454545454544
1550,11081,0.125,0.82659375,0.8773762197325623,0.0,129.439588688946
1551,14182,0.875,0.71875,0.7718949524153716,0.27586206896551724,129.42999999999998
1552,11170,0.125,0.70125,0.7658836284784966,0.3448275862068966,129.41666666666666
1553,10469,0.1125,0.706,0.7761354053728465,0.27586206896551724,129.39999999999998
1554,13454,0.8625,0.756,0.9729671123960967,1.0,129.39999999999998
1555,23544,0.3625,0.7931874999999999,0.9972292494880134,1.0,129.39999999999998
1556,13042,0.625,0.903125,0.62643055053608,0.8275862068965517,129.37499999999997
1557,12033,0.375,0.90625,0.62643055053608,0.6206896551724137,129.33333333333331
1558,13187,0.625,0.706,0.7761354053728465,1.0,129.29999999999998
1559,12493,0.6125,0.715625,0.62643055053608,0.48275862068965514,129.28571428571428
1560,12643,0.6125,0.934375,0.7324515118660402,0.6896551724137931,129.28571428571428
1561,13449,0.8625,0.7924375,0.9969883146608842,0.9655172413793103,129.28571428571428
1562,14037,0.875,0.934375,0.7324515118660402,0.6896551724137931,129.28571428571428
1563,12628,0.6125,0.90625,0.7671364895795687,0.48275862068965514,129.28571428571428
1564,12032,0.375,0.90625,0.7671364895795687,0.48275862068965514,129.28571428571428
1565,24335,0.8625,0.8275,0.9975906517287073,0.6896551724137931,129.28571428571428
1566,12436,0.6125,0.8294374999999998,0.9969883146608842,0.9655172413793103,129.28571428571428
1567,11025,0.125,0.90625,0.62643055053608,0.9655172413793103,129.28571428571428
1568,12633,0.6125,0.90625,0.62643055053608,0.6206896551724137,129.24999999999997
1569,11216,0.125,0.79984375,0.9989157932779182,0.27586206896551724,129.2
1570,11491,0.3625,0.71875,0.62643055053608,1.0,129.2
1571,13175,0.625,0.71875,0.62643055053608,1.0,129.2
1572,23540,0.12499999999999992,0.79315625,0.9972172027466569,0.27586206896551724,129.2
1573,10622,0.1125,0.9252812499999999,0.7551740754126008,0.0,129.15167095115677
1574,13276,0.625,0.9262812500000001,0.8589928924225997,1.0,129.09999999999997
1575,12179,0.375,0.706,0.7761354053728465,0.27586206896551724,129.09999999999997
1576,11423,0.3625,0.865875,0.9729671123960967,0.27586206896551724,129.09999999999997
1577,22896,0.12499999999999992,0.83690625,0.9940368630285508,0.27586206896551724,129.09999999999997
1578,12487,0.6125,0.715625,0.6545717383447777,0.0,129.01799485861181
1579,12646,0.6125,0.9375,0.6752463558607397,0.6206896551724137,128.99999999999997
1580,13442,0.8625,0.844125,0.9902300927599084,0.13793103448275862,128.99999999999997
1581,22360,0.625,0.7837500000000001,0.9813155041561258,0.13793103448275862,128.99999999999997
1582,23512,0.125,0.805625,0.9877002770750511,0.13793103448275862,128.99999999999997
1583,10532,0.1125,0.79528125,0.8773762197325623,0.27586206896551724,128.98999999999998
1584,14130,0.875,0.79528125,0.8773762197325623,0.27586206896551724,128.95
1585,11018,0.125,0.9252812499999999,0.7551740754126008,0.0,128.9460154241645
1586,23535,0.3625,0.7931874999999999,0.9851343211661244,0.0,128.9460154241645
1587,11432,0.3625,0.79984375,0.9989157932779182,0.3448275862068966,128.91666666666666
1588,10419,0.1125,0.8368125,0.9940850499939766,0.27586206896551724,128.89999999999998
1589,14042,0.875,0.9252812499999999,0.7551740754126008,0.0,128.84318766066835
1590,13921,0.875,0.7068125000000001,0.7915190940850501,0.0,128.84318766066835
1591,10468,0.1125,0.70125,0.7658836284784966,0.3448275862068966,128.83333333333331
1592,11630,0.3625,0.9252812499999999,0.7551740754126008,1.0,128.81999999999996
1593,12908,0.625,0.6875,0.7682568365257197,1.0,128.79999999999998
1594,13635,0.8625,0.903125,0.62643055053608,0.8275862068965517,128.74999999999997
1595,11427,0.3625,0.8368125,0.9940850499939766,0.0,128.74035989717223
1596,13448,0.8625,0.79984375,0.9989157932779182,0.27586206896551724,128.7
1597,13802,0.8625,0.75,0.9248042404529574,0.27586206896551724,128.7
1598,13443,0.8625,0.8368125,0.9940850499939766,0.13793103448275862,128.63636363636363
1599,10329,0.1125,0.83165625,0.8878448379713287,1.0,128.60999999999999
1600,23035,0.8625,0.8369375,0.9940127695458378,0.27586206896551724,128.59999999999997
1601,13042,0.625,0.903125,0.62643055053608,0.6896551724137931,128.57142857142856
1602,13040,0.625,0.90625,0.7671364895795687,0.48275862068965514,128.57142857142856
1603,11081,0.125,0.82659375,0.8773762197325623,0.13793103448275862,128.5363636363636
1604,12485,0.6125,0.706,0.7761354053728465,1.0,128.49999999999997
1605,13302,0.625,0.8634375000000001,0.9629442235875195,0.27586206896551724,128.49999999999997
1606,11624,0.3625,0.90625,0.6545717383447777,1.0,128.45
1607,13448,0.8625,0.79984375,0.9989157932779182,1.0,128.39999999999998
1608,11171,0.125,0.706,0.7761354053728465,0.27586206896551724,128.39999999999998
1609,23669,0.8625,0.805625,0.9877002770750511,0.13793103448275862,128.36363636363635
1610,22216,0.12499999999999996,0.7837500000000001,0.9813155041561258,0.13793103448275862,128.36363636363635
1611,13041,0.625,0.90625,0.62643055053608,0.6206896551724137,128.33333333333331
1612,11625,0.3625,0.90625,0.62643055053608,0.6206896551724137,128.33333333333331
1613,11165,0.125,0.715625,0.6545717383447777,0.0,128.32904884318765
1614,10483,0.1125,0.71875,0.62643055053608,1.0,128.29999999999998
1615,12212,0.375,0.8870625000000001,0.9472834598241175,1.0,128.29999999999998
1616,22238,0.3625,0.7837500000000001,0.9813155041561258,1.0,128.29999999999998
1617,11479,0.3625,0.715625,0.6545717383447777,0.3448275862068966,128.24999999999997
1618,21077,0.8625,0.7618750000000001,0.9661366100469823,0.3448275862068966,128.24999999999997
1619,13654,0.8625,0.9375,0.6752463558607397,0.0,128.2262210796915
1620,24259,0.375,0.8275,0.9975906517287073,0.27586206896551724,128.2
1621,12874,0.625,0.75,0.9248042404529574,0.27586206896551724,128.18999999999997
1622,13495,0.8625,0.715625,0.6545717383447777,0.0,128.12339331619535
1623,13227,0.625,0.8368125,0.9940850499939766,0.0,128.12339331619535
1624,11207,0.125,0.865875,0.9729671123960967,0.27586206896551724,128.09999999999997
1625,10352,0.1125,0.85690625,0.96883508011083,0.27586206896551724,128.09999999999997
1626,11432,0.3625,0.79984375,0.9989157932779182,0.6206896551724137,128.08333333333331
1627,14184,0.875,0.715625,0.62643055053608,0.0,128.05141388174806
1628,11820,0.3625,0.79634375,0.9860498735092157,0.0,128.0205655526992
1629,12166,0.375,0.71875,0.7718949524153716,0.13793103448275862,127.99999999999999
1630,13581,0.8625,0.82659375,0.8773762197325623,0.0,127.99999999999997
1631,12846,0.625,0.78125,0.9501746777496686,0.27586206896551724,127.90999999999998
1632,23670,0.8625,0.7931874999999999,0.9851343211661244,0.13793103448275862,127.90909090909089
1633,22373,0.8625,0.7837500000000001,0.9813155041561258,0.13793103448275862,127.90909090909089
1634,12115,0.375,0.8023125,0.8788820624021202,0.0,127.90745501285345
1635,13581,0.8625,0.82659375,0.8773762197325623,0.13793103448275862,127.86363636363635
1636,14103,0.875,0.8195625,0.8788820624021202,0.9655172413793103,127.85714285714285
1637,12089,0.375,0.82659375,0.8773762197325623,0.9655172413793103,127.85714285714285
1638,13635,0.8625,0.903125,0.62643055053608,0.6896551724137931,127.85714285714285
1639,21720,0.625,0.85878125,0.9672328635104203,0.9655172413793103,127.85714285714285
1640,11485,0.3625,0.715625,0.62643055053608,0.48275862068965514,127.85714285714285
1641,14236,0.875,0.8294374999999998,0.9969883146608842,0.9655172413793103,127.85714285714285
1642,10352,0.1125,0.85690625,0.96883508011083,0.9655172413793103,127.85714285714285
1643,11427,0.3625,0.8368125,0.9940850499939766,0.9655172413793103,127.85714285714285
1644,11007,0.125,0.9375,0.6996542585230695,0.48275862068965514,127.85714285714285
1645,11428,0.3625,0.8294374999999998,0.9969883146608842,0.9655172413793103,127.85714285714285
1646,13185,0.625,0.69659375,0.7551740754126008,0.6896551724137931,127.85714285714285
1647,11638,0.3625,0.9375,0.6752463558607397,0.9655172413793103,127.85714285714285
1648,23664,0.625,0.79315625,0.9851222744247681,0.0,127.81491002570692
1649,11212,0.125,0.8294374999999998,0.9969883146608842,1.0,127.79999999999998
1650,13187,0.625,0.706,0.7761354053728465,0.27586206896551724,127.79999999999998
1651,22864,0.3625,0.8369375,0.9818817009998795,0.13793103448275862,127.7272727272727
1652,14189,0.875,0.715625,0.6545717383447777,0.0,127.71208226221077
1653,12014,0.375,0.9375,0.6752463558607397,0.0,127.71208226221077
1654,21096,0.8625,0.7618750000000001,0.9785086134200698,0.0,127.71208226221077
1655,12499,0.6125,0.71875,0.62643055053608,0.27586206896551724,127.69999999999997
1656,12549,0.6125,0.8023125,0.8788820624021202,0.0,127.6606683804627
1657,11814,0.3625,0.78125,0.9501746777496686,1.0,127.58999999999997
1658,13023,0.625,0.9375,0.6996542585230695,0.8275862068965517,127.49999999999999
1659,13232,0.625,0.79984375,0.9989157932779182,0.3448275862068966,127.49999999999999
1660,12485,0.6125,0.706,0.7761354053728465,0.27586206896551724,127.49999999999997
1661,14234,0.875,0.844125,0.9902300927599084,1.0,127.49999999999997
1662,20949,0.125,0.7618750000000001,0.9785086134200698,0.0,127.40359897172235
1663,12494,0.6125,0.71875,0.7718949524153716,0.13793103448275862,127.36363636363635
1664,12178,0.375,0.70125,0.7658836284784966,0.3448275862068966,127.33333333333331
1665,13223,0.625,0.865875,0.9729671123960967,0.27586206896551724,127.29999999999998
1666,23016,0.625,0.83690625,0.9819057944825923,0.13793103448275862,127.27272727272725
1667,13232,0.625,0.79984375,0.9989157932779182,0.6206896551724137,127.24999999999999
1668,13836,0.8625,0.79634375,0.9860498735092157,1.0,127.19999999999997
1669,14235,0.875,0.8368125,0.9940850499939766,0.27586206896551724,127.19999999999997
1670,10557,0.1125,0.82659375,0.8773762197325623,0.9655172413793103,127.14285714285712
1671,12177,0.375,0.69659375,0.7551740754126008,0.6896551724137931,127.14285714285712
1672,13629,0.8625,0.903125,0.655524635586074,0.48275862068965514,127.14285714285712
1673,11212,0.125,0.8294374999999998,0.9969883146608842,0.9655172413793103,127.14285714285712
1674,12034,0.375,0.903125,0.62643055053608,0.6896551724137931,127.14285714285712
1675,24259,0.375,0.8275,0.9975906517287073,0.9655172413793103,127.14285714285712
1676,13047,0.625,0.903125,0.655524635586074,0.48275862068965514,127.14285714285712
1677,21095,0.8625,0.765,0.981195036742561,0.9655172413793103,127.14285714285712
1678,22936,0.375,0.849375,0.9746536561860017,0.9655172413793103,127.14285714285712
1679,11620,0.3625,0.90625,0.7671364895795687,0.48275862068965514,127.14285714285712
1680,12846,0.625,0.78125,0.9501746777496686,1.0,127.13999999999997
1681,13226,0.625,0.844125,0.9902300927599084,0.13793103448275862,127.09090909090907
1682,12646,0.6125,0.9375,0.6752463558607397,0.3448275862068966,127.08333333333331
1683,12484,0.6125,0.70125,0.7658836284784966,0.3448275862068966,127.08333333333331
1684,13097,0.625,0.82659375,0.8773762197325623,1.0,127.03899999999997
1685,11477,0.3625,0.706,0.7761354053728465,0.27586206896551724,126.99999999999997
1686,13377,0.8625,0.8634375000000001,0.9629442235875195,1.0,126.99999999999997
1687,12874,0.625,0.75,0.9248042404529574,1.0,126.98999999999998
1688,13186,0.625,0.70125,0.7658836284784966,0.3448275862068966,126.91666666666664
1689,12548,0.6125,0.79528125,0.8773762197325623,0.27586206896551724,126.82999999999997
1690,11426,0.3625,0.844125,0.9902300927599084,0.13793103448275862,126.8181818181818
1691,12167,0.375,0.71875,0.62643055053608,1.0,126.79999999999998
1692,24263,0.6125,0.8275,0.9975906517287073,0.27586206896551724,126.79999999999998
1693,12114,0.375,0.79528125,0.8773762197325623,0.27586206896551724,126.74999999999997
1694,11158,0.125,0.71875,0.7718949524153716,0.13793103448275862,126.7272727272727
1695,10471,0.1125,0.715625,0.6545717383447777,0.3448275862068966,126.66666666666664
1696,11170,0.125,0.70125,0.7658836284784966,0.6206896551724137,126.66666666666664
1697,14049,0.875,0.90625,0.62643055053608,0.13793103448275862,126.63636363636361
1698,10496,0.1125,0.746875,0.62643055053608,1.0,126.59999999999998
1699,13641,0.8625,0.90625,0.62643055053608,0.6206896551724137,126.49999999999999
1700,12487,0.6125,0.715625,0.6545717383447777,0.6206896551724137,126.49999999999999
1701,12173,0.375,0.715625,0.6545717383447777,0.6206896551724137,126.49999999999999
1702,13181,0.625,0.715625,0.6545717383447777,0.3448275862068966,126.49999999999999
1703,12842,0.625,0.79634375,0.9860498735092157,0.0,126.47814910025704
1704,12483,0.6125,0.69659375,0.7551740754126008,0.6896551724137931,126.42857142857142
1705,13233,0.625,0.7924375,0.9969883146608842,0.9655172413793103,126.42857142857142
1706,14031,0.875,0.9375,0.6996542585230695,0.48275862068965514,126.42857142857142
1707,12367,0.6125,0.8503437500000001,0.9739549451873267,0.9655172413793103,126.42857142857142
1708,12621,0.6125,0.903125,0.655524635586074,0.48275862068965514,126.42857142857142
1709,12039,0.375,0.903125,0.655524635586074,0.48275862068965514,126.42857142857142
1710,10351,0.1125,0.8503437500000001,0.9739549451873267,0.9655172413793103,126.42857142857142
1711,13176,0.625,0.715625,0.62643055053608,0.48275862068965514,126.42857142857142
1712,11026,0.125,0.903125,0.62643055053608,0.6896551724137931,126.42857142857142
1713,11031,0.125,0.903125,0.655524635586074,0.48275862068965514,126.42857142857142
1714,12090,0.375,0.833625,0.8749909649439825,1.0,126.33999999999997
1715,12828,0.6125,0.79634375,0.9860498735092157,1.0,126.29999999999998
1716,22246,0.12499999999999992,0.77128125,0.9860257800265027,0.27586206896551724,126.29999999999998
1717,11900,0.375,0.6875,0.7682568365257197,1.0,126.29999999999998
1718,12090,0.375,0.833625,0.8749909649439825,0.27586206896551724,126.28999999999998
1719,11476,0.3625,0.70125,0.7658836284784966,0.3448275862068966,126.24999999999999
1720,22896,0.12499999999999992,0.83690625,0.9940368630285508,1.0,126.19999999999997
1721,22238,0.3625,0.7837500000000001,0.9813155041561258,0.13793103448275862,126.18181818181816
1722,13921,0.875,0.7068125000000001,0.7915190940850501,0.3448275862068966,126.16666666666664
1723,12217,0.375,0.8514375,0.9854234429586796,1.0,126.09999999999998
1724,13035,0.625,0.929875,0.7440320443320082,1.0,126.07999999999998
1725,22387,0.8625,0.7713125,0.9860619202505723,0.27586206896551724,125.99999999999997
1726,13490,0.8625,0.692,0.7440320443320082,1.0,125.99999999999997
1727,11820,0.3625,0.79634375,0.9860498735092157,0.13793103448275862,125.90909090909089
1728,13507,0.8625,0.71875,0.62643055053608,0.13793103448275862,125.90909090909089
1729,23520,0.12499999999999992,0.79315625,0.9851222744247681,0.13793103448275862,125.8181818181818
1730,11221,0.125,0.7631875,0.9796651005902903,1.0,125.79999999999998
1731,10419,0.1125,0.8368125,0.9940850499939766,1.0,125.79999999999998
1732,14236,0.875,0.8294374999999998,0.9969883146608842,0.0,125.75835475578404
1733,10468,0.1125,0.70125,0.7658836284784966,0.6206896551724137,125.74999999999999
1734,13022,0.625,0.9375,0.6752463558607397,0.6206896551724137,125.74999999999999
1735,10477,0.1125,0.715625,0.62643055053608,0.48275862068965514,125.7142857142857
1736,11475,0.3625,0.69659375,0.7551740754126008,0.6896551724137931,125.7142857142857
1737,13442,0.8625,0.844125,0.9902300927599084,0.9655172413793103,125.7142857142857
1738,11213,0.125,0.82203125,0.9989157932779182,0.9655172413793103,125.7142857142857
1739,12573,0.6125,0.82659375,0.8773762197325623,0.9655172413793103,125.7142857142857
1740,13029,0.625,0.934375,0.7324515118660402,0.6896551724137931,125.7142857142857
1741,11613,0.3625,0.903125,0.655524635586074,0.48275862068965514,125.7142857142857
1742,14191,0.875,0.692,0.7440320443320082,1.0,125.69999999999997
1743,10623,0.1125,0.929875,0.7440320443320082,1.0,125.63999999999997
1744,14165,0.875,0.746875,0.62643055053608,1.0,125.59999999999998
1745,13938,0.875,0.6673125,0.7767256956993133,1.0,125.59999999999998
1746,14131,0.875,0.8023125,0.8788820624021202,0.0,125.58354755784059
1747,13453,0.8625,0.7631875,0.9796651005902903,0.3448275862068966,125.58333333333331
1748,11222,0.125,0.756,0.9729671123960967,0.0,125.55269922879175
1749,12481,0.6125,0.6875,0.7324515118660402,1.0,125.39999999999998
1750,13453,0.8625,0.7631875,0.9796651005902903,0.6206896551724137,125.33333333333331
1751,11159,0.125,0.71875,0.62643055053608,0.13793103448275862,125.18181818181816
1752,10533,0.1125,0.8023125,0.8788820624021202,0.0,125.17223650385601
1753,11079,0.125,0.8195625,0.8788820624021202,0.27586206896551724,125.11999999999998
1754,10415,0.1125,0.865875,0.9729671123960967,1.0,125.09999999999998
1755,10830,0.125,0.78125,0.9501746777496686,1.0,125.09999999999998
1756,13762,0.8625,0.7068125000000001,0.7915190940850501,0.3448275862068966,125.08333333333331
1757,13684,0.8625,0.934375,0.7682568365257197,1.0,125.06999999999998
1758,13238,0.625,0.756,0.9729671123960967,0.0,125.03856041131102
1759,22896,0.12499999999999992,0.83690625,0.9940368630285508,0.0,125.03856041131102
1760,12183,0.375,0.6875,0.7059462715335502,0.8275862068965517,124.99999999999999
1761,10461,0.1125,0.6875,0.7059462715335502,0.8275862068965517,124.99999999999999
1762,11469,0.3625,0.6875,0.7059462715335502,0.8275862068965517,124.99999999999999
1763,10611,0.1125,0.903125,0.62643055053608,0.8275862068965517,124.99999999999999
1764,12627,0.6125,0.903125,0.62643055053608,0.8275862068965517,124.99999999999999
1765,12034,0.375,0.903125,0.62643055053608,0.8275862068965517,124.99999999999999
1766,12021,0.375,0.934375,0.7324515118660402,0.8275862068965517,124.99999999999999
1767,11026,0.125,0.903125,0.62643055053608,0.8275862068965517,124.99999999999999
1768,11619,0.3625,0.903125,0.62643055053608,0.8275862068965517,124.99999999999999
1769,11207,0.125,0.865875,0.9729671123960967,0.9655172413793103,124.99999999999999
1770,13232,0.625,0.79984375,0.9989157932779182,0.9655172413793103,124.99999999999999
1771,13023,0.625,0.9375,0.6996542585230695,0.48275862068965514,124.99999999999999
1772,12627,0.6125,0.903125,0.62643055053608,0.6896551724137931,124.99999999999999
1773,22387,0.8625,0.7713125,0.9860619202505723,0.9655172413793103,124.99999999999999
1774,11169,0.125,0.69659375,0.7551740754126008,0.6896551724137931,124.99999999999999
1775,22373,0.8625,0.7837500000000001,0.9813155041561258,0.9655172413793103,124.99999999999999
1776,12014,0.375,0.9375,0.6752463558607397,0.9655172413793103,124.99999999999999
1777,13485,0.8625,0.6875,0.7059462715335502,0.6896551724137931,124.99999999999999
1778,12638,0.6125,0.9252812499999999,0.7551740754126008,0.13793103448275862,124.99999999999999
1779,12499,0.6125,0.71875,0.62643055053608,1.0,124.99999999999997
1780,10421,0.1125,0.82203125,0.9989157932779182,1.0,124.99999999999997
1781,13762,0.8625,0.7068125000000001,0.7915190940850501,0.0,124.93573264781489
1782,12062,0.375,0.8508437499999999,0.8653776653415252,1.0,124.85999999999997
1783,12178,0.375,0.70125,0.7658836284784966,0.6206896551724137,124.83333333333331
1784,12179,0.375,0.706,0.7761354053728465,1.0,124.79999999999998
1785,11905,0.375,0.7068125000000001,0.7915190940850501,0.0,124.7300771208226
1786,23689,0.8625,0.7931874999999999,0.9972292494880134,1.0,124.69999999999997
1787,11438,0.3625,0.756,0.9729671123960967,0.0,124.62724935732645
1788,13762,0.8625,0.7068125000000001,0.7915190940850501,0.13793103448275862,124.59090909090907
1789,12167,0.375,0.71875,0.62643055053608,0.27586206896551724,124.53999999999998
1790,12574,0.6125,0.833625,0.8749909649439825,0.27586206896551724,124.51999999999998
1791,13502,0.8625,0.71875,0.7718949524153716,0.13793103448275862,124.45454545454544
1792,12754,0.6125,0.7068125000000001,0.7915190940850501,0.0,124.42159383033416
1793,11479,0.3625,0.715625,0.6545717383447777,0.6206896551724137,124.41666666666664
1794,14054,0.875,0.903125,0.6846187206360679,1.0,124.37999999999998
1795,12645,0.6125,0.9375,0.6996542585230695,0.8275862068965517,124.37499999999999
1796,12028,0.375,0.90625,0.6545717383447777,1.0,124.36999999999998
1797,10630,0.1125,0.9375,0.6752463558607397,0.13793103448275862,124.36363636363635
1798,11222,0.125,0.756,0.9729671123960967,0.13793103448275862,124.36363636363635
1799,13654,0.8625,0.9375,0.6752463558607397,0.6206896551724137,124.33333333333331
1800,23035,0.8625,0.8369375,0.9940127695458378,0.0,124.31876606683802
1801,13488,0.8625,0.6875,0.62643055053608,1.0,124.29999999999998
1802,11835,0.375,0.8028437499999999,0.9873750150584266,1.0,124.29999999999998
1803,12645,0.6125,0.9375,0.6996542585230695,0.48275862068965514,124.28571428571426
1804,14184,0.875,0.715625,0.62643055053608,0.48275862068965514,124.28571428571426
1805,10826,0.125,0.79634375,0.9860498735092157,0.9655172413793103,124.28571428571426
1806,12015,0.375,0.9375,0.6996542585230695,0.48275862068965514,124.28571428571426
1807,11619,0.3625,0.903125,0.62643055053608,0.6896551724137931,124.28571428571426
1808,13186,0.625,0.70125,0.7658836284784966,0.6206896551724137,124.24999999999999
1809,12913,0.625,0.7068125000000001,0.7915190940850501,0.0,124.21593830334187
1810,12633,0.6125,0.90625,0.62643055053608,0.3448275862068966,124.16666666666664
1811,13580,0.8625,0.8195625,0.8788820624021202,0.27586206896551724,124.14999999999998
1812,10630,0.1125,0.9375,0.6752463558607397,1.0,124.09999999999998
1813,17823,0.625,0.92440625,0.8635586073966991,1.0,124.09999999999998
1814,24333,0.625,0.8275,0.9975906517287073,1.0,124.09999999999998
1815,23542,0.3625,0.805625,0.9997470184315143,1.0,124.09999999999998
1816,12484,0.6125,0.70125,0.7658836284784966,0.6206896551724137,124.08333333333331
1817,12754,0.6125,0.7068125000000001,0.7915190940850501,0.13793103448275862,124.05454545454543
1818,10420,0.1125,0.8294374999999998,0.9969883146608842,0.0,124.0102827763496
1819,11746,0.3625,0.7068125000000001,0.7915190940850501,0.0,124.0102827763496
1820,14189,0.875,0.715625,0.6545717383447777,0.3448275862068966,123.99999999999999
1821,11025,0.125,0.90625,0.62643055053608,0.3448275862068966,123.99999999999999
1822,10533,0.1125,0.8023125,0.8788820624021202,0.13793103448275862,123.99999999999999
1823,14131,0.875,0.8023125,0.8788820624021202,0.13793103448275862,123.99999999999999
1824,10617,0.1125,0.90625,0.62643055053608,0.13793103448275862,123.99999999999999
1825,12115,0.375,0.8023125,0.8788820624021202,0.13793103448275862,123.99999999999999
1826,11630,0.3625,0.9252812499999999,0.7551740754126008,0.13793103448275862,123.99999999999999
1827,11210,0.125,0.844125,0.9902300927599084,0.13793103448275862,123.90909090909089
1828,12549,0.6125,0.8023125,0.8788820624021202,0.13793103448275862,123.90909090909089
1829,13361,0.8625,0.82128125,0.9870015660763762,0.0,123.90745501285345
1830,10892,0.125,0.6875,0.7682568365257197,1.0,123.89999999999998
1831,13646,0.8625,0.9252812499999999,0.7551740754126008,0.13793103448275862,123.8181818181818
1832,11345,0.3625,0.82128125,0.9870015660763762,0.0,123.80462724935731
1833,14183,0.875,0.71875,0.62643055053608,0.13793103448275862,123.7272727272727
1834,13034,0.625,0.9252812499999999,0.7551740754126008,0.13793103448275862,123.7272727272727
1835,12572,0.6125,0.8195625,0.8788820624021202,1.0,123.72199999999998
1836,11746,0.3625,0.7068125000000001,0.7915190940850501,0.13793103448275862,123.69999999999997
1837,11477,0.3625,0.706,0.7761354053728465,1.0,123.69999999999997
1838,14183,0.875,0.71875,0.62643055053608,1.0,123.69999999999997
1839,13184,0.625,0.6875,0.7324515118660402,1.0,123.69999999999997
1840,23656,0.625,0.805625,0.9877002770750511,0.3448275862068966,123.66666666666664
1841,13022,0.625,0.9375,0.6752463558607397,0.3448275862068966,123.66666666666664
1842,13175,0.625,0.71875,0.62643055053608,0.13793103448275862,123.63636363636361
1843,13377,0.8625,0.8634375000000001,0.9629442235875195,0.27586206896551724,123.59999999999998
1844,13314,0.625,0.82128125,0.9870015660763762,0.0,123.59897172236502
1845,13653,0.8625,0.9375,0.6996542585230695,0.48275862068965514,123.57142857142856
1846,10420,0.1125,0.8294374999999998,0.9969883146608842,0.9655172413793103,123.57142857142856
1847,13228,0.625,0.8294374999999998,0.9969883146608842,0.9655172413793103,123.57142857142856
1848,11476,0.3625,0.70125,0.7658836284784966,0.6206896551724137,123.49999999999999
1849,12033,0.375,0.90625,0.62643055053608,0.3448275862068966,123.49999999999999
1850,13181,0.625,0.715625,0.6545717383447777,0.6206896551724137,123.49999999999999
1851,11625,0.3625,0.90625,0.62643055053608,0.3448275862068966,123.49999999999999
1852,13921,0.875,0.7068125000000001,0.7915190940850501,0.6206896551724137,123.41666666666664
1853,23534,0.3625,0.805625,0.9877002770750511,0.3448275862068966,123.41666666666664
1854,10738,0.1125,0.7068125000000001,0.7915190940850501,0.0,123.39331619537273
1855,11491,0.3625,0.71875,0.62643055053608,0.13793103448275862,123.36363636363635
1856,12842,0.625,0.79634375,0.9860498735092157,0.13793103448275862,123.36363636363635
1857,13036,0.625,0.90625,0.6545717383447777,1.0,123.33999999999997
1858,14030,0.875,0.9375,0.6752463558607397,0.6206896551724137,123.33333333333331
1859,12913,0.625,0.7068125000000001,0.7915190940850501,0.13793103448275862,123.32727272727271
1860,11814,0.3625,0.78125,0.9501746777496686,0.27586206896551724,123.29999999999998
1861,14200,0.875,0.6875,0.62643055053608,0.27586206896551724,123.29999999999998
1862,14237,0.875,0.82203125,0.9989157932779182,1.0,123.29999999999998
1863,10630,0.1125,0.9375,0.6752463558607397,0.0,123.29048843187658
1864,12026,0.375,0.9252812499999999,0.7551740754126008,0.13793103448275862,123.27272727272725
1865,23689,0.8625,0.7931874999999999,0.9972292494880134,0.0,123.18766066838045
1866,11298,0.125,0.82128125,0.9870015660763762,0.0,123.18766066838045
1867,10478,0.1125,0.71875,0.7718949524153716,0.13793103448275862,123.18181818181816
1868,11427,0.3625,0.8368125,0.9940850499939766,0.13793103448275862,123.12727272727271
1869,24335,0.8625,0.8275,0.9975906517287073,0.8275862068965517,123.12499999999999
1870,14031,0.875,0.9375,0.6996542585230695,0.8275862068965517,123.12499999999999
1871,10622,0.1125,0.9252812499999999,0.7551740754126008,0.13793103448275862,123.09090909090907
1872,11018,0.125,0.9252812499999999,0.7551740754126008,0.13793103448275862,123.09090909090907
1873,23656,0.625,0.805625,0.9877002770750511,0.6206896551724137,123.08333333333331
1874,12149,0.375,0.746875,0.62643055053608,0.27586206896551724,123.03999999999998
1875,10471,0.1125,0.715625,0.6545717383447777,0.6206896551724137,122.99999999999999
1876,13238,0.625,0.756,0.9729671123960967,0.13793103448275862,122.99999999999999
1877,12014,0.375,0.9375,0.6752463558607397,0.13793103448275862,122.99999999999999
1878,10465,0.1125,0.6875,0.7324515118660402,1.0,122.99999999999997
1879,12548,0.6125,0.79528125,0.8773762197325623,1.0,122.95999999999998
1880,21077,0.8625,0.7618750000000001,0.9661366100469823,0.6206896551724137,122.91666666666664
1881,10738,0.1125,0.7068125000000001,0.7915190940850501,0.13793103448275862,122.90909090909089
1882,23520,0.12499999999999992,0.79315625,0.9851222744247681,1.0,122.89999999999998
1883,10617,0.1125,0.90625,0.62643055053608,0.9655172413793103,122.85714285714285
1884,22891,0.3625,0.83378125,0.9953860980604745,0.9655172413793103,122.85714285714285
1885,13501,0.8625,0.715625,0.62643055053608,0.48275862068965514,122.85714285714285
1886,14030,0.875,0.9375,0.6752463558607397,0.9655172413793103,122.85714285714285
1887,12292,0.375,0.8503437500000001,0.9739549451873267,0.9655172413793103,122.85714285714285
1888,22238,0.3625,0.7837500000000001,0.9813155041561258,0.9655172413793103,122.85714285714285
1889,12114,0.375,0.79528125,0.8773762197325623,1.0,122.83999999999997
1890,23535,0.3625,0.7931874999999999,0.9851343211661244,0.13793103448275862,122.8181818181818
1891,11564,0.3625,0.8195625,0.8788820624021202,0.0,122.81748071979432
1892,13097,0.625,0.82659375,0.8773762197325623,0.6206896551724137,122.74999999999999
1893,11211,0.125,0.8368125,0.9940850499939766,0.13793103448275862,122.7272727272727
1894,14130,0.875,0.79528125,0.8773762197325623,0.0,122.71465295629818
1895,13937,0.875,0.66328125,0.762462353933261,1.0,122.69999999999997
1896,13095,0.625,0.8195625,0.8788820624021202,0.0,122.69408740359894
1897,10853,0.125,0.7584375,0.9629442235875195,0.0,122.67352185089972
1898,13495,0.8625,0.715625,0.6545717383447777,0.3448275862068966,122.66666666666664
1899,14236,0.875,0.8294374999999998,0.9969883146608842,0.13793103448275862,122.63636363636361
1900,20916,0.125,0.7618750000000001,0.9661366100469823,0.3448275862068966,122.58333333333331
1901,11082,0.125,0.833625,0.8749909649439825,1.0,122.55999999999997
1902,10853,0.125,0.7584375,0.9629442235875195,0.13793103448275862,122.54545454545452
1903,10532,0.1125,0.79528125,0.8773762197325623,0.0,122.53984575835473
1904,13041,0.625,0.90625,0.62643055053608,0.3448275862068966,122.49999999999999
1905,23534,0.3625,0.805625,0.9877002770750511,0.6206896551724137,122.49999999999999
1906,11165,0.125,0.715625,0.6545717383447777,0.3448275862068966,122.49999999999999
1907,13444,0.8625,0.8294374999999998,0.9969883146608842,1.0,122.49999999999997
1908,13123,0.625,0.8023125,0.8788820624021202,0.27586206896551724,122.38999999999997
1909,23540,0.12499999999999992,0.79315625,0.9972172027466569,0.0,122.36503856041129
1910,14042,0.875,0.9252812499999999,0.7551740754126008,0.13793103448275862,122.36363636363635
1911,11438,0.3625,0.756,0.9729671123960967,0.13793103448275862,122.36363636363635
1912,13836,0.8625,0.79634375,0.9860498735092157,0.0,122.26221079691514
1913,12434,0.6125,0.844125,0.9902300927599084,0.0,122.26221079691514
1914,10556,0.1125,0.8195625,0.8788820624021202,0.6206896551724137,122.24999999999999
1915,11020,0.125,0.90625,0.6545717383447777,1.0,122.19999999999997
1916,14182,0.875,0.71875,0.7718949524153716,0.13793103448275862,122.18181818181816
1917,11486,0.3625,0.71875,0.7718949524153716,0.3448275862068966,122.16666666666664
1918,13641,0.8625,0.90625,0.62643055053608,0.3448275862068966,122.16666666666664
1919,11541,0.3625,0.8023125,0.8788820624021202,0.27586206896551724,122.14999999999998
1920,12639,0.6125,0.929875,0.7440320443320082,1.0,122.14999999999998
1921,24263,0.6125,0.8275,0.9975906517287073,0.6896551724137931,122.14285714285712
1922,11013,0.125,0.934375,0.7324515118660402,0.6896551724137931,122.14285714285712
1923,23656,0.625,0.805625,0.9877002770750511,0.9655172413793103,122.14285714285712
1924,11637,0.3625,0.9375,0.6996542585230695,0.48275862068965514,122.14285714285712
1925,10467,0.1125,0.69659375,0.7551740754126008,0.6896551724137931,122.14285714285712
1926,21744,0.8625,0.8712500000000001,0.9673292374412721,0.9655172413793103,122.14285714285712
1927,11160,0.125,0.715625,0.62643055053608,0.48275862068965514,122.14285714285712
1928,13762,0.8625,0.7068125000000001,0.7915190940850501,0.6206896551724137,122.08333333333331
1929,11631,0.3625,0.929875,0.7440320443320082,1.0,122.05999999999997
1930,13097,0.625,0.82659375,0.8773762197325623,0.3448275862068966,121.99999999999999
1931,13361,0.8625,0.82128125,0.9870015660763762,0.13793103448275862,121.99999999999999
1932,12512,0.6125,0.746875,0.62643055053608,1.0,121.99999999999997
1933,12218,0.375,0.844125,0.9902300927599084,0.0,121.95372750642672
1934,22246,0.12499999999999992,0.77128125,0.9860257800265027,0.0,121.95372750642672
1935,10830,0.125,0.78125,0.9501746777496686,0.0,121.95372750642672
1936,13454,0.8625,0.756,0.9729671123960967,0.0,121.95372750642672
1937,14130,0.875,0.79528125,0.8773762197325623,1.0,121.92999999999998
1938,11565,0.3625,0.82659375,0.8773762197325623,0.6206896551724137,121.91666666666664
1939,12760,0.6125,0.6875,0.7682568365257197,1.0,121.79999999999998
1940,13314,0.625,0.82128125,0.9870015660763762,0.13793103448275862,121.7272727272727
1941,11212,0.125,0.8294374999999998,0.9969883146608842,0.27586206896551724,121.69999999999997
1942,12639,0.6125,0.929875,0.7440320443320082,0.27586206896551724,121.69999999999997
1943,10826,0.125,0.79634375,0.9860498735092157,0.0,121.64524421593828
1944,12224,0.375,0.79984375,0.9989157932779182,0.3448275862068966,121.58333333333331
1945,22387,0.8625,0.7713125,0.9860619202505723,0.0,121.54241645244214
1946,12028,0.375,0.90625,0.6545717383447777,0.27586206896551724,121.49999999999997
1947,12230,0.375,0.756,0.9729671123960967,0.27586206896551724,121.49999999999997
1948,13921,0.875,0.7068125000000001,0.7915190940850501,0.9655172413793103,121.42857142857142
1949,14049,0.875,0.90625,0.62643055053608,0.9655172413793103,121.42857142857142
1950,10627,0.1125,0.934375,0.7324515118660402,0.6896551724137931,121.42857142857142
1951,21591,0.3625,0.8588125,0.9671967232863511,0.9655172413793103,121.42857142857142
1952,14245,0.875,0.7631875,0.9796651005902903,0.9655172413793103,121.42857142857142
1953,22872,0.3625,0.849375,0.9746536561860017,0.9655172413793103,121.42857142857142
1954,13654,0.8625,0.9375,0.6752463558607397,0.3448275862068966,121.41666666666664
1955,10556,0.1125,0.8195625,0.8788820624021202,0.3448275862068966,121.41666666666664
1956,11345,0.3625,0.82128125,0.9870015660763762,0.13793103448275862,121.36363636363635
1957,11361,0.3625,0.8634375000000001,0.9629442235875195,0.0,121.33676092544985
1958,10858,0.125,0.75,0.9248042404529574,0.0,121.33676092544985
1959,13174,0.625,0.71875,0.7718949524153716,0.3448275862068966,121.33333333333331
1960,11566,0.3625,0.833625,0.8749909649439825,1.0,121.31999999999998
1961,12446,0.6125,0.756,0.9729671123960967,0.27586206896551724,121.29999999999998
1962,24263,0.6125,0.8275,0.9975906517287073,0.8275862068965517,121.24999999999999
1963,10496,0.1125,0.746875,0.62643055053608,0.27586206896551724,121.23999999999998
1964,11286,0.125,0.8634375000000001,0.9629442235875195,0.27586206896551724,121.19999999999997
1965,14237,0.875,0.82203125,0.9989157932779182,0.27586206896551724,121.19999999999997
1966,11565,0.3625,0.82659375,0.8773762197325623,0.3448275862068966,121.16666666666664
1967,13227,0.625,0.8368125,0.9940850499939766,0.13793103448275862,121.1090909090909
1968,12167,0.375,0.71875,0.62643055053608,0.13793103448275862,121.09090909090907
1969,10830,0.125,0.78125,0.9501746777496686,0.13793103448275862,121.09090909090907
1970,13098,0.625,0.833625,0.8749909649439825,1.0,121.07999999999998
1971,12292,0.375,0.8503437500000001,0.9739549451873267,1.0,121.07999999999998
1972,20916,0.125,0.7618750000000001,0.9661366100469823,0.6206896551724137,120.99999999999999
1973,12014,0.375,0.9375,0.6752463558607397,0.6206896551724137,120.99999999999999
1974,12230,0.375,0.756,0.9729671123960967,1.0,120.99999999999997
1975,12149,0.375,0.746875,0.62643055053608,1.0,120.99999999999997
1976,12632,0.6125,0.90625,0.6545717383447777,1.0,120.93999999999998
1977,14189,0.875,0.715625,0.6545717383447777,0.6206896551724137,120.91666666666664
1978,13806,0.8625,0.7584375,0.9629442235875195,0.0,120.82262210796912
1979,23664,0.625,0.79315625,0.9851222744247681,0.13793103448275862,120.8181818181818
1980,13836,0.8625,0.79634375,0.9860498735092157,0.13793103448275862,120.8181818181818
1981,12224,0.375,0.79984375,0.9989157932779182,0.6206896551724137,120.74999999999999
1982,13830,0.8625,0.78125,0.9501746777496686,0.0,120.7300771208226
1983,12493,0.6125,0.715625,0.62643055053608,0.0,120.7300771208226
1984,11298,0.125,0.82128125,0.9870015660763762,0.13793103448275862,120.7272727272727
1985,12646,0.6125,0.9375,0.6752463558607397,0.9655172413793103,120.7142857142857
1986,12441,0.6125,0.7924375,0.9969883146608842,0.9655172413793103,120.7142857142857
1987,12173,0.375,0.715625,0.6545717383447777,0.9655172413793103,120.7142857142857
1988,13035,0.625,0.929875,0.7440320443320082,0.27586206896551724,120.69999999999997
1989,24259,0.375,0.8275,0.9975906517287073,1.0,120.69999999999997
1990,12176,0.375,0.6875,0.7324515118660402,1.0,120.69999999999997
1991,13036,0.625,0.90625,0.6545717383447777,0.27586206896551724,120.69999999999997
1992,14309,0.875,0.85690625,0.96883508011083,0.0,120.5141388174807
1993,13439,0.8625,0.865875,0.9729671123960967,0.0,120.5141388174807
1994,12632,0.6125,0.90625,0.6545717383447777,0.27586206896551724,120.49999999999997
1995,11473,0.3625,0.6875,0.7324515118660402,1.0,120.49999999999997
1996,12548,0.6125,0.79528125,0.8773762197325623,0.0,120.42159383033417
1997,12440,0.6125,0.79984375,0.9989157932779182,0.3448275862068966,120.41666666666664
1998,14195,0.875,0.706,0.7761354053728465,0.0,120.41131105398455
1999,12114,0.375,0.79528125,0.8773762197325623,0.0,120.39074550128532
2000,14195,0.875,0.706,0.7761354053728465,0.13793103448275862,120.36363636363635
2001,11631,0.3625,0.929875,0.7440320443320082,0.27586206896551724,120.29999999999998
2002,13806,0.8625,0.7584375,0.9629442235875195,0.13793103448275862,120.27272727272725
2003,10483,0.1125,0.71875,0.62643055053608,0.13793103448275862,120.27272727272725
2004,14165,0.875,0.746875,0.62643055053608,0.27586206896551724,120.23999999999998
2005,10897,0.125,0.7068125000000001,0.7915190940850501,0.0,120.20565552699226
2006,13390,0.8625,0.8883125,0.9325864353692326,1.0,120.19999999999997
2007,14030,0.875,0.9375,0.6752463558607397,0.3448275862068966,120.16666666666664
2008,11221,0.125,0.7631875,0.9796651005902903,0.3448275862068966,120.16666666666664
2009,10421,0.1125,0.82203125,0.9989157932779182,0.27586206896551724,120.09999999999998
2010,11752,0.3625,0.6875,0.7682568365257197,1.0,120.09999999999998
2011,14309,0.875,0.85690625,0.96883508011083,0.8275862068965517,119.99999999999999
2012,14199,0.875,0.6875,0.7059462715335502,0.6896551724137931,119.99999999999999
2013,12087,0.375,0.8195625,0.8788820624021202,0.9655172413793103,119.99999999999999
2014,13762,0.8625,0.7068125000000001,0.7915190940850501,0.9655172413793103,119.99999999999999
2015,12440,0.6125,0.79984375,0.9989157932779182,0.6206896551724137,119.99999999999999
2016,10630,0.1125,0.9375,0.6752463558607397,0.6206896551724137,119.91666666666664
2017,13390,0.8625,0.8883125,0.9325864353692326,0.27586206896551724,119.89999999999998
2018,11486,0.3625,0.71875,0.7718949524153716,0.27586206896551724,119.84999999999998
2019,10420,0.1125,0.8294374999999998,0.9969883146608842,0.13793103448275862,119.8181818181818
2020,12064,0.375,0.8579062499999999,0.8598602578002649,1.0,119.80999999999997
2021,11624,0.3625,0.90625,0.6545717383447777,0.27586206896551724,119.79999999999998
2022,12869,0.625,0.7584375,0.9629442235875195,1.0,119.79999999999998
2023,22949,0.6125,0.849375,0.9746536561860017,1.0,119.79999999999998
2024,11423,0.3625,0.865875,0.9729671123960967,0.0,119.79434447300768
2025,12493,0.6125,0.715625,0.62643055053608,0.27586206896551724,119.77999999999997
2026,12166,0.375,0.71875,0.7718949524153716,0.3448275862068966,119.74999999999999
2027,12828,0.6125,0.79634375,0.9860498735092157,0.0,119.69151670951155
2028,13098,0.625,0.833625,0.8749909649439825,0.27586206896551724,119.64999999999998
2029,13302,0.625,0.8634375000000001,0.9629442235875195,0.0,119.5886889460154
2030,11221,0.125,0.7631875,0.9796651005902903,0.6206896551724137,119.58333333333331
2031,10558,0.1125,0.833625,0.8749909649439825,0.13793103448275862,119.56363636363635
2032,11204,0.125,0.8870625000000001,0.9472834598241175,1.0,119.49999999999997
2033,13647,0.8625,0.929875,0.7440320443320082,0.27586206896551724,119.49999999999997
2034,13557,0.8625,0.8023125,0.8788820624021202,0.27586206896551724,119.48999999999998
2035,23008,0.625,0.849375,0.9746536561860017,0.27586206896551724,119.39999999999998
2036,13802,0.8625,0.75,0.9248042404529574,0.0,119.3830334190231
2037,13454,0.8625,0.756,0.9729671123960967,0.13793103448275862,119.36363636363635
2038,24194,0.125,0.8275,0.9975906517287073,0.3448275862068966,119.33333333333331
2039,14106,0.875,0.833625,0.8749909649439825,0.13793103448275862,119.29999999999998
2040,12027,0.375,0.929875,0.7440320443320082,0.27586206896551724,119.29999999999998
2041,23022,0.8625,0.8369375,0.9818817009998795,0.9655172413793103,119.28571428571426
2042,12487,0.6125,0.715625,0.6545717383447777,0.9655172413793103,119.28571428571426
2043,13581,0.8625,0.82659375,0.8773762197325623,0.9655172413793103,119.28571428571426
2044,11426,0.3625,0.844125,0.9902300927599084,0.9655172413793103,119.28571428571426
2045,10556,0.1125,0.8195625,0.8788820624021202,0.9655172413793103,119.28571428571426
2046,22949,0.6125,0.849375,0.9746536561860017,0.9655172413793103,119.28571428571426
2047,13226,0.625,0.844125,0.9902300927599084,0.9655172413793103,119.28571428571426
2048,14049,0.875,0.90625,0.62643055053608,0.6206896551724137,119.24999999999999
2049,11159,0.125,0.71875,0.62643055053608,0.3448275862068966,119.24999999999999
2050,12294,0.375,0.8634375000000001,0.9629442235875195,1.0,119.19999999999997
2051,21096,0.8625,0.7618750000000001,0.9785086134200698,0.13793103448275862,119.18181818181816
2052,11107,0.125,0.8023125,0.8788820624021202,0.27586206896551724,119.16999999999997
2053,11165,0.125,0.715625,0.6545717383447777,0.6206896551724137,119.16666666666664
2054,13095,0.625,0.8195625,0.8788820624021202,1.0,119.11999999999998
2055,20958,0.3625,0.7618750000000001,0.9785086134200698,1.0,119.09999999999998
2056,12869,0.625,0.7584375,0.9629442235875195,0.27586206896551724,119.09999999999998
2057,22964,0.375,0.849375,0.9868931454041681,1.0,119.09999999999998
2058,12499,0.6125,0.71875,0.62643055053608,0.13793103448275862,119.09090909090907
2059,11081,0.125,0.82659375,0.8773762197325623,0.6206896551724137,119.08333333333331
2060,11834,0.375,0.79634375,0.9860498735092157,0.0,119.07455012853468
2061,10352,0.1125,0.85690625,0.96883508011083,0.0,119.07455012853468
2062,11486,0.3625,0.71875,0.7718949524153716,0.6206896551724137,118.99999999999999
2063,12306,0.375,0.82128125,0.9870015660763762,0.3448275862068966,118.99999999999999
2064,12572,0.6125,0.8195625,0.8788820624021202,0.6206896551724137,118.99999999999999
2065,20949,0.125,0.7618750000000001,0.9785086134200698,0.13793103448275862,118.99999999999999
2066,13582,0.8625,0.833625,0.8749909649439825,1.0,118.99999999999997
2067,13444,0.8625,0.8294374999999998,0.9969883146608842,0.27586206896551724,118.99999999999997
2068,23617,0.6125,0.7931874999999999,0.9972292494880134,0.27586206896551724,118.99999999999997
2069,12306,0.375,0.82128125,0.9870015660763762,0.6206896551724137,118.91666666666664
2070,13495,0.8625,0.715625,0.6545717383447777,0.6206896551724137,118.91666666666664
2071,10826,0.125,0.79634375,0.9860498735092157,0.13793103448275862,118.90909090909089
2072,14103,0.875,0.8195625,0.8788820624021202,0.6206896551724137,118.89999999999998
2073,14043,0.875,0.929875,0.7440320443320082,0.27586206896551724,118.89999999999998
2074,13605,0.8625,0.8508437499999999,0.8653776653415252,1.0,118.88999999999997
2075,12087,0.375,0.8195625,0.8788820624021202,0.6206896551724137,118.83333333333331
2076,12494,0.6125,0.71875,0.7718949524153716,0.3448275862068966,118.83333333333331
2077,11361,0.3625,0.8634375000000001,0.9629442235875195,0.13793103448275862,118.8181818181818
2078,24259,0.375,0.8275,0.9975906517287073,0.0,118.76606683804626
2079,13830,0.8625,0.78125,0.9501746777496686,0.13793103448275862,118.76363636363634
2080,13485,0.8625,0.6875,0.7059462715335502,0.8275862068965517,118.74999999999999
2081,13185,0.625,0.69659375,0.7551740754126008,0.8275862068965517,118.74999999999999
2082,12483,0.6125,0.69659375,0.7551740754126008,0.8275862068965517,118.74999999999999
2083,12177,0.375,0.69659375,0.7551740754126008,0.8275862068965517,118.74999999999999
2084,11175,0.125,0.6875,0.7059462715335502,0.8275862068965517,118.74999999999999
2085,11475,0.3625,0.69659375,0.7551740754126008,0.8275862068965517,118.74999999999999
2086,13029,0.625,0.934375,0.7324515118660402,0.8275862068965517,118.74999999999999
2087,24194,0.125,0.8275,0.9975906517287073,0.6206896551724137,118.74999999999999
2088,10623,0.1125,0.929875,0.7440320443320082,0.27586206896551724,118.69999999999997
2089,11019,0.125,0.929875,0.7440320443320082,0.27586206896551724,118.69999999999997
2090,22373,0.8625,0.7837500000000001,0.9813155041561258,0.6206896551724137,118.66666666666664
2091,12028,0.375,0.90625,0.6545717383447777,0.0,118.6632390745501
2092,11216,0.125,0.79984375,0.9989157932779182,0.0,118.6632390745501
2093,10331,0.1125,0.8189062500000001,0.8910372244307915,1.0,118.63999999999997
2094,11617,0.3625,0.903125,0.7718949524153716,0.27586206896551724,118.59999999999998
2095,10415,0.1125,0.865875,0.9729671123960967,0.27586206896551724,118.59999999999998
2096,13186,0.625,0.70125,0.7658836284784966,0.9655172413793103,118.57142857142856
2097,24194,0.125,0.8275,0.9975906517287073,0.9655172413793103,118.57142857142856
2098,21096,0.8625,0.7618750000000001,0.9785086134200698,0.9655172413793103,118.57142857142856
2099,11479,0.3625,0.715625,0.6545717383447777,0.9655172413793103,118.57142857142856
2100,11565,0.3625,0.82659375,0.8773762197325623,0.9655172413793103,118.57142857142856
2101,11345,0.3625,0.82128125,0.9870015660763762,0.9655172413793103,118.57142857142856
2102,11286,0.125,0.8634375000000001,0.9629442235875195,0.9655172413793103,118.57142857142856
2103,13097,0.625,0.82659375,0.8773762197325623,0.9655172413793103,118.57142857142856
2104,12874,0.625,0.75,0.9248042404529574,0.0,118.57069408740358
2105,23689,0.8625,0.7931874999999999,0.9972292494880134,0.13793103448275862,118.54545454545453
2106,12494,0.6125,0.71875,0.7718949524153716,0.27586206896551724,118.52999999999997
2107,11081,0.125,0.82659375,0.8773762197325623,0.3448275862068966,118.49999999999999
2108,23512,0.125,0.805625,0.9877002770750511,0.3448275862068966,118.49999999999999
2109,13806,0.8625,0.7584375,0.9629442235875195,0.3448275862068966,118.41666666666664
2110,12014,0.375,0.9375,0.6752463558607397,0.3448275862068966,118.41666666666664
2111,10738,0.1125,0.7068125000000001,0.7915190940850501,0.3448275862068966,118.41666666666664
2112,12435,0.6125,0.8368125,0.9940850499939766,0.27586206896551724,118.39999999999998
2113,12632,0.6125,0.90625,0.6545717383447777,0.0,118.35475578406168
2114,11207,0.125,0.865875,0.9729671123960967,0.0,118.35475578406168
2115,14103,0.875,0.8195625,0.8788820624021202,0.3448275862068966,118.34166666666665
2116,12828,0.6125,0.79634375,0.9860498735092157,0.13793103448275862,118.27272727272725
2117,10858,0.125,0.75,0.9248042404529574,0.13793103448275862,118.27272727272725
2118,13174,0.625,0.71875,0.7718949524153716,0.6206896551724137,118.16666666666664
2119,22216,0.12499999999999996,0.7837500000000001,0.9813155041561258,0.3448275862068966,118.16666666666664
2120,12353,0.6125,0.82128125,0.9870015660763762,0.6206896551724137,118.16666666666664
2121,11158,0.125,0.71875,0.7718949524153716,0.3448275862068966,118.16666666666664
2122,13448,0.8625,0.79984375,0.9989157932779182,0.0,118.14910025706939
2123,10629,0.1125,0.9375,0.6996542585230695,0.8275862068965517,118.12499999999999
2124,13581,0.8625,0.82659375,0.8773762197325623,0.6206896551724137,118.08333333333331
2125,12353,0.6125,0.82128125,0.9870015660763762,0.3448275862068966,118.08333333333331
2126,13223,0.625,0.865875,0.9729671123960967,0.0,118.04627249357324
2127,10630,0.1125,0.9375,0.6752463558607397,0.3448275862068966,117.99999999999999
2128,13640,0.8625,0.90625,0.6545717383447777,1.0,117.99999999999997
2129,12574,0.6125,0.833625,0.8749909649439825,0.13793103448275862,117.98181818181816
2130,14047,0.875,0.90625,0.7389965064450066,1.0,117.97999999999998
2131,13095,0.625,0.8195625,0.8788820624021202,0.13793103448275862,117.94545454545452
2132,13036,0.625,0.90625,0.6545717383447777,0.0,117.9434447300771
2133,23512,0.125,0.805625,0.9877002770750511,0.6206896551724137,117.91666666666664
2134,22373,0.8625,0.7837500000000001,0.9813155041561258,0.3448275862068966,117.91666666666664
2135,12572,0.6125,0.8195625,0.8788820624021202,0.3448275862068966,117.91666666666664
2136,12843,0.625,0.8028437499999999,0.9873750150584266,1.0,117.89999999999998
2137,14234,0.875,0.844125,0.9902300927599084,0.27586206896551724,117.89999999999998
2138,12090,0.375,0.833625,0.8749909649439825,0.13793103448275862,117.88181818181816
2139,21648,0.375,0.85878125,0.9672328635104203,0.9655172413793103,117.85714285714285
2140,11006,0.125,0.9375,0.6752463558607397,0.9655172413793103,117.85714285714285
2141,12484,0.6125,0.70125,0.7658836284784966,0.9655172413793103,117.85714285714285
2142,13377,0.8625,0.8634375000000001,0.9629442235875195,0.9655172413793103,117.85714285714285
2143,13022,0.625,0.9375,0.6752463558607397,0.9655172413793103,117.85714285714285
2144,13361,0.8625,0.82128125,0.9870015660763762,0.9655172413793103,117.85714285714285
2145,11170,0.125,0.70125,0.7658836284784966,0.9655172413793103,117.85714285714285
2146,11564,0.3625,0.8195625,0.8788820624021202,0.13793103448275862,117.85454545454543
2147,13493,0.8625,0.706,0.7761354053728465,0.0,117.84061696658095
2148,11106,0.125,0.79528125,0.8773762197325623,1.0,117.83999999999997
2149,23669,0.8625,0.805625,0.9877002770750511,0.3448275862068966,117.83333333333331
2150,13502,0.8625,0.71875,0.7718949524153716,0.3448275862068966,117.83333333333331
2151,12087,0.375,0.8195625,0.8788820624021202,0.3448275862068966,117.83333333333331
2152,13043,0.625,0.903125,0.7718949524153716,0.27586206896551724,117.79999999999998
2153,11790,0.3625,0.7584375,0.9629442235875195,0.27586206896551724,117.79999999999998
2154,24335,0.8625,0.8275,0.9975906517287073,0.3448275862068966,117.74999999999999
2155,11624,0.3625,0.90625,0.6545717383447777,0.0,117.73778920308482
2156,11423,0.3625,0.865875,0.9729671123960967,0.13793103448275862,117.63636363636361
2157,10419,0.1125,0.8368125,0.9940850499939766,0.0,117.63496143958866
2158,14231,0.875,0.865875,0.9729671123960967,0.27586206896551724,117.59999999999998
2159,23670,0.8625,0.7931874999999999,0.9851343211661244,0.3448275862068966,117.58333333333331
2160,13581,0.8625,0.82659375,0.8773762197325623,0.3448275862068966,117.58333333333331
2161,13507,0.8625,0.71875,0.62643055053608,0.3448275862068966,117.58333333333331
2162,11007,0.125,0.9375,0.6996542585230695,0.8275862068965517,117.49999999999999
2163,11013,0.125,0.934375,0.7324515118660402,0.8275862068965517,117.49999999999999
2164,12015,0.375,0.9375,0.6996542585230695,0.8275862068965517,117.49999999999999
2165,22864,0.3625,0.8369375,0.9818817009998795,0.6206896551724137,117.49999999999999
2166,12843,0.625,0.8028437499999999,0.9873750150584266,0.27586206896551724,117.49999999999997
2167,24263,0.6125,0.8275,0.9975906517287073,0.0,117.42930591259638
2168,24335,0.8625,0.8275,0.9975906517287073,0.6206896551724137,117.41666666666664
2169,11786,0.3625,0.75,0.9248042404529574,1.0,117.32999999999998
2170,11079,0.125,0.8195625,0.8788820624021202,0.0,117.32647814910024
2171,10617,0.1125,0.90625,0.62643055053608,0.6206896551724137,117.24999999999999
2172,22360,0.625,0.7837500000000001,0.9813155041561258,0.3448275862068966,117.24999999999999
2173,12846,0.625,0.78125,0.9501746777496686,0.0,117.22365038560409
2174,12874,0.625,0.75,0.9248042404529574,0.13793103448275862,117.18181818181816
2175,12224,0.375,0.79984375,0.9989157932779182,0.9655172413793103,117.14285714285712
2176,12225,0.375,0.7924375,0.9969883146608842,0.9655172413793103,117.14285714285712
2177,11211,0.125,0.8368125,0.9940850499939766,0.9655172413793103,117.14285714285712
2178,13237,0.625,0.7631875,0.9796651005902903,0.9655172413793103,117.14285714285712
2179,12178,0.375,0.70125,0.7658836284784966,0.9655172413793103,117.14285714285712
2180,14189,0.875,0.715625,0.6545717383447777,0.9655172413793103,117.14285714285712
2181,23008,0.625,0.849375,0.9746536561860017,0.9655172413793103,117.14285714285712
2182,14309,0.875,0.85690625,0.96883508011083,0.6896551724137931,117.14285714285712
2183,22877,0.12499999999999992,0.83690625,0.9819057944825923,0.9655172413793103,117.14285714285712
2184,12572,0.6125,0.8195625,0.8788820624021202,0.9655172413793103,117.14285714285712
2185,11159,0.125,0.71875,0.62643055053608,0.27586206896551724,117.10999999999999
2186,12434,0.6125,0.844125,0.9902300927599084,0.13793103448275862,117.09090909090907
2187,11834,0.375,0.79634375,0.9860498735092157,0.13793103448275862,117.09090909090907
2188,23670,0.8625,0.7931874999999999,0.9851343211661244,0.6206896551724137,117.08333333333331
2189,23669,0.8625,0.805625,0.9877002770750511,0.6206896551724137,117.08333333333331
2190,22238,0.3625,0.7837500000000001,0.9813155041561258,0.3448275862068966,117.08333333333331
2191,10469,0.1125,0.706,0.7761354053728465,0.0,117.0179948586118
2192,10556,0.1125,0.8195625,0.8788820624021202,1.0,117.00899999999997
2193,23613,0.375,0.79315625,0.9972172027466569,1.0,116.99999999999999
2194,12219,0.375,0.8368125,0.9940850499939766,1.0,116.99999999999999
2195,12090,0.375,0.833625,0.8749909649439825,0.0,116.93573264781489
2196,11985,0.375,0.934375,0.7682568365257197,1.0,116.92999999999998
2197,11866,0.375,0.75,0.9248042404529574,1.0,116.91999999999997
2198,22216,0.12499999999999996,0.7837500000000001,0.9813155041561258,0.6206896551724137,116.91666666666664
2199,13492,0.8625,0.70125,0.7658836284784966,0.48275862068965514,116.85714285714285
2200,22864,0.3625,0.8369375,0.9818817009998795,0.3448275862068966,116.83333333333331
2201,14130,0.875,0.79528125,0.8773762197325623,0.13793103448275862,116.8181818181818
2202,22872,0.3625,0.849375,0.9746536561860017,0.27586206896551724,116.79999999999998
2203,11168,0.125,0.6875,0.7324515118660402,1.0,116.79999999999998
2204,23016,0.625,0.83690625,0.9819057944825923,0.6206896551724137,116.74999999999999
2205,10532,0.1125,0.79528125,0.8773762197325623,0.13793103448275862,116.7272727272727
2206,11821,0.3625,0.8028437499999999,0.9873750150584266,0.27586206896551724,116.69999999999997
2207,13220,0.625,0.8870625000000001,0.9472834598241175,1.0,116.69999999999997
2208,10606,0.1125,0.903125,0.6846187206360679,1.0,116.67999999999998
2209,13606,0.8625,0.8579062499999999,0.8598602578002649,1.0,116.64999999999998
2210,13640,0.8625,0.90625,0.6545717383447777,0.27586206896551724,116.63999999999997
2211,13493,0.8625,0.706,0.7761354053728465,0.13793103448275862,116.63636363636361
2212,14201,0.875,0.684375,0.62643055053608,0.27586206896551724,116.62999999999998
2213,12179,0.375,0.706,0.7761354053728465,0.0,116.60668380462722
2214,10418,0.1125,0.844125,0.9902300927599084,0.27586206896551724,116.59999999999998
2215,22319,0.375,0.77128125,0.9860257800265027,1.0,116.59999999999998
2216,12166,0.375,0.71875,0.7718949524153716,0.6206896551724137,116.58333333333331
2217,12638,0.6125,0.9252812499999999,0.7551740754126008,0.6206896551724137,116.58333333333331
2218,23022,0.8625,0.8369375,0.9818817009998795,0.48275862068965514,116.57142857142856
2219,13439,0.8625,0.865875,0.9729671123960967,0.13793103448275862,116.54545454545453
2220,11564,0.3625,0.8195625,0.8788820624021202,1.0,116.53999999999998
2221,13580,0.8625,0.8195625,0.8788820624021202,0.0,116.52442159383031
2222,11216,0.125,0.79984375,0.9989157932779182,1.0,116.49999999999999
2223,21064,0.625,0.7618750000000001,0.9661366100469823,0.27586206896551724,116.49999999999999
2224,12846,0.625,0.78125,0.9501746777496686,0.13793103448275862,116.44545454545452
2225,12168,0.375,0.715625,0.62643055053608,0.6896551724137931,116.42857142857142
2226,13181,0.625,0.715625,0.6545717383447777,0.9655172413793103,116.42857142857142
2227,22969,0.6125,0.8369375,0.9940127695458378,0.9655172413793103,116.42857142857142
2228,12306,0.375,0.82128125,0.9870015660763762,0.9655172413793103,116.42857142857142
2229,11429,0.3625,0.82203125,0.9989157932779182,0.6896551724137931,116.42857142857142
2230,23689,0.8625,0.7931874999999999,0.9972292494880134,0.9655172413793103,116.42857142857142
2231,10468,0.1125,0.70125,0.7658836284784966,0.9655172413793103,116.42857142857142
2232,11432,0.3625,0.79984375,0.9989157932779182,0.9655172413793103,116.42857142857142
2233,11433,0.3625,0.7924375,0.9969883146608842,0.9655172413793103,116.42857142857142
2234,12440,0.6125,0.79984375,0.9989157932779182,0.9655172413793103,116.42857142857142
2235,13439,0.8625,0.865875,0.9729671123960967,0.9655172413793103,116.42857142857142
2236,12353,0.6125,0.82128125,0.9870015660763762,0.9655172413793103,116.42857142857142
2237,11820,0.3625,0.79634375,0.9860498735092157,0.3448275862068966,116.41666666666664
2238,11630,0.3625,0.9252812499999999,0.7551740754126008,0.6206896551724137,116.41666666666664
2239,11905,0.375,0.7068125000000001,0.7915190940850501,0.13793103448275862,116.39999999999998
2240,13488,0.8625,0.6875,0.62643055053608,0.27586206896551724,116.39999999999998
2241,12219,0.375,0.8368125,0.9940850499939766,0.27586206896551724,116.39999999999998
2242,10827,0.125,0.8028437499999999,0.9873750150584266,0.27586206896551724,116.39999999999998
2243,12035,0.375,0.903125,0.7718949524153716,1.0,116.37999999999998
2244,23035,0.8625,0.8369375,0.9940127695458378,0.13793103448275862,116.36363636363635
2245,12754,0.6125,0.7068125000000001,0.7915190940850501,0.3448275862068966,116.33333333333331
2246,20300,0.12499999999999992,0.88065625,0.9560293940489097,1.0,116.29999999999998
2247,13837,0.8625,0.8028437499999999,0.9873750150584266,0.27586206896551724,116.29999999999998
2248,12625,0.6125,0.903125,0.7718949524153716,0.27586206896551724,116.29999999999998
2249,12179,0.375,0.706,0.7761354053728465,0.13793103448275862,116.27272727272725
2250,11082,0.125,0.833625,0.8749909649439825,0.27586206896551724,116.24999999999999
2251,13070,0.625,0.8508437499999999,0.8653776653415252,1.0,116.19999999999997
2252,20938,0.3625,0.7618750000000001,0.9661366100469823,0.27586206896551724,116.19999999999997
2253,14200,0.875,0.6875,0.62643055053608,1.0,116.19999999999997
2254,22248,0.3625,0.7837500000000001,0.9934586194434405,0.27586206896551724,116.19999999999997
2255,23540,0.12499999999999992,0.79315625,0.9972172027466569,0.13793103448275862,116.18181818181816
2256,22877,0.12499999999999992,0.83690625,0.9819057944825923,0.48275862068965514,116.14285714285712
2257,12433,0.6125,0.8514375,0.9854234429586796,1.0,116.09999999999998
2258,22896,0.12499999999999992,0.83690625,0.9940368630285508,0.13793103448275862,116.09090909090907
2259,14194,0.875,0.70125,0.7658836284784966,0.48275862068965514,116.07142857142856
2260,24190,0.3625,0.8275,0.9975906517287073,1.0,115.99999999999999
2261,14231,0.875,0.865875,0.9729671123960967,1.0,115.99999999999999
2262,14235,0.875,0.8368125,0.9940850499939766,0.0,115.98971722365036
2263,11171,0.125,0.706,0.7761354053728465,0.0,115.98971722365036
2264,11018,0.125,0.9252812499999999,0.7551740754126008,0.6206896551724137,115.91666666666664
2265,14183,0.875,0.71875,0.62643055053608,0.0,115.88688946015422
2266,11491,0.3625,0.71875,0.62643055053608,0.0,115.88688946015422
2267,12639,0.6125,0.929875,0.7440320443320082,0.0,115.88688946015422
2268,10622,0.1125,0.9252812499999999,0.7551740754126008,0.6206896551724137,115.83333333333331
2269,23016,0.625,0.83690625,0.9819057944825923,0.3448275862068966,115.83333333333331
2270,11786,0.3625,0.75,0.9248042404529574,0.27586206896551724,115.80999999999997
2271,12035,0.375,0.903125,0.7718949524153716,0.27586206896551724,115.79999999999998
2272,23613,0.375,0.79315625,0.9972172027466569,0.27586206896551724,115.79999999999998
2273,11617,0.3625,0.903125,0.7718949524153716,0.0,115.78406169665807
2274,22238,0.3625,0.7837500000000001,0.9813155041561258,0.6206896551724137,115.74999999999999
2275,12494,0.6125,0.71875,0.7718949524153716,0.6206896551724137,115.74999999999999
2276,10627,0.1125,0.934375,0.7324515118660402,1.0,115.74999999999999
2277,24190,0.3625,0.8275,0.9975906517287073,0.6896551724137931,115.7142857142857
2278,13836,0.8625,0.79634375,0.9860498735092157,0.9655172413793103,115.7142857142857
2279,11485,0.3625,0.715625,0.62643055053608,0.6896551724137931,115.7142857142857
2280,14235,0.875,0.8368125,0.9940850499939766,0.9655172413793103,115.7142857142857
2281,14240,0.875,0.79984375,0.9989157932779182,0.9655172413793103,115.7142857142857
2282,13454,0.8625,0.756,0.9729671123960967,0.9655172413793103,115.7142857142857
2283,21577,0.12499999999999992,0.85878125,0.9672328635104203,0.9655172413793103,115.7142857142857
2284,11476,0.3625,0.70125,0.7658836284784966,0.9655172413793103,115.7142857142857
2285,23520,0.12499999999999992,0.79315625,0.9851222744247681,0.3448275862068966,115.66666666666664
2286,13646,0.8625,0.9252812499999999,0.7551740754126008,0.6206896551724137,115.66666666666664
2287,12026,0.375,0.9252812499999999,0.7551740754126008,0.6206896551724137,115.66666666666664
2288,12574,0.6125,0.833625,0.8749909649439825,0.0,115.65038560411308
2289,10557,0.1125,0.82659375,0.8773762197325623,0.48275862068965514,115.64285714285712
2290,10627,0.1125,0.934375,0.7324515118660402,0.8275862068965517,115.62499999999999
2291,11637,0.3625,0.9375,0.6996542585230695,0.8275862068965517,115.62499999999999
2292,24190,0.3625,0.8275,0.9975906517287073,0.27586206896551724,115.59999999999998
2293,12215,0.375,0.865875,0.9729671123960967,0.27586206896551724,115.59999999999998
2294,12431,0.6125,0.865875,0.9729671123960967,0.27586206896551724,115.59999999999998
2295,20373,0.375,0.88065625,0.9560293940489097,1.0,115.59999999999998
2296,13034,0.625,0.9252812499999999,0.7551740754126008,0.6206896551724137,115.58333333333331
2297,10478,0.1125,0.71875,0.7718949524153716,0.0,115.56812339331617
2298,10469,0.1125,0.706,0.7761354053728465,0.13793103448275862,115.54545454545453
2299,13302,0.625,0.8634375000000001,0.9629442235875195,0.13793103448275862,115.54545454545453
2300,14183,0.875,0.71875,0.62643055053608,0.3448275862068966,115.49999999999999
2301,11820,0.3625,0.79634375,0.9860498735092157,0.6206896551724137,115.49999999999999
2302,11746,0.3625,0.7068125000000001,0.7915190940850501,0.3448275862068966,115.49999999999999
2303,11169,0.125,0.69659375,0.7551740754126008,0.13793103448275862,115.49999999999999
2304,11566,0.3625,0.833625,0.8749909649439825,0.27586206896551724,115.48999999999998
2305,14200,0.875,0.6875,0.62643055053608,0.13793103448275862,115.45454545454544
2306,12218,0.375,0.844125,0.9902300927599084,0.13793103448275862,115.45454545454544
2307,14195,0.875,0.706,0.7761354053728465,0.3448275862068966,115.41666666666664
2308,10738,0.1125,0.7068125000000001,0.7915190940850501,0.6206896551724137,115.41666666666664
2309,13490,0.8625,0.692,0.7440320443320082,0.27586206896551724,115.39999999999998
2310,10812,0.1125,0.79634375,0.9860498735092157,1.0,115.39999999999998
2311,11171,0.125,0.706,0.7761354053728465,0.13793103448275862,115.36363636363635
2312,23520,0.12499999999999992,0.79315625,0.9851222744247681,0.6206896551724137,115.33333333333331
2313,10533,0.1125,0.8023125,0.8788820624021202,0.6206896551724137,115.33333333333331
2314,14182,0.875,0.71875,0.7718949524153716,0.0,115.33161953727505
2315,12175,0.375,0.692,0.7440320443320082,0.27586206896551724,115.26999999999998
2316,13187,0.625,0.706,0.7761354053728465,0.0,115.26992287917736
2317,11905,0.375,0.7068125000000001,0.7915190940850501,0.3448275862068966,115.24999999999999
2318,10329,0.1125,0.83165625,0.8878448379713287,0.27586206896551724,115.20999999999998
2319,11079,0.125,0.8195625,0.8788820624021202,0.13793103448275862,115.20909090909089
2320,13850,0.875,0.79634375,0.9860498735092157,1.0,115.19999999999997
2321,23540,0.12499999999999992,0.79315625,0.9972172027466569,1.0,115.19999999999997
2322,14310,0.875,0.8634375000000001,0.9629442235875195,0.27586206896551724,115.19999999999997
2323,13187,0.625,0.706,0.7761354053728465,0.13793103448275862,115.18181818181816
2324,10419,0.1125,0.8368125,0.9940850499939766,0.13793103448275862,115.18181818181816
2325,13043,0.625,0.903125,0.7718949524153716,0.0,115.1670951156812
2326,24165,0.12500000000000003,0.8275,0.9855077701481749,1.0,115.09999999999998
2327,10812,0.1125,0.79634375,0.9860498735092157,0.27586206896551724,115.09999999999998
2328,10606,0.1125,0.903125,0.6846187206360679,0.27586206896551724,115.08999999999997
2329,11158,0.125,0.71875,0.7718949524153716,0.6206896551724137,115.08333333333331
2330,13640,0.8625,0.90625,0.6545717383447777,0.0,115.07455012853468
2331,11429,0.3625,0.82203125,0.9989157932779182,0.8275862068965517,114.99999999999999
2332,10630,0.1125,0.9375,0.6752463558607397,0.9655172413793103,114.99999999999999
2333,11359,0.3625,0.8503437500000001,0.9739549451873267,0.9655172413793103,114.99999999999999
2334,11081,0.125,0.82659375,0.8773762197325623,0.9655172413793103,114.99999999999999
2335,12493,0.6125,0.715625,0.62643055053608,0.6896551724137931,114.99999999999999
2336,11222,0.125,0.756,0.9729671123960967,0.3448275862068966,114.99999999999999
2337,13175,0.625,0.71875,0.62643055053608,0.3448275862068966,114.99999999999999
2338,13226,0.625,0.844125,0.9902300927599084,0.6206896551724137,114.99999999999999
2339,13850,0.875,0.79634375,0.9860498735092157,0.27586206896551724,114.99999999999999
2340,12485,0.6125,0.706,0.7761354053728465,0.0,114.96143958868892
2341,13035,0.625,0.929875,0.7440320443320082,0.0,114.96143958868892
2342,11426,0.3625,0.844125,0.9902300927599084,0.6206896551724137,114.91666666666664
2343,10897,0.125,0.7068125000000001,0.7915190940850501,0.13793103448275862,114.90909090909089
2344,13192,0.625,0.6875,0.62643055053608,0.27586206896551724,114.89999999999998
2345,10533,0.1125,0.8023125,0.8788820624021202,0.3448275862068966,114.83333333333331
2346,12913,0.625,0.7068125000000001,0.7915190940850501,0.3448275862068966,114.83333333333331
2347,24259,0.375,0.8275,0.9975906517287073,0.13793103448275862,114.8181818181818
2348,23685,0.625,0.79315625,0.9972172027466569,1.0,114.79999999999998
2349,13630,0.8625,0.903125,0.6846187206360679,1.0,114.78999999999998
2350,13502,0.8625,0.71875,0.7718949524153716,0.6206896551724137,114.74999999999999
2351,12548,0.6125,0.79528125,0.8773762197325623,0.13793103448275862,114.7272727272727
2352,12114,0.375,0.79528125,0.8773762197325623,0.13793103448275862,114.7272727272727
2353,13580,0.8625,0.8195625,0.8788820624021202,0.13793103448275862,114.62727272727271
2354,22936,0.375,0.849375,0.9746536561860017,0.27586206896551724,114.59999999999998
2355,11167,0.125,0.692,0.7440320443320082,1.0,114.59999999999998
2356,24333,0.625,0.8275,0.9975906517287073,0.27586206896551724,114.59999999999998
2357,14131,0.875,0.8023125,0.8788820624021202,0.6206896551724137,114.58333333333331
2358,22360,0.625,0.7837500000000001,0.9813155041561258,0.6206896551724137,114.58333333333331
2359,14042,0.875,0.9252812499999999,0.7551740754126008,0.6206896551724137,114.58333333333331
2360,10478,0.1125,0.71875,0.7718949524153716,0.3448275862068966,114.58333333333331
2361,11631,0.3625,0.929875,0.7440320443320082,0.0,114.55012853470434
2362,11477,0.3625,0.706,0.7761354053728465,0.0,114.55012853470434
2363,12549,0.6125,0.8023125,0.8788820624021202,0.6206896551724137,114.49999999999999
2364,10897,0.125,0.7068125000000001,0.7915190940850501,0.3448275862068966,114.49999999999999
2365,13802,0.8625,0.75,0.9248042404529574,0.13793103448275862,114.45454545454544
2366,13223,0.625,0.865875,0.9729671123960967,0.13793103448275862,114.45454545454544
2367,11668,0.3625,0.934375,0.7682568365257197,1.0,114.44999999999997
2368,13175,0.625,0.71875,0.62643055053608,0.0,114.4473007712082
2369,14330,0.875,0.83165625,0.8878448379713287,0.27586206896551724,114.41999999999997
2370,10483,0.1125,0.71875,0.62643055053608,0.3448275862068966,114.41666666666664
2371,13442,0.8625,0.844125,0.9902300927599084,0.6206896551724137,114.41666666666664
2372,13493,0.8625,0.706,0.7761354053728465,0.3448275862068966,114.41666666666664
2373,23038,0.625,0.849375,0.9868931454041681,1.0,114.39999999999998
2374,12184,0.375,0.6875,0.62643055053608,0.27586206896551724,114.39999999999998
2375,13445,0.8625,0.82203125,0.9989157932779182,0.8275862068965517,114.37499999999999
2376,13653,0.8625,0.9375,0.6996542585230695,0.8275862068965517,114.37499999999999
2377,22387,0.8625,0.7713125,0.9860619202505723,0.13793103448275862,114.36363636363635
2378,13123,0.625,0.8023125,0.8788820624021202,0.0,114.34447300771205
2379,12676,0.6125,0.934375,0.7682568365257197,1.0,114.33999999999997
2380,14049,0.875,0.90625,0.62643055053608,0.3448275862068966,114.33333333333331
2381,13582,0.8625,0.833625,0.8749909649439825,0.27586206896551724,114.32999999999998
2382,22390,0.625,0.7837500000000001,0.9934586194434405,0.27586206896551724,114.29999999999998
2383,13837,0.8625,0.8028437499999999,0.9873750150584266,0.9655172413793103,114.28571428571428
2384,13495,0.8625,0.715625,0.6545717383447777,0.9655172413793103,114.28571428571428
2385,12219,0.375,0.8368125,0.9940850499939766,0.9655172413793103,114.28571428571428
2386,23688,0.8625,0.805625,0.9997470184315143,0.9655172413793103,114.28571428571428
2387,21726,0.8625,0.8588125,0.9671967232863511,0.9655172413793103,114.28571428571428
2388,14184,0.875,0.715625,0.62643055053608,0.6896551724137931,114.28571428571428
2389,11486,0.3625,0.71875,0.7718949524153716,0.9655172413793103,114.28571428571428
2390,23685,0.625,0.79315625,0.9972172027466569,0.9655172413793103,114.28571428571428
2391,14055,0.875,0.903125,0.655524635586074,0.6896551724137931,114.28571428571428
2392,11491,0.3625,0.71875,0.62643055053608,0.3448275862068966,114.24999999999999
2393,11540,0.3625,0.79528125,0.8773762197325623,0.27586206896551724,114.23999999999998
2394,22390,0.625,0.7837500000000001,0.9934586194434405,1.0,114.19999999999997
2395,13122,0.625,0.79528125,0.8773762197325623,0.27586206896551724,114.17999999999998
2396,10353,0.1125,0.8634375000000001,0.9629442235875195,0.27586206896551724,114.09999999999998
2397,11541,0.3625,0.8023125,0.8788820624021202,0.0,114.09768637532132
2398,11159,0.125,0.71875,0.62643055053608,0.6206896551724137,114.08333333333331
2399,13377,0.8625,0.8634375000000001,0.9629442235875195,0.0,114.03598971722363
2400,12549,0.6125,0.8023125,0.8788820624021202,0.3448275862068966,113.99999999999999
2401,12115,0.375,0.8023125,0.8788820624021202,0.6206896551724137,113.99999999999999
2402,23535,0.3625,0.7931874999999999,0.9851343211661244,0.3448275862068966,113.99999999999999
2403,14131,0.875,0.8023125,0.8788820624021202,0.3448275862068966,113.83333333333331
2404,13647,0.8625,0.929875,0.7440320443320082,0.0,113.83033419023134
2405,20916,0.125,0.7618750000000001,0.9661366100469823,1.0,113.79999999999998
2406,10488,0.1125,0.746875,0.6534465727020841,1.0,113.79999999999998
2407,10366,0.1125,0.8883125,0.9325864353692326,1.0,113.79999999999998
2408,24190,0.3625,0.8275,0.9975906517287073,0.8275862068965517,113.74999999999999
2409,13454,0.8625,0.756,0.9729671123960967,0.3448275862068966,113.74999999999999
2410,22246,0.12499999999999992,0.77128125,0.9860257800265027,0.13793103448275862,113.7272727272727
2411,12149,0.375,0.746875,0.62643055053608,0.13793103448275862,113.7272727272727
2412,11216,0.125,0.79984375,0.9989157932779182,0.13793103448275862,113.63636363636361
2413,12485,0.6125,0.706,0.7761354053728465,0.13793103448275862,113.63636363636361
2414,12473,0.6125,0.684375,0.6752463558607397,1.0,113.62999999999998
2415,12625,0.6125,0.903125,0.7718949524153716,0.0,113.62467866323905
2416,23617,0.6125,0.7931874999999999,0.9972292494880134,1.0,113.59999999999998
2417,14191,0.875,0.692,0.7440320443320082,0.27586206896551724,113.59999999999998
2418,23535,0.3625,0.7931874999999999,0.9851343211661244,0.6206896551724137,113.58333333333331
2419,13226,0.625,0.844125,0.9902300927599084,0.3448275862068966,113.58333333333331
2420,10471,0.1125,0.715625,0.6545717383447777,0.9655172413793103,113.57142857142856
2421,12218,0.375,0.844125,0.9902300927599084,0.9655172413793103,113.57142857142856
2422,14131,0.875,0.8023125,0.8788820624021202,0.9655172413793103,113.57142857142856
2423,13445,0.8625,0.82203125,0.9989157932779182,0.6896551724137931,113.57142857142856
2424,10622,0.1125,0.9252812499999999,0.7551740754126008,0.9655172413793103,113.57142857142856
2425,12512,0.6125,0.746875,0.62643055053608,0.13793103448275862,113.54545454545453
2426,12027,0.375,0.929875,0.7440320443320082,0.0,113.52185089974292
2427,11426,0.3625,0.844125,0.9902300927599084,0.3448275862068966,113.49999999999999
2428,11438,0.3625,0.756,0.9729671123960967,0.3448275862068966,113.49999999999999
2429,13837,0.8625,0.8028437499999999,0.9873750150584266,1.0,113.49999999999999
2430,22949,0.6125,0.849375,0.9746536561860017,0.27586206896551724,113.49999999999999
2431,11477,0.3625,0.706,0.7761354053728465,0.13793103448275862,113.45454545454544
2432,11437,0.3625,0.7631875,0.9796651005902903,0.9655172413793103,113.42857142857142
2433,12035,0.375,0.903125,0.7718949524153716,0.0,113.41902313624676
2434,10483,0.1125,0.71875,0.62643055053608,0.0,113.41902313624676
2435,12754,0.6125,0.7068125000000001,0.7915190940850501,0.6206896551724137,113.41666666666664
2436,14105,0.875,0.82659375,0.8773762197325623,0.48275862068965514,113.35714285714285
2437,12115,0.375,0.8023125,0.8788820624021202,0.3448275862068966,113.33333333333331
2438,14195,0.875,0.706,0.7761354053728465,0.6206896551724137,113.33333333333331
2439,14182,0.875,0.71875,0.7718949524153716,0.3448275862068966,113.33333333333331
2440,14078,0.875,0.8508437499999999,0.8653776653415252,1.0,113.31999999999998
2441,12676,0.6125,0.934375,0.7682568365257197,0.27586206896551724,113.29999999999998
2442,13448,0.8625,0.79984375,0.9989157932779182,0.13793103448275862,113.27272727272725
2443,14165,0.875,0.746875,0.62643055053608,0.13793103448275862,113.27272727272725
2444,13507,0.8625,0.71875,0.62643055053608,0.6206896551724137,113.24999999999999
2445,12638,0.6125,0.9252812499999999,0.7551740754126008,0.3448275862068966,113.24999999999999
2446,11141,0.125,0.746875,0.62643055053608,1.0,113.21999999999998
2447,14043,0.875,0.929875,0.7440320443320082,0.0,113.21336760925448
2448,10623,0.1125,0.929875,0.7440320443320082,0.0,113.21336760925448
2449,10826,0.125,0.79634375,0.9860498735092157,1.0,113.19999999999997
2450,11465,0.3625,0.684375,0.6752463558607397,1.0,113.17999999999998
2451,13183,0.625,0.692,0.7440320443320082,0.27586206896551724,113.13999999999999
2452,14055,0.875,0.903125,0.655524635586074,0.8275862068965517,113.12499999999999
2453,11019,0.125,0.929875,0.7440320443320082,0.0,113.11053984575834
2454,12217,0.375,0.8514375,0.9854234429586796,0.27586206896551724,113.09999999999998
2455,13228,0.625,0.8294374999999998,0.9969883146608842,1.0,113.09999999999998
2456,10331,0.1125,0.8189062500000001,0.8910372244307915,0.27586206896551724,113.08999999999997
2457,11222,0.125,0.756,0.9729671123960967,0.6206896551724137,112.99999999999999
2458,10853,0.125,0.7584375,0.9629442235875195,0.3448275862068966,112.99999999999999
2459,11630,0.3625,0.9252812499999999,0.7551740754126008,0.3448275862068966,112.99999999999999
2460,11472,0.3625,0.6875,0.62643055053608,0.27586206896551724,112.99999999999999
2461,12993,0.625,0.934375,0.7682568365257197,0.27586206896551724,112.99999999999999
2462,13157,0.625,0.746875,0.62643055053608,1.0,112.99999999999999
2463,12433,0.6125,0.8514375,0.9854234429586796,0.27586206896551724,112.99999999999999
2464,14240,0.875,0.79984375,0.9989157932779182,1.0,112.99999999999999
2465,13183,0.625,0.692,0.7440320443320082,1.0,112.99999999999999
2466,11866,0.375,0.75,0.9248042404529574,0.27586206896551724,112.93999999999998
2467,13442,0.8625,0.844125,0.9902300927599084,0.3448275862068966,112.91666666666664
2468,12294,0.375,0.8634375000000001,0.9629442235875195,0.27586206896551724,112.89999999999998
2469,14172,0.875,0.746875,0.6534465727020841,1.0,112.89999999999998
2470,23035,0.8625,0.8369375,0.9940127695458378,0.9655172413793103,112.85714285714285
2471,13502,0.8625,0.71875,0.7718949524153716,0.9655172413793103,112.85714285714285
2472,12843,0.625,0.8028437499999999,0.9873750150584266,0.9655172413793103,112.85714285714285
2473,13174,0.625,0.71875,0.7718949524153716,0.9655172413793103,112.85714285714285
2474,13806,0.8625,0.7584375,0.9629442235875195,0.9655172413793103,112.85714285714285
2475,22315,0.6125,0.7713125,0.9860619202505723,0.9655172413793103,112.85714285714285
2476,13492,0.8625,0.70125,0.7658836284784966,0.6896551724137931,112.85714285714285
2477,23008,0.625,0.849375,0.9746536561860017,0.0,112.8020565552699
2478,11985,0.375,0.934375,0.7682568365257197,0.27586206896551724,112.79999999999998
2479,10464,0.1125,0.6875,0.62643055053608,0.27586206896551724,112.79999999999998
2480,10457,0.1125,0.684375,0.6752463558607397,1.0,112.79999999999998
2481,11221,0.125,0.7631875,0.9796651005902903,0.9655172413793103,112.7142857142857
2482,10744,0.1125,0.6875,0.7682568365257197,1.0,112.69999999999997
2483,13646,0.8625,0.9252812499999999,0.7551740754126008,0.3448275862068966,112.66666666666664
2484,11746,0.3625,0.7068125000000001,0.7915190940850501,0.6206896551724137,112.66666666666664
2485,11905,0.375,0.7068125000000001,0.7915190940850501,0.6206896551724137,112.66666666666664
2486,12573,0.6125,0.82659375,0.8773762197325623,0.48275862068965514,112.64285714285712
2487,11207,0.125,0.865875,0.9729671123960967,0.13793103448275862,112.63636363636361
2488,11835,0.375,0.8028437499999999,0.9873750150584266,0.27586206896551724,112.59999999999998
2489,12167,0.375,0.71875,0.62643055053608,0.3448275862068966,112.58333333333331
2490,10622,0.1125,0.9252812499999999,0.7551740754126008,0.3448275862068966,112.58333333333331
2491,21096,0.8625,0.7618750000000001,0.9785086134200698,0.3448275862068966,112.49999999999999
2492,13238,0.625,0.756,0.9729671123960967,0.6206896551724137,112.49999999999999
2493,10617,0.1125,0.90625,0.62643055053608,0.3448275862068966,112.49999999999999
2494,21064,0.625,0.7618750000000001,0.9661366100469823,1.0,112.49999999999999
2495,24165,0.12500000000000003,0.8275,0.9855077701481749,0.27586206896551724,112.49999999999999
2496,11018,0.125,0.9252812499999999,0.7551740754126008,0.3448275862068966,112.41666666666664
2497,13238,0.625,0.756,0.9729671123960967,0.3448275862068966,112.41666666666664
2498,12175,0.375,0.692,0.7440320443320082,1.0,112.39999999999998
2499,12230,0.375,0.756,0.9729671123960967,0.0,112.39074550128532
2500,14235,0.875,0.8368125,0.9940850499939766,0.13793103448275862,112.36363636363635
2501,11814,0.3625,0.78125,0.9501746777496686,0.0,112.31876606683802
2502,13468,0.8625,0.66540625,0.7863028550777015,1.0,112.29999999999998
2503,10875,0.125,0.746875,0.884001927478617,1.0,112.29999999999998
2504,22872,0.3625,0.849375,0.9746536561860017,1.0,112.29999999999998
2505,12842,0.625,0.79634375,0.9860498735092157,0.3448275862068966,112.24999999999999
2506,24263,0.6125,0.8275,0.9975906517287073,0.13793103448275862,112.18181818181816
2507,13174,0.625,0.71875,0.7718949524153716,0.27586206896551724,112.17999999999998
2508,12026,0.375,0.9252812499999999,0.7551740754126008,0.3448275862068966,112.16666666666664
2509,13806,0.8625,0.7584375,0.9629442235875195,0.6206896551724137,112.16666666666664
2510,12913,0.625,0.7068125000000001,0.7915190940850501,0.6206896551724137,112.16666666666664
2511,22390,0.625,0.7837500000000001,0.9934586194434405,0.9655172413793103,112.14285714285712
2512,22391,0.625,0.77128125,0.9860257800265027,0.9655172413793103,112.14285714285712
2513,14195,0.875,0.706,0.7761354053728465,0.9655172413793103,112.14285714285712
2514,12437,0.6125,0.82203125,0.9989157932779182,0.6896551724137931,112.14285714285712
2515,21077,0.8625,0.7618750000000001,0.9661366100469823,0.9655172413793103,112.14285714285712
2516,13176,0.625,0.715625,0.62643055053608,0.6896551724137931,112.14285714285712
2517,14233,0.875,0.8514375,0.9854234429586796,1.0,112.09999999999998
2518,22248,0.3625,0.7837500000000001,0.9934586194434405,1.0,112.09999999999998
2519,12842,0.625,0.79634375,0.9860498735092157,0.6206896551724137,112.08333333333331
2520,13034,0.625,0.9252812499999999,0.7551740754126008,0.3448275862068966,112.08333333333331
2521,13493,0.8625,0.706,0.7761354053728465,0.6206896551724137,112.08333333333331
2522,12446,0.6125,0.756,0.9729671123960967,0.0,112.0822622107969
2523,14330,0.875,0.83165625,0.8878448379713287,1.0,112.05999999999997
2524,12156,0.375,0.746875,0.6534465727020841,0.27586206896551724,112.04999999999998
2525,11540,0.3625,0.79528125,0.8773762197325623,1.0,112.02999999999997
2526,10424,0.1125,0.79984375,0.9989157932779182,1.0,111.99999999999999
2527,10592,0.1125,0.871875,0.62643055053608,1.0,111.99999999999999
2528,11286,0.125,0.8634375000000001,0.9629442235875195,0.0,111.97943444730075
2529,10609,0.1125,0.903125,0.7718949524153716,1.0,111.94999999999997
2530,14054,0.875,0.903125,0.6846187206360679,0.27586206896551724,111.94999999999997
2531,13882,0.875,0.75,0.9248042404529574,1.0,111.93999999999998
2532,10616,0.1125,0.90625,0.6545717383447777,1.0,111.90999999999998
2533,11668,0.3625,0.934375,0.7682568365257197,0.27586206896551724,111.86999999999998
2534,14333,0.875,0.8189062500000001,0.8910372244307915,0.27586206896551724,111.85999999999999
2535,14310,0.875,0.8634375000000001,0.9629442235875195,1.0,111.79999999999998
2536,13273,0.625,0.9326874999999999,0.8427538850740873,1.0,111.79999999999998
2537,11638,0.3625,0.9375,0.6752463558607397,0.48275862068965514,111.78571428571428
2538,11140,0.125,0.75,0.62643055053608,0.27586206896551724,111.75999999999998
2539,12369,0.6125,0.8634375000000001,0.9629442235875195,0.27586206896551724,111.69999999999997
2540,10897,0.125,0.7068125000000001,0.7915190940850501,0.6206896551724137,111.66666666666664
2541,14200,0.875,0.6875,0.62643055053608,0.3448275862068966,111.66666666666664
2542,13122,0.625,0.79528125,0.8773762197325623,1.0,111.59999999999998
2543,23544,0.3625,0.7931874999999999,0.9972292494880134,0.27586206896551724,111.59999999999998
2544,14244,0.875,0.7704375,0.9854234429586796,1.0,111.59999999999998
2545,13520,0.8625,0.746875,0.62643055053608,1.0,111.51999999999998
2546,13098,0.625,0.833625,0.8749909649439825,0.13793103448275862,111.50909090909089
2547,11176,0.125,0.6875,0.62643055053608,0.27586206896551724,111.49999999999999
2548,10365,0.1125,0.8816875,0.9419226599204914,1.0,111.49999999999999
2549,13557,0.8625,0.8023125,0.8788820624021202,0.0,111.49614395886887
2550,13860,0.875,0.7876562500000001,0.8868570051800987,0.27586206896551724,111.47999999999998
2551,10804,0.1125,0.7876562500000001,0.8868570051800987,0.27586206896551724,111.44999999999997
2552,13636,0.8625,0.90625,0.7671364895795687,0.6896551724137931,111.42857142857142
2553,12842,0.625,0.79634375,0.9860498735092157,0.9655172413793103,111.42857142857142
2554,13493,0.8625,0.706,0.7761354053728465,0.9655172413793103,111.42857142857142
2555,10533,0.1125,0.8023125,0.8788820624021202,0.9655172413793103,111.42857142857142
2556,13023,0.625,0.9375,0.6996542585230695,0.6896551724137931,111.42857142857142
2557,14194,0.875,0.70125,0.7658836284784966,0.6896551724137931,111.42857142857142
2558,11018,0.125,0.9252812499999999,0.7551740754126008,0.9655172413793103,111.42857142857142
2559,23684,0.625,0.805625,0.9997470184315143,0.9655172413793103,111.42857142857142
2560,12434,0.6125,0.844125,0.9902300927599084,0.9655172413793103,111.42857142857142
2561,12166,0.375,0.71875,0.7718949524153716,0.9655172413793103,111.42857142857142
2562,14048,0.875,0.90625,0.7671364895795687,0.6896551724137931,111.42857142857142
2563,11630,0.3625,0.9252812499999999,0.7551740754126008,0.9655172413793103,111.42857142857142
2564,12221,0.375,0.82203125,0.9989157932779182,0.6896551724137931,111.42857142857142
2565,13501,0.8625,0.715625,0.62643055053608,0.6896551724137931,111.42857142857142
2566,11438,0.3625,0.756,0.9729671123960967,0.6206896551724137,111.41666666666664
2567,14042,0.875,0.9252812499999999,0.7551740754126008,0.3448275862068966,111.41666666666664
2568,11589,0.3625,0.8508437499999999,0.8653776653415252,1.0,111.40999999999998
2569,13210,0.625,0.9508749999999999,0.8049271172147935,1.0,111.39999999999998
2570,12089,0.375,0.82659375,0.8773762197325623,0.48275862068965514,111.35714285714285
2571,13195,0.625,0.684375,0.6752463558607397,1.0,111.34999999999998
2572,11566,0.3625,0.833625,0.8749909649439825,0.13793103448275862,111.34545454545453
2573,10478,0.1125,0.71875,0.7718949524153716,0.6206896551724137,111.33333333333331
2574,11486,0.3625,0.71875,0.7718949524153716,0.0,111.33161953727505
2575,11020,0.125,0.90625,0.6545717383447777,0.27586206896551724,111.32999999999998
2576,10466,0.1125,0.692,0.7440320443320082,1.0,111.29999999999998
2577,14237,0.875,0.82203125,0.9989157932779182,0.0,111.25964010282775
2578,11345,0.3625,0.82128125,0.9870015660763762,0.3448275862068966,111.24999999999999
2579,12794,0.6125,0.75,0.9248042404529574,1.0,111.20999999999998
2580,23685,0.625,0.79315625,0.9972172027466569,0.27586206896551724,111.19999999999997
2581,12482,0.6125,0.692,0.7440320443320082,1.0,111.19999999999997
2582,10558,0.1125,0.833625,0.8749909649439825,0.3448275862068966,111.16666666666664
2583,14234,0.875,0.844125,0.9902300927599084,0.0,111.1568123393316
2584,14240,0.875,0.79984375,0.9989157932779182,0.27586206896551724,111.09999999999998
2585,13314,0.625,0.82128125,0.9870015660763762,0.3448275862068966,111.08333333333331
2586,12221,0.375,0.82203125,0.9989157932779182,0.48275862068965514,111.07142857142856
2587,11107,0.125,0.8023125,0.8788820624021202,0.0,111.05398457583546
2588,10415,0.1125,0.865875,0.9729671123960967,0.0,111.05398457583546
2589,12499,0.6125,0.71875,0.62643055053608,0.0,111.05398457583546
2590,10496,0.1125,0.746875,0.62643055053608,0.13793103448275862,111.04545454545453
2591,12597,0.6125,0.8508437499999999,0.8653776653415252,1.0,111.02999999999997
2592,11345,0.3625,0.82128125,0.9870015660763762,0.6206896551724137,110.99999999999999
2593,10558,0.1125,0.833625,0.8749909649439825,0.6206896551724137,110.99999999999999
2594,13123,0.625,0.8023125,0.8788820624021202,0.13793103448275862,110.99999999999999
2595,11504,0.3625,0.746875,0.62643055053608,1.0,110.99999999999999
2596,12480,0.6125,0.6875,0.62643055053608,0.27586206896551724,110.99999999999999
2597,13390,0.8625,0.8883125,0.9325864353692326,0.0,110.9511568123393
2598,11212,0.125,0.8294374999999998,0.9969883146608842,0.0,110.9511568123393
2599,11541,0.3625,0.8023125,0.8788820624021202,0.13793103448275862,110.90909090909089
2600,11474,0.3625,0.692,0.7440320443320082,1.0,110.89999999999998
2601,12829,0.6125,0.8028437499999999,0.9873750150584266,1.0,110.89999999999998
2602,13314,0.625,0.82128125,0.9870015660763762,0.6206896551724137,110.83333333333331
2603,12499,0.6125,0.71875,0.62643055053608,0.3448275862068966,110.83333333333331
2604,13361,0.8625,0.82128125,0.9870015660763762,0.6206896551724137,110.74999999999999
2605,10853,0.125,0.7584375,0.9629442235875195,0.6206896551724137,110.74999999999999
2606,12230,0.375,0.756,0.9729671123960967,0.13793103448275862,110.7272727272727
2607,23036,0.8625,0.83378125,0.9953860980604745,0.9655172413793103,110.7142857142857
2608,11729,0.3625,0.6673125,0.7767256956993133,0.9655172413793103,110.7142857142857
2609,12549,0.6125,0.8023125,0.8788820624021202,0.9655172413793103,110.7142857142857
2610,12115,0.375,0.8023125,0.8788820624021202,0.9655172413793103,110.7142857142857
2611,22864,0.3625,0.8369375,0.9818817009998795,0.9655172413793103,110.7142857142857
2612,10477,0.1125,0.715625,0.62643055053608,0.6896551724137931,110.7142857142857
2613,13580,0.8625,0.8195625,0.8788820624021202,0.9655172413793103,110.7142857142857
2614,12435,0.6125,0.8368125,0.9940850499939766,0.9655172413793103,110.7142857142857
2615,11165,0.125,0.715625,0.6545717383447777,0.9655172413793103,110.7142857142857
2616,22970,0.6125,0.83378125,0.9953860980604745,0.9655172413793103,110.7142857142857
2617,23670,0.8625,0.7931874999999999,0.9851343211661244,0.9655172413793103,110.7142857142857
2618,22892,0.3625,0.8369375,0.9940127695458378,0.9655172413793103,110.7142857142857
2619,12347,0.6125,0.8189062500000001,0.8910372244307915,0.27586206896551724,110.65999999999998
2620,13448,0.8625,0.79984375,0.9989157932779182,0.8275862068965517,110.62499999999999
2621,14199,0.875,0.6875,0.7059462715335502,0.8275862068965517,110.62499999999999
2622,13882,0.875,0.75,0.9248042404529574,0.27586206896551724,110.59999999999998
2623,12829,0.6125,0.8028437499999999,0.9873750150584266,0.27586206896551724,110.59999999999998
2624,13098,0.625,0.833625,0.8749909649439825,0.0,110.5912596401028
2625,13361,0.8625,0.82128125,0.9870015660763762,0.3448275862068966,110.58333333333331
2626,12504,0.6125,0.746875,0.6534465727020841,0.27586206896551724,110.57999999999998
2627,14106,0.875,0.833625,0.8749909649439825,0.3448275862068966,110.49999999999999
2628,12345,0.6125,0.83165625,0.8878448379713287,0.27586206896551724,110.45999999999998
2629,22872,0.3625,0.849375,0.9746536561860017,0.0,110.43701799485859
2630,13229,0.625,0.82203125,0.9989157932779182,0.48275862068965514,110.42857142857142
2631,24308,0.8625,0.8275,0.9855077701481749,1.0,110.39999999999998
2632,13072,0.625,0.8579062499999999,0.8598602578002649,1.0,110.35999999999999
2633,12317,0.375,0.8189062500000001,0.8910372244307915,0.27586206896551724,110.34999999999998
2634,22248,0.3625,0.7837500000000001,0.9934586194434405,0.0,110.33419023136244
2635,14183,0.875,0.71875,0.62643055053608,0.6206896551724137,110.33333333333331
2636,24308,0.8625,0.8275,0.9855077701481749,0.27586206896551724,110.29999999999998
2637,14106,0.875,0.833625,0.8749909649439825,0.6206896551724137,110.24999999999999
2638,21096,0.8625,0.7618750000000001,0.9785086134200698,0.6206896551724137,110.24999999999999
2639,10830,0.125,0.78125,0.9501746777496686,0.3448275862068966,110.24999999999999
2640,13520,0.8625,0.746875,0.62643055053608,0.27586206896551724,110.23999999999998
2641,10421,0.1125,0.82203125,0.9989157932779182,0.0,110.2313624678663
2642,14231,0.875,0.865875,0.9729671123960967,0.0,110.2313624678663
2643,13637,0.8625,0.90625,0.7389965064450066,1.0,110.22099999999998
2644,11140,0.125,0.75,0.62643055053608,1.0,110.19999999999997
2645,12504,0.6125,0.746875,0.6534465727020841,1.0,110.19999999999997
2646,12212,0.375,0.8870625000000001,0.9472834598241175,0.27586206896551724,110.19999999999997
2647,12314,0.375,0.83165625,0.8878448379713287,0.27586206896551724,110.11999999999998
2648,11141,0.125,0.746875,0.62643055053608,0.27586206896551724,110.09999999999998
2649,11027,0.125,0.903125,0.7718949524153716,0.27586206896551724,110.09999999999998
2650,11491,0.3625,0.71875,0.62643055053608,0.6206896551724137,110.08333333333331
2651,13836,0.8625,0.79634375,0.9860498735092157,0.3448275862068966,110.08333333333331
2652,11298,0.125,0.82128125,0.9870015660763762,0.3448275862068966,110.08333333333331
2653,14182,0.875,0.71875,0.7718949524153716,0.6206896551724137,110.08333333333331
2654,13528,0.8625,0.75,0.62643055053608,0.27586206896551724,110.02999999999999
2655,10418,0.1125,0.844125,0.9902300927599084,0.0,110.02570694087402
2656,10827,0.125,0.8028437499999999,0.9873750150584266,0.8275862068965517,109.99999999999999
2657,14106,0.875,0.833625,0.8749909649439825,0.9655172413793103,109.99999999999999
2658,22318,0.6125,0.7837500000000001,0.9934586194434405,0.9655172413793103,109.99999999999999
2659,13300,0.625,0.8503437500000001,0.9739549451873267,0.9655172413793103,109.99999999999999
2660,10629,0.1125,0.9375,0.6996542585230695,0.6896551724137931,109.99999999999999
2661,12494,0.6125,0.71875,0.7718949524153716,0.9655172413793103,109.99999999999999
2662,11025,0.125,0.90625,0.62643055053608,0.48275862068965514,109.99999999999999
2663,13830,0.8625,0.78125,0.9501746777496686,0.9655172413793103,109.99999999999999
2664,11006,0.125,0.9375,0.6752463558607397,0.6206896551724137,109.99999999999999
2665,13488,0.8625,0.6875,0.62643055053608,0.13793103448275862,109.99999999999999
2666,11020,0.125,0.90625,0.6545717383447777,0.0,109.98457583547555
2667,23617,0.6125,0.7931874999999999,0.9972292494880134,0.0,109.92287917737787
2668,12446,0.6125,0.756,0.9729671123960967,0.13793103448275862,109.90909090909089
2669,14044,0.875,0.90625,0.6545717383447777,0.27586206896551724,109.89999999999998
2670,23612,0.375,0.805625,0.9997470184315143,1.0,109.89999999999998
2671,13633,0.8625,0.903125,0.7718949524153716,0.27586206896551724,109.89999999999998
2672,13556,0.8625,0.79528125,0.8773762197325623,0.27586206896551724,109.83999999999997
2673,13175,0.625,0.71875,0.62643055053608,0.6206896551724137,109.83333333333331
2674,10483,0.1125,0.71875,0.62643055053608,0.6206896551724137,109.83333333333331
2675,12869,0.625,0.7584375,0.9629442235875195,0.13793103448275862,109.8181818181818
2676,13449,0.8625,0.7924375,0.9969883146608842,0.27586206896551724,109.79999999999998
2677,10609,0.1125,0.903125,0.7718949524153716,0.27586206896551724,109.79999999999998
2678,12494,0.6125,0.71875,0.7718949524153716,0.0,109.75835475578404
2679,22387,0.8625,0.7713125,0.9860619202505723,0.6206896551724137,109.74999999999999
2680,10466,0.1125,0.692,0.7440320443320082,0.27586206896551724,109.72999999999998
2681,21064,0.625,0.7618750000000001,0.9661366100469823,0.0,109.71722365038558
2682,11512,0.3625,0.75,0.62643055053608,1.0,109.69999999999997
2683,13528,0.8625,0.75,0.62643055053608,1.0,109.69999999999997
2684,11217,0.125,0.7924375,0.9969883146608842,0.27586206896551724,109.69999999999997
2685,14051,0.875,0.903125,0.7718949524153716,0.27586206896551724,109.69999999999997
2686,12167,0.375,0.71875,0.62643055053608,0.0,109.68637532133674
2687,10469,0.1125,0.706,0.7761354053728465,0.3448275862068966,109.66666666666664
2688,11298,0.125,0.82128125,0.9870015660763762,0.6206896551724137,109.66666666666664
2689,12639,0.6125,0.929875,0.7440320443320082,0.13793103448275862,109.63636363636361
2690,11874,0.375,0.76290625,0.9138296590772196,1.0,109.62999999999998
2691,10606,0.1125,0.903125,0.6846187206360679,0.0,109.62467866323905
2692,20938,0.3625,0.7618750000000001,0.9661366100469823,0.0,109.61439588688944
2693,24169,0.3625,0.8150625,0.9877966510059029,0.27586206896551724,109.59999999999998
2694,10424,0.1125,0.79984375,0.9989157932779182,0.27586206896551724,109.59999999999998
2695,13967,0.875,0.73809375,0.8441633538127936,1.0,109.59999999999998
2696,11079,0.125,0.8195625,0.8788820624021202,1.0,109.59999999999998
2697,22224,0.12499999999999992,0.77128125,0.9737742440669798,1.0,109.59999999999998
2698,11429,0.3625,0.82203125,0.9989157932779182,0.48275862068965514,109.57142857142856
2699,14042,0.875,0.9252812499999999,0.7551740754126008,1.0,109.54999999999998
2700,13443,0.8625,0.8368125,0.9940850499939766,0.6206896551724137,109.52499999999998
2701,10826,0.125,0.79634375,0.9860498735092157,0.3448275862068966,109.49999999999999
2702,13836,0.8625,0.79634375,0.9860498735092157,0.6206896551724137,109.49999999999999
2703,11433,0.3625,0.7924375,0.9969883146608842,1.0,109.49999999999999
2704,10428,0.1125,0.7704375,0.9854234429586796,1.0,109.49999999999999
2705,12028,0.375,0.90625,0.6545717383447777,0.13793103448275862,109.45454545454544
2706,11106,0.125,0.79528125,0.8773762197325623,0.27586206896551724,109.41999999999997
2707,13454,0.8625,0.756,0.9729671123960967,0.6206896551724137,109.41666666666664
2708,11154,0.125,0.71875,0.655524635586074,1.0,109.39999999999998
2709,12794,0.6125,0.75,0.9248042404529574,0.27586206896551724,109.39999999999998
2710,11217,0.125,0.7924375,0.9969883146608842,0.8275862068965517,109.37499999999999
2711,23664,0.625,0.79315625,0.9851222744247681,0.6206896551724137,109.33333333333331
2712,12869,0.625,0.7584375,0.9629442235875195,0.0,109.305912596401
2713,23542,0.3625,0.805625,0.9997470184315143,0.27586206896551724,109.29999999999998
2714,13802,0.8625,0.75,0.9248042404529574,0.9655172413793103,109.28571428571428
2715,12638,0.6125,0.9252812499999999,0.7551740754126008,0.9655172413793103,109.28571428571428
2716,12173,0.375,0.715625,0.6545717383447777,0.48275862068965514,109.28571428571428
2717,22244,0.3625,0.7713125,0.9860619202505723,0.9655172413793103,109.28571428571428
2718,14239,0.875,0.80725,0.9998795325864354,0.9655172413793103,109.28571428571428
2719,12437,0.6125,0.82203125,0.9989157932779182,0.48275862068965514,109.28571428571428
2720,12633,0.6125,0.90625,0.62643055053608,0.48275862068965514,109.28571428571428
2721,21623,0.125,0.8712500000000001,0.9673292374412721,0.9655172413793103,109.28571428571428
2722,12487,0.6125,0.715625,0.6545717383447777,0.48275862068965514,109.28571428571428
2723,14237,0.875,0.82203125,0.9989157932779182,0.13793103448275862,109.27272727272725
2724,11210,0.125,0.844125,0.9902300927599084,0.6206896551724137,109.24999999999999
2725,14172,0.875,0.746875,0.6534465727020841,0.27586206896551724,109.24999999999999
2726,12149,0.375,0.746875,0.62643055053608,0.0,109.24421593830333
2727,10613,0.1125,0.90625,0.7389965064450066,0.27586206896551724,109.19999999999997
2728,14174,0.875,0.725625,0.8127815925792072,1.0,109.09999999999998
2729,12574,0.6125,0.833625,0.8749909649439825,0.3448275862068966,109.08333333333331
2730,23664,0.625,0.79315625,0.9851222744247681,0.3448275862068966,109.08333333333331
2731,12574,0.6125,0.833625,0.8749909649439825,0.6206896551724137,109.08333333333331
2732,11306,0.125,0.83165625,0.8878448379713287,1.0,109.05999999999997
2733,12646,0.6125,0.9375,0.6752463558607397,0.48275862068965514,108.99999999999999
2734,13377,0.8625,0.8634375000000001,0.9629442235875195,0.13793103448275862,108.99999999999999
2735,10532,0.1125,0.79528125,0.8773762197325623,0.6206896551724137,108.91666666666666
2736,20949,0.125,0.7618750000000001,0.9785086134200698,0.3448275862068966,108.91666666666666
2737,12038,0.375,0.903125,0.6846187206360679,1.0,108.90999999999998
2738,13443,0.8625,0.8368125,0.9940850499939766,0.3448275862068966,108.89999999999998
2739,14069,0.875,0.871875,0.62643055053608,1.0,108.89999999999998
2740,12828,0.6125,0.79634375,0.9860498735092157,0.3448275862068966,108.83333333333331
2741,12156,0.375,0.746875,0.6534465727020841,1.0,108.79999999999998
2742,14047,0.875,0.90625,0.7389965064450066,0.27586206896551724,108.79999999999998
2743,24165,0.12500000000000003,0.8275,0.9855077701481749,0.0,108.79177377892029
2744,22390,0.625,0.7837500000000001,0.9934586194434405,0.0,108.79177377892029
2745,10830,0.125,0.78125,0.9501746777496686,0.6206896551724137,108.74999999999999
2746,20949,0.125,0.7618750000000001,0.9785086134200698,1.0,108.69999999999997
2747,12482,0.6125,0.692,0.7440320443320082,0.27586206896551724,108.69999999999997
2748,13035,0.625,0.929875,0.7440320443320082,0.13793103448275862,108.63636363636361
2749,12632,0.6125,0.90625,0.6545717383447777,0.13793103448275862,108.63636363636361
2750,11030,0.125,0.903125,0.6846187206360679,1.0,108.62999999999998
2751,11176,0.125,0.6875,0.62643055053608,1.0,108.59999999999998
2752,14310,0.875,0.8634375000000001,0.9629442235875195,0.0,108.586118251928
2753,10826,0.125,0.79634375,0.9860498735092157,0.6206896551724137,108.58333333333331
2754,12026,0.375,0.9252812499999999,0.7551740754126008,0.9655172413793103,108.57142857142856
2755,10813,0.1125,0.8028437499999999,0.9873750150584266,0.9655172413793103,108.57142857142856
2756,23039,0.625,0.83690625,0.9940368630285508,0.9655172413793103,108.57142857142856
2757,14237,0.875,0.82203125,0.9989157932779182,0.9655172413793103,108.57142857142856
2758,12033,0.375,0.90625,0.62643055053608,0.48275862068965514,108.57142857142856
2759,13095,0.625,0.8195625,0.8788820624021202,0.9655172413793103,108.57142857142856
2760,14031,0.875,0.9375,0.6996542585230695,0.6896551724137931,108.57142857142856
2761,12645,0.6125,0.9375,0.6996542585230695,0.6896551724137931,108.57142857142856
2762,13448,0.8625,0.79984375,0.9989157932779182,0.6896551724137931,108.57142857142856
2763,11625,0.3625,0.90625,0.62643055053608,0.48275862068965514,108.57142857142856
2764,11631,0.3625,0.929875,0.7440320443320082,0.13793103448275862,108.54545454545453
2765,10329,0.1125,0.83165625,0.8878448379713287,0.0,108.54498714652954
2766,13225,0.625,0.8514375,0.9854234429586796,1.0,108.49999999999999
2767,13444,0.8625,0.8294374999999998,0.9969883146608842,0.0,108.48329048843186
2768,13036,0.625,0.90625,0.6545717383447777,0.13793103448275862,108.45454545454544
2769,13557,0.8625,0.8023125,0.8788820624021202,0.13793103448275862,108.45454545454544
2770,13095,0.625,0.8195625,0.8788820624021202,0.6206896551724137,108.41666666666666
2771,23684,0.625,0.805625,0.9997470184315143,1.0,108.39999999999998
2772,12428,0.6125,0.8870625000000001,0.9472834598241175,0.27586206896551724,108.39999999999998
2773,11540,0.3625,0.79528125,0.8773762197325623,0.0,108.3701799485861
2774,13122,0.625,0.79528125,0.8773762197325623,0.0,108.3701799485861
2775,13390,0.8625,0.8883125,0.9325864353692326,0.13793103448275862,108.36363636363635
2776,11170,0.125,0.70125,0.7658836284784966,0.48275862068965514,108.35714285714285
2777,10488,0.1125,0.746875,0.6534465727020841,0.27586206896551724,108.27999999999999
2778,24190,0.3625,0.8275,0.9975906517287073,0.0,108.27763496143957
2779,11624,0.3625,0.90625,0.6545717383447777,0.13793103448275862,108.27272727272725
2780,12027,0.375,0.929875,0.7440320443320082,0.13793103448275862,108.27272727272725
2781,11107,0.125,0.8023125,0.8788820624021202,0.13793103448275862,108.27272727272725
2782,14130,0.875,0.79528125,0.8773762197325623,0.6206896551724137,108.24999999999999
2783,13257,0.625,0.9504374999999999,0.7905914950006022,1.0,108.19999999999997
2784,11176,0.125,0.6875,0.62643055053608,0.13793103448275862,108.18181818181816
2785,12090,0.375,0.833625,0.8749909649439825,0.3448275862068966,108.16666666666666
2786,13830,0.8625,0.78125,0.9501746777496686,0.3448275862068966,108.16666666666666
2787,14048,0.875,0.90625,0.7671364895795687,0.8275862068965517,108.12499999999999
2788,13492,0.8625,0.70125,0.7658836284784966,0.8275862068965517,108.12499999999999
2789,13213,0.625,0.9330937499999999,0.8562823756173954,1.0,108.09999999999998
2790,13647,0.8625,0.929875,0.7440320443320082,0.13793103448275862,108.09090909090908
2791,12090,0.375,0.833625,0.8749909649439825,0.6206896551724137,108.08333333333331
2792,11790,0.3625,0.7584375,0.9629442235875195,0.0,108.07197943444729
2793,14044,0.875,0.90625,0.6545717383447777,0.0,108.07197943444729
2794,14051,0.875,0.903125,0.7718949524153716,0.0,108.07197943444729
2795,12787,0.6125,0.76290625,0.9138296590772196,1.0,108.06999999999998
2796,20949,0.125,0.7618750000000001,0.9785086134200698,0.6206896551724137,107.99999999999999
2797,13419,0.8625,0.9462187500000001,0.8040477050957715,1.0,107.99999999999999
2798,10428,0.1125,0.7704375,0.9854234429586796,0.27586206896551724,107.99999999999999
2799,22968,0.6125,0.849375,0.9868931454041681,1.0,107.99999999999999
2800,14261,0.875,0.65996875,0.7669437417178653,1.0,107.99999999999999
2801,11027,0.125,0.903125,0.7718949524153716,0.0,107.96915167095113
2802,11054,0.125,0.8508437499999999,0.8653776653415252,1.0,107.95999999999998
2803,10468,0.1125,0.70125,0.7658836284784966,0.48275862068965514,107.92857142857142
2804,14330,0.875,0.83165625,0.8878448379713287,0.0,107.92802056555269
2805,12828,0.6125,0.79634375,0.9860498735092157,0.6206896551724137,107.91666666666666
2806,12345,0.6125,0.83165625,0.8878448379713287,1.0,107.89999999999998
2807,13220,0.625,0.8870625000000001,0.9472834598241175,0.27586206896551724,107.89999999999998
2808,13630,0.8625,0.903125,0.6846187206360679,0.27586206896551724,107.89999999999998
2809,11167,0.125,0.692,0.7440320443320082,0.27586206896551724,107.89999999999998
2810,22936,0.375,0.849375,0.9746536561860017,0.0,107.866323907455
2811,13633,0.8625,0.903125,0.7718949524153716,0.0,107.866323907455
2812,13041,0.625,0.90625,0.62643055053608,0.48275862068965514,107.85714285714285
2813,14308,0.875,0.8503437500000001,0.9739549451873267,0.6896551724137931,107.85714285714285
2814,11160,0.125,0.715625,0.62643055053608,0.6896551724137931,107.85714285714285
2815,11479,0.3625,0.715625,0.6545717383447777,0.48275862068965514,107.85714285714285
2816,11361,0.3625,0.8634375000000001,0.9629442235875195,0.9655172413793103,107.85714285714285
2817,11158,0.125,0.71875,0.7718949524153716,0.9655172413793103,107.85714285714285
2818,10605,0.1125,0.903125,0.655524635586074,0.6896551724137931,107.85714285714285
2819,11564,0.3625,0.8195625,0.8788820624021202,0.9655172413793103,107.85714285714285
2820,22248,0.3625,0.7837500000000001,0.9934586194434405,0.9655172413793103,107.85714285714285
2821,11007,0.125,0.9375,0.6996542585230695,0.6896551724137931,107.85714285714285
2822,13302,0.625,0.8634375000000001,0.9629442235875195,0.9655172413793103,107.85714285714285
2823,13507,0.8625,0.71875,0.62643055053608,0.9655172413793103,107.85714285714285
2824,13491,0.8625,0.69659375,0.7551740754126008,0.13793103448275862,107.84545454545453
2825,11210,0.125,0.844125,0.9902300927599084,0.3448275862068966,107.83333333333331
2826,11361,0.3625,0.8634375000000001,0.9629442235875195,0.6206896551724137,107.83333333333331
2827,13654,0.8625,0.9375,0.6752463558607397,0.48275862068965514,107.78571428571428
2828,11512,0.3625,0.75,0.62643055053608,0.27586206896551724,107.76999999999998
2829,11019,0.125,0.929875,0.7440320443320082,0.13793103448275862,107.7272727272727
2830,13156,0.625,0.75,0.62643055053608,1.0,107.69999999999997
2831,13174,0.625,0.71875,0.7718949524153716,0.0,107.69151670951155
2832,10532,0.1125,0.79528125,0.8773762197325623,0.3448275862068966,107.66666666666666
2833,10609,0.1125,0.903125,0.7718949524153716,0.0,107.66066838046271
2834,11020,0.125,0.90625,0.6545717383447777,0.13793103448275862,107.63636363636361
2835,22249,0.125,0.7837500000000001,0.9934586194434405,1.0,107.59999999999998
2836,13785,0.8625,0.746875,0.884001927478617,1.0,107.59999999999998
2837,13046,0.625,0.903125,0.6846187206360679,1.0,107.54899999999998
2838,11790,0.3625,0.7584375,0.9629442235875195,0.13793103448275862,107.54545454545453
2839,11566,0.3625,0.833625,0.8749909649439825,0.0,107.51670951156811
2840,11564,0.3625,0.8195625,0.8788820624021202,0.6206896551724137,107.49999999999999
2841,23689,0.8625,0.7931874999999999,0.9972292494880134,0.3448275862068966,107.49999999999999
2842,12167,0.375,0.71875,0.62643055053608,0.6206896551724137,107.49999999999999
2843,10469,0.1125,0.706,0.7761354053728465,0.6206896551724137,107.49999999999999
2844,11006,0.125,0.9375,0.6752463558607397,0.3448275862068966,107.49999999999999
2845,17851,0.625,0.936875,0.8462594868088182,1.0,107.49999999999999
2846,10353,0.1125,0.8634375000000001,0.9629442235875195,0.0,107.45501285347042
2847,12843,0.625,0.8028437499999999,0.9873750150584266,0.0,107.45501285347042
2848,10623,0.1125,0.929875,0.7440320443320082,0.13793103448275862,107.45454545454544
2849,13830,0.8625,0.78125,0.9501746777496686,0.6206896551724137,107.42499999999998
2850,11834,0.375,0.79634375,0.9860498735092157,0.3448275862068966,107.41666666666666
2851,10496,0.1125,0.746875,0.62643055053608,0.0,107.41388174807196
2852,21591,0.3625,0.8588125,0.9671967232863511,1.0,107.39999999999998
2853,23008,0.625,0.849375,0.9746536561860017,0.13793103448275862,107.36363636363635
2854,11082,0.125,0.833625,0.8749909649439825,0.13793103448275862,107.36363636363635
2855,13506,0.8625,0.71875,0.655524635586074,1.0,107.29999999999998
2856,13192,0.625,0.6875,0.62643055053608,0.13793103448275862,107.27272727272725
2857,10352,0.1125,0.85690625,0.96883508011083,0.13793103448275862,107.27272727272725
2858,12184,0.375,0.6875,0.62643055053608,0.13793103448275862,107.27272727272725
2859,10415,0.1125,0.865875,0.9729671123960967,0.13793103448275862,107.27272727272725
2860,13095,0.625,0.8195625,0.8788820624021202,0.3448275862068966,107.24999999999999
2861,12435,0.6125,0.8368125,0.9940850499939766,0.0,107.24935732647813
2862,11590,0.3625,0.8579062499999999,0.8598602578002649,1.0,107.21999999999998
2863,23688,0.8625,0.805625,0.9997470184315143,0.27586206896551724,107.19999999999997
2864,23688,0.8625,0.805625,0.9997470184315143,1.0,107.19999999999997
2865,11474,0.3625,0.692,0.7440320443320082,0.27586206896551724,107.19999999999997
2866,14043,0.875,0.929875,0.7440320443320082,0.13793103448275862,107.18181818181816
2867,23617,0.6125,0.7931874999999999,0.9972292494880134,0.13793103448275862,107.18181818181816
2868,24333,0.625,0.8275,0.9975906517287073,0.0,107.14652956298198
2869,10612,0.1125,0.90625,0.7671364895795687,0.6896551724137931,107.14285714285712
2870,13646,0.8625,0.9252812499999999,0.7551740754126008,0.9655172413793103,107.14285714285712
2871,13453,0.8625,0.7631875,0.9796651005902903,0.6896551724137931,107.14285714285712
2872,14182,0.875,0.71875,0.7718949524153716,0.9655172413793103,107.14285714285712
2873,22965,0.375,0.83690625,0.9940368630285508,0.9655172413793103,107.14285714285712
2874,13851,0.875,0.8028437499999999,0.9873750150584266,0.9655172413793103,107.14285714285712
2875,22322,0.375,0.7837500000000001,0.9934586194434405,0.9655172413793103,107.14285714285712
2876,12874,0.625,0.75,0.9248042404529574,0.9655172413793103,107.14285714285712
2877,23540,0.12499999999999992,0.79315625,0.9972172027466569,0.9655172413793103,107.14285714285712
2878,13238,0.625,0.756,0.9729671123960967,0.9655172413793103,107.14285714285712
2879,12628,0.6125,0.90625,0.7671364895795687,0.6896551724137931,107.14285714285712
2880,14333,0.875,0.8189062500000001,0.8910372244307915,1.0,107.13999999999999
2881,14054,0.875,0.903125,0.6846187206360679,0.0,107.12596401028276
2882,13890,0.875,0.76290625,0.9138296590772196,1.0,107.09999999999998
2883,11212,0.125,0.8294374999999998,0.9969883146608842,0.13793103448275862,107.09090909090908
2884,10421,0.1125,0.82203125,0.9989157932779182,0.13793103448275862,107.09090909090908
2885,23689,0.8625,0.7931874999999999,0.9972292494880134,0.6206896551724137,107.08333333333331
2886,13556,0.8625,0.79528125,0.8773762197325623,1.0,107.05999999999997
2887,11361,0.3625,0.8634375000000001,0.9629442235875195,0.3448275862068966,106.99999999999999
2888,11171,0.125,0.706,0.7761354053728465,0.3448275862068966,106.99999999999999
2889,23540,0.12499999999999992,0.79315625,0.9972172027466569,0.3448275862068966,106.99999999999999
2890,14233,0.875,0.8514375,0.9854234429586796,0.27586206896551724,106.99999999999999
2891,10827,0.125,0.8028437499999999,0.9873750150584266,0.0,106.9408740359897
2892,12178,0.375,0.70125,0.7658836284784966,0.48275862068965514,106.92857142857142
2893,13582,0.8625,0.833625,0.8749909649439825,0.13793103448275862,106.91818181818181
2894,11423,0.3625,0.865875,0.9729671123960967,0.6206896551724137,106.91666666666666
2895,13637,0.8625,0.90625,0.7389965064450066,0.27586206896551724,106.89999999999998
2896,12437,0.6125,0.82203125,0.9989157932779182,0.8275862068965517,106.87499999999999
2897,13921,0.875,0.7068125000000001,0.7915190940850501,0.48275862068965514,106.85714285714285
2898,23613,0.375,0.79315625,0.9972172027466569,0.0,106.83804627249356
2899,11821,0.3625,0.8028437499999999,0.9873750150584266,0.0,106.83804627249356
2900,11082,0.125,0.833625,0.8749909649439825,0.0,106.83804627249356
2901,11617,0.3625,0.903125,0.7718949524153716,0.13793103448275862,106.8181818181818
2902,14234,0.875,0.844125,0.9902300927599084,0.13793103448275862,106.8181818181818
2903,13157,0.625,0.746875,0.62643055053608,0.27586206896551724,106.77999999999999
2904,11079,0.125,0.8195625,0.8788820624021202,0.6206896551724137,106.74999999999999
2905,12217,0.375,0.8514375,0.9854234429586796,0.0,106.7352185089974
2906,12433,0.6125,0.8514375,0.9854234429586796,0.0,106.7352185089974
2907,24308,0.8625,0.8275,0.9855077701481749,0.0,106.7352185089974
2908,12820,0.6125,0.7876562500000001,0.8868570051800987,0.27586206896551724,106.72999999999998
2909,23684,0.625,0.805625,0.9997470184315143,0.27586206896551724,106.69999999999997
2910,13449,0.8625,0.7924375,0.9969883146608842,1.0,106.69999999999997
2911,13488,0.8625,0.6875,0.62643055053608,0.3448275862068966,106.66666666666666
2912,11779,0.3625,0.76290625,0.9138296590772196,1.0,106.65999999999998
2913,11844,0.375,0.7876562500000001,0.8868570051800987,0.27586206896551724,106.65999999999998
2914,22949,0.6125,0.849375,0.9746536561860017,0.0,106.63239074550127
2915,13837,0.8625,0.8028437499999999,0.9873750150584266,0.0,106.63239074550127
2916,12184,0.375,0.6875,0.62643055053608,1.0,106.59999999999998
2917,12499,0.6125,0.71875,0.62643055053608,0.6206896551724137,106.58333333333331
2918,13186,0.625,0.70125,0.7658836284784966,0.48275862068965514,106.57142857142856
2919,22387,0.8625,0.7713125,0.9860619202505723,0.3448275862068966,106.49999999999999
2920,24321,0.625,0.81503125,0.9878086977472593,0.27586206896551724,106.49999999999999
2921,11614,0.3625,0.903125,0.6846187206360679,1.0,106.49999999999999
2922,21064,0.625,0.7618750000000001,0.9661366100469823,0.13793103448275862,106.45454545454544
2923,13629,0.8625,0.903125,0.655524635586074,0.6896551724137931,106.42857142857142
2924,21672,0.6125,0.8712500000000001,0.9673292374412721,0.9655172413793103,106.42857142857142
2925,11217,0.125,0.7924375,0.9969883146608842,0.6896551724137931,106.42857142857142
2926,12632,0.6125,0.90625,0.6545717383447777,0.9655172413793103,106.42857142857142
2927,13301,0.625,0.85690625,0.96883508011083,0.9655172413793103,106.42857142857142
2928,10532,0.1125,0.79528125,0.8773762197325623,0.9655172413793103,106.42857142857142
2929,10558,0.1125,0.833625,0.8749909649439825,0.9655172413793103,106.42857142857142
2930,13376,0.8625,0.85690625,0.96883508011083,0.9655172413793103,106.42857142857142
2931,11024,0.125,0.90625,0.7671364895795687,0.6896551724137931,106.42857142857142
2932,13181,0.625,0.715625,0.6545717383447777,0.48275862068965514,106.42857142857142
2933,24333,0.625,0.8275,0.9975906517287073,0.6896551724137931,106.42857142857142
2934,12484,0.6125,0.70125,0.7658836284784966,0.48275862068965514,106.42857142857142
2935,13641,0.8625,0.90625,0.62643055053608,0.48275862068965514,106.42857142857142
2936,10827,0.125,0.8028437499999999,0.9873750150584266,0.6896551724137931,106.42857142857142
2937,23669,0.8625,0.805625,0.9877002770750511,0.6896551724137931,106.42857142857142
2938,13034,0.625,0.9252812499999999,0.7551740754126008,0.9655172413793103,106.42857142857142
2939,12215,0.375,0.865875,0.9729671123960967,0.0,106.42673521850898
2940,14130,0.875,0.79528125,0.8773762197325623,0.3448275862068966,106.41666666666666
