rank,node_number,x_n,y_n,z_n,t_n,score
1,5505,0.8625,0.215625,0.62643055053608,0.0,20567.608431876604
2,6462,0.125,0.465625,0.7238561619082038,0.48275862068965514,14284.285142857141
3,12600,0.6125,0.871875,0.6538959161546801,0.48275862068965514,7144.999428571427
4,8456,0.625,0.40625,0.7718949524153716,0.27586206896551724,7001.299299999999
5,16178,0.6125,0.64625,0.7619563907962895,0.3448275862068966,5854.832749999999
6,20340,0.46412499999999995,0.8904062500000001,0.9294422358751956,0.3448275862068966,5833.416083333333
7,24326,0.7439250000000001,0.82284375,0.9866883508011083,0.6206896551724137,5833.416083333333
8,14031,0.875,0.9375,0.6996542585230695,0.13793103448275862,5449.181181818181
9,6137,0.875,0.28247187500000004,0.9134441633538127,0.0,5141.078971722364
10,487,0.5625,0.484375,0.62643055053608,0.13793103448275862,4545.544818181817
11,12183,0.375,0.6875,0.7059462715335502,1.0,4031.1992999999993
12,23420,0.4699375,0.48687500000000006,0.998831466088423,0.6896551724137931,3569.713785714285
13,20203,0.6961625,0.5759375,0.9323936875075292,0.8275862068965517,3124.2495624999997
14,397,0.5625,0.578125,0.62643055053608,0.9655172413793103,2858.3566428571426
15,3086,0.125,0.048982187499999996,0.6938103842910492,0.48275862068965514,2856.4994999999994
16,10292,0.8625,0.5216875,0.9831104686182388,0.9655172413793103,2852.4994999999994
17,19232,0.1843575,0.10329999999999999,0.937513552584026,0.3448275862068966,2499.916083333333
18,17320,0.6125,0.31498750000000003,0.8226478737501505,0.3448275862068966,2498.166083333333
19,5986,0.875,0.246875,0.7088266473918805,0.48275862068965514,2142.9995
20,10633,0.1125,0.9375,0.7240621611853992,0.0,2058.7139331619533
21,9133,0.6125,0.40625,0.6846187206360679,0.0,2058.405449871465
22,7457,0.375,0.434375,0.7885315022286471,0.27586206896551724,1998.5992999999996
23,9262,0.6125,0.5378437500000001,0.9739549451873267,0.0,1029.4080205655525
24,8361,0.625,0.6201875,0.8427538850740873,0.27586206896551724,903.3093999999999
25,2770,0.125,0.102146875,0.8990362606914829,0.3448275862068966,833.4160833333332
26,10204,0.8625,0.5169374999999999,0.9969883146608842,0.6896551724137931,709.8066428571427
27,19033,0.15476625,0.90134375,0.924587399108541,1.0,699.9393999999999
28,20174,0.5415,0.57596875,0.9452837007589447,0.6206896551724137,503.14949999999993
29,13686,0.8625,0.921625,0.7775207806288399,0.27586206896551724,499.7893999999999
30,1775,0.3125,0.875,0.6023370678231538,1.0,399.96939999999995
31,1786,0.0625,0.890625,0.6023370678231538,0.27586206896551724,300.0593999999999
32,11717,0.3625,0.67378125,0.7085905312612938,0.0,295.35156812339324
33,10828,0.125,0.78125,0.9059872304541622,0.13793103448275862,181.4903636363636
34,12403,0.6125,0.90625,0.8367546078785688,0.3448275862068966,166.71616666666665
35,6329,0.125,0.61378125,0.8589928924225997,0.48275862068965514,161.42857142857142
36,6346,0.125,0.6379374999999999,0.7905914950006022,0.48275862068965514,157.1428571428571
37,10729,0.1125,0.65934375,0.7478014697024454,0.0,154.34447300771205
38,10729,0.1125,0.65934375,0.7478014697024454,1.0,154.29999999999998
39,7192,0.1125,0.6420625,0.7767256956993133,0.48275862068965514,154.28571428571428
40,7193,0.1125,0.64609375,0.762462353933261,0.6206896551724137,152.08333333333331
41,10729,0.1125,0.65934375,0.7478014697024454,0.27586206896551724,150.29999999999998
42,6342,0.125,0.64378125,0.7470545717383447,0.6206896551724137,149.99999999999997
43,7193,0.1125,0.64609375,0.762462353933261,0.48275862068965514,149.28571428571428
44,16063,0.125,0.64625,0.7619563907962895,0.0,147.55784061696656
45,6352,0.125,0.638375,0.8049271172147935,0.48275862068965514,145.7142857142857
46,6342,0.125,0.64378125,0.7470545717383447,1.0,144.99999999999997
47,17463,0.12499999999999992,0.61190625,0.8635586073966991,0.48275862068965514,144.28571428571428
48,16063,0.125,0.64625,0.7619563907962895,0.27586206896551724,143.49999999999997
49,6347,0.125,0.6420625,0.7767256956993133,0.48275862068965514,142.1428571428571
50,6345,0.125,0.63371875,0.8040477050957715,0.48275862068965514,139.64285714285714
51,6342,0.125,0.64378125,0.7470545717383447,0.0,139.22879177377888
52,6342,0.125,0.64378125,0.7470545717383447,0.27586206896551724,137.29999999999998
53,15587,0.12499999999999992,0.66190625,0.7740151788941092,1.0,135.49999999999997
54,6342,0.125,0.64378125,0.7470545717383447,0.3448275862068966,132.91666666666666
55,17487,0.3625,0.6119375,0.8634501867244909,0.48275862068965514,132.85714285714283
56,10729,0.1125,0.65934375,0.7478014697024454,0.13793103448275862,131.90909090909088
57,16063,0.125,0.64625,0.7619563907962895,0.13793103448275862,130.27272727272725
58,8208,0.3625,0.65003125,0.7478014697024454,0.0,130.07712082262208
59,6342,0.125,0.64378125,0.7470545717383447,0.13793103448275862,129.99999999999997
60,16064,0.14860375,0.6446875000000001,0.7675219853029756,0.0,128.84318766066835
61,6341,0.125,0.63753125,0.7463052644259728,0.6206896551724137,128.33333333333331
62,7142,0.1125,0.64940625,0.7669437417178653,0.48275862068965514,127.14285714285712
63,10913,0.125,0.66328125,0.762462353933261,1.0,126.89999999999998
64,8376,0.625,0.65003125,0.7478014697024454,0.0,126.06683804627247
65,8208,0.3625,0.65003125,0.7478014697024454,0.27586206896551724,125.89999999999998
66,15587,0.12499999999999992,0.66190625,0.7740151788941092,0.0,125.75835475578404
67,16064,0.14860375,0.6446875000000001,0.7675219853029756,0.27586206896551724,125.59999999999998
68,10913,0.125,0.66328125,0.762462353933261,0.0,125.55269922879175
69,8224,0.3625,0.61378125,0.8589928924225997,0.48275862068965514,124.99999999999999
70,16267,0.83895,0.6446875000000001,0.767509938561619,0.0,124.93573264781489
71,7356,0.375,0.64378125,0.7470545717383447,0.3448275862068966,124.74999999999999
72,10445,0.1125,0.65996875,0.7669437417178653,0.0,124.42159383033416
73,7330,0.375,0.5758125,0.9325864353692326,0.9655172413793103,124.14285714285712
74,7330,0.375,0.5758125,0.9325864353692326,0.6896551724137931,123.85714285714285
75,7330,0.375,0.5758125,0.9325864353692326,0.8275862068965517,123.56249999999999
76,8376,0.625,0.65003125,0.7478014697024454,0.27586206896551724,123.29999999999998
77,10729,0.1125,0.65934375,0.7478014697024454,0.6206896551724137,122.99999999999999
78,15587,0.12499999999999992,0.66190625,0.7740151788941092,0.27586206896551724,122.99999999999997
79,13931,0.875,0.65934375,0.7478014697024454,0.0,122.98200514138816
80,10913,0.125,0.66328125,0.762462353933261,0.27586206896551724,122.39999999999998
81,16064,0.14860375,0.6446875000000001,0.7675219853029756,1.0,122.09999999999998
82,10730,0.1125,0.66559375,0.7470545717383447,0.0,121.85089974293057
83,9249,0.6125,0.5758125,0.9325864353692326,0.9655172413793103,121.7142857142857
84,10445,0.1125,0.65996875,0.7669437417178653,1.0,121.69999999999997
85,16267,0.83895,0.6446875000000001,0.767509938561619,0.27586206896551724,121.49999999999997
86,9249,0.6125,0.5758125,0.9325864353692326,0.8275862068965517,121.37499999999999
87,9249,0.6125,0.5758125,0.9325864353692326,0.6896551724137931,121.28571428571426
88,16267,0.83895,0.6446875000000001,0.767509938561619,1.0,121.09999999999998
89,16081,0.1843175,0.64546875,0.7646910010842067,0.0,121.02827763496141
90,14261,0.875,0.65996875,0.7669437417178653,0.0,120.92544987146528
91,10445,0.1125,0.65996875,0.7669437417178653,0.27586206896551724,120.89999999999998
92,10716,0.1125,0.6639062499999999,0.7352017829177208,0.0,120.82262210796912
93,13931,0.875,0.65934375,0.7478014697024454,0.27586206896551724,120.19999999999997
94,10729,0.1125,0.65934375,0.7478014697024454,0.3448275862068966,119.83333333333331
95,7376,0.375,0.5745625000000001,0.9472834598241175,0.9655172413793103,119.28571428571426
96,7376,0.375,0.5745625000000001,0.9472834598241175,0.6896551724137931,119.2142857142857
97,10730,0.1125,0.66559375,0.7470545717383447,0.27586206896551724,119.19999999999997
98,10720,0.1125,0.66328125,0.762462353933261,0.0,118.6632390745501
99,10716,0.1125,0.6639062499999999,0.7352017829177208,0.27586206896551724,118.39999999999998
100,16081,0.1843175,0.64546875,0.7646910010842067,0.27586206896551724,117.89999999999998
101,16083,0.14470624999999998,0.6480625,0.7552222623780267,0.48275862068965514,117.85714285714285
102,16083,0.14470624999999998,0.6480625,0.7552222623780267,1.0,117.49999999999997
103,14261,0.875,0.65996875,0.7669437417178653,0.27586206896551724,117.49999999999997
104,9182,0.6125,0.5745625000000001,0.9472834598241175,0.9655172413793103,117.2142857142857
105,9182,0.6125,0.5745625000000001,0.9472834598241175,0.6896551724137931,116.92857142857142
106,7376,0.375,0.5745625000000001,0.9472834598241175,1.0,116.89999999999998
107,9182,0.6125,0.5745625000000001,0.9472834598241175,0.8275862068965517,116.81249999999999
108,16082,0.1645725,0.64678125,0.7600048186965426,0.0,116.81233933161951
109,6606,0.125,0.64546875,0.7352017829177208,1.0,116.59999999999998
110,14261,0.875,0.65996875,0.7669437417178653,1.0,116.59999999999998
111,16251,0.8033625000000001,0.64546875,0.7646910010842067,0.0,116.50385604113109
112,7194,0.1125,0.65003125,0.7478014697024454,1.0,116.49999999999999
113,7376,0.375,0.5745625000000001,0.9472834598241175,0.8275862068965517,116.24999999999999
114,8376,0.625,0.65003125,0.7478014697024454,0.13793103448275862,115.99999999999999
115,15798,0.8625,0.6619375,0.7741838332730996,0.0,115.98971722365036
116,10720,0.1125,0.66328125,0.762462353933261,0.27586206896551724,115.59999999999998
117,9249,0.6125,0.5758125,0.9325864353692326,1.0,114.69999999999997
118,16082,0.1645725,0.64678125,0.7600048186965426,1.0,114.49999999999999
119,8158,0.3625,0.638375,0.8049271172147935,0.48275862068965514,114.28571428571428
120,16064,0.14860375,0.6446875000000001,0.7675219853029756,0.13793103448275862,114.18181818181816
121,16082,0.1645725,0.64678125,0.7600048186965426,0.27586206896551724,113.99999999999999
122,6341,0.125,0.63753125,0.7463052644259728,0.0,113.62467866323905
123,7356,0.375,0.64378125,0.7470545717383447,0.6206896551724137,113.58333333333331
124,7194,0.1125,0.65003125,0.7478014697024454,0.0,113.31619537275063
125,16251,0.8033625000000001,0.64546875,0.7646910010842067,0.27586206896551724,113.29999999999998
126,7330,0.375,0.5758125,0.9325864353692326,1.0,112.99999999999999
127,13931,0.875,0.65934375,0.7478014697024454,0.13793103448275862,112.90909090909089
128,15798,0.8625,0.6619375,0.7741838332730996,0.27586206896551724,112.89999999999998
129,10730,0.1125,0.66559375,0.7470545717383447,0.13793103448275862,112.8181818181818
130,10720,0.1125,0.66328125,0.762462353933261,1.0,112.39999999999998
131,11915,0.375,0.65934375,0.7478014697024454,0.0,112.39074550128532
132,16063,0.125,0.64625,0.7619563907962895,0.3448275862068966,112.24999999999999
133,9182,0.6125,0.5745625000000001,0.9472834598241175,1.0,111.99999999999999
134,16250,0.82305,0.64678125,0.7600048186965426,0.0,111.97943444730075
135,6341,0.125,0.63753125,0.7463052644259728,0.27586206896551724,111.79999999999998
136,15587,0.12499999999999992,0.66190625,0.7740151788941092,0.13793103448275862,111.45454545454544
137,16267,0.83895,0.6446875000000001,0.767509938561619,0.13793103448275862,111.27272727272725
138,10237,0.8625,0.64378125,0.7470545717383447,0.3448275862068966,111.24999999999999
139,8208,0.3625,0.65003125,0.7478014697024454,0.13793103448275862,110.63636363636361
140,10913,0.125,0.66328125,0.762462353933261,0.13793103448275862,110.45454545454544
141,6341,0.125,0.63753125,0.7463052644259728,1.0,110.19999999999997
142,6341,0.125,0.63753125,0.7463052644259728,0.3448275862068966,109.99999999999999
143,16063,0.125,0.64625,0.7619563907962895,1.0,109.99999999999999
144,10445,0.1125,0.65996875,0.7669437417178653,0.13793103448275862,109.90909090909089
145,10237,0.8625,0.64378125,0.7470545717383447,0.6206896551724137,109.66666666666664
146,7194,0.1125,0.65003125,0.7478014697024454,0.27586206896551724,109.59999999999998
147,16251,0.8033625000000001,0.64546875,0.7646910010842067,1.0,109.39999999999998
148,16250,0.82305,0.64678125,0.7600048186965426,0.27586206896551724,109.19999999999997
149,15536,0.12499999999999992,0.66190625,0.7574509095289723,0.0,108.99742930591258
150,11915,0.375,0.65934375,0.7478014697024454,0.27586206896551724,108.69999999999997
151,16112,0.125,0.63065625,0.828538730273461,0.48275862068965514,108.57142857142856
152,16080,0.20421625,0.6441874999999999,0.7693289965064449,0.0,108.38046272493571
153,10716,0.1125,0.6639062499999999,0.7352017829177208,0.13793103448275862,108.36363636363635
154,15587,0.12499999999999992,0.66190625,0.7740151788941092,0.6206896551724137,107.83333333333331
155,16081,0.1843175,0.64546875,0.7646910010842067,0.13793103448275862,107.18181818181816
156,6341,0.125,0.63753125,0.7463052644259728,0.13793103448275862,107.18181818181816
157,16064,0.14860375,0.6446875000000001,0.7675219853029756,0.3448275862068966,106.91666666666666
158,13930,0.875,0.66559375,0.7470545717383447,0.13793103448275862,106.8181818181818
159,15536,0.12499999999999992,0.66190625,0.7574509095289723,0.27586206896551724,106.79999999999998
160,12923,0.625,0.65934375,0.7478014697024454,0.0,106.52956298200512
161,14261,0.875,0.65996875,0.7669437417178653,0.13793103448275862,106.09090909090908
162,6353,0.125,0.6325937500000001,0.822816528129141,0.6206896551724137,105.83333333333331
163,10237,0.8625,0.64378125,0.7470545717383447,0.13793103448275862,105.8181818181818
164,16295,0.6448750000000001,0.63196875,0.8246837730393927,1.0,105.79999999999998
165,15535,0.125,0.65878125,0.7456993133357427,1.0,105.79999999999998
166,6342,0.125,0.64378125,0.7470545717383447,0.9655172413793103,105.64285714285712
167,6353,0.125,0.6325937500000001,0.822816528129141,1.0,105.59999999999998
168,16083,0.14470624999999998,0.6480625,0.7552222623780267,0.6206896551724137,105.49999999999999
169,16080,0.20421625,0.6441874999999999,0.7693289965064449,0.27586206896551724,105.49999999999999
170,13944,0.875,0.6639062499999999,0.7352017829177208,0.48275862068965514,105.28571428571428
171,13944,0.875,0.6639062499999999,0.7352017829177208,0.13793103448275862,105.27272727272725
172,10720,0.1125,0.66328125,0.762462353933261,0.13793103448275862,104.8181818181818
173,6349,0.125,0.64609375,0.762462353933261,0.0,104.67866323907452
174,10720,0.1125,0.66328125,0.762462353933261,0.6206896551724137,104.66666666666666
175,16295,0.6448750000000001,0.63196875,0.8246837730393927,0.0,104.16452442159381
176,6341,0.125,0.63753125,0.7463052644259728,0.9655172413793103,104.07142857142856
177,15587,0.12499999999999992,0.66190625,0.7740151788941092,0.3448275862068966,103.91666666666666
178,10716,0.1125,0.6639062499999999,0.7352017829177208,0.3448275862068966,103.83333333333331
179,16252,0.783525,0.6441874999999999,0.7693289965064449,0.0,103.6503856041131
180,16251,0.8033625000000001,0.64546875,0.7646910010842067,0.13793103448275862,103.63636363636363
181,16082,0.1645725,0.64678125,0.7600048186965426,0.13793103448275862,103.63636363636363
182,12923,0.625,0.65934375,0.7478014697024454,0.27586206896551724,103.59999999999998
183,6606,0.125,0.64546875,0.7352017829177208,0.0,103.13624678663237
184,15798,0.8625,0.6619375,0.7741838332730996,1.0,103.09999999999998
185,7808,0.3625,0.45253125,0.922840621611854,0.0,103.0019537275064
186,7355,0.375,0.63753125,0.7463052644259728,0.3448275862068966,102.74999999999999
187,15536,0.12499999999999992,0.66190625,0.7574509095289723,1.0,102.59999999999998
188,15536,0.12499999999999992,0.66190625,0.7574509095289723,0.13793103448275862,102.45454545454544
189,9624,0.875,0.625,0.62643055053608,1.0,102.39999999999998
190,7193,0.1125,0.64609375,0.762462353933261,0.3448275862068966,102.33333333333331
191,10716,0.1125,0.6639062499999999,0.7352017829177208,1.0,102.09999999999998
192,6342,0.125,0.64378125,0.7470545717383447,0.6896551724137931,102.07142857142856
193,16121,0.342625,0.63196875,0.8246837730393927,0.0,101.90231362467864
194,7362,0.375,0.65003125,0.7478014697024454,0.0,101.7994858611825
195,10913,0.125,0.66328125,0.762462353933261,0.3448275862068966,101.74999999999999
196,6349,0.125,0.64609375,0.762462353933261,0.27586206896551724,101.59999999999998
197,10720,0.1125,0.66328125,0.762462353933261,0.3448275862068966,101.58333333333331
198,7192,0.1125,0.6420625,0.7767256956993133,0.6206896551724137,101.49999999999999
199,6342,0.125,0.64378125,0.7470545717383447,0.48275862068965514,101.42857142857142
200,7194,0.1125,0.65003125,0.7478014697024454,0.6206896551724137,101.41666666666666
201,10730,0.1125,0.66559375,0.7470545717383447,1.0,101.39999999999998
202,13930,0.875,0.66559375,0.7470545717383447,0.0,101.38817480719793
203,16288,0.625,0.63065625,0.828538730273461,1.0,101.19999999999999
204,6341,0.125,0.63753125,0.7463052644259728,0.6896551724137931,101.14285714285712
205,10716,0.1125,0.6639062499999999,0.7352017829177208,0.6206896551724137,101.08333333333331
206,16295,0.6448750000000001,0.63196875,0.8246837730393927,0.27586206896551724,100.99999999999999
207,16250,0.82305,0.64678125,0.7600048186965426,0.13793103448275862,100.8181818181818
208,6606,0.125,0.64546875,0.7352017829177208,0.27586206896551724,100.79999999999998
209,15798,0.8625,0.6619375,0.7741838332730996,0.13793103448275862,100.7272727272727
210,16252,0.783525,0.6441874999999999,0.7693289965064449,0.27586206896551724,100.69999999999999
211,16081,0.1843175,0.64546875,0.7646910010842067,1.0,100.69999999999999
212,13930,0.875,0.66559375,0.7470545717383447,0.27586206896551724,100.59999999999998
213,8376,0.625,0.65003125,0.7478014697024454,1.0,100.59999999999998
214,10913,0.125,0.66328125,0.762462353933261,0.6206896551724137,100.58333333333331
215,8208,0.3625,0.65003125,0.7478014697024454,1.0,100.49999999999999
216,16252,0.783525,0.6441874999999999,0.7693289965064449,1.0,100.39999999999998
217,8160,0.3625,0.62665625,0.8399349475966751,0.48275862068965514,99.99999999999999
218,12923,0.625,0.65934375,0.7478014697024454,0.13793103448275862,99.99999999999999
219,16081,0.1843175,0.64546875,0.7646910010842067,0.3448275862068966,99.91666666666666
220,7362,0.375,0.65003125,0.7478014697024454,0.27586206896551724,99.29999999999998
221,16113,0.125,0.64625,0.7784001927478615,0.48275862068965514,99.28571428571428
222,16250,0.82305,0.64678125,0.7600048186965426,1.0,99.19999999999999
223,16121,0.342625,0.63196875,0.8246837730393927,0.27586206896551724,99.19999999999999
224,13937,0.875,0.66328125,0.762462353933261,0.0,99.12596401028276
225,16082,0.1645725,0.64678125,0.7600048186965426,0.6206896551724137,98.99999999999999
226,6958,0.1125,0.625,0.62643055053608,0.0,98.92030848329047
227,10237,0.8625,0.64378125,0.7470545717383447,0.48275862068965514,98.57142857142856
228,13944,0.875,0.6639062499999999,0.7352017829177208,0.0,98.3033419023136
229,7194,0.1125,0.65003125,0.7478014697024454,0.13793103448275862,98.27272727272725
230,15586,0.1486025,0.66346875,0.7795205396940127,1.0,98.19999999999999
231,13944,0.875,0.6639062499999999,0.7352017829177208,0.27586206896551724,97.89999999999998
232,16082,0.1645725,0.64678125,0.7600048186965426,0.3448275862068966,97.83333333333331
233,16082,0.1645725,0.64678125,0.7600048186965426,0.48275862068965514,97.71428571428571
234,16083,0.14470624999999998,0.6480625,0.7552222623780267,0.0,97.68637532133674
235,13944,0.875,0.6639062499999999,0.7352017829177208,0.6206896551724137,97.58333333333331
236,16064,0.14860375,0.6446875000000001,0.7675219853029756,0.6206896551724137,97.33333333333331
237,16063,0.125,0.64625,0.7619563907962895,0.48275862068965514,97.21428571428571
238,7356,0.375,0.64378125,0.7470545717383447,0.13793103448275862,97.09090909090908
239,16065,0.17242125,0.6431250000000001,0.773027346102879,0.0,97.06940874035988
240,9223,0.6125,0.64378125,0.7470545717383447,0.0,96.63753213367607
241,9223,0.6125,0.64378125,0.7470545717383447,0.27586206896551724,96.52999999999999
242,7192,0.1125,0.6420625,0.7767256956993133,1.0,96.49999999999999
243,13937,0.875,0.66328125,0.762462353933261,0.27586206896551724,96.49999999999999
244,10238,0.8625,0.63753125,0.7463052644259728,0.13793103448275862,96.18181818181817
245,7362,0.375,0.65003125,0.7478014697024454,0.13793103448275862,96.09090909090908
246,7194,0.1125,0.65003125,0.7478014697024454,0.3448275862068966,96.08333333333331
247,16063,0.125,0.64625,0.7619563907962895,0.6206896551724137,96.08333333333331
248,14261,0.875,0.65996875,0.7669437417178653,0.48275862068965514,96.07142857142856
249,16080,0.20421625,0.6441874999999999,0.7693289965064449,0.13793103448275862,95.8181818181818
250,13937,0.875,0.66328125,0.762462353933261,1.0,95.79999999999998
251,16268,0.8151875000000001,0.6431250000000001,0.7730032526201662,0.0,95.73264781491001
252,7356,0.375,0.64378125,0.7470545717383447,0.48275862068965514,95.71428571428571
253,16083,0.14470624999999998,0.6480625,0.7552222623780267,0.27586206896551724,95.59999999999998
254,9624,0.875,0.625,0.62643055053608,0.0,95.52699228791772
255,9972,0.8625,0.64546875,0.7352017829177208,0.0,95.11568123393315
256,16084,0.125,0.649375,0.750391519094085,0.48275862068965514,95.07142857142856
257,10235,0.8625,0.64609375,0.762462353933261,0.0,95.012853470437
258,11737,0.3625,0.65934375,0.7478014697024454,0.13793103448275862,94.99999999999999
259,16084,0.125,0.649375,0.750391519094085,1.0,94.79999999999998
260,9390,0.875,0.65003125,0.7478014697024454,1.0,94.69999999999999
261,13944,0.875,0.6639062499999999,0.7352017829177208,0.3448275862068966,94.66666666666666
262,16065,0.17242125,0.6431250000000001,0.773027346102879,0.27586206896551724,94.59999999999998
263,13931,0.875,0.65934375,0.7478014697024454,0.48275862068965514,94.35714285714285
264,11915,0.375,0.65934375,0.7478014697024454,0.13793103448275862,94.18181818181817
265,13931,0.875,0.65934375,0.7478014697024454,0.6206896551724137,94.16666666666666
266,7362,0.375,0.65003125,0.7478014697024454,1.0,93.99999999999999
267,16251,0.8033625000000001,0.64546875,0.7646910010842067,0.3448275862068966,93.83333333333331
268,16267,0.83895,0.6446875000000001,0.767509938561619,0.6206896551724137,93.83333333333331
269,16095,0.342625,0.63196875,0.8094085049993975,1.0,93.59999999999998
270,6353,0.125,0.6325937500000001,0.822816528129141,0.48275862068965514,93.57142857142856
271,13930,0.875,0.66559375,0.7470545717383447,0.48275862068965514,93.49999999999999
272,9972,0.8625,0.64546875,0.7352017829177208,0.27586206896551724,93.49999999999999
273,11737,0.3625,0.65934375,0.7478014697024454,0.0,93.26478149100255
274,16268,0.8151875000000001,0.6431250000000001,0.7730032526201662,0.27586206896551724,93.19999999999999
275,16251,0.8033625000000001,0.64546875,0.7646910010842067,0.6206896551724137,93.08333333333331
276,16267,0.83895,0.6446875000000001,0.767509938561619,0.3448275862068966,93.08333333333331
277,7355,0.375,0.63753125,0.7463052644259728,0.6206896551724137,93.08333333333331
278,13931,0.875,0.65934375,0.7478014697024454,0.3448275862068966,92.99999999999999
279,16084,0.125,0.649375,0.750391519094085,0.6206896551724137,92.91666666666666
280,6958,0.1125,0.625,0.62643055053608,0.27586206896551724,92.89999999999998
281,16083,0.14470624999999998,0.6480625,0.7552222623780267,0.6896551724137931,92.85714285714285
282,8205,0.3625,0.6379374999999999,0.7905914950006022,0.48275862068965514,92.85714285714285
283,10238,0.8625,0.63753125,0.7463052644259728,0.3448275862068966,92.74999999999999
284,6606,0.125,0.64546875,0.7352017829177208,0.6206896551724137,92.49999999999999
285,10235,0.8625,0.64609375,0.762462353933261,0.27586206896551724,92.29999999999998
286,15535,0.125,0.65878125,0.7456993133357427,0.9655172413793103,92.14285714285712
287,15535,0.125,0.65878125,0.7456993133357427,0.6896551724137931,92.14285714285712
288,16249,0.84285,0.6480625,0.7552222623780267,0.0,91.92802056555269
289,7355,0.375,0.63753125,0.7463052644259728,1.0,91.81999999999998
290,10730,0.1125,0.66559375,0.7470545717383447,0.6206896551724137,91.74999999999999
291,10238,0.8625,0.63753125,0.7463052644259728,0.6206896551724137,91.74999999999999
292,16268,0.8151875000000001,0.6431250000000001,0.7730032526201662,1.0,91.69999999999999
293,9624,0.875,0.625,0.62643055053608,0.6206896551724137,91.66666666666666
294,16252,0.783525,0.6441874999999999,0.7693289965064449,0.13793103448275862,91.63636363636363
295,9222,0.6125,0.65003125,0.7478014697024454,0.0,91.61953727506425
296,11737,0.3625,0.65934375,0.7478014697024454,0.27586206896551724,91.59999999999998
297,7356,0.375,0.64378125,0.7470545717383447,0.27586206896551724,91.56999999999998
298,6606,0.125,0.64546875,0.7352017829177208,0.13793103448275862,91.27272727272725
299,9624,0.875,0.625,0.62643055053608,0.27586206896551724,91.19999999999999
300,8161,0.3625,0.62059375,0.8562823756173954,0.48275862068965514,91.14285714285712
301,16295,0.6448750000000001,0.63196875,0.8246837730393927,0.13793103448275862,91.09090909090908
302,15535,0.125,0.65878125,0.7456993133357427,0.0,91.00257069408738
303,10730,0.1125,0.66559375,0.7470545717383447,0.3448275862068966,90.99999999999999
304,6349,0.125,0.64609375,0.762462353933261,0.13793103448275862,90.8181818181818
305,15587,0.12499999999999992,0.66190625,0.7740151788941092,0.48275862068965514,90.71428571428571
306,16121,0.342625,0.63196875,0.8246837730393927,0.13793103448275862,90.09090909090908
307,13944,0.875,0.6639062499999999,0.7352017829177208,0.9655172413793103,89.99999999999999
308,13944,0.875,0.6639062499999999,0.7352017829177208,0.6896551724137931,89.99999999999999
309,16065,0.17242125,0.6431250000000001,0.773027346102879,1.0,89.99999999999999
310,16288,0.625,0.63065625,0.828538730273461,0.0,89.8714652956298
311,16249,0.84285,0.6480625,0.7552222623780267,0.27586206896551724,89.79999999999998
312,7362,0.375,0.65003125,0.7478014697024454,0.3448275862068966,89.66666666666666
313,9391,0.875,0.64609375,0.762462353933261,0.3448275862068966,89.66666666666666
314,16079,0.22399874999999997,0.642875,0.7738706179978316,0.0,89.66580976863752
315,7356,0.375,0.64378125,0.7470545717383447,0.0,89.6555269922879
316,16084,0.125,0.649375,0.750391519094085,0.0,89.46015424164523
317,10237,0.8625,0.64378125,0.7470545717383447,0.9655172413793103,89.42857142857142
318,6270,0.125,0.625,0.8084809059149499,1.0,89.29999999999998
319,7191,0.1125,0.6379374999999999,0.7905914950006022,0.48275862068965514,89.28571428571428
320,10445,0.1125,0.65996875,0.7669437417178653,0.9655172413793103,89.28571428571428
321,13937,0.875,0.66328125,0.762462353933261,0.13793103448275862,89.27272727272725
322,10729,0.1125,0.65934375,0.7478014697024454,0.48275862068965514,89.21428571428571
323,15535,0.125,0.65878125,0.7456993133357427,0.27586206896551724,89.19999999999999
324,9392,0.875,0.64940625,0.7669437417178653,0.0,89.1516709511568
325,11915,0.375,0.65934375,0.7478014697024454,1.0,89.09999999999998
326,9222,0.6125,0.65003125,0.7478014697024454,0.27586206896551724,88.89999999999998
327,10237,0.8625,0.64378125,0.7470545717383447,0.6896551724137931,88.42857142857142
328,16250,0.82305,0.64678125,0.7600048186965426,0.3448275862068966,88.33333333333331
329,16294,0.664625,0.63325,0.8208047223226117,0.0,88.02056555269921
330,6619,0.125,0.621875,0.8320322852668354,0.48275862068965514,87.85714285714285
331,10238,0.8625,0.63753125,0.7463052644259728,0.48275862068965514,87.85714285714285
332,8376,0.625,0.65003125,0.7478014697024454,0.3448275862068966,87.66666666666666
333,15586,0.1486025,0.66346875,0.7795205396940127,0.0,87.60925449871463
334,16294,0.664625,0.63325,0.8208047223226117,1.0,87.49999999999999
335,16084,0.125,0.649375,0.750391519094085,0.27586206896551724,87.49999999999999
336,10907,0.125,0.65934375,0.7478014697024454,1.0,87.49999999999999
337,9391,0.875,0.64609375,0.762462353933261,0.6206896551724137,87.41666666666666
338,10235,0.8625,0.64609375,0.762462353933261,1.0,87.39999999999998
339,16083,0.14470624999999998,0.6480625,0.7552222623780267,0.13793103448275862,87.36363636363635
340,16080,0.20421625,0.6441874999999999,0.7693289965064449,0.3448275862068966,87.33333333333331
341,6607,0.125,0.6515625,0.735933020118058,0.0,87.30077120822621
342,16122,0.32287499999999997,0.63325,0.8208047223226117,0.0,87.30077120822621
343,16079,0.22399874999999997,0.642875,0.7738706179978316,0.27586206896551724,87.29999999999998
344,9623,0.875,0.625,0.6508384531984098,1.0,87.29999999999998
345,13930,0.875,0.66559375,0.7470545717383447,0.6896551724137931,87.14285714285712
346,10730,0.1125,0.66559375,0.7470545717383447,0.9655172413793103,87.14285714285712
347,16288,0.625,0.63065625,0.828538730273461,0.27586206896551724,87.09999999999998
348,9390,0.875,0.65003125,0.7478014697024454,0.0,87.09511568123392
349,8376,0.625,0.65003125,0.7478014697024454,0.6206896551724137,87.08333333333331
350,16082,0.1645725,0.64678125,0.7600048186965426,0.6896551724137931,87.07142857142856
351,10237,0.8625,0.64378125,0.7470545717383447,0.27586206896551724,86.99999999999999
352,9390,0.875,0.65003125,0.7478014697024454,0.3448275862068966,86.83333333333331
353,16250,0.82305,0.64678125,0.7600048186965426,0.6206896551724137,86.66666666666666
354,7355,0.375,0.63753125,0.7463052644259728,0.0,86.5912596401028
355,7362,0.375,0.65003125,0.7478014697024454,0.6206896551724137,86.58333333333331
356,13930,0.875,0.66559375,0.7470545717383447,0.9655172413793103,86.42857142857142
357,10445,0.1125,0.65996875,0.7669437417178653,0.8275862068965517,86.24999999999999
358,9392,0.875,0.64940625,0.7669437417178653,0.27586206896551724,86.19999999999999
359,9972,0.8625,0.64546875,0.7352017829177208,0.13793103448275862,86.09090909090908
360,16295,0.6448750000000001,0.63196875,0.8246837730393927,0.6206896551724137,85.83333333333331
361,9390,0.875,0.65003125,0.7478014697024454,0.6206896551724137,85.83333333333331
362,16065,0.17242125,0.6431250000000001,0.773027346102879,0.13793103448275862,85.8181818181818
363,10920,0.125,0.6639062499999999,0.7352017829177208,1.0,85.79999999999998
364,16268,0.8151875000000001,0.6431250000000001,0.7730032526201662,0.13793103448275862,85.72727272727272
365,14261,0.875,0.65996875,0.7669437417178653,0.6896551724137931,85.71428571428571
366,10445,0.1125,0.65996875,0.7669437417178653,0.6896551724137931,85.71428571428571
367,9624,0.875,0.625,0.62643055053608,0.48275862068965514,85.71428571428571
368,7355,0.375,0.63753125,0.7463052644259728,0.27586206896551724,85.65999999999998
369,16108,0.3625,0.63065625,0.828538730273461,0.0,85.6555269922879
370,15586,0.1486025,0.66346875,0.7795205396940127,0.27586206896551724,85.59999999999998
371,10235,0.8625,0.64609375,0.762462353933261,0.13793103448275862,85.54545454545453
372,16294,0.664625,0.63325,0.8208047223226117,0.27586206896551724,85.39999999999999
373,13937,0.875,0.66328125,0.762462353933261,0.3448275862068966,85.33333333333331
374,6955,0.1125,0.625,0.6508384531984098,0.0,85.14138817480718
375,15535,0.125,0.65878125,0.7456993133357427,0.8275862068965517,84.99999999999999
376,10237,0.8625,0.64378125,0.7470545717383447,0.8275862068965517,84.99999999999999
377,10716,0.1125,0.6639062499999999,0.7352017829177208,0.6896551724137931,84.99999999999999
378,6341,0.125,0.63753125,0.7463052644259728,0.48275862068965514,84.99999999999999
379,6270,0.125,0.625,0.8084809059149499,0.6206896551724137,84.99999999999999
380,16122,0.32287499999999997,0.63325,0.8208047223226117,0.27586206896551724,84.99999999999999
381,6607,0.125,0.6515625,0.735933020118058,1.0,84.89999999999999
382,7194,0.1125,0.65003125,0.7478014697024454,0.48275862068965514,84.85714285714285
383,16121,0.342625,0.63196875,0.8246837730393927,0.3448275862068966,84.74999999999999
384,6607,0.125,0.6515625,0.735933020118058,0.27586206896551724,84.69999999999999
385,10720,0.1125,0.66328125,0.762462353933261,0.48275862068965514,84.64285714285714
386,8208,0.3625,0.65003125,0.7478014697024454,0.3448275862068966,84.49999999999999
387,16249,0.84285,0.6480625,0.7552222623780267,0.13793103448275862,84.36363636363635
388,14261,0.875,0.65996875,0.7669437417178653,0.9655172413793103,84.28571428571428
389,10730,0.1125,0.66559375,0.7470545717383447,0.6896551724137931,84.28571428571428
390,13937,0.875,0.66328125,0.762462353933261,0.6206896551724137,84.24999999999999
391,9390,0.875,0.65003125,0.7478014697024454,0.27586206896551724,84.19999999999999
392,6605,0.125,0.63934375,0.7344705457173835,1.0,84.09999999999998
393,6931,0.1125,0.63934375,0.7344705457173835,1.0,84.09999999999998
394,16252,0.783525,0.6441874999999999,0.7693289965064449,0.6206896551724137,84.08333333333331
395,16112,0.125,0.63065625,0.828538730273461,0.6206896551724137,84.08333333333331
396,6931,0.1125,0.63934375,0.7344705457173835,0.0,84.0102827763496
397,10237,0.8625,0.64378125,0.7470545717383447,0.0,84.0102827763496
398,6352,0.125,0.638375,0.8049271172147935,0.6206896551724137,83.91666666666666
399,16252,0.783525,0.6441874999999999,0.7693289965064449,0.3448275862068966,83.83333333333331
400,13944,0.875,0.6639062499999999,0.7352017829177208,0.8275862068965517,83.74999999999999
401,6958,0.1125,0.625,0.62643055053608,0.13793103448275862,83.63636363636363
402,9999,0.8625,0.625,0.6996542585230695,1.0,83.59999999999998
403,10913,0.125,0.66328125,0.762462353933261,0.9655172413793103,83.57142857142856
404,16081,0.1843175,0.64546875,0.7646910010842067,0.6206896551724137,83.49999999999999
405,16083,0.14470624999999998,0.6480625,0.7552222623780267,0.9655172413793103,83.42857142857142
406,7593,0.375,0.625,0.6996542585230695,1.0,83.39999999999999
407,7365,0.375,0.64396875,0.7863028550777015,0.48275862068965514,83.35714285714285
408,16108,0.3625,0.63065625,0.828538730273461,0.27586206896551724,83.09999999999998
409,16083,0.14470624999999998,0.6480625,0.7552222623780267,0.3448275862068966,82.99999999999999
410,10238,0.8625,0.63753125,0.7463052644259728,0.9655172413793103,82.92857142857142
411,8281,0.3625,0.625,0.8084809059149499,1.0,82.87999999999998
412,16266,0.8625,0.64625,0.7619563907962895,0.6896551724137931,82.78571428571428
413,6347,0.125,0.6420625,0.7767256956993133,0.6206896551724137,82.49999999999999
414,9972,0.8625,0.64546875,0.7352017829177208,1.0,82.29999999999998
415,16267,0.83895,0.6446875000000001,0.767509938561619,0.6896551724137931,82.21428571428571
416,10238,0.8625,0.63753125,0.7463052644259728,0.6896551724137931,82.21428571428571
417,13930,0.875,0.66559375,0.7470545717383447,0.6206896551724137,82.16666666666666
418,15795,0.83895,0.6635,0.7796530538489338,0.0,82.159383033419
419,16266,0.8625,0.64625,0.7619563907962895,0.9655172413793103,82.14285714285714
420,16295,0.6448750000000001,0.63196875,0.8246837730393927,0.48275862068965514,82.14285714285714
421,7356,0.375,0.64378125,0.7470545717383447,0.9655172413793103,82.14285714285714
422,16082,0.1645725,0.64678125,0.7600048186965426,0.9655172413793103,82.07142857142856
423,9623,0.875,0.625,0.6508384531984098,0.0,81.95372750642672
424,16267,0.83895,0.6446875000000001,0.767509938561619,0.9655172413793103,81.92857142857142
425,7188,0.1125,0.62940625,0.817094325984821,1.0,81.89999999999999
426,15798,0.8625,0.6619375,0.7741838332730996,0.6206896551724137,81.66666666666666
427,16084,0.125,0.649375,0.750391519094085,0.13793103448275862,81.63636363636363
428,7355,0.375,0.63753125,0.7463052644259728,0.48275862068965514,81.42857142857142
429,10913,0.125,0.66328125,0.762462353933261,0.48275862068965514,81.28571428571428
430,9975,0.8625,0.6515625,0.735933020118058,0.0,81.23393316195371
431,16089,0.3625,0.6338125,0.8036742561137211,0.48275862068965514,80.99999999999999
432,6931,0.1125,0.63934375,0.7344705457173835,0.27586206896551724,80.99999999999999
433,9624,0.875,0.625,0.62643055053608,0.13793103448275862,80.90909090909089
434,15587,0.12499999999999992,0.66190625,0.7740151788941092,0.6896551724137931,80.71428571428571
435,9222,0.6125,0.65003125,0.7478014697024454,0.13793103448275862,80.63636363636363
436,10730,0.1125,0.66559375,0.7470545717383447,0.8275862068965517,80.62499999999999
437,16111,0.12499999999999992,0.63378125,0.8192145524635586,1.0,80.59999999999998
438,6955,0.1125,0.625,0.6508384531984098,0.27586206896551724,80.59999999999998
439,16065,0.17242125,0.6431250000000001,0.773027346102879,0.3448275862068966,80.49999999999999
440,15535,0.125,0.65878125,0.7456993133357427,0.13793103448275862,80.45454545454544
441,16080,0.20421625,0.6441874999999999,0.7693289965064449,1.0,80.39999999999999
442,16064,0.14860375,0.6446875000000001,0.7675219853029756,0.48275862068965514,80.14285714285714
443,7210,0.1125,0.61378125,0.8589928924225997,0.48275862068965514,79.99999999999999
444,15587,0.12499999999999992,0.66190625,0.7740151788941092,0.9655172413793103,79.99999999999999
445,10913,0.125,0.66328125,0.762462353933261,0.6896551724137931,79.99999999999999
446,15795,0.83895,0.6635,0.7796530538489338,0.27586206896551724,79.89999999999999
447,9224,0.6125,0.63753125,0.7463052644259728,0.0,79.85604113110539
448,16295,0.6448750000000001,0.63196875,0.8246837730393927,0.3448275862068966,79.66666666666666
449,9223,0.6125,0.64378125,0.7470545717383447,1.0,79.64999999999999
450,6605,0.125,0.63934375,0.7344705457173835,0.0,79.58868894601541
451,16251,0.8033625000000001,0.64546875,0.7646910010842067,0.48275862068965514,79.49999999999999
452,13930,0.875,0.66559375,0.7470545717383447,0.3448275862068966,79.41666666666666
453,9975,0.8625,0.6515625,0.735933020118058,0.27586206896551724,79.39999999999999
454,16266,0.8625,0.64625,0.7619563907962895,0.8275862068965517,79.37499999999999
455,10730,0.1125,0.66559375,0.7470545717383447,0.48275862068965514,79.35714285714285
456,7356,0.375,0.64378125,0.7470545717383447,0.6896551724137931,79.28571428571428
457,6353,0.125,0.6325937500000001,0.822816528129141,0.6896551724137931,79.21428571428571
458,7329,0.375,0.5691875,0.9419226599204914,0.8275862068965517,79.18749999999999
459,16079,0.22399874999999997,0.642875,0.7738706179978316,0.13793103448275862,79.18181818181817
460,6606,0.125,0.64546875,0.7352017829177208,0.3448275862068966,79.16666666666666
461,16064,0.14860375,0.6446875000000001,0.7675219853029756,0.9655172413793103,79.07142857142856
462,9224,0.6125,0.63753125,0.7463052644259728,0.27586206896551724,78.99999999999999
463,17471,0.15458875,0.6255625,0.8281532345500542,0.48275862068965514,78.92857142857142
464,16267,0.83895,0.6446875000000001,0.767509938561619,0.48275862068965514,78.85714285714285
465,7142,0.1125,0.64940625,0.7669437417178653,1.0,78.79999999999998
466,7355,0.375,0.63753125,0.7463052644259728,0.13793103448275862,78.72727272727272
467,16251,0.8033625000000001,0.64546875,0.7646910010842067,0.9655172413793103,78.71428571428571
468,9623,0.875,0.625,0.6508384531984098,0.27586206896551724,78.59999999999998
469,9989,0.8625,0.6546875,0.7468979641007107,0.6206896551724137,78.58333333333331
470,9623,0.875,0.625,0.6508384531984098,0.48275862068965514,78.57142857142856
471,9975,0.8625,0.6515625,0.735933020118058,1.0,78.49999999999999
472,16095,0.342625,0.63196875,0.8094085049993975,0.0,78.45758354755783
473,9623,0.875,0.625,0.6508384531984098,0.6206896551724137,78.33333333333331
474,16251,0.8033625000000001,0.64546875,0.7646910010842067,0.6896551724137931,78.14285714285714
475,6605,0.125,0.63934375,0.7344705457173835,0.27586206896551724,78.09999999999998
476,12923,0.625,0.65934375,0.7478014697024454,0.48275862068965514,77.92857142857142
477,16266,0.8625,0.64625,0.7619563907962895,1.0,77.89999999999999
478,6354,0.125,0.62665625,0.8399349475966751,0.48275862068965514,77.85714285714285
479,9989,0.8625,0.6546875,0.7468979641007107,0.48275862068965514,77.85714285714285
480,16294,0.664625,0.63325,0.8208047223226117,0.13793103448275862,77.8181818181818
481,15555,0.14467375,0.6600625,0.7506083604385013,1.0,77.69999999999999
482,15798,0.8625,0.6619375,0.7741838332730996,0.3448275862068966,77.49999999999999
483,8208,0.3625,0.65003125,0.7478014697024454,0.6206896551724137,77.49999999999999
484,10238,0.8625,0.63753125,0.7463052644259728,0.27586206896551724,77.39999999999999
485,16094,0.3625,0.63065625,0.8133477894229612,0.0,77.32647814910024
486,15586,0.1486025,0.66346875,0.7795205396940127,0.13793103448275862,77.27272727272727
487,16122,0.32287499999999997,0.63325,0.8208047223226117,0.13793103448275862,77.18181818181817
488,13744,0.8625,0.66328125,0.762462353933261,1.0,77.09999999999998
489,16281,0.6448750000000001,0.63196875,0.8094085049993975,0.0,77.01799485861181
490,16295,0.6448750000000001,0.63196875,0.8246837730393927,0.6896551724137931,76.92857142857142
491,9989,0.8625,0.6546875,0.7468979641007107,0.3448275862068966,76.91666666666666
492,16064,0.14860375,0.6446875000000001,0.7675219853029756,0.6896551724137931,76.85714285714285
493,10238,0.8625,0.63753125,0.7463052644259728,0.0,76.70951156812338
494,16094,0.3625,0.63065625,0.8133477894229612,1.0,76.69999999999999
495,6959,0.1125,0.621875,0.62643055053608,0.3448275862068966,76.66666666666666
496,9624,0.875,0.625,0.62643055053608,0.3448275862068966,76.66666666666666
497,6355,0.125,0.62059375,0.8562823756173954,0.48275862068965514,76.49999999999999
498,8157,0.3625,0.64396875,0.7863028550777015,0.48275862068965514,76.42857142857142
499,10716,0.1125,0.6639062499999999,0.7352017829177208,0.9655172413793103,76.42857142857142
500,16095,0.342625,0.63196875,0.8094085049993975,0.27586206896551724,76.39999999999999
501,16295,0.6448750000000001,0.63196875,0.8246837730393927,0.9655172413793103,76.35714285714285
502,10238,0.8625,0.63753125,0.7463052644259728,0.8275862068965517,76.24999999999999
503,10907,0.125,0.65934375,0.7478014697024454,0.0,76.19537275064266
504,8156,0.3625,0.64940625,0.7669437417178653,0.48275862068965514,75.71428571428571
505,9620,0.875,0.621875,0.62643055053608,1.0,75.69999999999999
506,7608,0.375,0.6515625,0.7157583423683893,0.6206896551724137,75.66666666666666
507,16094,0.3625,0.63065625,0.8133477894229612,0.27586206896551724,75.49999999999999
508,16266,0.8625,0.64625,0.7619563907962895,0.0,75.47557840616965
509,15586,0.1486025,0.66346875,0.7795205396940127,0.6206896551724137,75.41666666666666
510,7329,0.375,0.5691875,0.9419226599204914,0.9655172413793103,75.28571428571428
511,9223,0.6125,0.64378125,0.7470545717383447,0.13793103448275862,75.27272727272727
512,6607,0.125,0.6515625,0.735933020118058,0.13793103448275862,75.09090909090908
513,13930,0.875,0.66559375,0.7470545717383447,0.8275862068965517,74.99999999999999
514,1073,0.5,0.140625,0.6023370678231538,0.3448275862068966,74.95958333333333
515,15535,0.125,0.65878125,0.7456993133357427,0.6206896551724137,74.91666666666666
516,7329,0.375,0.5691875,0.9419226599204914,0.6896551724137931,74.64285714285714
517,16281,0.6448750000000001,0.63196875,0.8094085049993975,0.27586206896551724,74.59999999999998
518,16094,0.3625,0.63065625,0.8133477894229612,0.6206896551724137,74.58333333333333
519,9972,0.8625,0.64546875,0.7352017829177208,0.3448275862068966,74.49999999999999
520,7608,0.375,0.6515625,0.7157583423683893,0.3448275862068966,74.41666666666666
521,6342,0.125,0.64378125,0.7470545717383447,0.8275862068965517,74.37499999999999
522,15795,0.83895,0.6635,0.7796530538489338,1.0,74.29999999999998
523,9989,0.8625,0.6546875,0.7468979641007107,1.0,74.29999999999998
524,10907,0.125,0.65934375,0.7478014697024454,0.27586206896551724,74.09999999999998
525,6347,0.125,0.6420625,0.7767256956993133,1.0,73.99999999999999
526,10920,0.125,0.6639062499999999,0.7352017829177208,0.0,73.93316195372749
527,16282,0.625,0.63065625,0.8133477894229612,0.0,73.83033419023135
528,8168,0.3625,0.5745625000000001,0.9472834598241175,1.0,73.79999999999998
529,10913,0.125,0.66328125,0.762462353933261,0.8275862068965517,73.74999999999999
530,16294,0.664625,0.63325,0.8208047223226117,0.6206896551724137,73.74999999999999
531,16065,0.17242125,0.6431250000000001,0.773027346102879,0.6206896551724137,73.74999999999999
532,9620,0.875,0.621875,0.62643055053608,0.27586206896551724,73.59999999999998
533,16113,0.125,0.64625,0.7784001927478615,0.0,73.54241645244214
534,10717,0.1125,0.67003125,0.7344705457173835,0.0,73.52185089974292
535,16096,0.3228625,0.63325,0.8054451270931212,1.0,73.49999999999999
536,9222,0.6125,0.65003125,0.7478014697024454,1.0,73.39999999999999
537,16081,0.1843175,0.64546875,0.7646910010842067,0.6896551724137931,73.14285714285714
538,16063,0.125,0.64625,0.7619563907962895,0.9655172413793103,73.14285714285714
539,7356,0.375,0.64378125,0.7470545717383447,0.8275862068965517,73.12499999999999
540,14261,0.875,0.65996875,0.7669437417178653,0.8275862068965517,73.12499999999999
541,16266,0.8625,0.64625,0.7619563907962895,0.27586206896551724,73.09999999999998
542,6931,0.1125,0.63934375,0.7344705457173835,0.13793103448275862,73.09090909090908
543,10445,0.1125,0.65996875,0.7669437417178653,0.48275862068965514,73.07142857142856
544,6605,0.125,0.63934375,0.7344705457173835,0.6206896551724137,72.99999999999999
545,13937,0.875,0.66328125,0.762462353933261,0.48275862068965514,72.92857142857142
546,6353,0.125,0.6325937500000001,0.822816528129141,0.9655172413793103,72.92857142857142
547,7343,0.375,0.61378125,0.8589928924225997,0.48275862068965514,72.85714285714285
548,9624,0.875,0.625,0.62643055053608,0.9655172413793103,72.85714285714285
549,9624,0.875,0.625,0.62643055053608,0.6896551724137931,72.85714285714285
550,6955,0.1125,0.625,0.6508384531984098,0.13793103448275862,72.72727272727272
551,9392,0.875,0.64940625,0.7669437417178653,0.13793103448275862,72.72727272727272
552,16110,0.3625,0.64625,0.7784001927478615,1.0,72.59999999999998
553,7362,0.375,0.65003125,0.7478014697024454,0.48275862068965514,72.57142857142856
554,16094,0.3625,0.63065625,0.8133477894229612,0.3448275862068966,72.49999999999999
555,9972,0.8625,0.64546875,0.7352017829177208,0.6206896551724137,72.49999999999999
556,16252,0.783525,0.6441874999999999,0.7693289965064449,0.9655172413793103,72.21428571428571
557,10002,0.8625,0.621875,0.7059462715335502,1.0,72.14999999999999
558,13744,0.8625,0.66328125,0.762462353933261,0.6896551724137931,72.14285714285714
559,16079,0.22399874999999997,0.642875,0.7738706179978316,1.0,72.09999999999998
560,16252,0.783525,0.6441874999999999,0.7693289965064449,0.6896551724137931,72.07142857142856
561,16252,0.783525,0.6441874999999999,0.7693289965064449,0.48275862068965514,71.99999999999999
562,16123,0.3030125,0.6345625,0.8168533911576918,0.0,71.97943444730076
563,10717,0.1125,0.67003125,0.7344705457173835,0.27586206896551724,71.89999999999999
564,6605,0.125,0.63934375,0.7344705457173835,0.13793103448275862,71.81818181818181
565,16113,0.125,0.64625,0.7784001927478615,0.27586206896551724,71.80999999999999
566,7608,0.375,0.6515625,0.7157583423683893,1.0,71.79999999999998
567,16134,0.20422124999999997,0.6441874999999999,0.7855800505963136,0.0,71.77377892030847
568,16293,0.6844875,0.6345625,0.8168533911576918,0.0,71.67095115681232
569,9620,0.875,0.621875,0.62643055053608,0.0,71.67095115681232
570,16081,0.1843175,0.64546875,0.7646910010842067,0.9655172413793103,71.64285714285714
571,16282,0.625,0.63065625,0.8133477894229612,0.27586206896551724,71.59999999999998
572,16250,0.82305,0.64678125,0.7600048186965426,0.9655172413793103,71.57142857142856
573,17465,0.333,0.6255625,0.8281532345500542,0.48275862068965514,71.57142857142856
574,16134,0.20422124999999997,0.6441874999999999,0.7855800505963136,1.0,71.49999999999999
575,16119,0.144875,0.63196875,0.8246837730393927,0.48275862068965514,71.42857142857142
576,15798,0.8625,0.6619375,0.7741838332730996,0.48275862068965514,71.42857142857142
577,13744,0.8625,0.66328125,0.762462353933261,0.9655172413793103,71.42857142857142
578,16268,0.8151875000000001,0.6431250000000001,0.7730032526201662,0.3448275862068966,71.41666666666666
579,9969,0.8625,0.621875,0.7682568365257197,1.0,71.39999999999999
580,13944,0.875,0.6639062499999999,0.7352017829177208,1.0,71.29999999999998
581,10920,0.125,0.6639062499999999,0.7352017829177208,0.27586206896551724,71.09999999999998
582,15719,0.83895,0.6635,0.763245392121431,0.0,71.05398457583546
583,16268,0.8151875000000001,0.6431250000000001,0.7730032526201662,0.6206896551724137,70.99999999999999
584,7143,0.1125,0.64396875,0.7863028550777015,0.48275862068965514,70.85714285714285
585,16079,0.22399874999999997,0.642875,0.7738706179978316,0.3448275862068966,70.83333333333333
586,16089,0.3625,0.6338125,0.8036742561137211,1.0,70.79999999999998
587,10922,0.125,0.6578125,0.735933020118058,1.0,70.79999999999998
588,9224,0.6125,0.63753125,0.7463052644259728,0.13793103448275862,70.72727272727272
589,16250,0.82305,0.64678125,0.7600048186965426,0.48275862068965514,70.71428571428571
590,7364,0.375,0.64940625,0.7669437417178653,0.48275862068965514,70.71428571428571
591,13943,0.875,0.67003125,0.7344705457173835,0.48275862068965514,70.71428571428571
592,16249,0.84285,0.6480625,0.7552222623780267,1.0,70.69999999999999
593,6959,0.1125,0.621875,0.62643055053608,0.13793103448275862,70.63636363636363
594,6341,0.125,0.63753125,0.7463052644259728,0.8275862068965517,70.62499999999999
595,15586,0.1486025,0.66346875,0.7795205396940127,0.3448275862068966,70.49999999999999
596,12923,0.625,0.65934375,0.7478014697024454,0.3448275862068966,70.49999999999999
597,15795,0.83895,0.6635,0.7796530538489338,0.13793103448275862,70.45454545454544
598,16320,0.6963125,0.63846875,0.8046018551981687,0.0,70.43701799485859
599,10235,0.8625,0.64609375,0.762462353933261,0.6896551724137931,70.42857142857142
600,16250,0.82305,0.64678125,0.7600048186965426,0.6896551724137931,70.42857142857142
601,20136,0.375,0.56815625,0.9433080351764848,0.9655172413793103,70.28571428571428
602,16122,0.32287499999999997,0.63325,0.8208047223226117,0.3448275862068966,70.24999999999999
603,16294,0.664625,0.63325,0.8208047223226117,0.3448275862068966,70.16666666666666
604,16089,0.3625,0.6338125,0.8036742561137211,0.6206896551724137,70.16666666666666
605,6349,0.125,0.64609375,0.762462353933261,1.0,70.1
606,16123,0.3030125,0.6345625,0.8168533911576918,0.27586206896551724,70.1
607,20136,0.375,0.56815625,0.9433080351764848,0.6896551724137931,70.07142857142857
608,8975,0.6125,0.6546875,0.7468979641007107,0.48275862068965514,69.99999999999999
609,6346,0.125,0.6379374999999999,0.7905914950006022,0.6206896551724137,69.99999999999999
610,16288,0.625,0.63065625,0.828538730273461,0.13793103448275862,69.99999999999999
611,7375,0.375,0.58146875,0.9368871220334899,1.0,69.99999999999999
612,8985,0.6125,0.625,0.6996542585230695,1.0,69.89999999999999
613,16130,0.2913375,0.63846875,0.8045416214913865,0.0,69.82005141388173
614,9620,0.875,0.621875,0.62643055053608,0.13793103448275862,69.81818181818181
615,15719,0.83895,0.6635,0.763245392121431,1.0,69.79999999999998
616,16134,0.20422124999999997,0.6441874999999999,0.7855800505963136,0.27586206896551724,69.79999999999998
617,15716,0.8625,0.6619375,0.7576316106493193,0.48275862068965514,69.71428571428571
618,7973,0.3625,0.621875,0.62643055053608,1.0,69.69999999999999
619,16288,0.625,0.63065625,0.828538730273461,0.6896551724137931,69.64285714285714
620,20136,0.375,0.56815625,0.9433080351764848,0.8275862068965517,69.62499999999999
621,16096,0.3228625,0.63325,0.8054451270931212,0.0,69.61439588688944
622,16293,0.6844875,0.6345625,0.8168533911576918,0.27586206896551724,69.6
623,16251,0.8033625000000001,0.64546875,0.7646910010842067,0.8275862068965517,69.56249999999999
624,15719,0.83895,0.6635,0.763245392121431,0.27586206896551724,69.39999999999999
625,15689,0.375,0.66190625,0.7740151788941092,1.0,69.39999999999999
626,16073,0.34285,0.6480625,0.7552222623780267,0.48275862068965514,69.28571428571428
627,10235,0.8625,0.64609375,0.762462353933261,0.9655172413793103,69.21428571428571
628,7195,0.1125,0.64378125,0.7470545717383447,0.0,69.20308483290488
629,16095,0.342625,0.63196875,0.8094085049993975,0.13793103448275862,69.18181818181817
630,7142,0.1125,0.64940625,0.7669437417178653,0.6206896551724137,69.16666666666666
631,16249,0.84285,0.6480625,0.7552222623780267,0.3448275862068966,69.16666666666666
632,16253,0.7638,0.642875,0.7738706179978316,0.0,69.10025706940873
633,9623,0.875,0.625,0.6508384531984098,0.13793103448275862,69.09090909090908
634,20141,0.6125,0.5806250000000001,0.9252258764004336,0.8275862068965517,68.99999999999999
635,10717,0.1125,0.67003125,0.7344705457173835,0.13793103448275862,68.99999999999999
636,8985,0.6125,0.625,0.6996542585230695,0.27586206896551724,68.89999999999999
637,6579,0.125,0.625,0.6996542585230695,1.0,68.89999999999999
638,16288,0.625,0.63065625,0.828538730273461,0.9655172413793103,68.85714285714285
639,20142,0.6125,0.5681875,0.9432478014697024,0.6896551724137931,68.85714285714285
640,12923,0.625,0.65934375,0.7478014697024454,0.6206896551724137,68.83333333333333
641,20142,0.6125,0.5681875,0.9432478014697024,0.9655172413793103,68.78571428571428
642,20142,0.6125,0.5681875,0.9432478014697024,0.8275862068965517,68.74999999999999
643,16095,0.342625,0.63196875,0.8094085049993975,0.6206896551724137,68.66666666666666
644,16280,0.6646375,0.63325,0.8054451270931212,0.0,68.58611825192801
645,7188,0.1125,0.62940625,0.817094325984821,0.6206896551724137,68.58333333333333
646,6352,0.125,0.638375,0.8049271172147935,0.6896551724137931,68.42857142857142
647,16293,0.6844875,0.6345625,0.8168533911576918,1.0,68.39999999999999
648,16065,0.17242125,0.6431250000000001,0.773027346102879,0.48275862068965514,68.35714285714285
649,16320,0.6963125,0.63846875,0.8046018551981687,0.27586206896551724,68.29999999999998
650,8985,0.6125,0.625,0.6996542585230695,0.0,68.27763496143957
651,7142,0.1125,0.64940625,0.7669437417178653,0.13793103448275862,68.27272727272727
652,6352,0.125,0.638375,0.8049271172147935,0.8275862068965517,68.24999999999999
653,16066,0.1960775,0.6415625,0.7783881460065053,0.0,68.17480719794344
654,20156,0.375,0.5806250000000001,0.9382363570654136,0.6896551724137931,68.14285714285714
655,20156,0.375,0.5806250000000001,0.9382363570654136,0.9655172413793103,68.14285714285714
656,7375,0.375,0.58146875,0.9368871220334899,0.6896551724137931,68.14285714285714
657,7375,0.375,0.58146875,0.9368871220334899,0.9655172413793103,68.14285714285714
658,16320,0.6963125,0.63846875,0.8046018551981687,1.0,67.99999999999999
659,20156,0.375,0.5806250000000001,0.9382363570654136,1.0,67.99999999999999
660,16269,0.791575,0.64159375,0.7783520057824359,0.0,67.96915167095115
661,16130,0.2913375,0.63846875,0.8045416214913865,0.27586206896551724,67.89999999999999
662,9972,0.8625,0.64546875,0.7352017829177208,0.48275862068965514,67.85714285714285
663,16294,0.664625,0.63325,0.8208047223226117,0.48275862068965514,67.85714285714285
664,6343,0.125,0.625,0.8297072641850378,0.48275862068965514,67.85714285714285
665,10720,0.1125,0.66328125,0.762462353933261,0.6896551724137931,67.85714285714285
666,6270,0.125,0.625,0.8084809059149499,0.6896551724137931,67.85714285714285
667,6270,0.125,0.625,0.8084809059149499,0.9655172413793103,67.85714285714285
668,16281,0.6448750000000001,0.63196875,0.8094085049993975,0.13793103448275862,67.81818181818181
669,9384,0.875,0.64378125,0.7470545717383447,1.0,67.79999999999998
670,16267,0.83895,0.6446875000000001,0.767509938561619,0.8275862068965517,67.74999999999999
671,10002,0.8625,0.621875,0.7059462715335502,0.0,67.66066838046271
672,8234,0.3625,0.5691875,0.9419226599204914,1.0,67.6
673,16096,0.3228625,0.63325,0.8054451270931212,0.27586206896551724,67.6
674,16082,0.1645725,0.64678125,0.7600048186965426,0.8275862068965517,67.56249999999999
675,6958,0.1125,0.625,0.62643055053608,0.3448275862068966,67.49999999999999
676,8281,0.3625,0.625,0.8084809059149499,0.6206896551724137,67.49999999999999
677,15716,0.8625,0.6619375,0.7576316106493193,0.6206896551724137,67.49999999999999
678,7593,0.375,0.625,0.6996542585230695,0.6206896551724137,67.49999999999999
679,16078,0.24392624999999998,0.64159375,0.7783640525237921,1.0,67.39999999999999
680,17492,0.3625,0.6119375,0.8775810143356222,1.0,67.39999999999999
681,6604,0.125,0.63325,0.733739308517046,1.0,67.29999999999998
682,9391,0.875,0.64609375,0.762462353933261,0.48275862068965514,67.28571428571428
683,16253,0.7638,0.642875,0.7738706179978316,0.27586206896551724,67.19999999999999
684,6939,0.1125,0.6476875,0.6691205878809782,0.0,67.146529562982
685,7355,0.375,0.63753125,0.7463052644259728,0.9655172413793103,67.14285714285714
686,7593,0.375,0.625,0.6996542585230695,0.48275862068965514,67.14285714285714
687,13931,0.875,0.65934375,0.7478014697024454,1.0,67.1
688,10716,0.1125,0.6639062499999999,0.7352017829177208,0.48275862068965514,67.07142857142857
689,6576,0.125,0.621875,0.7059462715335502,0.0,67.04370179948585
690,16063,0.125,0.64625,0.7619563907962895,0.6896551724137931,66.99999999999999
691,16081,0.1843175,0.64546875,0.7646910010842067,0.48275862068965514,66.92857142857142
692,12745,0.6125,0.65934375,0.7478014697024454,0.48275862068965514,66.92857142857142
693,13943,0.875,0.67003125,0.7344705457173835,0.13793103448275862,66.90909090909089
694,16318,0.7835125,0.6441874999999999,0.7855800505963136,0.0,66.83804627249356
695,15715,0.8625,0.65878125,0.7456993133357427,0.0,66.83804627249356
696,9975,0.8625,0.6515625,0.735933020118058,0.13793103448275862,66.72727272727272
697,16286,0.8625,0.64625,0.7784001927478615,1.0,66.69999999999999
698,10002,0.8625,0.621875,0.7059462715335502,0.6206896551724137,66.66666666666666
699,15535,0.125,0.65878125,0.7456993133357427,0.3448275862068966,66.66666666666666
700,8609,0.625,0.625,0.6508384531984098,1.0,66.62999999999998
701,16280,0.6646375,0.63325,0.8054451270931212,0.27586206896551724,66.6
702,10444,0.1125,0.66540625,0.7863028550777015,1.0,66.6
703,7195,0.1125,0.64378125,0.7470545717383447,0.27586206896551724,66.6
704,7969,0.3625,0.625,0.6508384531984098,1.0,66.6
705,16083,0.14470624999999998,0.6480625,0.7552222623780267,0.8275862068965517,66.56249999999999
706,16295,0.6448750000000001,0.63196875,0.8246837730393927,0.8275862068965517,66.49999999999999
707,6947,0.1125,0.6546875,0.7468979641007107,0.48275862068965514,66.42857142857142
708,6959,0.1125,0.621875,0.62643055053608,1.0,66.39999999999999
709,7375,0.375,0.58146875,0.9368871220334899,0.8275862068965517,66.37499999999999
710,17498,0.3625,0.624375,0.8462594868088182,0.48275862068965514,66.35714285714285
711,20156,0.375,0.5806250000000001,0.9382363570654136,0.8275862068965517,66.31249999999999
712,11237,0.125,0.65996875,0.7669437417178653,0.3448275862068966,66.24999999999999
713,15535,0.125,0.65878125,0.7456993133357427,0.48275862068965514,66.21428571428571
714,16066,0.1960775,0.6415625,0.7783881460065053,0.27586206896551724,66.19999999999999
715,16106,0.125,0.63065625,0.8133477894229612,1.0,66.19999999999999
716,6605,0.125,0.63934375,0.7344705457173835,0.3448275862068966,66.16666666666666
717,7618,0.375,0.63325,0.733739308517046,0.3448275862068966,66.16666666666666
718,13753,0.8625,0.65934375,0.7478014697024454,0.0,66.11825192802056
719,16269,0.791575,0.64159375,0.7783520057824359,0.27586206896551724,66.1
720,6930,0.1125,0.64546875,0.7352017829177208,0.0,66.0154241645244
721,20141,0.6125,0.5806250000000001,0.9252258764004336,0.9655172413793103,65.99999999999999
722,15715,0.8625,0.65878125,0.7456993133357427,0.27586206896551724,65.99999999999999
723,6347,0.125,0.6420625,0.7767256956993133,0.6896551724137931,65.92857142857142
724,9644,0.875,0.6476875,0.6691205878809782,0.13793103448275862,65.90909090909089
725,12745,0.6125,0.65934375,0.7478014697024454,0.13793103448275862,65.90909090909089
726,20141,0.6125,0.5806250000000001,0.9252258764004336,0.6896551724137931,65.85714285714285
727,7608,0.375,0.6515625,0.7157583423683893,0.9655172413793103,65.85714285714285
728,11237,0.125,0.65996875,0.7669437417178653,0.6206896551724137,65.83333333333333
729,7608,0.375,0.6515625,0.7157583423683893,0.48275862068965514,65.71428571428571
730,16130,0.2913375,0.63846875,0.8045416214913865,1.0,65.69999999999999
731,16253,0.7638,0.642875,0.7738706179978316,1.0,65.69999999999999
732,13943,0.875,0.67003125,0.7344705457173835,0.6206896551724137,65.66666666666666
733,16268,0.8151875000000001,0.6431250000000001,0.7730032526201662,0.9655172413793103,65.64285714285714
734,6939,0.1125,0.6476875,0.6691205878809782,0.13793103448275862,65.63636363636363
735,16268,0.8151875000000001,0.6431250000000001,0.7730032526201662,0.6896551724137931,65.49999999999999
736,7593,0.375,0.625,0.6996542585230695,0.27586206896551724,65.49999999999999
737,13753,0.8625,0.65934375,0.7478014697024454,1.0,65.49999999999999
738,11186,0.125,0.67396875,0.6938103842910492,1.0,65.35999999999999
739,6939,0.1125,0.6476875,0.6691205878809782,0.27586206896551724,65.29999999999998
740,9384,0.875,0.64378125,0.7470545717383447,0.0,65.2956298200514
741,16088,0.3387125,0.635375,0.7987832791229972,1.0,65.19999999999999
742,11237,0.125,0.65996875,0.7669437417178653,1.0,65.19999999999999
743,15716,0.8625,0.6619375,0.7576316106493193,0.3448275862068966,65.16666666666666
744,16095,0.342625,0.63196875,0.8094085049993975,0.9655172413793103,65.14285714285714
745,16322,0.6488375,0.63534375,0.8144319961450427,1.0,65.1
746,12745,0.6125,0.65934375,0.7478014697024454,0.0,65.08997429305911
747,7593,0.375,0.625,0.6996542585230695,0.0,65.08997429305911
748,9624,0.875,0.625,0.62643055053608,0.8275862068965517,64.99999999999999
749,10716,0.1125,0.6639062499999999,0.7352017829177208,0.8275862068965517,64.99999999999999
750,15798,0.8625,0.6619375,0.7741838332730996,0.9655172413793103,64.99999999999999
751,7355,0.375,0.63753125,0.7463052644259728,0.6896551724137931,64.99999999999999
752,7976,0.3625,0.621875,0.65293579086857,1.0,64.89999999999999
753,15719,0.83895,0.6635,0.763245392121431,0.13793103448275862,64.81818181818181
754,16318,0.7835125,0.6441874999999999,0.7855800505963136,0.27586206896551724,64.79999999999998
755,15555,0.14467375,0.6600625,0.7506083604385013,0.0,64.78149100257068
756,16287,0.625,0.63378125,0.8192145524635586,1.0,64.6
757,16244,0.6963125,0.63846875,0.7888447175039152,0.0,64.57583547557839
758,16095,0.342625,0.63196875,0.8094085049993975,0.6896551724137931,64.57142857142857
759,16094,0.3625,0.63065625,0.8133477894229612,0.13793103448275862,64.54545454545453
760,6349,0.125,0.64609375,0.762462353933261,0.6206896551724137,64.49999999999999
761,10002,0.8625,0.621875,0.7059462715335502,0.27586206896551724,64.49999999999999
762,9999,0.8625,0.625,0.6996542585230695,0.13793103448275862,64.45454545454544
763,16084,0.125,0.649375,0.750391519094085,0.3448275862068966,64.41666666666666
764,16281,0.6448750000000001,0.63196875,0.8094085049993975,1.0,64.39999999999999
765,16198,0.6125,0.64625,0.7784001927478615,1.0,64.39999999999999
766,9616,0.875,0.621875,0.65293579086857,1.0,64.39999999999999
767,7194,0.1125,0.65003125,0.7478014697024454,0.9655172413793103,64.28571428571428
768,15798,0.8625,0.6619375,0.7741838332730996,0.6896551724137931,64.28571428571428
769,8203,0.3625,0.625,0.8297072641850378,0.48275862068965514,64.28571428571428
770,7973,0.3625,0.621875,0.62643055053608,0.48275862068965514,64.28571428571428
771,15716,0.8625,0.6619375,0.7576316106493193,0.0,64.26735218508996
772,9248,0.6125,0.5691875,0.9419226599204914,0.8275862068965517,64.24999999999999
773,16294,0.664625,0.63325,0.8208047223226117,0.6896551724137931,64.21428571428571
774,11185,0.125,0.66896875,0.6778038790507167,1.0,64.19999999999999
775,16249,0.84285,0.6480625,0.7552222623780267,0.6206896551724137,64.16666666666666
776,7973,0.3625,0.621875,0.62643055053608,0.6206896551724137,64.16666666666666
777,12936,0.625,0.6639062499999999,0.7352017829177208,0.0,64.06169665809767
778,16293,0.6844875,0.6345625,0.8168533911576918,0.13793103448275862,63.99999999999999
779,16078,0.24392624999999998,0.64159375,0.7783640525237921,0.0,63.95886889460153
780,16294,0.664625,0.63325,0.8208047223226117,0.9655172413793103,63.92857142857142
781,16080,0.20421625,0.6441874999999999,0.7693289965064449,0.6206896551724137,63.83333333333332
782,12745,0.6125,0.65934375,0.7478014697024454,0.27586206896551724,63.79999999999999
783,16248,0.8625,0.649375,0.750391519094085,0.0,63.75321336760924
784,10717,0.1125,0.67003125,0.7344705457173835,0.3448275862068966,63.74999999999999
785,13753,0.8625,0.65934375,0.7478014697024454,0.27586206896551724,63.69999999999999
786,15555,0.14467375,0.6600625,0.7506083604385013,0.48275862068965514,63.64285714285713
787,6576,0.125,0.621875,0.7059462715335502,0.27586206896551724,63.59999999999999
788,15719,0.83895,0.6635,0.763245392121431,0.6206896551724137,63.58333333333332
789,16250,0.82305,0.64678125,0.7600048186965426,0.8275862068965517,63.56249999999999
790,16252,0.783525,0.6441874999999999,0.7693289965064449,0.8275862068965517,63.49999999999999
791,6930,0.1125,0.64546875,0.7352017829177208,0.27586206896551724,63.499999999999986
792,16123,0.3030125,0.6345625,0.8168533911576918,0.13793103448275862,63.454545454545446
793,16086,0.2913375,0.63846875,0.7887724370557764,0.0,63.44473007712081
794,16269,0.791575,0.64159375,0.7783520057824359,1.0,63.39999999999999
795,20128,0.375,0.5806250000000001,0.9252258764004336,0.8275862068965517,63.37499999999999
796,8960,0.6125,0.63325,0.733739308517046,0.0,63.37275064267351
797,9623,0.875,0.625,0.6508384531984098,0.3448275862068966,63.33333333333332
798,7969,0.3625,0.625,0.6508384531984098,0.6206896551724137,63.33333333333332
799,7593,0.375,0.625,0.6996542585230695,0.3448275862068966,63.33333333333332
800,15555,0.14467375,0.6600625,0.7506083604385013,0.27586206896551724,63.29999999999999
801,7953,0.3625,0.6476875,0.6691205878809782,1.0,63.29999999999999
802,16111,0.12499999999999992,0.63378125,0.8192145524635586,0.0,63.23907455012852
803,6606,0.125,0.64546875,0.7352017829177208,0.8275862068965517,63.18749999999999
804,9973,0.8625,0.63934375,0.7344705457173835,0.3448275862068966,63.16666666666666
805,9973,0.8625,0.63934375,0.7344705457173835,0.48275862068965514,63.14285714285713
806,6606,0.125,0.64546875,0.7352017829177208,0.9655172413793103,63.14285714285713
807,7142,0.1125,0.64940625,0.7669437417178653,0.8275862068965517,63.12499999999999
808,16134,0.20422124999999997,0.6441874999999999,0.7855800505963136,0.13793103448275862,63.09090909090908
809,16248,0.8625,0.649375,0.750391519094085,0.27586206896551724,62.999999999999986
810,7331,0.375,0.5823437499999999,0.9224189856643776,1.0,62.98999999999999
811,10717,0.1125,0.67003125,0.7344705457173835,0.6206896551724137,62.91666666666666
812,9384,0.875,0.64378125,0.7470545717383447,0.27586206896551724,62.89999999999999
813,8960,0.6125,0.63325,0.733739308517046,0.27586206896551724,62.86999999999999
814,10720,0.1125,0.66328125,0.762462353933261,0.9655172413793103,62.85714285714285
815,18760,0.125,0.6025,0.8847729189254305,0.48275862068965514,62.85714285714285
816,13937,0.875,0.66328125,0.762462353933261,0.9655172413793103,62.85714285714285
817,13937,0.875,0.66328125,0.762462353933261,0.6896551724137931,62.85714285714285
818,6582,0.125,0.625,0.62643055053608,1.0,62.79999999999999
819,8985,0.6125,0.625,0.6996542585230695,0.13793103448275862,62.72727272727272
820,16320,0.6963125,0.63846875,0.8046018551981687,0.13793103448275862,62.72727272727272
821,10200,0.8625,0.5461875,0.9796651005902903,1.0,62.69999999999999
822,8209,0.3625,0.64378125,0.7470545717383447,0.0,62.67352185089973
823,16244,0.6963125,0.63846875,0.7888447175039152,0.27586206896551724,62.59999999999999
824,16065,0.17242125,0.6431250000000001,0.773027346102879,0.9655172413793103,62.57142857142856
825,13744,0.8625,0.66328125,0.762462353933261,0.8275862068965517,62.49999999999999
826,9620,0.875,0.621875,0.62643055053608,0.3448275862068966,62.49999999999999
827,20136,0.375,0.56815625,0.9433080351764848,1.0,62.499999999999986
828,12936,0.625,0.6639062499999999,0.7352017829177208,0.27586206896551724,62.499999999999986
829,7348,0.375,0.59375,0.9023370678231537,1.0,62.43999999999999
830,20160,0.6125,0.5806250000000001,0.9382363570654136,0.8275862068965517,62.43749999999999
831,16321,0.6725,0.63690625,0.8095771593783881,1.0,62.39999999999999
832,20160,0.6125,0.5806250000000001,0.9382363570654136,0.9655172413793103,62.35714285714285
833,9649,0.875,0.6515625,0.735933020118058,0.6206896551724137,62.33333333333332
834,16134,0.20422124999999997,0.6441874999999999,0.7855800505963136,0.6206896551724137,62.33333333333332
835,13943,0.875,0.67003125,0.7344705457173835,0.3448275862068966,62.33333333333332
836,8209,0.3625,0.64378125,0.7470545717383447,0.27586206896551724,62.30999999999999
837,8222,0.3625,0.6005625,0.8888085772798457,0.48275862068965514,62.28571428571428
838,6589,0.125,0.6546875,0.7468979641007107,0.3448275862068966,62.24999999999999
839,7192,0.1125,0.6420625,0.7767256956993133,0.3448275862068966,62.24999999999999
840,16078,0.24392624999999998,0.64159375,0.7783640525237921,0.27586206896551724,62.19999999999999
841,8235,0.3625,0.5758125,0.9325864353692326,1.0,62.19999999999999
842,9649,0.875,0.6515625,0.735933020118058,0.48275862068965514,62.14285714285713
843,10002,0.8625,0.621875,0.7059462715335502,0.48275862068965514,62.14285714285713
844,16066,0.1960775,0.6415625,0.7783881460065053,0.48275862068965514,62.14285714285713
845,18773,0.3625,0.6025,0.8847729189254305,0.48275862068965514,62.14285714285713
846,20160,0.6125,0.5806250000000001,0.9382363570654136,0.6896551724137931,62.14285714285713
847,16292,0.7042125,0.63584375,0.812853873027346,0.0,62.107969151670936
848,16322,0.6488375,0.63534375,0.8144319961450427,0.0,62.0051413881748
849,6346,0.125,0.6379374999999999,0.7905914950006022,0.6896551724137931,61.99999999999999
850,7192,0.1125,0.6420625,0.7767256956993133,0.6896551724137931,61.99999999999999
851,15586,0.1486025,0.66346875,0.7795205396940127,0.48275862068965514,61.99999999999999
852,9973,0.8625,0.63934375,0.7344705457173835,0.6206896551724137,61.99999999999999
853,15716,0.8625,0.6619375,0.7576316106493193,0.27586206896551724,61.999999999999986
854,7620,0.375,0.64546875,0.7352017829177208,0.0,61.964010282776336
855,9647,0.875,0.63934375,0.7344705457173835,0.6896551724137931,61.92857142857142
856,12936,0.625,0.6639062499999999,0.7352017829177208,1.0,61.90999999999999
857,16282,0.625,0.63065625,0.8133477894229612,1.0,61.89999999999999
858,9647,0.875,0.63934375,0.7344705457173835,0.9655172413793103,61.85714285714285
859,6383,0.125,0.4223125,0.9472834598241175,1.0,61.79999999999999
860,16321,0.6725,0.63690625,0.8095771593783881,0.0,61.79948586118251
861,12745,0.6125,0.65934375,0.7478014697024454,0.3448275862068966,61.74999999999999
862,7973,0.3625,0.621875,0.62643055053608,0.3448275862068966,61.66666666666666
863,16086,0.2913375,0.63846875,0.7887724370557764,0.27586206896551724,61.59999999999999
864,16111,0.12499999999999992,0.63378125,0.8192145524635586,0.27586206896551724,61.59999999999999
865,14260,0.875,0.66540625,0.7863028550777015,1.0,61.59999999999999
866,15719,0.83895,0.6635,0.763245392121431,0.3448275862068966,61.58333333333332
867,16096,0.3228625,0.63325,0.8054451270931212,0.6206896551724137,61.58333333333332
868,16277,0.72405,0.63715625,0.7931092639441031,0.0,61.49100257069408
869,16130,0.2913375,0.63846875,0.8045416214913865,0.13793103448275862,61.454545454545446
870,9623,0.875,0.625,0.6508384531984098,0.6896551724137931,61.42857142857142
871,9623,0.875,0.625,0.6508384531984098,0.9655172413793103,61.42857142857142
872,6383,0.125,0.4223125,0.9472834598241175,0.48275862068965514,61.42857142857142
873,16133,0.22400124999999999,0.642875,0.7900012046741356,0.0,61.388174807197935
874,11921,0.375,0.66328125,0.762462353933261,1.0,61.29999999999999
875,10444,0.1125,0.66540625,0.7863028550777015,0.0,61.28534704370179
876,11237,0.125,0.65996875,0.7669437417178653,0.0,61.28534704370179
877,7195,0.1125,0.64378125,0.7470545717383447,0.13793103448275862,61.27272727272726
878,10720,0.1125,0.66328125,0.762462353933261,0.8275862068965517,61.24999999999999
879,7608,0.375,0.6515625,0.7157583423683893,0.8275862068965517,61.24999999999999
880,7365,0.375,0.64396875,0.7863028550777015,1.0,61.19999999999999
881,16124,0.2832875,0.63584375,0.812853873027346,0.0,61.182519280205646
882,10922,0.125,0.6578125,0.735933020118058,0.0,61.182519280205646
883,16065,0.17242125,0.6431250000000001,0.773027346102879,0.6896551724137931,61.14285714285713
884,16133,0.22400124999999999,0.642875,0.7900012046741356,1.0,61.09999999999999
885,16152,0.3986,0.6446875000000001,0.7675219853029756,1.0,61.09999999999999
886,16318,0.7835125,0.6441874999999999,0.7855800505963136,1.0,61.09999999999999
887,20141,0.6125,0.5806250000000001,0.9252258764004336,1.0,61.09999999999999
888,16282,0.625,0.63065625,0.8133477894229612,0.13793103448275862,61.09090909090908
889,7593,0.375,0.625,0.6996542585230695,0.13793103448275862,61.09090909090908
890,12745,0.6125,0.65934375,0.7478014697024454,0.6206896551724137,61.08333333333332
891,16097,0.3030125,0.6345625,0.8013853752559932,0.0,61.0796915167095
892,7331,0.375,0.5823437499999999,0.9224189856643776,0.6896551724137931,60.99999999999999
893,16253,0.7638,0.642875,0.7738706179978316,0.13793103448275862,60.99999999999999
894,16096,0.3228625,0.63325,0.8054451270931212,0.13793103448275862,60.99999999999999
895,6960,0.1125,0.621875,0.7059462715335502,1.0,60.999999999999986
896,7969,0.3625,0.625,0.6508384531984098,0.0,60.97686375321336
897,7188,0.1125,0.62940625,0.817094325984821,0.9655172413793103,60.92857142857142
898,9969,0.8625,0.621875,0.7682568365257197,0.0,60.874035989717214
899,15732,0.842825,0.6600625,0.7506083604385013,0.0,60.874035989717214
900,6931,0.1125,0.63934375,0.7344705457173835,0.9655172413793103,60.85714285714285
901,17515,0.15459,0.6255625,0.8430068666425732,0.48275862068965514,60.85714285714285
902,9969,0.8625,0.621875,0.7682568365257197,0.6206896551724137,60.83333333333332
903,7142,0.1125,0.64940625,0.7669437417178653,0.3448275862068966,60.83333333333332
904,9620,0.875,0.621875,0.62643055053608,0.6206896551724137,60.83333333333332
905,16124,0.2832875,0.63584375,0.812853873027346,1.0,60.79999999999999
906,16131,0.3151,0.6369374999999999,0.8094807854475363,0.0,60.77120822622107
907,15555,0.14467375,0.6600625,0.7506083604385013,0.6206896551724137,60.74999999999999
908,7620,0.375,0.64546875,0.7352017829177208,0.27586206896551724,60.73999999999999
909,7194,0.1125,0.65003125,0.7478014697024454,0.6896551724137931,60.71428571428571
910,7361,0.375,0.6420625,0.7767256956993133,0.48275862068965514,60.71428571428571
911,17496,0.125,0.60878125,0.8848572461149259,0.48275862068965514,60.71428571428571
912,6610,0.125,0.621875,0.7682568365257197,0.0,60.668380462724926
913,7331,0.375,0.5823437499999999,0.9224189856643776,0.9655172413793103,60.64285714285713
914,7608,0.375,0.6515625,0.7157583423683893,0.6896551724137931,60.64285714285713
915,7355,0.375,0.63753125,0.7463052644259728,0.8275862068965517,60.62499999999999
916,15587,0.12499999999999992,0.66190625,0.7740151788941092,0.8275862068965517,60.62499999999999
917,9223,0.6125,0.64378125,0.7470545717383447,0.9655172413793103,60.57142857142856
918,16132,0.3387125,0.635375,0.8143115287314782,0.0,60.56555269922878
919,9250,0.6125,0.5823437499999999,0.9224189856643776,0.8275862068965517,60.56249999999999
920,8168,0.3625,0.5745625000000001,0.9472834598241175,0.6896551724137931,60.49999999999999
921,16322,0.6488375,0.63534375,0.8144319961450427,0.27586206896551724,60.499999999999986
922,17487,0.3625,0.6119375,0.8634501867244909,1.0,60.499999999999986
923,20128,0.375,0.5806250000000001,0.9252258764004336,0.6896551724137931,60.42857142857142
924,16292,0.7042125,0.63584375,0.812853873027346,0.27586206896551724,60.39999999999999
925,16269,0.791575,0.64159375,0.7783520057824359,0.13793103448275862,60.36363636363635
926,9390,0.875,0.65003125,0.7478014697024454,0.13793103448275862,60.36363636363635
927,16088,0.3387125,0.635375,0.7987832791229972,0.48275862068965514,60.35714285714285
928,16110,0.3625,0.64625,0.7784001927478615,0.6896551724137931,60.35714285714285
929,17472,0.125,0.6275000000000001,0.8226478737501505,0.48275862068965514,60.35714285714285
930,9616,0.875,0.621875,0.65293579086857,0.27586206896551724,60.29999999999999
931,16279,0.6844875,0.6345625,0.8013853752559932,0.0,60.25706940874035
932,20128,0.375,0.5806250000000001,0.9252258764004336,0.9655172413793103,60.21428571428571
933,6352,0.125,0.638375,0.8049271172147935,0.9655172413793103,60.21428571428571
934,8168,0.3625,0.5745625000000001,0.9472834598241175,0.9655172413793103,60.21428571428571
935,16321,0.6725,0.63690625,0.8095771593783881,0.27586206896551724,60.19999999999999
936,16066,0.1960775,0.6415625,0.7783881460065053,0.13793103448275862,60.18181818181817
937,16283,0.8625,0.6338125,0.8190820383086375,0.0,60.154241645244205
938,11921,0.375,0.66328125,0.762462353933261,0.0,60.154241645244205
939,8209,0.3625,0.64378125,0.7470545717383447,0.48275862068965514,59.99999999999999
940,7972,0.3625,0.625,0.62643055053608,0.6206896551724137,59.99999999999999
941,16297,0.842625,0.63196875,0.8246837730393927,1.0,59.999999999999986
942,16244,0.6963125,0.63846875,0.7888447175039152,1.0,59.999999999999986
943,14260,0.875,0.66540625,0.7863028550777015,0.0,59.94858611825192
944,9392,0.875,0.64940625,0.7669437417178653,0.6206896551724137,59.91666666666666
945,11191,0.125,0.6546875,0.7468979641007107,1.0,59.89999999999999
946,11237,0.125,0.65996875,0.7669437417178653,0.27586206896551724,59.89999999999999
947,16280,0.6646375,0.63325,0.8054451270931212,0.13793103448275862,59.818181818181806
948,16277,0.72405,0.63715625,0.7931092639441031,0.27586206896551724,59.79999999999999
949,9223,0.6125,0.64378125,0.7470545717383447,0.6896551724137931,59.78571428571428
950,16124,0.2832875,0.63584375,0.812853873027346,0.27586206896551724,59.499999999999986
951,9647,0.875,0.63934375,0.7344705457173835,1.0,59.499999999999986
952,16133,0.22400124999999999,0.642875,0.7900012046741356,0.27586206896551724,59.499999999999986
953,16081,0.1843175,0.64546875,0.7646910010842067,0.8275862068965517,59.43749999999999
954,10906,0.125,0.66559375,0.7470545717383447,0.0,59.4344473007712
955,15586,0.1486025,0.66346875,0.7795205396940127,0.9655172413793103,59.42857142857142
956,16293,0.6844875,0.6345625,0.8168533911576918,0.6206896551724137,59.41666666666666
957,16123,0.3030125,0.6345625,0.8168533911576918,1.0,59.39999999999999
958,10444,0.1125,0.66540625,0.7863028550777015,0.27586206896551724,59.39999999999999
959,20160,0.6125,0.5806250000000001,0.9382363570654136,1.0,59.39999999999999
960,16097,0.3030125,0.6345625,0.8013853752559932,0.27586206896551724,59.39999999999999
961,10235,0.8625,0.64609375,0.762462353933261,0.8275862068965517,59.37499999999999
962,12737,0.6125,0.6673125,0.7767256956993133,0.3448275862068966,59.33333333333332
963,7142,0.1125,0.64940625,0.7669437417178653,0.9655172413793103,59.28571428571428
964,6349,0.125,0.64609375,0.762462353933261,0.48275862068965514,59.28571428571428
965,6710,0.125,0.42768750000000005,0.9419226599204914,0.48275862068965514,59.28571428571428
966,16095,0.342625,0.63196875,0.8094085049993975,0.3448275862068966,59.24999999999999
967,11724,0.3625,0.6639062499999999,0.7352017829177208,1.0,59.22999999999999
968,16098,0.2832875,0.63584375,0.7972894831947956,0.0,59.22879177377891
969,15732,0.842825,0.6600625,0.7506083604385013,0.27586206896551724,59.19999999999999
970,7594,0.375,0.625,0.6752463558607397,0.6206896551724137,59.16666666666666
971,16111,0.12499999999999992,0.63378125,0.8192145524635586,0.6896551724137931,59.14285714285713
972,9248,0.6125,0.5691875,0.9419226599204914,0.9655172413793103,59.14285714285713
973,10922,0.125,0.6578125,0.735933020118058,0.27586206896551724,59.09999999999999
974,16248,0.8625,0.649375,0.750391519094085,0.13793103448275862,59.09090909090908
975,6931,0.1125,0.63934375,0.7344705457173835,0.6896551724137931,58.99999999999999
976,16131,0.3151,0.6369374999999999,0.8094807854475363,0.27586206896551724,58.999999999999986
977,9969,0.8625,0.621875,0.7682568365257197,0.27586206896551724,58.999999999999986
978,15719,0.83895,0.6635,0.763245392121431,0.48275862068965514,58.92857142857142
979,9616,0.875,0.621875,0.65293579086857,0.0,58.920308483290476
980,16254,0.7439250000000001,0.64159375,0.7783640525237921,0.0,58.920308483290476
981,16066,0.1960775,0.6415625,0.7783881460065053,1.0,58.89999999999999
982,8159,0.3625,0.6325937500000001,0.822816528129141,1.0,58.89999999999999
983,16318,0.7835125,0.6441874999999999,0.7855800505963136,0.13793103448275862,58.818181818181806
984,16132,0.3387125,0.635375,0.8143115287314782,0.27586206896551724,58.79999999999999
985,9223,0.6125,0.64378125,0.7470545717383447,0.8275862068965517,58.74999999999999
986,13937,0.875,0.66328125,0.762462353933261,0.8275862068965517,58.74999999999999
987,6589,0.125,0.6546875,0.7468979641007107,0.6206896551724137,58.74999999999999
988,8209,0.3625,0.64378125,0.7470545717383447,0.3448275862068966,58.74999999999999
989,9989,0.8625,0.6546875,0.7468979641007107,0.0,58.71465295629819
990,6594,0.125,0.6515625,0.7157583423683893,0.0,58.71465295629819
991,18788,0.125,0.6025,0.8984941573304421,0.48275862068965514,58.71428571428571
992,7618,0.375,0.63325,0.733739308517046,0.6206896551724137,58.66666666666666
993,9248,0.6125,0.5691875,0.9419226599204914,0.6896551724137931,58.64285714285713
994,7972,0.3625,0.625,0.62643055053608,0.0,58.611825192802044
995,16283,0.8625,0.6338125,0.8190820383086375,0.27586206896551724,58.59999999999999
996,16279,0.6844875,0.6345625,0.8013853752559932,0.27586206896551724,58.59999999999999
997,10914,0.125,0.6673125,0.7767256956993133,1.0,58.59999999999999
998,7957,0.3625,0.6515625,0.7157583423683893,1.0,58.59999999999999
999,10920,0.125,0.6639062499999999,0.7352017829177208,0.6206896551724137,58.58333333333332
1000,7957,0.3625,0.6515625,0.7157583423683893,0.3448275862068966,58.58333333333332
1001,9620,0.875,0.621875,0.62643055053608,0.9655172413793103,58.57142857142856
1002,10920,0.125,0.6639062499999999,0.7352017829177208,0.9655172413793103,58.57142857142856
1003,15586,0.1486025,0.66346875,0.7795205396940127,0.6896551724137931,58.57142857142856
1004,16293,0.6844875,0.6345625,0.8168533911576918,0.3448275862068966,58.49999999999999
1005,11921,0.375,0.66328125,0.762462353933261,0.27586206896551724,58.49999999999999
1006,9972,0.8625,0.64546875,0.7352017829177208,0.6896551724137931,58.42857142857142
1007,16280,0.6646375,0.63325,0.8054451270931212,1.0,58.39999999999999
1008,10237,0.8625,0.64378125,0.7470545717383447,1.0,58.39999999999999
1009,20142,0.6125,0.5681875,0.9432478014697024,1.0,58.39999999999999
1010,6610,0.125,0.621875,0.7682568365257197,0.27586206896551724,58.39999999999999
1011,15716,0.8625,0.6619375,0.7576316106493193,0.13793103448275862,58.36363636363635
1012,11915,0.375,0.65934375,0.7478014697024454,0.9655172413793103,58.35714285714285
1013,7266,0.1125,0.625,0.7872545476448619,1.0,58.34999999999999
1014,9648,0.875,0.64546875,0.7352017829177208,0.6206896551724137,58.33333333333332
1015,6962,0.1125,0.621875,0.65293579086857,0.3448275862068966,58.33333333333332
1016,16135,0.18432374999999998,0.64546875,0.78106252258764,0.0,58.30334190231361
1017,7369,0.375,0.62059375,0.8562823756173954,1.0,58.29999999999999
1018,6606,0.125,0.64546875,0.7352017829177208,0.6896551724137931,58.28571428571428
1019,9972,0.8625,0.64546875,0.7352017829177208,0.9655172413793103,58.21428571428571
1020,16286,0.8625,0.64625,0.7784001927478615,0.0,58.20051413881747
1021,16079,0.22399874999999997,0.642875,0.7738706179978316,0.6206896551724137,58.08333333333332
1022,7373,0.375,0.5949687499999999,0.9134441633538127,0.6896551724137931,57.99999999999999
1023,7373,0.375,0.5949687499999999,0.9134441633538127,0.9655172413793103,57.99999999999999
1024,10931,0.125,0.67796875,0.7209938561619081,0.0,57.99485861182518
1025,8370,0.625,0.64378125,0.7470545717383447,0.27586206896551724,57.94999999999999
1026,16130,0.2913375,0.63846875,0.8045416214913865,0.3448275862068966,57.91666666666666
1027,14260,0.875,0.66540625,0.7863028550777015,0.27586206896551724,57.89999999999999
1028,9620,0.875,0.621875,0.62643055053608,0.6896551724137931,57.85714285714285
1029,16200,0.375,0.63065625,0.828538730273461,0.48275862068965514,57.85714285714285
1030,15715,0.8625,0.65878125,0.7456993133357427,0.6896551724137931,57.85714285714285
1031,15715,0.8625,0.65878125,0.7456993133357427,0.9655172413793103,57.85714285714285
1032,8189,0.3625,0.4223125,0.9472834598241175,0.48275862068965514,57.85714285714285
1033,14261,0.875,0.65996875,0.7669437417178653,0.6206896551724137,57.83333333333332
1034,9647,0.875,0.63934375,0.7344705457173835,0.8275862068965517,57.81249999999999
1035,8606,0.625,0.621875,0.62643055053608,1.0,57.79999999999999
1036,6345,0.125,0.63371875,0.8040477050957715,1.0,57.79999999999999
1037,8390,0.625,0.5745625000000001,0.9472834598241175,1.0,57.79999999999999
1038,6594,0.125,0.6515625,0.7157583423683893,0.27586206896551724,57.79999999999999
1039,6327,0.125,0.6005625,0.8888085772798457,0.48275862068965514,57.78571428571428
1040,16268,0.8151875000000001,0.6431250000000001,0.7730032526201662,0.48275862068965514,57.78571428571428
1041,16087,0.3151,0.6369374999999999,0.7938441151668474,1.0,57.69999999999999
1042,13744,0.8625,0.66328125,0.762462353933261,0.0,57.68637532133675
1043,16108,0.3625,0.63065625,0.828538730273461,0.13793103448275862,57.636363636363626
1044,8602,0.625,0.621875,0.65293579086857,1.0,57.59999999999999
1045,7971,0.3625,0.625,0.6996542585230695,1.0,57.59999999999999
1046,16098,0.2832875,0.63584375,0.7972894831947956,0.27586206896551724,57.59999999999999
1047,6930,0.1125,0.64546875,0.7352017829177208,0.3448275862068966,57.58333333333332
1048,7192,0.1125,0.6420625,0.7767256956993133,0.9655172413793103,57.57142857142856
1049,16268,0.8151875000000001,0.6431250000000001,0.7730032526201662,0.8275862068965517,57.56249999999999
1050,10002,0.8625,0.621875,0.7059462715335502,0.13793103448275862,57.54545454545453
1051,11724,0.3625,0.6639062499999999,0.7352017829177208,0.0,57.5115681233933
1052,8609,0.625,0.625,0.6508384531984098,0.6206896551724137,57.49999999999999
1053,7976,0.3625,0.621875,0.65293579086857,0.6206896551724137,57.49999999999999
1054,16134,0.20422124999999997,0.6441874999999999,0.7855800505963136,0.3448275862068966,57.49999999999999
1055,6576,0.125,0.621875,0.7059462715335502,0.13793103448275862,57.454545454545446
1056,10906,0.125,0.66559375,0.7470545717383447,0.27586206896551724,57.39999999999999
1057,10907,0.125,0.65934375,0.7478014697024454,0.3448275862068966,57.33333333333332
1058,16253,0.7638,0.642875,0.7738706179978316,0.3448275862068966,57.33333333333332
1059,16254,0.7439250000000001,0.64159375,0.7783640525237921,0.27586206896551724,57.29999999999999
1060,16135,0.18432374999999998,0.64546875,0.78106252258764,1.0,57.29999999999999
1061,16166,0.49392499999999995,0.64159375,0.7783640525237921,0.0,57.27506426735217
1062,15715,0.8625,0.65878125,0.7456993133357427,0.13793103448275862,57.272727272727266
1063,6347,0.125,0.6420625,0.7767256956993133,0.9655172413793103,57.21428571428571
1064,8235,0.3625,0.5758125,0.9325864353692326,0.9655172413793103,57.21428571428571
1065,6962,0.1125,0.621875,0.65293579086857,0.0,57.21336760925449
1066,10920,0.125,0.6639062499999999,0.7352017829177208,0.3448275862068966,57.16666666666666
1067,7969,0.3625,0.625,0.6508384531984098,0.48275862068965514,57.14285714285714
1068,6582,0.125,0.625,0.62643055053608,0.48275862068965514,57.14285714285714
1069,7935,0.3625,0.621875,0.8320322852668354,0.48275862068965514,57.14285714285714
1070,8235,0.3625,0.5758125,0.9325864353692326,0.6896551724137931,57.14285714285714
1071,13943,0.875,0.67003125,0.7344705457173835,0.9655172413793103,57.14285714285714
1072,7331,0.375,0.5823437499999999,0.9224189856643776,0.8275862068965517,57.12499999999999
1073,13744,0.8625,0.66328125,0.762462353933261,0.27586206896551724,57.09999999999999
1074,9649,0.875,0.6515625,0.735933020118058,0.3448275862068966,57.08333333333332
1075,8958,0.6125,0.64546875,0.7352017829177208,0.0,57.06940874035989
1076,11185,0.125,0.66896875,0.6778038790507167,0.0,57.02827763496143
1077,16253,0.7638,0.642875,0.7738706179978316,0.6206896551724137,56.99999999999999
1078,15555,0.14467375,0.6600625,0.7506083604385013,0.13793103448275862,56.99999999999999
1079,16112,0.125,0.63065625,0.828538730273461,1.0,56.99999999999999
1080,7969,0.3625,0.625,0.6508384531984098,0.27586206896551724,56.99999999999999
1081,16292,0.7042125,0.63584375,0.812853873027346,1.0,56.99999999999999
1082,11177,0.125,0.684375,0.62643055053608,1.0,56.99999999999999
1083,7970,0.3625,0.625,0.6752463558607397,1.0,56.97999999999999
1084,11186,0.125,0.67396875,0.6938103842910492,0.0,56.91516709511567
1085,10907,0.125,0.65934375,0.7478014697024454,0.13793103448275862,56.9090909090909
1086,15798,0.8625,0.6619375,0.7741838332730996,0.8275862068965517,56.87499999999999
1087,8609,0.625,0.625,0.6508384531984098,0.0,56.8637532133676
1088,16278,0.7042125,0.63584375,0.7972894831947956,0.0,56.8637532133676
1089,16080,0.20421625,0.6441874999999999,0.7693289965064449,0.9655172413793103,56.85714285714285
1090,12737,0.6125,0.6673125,0.7767256956993133,0.6206896551724137,56.83333333333332
1091,16152,0.3986,0.6446875000000001,0.7675219853029756,0.3448275862068966,56.83333333333332
1092,9185,0.6125,0.5533750000000001,0.9729671123960967,0.8275862068965517,56.81249999999999
1093,7965,0.3625,0.6354062500000001,0.6938103842910492,1.0,56.79999999999999
1094,7972,0.3625,0.625,0.62643055053608,1.0,56.79999999999999
1095,16270,0.8625,0.63065625,0.8133477894229612,0.0,56.76092544987146
1096,7193,0.1125,0.64609375,0.762462353933261,0.0,56.76092544987146
1097,11915,0.375,0.65934375,0.7478014697024454,0.3448275862068966,56.74999999999999
1098,16320,0.6963125,0.63846875,0.8046018551981687,0.6206896551724137,56.74999999999999
1099,6962,0.1125,0.621875,0.65293579086857,0.27586206896551724,56.74999999999999
1100,11185,0.125,0.66896875,0.6778038790507167,0.6206896551724137,56.66666666666666
1101,10931,0.125,0.67796875,0.7209938561619081,0.27586206896551724,56.59999999999999
1102,16097,0.3030125,0.6345625,0.8013853752559932,1.0,56.59999999999999
1103,9408,0.875,0.5461875,0.9796651005902903,1.0,56.59999999999999
1104,9999,0.8625,0.625,0.6996542585230695,0.0,56.55526992287917
1105,13477,0.8625,0.66896875,0.6778038790507167,0.0,56.55526992287917
1106,16320,0.6963125,0.63846875,0.8046018551981687,0.3448275862068966,56.49999999999999
1107,16123,0.3030125,0.6345625,0.8168533911576918,0.3448275862068966,56.49999999999999
1108,16135,0.18432374999999998,0.64546875,0.78106252258764,0.27586206896551724,56.49999999999999
1109,16078,0.24392624999999998,0.64159375,0.7783640525237921,0.13793103448275862,56.454545454545446
1110,16294,0.664625,0.63325,0.8208047223226117,0.8275862068965517,56.43749999999999
1111,7976,0.3625,0.621875,0.65293579086857,0.48275862068965514,56.42857142857142
1112,13943,0.875,0.67003125,0.7344705457173835,0.6896551724137931,56.42857142857142
1113,16080,0.20421625,0.6441874999999999,0.7693289965064449,0.6896551724137931,56.35714285714285
1114,10715,0.1125,0.6578125,0.735933020118058,0.0,56.34961439588688
1115,16152,0.3986,0.6446875000000001,0.7675219853029756,0.6206896551724137,56.33333333333332
1116,10907,0.125,0.65934375,0.7478014697024454,0.6206896551724137,56.33333333333332
1117,9999,0.8625,0.625,0.6996542585230695,0.27586206896551724,56.29999999999999
1118,6962,0.1125,0.621875,0.65293579086857,0.13793103448275862,56.272727272727266
1119,16063,0.125,0.64625,0.7619563907962895,0.8275862068965517,56.24999999999999
1120,16286,0.8625,0.64625,0.7784001927478615,0.27586206896551724,56.19999999999999
1121,7188,0.1125,0.62940625,0.817094325984821,0.6896551724137931,56.14285714285714
1122,8958,0.6125,0.64546875,0.7352017829177208,0.27586206896551724,56.09999999999999
1123,9392,0.875,0.64940625,0.7669437417178653,0.6896551724137931,56.07142857142856
1124,7142,0.1125,0.64940625,0.7669437417178653,0.6896551724137931,56.07142857142856
1125,16111,0.12499999999999992,0.63378125,0.8192145524635586,0.13793103448275862,55.99999999999999
1126,8960,0.6125,0.63325,0.733739308517046,0.13793103448275862,55.99999999999999
1127,16166,0.49392499999999995,0.64159375,0.7783640525237921,1.0,55.99999999999999
1128,15715,0.8625,0.65878125,0.7456993133357427,1.0,55.99999999999999
1129,6930,0.1125,0.64546875,0.7352017829177208,1.0,55.99999999999999
1130,9989,0.8625,0.6546875,0.7468979641007107,0.27586206896551724,55.99999999999999
1131,8168,0.3625,0.5745625000000001,0.9472834598241175,0.8275862068965517,55.93749999999999
1132,16086,0.2913375,0.63846875,0.7887724370557764,0.13793103448275862,55.9090909090909
1133,7973,0.3625,0.621875,0.62643055053608,0.27586206896551724,55.89999999999999
1134,16277,0.72405,0.63715625,0.7931092639441031,1.0,55.89999999999999
1135,9250,0.6125,0.5823437499999999,0.9224189856643776,0.9655172413793103,55.85714285714285
1136,16111,0.12499999999999992,0.63378125,0.8192145524635586,0.9655172413793103,55.85714285714285
1137,8610,0.625,0.625,0.62643055053608,0.6206896551724137,55.83333333333332
1138,11186,0.125,0.67396875,0.6938103842910492,0.6206896551724137,55.83333333333332
1139,16244,0.6963125,0.63846875,0.7888447175039152,0.13793103448275862,55.818181818181806
1140,9616,0.875,0.621875,0.65293579086857,0.13793103448275862,55.818181818181806
1141,11186,0.125,0.67396875,0.6938103842910492,0.27586206896551724,55.77999999999999
1142,11185,0.125,0.66896875,0.6778038790507167,0.27586206896551724,55.75999999999999
1143,9647,0.875,0.63934375,0.7344705457173835,0.0,55.73264781491002
1144,16292,0.7042125,0.63584375,0.812853873027346,0.13793103448275862,55.72727272727272
1145,8159,0.3625,0.6325937500000001,0.822816528129141,0.48275862068965514,55.71428571428571
1146,16166,0.49392499999999995,0.64159375,0.7783640525237921,0.27586206896551724,55.69999999999999
1147,16288,0.625,0.63065625,0.828538730273461,0.8275862068965517,55.68749999999999
1148,8370,0.625,0.64378125,0.7470545717383447,0.0,55.68123393316194
1149,16096,0.3228625,0.63325,0.8054451270931212,0.3448275862068966,55.66666666666666
1150,8209,0.3625,0.64378125,0.7470545717383447,0.13793103448275862,55.636363636363626
1151,9623,0.875,0.625,0.6508384531984098,0.8275862068965517,55.62499999999999
1152,14202,0.875,0.684375,0.6996542585230695,1.0,55.59999999999999
1153,15795,0.83895,0.6635,0.7796530538489338,0.6206896551724137,55.58333333333332
1154,16126,0.33895,0.6446875000000001,0.7838091796169135,0.48275862068965514,55.57142857142856
1155,9250,0.6125,0.5823437499999999,0.9224189856643776,0.6896551724137931,55.53571428571428
1156,6947,0.1125,0.6546875,0.7468979641007107,0.0,55.52699228791773
1157,11915,0.375,0.65934375,0.7478014697024454,0.6896551724137931,55.49999999999999
1158,16254,0.7439250000000001,0.64159375,0.7783640525237921,1.0,55.49999999999999
1159,13478,0.8625,0.67396875,0.6938103842910492,0.0,55.40359897172235
1160,10715,0.1125,0.6578125,0.735933020118058,0.27586206896551724,55.39999999999999
1161,16278,0.7042125,0.63584375,0.7972894831947956,0.27586206896551724,55.39999999999999
1162,16064,0.14860375,0.6446875000000001,0.7675219853029756,0.8275862068965517,55.37499999999999
1163,16322,0.6488375,0.63534375,0.8144319961450427,0.6206896551724137,55.33333333333332
1164,16106,0.125,0.63065625,0.8133477894229612,0.0,55.32133676092544
1165,13477,0.8625,0.66896875,0.6778038790507167,0.27586206896551724,55.29999999999999
1166,11724,0.3625,0.6639062499999999,0.7352017829177208,0.27586206896551724,55.22999999999999
1167,16270,0.8625,0.63065625,0.8133477894229612,0.27586206896551724,55.19999999999999
1168,17464,0.3625,0.6275000000000001,0.8226478737501505,0.48275862068965514,55.14285714285714
1169,9973,0.8625,0.63934375,0.7344705457173835,1.0,55.09999999999999
1170,7193,0.1125,0.64609375,0.762462353933261,0.27586206896551724,55.09999999999999
1171,10907,0.125,0.65934375,0.7478014697024454,0.9655172413793103,55.07142857142856
1172,17642,0.8625,0.624375,0.8462594868088182,0.0,55.01285347043701
1173,15715,0.8625,0.65878125,0.7456993133357427,0.8275862068965517,54.99999999999999
1174,6606,0.125,0.64546875,0.7352017829177208,0.48275862068965514,54.99999999999999
1175,20735,0.12499999999999992,0.43690625,0.9659559089266353,0.48275862068965514,54.99999999999999
1176,10184,0.8625,0.64940625,0.7669437417178653,0.48275862068965514,54.99999999999999
1177,7360,0.375,0.6379374999999999,0.7905914950006022,0.48275862068965514,54.99999999999999
1178,9620,0.875,0.621875,0.62643055053608,0.48275862068965514,54.99999999999999
1179,6804,0.1125,0.45246875,0.96883508011083,0.48275862068965514,54.99999999999999
1180,6579,0.125,0.625,0.6996542585230695,0.3448275862068966,54.99999999999999
1181,6383,0.125,0.4223125,0.9472834598241175,0.3448275862068966,54.99999999999999
1182,6955,0.1125,0.625,0.6508384531984098,0.3448275862068966,54.99999999999999
1183,7145,0.1125,0.6325937500000001,0.822816528129141,0.6206896551724137,54.99999999999999
1184,11185,0.125,0.66896875,0.6778038790507167,0.3448275862068966,54.99999999999999
1185,16321,0.6725,0.63690625,0.8095771593783881,0.13793103448275862,54.99999999999999
1186,16298,0.822875,0.63325,0.8208047223226117,1.0,54.99999999999999
1187,16078,0.24392624999999998,0.64159375,0.7783640525237921,0.6206896551724137,54.91666666666666
1188,8610,0.625,0.625,0.62643055053608,0.0,54.910025706940864
1189,16322,0.6488375,0.63534375,0.8144319961450427,0.13793103448275862,54.9090909090909
1190,13477,0.8625,0.66896875,0.6778038790507167,1.0,54.89999999999999
1191,7329,0.375,0.5691875,0.9419226599204914,1.0,54.85999999999999
1192,7195,0.1125,0.64378125,0.7470545717383447,1.0,54.79999999999999
1193,16169,0.43431250000000005,0.64546875,0.7646910010842067,1.0,54.79999999999999
1194,11180,0.125,0.684375,0.6508384531984098,1.0,54.79999999999999
1195,8235,0.3625,0.5758125,0.9325864353692326,0.8275862068965517,54.74999999999999
1196,8975,0.6125,0.6546875,0.7468979641007107,0.6206896551724137,54.74999999999999
1197,6579,0.125,0.625,0.6996542585230695,0.13793103448275862,54.72727272727272
1198,13484,0.8625,0.684375,0.62643055053608,0.27586206896551724,54.69999999999999
1199,13943,0.875,0.67003125,0.7344705457173835,0.27586206896551724,54.69999999999999
1200,16088,0.3387125,0.635375,0.7987832791229972,0.6206896551724137,54.66666666666666
1201,9392,0.875,0.64940625,0.7669437417178653,0.3448275862068966,54.66666666666666
1202,16317,0.80335,0.64546875,0.78106252258764,0.0,54.60154241645243
1203,6927,0.1125,0.621875,0.7682568365257197,1.0,54.59999999999999
1204,13480,0.8625,0.684375,0.6508384531984098,0.27586206896551724,54.59999999999999
1205,9312,0.875,0.625,0.8084809059149499,1.0,54.59999999999999
1206,9648,0.875,0.64546875,0.7352017829177208,0.3448275862068966,54.58333333333333
1207,14261,0.875,0.65996875,0.7669437417178653,0.3448275862068966,54.58333333333333
1208,6346,0.125,0.6379374999999999,0.7905914950006022,0.8275862068965517,54.49999999999999
1209,16066,0.1960775,0.6415625,0.7783881460065053,0.3448275862068966,54.49999999999999
1210,12936,0.625,0.6639062499999999,0.7352017829177208,0.13793103448275862,54.454545454545446
1211,10184,0.8625,0.64940625,0.7669437417178653,0.3448275862068966,54.41666666666666
1212,7953,0.3625,0.6476875,0.6691205878809782,0.6206896551724137,54.41666666666666
1213,7618,0.375,0.63325,0.733739308517046,0.0,54.416452442159375
1214,11177,0.125,0.684375,0.62643055053608,0.27586206896551724,54.39999999999999
1215,13478,0.8625,0.67396875,0.6938103842910492,0.27586206896551724,54.39999999999999
1216,7973,0.3625,0.621875,0.62643055053608,0.0,54.395886889460144
1217,10731,0.1125,0.6718437500000001,0.7463052644259728,0.0,54.395886889460144
1218,10731,0.1125,0.6718437500000001,0.7463052644259728,0.13793103448275862,54.36363636363635
1219,6952,0.1125,0.6404062500000001,0.6778038790507167,0.13793103448275862,54.36363636363635
1220,10731,0.1125,0.6718437500000001,0.7463052644259728,0.27586206896551724,54.29999999999999
1221,8606,0.625,0.621875,0.62643055053608,0.27586206896551724,54.29999999999999
1222,6947,0.1125,0.6546875,0.7468979641007107,1.0,54.29999999999999
1223,16073,0.34285,0.6480625,0.7552222623780267,1.0,54.29999999999999
1224,9392,0.875,0.64940625,0.7669437417178653,0.48275862068965514,54.28571428571428
1225,9648,0.875,0.64546875,0.7352017829177208,0.48275862068965514,54.28571428571428
1226,7594,0.375,0.625,0.6752463558607397,0.48275862068965514,54.28571428571428
1227,16084,0.125,0.649375,0.750391519094085,0.6896551724137931,54.28571428571428
1228,15555,0.14467375,0.6600625,0.7506083604385013,0.9655172413793103,54.28571428571428
1229,7373,0.375,0.5949687499999999,0.9134441633538127,0.8275862068965517,54.24999999999999
1230,16283,0.8625,0.6338125,0.8190820383086375,1.0,54.19999999999999
1231,13943,0.875,0.67003125,0.7344705457173835,0.0,54.190231362467856
1232,6353,0.125,0.6325937500000001,0.822816528129141,0.8275862068965517,54.18749999999999
1233,16277,0.72405,0.63715625,0.7931092639441031,0.13793103448275862,54.18181818181817
1234,6710,0.125,0.42768750000000005,0.9419226599204914,0.3448275862068966,54.16666666666666
1235,10002,0.8625,0.621875,0.7059462715335502,0.3448275862068966,54.16666666666666
1236,16146,0.14884375,0.63534375,0.8144319961450427,0.48275862068965514,54.14285714285714
1237,9392,0.875,0.64940625,0.7669437417178653,0.9655172413793103,54.14285714285714
1238,8958,0.6125,0.64546875,0.7352017829177208,1.0,54.08999999999999
1239,15555,0.14467375,0.6600625,0.7506083604385013,0.3448275862068966,54.08333333333333
1240,18792,0.3625,0.6025,0.8984941573304421,0.48275862068965514,53.99999999999999
1241,7957,0.3625,0.6515625,0.7157583423683893,0.6206896551724137,53.99999999999999
1242,8609,0.625,0.625,0.6508384531984098,0.27586206896551724,53.99999999999999
1243,7953,0.3625,0.6476875,0.6691205878809782,0.3448275862068966,53.91666666666666
1244,16133,0.22400124999999999,0.642875,0.7900012046741356,0.13793103448275862,53.9090909090909
1245,16106,0.125,0.63065625,0.8133477894229612,0.27586206896551724,53.89999999999999
1246,11180,0.125,0.684375,0.6508384531984098,0.27586206896551724,53.89999999999999
1247,16283,0.8625,0.6338125,0.8190820383086375,0.13793103448275862,53.818181818181806
1248,16124,0.2832875,0.63584375,0.812853873027346,0.13793103448275862,53.818181818181806
1249,13740,0.8625,0.6639062499999999,0.7352017829177208,0.6896551724137931,53.78571428571428
1250,6939,0.1125,0.6476875,0.6691205878809782,0.6206896551724137,53.74999999999999
1251,10906,0.125,0.66559375,0.7470545717383447,0.3448275862068966,53.74999999999999
1252,7972,0.3625,0.625,0.62643055053608,0.27586206896551724,53.69999999999999
1253,6270,0.125,0.625,0.8084809059149499,0.8275862068965517,53.68749999999999
1254,13480,0.8625,0.684375,0.6508384531984098,0.0,53.676092544987135
1255,15689,0.375,0.66190625,0.7740151788941092,0.0,53.676092544987135
1256,10444,0.1125,0.66540625,0.7863028550777015,0.13793103448275862,53.636363636363626
1257,9972,0.8625,0.64546875,0.7352017829177208,0.8275862068965517,53.62499999999999
1258,16321,0.6725,0.63690625,0.8095771593783881,0.6206896551724137,53.58333333333333
1259,9969,0.8625,0.621875,0.7682568365257197,0.48275862068965514,53.57142857142856
1260,8164,0.3625,0.6015625,0.9004216359474762,0.48275862068965514,53.57142857142856
1261,11237,0.125,0.65996875,0.7669437417178653,0.6896551724137931,53.57142857142856
1262,10717,0.1125,0.67003125,0.7344705457173835,0.6896551724137931,53.57142857142856
1263,16131,0.3151,0.6369374999999999,0.8094807854475363,0.13793103448275862,53.54545454545454
1264,16097,0.3030125,0.6345625,0.8013853752559932,0.13793103448275862,53.54545454545454
1265,7379,0.375,0.5533750000000001,0.9729671123960967,0.8275862068965517,53.49999999999999
1266,16269,0.791575,0.64159375,0.7783520057824359,0.6206896551724137,53.41666666666666
1267,15795,0.83895,0.6635,0.7796530538489338,0.3448275862068966,53.41666666666666
1268,16269,0.791575,0.64159375,0.7783520057824359,0.3448275862068966,53.41666666666666
1269,6947,0.1125,0.6546875,0.7468979641007107,0.27586206896551724,53.39999999999999
1270,6930,0.1125,0.64546875,0.7352017829177208,0.13793103448275862,53.36363636363635
1271,6959,0.1125,0.621875,0.62643055053608,0.6206896551724137,53.33333333333333
1272,7970,0.3625,0.625,0.6752463558607397,0.6206896551724137,53.33333333333333
1273,11186,0.125,0.67396875,0.6938103842910492,0.3448275862068966,53.33333333333333
1274,7966,0.3625,0.6404062500000001,0.6778038790507167,1.0,53.29999999999999
1275,7620,0.375,0.64546875,0.7352017829177208,0.13793103448275862,53.272727272727266
1276,6610,0.125,0.621875,0.7682568365257197,0.13793103448275862,53.272727272727266
1277,13484,0.8625,0.684375,0.62643055053608,0.0,53.26478149100256
1278,8234,0.3625,0.5691875,0.9419226599204914,0.6896551724137931,53.21428571428571
1279,10199,0.8625,0.5533750000000001,0.9729671123960967,1.0,53.19999999999999
1280,17642,0.8625,0.624375,0.8462594868088182,0.27586206896551724,53.19999999999999
1281,16132,0.3387125,0.635375,0.8143115287314782,0.13793103448275862,53.18181818181817
1282,15678,0.6125,0.6619375,0.7741838332730996,0.0,53.161953727506415
1283,13943,0.875,0.67003125,0.7344705457173835,0.8275862068965517,53.12499999999999
1284,16122,0.32287499999999997,0.63325,0.8208047223226117,1.0,53.09999999999999
1285,16266,0.8625,0.64625,0.7619563907962895,0.13793103448275862,53.09090909090908
1286,8234,0.3625,0.5691875,0.9419226599204914,0.9655172413793103,53.07142857142856
1287,7618,0.375,0.63325,0.733739308517046,0.48275862068965514,53.07142857142856
1288,8376,0.625,0.65003125,0.7478014697024454,0.48275862068965514,52.99999999999999
1289,16130,0.2913375,0.63846875,0.8045416214913865,0.6206896551724137,52.99999999999999
1290,16279,0.6844875,0.6345625,0.8013853752559932,1.0,52.99999999999999
1291,8607,0.625,0.625,0.6996542585230695,1.0,52.99999999999999
1292,10458,0.1125,0.684375,0.6996542585230695,0.0,52.95629820051413
1293,16291,0.72405,0.63715625,0.8087700277075051,0.0,52.95629820051413
1294,9223,0.6125,0.64378125,0.7470545717383447,0.3448275862068966,52.91666666666666
1295,16277,0.72405,0.63715625,0.7931092639441031,0.3448275862068966,52.91666666666666
1296,11237,0.125,0.65996875,0.7669437417178653,0.48275862068965514,52.85714285714285
1297,6939,0.1125,0.6476875,0.6691205878809782,0.6896551724137931,52.85714285714285
1298,17473,0.3625,0.60878125,0.8708709794000722,0.48275862068965514,52.85714285714285
1299,12245,0.375,0.65996875,0.7669437417178653,0.9655172413793103,52.85714285714285
1300,16112,0.125,0.63065625,0.828538730273461,0.0,52.85347043701798
1301,16163,0.5533625,0.64546875,0.7646910010842067,0.0,52.85347043701798
1302,16286,0.8625,0.64625,0.7784001927478615,0.13793103448275862,52.818181818181806
1303,16317,0.80335,0.64546875,0.78106252258764,0.27586206896551724,52.79999999999999
1304,7618,0.375,0.63325,0.733739308517046,0.27586206896551724,52.78999999999999
1305,16287,0.625,0.63378125,0.8192145524635586,0.0,52.75064267352184
1306,16298,0.822875,0.63325,0.8208047223226117,0.0,52.75064267352184
