rank,node_number,x_n,y_n,z_n,t_n,score
1,7496,0.375,0.48278125000000005,0.8773762197325623,0.48275862068965514,29989.999199999995
2,54,0.4375,0.9375,0.62643055053608,0.9655172413793103,10054.999199999998
3,9171,0.6125,0.64396875,0.7863028550777015,0.48275862068965514,10007.999199999998
4,2636,0.1125,0.068996875,0.8251897361763642,0.9655172413793103,10000.999199999998
5,18071,0.625,0.0962375,0.9258523069509698,0.27586206896551724,10000.443666666664
6,11848,0.375,0.798375,0.9183833273099626,0.13793103448275862,9950.099199999999
7,1991,1.0,0.921875,0.6023370678231538,0.9655172413793103,9049.8993
8,7406,0.375,0.36428125,0.822816528129141,0.48275862068965514,9001.499299999998
9,4466,0.6125,0.184375,0.8542103361040838,0.13793103448275862,8993.8993
10,14069,0.875,0.871875,0.62643055053608,0.9655172413793103,8112.999299999999
11,10727,0.1125,0.684375,0.8084809059149499,0.0,7836.665888888887
12,13625,0.8625,0.875,0.842561137212384,0.0,7822.443666666665
13,13915,0.875,0.7088125,0.8888085772798457,0.8275862068965517,7536.749416666666
14,11094,0.125,0.809375,0.8542103361040838,0.13793103448275862,6989.499299999999
15,21982,0.672475,0.15562499999999999,0.9918684495843875,0.9655172413793103,5999.899299999999
16,8747,0.625,0.434375,0.8618600168654379,0.6206896551724137,5996.799299999999
17,10756,0.1125,0.709,0.8218527888206241,0.0,4407.776999999999
18,12769,0.6125,0.6891875,0.8427538850740873,0.0,4407.5547777777765
19,5490,0.8625,0.1875,0.62643055053608,0.6206896551724137,4007.0992999999994
20,23945,0.3328125,0.50134375,0.9878809781953981,0.6206896551724137,4000.1992999999993
21,547,0.5625,0.421875,0.62643055053608,0.3448275862068966,3999.4992999999995
22,9840,0.8625,0.465625,0.8893988676063125,0.3448275862068966,3995.899299999999
23,15471,0.625,0.34940625000000003,0.7574509095289723,0.3448275862068966,3000.3992999999996
24,19775,0.8032,0.73921875,0.9406336585953499,1.0,2857.284714285714
25,18091,0.6545875,0.079471875,0.8933863389953016,1.0,2856.999
26,9972,0.8625,0.64546875,0.7352017829177208,0.27586206896551724,2239.8881111111104
27,17560,0.58875,0.6134999999999999,0.8597036501626311,0.0,2222.9992222222218
28,22149,0.6961875,0.46343750000000006,0.9769425370437297,0.0,2222.110333333333
29,23568,0.21405124999999997,0.795875,0.998000240934827,0.6896551724137931,2030.4992999999997
30,18404,0.49375,0.7103125,0.8919166365498132,0.48275862068965514,2003.8992999999996
31,19918,0.42247500000000004,0.258771875,0.939103722443079,0.3448275862068966,1999.8992999999996
32,5381,0.8625,0.0349590625,0.7669437417178653,0.13793103448275862,1999.4992999999997
33,388,0.1875,0.59375,0.62643055053608,0.13793103448275862,1998.0992999999996
34,8600,0.625,0.61278125,0.7551740754126008,0.9655172413793103,1997.0992999999996
35,22305,0.5414749999999999,0.77596875,0.9769545837850862,0.3448275862068966,1980.2992999999997
36,21437,0.6125,0.5587500000000001,0.9547885796891941,0.9655172413793103,1000.8992999999998
37,6381,0.125,0.43634375,0.9653294783760993,0.13793103448275862,1000.5992999999999
38,20640,0.625,0.12440625000000001,0.9533911576918442,0.6206896551724137,1000.0992999999999
39,2249,0.1125,0.21131875,0.908167690639682,0.48275862068965514,999.5092999999998
40,4374,0.6125,0.0296875,0.62643055053608,0.9655172413793103,999.4492999999998
41,6196,0.875,0.30129375,0.8589928924225997,0.6896551724137931,998.6792999999998
42,10186,0.8625,0.638375,0.8049271172147935,0.9655172413793103,992.2492999999998
43,12429,0.6125,0.88009375,0.9567642452716538,0.6206896551724137,968.2992999999998
44,4765,0.625,0.177659375,0.9049150704734369,0.48275862068965514,901.1293999999998
45,12648,0.6125,0.9375,0.62643055053608,1.0,850.142857142857
46,11640,0.3625,0.9375,0.62643055053608,1.0,848.5714285714284
47,13656,0.8625,0.9375,0.62643055053608,1.0,843.2857142857142
48,13024,0.625,0.9375,0.62643055053608,1.0,841.5714285714284
49,11008,0.125,0.9375,0.62643055053608,1.0,841.2857142857142
50,12016,0.375,0.9375,0.62643055053608,1.0,840.2857142857142
51,10632,0.1125,0.9375,0.62643055053608,1.0,824.4285714285713
52,14032,0.875,0.9375,0.62643055053608,1.0,823.5714285714284
53,10974,0.125,0.921625,0.7775207806288399,0.9655172413793103,790.3893999999999
54,3332,0.3625,0.20443125,0.9969883146608842,1.0,714.1991428571428
55,15799,0.24392624999999998,0.329084375,0.7783640525237921,0.48275862068965514,699.7493999999999
56,2756,0.125,0.125,0.8807252138296592,0.48275862068965514,699.3193999999999
57,12647,0.6125,0.9375,0.6508384531984098,1.0,683.2857142857142
58,11639,0.3625,0.9375,0.6508384531984098,1.0,681.9999999999999
59,12648,0.6125,0.9375,0.62643055053608,0.27586206896551724,679.9999999999999
60,11008,0.125,0.9375,0.62643055053608,0.27586206896551724,678.8888888888888
61,11640,0.3625,0.9375,0.62643055053608,0.27586206896551724,677.7777777777776
62,13021,0.625,0.9375,0.6508384531984098,1.0,675.8571428571428
63,13656,0.8625,0.9375,0.62643055053608,0.27586206896551724,675.5555555555554
64,12013,0.375,0.9375,0.6508384531984098,1.0,674.4285714285713
65,13024,0.625,0.9375,0.62643055053608,0.27586206896551724,673.3333333333331
66,13655,0.8625,0.9375,0.6508384531984098,1.0,672.5714285714284
67,12016,0.375,0.9375,0.62643055053608,0.27586206896551724,672.2222222222221
68,11005,0.125,0.9375,0.6508384531984098,1.0,670.7142857142857
69,7560,0.375,0.5625,0.7344970485483676,0.8275862068965517,669.5328333333332
70,7790,0.3625,0.48384375,0.9860498735092157,0.0,667.0215555555554
71,10632,0.1125,0.9375,0.62643055053608,0.27586206896551724,664.4444444444443
72,14032,0.875,0.9375,0.62643055053608,0.27586206896551724,659.9999999999999
73,14029,0.875,0.9375,0.6508384531984098,1.0,654.5714285714284
74,10631,0.1125,0.9375,0.6508384531984098,1.0,654.1428571428571
75,14033,0.875,0.934375,0.62643055053608,1.0,638.4285714285713
76,10628,0.1125,0.934375,0.62643055053608,1.0,635.9999999999999
77,13652,0.8625,0.934375,0.62643055053608,1.0,618.5714285714284
78,11009,0.125,0.934375,0.62643055053608,1.0,614.8571428571428
79,13025,0.625,0.934375,0.62643055053608,1.0,614.4285714285713
80,13656,0.8625,0.9375,0.62643055053608,0.9655172413793103,613.9999999999999
81,11640,0.3625,0.9375,0.62643055053608,0.9655172413793103,613.9999999999999
82,12017,0.375,0.934375,0.62643055053608,1.0,613.4285714285713
83,12648,0.6125,0.9375,0.62643055053608,0.9655172413793103,612.9999999999999
84,12644,0.6125,0.934375,0.62643055053608,1.0,607.8571428571428
85,11636,0.3625,0.934375,0.62643055053608,1.0,607.5714285714284
86,12016,0.375,0.9375,0.62643055053608,0.9655172413793103,604.9999999999999
87,13024,0.625,0.9375,0.62643055053608,0.9655172413793103,603.9999999999999
88,11008,0.125,0.9375,0.62643055053608,0.9655172413793103,602.9999999999999
89,14032,0.875,0.9375,0.62643055053608,0.9655172413793103,596.9999999999999
90,10632,0.1125,0.9375,0.62643055053608,0.9655172413793103,593.9999999999999
91,12648,0.6125,0.9375,0.62643055053608,0.6206896551724137,585.9999999999999
92,11640,0.3625,0.9375,0.62643055053608,0.6206896551724137,584.9999999999999
93,13656,0.8625,0.9375,0.62643055053608,0.6206896551724137,581.9999999999999
94,11008,0.125,0.9375,0.62643055053608,0.6206896551724137,578.9999999999999
95,12016,0.375,0.9375,0.62643055053608,0.6206896551724137,576.9999999999999
96,13024,0.625,0.9375,0.62643055053608,0.6206896551724137,576.9999999999999
97,12648,0.6125,0.9375,0.62643055053608,0.48275862068965514,575.9999999999999
98,11640,0.3625,0.9375,0.62643055053608,0.48275862068965514,574.9999999999999
99,13656,0.8625,0.9375,0.62643055053608,0.48275862068965514,571.9999999999999
100,11008,0.125,0.9375,0.62643055053608,0.48275862068965514,568.9999999999999
101,10632,0.1125,0.9375,0.62643055053608,0.6206896551724137,567.9999999999999
102,13024,0.625,0.9375,0.62643055053608,0.48275862068965514,567.9999999999999
103,12016,0.375,0.9375,0.62643055053608,0.48275862068965514,566.9999999999999
104,14032,0.875,0.9375,0.62643055053608,0.6206896551724137,565.9999999999999
105,11008,0.125,0.9375,0.62643055053608,0.13793103448275862,559.9999999999999
106,12648,0.6125,0.9375,0.62643055053608,0.13793103448275862,559.9999999999999
107,10632,0.1125,0.9375,0.62643055053608,0.48275862068965514,558.9999999999999
108,14032,0.875,0.9375,0.62643055053608,0.48275862068965514,555.9999999999999
109,13656,0.8625,0.9375,0.62643055053608,0.13793103448275862,549.9999999999999
110,11640,0.3625,0.9375,0.62643055053608,0.13793103448275862,549.9999999999999
111,12016,0.375,0.9375,0.62643055053608,0.13793103448275862,549.9999999999999
112,13024,0.625,0.9375,0.62643055053608,0.13793103448275862,549.9999999999999
113,12647,0.6125,0.9375,0.6508384531984098,0.27586206896551724,548.8888888888888
114,11639,0.3625,0.9375,0.6508384531984098,0.27586206896551724,547.7777777777777
115,11005,0.125,0.9375,0.6508384531984098,0.27586206896551724,545.5555555555554
116,13021,0.625,0.9375,0.6508384531984098,0.27586206896551724,543.3333333333333
117,12013,0.375,0.9375,0.6508384531984098,0.27586206896551724,542.2222222222221
118,13655,0.8625,0.9375,0.6508384531984098,0.27586206896551724,541.111111111111
119,14032,0.875,0.9375,0.62643055053608,0.13793103448275862,539.9999999999999
120,10632,0.1125,0.9375,0.62643055053608,0.13793103448275862,539.9999999999999
121,13656,0.8625,0.9375,0.62643055053608,0.6896551724137931,536.9999999999999
122,11640,0.3625,0.9375,0.62643055053608,0.6896551724137931,535.9999999999999
123,12648,0.6125,0.9375,0.62643055053608,0.6896551724137931,535.9999999999999
124,11008,0.125,0.9375,0.62643055053608,0.0,531.111111111111
125,10631,0.1125,0.9375,0.6508384531984098,0.27586206896551724,531.111111111111
126,12648,0.6125,0.9375,0.62643055053608,0.0,531.111111111111
127,12016,0.375,0.9375,0.62643055053608,0.6896551724137931,528.9999999999999
128,11640,0.3625,0.9375,0.62643055053608,0.0,528.8888888888888
129,13024,0.625,0.9375,0.62643055053608,0.6896551724137931,527.9999999999999
130,12648,0.6125,0.9375,0.62643055053608,0.3448275862068966,527.9999999999999
131,14029,0.875,0.9375,0.6508384531984098,0.27586206896551724,527.7777777777777
132,11008,0.125,0.9375,0.62643055053608,0.6896551724137931,526.9999999999999
133,11640,0.3625,0.9375,0.62643055053608,0.3448275862068966,526.9999999999999
134,13656,0.8625,0.9375,0.62643055053608,0.0,526.6666666666665
135,12016,0.375,0.9375,0.62643055053608,0.0,525.5555555555554
136,13024,0.625,0.9375,0.62643055053608,0.0,524.4444444444443
137,13656,0.8625,0.9375,0.62643055053608,0.3448275862068966,523.9999999999999
138,10628,0.1125,0.934375,0.62643055053608,0.27586206896551724,522.2222222222222
139,11008,0.125,0.9375,0.62643055053608,0.3448275862068966,521.9999999999999
140,14032,0.875,0.9375,0.62643055053608,0.6896551724137931,521.9999999999999
141,11634,0.3625,0.934375,0.7059462715335502,1.0,521.8571428571428
142,12642,0.6125,0.934375,0.7059462715335502,1.0,520.7142857142857
143,12016,0.375,0.9375,0.62643055053608,0.3448275862068966,519.9999999999999
144,13024,0.625,0.9375,0.62643055053608,0.3448275862068966,519.9999999999999
145,10632,0.1125,0.9375,0.62643055053608,0.0,519.9999999999999
146,10632,0.1125,0.9375,0.62643055053608,0.6896551724137931,518.9999999999999
147,13026,0.625,0.934375,0.7059462715335502,1.0,518.2857142857142
148,14033,0.875,0.934375,0.62643055053608,0.27586206896551724,516.6666666666665
149,12018,0.375,0.934375,0.7059462715335502,1.0,514.1428571428571
150,14032,0.875,0.9375,0.62643055053608,0.0,513.3333333333333
151,10632,0.1125,0.9375,0.62643055053608,0.3448275862068966,512.9999999999999
152,14032,0.875,0.9375,0.62643055053608,0.3448275862068966,508.9999999999999
153,11009,0.125,0.934375,0.62643055053608,0.27586206896551724,506.6666666666666
154,12017,0.375,0.934375,0.62643055053608,0.27586206896551724,505.55555555555543
155,11010,0.125,0.934375,0.7059462715335502,1.0,505.4285714285714
156,13025,0.625,0.934375,0.62643055053608,0.27586206896551724,503.33333333333326
157,13650,0.8625,0.934375,0.7059462715335502,1.0,502.8571428571428
158,10626,0.1125,0.934375,0.7059462715335502,1.0,502.2857142857142
159,13652,0.8625,0.934375,0.62643055053608,0.27586206896551724,502.2222222222221
160,11636,0.3625,0.934375,0.62643055053608,0.27586206896551724,501.11111111111103
161,14034,0.875,0.934375,0.7059462715335502,1.0,497.4285714285714
162,12644,0.6125,0.934375,0.62643055053608,0.27586206896551724,496.6666666666666
163,11639,0.3625,0.9375,0.6508384531984098,0.9655172413793103,494.9999999999999
164,12647,0.6125,0.9375,0.6508384531984098,0.9655172413793103,494.9999999999999
165,13655,0.8625,0.9375,0.6508384531984098,0.9655172413793103,493.9999999999999
166,12013,0.375,0.9375,0.6508384531984098,0.9655172413793103,487.9999999999999
167,13021,0.625,0.9375,0.6508384531984098,0.9655172413793103,487.9999999999999
168,11005,0.125,0.9375,0.6508384531984098,0.9655172413793103,481.9999999999999
169,14029,0.875,0.9375,0.6508384531984098,0.9655172413793103,477.9999999999999
170,10631,0.1125,0.9375,0.6508384531984098,0.9655172413793103,473.9999999999999
171,14033,0.875,0.934375,0.62643055053608,0.9655172413793103,470.9999999999999
172,12647,0.6125,0.9375,0.6508384531984098,0.6206896551724137,470.9999999999999
173,11639,0.3625,0.9375,0.6508384531984098,0.6206896551724137,468.9999999999999
174,13656,0.8625,0.9375,0.62643055053608,0.8275862068965517,466.6666666666666
175,11640,0.3625,0.9375,0.62643055053608,0.8275862068965517,466.6666666666666
176,12648,0.6125,0.9375,0.62643055053608,0.8275862068965517,466.6666666666666
177,13655,0.8625,0.9375,0.6508384531984098,0.6206896551724137,464.99999999999994
178,10628,0.1125,0.934375,0.62643055053608,0.9655172413793103,464.99999999999994
179,13021,0.625,0.9375,0.6508384531984098,0.6206896551724137,463.99999999999994
180,12647,0.6125,0.9375,0.6508384531984098,0.48275862068965514,462.99999999999994
181,11005,0.125,0.9375,0.6508384531984098,0.6206896551724137,461.99999999999994
182,11639,0.3625,0.9375,0.6508384531984098,0.48275862068965514,461.99999999999994
183,12013,0.375,0.9375,0.6508384531984098,0.6206896551724137,461.99999999999994
184,11005,0.125,0.9375,0.6508384531984098,0.13793103448275862,459.99999999999994
185,14032,0.875,0.9375,0.62643055053608,0.8275862068965517,458.33333333333326
186,12016,0.375,0.9375,0.62643055053608,0.8275862068965517,458.33333333333326
187,13024,0.625,0.9375,0.62643055053608,0.8275862068965517,458.33333333333326
188,13655,0.8625,0.9375,0.6508384531984098,0.48275862068965514,457.99999999999994
189,13025,0.625,0.934375,0.62643055053608,0.9655172413793103,456.99999999999994
190,13021,0.625,0.9375,0.6508384531984098,0.48275862068965514,456.99999999999994
191,12013,0.375,0.9375,0.6508384531984098,0.48275862068965514,455.99999999999994
192,13652,0.8625,0.934375,0.62643055053608,0.9655172413793103,453.99999999999994
193,11009,0.125,0.934375,0.62643055053608,0.9655172413793103,453.99999999999994
194,11005,0.125,0.9375,0.6508384531984098,0.48275862068965514,453.99999999999994
195,12017,0.375,0.934375,0.62643055053608,0.9655172413793103,452.99999999999994
196,10631,0.1125,0.9375,0.6508384531984098,0.6206896551724137,451.99999999999994
197,13021,0.625,0.9375,0.6508384531984098,0.13793103448275862,450.99999999999994
198,11008,0.125,0.9375,0.62643055053608,0.8275862068965517,449.99999999999994
199,10632,0.1125,0.9375,0.62643055053608,0.8275862068965517,449.99999999999994
200,14029,0.875,0.9375,0.6508384531984098,0.6206896551724137,449.99999999999994
201,11639,0.3625,0.9375,0.6508384531984098,0.13793103448275862,449.99999999999994
202,10631,0.1125,0.9375,0.6508384531984098,0.13793103448275862,449.99999999999994
203,12013,0.375,0.9375,0.6508384531984098,0.13793103448275862,449.99999999999994
204,12647,0.6125,0.9375,0.6508384531984098,0.13793103448275862,449.99999999999994
205,12644,0.6125,0.934375,0.62643055053608,0.9655172413793103,448.99999999999994
206,11636,0.3625,0.934375,0.62643055053608,0.9655172413793103,446.99999999999994
207,10631,0.1125,0.9375,0.6508384531984098,0.48275862068965514,444.99999999999994
208,14033,0.875,0.934375,0.62643055053608,0.6206896551724137,443.99999999999994
209,13655,0.8625,0.9375,0.6508384531984098,0.13793103448275862,442.99999999999994
210,14029,0.875,0.9375,0.6508384531984098,0.48275862068965514,442.99999999999994
211,10628,0.1125,0.934375,0.62643055053608,0.6206896551724137,440.99999999999994
212,10628,0.1125,0.934375,0.62643055053608,0.13793103448275862,437.99999999999994
213,14033,0.875,0.934375,0.62643055053608,0.48275862068965514,436.99999999999994
214,14029,0.875,0.9375,0.6508384531984098,0.13793103448275862,434.99999999999994
215,11639,0.3625,0.9375,0.6508384531984098,0.6896551724137931,434.99999999999994
216,12647,0.6125,0.9375,0.6508384531984098,0.6896551724137931,434.99999999999994
217,10628,0.1125,0.934375,0.62643055053608,0.48275862068965514,433.99999999999994
218,13655,0.8625,0.9375,0.6508384531984098,0.6896551724137931,432.99999999999994
219,11009,0.125,0.934375,0.62643055053608,0.6206896551724137,429.99999999999994
220,12647,0.6125,0.9375,0.6508384531984098,0.0,429.9999999999999
221,12017,0.375,0.934375,0.62643055053608,0.6206896551724137,428.99999999999994
222,11005,0.125,0.9375,0.6508384531984098,0.0,428.8888888888888
223,11639,0.3625,0.9375,0.6508384531984098,0.0,428.8888888888888
224,13652,0.8625,0.934375,0.62643055053608,0.6206896551724137,427.99999999999994
225,12013,0.375,0.9375,0.6508384531984098,0.6896551724137931,427.99999999999994
226,13025,0.625,0.934375,0.62643055053608,0.6206896551724137,427.99999999999994
227,13021,0.625,0.9375,0.6508384531984098,0.6896551724137931,426.99999999999994
228,14033,0.875,0.934375,0.62643055053608,0.13793103448275862,425.99999999999994
229,12647,0.6125,0.9375,0.6508384531984098,0.3448275862068966,425.99999999999994
230,11639,0.3625,0.9375,0.6508384531984098,0.3448275862068966,424.99999999999994
231,12013,0.375,0.9375,0.6508384531984098,0.0,424.44444444444434
232,13021,0.625,0.9375,0.6508384531984098,0.0,424.44444444444434
233,11009,0.125,0.934375,0.62643055053608,0.13793103448275862,422.99999999999994
234,11005,0.125,0.9375,0.6508384531984098,0.6896551724137931,422.99999999999994
235,13655,0.8625,0.9375,0.6508384531984098,0.0,422.2222222222221
236,11009,0.125,0.934375,0.62643055053608,0.48275862068965514,421.99999999999994
237,11636,0.3625,0.934375,0.62643055053608,0.6206896551724137,421.99999999999994
238,12017,0.375,0.934375,0.62643055053608,0.48275862068965514,421.99999999999994
239,12017,0.375,0.934375,0.62643055053608,0.13793103448275862,421.99999999999994
240,12644,0.6125,0.934375,0.62643055053608,0.6206896551724137,420.99999999999994
241,13652,0.8625,0.934375,0.62643055053608,0.48275862068965514,420.99999999999994
242,11636,0.3625,0.934375,0.62643055053608,0.13793103448275862,420.99999999999994
243,13025,0.625,0.934375,0.62643055053608,0.48275862068965514,420.99999999999994
244,13655,0.8625,0.9375,0.6508384531984098,0.3448275862068966,419.99999999999994
245,14029,0.875,0.9375,0.6508384531984098,0.6896551724137931,418.99999999999994
246,13021,0.625,0.9375,0.6508384531984098,0.3448275862068966,418.99999999999994
247,11634,0.3625,0.934375,0.7059462715335502,0.27586206896551724,418.8888888888888
248,13026,0.625,0.934375,0.7059462715335502,0.27586206896551724,418.8888888888888
249,13652,0.8625,0.934375,0.62643055053608,0.13793103448275862,417.99999999999994
250,12013,0.375,0.9375,0.6508384531984098,0.3448275862068966,417.99999999999994
251,12642,0.6125,0.934375,0.7059462715335502,0.27586206896551724,417.7777777777777
252,11005,0.125,0.9375,0.6508384531984098,0.3448275862068966,416.99999999999994
253,13025,0.625,0.934375,0.62643055053608,0.13793103448275862,416.99999999999994
254,10631,0.1125,0.9375,0.6508384531984098,0.0,416.6666666666666
255,12018,0.375,0.934375,0.7059462715335502,0.27586206896551724,415.5555555555555
256,11636,0.3625,0.934375,0.62643055053608,0.48275862068965514,414.99999999999994
257,10631,0.1125,0.9375,0.6508384531984098,0.6896551724137931,414.99999999999994
258,12644,0.6125,0.934375,0.62643055053608,0.48275862068965514,413.99999999999994
259,12644,0.6125,0.934375,0.62643055053608,0.13793103448275862,413.99999999999994
260,11010,0.125,0.934375,0.7059462715335502,0.27586206896551724,413.33333333333326
261,14029,0.875,0.9375,0.6508384531984098,0.0,412.2222222222221
262,10626,0.1125,0.934375,0.7059462715335502,0.27586206896551724,408.8888888888888
263,10631,0.1125,0.9375,0.6508384531984098,0.3448275862068966,407.99999999999994
264,13650,0.8625,0.934375,0.7059462715335502,0.27586206896551724,407.7777777777777
265,14033,0.875,0.934375,0.62643055053608,0.6896551724137931,406.99999999999994
266,14201,0.875,0.684375,0.62643055053608,1.0,406.99999999999994
267,14036,0.875,0.934375,0.65293579086857,1.0,406.8571428571428
268,14029,0.875,0.9375,0.6508384531984098,0.3448275862068966,405.99999999999994
269,14034,0.875,0.934375,0.7059462715335502,0.27586206896551724,405.5555555555555
270,10628,0.1125,0.934375,0.62643055053608,0.0,404.44444444444434
271,10624,0.1125,0.934375,0.65293579086857,1.0,403.5714285714285
272,10628,0.1125,0.934375,0.62643055053608,0.6896551724137931,399.99999999999994
273,14033,0.875,0.934375,0.62643055053608,0.0,399.99999999999994
274,15862,0.26345,0.324653125,0.8087700277075051,0.9655172413793103,399.90939999999995
275,10460,0.1125,0.684375,0.62643055053608,1.0,399.71428571428567
276,14033,0.875,0.934375,0.62643055053608,0.3448275862068966,395.99999999999994
277,10628,0.1125,0.934375,0.62643055053608,0.3448275862068966,394.99999999999994
278,13025,0.625,0.934375,0.62643055053608,0.6896551724137931,392.99999999999994
279,13652,0.8625,0.934375,0.62643055053608,0.6896551724137931,391.99999999999994
280,11009,0.125,0.934375,0.62643055053608,0.0,391.11111111111103
281,12017,0.375,0.934375,0.62643055053608,0.0,391.11111111111103
282,11009,0.125,0.934375,0.62643055053608,0.6896551724137931,390.99999999999994
283,12017,0.375,0.934375,0.62643055053608,0.6896551724137931,390.99999999999994
284,13648,0.8625,0.934375,0.65293579086857,1.0,388.99999999999994
285,13652,0.8625,0.934375,0.62643055053608,0.0,387.7777777777777
286,13025,0.625,0.934375,0.62643055053608,0.0,387.7777777777777
287,12644,0.6125,0.934375,0.62643055053608,0.6896551724137931,386.99999999999994
288,11636,0.3625,0.934375,0.62643055053608,0.0,386.6666666666666
289,11012,0.125,0.934375,0.65293579086857,1.0,386.2857142857142
290,11009,0.125,0.934375,0.62643055053608,0.3448275862068966,383.99999999999994
291,11636,0.3625,0.934375,0.62643055053608,0.6896551724137931,383.99999999999994
292,13655,0.8625,0.9375,0.6508384531984098,0.8275862068965517,383.33333333333326
293,12013,0.375,0.9375,0.6508384531984098,0.8275862068965517,383.33333333333326
294,12644,0.6125,0.934375,0.62643055053608,0.0,383.33333333333326
295,11639,0.3625,0.9375,0.6508384531984098,0.8275862068965517,382.49999999999994
296,13652,0.8625,0.934375,0.62643055053608,0.3448275862068966,381.99999999999994
297,12017,0.375,0.934375,0.62643055053608,0.3448275862068966,381.99999999999994
298,13025,0.625,0.934375,0.62643055053608,0.3448275862068966,381.99999999999994
299,12020,0.375,0.934375,0.65293579086857,1.0,381.85714285714283
300,13028,0.625,0.934375,0.65293579086857,1.0,381.5714285714285
301,11634,0.3625,0.934375,0.7059462715335502,0.9655172413793103,379.99999999999994
302,12642,0.6125,0.934375,0.7059462715335502,0.9655172413793103,377.99999999999994
303,11636,0.3625,0.934375,0.62643055053608,0.3448275862068966,376.99999999999994
304,13026,0.625,0.934375,0.7059462715335502,0.9655172413793103,376.99999999999994
305,12644,0.6125,0.934375,0.62643055053608,0.3448275862068966,375.99999999999994
306,12640,0.6125,0.934375,0.65293579086857,1.0,375.1428571428571
307,14029,0.875,0.9375,0.6508384531984098,0.8275862068965517,374.99999999999994
308,13021,0.625,0.9375,0.6508384531984098,0.8275862068965517,374.99999999999994
309,12647,0.6125,0.9375,0.6508384531984098,0.8275862068965517,374.99999999999994
310,12018,0.375,0.934375,0.7059462715335502,0.9655172413793103,374.99999999999994
311,11632,0.3625,0.934375,0.65293579086857,1.0,374.99999999999994
312,13650,0.8625,0.934375,0.7059462715335502,0.9655172413793103,371.99999999999994
313,11005,0.125,0.9375,0.6508384531984098,0.8275862068965517,368.33333333333326
314,14034,0.875,0.934375,0.7059462715335502,0.9655172413793103,367.99999999999994
315,11010,0.125,0.934375,0.7059462715335502,0.9655172413793103,365.99999999999994
316,14033,0.875,0.934375,0.62643055053608,0.8275862068965517,365.83333333333326
317,10631,0.1125,0.9375,0.6508384531984098,0.8275862068965517,364.16666666666663
318,10626,0.1125,0.934375,0.7059462715335502,0.9655172413793103,362.99999999999994
319,11634,0.3625,0.934375,0.7059462715335502,0.6206896551724137,357.99999999999994
320,12642,0.6125,0.934375,0.7059462715335502,0.6206896551724137,357.99999999999994
321,13026,0.625,0.934375,0.7059462715335502,0.6206896551724137,356.99999999999994
322,10628,0.1125,0.934375,0.62643055053608,0.8275862068965517,355.83333333333326
323,13025,0.625,0.934375,0.62643055053608,0.8275862068965517,354.99999999999994
324,12018,0.375,0.934375,0.7059462715335502,0.6206896551724137,353.99999999999994
325,11634,0.3625,0.934375,0.7059462715335502,0.48275862068965514,352.99999999999994
326,13652,0.8625,0.934375,0.62643055053608,0.8275862068965517,352.49999999999994
327,11468,0.3625,0.684375,0.62643055053608,1.0,352.2857142857142
328,13026,0.625,0.934375,0.7059462715335502,0.48275862068965514,351.99999999999994
329,12642,0.6125,0.934375,0.7059462715335502,0.48275862068965514,351.99999999999994
330,12017,0.375,0.934375,0.62643055053608,0.8275862068965517,351.66666666666663
331,11009,0.125,0.934375,0.62643055053608,0.8275862068965517,350.83333333333326
332,12644,0.6125,0.934375,0.62643055053608,0.8275862068965517,349.16666666666663
333,11010,0.125,0.934375,0.7059462715335502,0.6206896551724137,348.99999999999994
334,12018,0.375,0.934375,0.7059462715335502,0.48275862068965514,348.99999999999994
335,13650,0.8625,0.934375,0.7059462715335502,0.6206896551724137,347.99999999999994
336,13026,0.625,0.934375,0.7059462715335502,0.13793103448275862,347.99999999999994
337,12642,0.6125,0.934375,0.7059462715335502,0.13793103448275862,347.99999999999994
338,10460,0.1125,0.684375,0.62643055053608,0.27586206896551724,347.7777777777777
339,11010,0.125,0.934375,0.7059462715335502,0.13793103448275862,346.99999999999994
340,11634,0.3625,0.934375,0.7059462715335502,0.13793103448275862,346.99999999999994
341,13484,0.8625,0.684375,0.62643055053608,1.0,346.98571428571427
342,10626,0.1125,0.934375,0.7059462715335502,0.6206896551724137,345.99999999999994
343,14034,0.875,0.934375,0.7059462715335502,0.6206896551724137,344.99999999999994
344,11636,0.3625,0.934375,0.62643055053608,0.8275862068965517,344.16666666666663
345,11010,0.125,0.934375,0.7059462715335502,0.48275862068965514,343.99999999999994
346,12018,0.375,0.934375,0.7059462715335502,0.13793103448275862,343.99999999999994
347,12476,0.6125,0.684375,0.62643055053608,0.27586206896551724,343.33333333333326
348,13650,0.8625,0.934375,0.7059462715335502,0.48275862068965514,342.99999999999994
349,10626,0.1125,0.934375,0.7059462715335502,0.13793103448275862,342.99999999999994
350,11177,0.125,0.684375,0.62643055053608,0.27586206896551724,342.2222222222222
351,10626,0.1125,0.934375,0.7059462715335502,0.48275862068965514,340.99999999999994
352,11468,0.3625,0.684375,0.62643055053608,0.27586206896551724,339.99999999999994
353,14034,0.875,0.934375,0.7059462715335502,0.48275862068965514,338.99999999999994
354,10624,0.1125,0.934375,0.65293579086857,0.27586206896551724,336.6666666666666
355,12185,0.375,0.684375,0.62643055053608,0.27586206896551724,336.6666666666666
356,13650,0.8625,0.934375,0.7059462715335502,0.13793103448275862,334.99999999999994
357,13193,0.625,0.684375,0.62643055053608,0.27586206896551724,334.4444444444444
358,14034,0.875,0.934375,0.7059462715335502,0.13793103448275862,333.99999999999994
359,11634,0.3625,0.934375,0.7059462715335502,0.6896551724137931,332.99999999999994
360,14036,0.875,0.934375,0.65293579086857,0.27586206896551724,332.2222222222222
361,12642,0.6125,0.934375,0.7059462715335502,0.6896551724137931,329.99999999999994
362,13484,0.8625,0.684375,0.62643055053608,0.27586206896551724,329.99999999999994
363,10611,0.1125,0.903125,0.62643055053608,1.0,329.71428571428567
364,12018,0.375,0.934375,0.7059462715335502,0.6896551724137931,328.99999999999994
365,13026,0.625,0.934375,0.7059462715335502,0.6896551724137931,328.99999999999994
366,11634,0.3625,0.934375,0.7059462715335502,0.0,326.66666666666663
367,10460,0.1125,0.684375,0.62643055053608,0.0,326.66666666666663
368,13026,0.625,0.934375,0.7059462715335502,0.0,326.66666666666663
369,12642,0.6125,0.934375,0.7059462715335502,0.0,326.66666666666663
370,14050,0.875,0.903125,0.62643055053608,1.0,326.4285714285714
371,13650,0.8625,0.934375,0.7059462715335502,0.6896551724137931,325.99999999999994
372,12018,0.375,0.934375,0.7059462715335502,0.0,324.4444444444444
373,14204,0.875,0.684375,0.6508384531984098,1.0,324.1714285714285
374,11634,0.3625,0.934375,0.7059462715335502,0.3448275862068966,323.99999999999994
375,12642,0.6125,0.934375,0.7059462715335502,0.3448275862068966,323.99999999999994
376,11012,0.125,0.934375,0.65293579086857,0.27586206896551724,323.33333333333326
377,11010,0.125,0.934375,0.7059462715335502,0.0,323.33333333333326
378,13026,0.625,0.934375,0.7059462715335502,0.3448275862068966,322.99999999999994
379,14201,0.875,0.684375,0.62643055053608,0.27586206896551724,322.2222222222222
380,11177,0.125,0.684375,0.62643055053608,0.0,321.11111111111103
381,12020,0.375,0.934375,0.65293579086857,0.27586206896551724,321.11111111111103
382,12476,0.6125,0.684375,0.62643055053608,0.0,321.11111111111103
383,14034,0.875,0.934375,0.7059462715335502,0.6896551724137931,320.99999999999994
384,13480,0.8625,0.684375,0.6508384531984098,1.0,320.9
385,11010,0.125,0.934375,0.7059462715335502,0.6896551724137931,319.99999999999994
386,12018,0.375,0.934375,0.7059462715335502,0.3448275862068966,319.99999999999994
387,13648,0.8625,0.934375,0.65293579086857,0.27586206896551724,319.99999999999994
388,10626,0.1125,0.934375,0.7059462715335502,0.0,319.99999999999994
389,11468,0.3625,0.684375,0.62643055053608,0.0,318.8888888888888
390,13650,0.8625,0.934375,0.7059462715335502,0.0,317.7777777777777
391,13028,0.625,0.934375,0.65293579086857,0.27586206896551724,317.7777777777777
392,10358,0.1125,0.8655625,0.9451270931213106,1.0,317.3991428571428
393,11635,0.3625,0.934375,0.7324515118660402,1.0,317.2857142857142
394,13537,0.8625,0.778125,0.7482110589085652,0.6206896551724137,317.04939999999993
395,10626,0.1125,0.934375,0.7059462715335502,0.6896551724137931,316.99999999999994
396,13029,0.625,0.934375,0.7324515118660402,1.0,316.99999999999994
397,11632,0.3625,0.934375,0.65293579086857,0.27586206896551724,316.66666666666663
398,13635,0.8625,0.903125,0.62643055053608,1.0,316.57142857142856
399,12643,0.6125,0.934375,0.7324515118660402,1.0,316.1428571428571
400,14034,0.875,0.934375,0.7059462715335502,0.0,315.5555555555555
401,11180,0.125,0.684375,0.6508384531984098,1.0,315.47142857142853
402,11010,0.125,0.934375,0.7059462715335502,0.3448275862068966,314.99999999999994
403,12185,0.375,0.684375,0.62643055053608,0.0,314.4444444444444
404,12021,0.375,0.934375,0.7324515118660402,1.0,313.85714285714283
405,10456,0.1125,0.684375,0.6508384531984098,1.0,313.79999999999995
406,13650,0.8625,0.934375,0.7059462715335502,0.3448275862068966,312.99999999999994
407,13193,0.625,0.684375,0.62643055053608,0.0,312.2222222222222
408,12640,0.6125,0.934375,0.65293579086857,0.27586206896551724,312.2222222222222
409,10626,0.1125,0.934375,0.7059462715335502,0.3448275862068966,311.99999999999994
410,13484,0.8625,0.684375,0.62643055053608,0.0,311.11111111111103
411,10460,0.1125,0.684375,0.62643055053608,0.9655172413793103,310.99999999999994
412,11619,0.3625,0.903125,0.62643055053608,1.0,310.99999999999994
413,13484,0.8625,0.684375,0.62643055053608,0.9655172413793103,309.99999999999994
414,14034,0.875,0.934375,0.7059462715335502,0.3448275862068966,309.99999999999994
415,13042,0.625,0.903125,0.62643055053608,1.0,309.4285714285714
416,12627,0.6125,0.903125,0.62643055053608,1.0,308.99999999999994
417,12034,0.375,0.903125,0.62643055053608,1.0,308.85714285714283
418,11177,0.125,0.684375,0.62643055053608,0.9655172413793103,307.99999999999994
419,10627,0.1125,0.934375,0.7324515118660402,1.0,307.71428571428567
420,11026,0.125,0.903125,0.62643055053608,1.0,306.99999999999994
421,11013,0.125,0.934375,0.7324515118660402,1.0,305.2857142857142
422,14201,0.875,0.684375,0.62643055053608,0.9655172413793103,304.99999999999994
423,14036,0.875,0.934375,0.65293579086857,0.9655172413793103,303.99999999999994
424,10460,0.1125,0.684375,0.62643055053608,0.48275862068965514,303.99999999999994
425,14037,0.875,0.934375,0.7324515118660402,1.0,303.85714285714283
426,14201,0.875,0.684375,0.62643055053608,0.0,303.33333333333326
427,13651,0.8625,0.934375,0.7324515118660402,1.0,302.71428571428567
428,12476,0.6125,0.684375,0.62643055053608,0.9655172413793103,300.99999999999994
429,10460,0.1125,0.684375,0.62643055053608,0.13793103448275862,299.99999999999994
430,11177,0.125,0.684375,0.62643055053608,0.48275862068965514,298.99999999999994
431,11468,0.3625,0.684375,0.62643055053608,0.9655172413793103,298.99999999999994
432,10460,0.1125,0.684375,0.62643055053608,0.6206896551724137,298.99999999999994
433,10624,0.1125,0.934375,0.65293579086857,0.9655172413793103,297.99999999999994
434,12185,0.375,0.684375,0.62643055053608,0.9655172413793103,297.99999999999994
435,12483,0.6125,0.69659375,0.7551740754126008,1.0,297.4571428571428
436,10460,0.1125,0.684375,0.62643055053608,0.6896551724137931,296.99999999999994
437,10460,0.1125,0.684375,0.62643055053608,0.3448275862068966,296.99999999999994
438,13484,0.8625,0.684375,0.62643055053608,0.6896551724137931,295.99999999999994
439,13193,0.625,0.684375,0.62643055053608,0.9655172413793103,295.99999999999994
440,11177,0.125,0.684375,0.62643055053608,0.13793103448275862,294.99999999999994
441,11177,0.125,0.684375,0.62643055053608,0.6206896551724137,294.99999999999994
442,12177,0.375,0.69659375,0.7551740754126008,1.0,294.4285714285714
443,11177,0.125,0.684375,0.62643055053608,0.6896551724137931,293.99999999999994
444,11634,0.3625,0.934375,0.7059462715335502,0.8275862068965517,293.3333333333333
445,11475,0.3625,0.69659375,0.7551740754126008,1.0,293.29999999999995
446,12476,0.6125,0.684375,0.62643055053608,0.48275862068965514,292.99999999999994
447,12476,0.6125,0.684375,0.62643055053608,0.13793103448275862,292.99999999999994
448,11169,0.125,0.69659375,0.7551740754126008,1.0,292.6714285714285
449,11177,0.125,0.684375,0.62643055053608,0.3448275862068966,291.99999999999994
450,13484,0.8625,0.684375,0.62643055053608,0.48275862068965514,291.99999999999994
451,11012,0.125,0.934375,0.65293579086857,0.9655172413793103,290.99999999999994
452,11468,0.3625,0.684375,0.62643055053608,0.48275862068965514,290.99999999999994
453,14201,0.875,0.684375,0.62643055053608,0.6896551724137931,290.99999999999994
454,13650,0.8625,0.934375,0.7059462715335502,0.8275862068965517,290.8333333333333
455,13491,0.8625,0.69659375,0.7551740754126008,1.0,290.6142857142857
456,12018,0.375,0.934375,0.7059462715335502,0.8275862068965517,289.99999999999994
457,13026,0.625,0.934375,0.7059462715335502,0.8275862068965517,289.99999999999994
458,12642,0.6125,0.934375,0.7059462715335502,0.8275862068965517,289.99999999999994
459,13648,0.8625,0.934375,0.65293579086857,0.9655172413793103,289.99999999999994
460,11468,0.3625,0.684375,0.62643055053608,0.13793103448275862,289.99999999999994
461,13028,0.625,0.934375,0.65293579086857,0.9655172413793103,289.99999999999994
462,13185,0.625,0.69659375,0.7551740754126008,1.0,289.3428571428571
463,13484,0.8625,0.684375,0.62643055053608,0.6206896551724137,288.99999999999994
464,12185,0.375,0.684375,0.62643055053608,0.48275862068965514,288.99999999999994
465,12476,0.6125,0.684375,0.62643055053608,0.6206896551724137,288.99999999999994
466,10467,0.1125,0.69659375,0.7551740754126008,1.0,288.8142857142857
467,11468,0.3625,0.684375,0.62643055053608,0.6206896551724137,287.99999999999994
468,12185,0.375,0.684375,0.62643055053608,0.13793103448275862,286.99999999999994
469,12476,0.6125,0.684375,0.62643055053608,0.6896551724137931,286.99999999999994
470,14034,0.875,0.934375,0.7059462715335502,0.8275862068965517,286.66666666666663
471,13193,0.625,0.684375,0.62643055053608,0.48275862068965514,285.99999999999994
472,12020,0.375,0.934375,0.65293579086857,0.9655172413793103,285.99999999999994
473,14201,0.875,0.684375,0.62643055053608,0.48275862068965514,285.99999999999994
474,12476,0.6125,0.684375,0.62643055053608,0.3448275862068966,285.99999999999994
475,11468,0.3625,0.684375,0.62643055053608,0.6896551724137931,284.99999999999994
476,13484,0.8625,0.684375,0.62643055053608,0.3448275862068966,284.99999999999994
477,10624,0.1125,0.934375,0.65293579086857,0.13793103448275862,284.99999999999994
478,12185,0.375,0.684375,0.62643055053608,0.6206896551724137,284.99999999999994
479,11468,0.3625,0.684375,0.62643055053608,0.3448275862068966,283.99999999999994
480,14036,0.875,0.934375,0.65293579086857,0.6206896551724137,283.99999999999994
481,13193,0.625,0.684375,0.62643055053608,0.13793103448275862,283.99999999999994
482,12185,0.375,0.684375,0.62643055053608,0.6896551724137931,283.99999999999994
483,13193,0.625,0.684375,0.62643055053608,0.6206896551724137,282.99999999999994
484,14201,0.875,0.684375,0.62643055053608,0.6206896551724137,282.99999999999994
485,12640,0.6125,0.934375,0.65293579086857,0.9655172413793103,282.99999999999994
486,13193,0.625,0.684375,0.62643055053608,0.6896551724137931,281.99999999999994
487,14193,0.875,0.69659375,0.7551740754126008,1.0,281.85714285714283
488,10456,0.1125,0.684375,0.6508384531984098,0.27586206896551724,281.11111111111103
489,10624,0.1125,0.934375,0.65293579086857,0.6206896551724137,280.99999999999994
490,12185,0.375,0.684375,0.62643055053608,0.3448275862068966,280.99999999999994
491,11632,0.3625,0.934375,0.65293579086857,0.9655172413793103,279.99999999999994
492,11010,0.125,0.934375,0.7059462715335502,0.8275862068965517,279.16666666666663
493,14036,0.875,0.934375,0.65293579086857,0.48275862068965514,278.99999999999994
494,13193,0.625,0.684375,0.62643055053608,0.3448275862068966,278.99999999999994
495,14201,0.875,0.684375,0.62643055053608,0.3448275862068966,278.99999999999994
496,12472,0.6125,0.684375,0.6508384531984098,0.27586206896551724,278.88888888888886
497,10605,0.1125,0.903125,0.655524635586074,1.0,278.71428571428567
498,10626,0.1125,0.934375,0.7059462715335502,0.8275862068965517,278.3333333333333
499,13484,0.8625,0.684375,0.62643055053608,0.13793103448275862,277.99999999999994
500,10624,0.1125,0.934375,0.65293579086857,0.48275862068965514,276.99999999999994
501,11180,0.125,0.684375,0.6508384531984098,0.27586206896551724,276.66666666666663
502,11464,0.3625,0.684375,0.6508384531984098,0.27586206896551724,276.66666666666663
503,14048,0.875,0.90625,0.7671364895795687,1.0,275.99999999999994
504,13636,0.8625,0.90625,0.7671364895795687,1.0,275.85714285714283
505,14036,0.875,0.934375,0.65293579086857,0.13793103448275862,274.99999999999994
506,14055,0.875,0.903125,0.655524635586074,1.0,274.71428571428567
507,10612,0.1125,0.90625,0.7671364895795687,1.0,274.2857142857143
508,11024,0.125,0.90625,0.7671364895795687,1.0,273.99999999999994
509,13193,0.625,0.684375,0.62643055053608,1.0,272.8714285714285
510,12188,0.375,0.684375,0.6508384531984098,0.27586206896551724,272.2222222222222
511,11012,0.125,0.934375,0.65293579086857,0.13793103448275862,271.99999999999994
512,12020,0.375,0.934375,0.65293579086857,0.13793103448275862,271.99999999999994
513,13196,0.625,0.684375,0.6508384531984098,0.27586206896551724,271.11111111111103
514,11012,0.125,0.934375,0.65293579086857,0.6206896551724137,270.99999999999994
515,13648,0.8625,0.934375,0.65293579086857,0.6206896551724137,269.99999999999994
516,14201,0.875,0.684375,0.62643055053608,0.13793103448275862,269.99999999999994
517,10611,0.1125,0.903125,0.62643055053608,0.27586206896551724,269.99999999999994
518,12476,0.6125,0.684375,0.62643055053608,1.0,269.29999999999995
519,12188,0.375,0.684375,0.6508384531984098,1.0,269.2571428571428
520,11632,0.3625,0.934375,0.65293579086857,0.13793103448275862,268.99999999999994
521,13648,0.8625,0.934375,0.65293579086857,0.13793103448275862,267.99999999999994
522,11012,0.125,0.934375,0.65293579086857,0.48275862068965514,267.99999999999994
523,12020,0.375,0.934375,0.65293579086857,0.6206896551724137,267.99999999999994
524,13028,0.625,0.934375,0.65293579086857,0.6206896551724137,266.99999999999994
525,13629,0.8625,0.903125,0.655524635586074,1.0,266.1428571428571
526,13648,0.8625,0.934375,0.65293579086857,0.48275862068965514,265.99999999999994
527,12032,0.375,0.90625,0.7671364895795687,1.0,265.85714285714283
528,13028,0.625,0.934375,0.65293579086857,0.13793103448275862,264.99999999999994
529,13480,0.8625,0.684375,0.6508384531984098,0.27586206896551724,264.4444444444444
530,12628,0.6125,0.90625,0.7671364895795687,1.0,264.2857142857143
531,12020,0.375,0.934375,0.65293579086857,0.48275862068965514,263.99999999999994
532,13028,0.625,0.934375,0.65293579086857,0.48275862068965514,263.99999999999994
533,10456,0.1125,0.684375,0.6508384531984098,0.0,263.33333333333326
534,11632,0.3625,0.934375,0.65293579086857,0.6206896551724137,261.99999999999994
535,14036,0.875,0.934375,0.65293579086857,0.6896551724137931,261.99999999999994
536,12640,0.6125,0.934375,0.65293579086857,0.13793103448275862,261.99999999999994
537,11620,0.3625,0.90625,0.7671364895795687,1.0,261.2857142857143
538,14050,0.875,0.903125,0.62643055053608,0.27586206896551724,261.1111111111111
539,10624,0.1125,0.934375,0.65293579086857,0.0,261.1111111111111
540,12640,0.6125,0.934375,0.65293579086857,0.6206896551724137,260.99999999999994
541,13040,0.625,0.90625,0.7671364895795687,1.0,260.1428571428571
542,11180,0.125,0.684375,0.6508384531984098,0.0,259.99999999999994
543,12472,0.6125,0.684375,0.6508384531984098,0.0,259.99999999999994
544,11613,0.3625,0.903125,0.655524635586074,1.0,258.71428571428567
545,11031,0.125,0.903125,0.655524635586074,1.0,258.2857142857143
546,11632,0.3625,0.934375,0.65293579086857,0.48275862068965514,257.99999999999994
547,12640,0.6125,0.934375,0.65293579086857,0.48275862068965514,257.99999999999994
548,11464,0.3625,0.684375,0.6508384531984098,0.0,257.7777777777777
549,14204,0.875,0.684375,0.6508384531984098,0.27586206896551724,257.7777777777777
550,12039,0.375,0.903125,0.655524635586074,1.0,257.2857142857143
551,13047,0.625,0.903125,0.655524635586074,1.0,257.2857142857143
552,12621,0.6125,0.903125,0.655524635586074,1.0,257.1428571428571
553,10624,0.1125,0.934375,0.65293579086857,0.6896551724137931,256.99999999999994
554,14036,0.875,0.934375,0.65293579086857,0.0,255.55555555555551
555,13029,0.625,0.934375,0.7324515118660402,0.27586206896551724,255.55555555555551
556,11007,0.125,0.9375,0.6996542585230695,1.0,255.15714285714282
557,13635,0.8625,0.903125,0.62643055053608,0.27586206896551724,254.4444444444444
558,12188,0.375,0.684375,0.6508384531984098,0.0,254.4444444444444
559,10477,0.1125,0.715625,0.62643055053608,1.0,253.39999999999998
560,11619,0.3625,0.903125,0.62643055053608,0.27586206896551724,253.3333333333333
561,11635,0.3625,0.934375,0.7324515118660402,0.27586206896551724,253.3333333333333
562,12021,0.375,0.934375,0.7324515118660402,0.27586206896551724,253.3333333333333
563,12643,0.6125,0.934375,0.7324515118660402,0.27586206896551724,253.3333333333333
564,10456,0.1125,0.684375,0.6508384531984098,0.9655172413793103,252.99999999999994
565,13653,0.8625,0.9375,0.6996542585230695,1.0,252.97142857142853
566,12472,0.6125,0.684375,0.6508384531984098,1.0,252.95714285714283
567,13196,0.625,0.684375,0.6508384531984098,0.0,252.22222222222217
568,14036,0.875,0.934375,0.65293579086857,0.3448275862068966,251.99999999999994
569,12034,0.375,0.903125,0.62643055053608,0.27586206896551724,251.11111111111106
570,13042,0.625,0.903125,0.62643055053608,0.27586206896551724,251.11111111111106
571,12627,0.6125,0.903125,0.62643055053608,0.27586206896551724,251.11111111111106
572,13480,0.8625,0.684375,0.6508384531984098,0.9655172413793103,250.99999999999994
573,10624,0.1125,0.934375,0.65293579086857,0.3448275862068966,250.99999999999994
574,11180,0.125,0.684375,0.6508384531984098,0.9655172413793103,249.99999999999994
575,11013,0.125,0.934375,0.7324515118660402,0.27586206896551724,249.99999999999994
576,13648,0.8625,0.934375,0.65293579086857,0.6896551724137931,248.99999999999994
577,11012,0.125,0.934375,0.65293579086857,0.6896551724137931,248.99999999999994
578,13028,0.625,0.934375,0.65293579086857,0.6896551724137931,248.99999999999994
579,11026,0.125,0.903125,0.62643055053608,0.27586206896551724,248.88888888888883
580,11012,0.125,0.934375,0.65293579086857,0.0,248.88888888888883
581,13480,0.8625,0.684375,0.6508384531984098,0.0,248.88888888888883
582,13484,0.8625,0.684375,0.62643055053608,0.8275862068965517,248.3333333333333
583,14037,0.875,0.934375,0.7324515118660402,0.27586206896551724,247.77777777777771
584,10627,0.1125,0.934375,0.7324515118660402,0.27586206896551724,247.77777777777771
585,12020,0.375,0.934375,0.65293579086857,0.0,247.77777777777771
586,13651,0.8625,0.934375,0.7324515118660402,0.27586206896551724,246.66666666666663
587,11175,0.125,0.6875,0.7059462715335502,0.27586206896551724,246.66666666666663
588,10461,0.1125,0.6875,0.7059462715335502,0.27586206896551724,246.66666666666663
589,10629,0.1125,0.9375,0.6996542585230695,1.0,245.78571428571425
590,13648,0.8625,0.934375,0.65293579086857,0.0,245.55555555555551
591,11469,0.3625,0.6875,0.7059462715335502,0.27586206896551724,245.55555555555551
592,13191,0.625,0.6875,0.7059462715335502,0.27586206896551724,245.55555555555551
593,12477,0.6125,0.6875,0.7059462715335502,0.27586206896551724,245.55555555555551
594,12020,0.375,0.934375,0.65293579086857,0.6896551724137931,244.99999999999994
595,10456,0.1125,0.684375,0.6508384531984098,0.48275862068965514,244.99999999999994
596,14204,0.875,0.684375,0.6508384531984098,0.9655172413793103,244.99999999999994
597,14184,0.875,0.715625,0.62643055053608,1.0,244.78571428571425
598,13028,0.625,0.934375,0.65293579086857,0.0,244.4444444444444
599,10456,0.1125,0.684375,0.6508384531984098,0.13793103448275862,243.99999999999994
600,14031,0.875,0.9375,0.6996542585230695,1.0,243.88571428571424
601,14201,0.875,0.684375,0.62643055053608,0.8275862068965517,243.3333333333333
602,11169,0.125,0.69659375,0.7551740754126008,0.27586206896551724,243.3333333333333
603,11632,0.3625,0.934375,0.65293579086857,0.0,243.3333333333333
604,10456,0.1125,0.684375,0.6508384531984098,0.6206896551724137,242.99999999999994
605,12472,0.6125,0.684375,0.6508384531984098,0.9655172413793103,242.99999999999994
606,12015,0.375,0.9375,0.6996542585230695,1.0,242.49999999999997
607,12183,0.375,0.6875,0.7059462715335502,0.27586206896551724,242.22222222222217
608,14204,0.875,0.684375,0.6508384531984098,0.0,242.22222222222217
609,12640,0.6125,0.934375,0.65293579086857,0.6896551724137931,241.99999999999994
610,10460,0.1125,0.684375,0.62643055053608,0.8275862068965517,241.66666666666663
611,11012,0.125,0.934375,0.65293579086857,0.3448275862068966,240.99999999999994
612,11464,0.3625,0.684375,0.6508384531984098,0.9655172413793103,240.99999999999994
613,10456,0.1125,0.684375,0.6508384531984098,0.6896551724137931,240.99999999999994
614,11177,0.125,0.684375,0.62643055053608,0.8275862068965517,239.99999999999997
615,13648,0.8625,0.934375,0.65293579086857,0.3448275862068966,239.99999999999994
616,11180,0.125,0.684375,0.6508384531984098,0.13793103448275862,239.99999999999994
617,11180,0.125,0.684375,0.6508384531984098,0.48275862068965514,239.99999999999994
618,13480,0.8625,0.684375,0.6508384531984098,0.6896551724137931,239.99999999999994
619,12188,0.375,0.684375,0.6508384531984098,0.9655172413793103,239.99999999999994
620,12640,0.6125,0.934375,0.65293579086857,0.0,239.99999999999994
621,11160,0.125,0.715625,0.62643055053608,1.0,239.47142857142853
622,11180,0.125,0.684375,0.6508384531984098,0.6896551724137931,238.99999999999994
623,11180,0.125,0.684375,0.6508384531984098,0.6206896551724137,238.99999999999994
624,11632,0.3625,0.934375,0.65293579086857,0.6896551724137931,238.99999999999994
625,14050,0.875,0.903125,0.62643055053608,0.9655172413793103,238.99999999999994
626,13196,0.625,0.684375,0.6508384531984098,0.9655172413793103,238.99999999999994
627,10611,0.1125,0.903125,0.62643055053608,0.9655172413793103,238.99999999999994
628,12020,0.375,0.934375,0.65293579086857,0.3448275862068966,238.99999999999994
629,10456,0.1125,0.684375,0.6508384531984098,0.3448275862068966,238.99999999999994
630,14036,0.875,0.934375,0.65293579086857,0.8275862068965517,238.3333333333333
631,13028,0.625,0.934375,0.65293579086857,0.3448275862068966,237.99999999999994
632,12472,0.6125,0.684375,0.6508384531984098,0.13793103448275862,237.99999999999994
633,13491,0.8625,0.69659375,0.7551740754126008,0.27586206896551724,237.77777777777774
634,10467,0.1125,0.69659375,0.7551740754126008,0.27586206896551724,237.77777777777774
635,13501,0.8625,0.715625,0.62643055053608,1.0,237.2285714285714
636,11638,0.3625,0.9375,0.6752463558607397,1.0,236.99999999999997
637,11464,0.3625,0.684375,0.6508384531984098,0.13793103448275862,236.99999999999994
638,12476,0.6125,0.684375,0.62643055053608,0.8275862068965517,236.66666666666663
639,12177,0.375,0.69659375,0.7551740754126008,0.27586206896551724,236.66666666666663
640,11286,0.125,0.8634375000000001,0.9629442235875195,1.0,236.0285714285714
641,11180,0.125,0.684375,0.6508384531984098,0.3448275862068966,235.99999999999994
642,12472,0.6125,0.684375,0.6508384531984098,0.48275862068965514,235.99999999999994
643,11468,0.3625,0.684375,0.62643055053608,0.8275862068965517,235.8333333333333
644,12645,0.6125,0.9375,0.6996542585230695,1.0,235.79999999999998
645,13023,0.625,0.9375,0.6996542585230695,1.0,235.2285714285714
646,12185,0.375,0.684375,0.62643055053608,0.8275862068965517,234.99999999999997
647,12646,0.6125,0.9375,0.6752463558607397,1.0,234.99999999999997
648,14199,0.875,0.6875,0.7059462715335502,1.0,234.87142857142854
649,13193,0.625,0.684375,0.62643055053608,0.8275862068965517,234.16666666666663
650,11464,0.3625,0.684375,0.6508384531984098,0.48275862068965514,233.99999999999997
651,14204,0.875,0.684375,0.6508384531984098,0.6896551724137931,233.99999999999997
652,13185,0.625,0.69659375,0.7551740754126008,0.27586206896551724,233.3333333333333
653,14193,0.875,0.69659375,0.7551740754126008,0.27586206896551724,233.3333333333333
654,12483,0.6125,0.69659375,0.7551740754126008,0.27586206896551724,233.3333333333333
655,13480,0.8625,0.684375,0.6508384531984098,0.48275862068965514,232.99999999999997
656,11632,0.3625,0.934375,0.65293579086857,0.3448275862068966,232.99999999999997
657,12188,0.375,0.684375,0.6508384531984098,0.13793103448275862,232.99999999999997
658,12472,0.6125,0.684375,0.6508384531984098,0.6206896551724137,232.99999999999997
659,11475,0.3625,0.69659375,0.7551740754126008,0.27586206896551724,232.22222222222217
660,11464,0.3625,0.684375,0.6508384531984098,0.6206896551724137,231.99999999999997
661,14105,0.875,0.82659375,0.8773762197325623,1.0,231.39999999999998
662,13196,0.625,0.684375,0.6508384531984098,0.13793103448275862,230.99999999999997
663,12472,0.6125,0.684375,0.6508384531984098,0.6896551724137931,230.99999999999997
664,12640,0.6125,0.934375,0.65293579086857,0.3448275862068966,230.99999999999997
665,13022,0.625,0.9375,0.6752463558607397,1.0,230.99999999999997
666,12089,0.375,0.82659375,0.8773762197325623,1.0,230.5285714285714
667,10624,0.1125,0.934375,0.65293579086857,0.8275862068965517,229.99999999999997
668,13635,0.8625,0.903125,0.62643055053608,0.9655172413793103,229.99999999999997
669,13480,0.8625,0.684375,0.6508384531984098,0.6206896551724137,229.99999999999997
670,11635,0.3625,0.934375,0.7324515118660402,0.9655172413793103,229.99999999999997
671,12188,0.375,0.684375,0.6508384531984098,0.48275862068965514,229.99999999999997
672,12472,0.6125,0.684375,0.6508384531984098,0.3448275862068966,229.99999999999997
673,13485,0.8625,0.6875,0.7059462715335502,0.27586206896551724,229.99999999999994
674,10420,0.1125,0.8294374999999998,0.9969883146608842,0.27586206896551724,229.99999999999994
675,11464,0.3625,0.684375,0.6508384531984098,0.6896551724137931,228.99999999999997
676,13196,0.625,0.684375,0.6508384531984098,0.48275862068965514,228.99999999999997
677,12188,0.375,0.684375,0.6508384531984098,0.6896551724137931,228.99999999999997
678,11175,0.125,0.6875,0.7059462715335502,0.0,228.88888888888883
679,10461,0.1125,0.6875,0.7059462715335502,0.0,228.88888888888883
680,13028,0.625,0.934375,0.65293579086857,0.8275862068965517,228.3333333333333
681,10611,0.1125,0.903125,0.62643055053608,0.6206896551724137,228.29999999999995
682,12643,0.6125,0.934375,0.7324515118660402,0.9655172413793103,227.99999999999997
683,11464,0.3625,0.684375,0.6508384531984098,0.3448275862068966,227.99999999999997
684,13042,0.625,0.903125,0.62643055053608,0.9655172413793103,227.99999999999997
685,13029,0.625,0.934375,0.7324515118660402,0.9655172413793103,227.99999999999997
686,12188,0.375,0.684375,0.6508384531984098,0.6206896551724137,227.99999999999997
687,12573,0.6125,0.82659375,0.8773762197325623,1.0,227.97142857142853
688,11207,0.125,0.865875,0.9729671123960967,1.0,227.94285714285712
689,13227,0.625,0.8368125,0.9940850499939766,1.0,227.87142857142854
690,12014,0.375,0.9375,0.6752463558607397,1.0,227.85714285714283
691,14199,0.875,0.6875,0.7059462715335502,0.27586206896551724,227.77777777777774
692,11637,0.3625,0.9375,0.6996542585230695,1.0,227.61428571428567
693,13480,0.8625,0.684375,0.6508384531984098,0.3448275862068966,226.99999999999997
694,11619,0.3625,0.903125,0.62643055053608,0.9655172413793103,226.99999999999997
695,13196,0.625,0.684375,0.6508384531984098,0.6896551724137931,226.99999999999997
696,13196,0.625,0.684375,0.6508384531984098,0.6206896551724137,226.99999999999997
697,12021,0.375,0.934375,0.7324515118660402,0.9655172413793103,226.99999999999997
698,14204,0.875,0.684375,0.6508384531984098,0.48275862068965514,226.99999999999997
699,12484,0.6125,0.70125,0.7658836284784966,1.0,226.87142857142854
700,12477,0.6125,0.6875,0.7059462715335502,0.0,226.66666666666663
701,10557,0.1125,0.82659375,0.8773762197325623,1.0,226.35714285714283
702,12034,0.375,0.903125,0.62643055053608,0.9655172413793103,225.99999999999997
703,12627,0.6125,0.903125,0.62643055053608,0.9655172413793103,225.99999999999997
704,13648,0.8625,0.934375,0.65293579086857,0.8275862068965517,225.8333333333333
705,11012,0.125,0.934375,0.65293579086857,0.8275862068965517,225.8333333333333
706,11469,0.3625,0.6875,0.7059462715335502,0.0,225.55555555555551
707,13191,0.625,0.6875,0.7059462715335502,0.0,225.55555555555551
708,10605,0.1125,0.903125,0.655524635586074,0.27586206896551724,225.55555555555551
709,14050,0.875,0.903125,0.62643055053608,0.6206896551724137,225.29999999999995
710,11026,0.125,0.903125,0.62643055053608,0.9655172413793103,224.99999999999997
711,10611,0.1125,0.903125,0.62643055053608,0.48275862068965514,224.99999999999997
712,12188,0.375,0.684375,0.6508384531984098,0.3448275862068966,224.99999999999997
713,12178,0.375,0.70125,0.7658836284784966,1.0,224.91428571428568
714,12183,0.375,0.6875,0.7059462715335502,0.0,224.4444444444444
715,11170,0.125,0.70125,0.7658836284784966,1.0,224.19999999999996
716,13651,0.8625,0.934375,0.7324515118660402,0.9655172413793103,223.99999999999997
717,13480,0.8625,0.684375,0.6508384531984098,0.13793103448275862,223.99999999999997
718,14037,0.875,0.934375,0.7324515118660402,0.9655172413793103,223.99999999999997
719,13196,0.625,0.684375,0.6508384531984098,0.3448275862068966,223.99999999999997
720,10611,0.1125,0.903125,0.62643055053608,0.13793103448275862,223.99999999999997
721,14204,0.875,0.684375,0.6508384531984098,0.6206896551724137,223.99999999999997
722,13485,0.8625,0.6875,0.7059462715335502,1.0,223.91428571428568
723,11476,0.3625,0.70125,0.7658836284784966,1.0,223.79999999999998
724,12020,0.375,0.934375,0.65293579086857,0.8275862068965517,223.3333333333333
725,10468,0.1125,0.70125,0.7658836284784966,1.0,222.55714285714282
726,12640,0.6125,0.934375,0.65293579086857,0.8275862068965517,222.49999999999997
727,14204,0.875,0.684375,0.6508384531984098,0.3448275862068966,221.99999999999997
728,13492,0.8625,0.70125,0.7658836284784966,1.0,221.99999999999997
729,13654,0.8625,0.9375,0.6752463558607397,1.0,221.7142857142857
730,10612,0.1125,0.90625,0.7671364895795687,0.27586206896551724,221.11111111111106
731,11175,0.125,0.6875,0.7059462715335502,0.9655172413793103,220.99999999999997
732,11013,0.125,0.934375,0.7324515118660402,0.9655172413793103,220.99999999999997
733,13485,0.8625,0.6875,0.7059462715335502,0.9655172413793103,220.99999999999997
734,14050,0.875,0.903125,0.62643055053608,0.48275862068965514,220.99999999999997
735,10627,0.1125,0.934375,0.7324515118660402,0.9655172413793103,220.99999999999997
736,10461,0.1125,0.6875,0.7059462715335502,0.9655172413793103,220.99999999999997
737,13186,0.625,0.70125,0.7658836284784966,1.0,220.41428571428568
738,11025,0.125,0.90625,0.62643055053608,1.0,220.1428571428571
739,11024,0.125,0.90625,0.7671364895795687,0.27586206896551724,219.99999999999994
740,10471,0.1125,0.715625,0.6545717383447777,1.0,219.38571428571424
741,11169,0.125,0.69659375,0.7551740754126008,0.9655172413793103,218.99999999999997
742,14199,0.875,0.6875,0.7059462715335502,0.9655172413793103,218.99999999999997
743,11006,0.125,0.9375,0.6752463558607397,1.0,218.99999999999997
744,10629,0.1125,0.9375,0.6996542585230695,0.27586206896551724,218.88888888888886
745,12435,0.6125,0.8368125,0.9940850499939766,1.0,218.58571428571426
746,13029,0.625,0.934375,0.7324515118660402,0.6206896551724137,218.39999999999995
747,12033,0.375,0.90625,0.62643055053608,1.0,218.28571428571425
748,10429,0.1125,0.7631875,0.9796651005902903,0.27586206896551724,218.22222222222217
749,13641,0.8625,0.90625,0.62643055053608,1.0,217.99999999999997
750,13636,0.8625,0.90625,0.7671364895795687,0.27586206896551724,217.77777777777774
751,14031,0.875,0.9375,0.6996542585230695,0.27586206896551724,217.77777777777774
752,14048,0.875,0.90625,0.7671364895795687,0.27586206896551724,217.77777777777774
753,14055,0.875,0.903125,0.655524635586074,0.27586206896551724,217.77777777777774
754,13635,0.8625,0.903125,0.62643055053608,0.6206896551724137,217.69999999999996
755,11635,0.3625,0.934375,0.7324515118660402,0.6206896551724137,217.59999999999997
756,11632,0.3625,0.934375,0.65293579086857,0.8275862068965517,217.49999999999997
757,12643,0.6125,0.934375,0.7324515118660402,0.6206896551724137,217.19999999999996
758,12633,0.6125,0.90625,0.62643055053608,1.0,217.1428571428571
759,13581,0.8625,0.82659375,0.8773762197325623,1.0,217.04285714285712
760,14204,0.875,0.684375,0.6508384531984098,0.13793103448275862,216.99999999999997
761,11169,0.125,0.69659375,0.7551740754126008,0.0,216.66666666666663
762,13041,0.625,0.90625,0.62643055053608,1.0,216.57142857142856
763,14194,0.875,0.70125,0.7658836284784966,1.0,216.55714285714282
764,12021,0.375,0.934375,0.7324515118660402,0.6206896551724137,216.49999999999997
765,11565,0.3625,0.82659375,0.8773762197325623,1.0,216.09999999999997
766,11625,0.3625,0.90625,0.62643055053608,1.0,215.78571428571425
767,13653,0.8625,0.9375,0.6996542585230695,0.27586206896551724,215.55555555555551
768,11619,0.3625,0.903125,0.62643055053608,0.6206896551724137,215.39999999999995
769,11469,0.3625,0.6875,0.7059462715335502,0.9655172413793103,214.99999999999997
770,11635,0.3625,0.934375,0.7324515118660402,0.48275862068965514,214.99999999999997
771,13191,0.625,0.6875,0.7059462715335502,0.9655172413793103,214.99999999999997
772,13029,0.625,0.934375,0.7324515118660402,0.48275862068965514,214.99999999999997
773,10467,0.1125,0.69659375,0.7551740754126008,0.9655172413793103,214.99999999999997
774,12477,0.6125,0.6875,0.7059462715335502,0.9655172413793103,214.99999999999997
775,14103,0.875,0.8195625,0.8788820624021202,1.0,214.91428571428568
776,14189,0.875,0.715625,0.6545717383447777,1.0,214.8285714285714
777,13196,0.625,0.684375,0.6508384531984098,1.0,214.7285714285714
778,13042,0.625,0.903125,0.62643055053608,0.6206896551724137,214.69999999999996
779,13097,0.625,0.82659375,0.8773762197325623,1.0,214.59999999999997
780,13485,0.8625,0.6875,0.7059462715335502,0.0,214.4444444444444
781,12034,0.375,0.903125,0.62643055053608,0.6206896551724137,214.39999999999995
782,11175,0.125,0.6875,0.7059462715335502,0.13793103448275862,213.99999999999997
783,13635,0.8625,0.903125,0.62643055053608,0.48275862068965514,213.99999999999997
784,12183,0.375,0.6875,0.7059462715335502,0.9655172413793103,213.99999999999997
785,10461,0.1125,0.6875,0.7059462715335502,0.13793103448275862,213.99999999999997
786,12483,0.6125,0.69659375,0.7551740754126008,0.9655172413793103,213.99999999999997
787,10420,0.1125,0.8294374999999998,0.9969883146608842,1.0,213.94285714285712
788,14042,0.875,0.9252812499999999,0.7551740754126008,1.0,213.7142857142857
789,12627,0.6125,0.903125,0.62643055053608,0.6206896551724137,213.69999999999996
790,12087,0.375,0.8195625,0.8788820624021202,1.0,213.68571428571425
791,14030,0.875,0.9375,0.6752463558607397,1.0,213.57142857142856
792,11007,0.125,0.9375,0.6996542585230695,0.27586206896551724,213.3333333333333
793,12032,0.375,0.90625,0.7671364895795687,0.27586206896551724,213.3333333333333
794,10429,0.1125,0.7631875,0.9796651005902903,1.0,213.27142857142854
795,11026,0.125,0.903125,0.62643055053608,0.6206896551724137,213.19999999999996
796,13491,0.8625,0.69659375,0.7551740754126008,0.9655172413793103,212.99999999999997
797,14050,0.875,0.903125,0.62643055053608,0.13793103448275862,212.99999999999997
798,12021,0.375,0.934375,0.7324515118660402,0.48275862068965514,212.99999999999997
799,12643,0.6125,0.934375,0.7324515118660402,0.48275862068965514,212.99999999999997
800,10630,0.1125,0.9375,0.6752463558607397,1.0,212.85714285714283
801,13646,0.8625,0.9252812499999999,0.7551740754126008,1.0,212.28571428571425
802,11081,0.125,0.82659375,0.8773762197325623,1.0,212.2285714285714
803,13629,0.8625,0.903125,0.655524635586074,0.27586206896551724,212.22222222222217
804,10467,0.1125,0.69659375,0.7551740754126008,0.0,212.22222222222217
805,14199,0.875,0.6875,0.7059462715335502,0.0,212.22222222222217
806,11013,0.125,0.934375,0.7324515118660402,0.6206896551724137,212.09999999999997
807,11427,0.3625,0.8368125,0.9940850499939766,1.0,212.07142857142856
808,11175,0.125,0.6875,0.7059462715335502,0.48275862068965514,211.99999999999997
809,11619,0.3625,0.903125,0.62643055053608,0.48275862068965514,211.99999999999997
810,12177,0.375,0.69659375,0.7551740754126008,0.9655172413793103,211.99999999999997
811,10461,0.1125,0.6875,0.7059462715335502,0.48275862068965514,211.99999999999997
812,14236,0.875,0.8294374999999998,0.9969883146608842,0.27586206896551724,211.55555555555551
813,10627,0.1125,0.934375,0.7324515118660402,0.6206896551724137,211.39999999999995
814,13495,0.8625,0.715625,0.6545717383447777,1.0,211.3142857142857
815,10611,0.1125,0.903125,0.62643055053608,0.0,211.11111111111106
816,12177,0.375,0.69659375,0.7551740754126008,0.0,211.11111111111106
817,12628,0.6125,0.90625,0.7671364895795687,0.27586206896551724,211.11111111111106
818,13635,0.8625,0.903125,0.62643055053608,0.13793103448275862,210.99999999999997
819,11619,0.3625,0.903125,0.62643055053608,0.13793103448275862,210.99999999999997
820,12034,0.375,0.903125,0.62643055053608,0.48275862068965514,210.99999999999997
821,13042,0.625,0.903125,0.62643055053608,0.48275862068965514,210.99999999999997
822,13029,0.625,0.934375,0.7324515118660402,0.13793103448275862,210.99999999999997
823,14037,0.875,0.934375,0.7324515118660402,0.6206896551724137,210.59999999999997
824,11165,0.125,0.715625,0.6545717383447777,1.0,210.57142857142856
825,13651,0.8625,0.934375,0.7324515118660402,0.6206896551724137,210.29999999999995
826,11175,0.125,0.6875,0.7059462715335502,0.6896551724137931,209.99999999999997
827,11175,0.125,0.6875,0.7059462715335502,0.6206896551724137,209.99999999999997
828,11469,0.3625,0.6875,0.7059462715335502,0.13793103448275862,209.99999999999997
829,11475,0.3625,0.69659375,0.7551740754126008,0.9655172413793103,209.99999999999997
830,13185,0.625,0.69659375,0.7551740754126008,0.9655172413793103,209.99999999999997
831,10461,0.1125,0.6875,0.7059462715335502,0.6206896551724137,209.99999999999997
832,12477,0.6125,0.6875,0.7059462715335502,0.13793103448275862,209.99999999999997
833,12627,0.6125,0.903125,0.62643055053608,0.48275862068965514,209.99999999999997
834,13491,0.8625,0.69659375,0.7551740754126008,0.0,209.99999999999997
835,11613,0.3625,0.903125,0.655524635586074,0.27586206896551724,209.99999999999997
836,11620,0.3625,0.90625,0.7671364895795687,0.27586206896551724,209.99999999999997
837,13040,0.625,0.90625,0.7671364895795687,0.27586206896551724,209.99999999999997
838,10477,0.1125,0.715625,0.62643055053608,0.27586206896551724,209.99999999999997
839,12572,0.6125,0.8195625,0.8788820624021202,1.0,209.65714285714282
840,11026,0.125,0.903125,0.62643055053608,0.48275862068965514,208.99999999999997
841,11013,0.125,0.934375,0.7324515118660402,0.13793103448275862,208.99999999999997
842,13485,0.8625,0.6875,0.7059462715335502,0.6896551724137931,208.99999999999997
843,13191,0.625,0.6875,0.7059462715335502,0.13793103448275862,208.99999999999997
844,12021,0.375,0.934375,0.7324515118660402,0.13793103448275862,208.99999999999997
845,10461,0.1125,0.6875,0.7059462715335502,0.6896551724137931,208.99999999999997
846,12643,0.6125,0.934375,0.7324515118660402,0.13793103448275862,208.99999999999997
847,12493,0.6125,0.715625,0.62643055053608,0.27586206896551724,208.88888888888886
848,12229,0.375,0.7631875,0.9796651005902903,1.0,208.7285714285714
849,14049,0.875,0.90625,0.62643055053608,1.0,208.5285714285714
850,11169,0.125,0.69659375,0.7551740754126008,0.13793103448275862,207.99999999999997
851,11013,0.125,0.934375,0.7324515118660402,0.48275862068965514,207.99999999999997
852,11635,0.3625,0.934375,0.7324515118660402,0.13793103448275862,207.99999999999997
853,10627,0.1125,0.934375,0.7324515118660402,0.48275862068965514,207.99999999999997
854,10611,0.1125,0.903125,0.62643055053608,0.6896551724137931,207.99999999999997
855,12034,0.375,0.903125,0.62643055053608,0.13793103448275862,207.99999999999997
856,14199,0.875,0.6875,0.7059462715335502,0.6896551724137931,207.99999999999997
857,12627,0.6125,0.903125,0.62643055053608,0.13793103448275862,207.99999999999997
858,11031,0.125,0.903125,0.655524635586074,0.27586206896551724,207.77777777777774
859,11475,0.3625,0.69659375,0.7551740754126008,0.0,207.77777777777774
860,13185,0.625,0.69659375,0.7551740754126008,0.0,207.77777777777774
861,12039,0.375,0.903125,0.655524635586074,0.27586206896551724,207.77777777777774
862,14193,0.875,0.69659375,0.7551740754126008,0.0,207.77777777777774
863,12621,0.6125,0.903125,0.655524635586074,0.27586206896551724,207.77777777777774
864,10556,0.1125,0.8195625,0.8788820624021202,1.0,207.2428571428571
865,14037,0.875,0.934375,0.7324515118660402,0.48275862068965514,206.99999999999997
866,14050,0.875,0.903125,0.62643055053608,0.6896551724137931,206.99999999999997
867,10627,0.1125,0.934375,0.7324515118660402,0.13793103448275862,206.99999999999997
868,13042,0.625,0.903125,0.62643055053608,0.13793103448275862,206.99999999999997
869,12183,0.375,0.6875,0.7059462715335502,0.13793103448275862,206.99999999999997
870,14193,0.875,0.69659375,0.7551740754126008,0.9655172413793103,206.99999999999997
871,12754,0.6125,0.7068125000000001,0.7915190940850501,1.0,206.9285714285714
872,13047,0.625,0.903125,0.655524635586074,0.27586206896551724,206.66666666666663
873,13023,0.625,0.9375,0.6996542585230695,0.27586206896551724,206.66666666666663
874,12483,0.6125,0.69659375,0.7551740754126008,0.0,206.66666666666663
875,12645,0.6125,0.9375,0.6996542585230695,0.27586206896551724,206.66666666666663
876,13651,0.8625,0.934375,0.7324515118660402,0.48275862068965514,205.99999999999997
877,11175,0.125,0.6875,0.7059462715335502,0.3448275862068966,205.99999999999997
878,11026,0.125,0.903125,0.62643055053608,0.13793103448275862,205.99999999999997
879,10461,0.1125,0.6875,0.7059462715335502,0.3448275862068966,205.99999999999997
880,10611,0.1125,0.903125,0.62643055053608,0.3448275862068966,205.09999999999997
881,11469,0.3625,0.6875,0.7059462715335502,0.48275862068965514,204.99999999999997
882,13191,0.625,0.6875,0.7059462715335502,0.48275862068965514,204.99999999999997
883,12477,0.6125,0.6875,0.7059462715335502,0.48275862068965514,204.99999999999997
884,12015,0.375,0.9375,0.6996542585230695,0.27586206896551724,204.4444444444444
885,12168,0.375,0.715625,0.62643055053608,0.27586206896551724,204.4444444444444
886,11905,0.375,0.7068125000000001,0.7915190940850501,1.0,204.44285714285712
887,11169,0.125,0.69659375,0.7551740754126008,0.6896551724137931,203.99999999999997
888,13491,0.8625,0.69659375,0.7551740754126008,0.13793103448275862,203.99999999999997
889,11469,0.3625,0.6875,0.7059462715335502,0.6896551724137931,203.99999999999997
890,11469,0.3625,0.6875,0.7059462715335502,0.6206896551724137,203.99999999999997
891,24194,0.125,0.8275,0.9975906517287073,0.27586206896551724,203.4444444444444
892,11213,0.125,0.82203125,0.9989157932779182,0.27586206896551724,203.3333333333333
893,11485,0.3625,0.715625,0.62643055053608,0.27586206896551724,203.3333333333333
894,13191,0.625,0.6875,0.7059462715335502,0.6896551724137931,202.99999999999997
895,13191,0.625,0.6875,0.7059462715335502,0.6206896551724137,202.99999999999997
896,12183,0.375,0.6875,0.7059462715335502,0.48275862068965514,202.99999999999997
897,10467,0.1125,0.69659375,0.7551740754126008,0.13793103448275862,202.99999999999997
898,14193,0.875,0.69659375,0.7551740754126008,0.13793103448275862,202.99999999999997
899,12477,0.6125,0.6875,0.7059462715335502,0.6206896551724137,202.99999999999997
900,14236,0.875,0.8294374999999998,0.9969883146608842,1.0,202.58571428571426
901,10351,0.1125,0.8503437500000001,0.9739549451873267,1.0,202.57142857142856
902,14050,0.875,0.903125,0.62643055053608,0.0,202.22222222222217
903,13176,0.625,0.715625,0.62643055053608,0.27586206896551724,202.22222222222217
904,13485,0.8625,0.6875,0.7059462715335502,0.48275862068965514,201.99999999999997
905,14037,0.875,0.934375,0.7324515118660402,0.13793103448275862,201.99999999999997
906,12183,0.375,0.6875,0.7059462715335502,0.6896551724137931,201.99999999999997
907,12477,0.6125,0.6875,0.7059462715335502,0.6896551724137931,201.99999999999997
908,12026,0.375,0.9252812499999999,0.7551740754126008,1.0,201.99999999999997
909,14050,0.875,0.903125,0.62643055053608,0.3448275862068966,201.69999999999996
910,13480,0.8625,0.684375,0.6508384531984098,0.8275862068965517,201.66666666666663
911,11437,0.3625,0.7631875,0.9796651005902903,1.0,201.35714285714283
912,11746,0.3625,0.7068125000000001,0.7915190940850501,1.0,201.34285714285713
913,13034,0.625,0.9252812499999999,0.7551740754126008,1.0,201.1428571428571
914,13651,0.8625,0.934375,0.7324515118660402,0.13793103448275862,200.99999999999997
915,13485,0.8625,0.6875,0.7059462715335502,0.6206896551724137,200.99999999999997
916,11635,0.3625,0.934375,0.7324515118660402,0.6896551724137931,200.99999999999997
917,12183,0.375,0.6875,0.7059462715335502,0.6206896551724137,200.99999999999997
918,10467,0.1125,0.69659375,0.7551740754126008,0.6896551724137931,200.99999999999997
919,10420,0.1125,0.8294374999999998,0.9969883146608842,0.9655172413793103,200.79999999999995
920,11469,0.3625,0.6875,0.7059462715335502,0.3448275862068966,199.99999999999997
921,14055,0.875,0.903125,0.655524635586074,0.9655172413793103,199.99999999999997
922,10605,0.1125,0.903125,0.655524635586074,0.9655172413793103,199.99999999999997
923,13029,0.625,0.934375,0.7324515118660402,0.6896551724137931,199.99999999999997
924,14199,0.875,0.6875,0.7059462715335502,0.48275862068965514,199.99999999999997
925,12643,0.6125,0.934375,0.7324515118660402,0.6896551724137931,199.99999999999997
926,11160,0.125,0.715625,0.62643055053608,0.27586206896551724,199.99999999999997
927,11637,0.3625,0.9375,0.6996542585230695,0.27586206896551724,199.99999999999997
928,14184,0.875,0.715625,0.62643055053608,0.27586206896551724,199.99999999999997
929,13029,0.625,0.934375,0.7324515118660402,0.0,199.99999999999997
930,11630,0.3625,0.9252812499999999,0.7551740754126008,1.0,199.57142857142856
931,13502,0.8625,0.71875,0.7718949524153716,1.0,199.48571428571427
932,10897,0.125,0.7068125000000001,0.7915190940850501,1.0,199.3285714285714
933,12913,0.625,0.7068125000000001,0.7915190940850501,1.0,199.1428571428571
934,13636,0.8625,0.90625,0.7671364895795687,0.9655172413793103,198.99999999999997
935,13635,0.8625,0.903125,0.62643055053608,0.6896551724137931,198.99999999999997
936,14048,0.875,0.90625,0.7671364895795687,0.9655172413793103,198.99999999999997
937,13191,0.625,0.6875,0.7059462715335502,0.3448275862068966,198.99999999999997
938,12021,0.375,0.934375,0.7324515118660402,0.6896551724137931,198.99999999999997
939,12177,0.375,0.69659375,0.7551740754126008,0.13793103448275862,198.99999999999997
940,12483,0.6125,0.69659375,0.7551740754126008,0.6896551724137931,198.99999999999997
941,11158,0.125,0.71875,0.7718949524153716,1.0,198.79999999999998
942,10738,0.1125,0.7068125000000001,0.7915190940850501,1.0,198.6285714285714
943,13762,0.8625,0.7068125000000001,0.7915190940850501,1.0,198.51428571428568
944,10456,0.1125,0.684375,0.6508384531984098,0.8275862068965517,198.33333333333331
945,12638,0.6125,0.9252812499999999,0.7551740754126008,1.0,198.1428571428571
946,13491,0.8625,0.69659375,0.7551740754126008,0.6896551724137931,197.99999999999997
947,13445,0.8625,0.82203125,0.9989157932779182,0.9655172413793103,197.99999999999997
948,10629,0.1125,0.9375,0.6996542585230695,0.9655172413793103,197.99999999999997
949,14199,0.875,0.6875,0.7059462715335502,0.6206896551724137,197.99999999999997
950,12477,0.6125,0.6875,0.7059462715335502,0.3448275862068966,197.99999999999997
951,12115,0.375,0.8023125,0.8788820624021202,1.0,197.98571428571427
952,13635,0.8625,0.903125,0.62643055053608,0.0,197.77777777777774
953,11635,0.3625,0.934375,0.7324515118660402,0.0,197.77777777777774
954,12021,0.375,0.934375,0.7324515118660402,0.0,197.77777777777774
955,12643,0.6125,0.934375,0.7324515118660402,0.0,197.77777777777774
956,11786,0.3625,0.75,0.9248042404529574,1.0,197.77142857142854
957,14245,0.875,0.7631875,0.9796651005902903,1.0,197.6285714285714
958,12219,0.375,0.8368125,0.9940850499939766,1.0,197.39999999999998
959,13029,0.625,0.934375,0.7324515118660402,0.3448275862068966,197.19999999999996
960,11420,0.3625,0.8870625000000001,0.9472834598241175,1.0,197.08571428571426
961,11024,0.125,0.90625,0.7671364895795687,0.9655172413793103,196.99999999999997
962,10612,0.1125,0.90625,0.7671364895795687,0.9655172413793103,196.99999999999997
963,13042,0.625,0.903125,0.62643055053608,0.6896551724137931,196.99999999999997
964,12177,0.375,0.69659375,0.7551740754126008,0.6896551724137931,196.99999999999997
965,12183,0.375,0.6875,0.7059462715335502,0.3448275862068966,196.99999999999997
966,14245,0.875,0.7631875,0.9796651005902903,0.27586206896551724,196.99999999999997
967,10617,0.1125,0.90625,0.62643055053608,1.0,196.95714285714283
968,13580,0.8625,0.8195625,0.8788820624021202,1.0,196.67142857142855
969,14204,0.875,0.684375,0.6508384531984098,0.8275862068965517,196.66666666666663
970,13501,0.8625,0.715625,0.62643055053608,0.27586206896551724,196.66666666666663
971,11619,0.3625,0.903125,0.62643055053608,0.0,196.66666666666663
972,11635,0.3625,0.934375,0.7324515118660402,0.3448275862068966,196.59999999999997
973,12549,0.6125,0.8023125,0.8788820624021202,1.0,196.41428571428568
974,12874,0.625,0.75,0.9248042404529574,1.0,196.37142857142854
975,13237,0.625,0.7631875,0.9796651005902903,1.0,196.3285714285714
976,14131,0.875,0.8023125,0.8788820624021202,1.0,196.1428571428571
977,10429,0.1125,0.7631875,0.9796651005902903,0.0,196.11111111111106
978,13651,0.8625,0.934375,0.7324515118660402,0.6896551724137931,195.99999999999997
979,13485,0.8625,0.6875,0.7059462715335502,0.3448275862068966,195.99999999999997
980,11619,0.3625,0.903125,0.62643055053608,0.6896551724137931,195.99999999999997
981,14037,0.875,0.934375,0.7324515118660402,0.6896551724137931,195.99999999999997
982,12034,0.375,0.903125,0.62643055053608,0.6896551724137931,195.99999999999997
983,12643,0.6125,0.934375,0.7324515118660402,0.3448275862068966,195.99999999999997
984,11180,0.125,0.684375,0.6508384531984098,0.8275862068965517,195.83333333333331
985,11018,0.125,0.9252812499999999,0.7551740754126008,1.0,195.7142857142857
986,11432,0.3625,0.79984375,0.9989157932779182,1.0,195.55714285714282
987,11013,0.125,0.934375,0.7324515118660402,0.0,195.55555555555551
988,10419,0.1125,0.8368125,0.9940850499939766,0.27586206896551724,195.55555555555551
989,12627,0.6125,0.903125,0.62643055053608,0.0,195.55555555555551
990,24333,0.625,0.8275,0.9975906517287073,0.27586206896551724,195.4444444444444
991,12021,0.375,0.934375,0.7324515118660402,0.3448275862068966,195.39999999999998
992,11026,0.125,0.903125,0.62643055053608,0.6896551724137931,194.99999999999997
993,11213,0.125,0.82203125,0.9989157932779182,0.9655172413793103,194.99999999999997
994,11475,0.3625,0.69659375,0.7551740754126008,0.6896551724137931,194.99999999999997
995,14031,0.875,0.9375,0.6996542585230695,0.9655172413793103,194.99999999999997
996,13185,0.625,0.69659375,0.7551740754126008,0.6896551724137931,194.99999999999997
997,13185,0.625,0.69659375,0.7551740754126008,0.13793103448275862,194.99999999999997
998,14199,0.875,0.6875,0.7059462715335502,0.3448275862068966,194.99999999999997
999,12627,0.6125,0.903125,0.62643055053608,0.6896551724137931,194.99999999999997
1000,13635,0.8625,0.903125,0.62643055053608,0.3448275862068966,194.89999999999998
1001,11564,0.3625,0.8195625,0.8788820624021202,1.0,194.7142857142857
1002,11026,0.125,0.903125,0.62643055053608,0.0,194.4444444444444
1003,10627,0.1125,0.934375,0.7324515118660402,0.0,194.4444444444444
1004,12034,0.375,0.903125,0.62643055053608,0.0,194.4444444444444
1005,13042,0.625,0.903125,0.62643055053608,0.0,194.4444444444444
1006,10420,0.1125,0.8294374999999998,0.9969883146608842,0.0,194.4444444444444
1007,11159,0.125,0.71875,0.62643055053608,1.0,194.1428571428571
1008,11007,0.125,0.9375,0.6996542585230695,0.9655172413793103,193.99999999999997
1009,14236,0.875,0.8294374999999998,0.9969883146608842,0.9655172413793103,193.99999999999997
1010,11211,0.125,0.8368125,0.9940850499939766,1.0,193.77142857142854
1011,10622,0.1125,0.9252812499999999,0.7551740754126008,1.0,193.57142857142856
1012,24259,0.375,0.8275,0.9975906517287073,0.27586206896551724,193.4444444444444
1013,21577,0.12499999999999992,0.85878125,0.9672328635104203,0.27586206896551724,193.3333333333333
1014,10557,0.1125,0.82659375,0.8773762197325623,0.27586206896551724,193.3333333333333
1015,11619,0.3625,0.903125,0.62643055053608,0.3448275862068966,193.29999999999995
1016,11013,0.125,0.934375,0.7324515118660402,0.6896551724137931,192.99999999999997
1017,11475,0.3625,0.69659375,0.7551740754126008,0.13793103448275862,192.99999999999997
1018,10627,0.1125,0.934375,0.7324515118660402,0.6896551724137931,192.99999999999997
1019,10420,0.1125,0.8294374999999998,0.9969883146608842,0.13793103448275862,192.99999999999997
1020,12445,0.6125,0.7631875,0.9796651005902903,1.0,192.95714285714283
1021,13095,0.625,0.8195625,0.8788820624021202,1.0,192.7428571428571
1022,13377,0.8625,0.8634375000000001,0.9629442235875195,1.0,192.6142857142857
1023,10605,0.1125,0.903125,0.655524635586074,0.6206896551724137,192.59999999999997
1024,12472,0.6125,0.684375,0.6508384531984098,0.8275862068965517,192.49999999999997
1025,13651,0.8625,0.934375,0.7324515118660402,0.0,192.22222222222217
1026,14037,0.875,0.934375,0.7324515118660402,0.0,192.22222222222217
1027,12034,0.375,0.903125,0.62643055053608,0.3448275862068966,192.19999999999996
1028,13629,0.8625,0.903125,0.655524635586074,0.9655172413793103,191.99999999999997
1029,13042,0.625,0.903125,0.62643055053608,0.3448275862068966,191.99999999999997
1030,14193,0.875,0.69659375,0.7551740754126008,0.6896551724137931,191.99999999999997
1031,13232,0.625,0.79984375,0.9989157932779182,1.0,191.7428571428571
1032,14106,0.875,0.833625,0.8749909649439825,1.0,191.7142857142857
1033,10533,0.1125,0.8023125,0.8788820624021202,1.0,191.6142857142857
1034,13921,0.875,0.7068125000000001,0.7915190940850501,1.0,191.49999999999997
1035,11013,0.125,0.934375,0.7324515118660402,0.3448275862068966,191.39999999999998
1036,12627,0.6125,0.903125,0.62643055053608,0.3448275862068966,191.29999999999995
1037,12440,0.6125,0.79984375,0.9989157932779182,1.0,191.28571428571425
1038,13443,0.8625,0.8368125,0.9940850499939766,1.0,191.1142857142857
1039,11026,0.125,0.903125,0.62643055053608,0.3448275862068966,191.09999999999997
1040,13485,0.8625,0.6875,0.7059462715335502,0.13793103448275862,190.99999999999997
1041,12032,0.375,0.90625,0.7671364895795687,0.9655172413793103,190.99999999999997
1042,10429,0.1125,0.7631875,0.9796651005902903,0.13793103448275862,190.99999999999997
1043,12483,0.6125,0.69659375,0.7551740754126008,0.13793103448275862,190.99999999999997
1044,12628,0.6125,0.90625,0.7671364895795687,0.9655172413793103,190.99999999999997
1045,10627,0.1125,0.934375,0.7324515118660402,0.3448275862068966,190.79999999999995
1046,10558,0.1125,0.833625,0.8749909649439825,1.0,190.6428571428571
1047,11079,0.125,0.8195625,0.8788820624021202,1.0,190.35714285714283
1048,12090,0.375,0.833625,0.8749909649439825,1.0,190.09999999999997
1049,11464,0.3625,0.684375,0.6508384531984098,0.8275862068965517,189.99999999999997
1050,10605,0.1125,0.903125,0.655524635586074,0.48275862068965514,189.99999999999997
1051,14037,0.875,0.934375,0.7324515118660402,0.3448275862068966,189.69999999999996
1052,12485,0.6125,0.706,0.7761354053728465,1.0,189.59999999999997
1053,10612,0.1125,0.90625,0.7671364895795687,0.6206896551724137,189.49999999999997
1054,12574,0.6125,0.833625,0.8749909649439825,1.0,189.42857142857142
1055,13651,0.8625,0.934375,0.7324515118660402,0.3448275862068966,189.39999999999998
1056,14048,0.875,0.90625,0.7671364895795687,0.6206896551724137,189.39999999999998
1057,14055,0.875,0.903125,0.655524635586074,0.6206896551724137,189.29999999999995
1058,13636,0.8625,0.90625,0.7671364895795687,0.6206896551724137,189.19999999999996
1059,13196,0.625,0.684375,0.6508384531984098,0.8275862068965517,189.16666666666663
1060,12188,0.375,0.684375,0.6508384531984098,0.8275862068965517,189.16666666666663
1061,11024,0.125,0.90625,0.7671364895795687,0.6206896551724137,189.09999999999997
1062,13653,0.8625,0.9375,0.6996542585230695,0.9655172413793103,188.99999999999997
1063,21726,0.8625,0.8588125,0.9671967232863511,0.9655172413793103,188.99999999999997
1064,12015,0.375,0.9375,0.6996542585230695,0.9655172413793103,188.99999999999997
1065,13047,0.625,0.903125,0.655524635586074,0.9655172413793103,188.99999999999997
1066,13040,0.625,0.90625,0.7671364895795687,0.9655172413793103,188.99999999999997
1067,10477,0.1125,0.715625,0.62643055053608,0.0,188.88888888888886
1068,13507,0.8625,0.71875,0.62643055053608,1.0,188.58571428571426
1069,12179,0.375,0.706,0.7761354053728465,1.0,188.45714285714283
1070,11031,0.125,0.903125,0.655524635586074,0.9655172413793103,187.99999999999997
1071,11620,0.3625,0.90625,0.7671364895795687,0.9655172413793103,187.99999999999997
1072,10629,0.1125,0.9375,0.6996542585230695,0.13793103448275862,187.99999999999997
1073,10477,0.1125,0.715625,0.62643055053608,0.9655172413793103,187.99999999999997
1074,14199,0.875,0.6875,0.7059462715335502,0.13793103448275862,187.99999999999997
1075,10469,0.1125,0.706,0.7761354053728465,1.0,187.98571428571427
1076,11171,0.125,0.706,0.7761354053728465,1.0,187.79999999999998
1077,12493,0.6125,0.715625,0.62643055053608,0.0,187.77777777777774
1078,12573,0.6125,0.82659375,0.8773762197325623,0.27586206896551724,187.77777777777774
1079,12646,0.6125,0.9375,0.6752463558607397,0.27586206896551724,187.77777777777774
1080,10605,0.1125,0.903125,0.655524635586074,0.13793103448275862,186.99999999999997
1081,13493,0.8625,0.706,0.7761354053728465,1.0,186.94285714285712
1082,11170,0.125,0.70125,0.7658836284784966,0.27586206896551724,186.66666666666663
1083,11025,0.125,0.90625,0.62643055053608,0.27586206896551724,186.66666666666663
1084,11432,0.3625,0.79984375,0.9989157932779182,0.27586206896551724,186.66666666666663
1085,13445,0.8625,0.82203125,0.9989157932779182,0.27586206896551724,186.66666666666663
1086,13229,0.625,0.82203125,0.9989157932779182,0.27586206896551724,186.66666666666663
1087,14245,0.875,0.7631875,0.9796651005902903,0.9655172413793103,186.49999999999997
1088,21591,0.3625,0.8588125,0.9671967232863511,0.27586206896551724,186.3333333333333
1089,14043,0.875,0.929875,0.7440320443320082,1.0,186.1428571428571
1090,11477,0.3625,0.706,0.7761354053728465,1.0,186.0285714285714
1091,11024,0.125,0.90625,0.7671364895795687,0.48275862068965514,185.99999999999997
1092,13636,0.8625,0.90625,0.7671364895795687,0.48275862068965514,185.99999999999997
1093,11613,0.3625,0.903125,0.655524635586074,0.9655172413793103,185.99999999999997
1094,14048,0.875,0.90625,0.7671364895795687,0.48275862068965514,185.99999999999997
1095,14055,0.875,0.903125,0.655524635586074,0.48275862068965514,185.99999999999997
1096,10612,0.1125,0.90625,0.7671364895795687,0.48275862068965514,185.99999999999997
1097,12039,0.375,0.903125,0.655524635586074,0.9655172413793103,185.99999999999997
1098,12493,0.6125,0.715625,0.62643055053608,0.9655172413793103,185.99999999999997
1099,12621,0.6125,0.903125,0.655524635586074,0.9655172413793103,185.99999999999997
1100,12224,0.375,0.79984375,0.9989157932779182,1.0,185.79999999999998
1101,11638,0.3625,0.9375,0.6752463558607397,0.27586206896551724,185.55555555555551
1102,13300,0.625,0.8503437500000001,0.9739549451873267,1.0,185.28571428571425
1103,12367,0.6125,0.8503437500000001,0.9739549451873267,1.0,185.2285714285714
1104,11207,0.125,0.865875,0.9729671123960967,0.9655172413793103,184.99999999999997
1105,24335,0.8625,0.8275,0.9975906517287073,0.9655172413793103,184.99999999999997
1106,10629,0.1125,0.9375,0.6996542585230695,0.6206896551724137,184.89999999999998
1107,11211,0.125,0.8368125,0.9940850499939766,0.27586206896551724,184.4444444444444
1108,11210,0.125,0.844125,0.9902300927599084,0.27586206896551724,184.4444444444444
1109,12089,0.375,0.82659375,0.8773762197325623,0.27586206896551724,184.4444444444444
1110,13022,0.625,0.9375,0.6752463558607397,0.27586206896551724,184.4444444444444
1111,12114,0.375,0.79528125,0.8773762197325623,1.0,184.44285714285712
1112,13647,0.8625,0.929875,0.7440320443320082,1.0,184.28571428571425
1113,14050,0.875,0.903125,0.62643055053608,0.8275862068965517,184.16666666666663
1114,11637,0.3625,0.9375,0.6996542585230695,0.9655172413793103,183.99999999999997
1115,12168,0.375,0.715625,0.62643055053608,0.9655172413793103,183.99999999999997
1116,14130,0.875,0.79528125,0.8773762197325623,1.0,183.97142857142856
1117,12548,0.6125,0.79528125,0.8773762197325623,1.0,183.88571428571427
1118,14031,0.875,0.9375,0.6996542585230695,0.6206896551724137,183.79999999999995
1119,11359,0.3625,0.8503437500000001,0.9739549451873267,1.0,183.68571428571425
1120,12032,0.375,0.90625,0.7671364895795687,0.6206896551724137,183.59999999999997
1121,11485,0.3625,0.715625,0.62643055053608,0.0,183.3333333333333
1122,24190,0.3625,0.8275,0.9975906517287073,0.27586206896551724,183.3333333333333
1123,12168,0.375,0.715625,0.62643055053608,0.0,183.3333333333333
1124,10468,0.1125,0.70125,0.7658836284784966,0.27586206896551724,183.3333333333333
1125,13439,0.8625,0.865875,0.9729671123960967,1.0,183.25714285714284
1126,14031,0.875,0.9375,0.6996542585230695,0.13793103448275862,182.99999999999997
1127,14184,0.875,0.715625,0.62643055053608,0.9655172413793103,182.99999999999997
1128,13023,0.625,0.9375,0.6996542585230695,0.9655172413793103,182.99999999999997
1129,13187,0.625,0.706,0.7761354053728465,1.0,182.68571428571425
1130,10611,0.1125,0.903125,0.62643055053608,0.8275862068965517,182.49999999999997
1131,14195,0.875,0.706,0.7761354053728465,1.0,182.44285714285712
1132,13629,0.8625,0.903125,0.655524635586074,0.6206896551724137,182.39999999999998
1133,21726,0.8625,0.8588125,0.9671967232863511,0.27586206896551724,182.22222222222217
1134,12033,0.375,0.90625,0.62643055053608,0.27586206896551724,182.22222222222217
1135,10352,0.1125,0.85690625,0.96883508011083,0.27586206896551724,182.22222222222217
1136,12628,0.6125,0.90625,0.7671364895795687,0.6206896551724137,182.19999999999996
1137,11485,0.3625,0.715625,0.62643055053608,0.9655172413793103,181.99999999999997
1138,10629,0.1125,0.9375,0.6996542585230695,0.48275862068965514,181.99999999999997
1139,10477,0.1125,0.715625,0.62643055053608,0.48275862068965514,181.99999999999997
1140,10858,0.125,0.75,0.9248042404529574,1.0,181.98571428571427
1141,20950,0.125,0.765,0.981195036742561,0.27586206896551724,181.88888888888886
1142,24263,0.6125,0.8275,0.9975906517287073,0.27586206896551724,181.77777777777774
1143,22895,0.125,0.83378125,0.9953860980604745,0.27586206896551724,181.4444444444444
1144,11160,0.125,0.715625,0.62643055053608,0.0,181.1111111111111
1145,14105,0.875,0.82659375,0.8773762197325623,0.27586206896551724,181.1111111111111
1146,13176,0.625,0.715625,0.62643055053608,0.0,181.1111111111111
1147,12014,0.375,0.9375,0.6752463558607397,0.27586206896551724,181.1111111111111
1148,12633,0.6125,0.90625,0.62643055053608,0.27586206896551724,181.1111111111111
1149,13653,0.8625,0.9375,0.6996542585230695,0.13793103448275862,180.99999999999997
1150,21577,0.12499999999999992,0.85878125,0.9672328635104203,0.9655172413793103,180.99999999999997
1151,11007,0.125,0.9375,0.6996542585230695,0.13793103448275862,180.99999999999997
1152,14031,0.875,0.9375,0.6996542585230695,0.48275862068965514,180.99999999999997
1153,10612,0.1125,0.90625,0.7671364895795687,0.13793103448275862,180.99999999999997
1154,10477,0.1125,0.715625,0.62643055053608,0.6206896551724137,180.99999999999997
1155,12645,0.6125,0.9375,0.6996542585230695,0.9655172413793103,180.99999999999997
1156,11814,0.3625,0.78125,0.9501746777496686,1.0,180.74285714285713
1157,13557,0.8625,0.8023125,0.8788820624021202,1.0,180.7285714285714
1158,11620,0.3625,0.90625,0.7671364895795687,0.6206896551724137,180.49999999999997
1159,13123,0.625,0.8023125,0.8788820624021202,1.0,180.47142857142856
1160,11541,0.3625,0.8023125,0.8788820624021202,1.0,180.39999999999998
1161,10556,0.1125,0.8195625,0.8788820624021202,0.27586206896551724,180.3333333333333
1162,11566,0.3625,0.833625,0.8749909649439825,1.0,180.3142857142857
1163,11007,0.125,0.9375,0.6996542585230695,0.6206896551724137,180.19999999999996
1164,13041,0.625,0.90625,0.62643055053608,0.27586206896551724,180.1111111111111
1165,11160,0.125,0.715625,0.62643055053608,0.9655172413793103,179.99999999999997
1166,11024,0.125,0.90625,0.7671364895795687,0.13793103448275862,179.99999999999997
1167,13501,0.8625,0.715625,0.62643055053608,0.9655172413793103,179.99999999999997
1168,13176,0.625,0.715625,0.62643055053608,0.9655172413793103,179.99999999999997
1169,12032,0.375,0.90625,0.7671364895795687,0.48275862068965514,179.99999999999997
1170,10429,0.1125,0.7631875,0.9796651005902903,0.9655172413793103,179.99999999999997
1171,12493,0.6125,0.715625,0.62643055053608,0.48275862068965514,179.99999999999997
1172,12178,0.375,0.70125,0.7658836284784966,0.27586206896551724,179.99999999999997
1173,14235,0.875,0.8368125,0.9940850499939766,0.27586206896551724,179.99999999999997
1174,10532,0.1125,0.79528125,0.8773762197325623,1.0,179.98571428571427
1175,10419,0.1125,0.8368125,0.9940850499939766,1.0,179.85714285714283
1176,13040,0.625,0.90625,0.7671364895795687,0.6206896551724137,179.79999999999995
1177,13582,0.8625,0.833625,0.8749909649439825,1.0,179.75714285714284
1178,10420,0.1125,0.8294374999999998,0.9969883146608842,0.6896551724137931,179.69999999999996
1179,12846,0.625,0.78125,0.9501746777496686,1.0,179.59999999999997
1180,13098,0.625,0.833625,0.8749909649439825,1.0,179.54285714285712
1181,24263,0.6125,0.8275,0.9975906517287073,0.9655172413793103,179.19999999999996
1182,11374,0.3625,0.8883125,0.9325864353692326,1.0,179.0285714285714
1183,11031,0.125,0.903125,0.655524635586074,0.6206896551724137,178.99999999999997
1184,13629,0.8625,0.903125,0.655524635586074,0.48275862068965514,178.99999999999997
1185,14236,0.875,0.8294374999999998,0.9969883146608842,0.13793103448275862,178.99999999999997
1186,12493,0.6125,0.715625,0.62643055053608,0.6206896551724137,178.99999999999997
1187,12628,0.6125,0.90625,0.7671364895795687,0.48275862068965514,178.99999999999997
1188,11613,0.3625,0.903125,0.655524635586074,0.6206896551724137,178.89999999999998
1189,13654,0.8625,0.9375,0.6752463558607397,0.27586206896551724,178.88888888888886
1190,11081,0.125,0.82659375,0.8773762197325623,0.27586206896551724,178.88888888888886
1191,11006,0.125,0.9375,0.6752463558607397,0.27586206896551724,178.88888888888886
1192,13492,0.8625,0.70125,0.7658836284784966,0.27586206896551724,178.88888888888886
1193,11625,0.3625,0.90625,0.62643055053608,0.27586206896551724,178.88888888888886
1194,14184,0.875,0.715625,0.62643055053608,0.0,178.88888888888886
1195,10471,0.1125,0.715625,0.6545717383447777,0.27586206896551724,178.88888888888886
1196,10351,0.1125,0.8503437500000001,0.9739549451873267,0.27586206896551724,178.88888888888886
1197,12484,0.6125,0.70125,0.7658836284784966,0.27586206896551724,178.88888888888886
1198,12039,0.375,0.903125,0.655524635586074,0.6206896551724137,178.39999999999998
1199,11213,0.125,0.82203125,0.9989157932779182,0.48275862068965514,178.32999999999996
1200,13047,0.625,0.903125,0.655524635586074,0.6206896551724137,178.29999999999995
1201,11082,0.125,0.833625,0.8749909649439825,1.0,178.28571428571425
1202,13448,0.8625,0.79984375,0.9989157932779182,0.27586206896551724,178.2222222222222
1203,11107,0.125,0.8023125,0.8788820624021202,1.0,178.2142857142857
1204,13653,0.8625,0.9375,0.6996542585230695,0.6206896551724137,178.19999999999996
1205,11007,0.125,0.9375,0.6996542585230695,0.48275862068965514,177.99999999999997
1206,11286,0.125,0.8634375000000001,0.9629442235875195,0.9655172413793103,177.99999999999997
1207,10477,0.1125,0.715625,0.62643055053608,0.13793103448275862,177.99999999999997
1208,12493,0.6125,0.715625,0.62643055053608,0.13793103448275862,177.99999999999997
1209,21654,0.6125,0.8588125,0.9671967232863511,0.27586206896551724,177.77777777777774
1210,13227,0.625,0.8368125,0.9940850499939766,0.27586206896551724,177.77777777777774
1211,13186,0.625,0.70125,0.7658836284784966,0.27586206896551724,177.77777777777774
1212,14194,0.875,0.70125,0.7658836284784966,0.27586206896551724,177.77777777777774
1213,12436,0.6125,0.8294374999999998,0.9969883146608842,0.27586206896551724,177.77777777777774
1214,12487,0.6125,0.715625,0.6545717383447777,0.27586206896551724,177.77777777777774
1215,13035,0.625,0.929875,0.7440320443320082,1.0,177.7142857142857
1216,12621,0.6125,0.903125,0.655524635586074,0.6206896551724137,177.59999999999997
1217,11635,0.3625,0.934375,0.7324515118660402,0.8275862068965517,177.49999999999997
1218,13641,0.8625,0.90625,0.62643055053608,0.27586206896551724,177.4444444444444
1219,12027,0.375,0.929875,0.7440320443320082,1.0,177.28571428571425
1220,11212,0.125,0.8294374999999998,0.9969883146608842,0.27586206896551724,177.1111111111111
1221,11213,0.125,0.82203125,0.9989157932779182,0.6896551724137931,176.99999999999997
1222,11620,0.3625,0.90625,0.7671364895795687,0.48275862068965514,176.99999999999997
1223,14048,0.875,0.90625,0.7671364895795687,0.13793103448275862,176.99999999999997
1224,13040,0.625,0.90625,0.7671364895795687,0.48275862068965514,176.99999999999997
1225,12168,0.375,0.715625,0.62643055053608,0.48275862068965514,176.99999999999997
1226,14236,0.875,0.8294374999999998,0.9969883146608842,0.0,176.99999999999997
1227,13802,0.8625,0.75,0.9248042404529574,1.0,176.99999999999997
1228,14235,0.875,0.8368125,0.9940850499939766,1.0,176.79999999999998
1229,13501,0.8625,0.715625,0.62643055053608,0.0,176.66666666666663
1230,11429,0.3625,0.82203125,0.9989157932779182,0.27586206896551724,176.66666666666663
1231,11476,0.3625,0.70125,0.7658836284784966,0.27586206896551724,176.66666666666663
1232,13439,0.8625,0.865875,0.9729671123960967,0.27586206896551724,176.66666666666663
1233,10605,0.1125,0.903125,0.655524635586074,0.0,176.66666666666663
1234,11631,0.3625,0.929875,0.7440320443320082,1.0,176.28571428571425
1235,13653,0.8625,0.9375,0.6996542585230695,0.48275862068965514,175.99999999999997
1236,11031,0.125,0.903125,0.655524635586074,0.48275862068965514,175.99999999999997
1237,13636,0.8625,0.90625,0.7671364895795687,0.13793103448275862,175.99999999999997
1238,11485,0.3625,0.715625,0.62643055053608,0.48275862068965514,175.99999999999997
1239,13445,0.8625,0.82203125,0.9989157932779182,0.6896551724137931,175.99999999999997
1240,11613,0.3625,0.903125,0.655524635586074,0.48275862068965514,175.99999999999997
1241,12015,0.375,0.9375,0.6996542585230695,0.13793103448275862,175.99999999999997
1242,12032,0.375,0.90625,0.7671364895795687,0.13793103448275862,175.99999999999997
1243,13635,0.8625,0.903125,0.62643055053608,0.8275862068965517,175.83333333333331
1244,13485,0.8625,0.6875,0.7059462715335502,0.8275862068965517,175.83333333333331
1245,12021,0.375,0.934375,0.7324515118660402,0.8275862068965517,175.83333333333331
1246,11565,0.3625,0.82659375,0.8773762197325623,0.27586206896551724,175.55555555555551
1247,21720,0.625,0.85878125,0.9672328635104203,0.27586206896551724,175.55555555555551
1248,13097,0.625,0.82659375,0.8773762197325623,0.27586206896551724,175.55555555555551
1249,14308,0.875,0.8503437500000001,0.9739549451873267,1.0,175.18571428571425
1250,12445,0.6125,0.7631875,0.9796651005902903,0.27586206896551724,175.1111111111111
1251,13042,0.625,0.903125,0.62643055053608,0.8275862068965517,174.99999999999997
1252,13029,0.625,0.934375,0.7324515118660402,0.8275862068965517,174.99999999999997
1253,14199,0.875,0.6875,0.7059462715335502,0.8275862068965517,174.99999999999997
1254,11427,0.3625,0.8368125,0.9940850499939766,0.9655172413793103,174.99999999999997
1255,11485,0.3625,0.715625,0.62643055053608,0.6206896551724137,174.99999999999997
1256,14055,0.875,0.903125,0.655524635586074,0.13793103448275862,174.99999999999997
1257,12039,0.375,0.903125,0.655524635586074,0.48275862068965514,174.99999999999997
1258,13047,0.625,0.903125,0.655524635586074,0.48275862068965514,174.99999999999997
1259,12168,0.375,0.715625,0.62643055053608,0.6206896551724137,174.99999999999997
1260,10477,0.1125,0.715625,0.62643055053608,0.6896551724137931,174.99999999999997
1261,12369,0.6125,0.8634375000000001,0.9629442235875195,0.9655172413793103,174.99999999999997
1262,11428,0.3625,0.8294374999999998,0.9969883146608842,0.27586206896551724,174.99999999999997
1263,12639,0.6125,0.929875,0.7440320443320082,1.0,174.85714285714283
1264,14245,0.875,0.7631875,0.9796651005902903,0.0,174.77777777777774
1265,12993,0.625,0.934375,0.7682568365257197,1.0,174.7142857142857
1266,12173,0.375,0.715625,0.6545717383447777,0.27586206896551724,174.4444444444444
1267,13228,0.625,0.8294374999999998,0.9969883146608842,0.27586206896551724,174.2222222222222
1268,13651,0.8625,0.934375,0.7324515118660402,0.8275862068965517,174.16666666666663
1269,11026,0.125,0.903125,0.62643055053608,0.8275862068965517,174.16666666666663
1270,12643,0.6125,0.934375,0.7324515118660402,0.8275862068965517,174.16666666666663
1271,11160,0.125,0.715625,0.62643055053608,0.48275862068965514,173.99999999999997
1272,13629,0.8625,0.903125,0.655524635586074,0.13793103448275862,173.99999999999997
1273,11637,0.3625,0.9375,0.6996542585230695,0.13793103448275862,173.99999999999997
1274,14048,0.875,0.90625,0.7671364895795687,0.6896551724137931,173.99999999999997
1275,14055,0.875,0.903125,0.655524635586074,0.6896551724137931,173.99999999999997
1276,14105,0.875,0.82659375,0.8773762197325623,0.9655172413793103,173.99999999999997
1277,13176,0.625,0.715625,0.62643055053608,0.48275862068965514,173.99999999999997
1278,10605,0.1125,0.903125,0.655524635586074,0.6896551724137931,173.99999999999997
1279,10477,0.1125,0.715625,0.62643055053608,0.3448275862068966,173.99999999999997
1280,13023,0.625,0.9375,0.6996542585230695,0.13793103448275862,173.99999999999997
1281,12621,0.6125,0.903125,0.655524635586074,0.48275862068965514,173.99999999999997
1282,12645,0.6125,0.9375,0.6996542585230695,0.13793103448275862,173.99999999999997
1283,12015,0.375,0.9375,0.6996542585230695,0.6206896551724137,173.59999999999997
1284,14037,0.875,0.934375,0.7324515118660402,0.8275862068965517,173.33333333333331
1285,12034,0.375,0.903125,0.62643055053608,0.8275862068965517,173.33333333333331
1286,12627,0.6125,0.903125,0.62643055053608,0.8275862068965517,173.33333333333331
1287,11427,0.3625,0.8368125,0.9940850499939766,0.27586206896551724,173.3333333333333
1288,11479,0.3625,0.715625,0.6545717383447777,0.27586206896551724,173.3333333333333
1289,12437,0.6125,0.82203125,0.9989157932779182,0.27586206896551724,173.3333333333333
1290,12572,0.6125,0.8195625,0.8788820624021202,0.27586206896551724,173.3333333333333
1291,12028,0.375,0.90625,0.6545717383447777,1.0,173.24285714285713
1292,10605,0.1125,0.903125,0.655524635586074,0.3448275862068966,173.19999999999996
1293,11160,0.125,0.715625,0.62643055053608,0.6206896551724137,172.99999999999997
1294,11613,0.3625,0.903125,0.655524635586074,0.13793103448275862,172.99999999999997
1295,11620,0.3625,0.90625,0.7671364895795687,0.13793103448275862,172.99999999999997
1296,13176,0.625,0.715625,0.62643055053608,0.6206896551724137,172.99999999999997
1297,14184,0.875,0.715625,0.62643055053608,0.48275862068965514,172.99999999999997
1298,14235,0.875,0.8368125,0.9940850499939766,0.9655172413793103,172.99999999999997
1299,12493,0.6125,0.715625,0.62643055053608,0.6896551724137931,172.99999999999997
1300,10778,0.1125,0.75,0.9248042404529574,1.0,172.7
1301,12632,0.6125,0.90625,0.6545717383447777,1.0,172.65714285714284
1302,10496,0.1125,0.746875,0.62643055053608,1.0,172.6428571428571
1303,12167,0.375,0.71875,0.62643055053608,1.0,172.5285714285714
1304,11169,0.125,0.69659375,0.7551740754126008,0.8275862068965517,172.49999999999997
1305,11619,0.3625,0.903125,0.62643055053608,0.8275862068965517,172.49999999999997
1306,13036,0.625,0.90625,0.6545717383447777,1.0,172.44285714285712
1307,11024,0.125,0.90625,0.7671364895795687,0.0,172.2222222222222
1308,13181,0.625,0.715625,0.6545717383447777,0.27586206896551724,172.2222222222222
1309,10612,0.1125,0.90625,0.7671364895795687,0.0,172.2222222222222
1310,12435,0.6125,0.8368125,0.9940850499939766,0.27586206896551724,172.2222222222222
1311,14182,0.875,0.71875,0.7718949524153716,1.0,172.1285714285714
1312,13636,0.8625,0.90625,0.7671364895795687,0.6896551724137931,171.99999999999997
1313,10612,0.1125,0.90625,0.7671364895795687,0.6896551724137931,171.99999999999997
1314,14184,0.875,0.715625,0.62643055053608,0.6206896551724137,171.99999999999997
1315,12168,0.375,0.715625,0.62643055053608,0.13793103448275862,171.99999999999997
1316,12168,0.375,0.715625,0.62643055053608,0.6896551724137931,171.99999999999997
1317,12493,0.6125,0.715625,0.62643055053608,0.3448275862068966,171.99999999999997
1318,12628,0.6125,0.90625,0.7671364895795687,0.13793103448275862,171.99999999999997
1319,14049,0.875,0.90625,0.62643055053608,0.27586206896551724,171.99999999999997
1320,14241,0.875,0.7924375,0.9969883146608842,0.27586206896551724,171.88888888888886
1321,11020,0.125,0.90625,0.6545717383447777,1.0,171.85714285714283
1322,24190,0.3625,0.8275,0.9975906517287073,0.9655172413793103,171.79999999999998
1323,10461,0.1125,0.6875,0.7059462715335502,0.8275862068965517,171.66666666666663
1324,12087,0.375,0.8195625,0.8788820624021202,0.27586206896551724,171.66666666666663
1325,13023,0.625,0.9375,0.6996542585230695,0.6206896551724137,171.59999999999997
1326,14245,0.875,0.7631875,0.9796651005902903,0.6896551724137931,171.49999999999997
1327,11019,0.125,0.929875,0.7440320443320082,1.0,171.42857142857142
1328,11624,0.3625,0.90625,0.6545717383447777,1.0,171.38571428571427
1329,11165,0.125,0.715625,0.6545717383447777,0.27586206896551724,171.1111111111111
1330,13581,0.8625,0.82659375,0.8773762197325623,0.27586206896551724,171.1111111111111
1331,14030,0.875,0.9375,0.6752463558607397,0.27586206896551724,171.1111111111111
1332,12219,0.375,0.8368125,0.9940850499939766,0.27586206896551724,171.1111111111111
1333,12221,0.375,0.82203125,0.9989157932779182,0.27586206896551724,171.1111111111111
1334,11024,0.125,0.90625,0.7671364895795687,0.6896551724137931,170.99999999999997
1335,13501,0.8625,0.715625,0.62643055053608,0.48275862068965514,170.99999999999997
1336,11485,0.3625,0.715625,0.62643055053608,0.13793103448275862,170.99999999999997
1337,13439,0.8625,0.865875,0.9729671123960967,0.9655172413793103,170.99999999999997
1338,13377,0.8625,0.8634375000000001,0.9629442235875195,0.9655172413793103,170.99999999999997
1339,12015,0.375,0.9375,0.6996542585230695,0.48275862068965514,170.99999999999997
1340,12039,0.375,0.903125,0.655524635586074,0.13793103448275862,170.99999999999997
1341,14184,0.875,0.715625,0.62643055053608,0.6896551724137931,170.99999999999997
1342,11820,0.3625,0.79634375,0.9860498735092157,0.27586206896551724,170.99999999999997
1343,10623,0.1125,0.929875,0.7440320443320082,1.0,170.85714285714283
1344,11175,0.125,0.6875,0.7059462715335502,0.8275862068965517,170.83333333333331
1345,10467,0.1125,0.69659375,0.7551740754126008,0.8275862068965517,170.83333333333331
1346,13449,0.8625,0.7924375,0.9969883146608842,0.27586206896551724,170.77777777777774
1347,22969,0.6125,0.8369375,0.9940127695458378,0.27586206896551724,170.77777777777774
1348,10612,0.1125,0.90625,0.7671364895795687,0.3448275862068966,170.59999999999997
1349,13640,0.8625,0.90625,0.6545717383447777,1.0,170.42857142857142
1350,11433,0.3625,0.7924375,0.9969883146608842,0.27586206896551724,170.3333333333333
1351,12645,0.6125,0.9375,0.6996542585230695,0.6206896551724137,170.29999999999998
1352,11617,0.3625,0.903125,0.7718949524153716,1.0,170.28571428571428
1353,11668,0.3625,0.934375,0.7682568365257197,1.0,170.28571428571428
1354,11024,0.125,0.90625,0.7671364895795687,0.3448275862068966,170.19999999999996
1355,14048,0.875,0.90625,0.7671364895795687,0.3448275862068966,170.09999999999997
1356,13491,0.8625,0.69659375,0.7551740754126008,0.8275862068965517,169.99999999999997
1357,11160,0.125,0.715625,0.62643055053608,0.13793103448275862,169.99999999999997
1358,11031,0.125,0.903125,0.655524635586074,0.13793103448275862,169.99999999999997
1359,11638,0.3625,0.9375,0.6752463558607397,0.9655172413793103,169.99999999999997
1360,13176,0.625,0.715625,0.62643055053608,0.13793103448275862,169.99999999999997
1361,13040,0.625,0.90625,0.7671364895795687,0.13793103448275862,169.99999999999997
1362,12168,0.375,0.715625,0.62643055053608,0.3448275862068966,169.99999999999997
1363,12431,0.6125,0.865875,0.9729671123960967,0.9655172413793103,169.99999999999997
1364,14236,0.875,0.8294374999999998,0.9969883146608842,0.6896551724137931,169.99999999999997
1365,12621,0.6125,0.903125,0.655524635586074,0.13793103448275862,169.99999999999997
1366,11158,0.125,0.71875,0.7718949524153716,0.27586206896551724,169.99999999999997
1367,11213,0.125,0.82203125,0.9989157932779182,0.0,169.99999999999997
1368,14048,0.875,0.90625,0.7671364895795687,0.0,169.99999999999997
1369,11821,0.3625,0.8028437499999999,0.9873750150584266,0.27586206896551724,169.99999999999997
1370,10630,0.1125,0.9375,0.6752463558607397,0.27586206896551724,169.99999999999997
1371,13636,0.8625,0.90625,0.7671364895795687,0.3448275862068966,169.89999999999998
1372,11437,0.3625,0.7631875,0.9796651005902903,0.27586206896551724,169.77777777777774
1373,11985,0.375,0.934375,0.7682568365257197,1.0,169.7142857142857
1374,13248,0.625,0.68878125,0.8562823756173954,1.0,169.65714285714284
1375,13043,0.625,0.903125,0.7718949524153716,1.0,169.59999999999997
1376,14055,0.875,0.903125,0.655524635586074,0.3448275862068966,169.49999999999997
1377,13232,0.625,0.79984375,0.9989157932779182,0.27586206896551724,169.4444444444444
1378,12440,0.6125,0.79984375,0.9989157932779182,0.27586206896551724,169.4444444444444
1379,24194,0.125,0.8275,0.9975906517287073,0.0,169.3333333333333
1380,11637,0.3625,0.9375,0.6996542585230695,0.6206896551724137,169.29999999999998
1381,10892,0.125,0.6875,0.7682568365257197,1.0,169.2142857142857
1382,11469,0.3625,0.6875,0.7059462715335502,0.8275862068965517,169.16666666666663
1383,13191,0.625,0.6875,0.7059462715335502,0.8275862068965517,169.16666666666663
1384,22878,0.125,0.849375,0.9746536561860017,0.27586206896551724,169.1111111111111
1385,10581,0.1125,0.8508437499999999,0.8653776653415252,1.0,169.04285714285712
1386,11160,0.125,0.715625,0.62643055053608,0.6896551724137931,168.99999999999997
1387,11213,0.125,0.82203125,0.9989157932779182,0.13793103448275862,168.99999999999997
1388,13501,0.8625,0.715625,0.62643055053608,0.6206896551724137,168.99999999999997
1389,11485,0.3625,0.715625,0.62643055053608,0.6896551724137931,168.99999999999997
1390,13176,0.625,0.715625,0.62643055053608,0.6896551724137931,168.99999999999997
1391,13023,0.625,0.9375,0.6996542585230695,0.48275862068965514,168.99999999999997
1392,10606,0.1125,0.903125,0.6846187206360679,1.0,168.99999999999997
1393,14165,0.875,0.746875,0.62643055053608,1.0,168.98571428571427
1394,13636,0.8625,0.90625,0.7671364895795687,0.0,168.88888888888886
1395,11361,0.3625,0.8634375000000001,0.9629442235875195,0.27586206896551724,168.88888888888886
1396,13377,0.8625,0.8634375000000001,0.9629442235875195,0.27586206896551724,168.88888888888886
1397,14189,0.875,0.715625,0.6545717383447777,0.27586206896551724,168.88888888888886
1398,14103,0.875,0.8195625,0.8788820624021202,0.27586206896551724,168.55555555555551
1399,11013,0.125,0.934375,0.7324515118660402,0.8275862068965517,168.33333333333331
1400,10627,0.1125,0.934375,0.7324515118660402,0.8275862068965517,168.33333333333331
1401,12183,0.375,0.6875,0.7059462715335502,0.8275862068965517,168.33333333333331
1402,12477,0.6125,0.6875,0.7059462715335502,0.8275862068965517,168.33333333333331
1403,13442,0.8625,0.844125,0.9902300927599084,1.0,168.27142857142854
1404,13390,0.8625,0.8883125,0.9325864353692326,1.0,168.27142857142854
1405,23040,0.625,0.83378125,0.9953860980604745,0.27586206896551724,168.2222222222222
1406,13501,0.8625,0.715625,0.62643055053608,0.6896551724137931,167.99999999999997
1407,11485,0.3625,0.715625,0.62643055053608,0.3448275862068966,167.99999999999997
1408,13232,0.625,0.79984375,0.9989157932779182,0.9655172413793103,167.99999999999997
1409,21726,0.8625,0.8588125,0.9671967232863511,0.6896551724137931,167.99999999999997
1410,10629,0.1125,0.9375,0.6996542585230695,0.6896551724137931,167.99999999999997
1411,13047,0.625,0.903125,0.655524635586074,0.13793103448275862,167.99999999999997
1412,12646,0.6125,0.9375,0.6752463558607397,0.9655172413793103,167.99999999999997
1413,12645,0.6125,0.9375,0.6996542585230695,0.48275862068965514,167.99999999999997
1414,12676,0.6125,0.934375,0.7682568365257197,1.0,167.99999999999997
1415,11540,0.3625,0.79528125,0.8773762197325623,1.0,167.89999999999998
1416,21623,0.125,0.8712500000000001,0.9673292374412721,0.27586206896551724,167.77777777777774
1417,14055,0.875,0.903125,0.655524635586074,0.0,167.77777777777774
1418,10629,0.1125,0.9375,0.6996542585230695,0.0,167.77777777777774
1419,12224,0.375,0.79984375,0.9989157932779182,0.27586206896551724,167.77777777777774
1420,14309,0.875,0.85690625,0.96883508011083,0.27586206896551724,167.77777777777774
1421,13122,0.625,0.79528125,0.8773762197325623,1.0,167.74285714285713
1422,13556,0.8625,0.79528125,0.8773762197325623,1.0,167.6428571428571
1423,11212,0.125,0.8294374999999998,0.9969883146608842,0.9655172413793103,167.59999999999997
1424,12229,0.375,0.7631875,0.9796651005902903,0.27586206896551724,167.55555555555551
1425,14245,0.875,0.7631875,0.9796651005902903,0.13793103448275862,167.49999999999997
1426,14330,0.875,0.83165625,0.8878448379713287,1.0,167.1142857142857
1427,12225,0.375,0.7924375,0.9969883146608842,0.27586206896551724,167.1111111111111
1428,12369,0.6125,0.8634375000000001,0.9629442235875195,0.48275862068965514,167.08999999999997
1429,12314,0.375,0.83165625,0.8878448379713287,1.0,167.0142857142857
1430,11160,0.125,0.715625,0.62643055053608,0.3448275862068966,166.99999999999997
1431,11426,0.3625,0.844125,0.9902300927599084,0.9655172413793103,166.99999999999997
1432,11637,0.3625,0.9375,0.6996542585230695,0.48275862068965514,166.99999999999997
1433,13176,0.625,0.715625,0.62643055053608,0.3448275862068966,166.99999999999997
1434,10557,0.1125,0.82659375,0.8773762197325623,0.9655172413793103,166.99999999999997
1435,12089,0.375,0.82659375,0.8773762197325623,0.9655172413793103,166.99999999999997
1436,12628,0.6125,0.90625,0.7671364895795687,0.6896551724137931,166.99999999999997
1437,12482,0.6125,0.692,0.7440320443320082,1.0,166.95714285714283
1438,13444,0.8625,0.8294374999999998,0.9969883146608842,0.27586206896551724,166.77777777777774
1439,11207,0.125,0.865875,0.9729671123960967,0.27586206896551724,166.66666666666663
1440,11423,0.3625,0.865875,0.9729671123960967,0.27586206896551724,166.66666666666663
1441,13495,0.8625,0.715625,0.6545717383447777,0.27586206896551724,166.66666666666663
1442,21744,0.8625,0.8712500000000001,0.9673292374412721,0.27586206896551724,166.66666666666663
1443,13174,0.625,0.71875,0.7718949524153716,0.27586206896551724,166.66666666666663
1444,12032,0.375,0.90625,0.7671364895795687,0.0,166.66666666666663
1445,14200,0.875,0.6875,0.62643055053608,1.0,166.42857142857142
1446,11284,0.125,0.8503437500000001,0.9739549451873267,0.27586206896551724,166.3333333333333
1447,20957,0.3625,0.765,0.981195036742561,0.27586206896551724,166.3333333333333
1448,11474,0.3625,0.692,0.7440320443320082,1.0,166.04285714285712
1449,12175,0.375,0.692,0.7440320443320082,1.0,166.04285714285712
1450,11170,0.125,0.70125,0.7658836284784966,0.9655172413793103,165.99999999999997
1451,13629,0.8625,0.903125,0.655524635586074,0.6896551724137931,165.99999999999997
1452,12032,0.375,0.90625,0.7671364895795687,0.6896551724137931,165.99999999999997
1453,14184,0.875,0.715625,0.62643055053608,0.3448275862068966,165.99999999999997
1454,12219,0.375,0.8368125,0.9940850499939766,0.9655172413793103,165.99999999999997
1455,10419,0.1125,0.8368125,0.9940850499939766,0.13793103448275862,165.99999999999997
1456,10419,0.1125,0.8368125,0.9940850499939766,0.9655172413793103,165.99999999999997
1457,12035,0.375,0.903125,0.7718949524153716,1.0,165.99999999999997
1458,12173,0.375,0.715625,0.6545717383447777,1.0,165.93571428571425
1459,12483,0.6125,0.69659375,0.7551740754126008,0.8275862068965517,165.83333333333331
1460,12625,0.6125,0.903125,0.7718949524153716,1.0,165.7285714285714
1461,11170,0.125,0.70125,0.7658836284784966,0.0,165.55555555555551
1462,10897,0.125,0.7068125000000001,0.7915190940850501,0.27586206896551724,165.55555555555551
1463,14031,0.875,0.9375,0.6996542585230695,0.0,165.55555555555551
1464,10617,0.1125,0.90625,0.62643055053608,0.27586206896551724,165.55555555555551
1465,10419,0.1125,0.8368125,0.9940850499939766,0.0,165.55555555555551
1466,14308,0.875,0.8503437500000001,0.9739549451873267,0.27586206896551724,165.55555555555551
1467,12220,0.375,0.8294374999999998,0.9969883146608842,0.27586206896551724,165.4444444444444
1468,13882,0.875,0.75,0.9248042404529574,1.0,165.44285714285712
1469,10429,0.1125,0.7631875,0.9796651005902903,0.6896551724137931,165.29999999999998
1470,14054,0.875,0.903125,0.6846187206360679,1.0,165.28571428571428
1471,12032,0.375,0.90625,0.7671364895795687,0.3448275862068966,165.19999999999996
1472,22891,0.3625,0.83378125,0.9953860980604745,0.27586206896551724,165.1111111111111
1473,11106,0.125,0.79528125,0.8773762197325623,1.0,165.05714285714285
1474,11207,0.125,0.865875,0.9729671123960967,0.6896551724137931,164.99999999999997
1475,14031,0.875,0.9375,0.6996542585230695,0.6896551724137931,164.99999999999997
1476,10557,0.1125,0.82659375,0.8773762197325623,0.13793103448275862,164.99999999999997
1477,14184,0.875,0.715625,0.62643055053608,0.13793103448275862,164.99999999999997
1478,12573,0.6125,0.82659375,0.8773762197325623,0.9655172413793103,164.99999999999997
1479,13837,0.8625,0.8028437499999999,0.9873750150584266,0.27586206896551724,164.99999999999997
1480,10425,0.1125,0.7924375,0.9969883146608842,0.27586206896551724,164.99999999999997
1481,12794,0.6125,0.75,0.9248042404529574,1.0,164.91428571428568
1482,12441,0.6125,0.7924375,0.9969883146608842,0.27586206896551724,164.88888888888886
1483,14078,0.875,0.8508437499999999,0.8653776653415252,1.0,164.8142857142857
1484,12487,0.6125,0.715625,0.6545717383447777,1.0,164.45
1485,11486,0.3625,0.71875,0.7718949524153716,0.27586206896551724,164.4444444444444
1486,11620,0.3625,0.90625,0.7671364895795687,0.0,164.4444444444444
1487,10738,0.1125,0.7068125000000001,0.7915190940850501,0.27586206896551724,164.4444444444444
1488,22949,0.6125,0.849375,0.9746536561860017,0.27586206896551724,164.4444444444444
1489,12369,0.6125,0.8634375000000001,0.9629442235875195,0.27586206896551724,164.4444444444444
1490,12317,0.375,0.8189062500000001,0.8910372244307915,1.0,164.2
1491,14193,0.875,0.69659375,0.7551740754126008,0.8275862068965517,164.16666666666663
1492,13183,0.625,0.692,0.7440320443320082,1.0,164.1428571428571
1493,11079,0.125,0.8195625,0.8788820624021202,0.27586206896551724,164.1111111111111
1494,11866,0.375,0.75,0.9248042404529574,1.0,164.05714285714285
1495,13641,0.8625,0.90625,0.62643055053608,0.9655172413793103,163.99999999999997
1496,11007,0.125,0.9375,0.6996542585230695,0.6896551724137931,163.99999999999997
1497,21623,0.125,0.8712500000000001,0.9673292374412721,0.9655172413793103,163.99999999999997
1498,13501,0.8625,0.715625,0.62643055053608,0.3448275862068966,163.99999999999997
1499,13501,0.8625,0.715625,0.62643055053608,0.13793103448275862,163.99999999999997
1500,13361,0.8625,0.82128125,0.9870015660763762,0.9655172413793103,163.99999999999997
1501,12014,0.375,0.9375,0.6752463558607397,0.9655172413793103,163.99999999999997
1502,13040,0.625,0.90625,0.7671364895795687,0.6896551724137931,163.99999999999997
1503,10468,0.1125,0.70125,0.7658836284784966,0.9655172413793103,163.99999999999997
1504,11176,0.125,0.6875,0.62643055053608,1.0,163.99999999999997
1505,13490,0.8625,0.692,0.7440320443320082,1.0,163.98571428571427
1506,14103,0.875,0.8195625,0.8788820624021202,0.9655172413793103,163.69999999999996
1507,10533,0.1125,0.8023125,0.8788820624021202,0.27586206896551724,163.66666666666663
1508,13768,0.8625,0.6875,0.7682568365257197,1.0,163.6142857142857
1509,13629,0.8625,0.903125,0.655524635586074,0.3448275862068966,163.49999999999997
1510,12628,0.6125,0.90625,0.7671364895795687,0.3448275862068966,163.49999999999997
1511,10629,0.1125,0.9375,0.6996542585230695,0.3448275862068966,163.39999999999998
1512,13653,0.8625,0.9375,0.6996542585230695,0.0,163.33333333333331
1513,11216,0.125,0.79984375,0.9989157932779182,0.27586206896551724,163.33333333333331
1514,13629,0.8625,0.903125,0.655524635586074,0.0,163.33333333333331
1515,11286,0.125,0.8634375000000001,0.9629442235875195,0.27586206896551724,163.33333333333331
1516,11613,0.3625,0.903125,0.655524635586074,0.0,163.33333333333331
1517,23008,0.625,0.849375,0.9746536561860017,0.27586206896551724,163.33333333333331
1518,12166,0.375,0.71875,0.7718949524153716,0.27586206896551724,163.33333333333331
1519,12294,0.375,0.8634375000000001,0.9629442235875195,0.27586206896551724,163.33333333333331
1520,12494,0.6125,0.71875,0.7718949524153716,0.27586206896551724,163.33333333333331
1521,12628,0.6125,0.90625,0.7671364895795687,0.0,163.33333333333331
1522,12638,0.6125,0.9252812499999999,0.7551740754126008,0.27586206896551724,163.33333333333331
1523,24333,0.625,0.8275,0.9975906517287073,0.0,163.1111111111111
1524,13654,0.8625,0.9375,0.6752463558607397,0.9655172413793103,162.99999999999997
1525,11031,0.125,0.903125,0.655524635586074,0.6896551724137931,162.99999999999997
1526,21654,0.6125,0.8588125,0.9671967232863511,0.9655172413793103,162.99999999999997
1527,12033,0.375,0.90625,0.62643055053608,0.9655172413793103,162.99999999999997
1528,13047,0.625,0.903125,0.655524635586074,0.6896551724137931,162.99999999999997
1529,13022,0.625,0.9375,0.6752463558607397,0.9655172413793103,162.99999999999997
1530,12484,0.6125,0.70125,0.7658836284784966,0.9655172413793103,162.99999999999997
1531,12499,0.6125,0.71875,0.62643055053608,1.0,162.95714285714283
1532,11025,0.125,0.90625,0.62643055053608,0.9655172413793103,162.89999999999998
1533,12874,0.625,0.75,0.9248042404529574,0.27586206896551724,162.88888888888886
1534,13916,0.875,0.6875,0.7682568365257197,1.0,162.58571428571426
1535,14333,0.875,0.8189062500000001,0.8910372244307915,1.0,162.5285714285714
1536,11167,0.125,0.692,0.7440320443320082,1.0,162.5142857142857
1537,11475,0.3625,0.69659375,0.7551740754126008,0.8275862068965517,162.49999999999997
1538,13185,0.625,0.69659375,0.7551740754126008,0.8275862068965517,162.49999999999997
1539,12177,0.375,0.69659375,0.7551740754126008,0.8275862068965517,162.49999999999997
1540,11786,0.3625,0.75,0.9248042404529574,0.27586206896551724,162.4444444444444
1541,12345,0.6125,0.83165625,0.8878448379713287,1.0,162.44285714285712
1542,11031,0.125,0.903125,0.655524635586074,0.0,162.2222222222222
1543,11007,0.125,0.9375,0.6996542585230695,0.0,162.2222222222222
1544,13226,0.625,0.844125,0.9902300927599084,0.27586206896551724,162.2222222222222
1545,11905,0.375,0.7068125000000001,0.7915190940850501,0.27586206896551724,162.2222222222222
1546,12026,0.375,0.9252812499999999,0.7551740754126008,0.27586206896551724,162.2222222222222
1547,13040,0.625,0.90625,0.7671364895795687,0.0,162.2222222222222
1548,13034,0.625,0.9252812499999999,0.7551740754126008,0.27586206896551724,162.2222222222222
1549,10468,0.1125,0.70125,0.7658836284784966,0.0,162.2222222222222
1550,11620,0.3625,0.90625,0.7671364895795687,0.3448275862068966,162.19999999999996
1551,14051,0.875,0.903125,0.7718949524153716,1.0,162.1428571428571
1552,11625,0.3625,0.90625,0.62643055053608,0.9655172413793103,162.09999999999997
1553,21577,0.12499999999999992,0.85878125,0.9672328635104203,0.13793103448275862,161.99999999999997
1554,13492,0.8625,0.70125,0.7658836284784966,0.9655172413793103,161.99999999999997
1555,11620,0.3625,0.90625,0.7671364895795687,0.6896551724137931,161.99999999999997
1556,24194,0.125,0.8275,0.9975906517287073,0.13793103448275862,161.99999999999997
1557,14309,0.875,0.85690625,0.96883508011083,0.9655172413793103,161.99999999999997
1558,12621,0.6125,0.903125,0.655524635586074,0.6896551724137931,161.99999999999997
1559,12633,0.6125,0.90625,0.62643055053608,0.9655172413793103,161.99999999999997
1560,14230,0.875,0.87303125,0.9653294783760993,1.0,161.97142857142856
1561,13633,0.8625,0.903125,0.7718949524153716,1.0,161.75714285714284
1562,14031,0.875,0.9375,0.6996542585230695,0.3448275862068966,161.69999999999996
1563,11285,0.125,0.85690625,0.96883508011083,0.27586206896551724,161.66666666666663
1564,10830,0.125,0.78125,0.9501746777496686,1.0,161.6285714285714
1565,14044,0.875,0.90625,0.6545717383447777,1.0,161.57142857142856
1566,12115,0.375,0.8023125,0.8788820624021202,0.27586206896551724,161.55555555555551
1567,11298,0.125,0.82128125,0.9870015660763762,1.0,161.49999999999997
1568,18466,0.8625,0.7056875,0.882231056499217,1.0,161.42857142857142
1569,13040,0.625,0.90625,0.7671364895795687,0.3448275862068966,161.19999999999996
1570,11159,0.125,0.71875,0.62643055053608,0.27586206896551724,161.1111111111111
1571,13502,0.8625,0.71875,0.7718949524153716,0.27586206896551724,161.1111111111111
1572,11432,0.3625,0.79984375,0.9989157932779182,0.0,161.1111111111111
1573,13921,0.875,0.7068125000000001,0.7915190940850501,0.27586206896551724,161.1111111111111
1574,13443,0.8625,0.8368125,0.9940850499939766,0.27586206896551724,161.1111111111111
1575,11630,0.3625,0.9252812499999999,0.7551740754126008,0.27586206896551724,161.1111111111111
1576,10557,0.1125,0.82659375,0.8773762197325623,0.0,161.1111111111111
1577,12039,0.375,0.903125,0.655524635586074,0.0,161.1111111111111
1578,10478,0.1125,0.71875,0.7718949524153716,0.27586206896551724,161.1111111111111
1579,12754,0.6125,0.7068125000000001,0.7915190940850501,0.27586206896551724,161.1111111111111
1580,12621,0.6125,0.903125,0.655524635586074,0.0,161.1111111111111
1581,11170,0.125,0.70125,0.7658836284784966,0.13793103448275862,160.99999999999997
1582,13581,0.8625,0.82659375,0.8773762197325623,0.9655172413793103,160.99999999999997
1583,11298,0.125,0.82128125,0.9870015660763762,0.9655172413793103,160.99999999999997
1584,11432,0.3625,0.79984375,0.9989157932779182,0.13793103448275862,160.99999999999997
1585,11613,0.3625,0.903125,0.655524635586074,0.6896551724137931,160.99999999999997
1586,12039,0.375,0.903125,0.655524635586074,0.6896551724137931,160.99999999999997
1587,13041,0.625,0.90625,0.62643055053608,0.9655172413793103,160.99999999999997
1588,12178,0.375,0.70125,0.7658836284784966,0.9655172413793103,160.99999999999997
1589,20950,0.125,0.765,0.981195036742561,0.0,160.99999999999997
1590,10613,0.1125,0.90625,0.7389965064450066,1.0,160.99999999999997
1591,11286,0.125,0.8634375000000001,0.9629442235875195,0.48275862068965514,160.78999999999996
1592,12347,0.6125,0.8189062500000001,0.8910372244307915,1.0,160.75714285714284
1593,24259,0.375,0.8275,0.9975906517287073,0.9655172413793103,160.69999999999996
1594,11613,0.3625,0.903125,0.655524635586074,0.3448275862068966,160.59999999999997
1595,10466,0.1125,0.692,0.7440320443320082,1.0,160.58571428571426
1596,11589,0.3625,0.8508437499999999,0.8653776653415252,1.0,160.57142857142856
1597,12549,0.6125,0.8023125,0.8788820624021202,0.27586206896551724,160.55555555555551
1598,13605,0.8625,0.8508437499999999,0.8653776653415252,1.0,160.5285714285714
1599,11031,0.125,0.903125,0.655524635586074,0.3448275862068966,160.49999999999997
1600,12646,0.6125,0.9375,0.6752463558607397,0.6206896551724137,160.49999999999997
1601,12597,0.6125,0.8508437499999999,0.8653776653415252,1.0,160.38571428571427
1602,10417,0.1125,0.8514375,0.9854234429586796,1.0,160.29999999999998
1603,13192,0.625,0.6875,0.62643055053608,1.0,160.28571428571428
1604,12573,0.6125,0.82659375,0.8773762197325623,0.6206896551724137,160.25999999999996
1605,14191,0.875,0.692,0.7440320443320082,1.0,160.08571428571426
1606,13653,0.8625,0.9375,0.6996542585230695,0.6896551724137931,159.99999999999997
1607,21744,0.8625,0.8712500000000001,0.9673292374412721,0.9655172413793103,159.99999999999997
1608,13186,0.625,0.70125,0.7658836284784966,0.9655172413793103,159.99999999999997
1609,24259,0.375,0.8275,0.9975906517287073,0.13793103448275862,159.99999999999997
1610,10471,0.1125,0.715625,0.6545717383447777,0.9655172413793103,159.99999999999997
1611,20950,0.125,0.765,0.981195036742561,0.13793103448275862,159.99999999999997
1612,21577,0.12499999999999992,0.85878125,0.9672328635104203,0.0,159.99999999999997
1613,13646,0.8625,0.9252812499999999,0.7551740754126008,0.27586206896551724,159.99999999999997
1614,21598,0.3625,0.8712500000000001,0.9673292374412721,0.27586206896551724,159.99999999999997
1615,11018,0.125,0.9252812499999999,0.7551740754126008,0.27586206896551724,159.99999999999997
1616,11298,0.125,0.82128125,0.9870015660763762,0.27586206896551724,159.99999999999997
1617,10858,0.125,0.75,0.9248042404529574,0.27586206896551724,159.99999999999997
1618,14042,0.875,0.9252812499999999,0.7551740754126008,0.27586206896551724,159.99999999999997
1619,13300,0.625,0.8503437500000001,0.9739549451873267,0.27586206896551724,159.99999999999997
1620,13047,0.625,0.903125,0.655524635586074,0.0,159.99999999999997
1621,12178,0.375,0.70125,0.7658836284784966,0.0,159.99999999999997
1622,10471,0.1125,0.715625,0.6545717383447777,0.0,159.99999999999997
1623,12215,0.375,0.865875,0.9729671123960967,0.27586206896551724,159.99999999999997
1624,10421,0.1125,0.82203125,0.9989157932779182,0.27586206896551724,159.99999999999997
1625,12913,0.625,0.7068125000000001,0.7915190940850501,0.27586206896551724,159.99999999999997
1626,12431,0.6125,0.865875,0.9729671123960967,0.27586206896551724,159.99999999999997
1627,12487,0.6125,0.715625,0.6545717383447777,0.0,159.99999999999997
1628,11141,0.125,0.746875,0.62643055053608,1.0,159.94285714285712
1629,12039,0.375,0.903125,0.655524635586074,0.3448275862068966,159.89999999999998
1630,13233,0.625,0.7924375,0.9969883146608842,0.27586206896551724,159.88888888888886
1631,12573,0.6125,0.82659375,0.8773762197325623,0.48275862068965514,159.79999999999998
1632,14047,0.875,0.90625,0.7389965064450066,1.0,159.7142857142857
1633,12184,0.375,0.6875,0.62643055053608,1.0,159.7142857142857
1634,14105,0.875,0.82659375,0.8773762197325623,0.6206896551724137,159.68999999999997
1635,11564,0.3625,0.8195625,0.8788820624021202,0.27586206896551724,159.66666666666663
1636,12218,0.375,0.844125,0.9902300927599084,0.48275862068965514,159.54999999999998
1637,11638,0.3625,0.9375,0.6752463558607397,0.6206896551724137,159.49999999999997
1638,13047,0.625,0.903125,0.655524635586074,0.3448275862068966,159.49999999999997
1639,18534,0.8625,0.7056875,0.8960125286110107,1.0,159.42857142857142
1640,12843,0.625,0.8028437499999999,0.9873750150584266,0.9655172413793103,159.39999999999998
1641,24335,0.8625,0.8275,0.9975906517287073,0.6896551724137931,159.39999999999998
1642,13070,0.625,0.8508437499999999,0.8653776653415252,1.0,159.37142857142854
1643,10414,0.1125,0.87303125,0.9653294783760993,1.0,159.3142857142857
1644,10660,0.1125,0.934375,0.7682568365257197,1.0,159.1428571428571
1645,21720,0.625,0.85878125,0.9672328635104203,0.9655172413793103,159.09999999999997
1646,12621,0.6125,0.903125,0.655524635586074,0.3448275862068966,159.09999999999997
1647,13830,0.8625,0.78125,0.9501746777496686,1.0,159.08571428571426
1648,21591,0.3625,0.8588125,0.9671967232863511,0.13793103448275862,158.99999999999997
1649,21577,0.12499999999999992,0.85878125,0.9672328635104203,0.6896551724137931,158.99999999999997
1650,11210,0.125,0.844125,0.9902300927599084,0.13793103448275862,158.99999999999997
1651,11025,0.125,0.90625,0.62643055053608,0.13793103448275862,158.99999999999997
1652,11006,0.125,0.9375,0.6752463558607397,0.9655172413793103,158.99999999999997
1653,11286,0.125,0.8634375000000001,0.9629442235875195,0.6896551724137931,158.99999999999997
1654,11476,0.3625,0.70125,0.7658836284784966,0.9655172413793103,158.99999999999997
1655,12015,0.375,0.9375,0.6996542585230695,0.6896551724137931,158.99999999999997
1656,14194,0.875,0.70125,0.7658836284784966,0.9655172413793103,158.99999999999997
1657,12218,0.375,0.844125,0.9902300927599084,0.9655172413793103,158.99999999999997
1658,10352,0.1125,0.85690625,0.96883508011083,0.9655172413793103,158.99999999999997
1659,14308,0.875,0.8503437500000001,0.9739549451873267,0.9655172413793103,158.99999999999997
1660,10331,0.1125,0.8189062500000001,0.8910372244307915,1.0,158.95714285714283
1661,13630,0.8625,0.903125,0.6846187206360679,1.0,158.91428571428568
1662,11007,0.125,0.9375,0.6996542585230695,0.3448275862068966,158.89999999999998
1663,14105,0.875,0.82659375,0.8773762197325623,0.48275862068965514,158.89999999999998
1664,13442,0.8625,0.844125,0.9902300927599084,0.27586206896551724,158.88888888888886
1665,11746,0.3625,0.7068125000000001,0.7915190940850501,0.27586206896551724,158.88888888888886
1666,13302,0.625,0.8634375000000001,0.9629442235875195,0.27586206896551724,158.88888888888886
1667,10622,0.1125,0.9252812499999999,0.7551740754126008,0.27586206896551724,158.88888888888886
1668,10558,0.1125,0.833625,0.8749909649439825,0.27586206896551724,158.88888888888886
1669,13095,0.625,0.8195625,0.8788820624021202,0.27586206896551724,158.88888888888886
1670,13444,0.8625,0.8294374999999998,0.9969883146608842,0.9655172413793103,158.79999999999998
1671,10329,0.1125,0.83165625,0.8878448379713287,1.0,158.7142857142857
1672,12504,0.6125,0.746875,0.6534465727020841,1.0,158.51
1673,12156,0.375,0.746875,0.6534465727020841,1.0,158.39999999999998
1674,11140,0.125,0.75,0.62643055053608,1.0,158.34285714285713
1675,12229,0.375,0.7631875,0.9796651005902903,0.9655172413793103,158.29999999999998
1676,10557,0.1125,0.82659375,0.8773762197325623,0.6206896551724137,158.22999999999996
1677,11216,0.125,0.79984375,0.9989157932779182,0.9655172413793103,158.19999999999996
1678,12089,0.375,0.82659375,0.8773762197325623,0.6206896551724137,158.16999999999996
1679,22965,0.375,0.83690625,0.9940368630285508,0.27586206896551724,158.1111111111111
1680,13860,0.875,0.7876562500000001,0.8868570051800987,1.0,158.08571428571426
1681,11027,0.125,0.903125,0.7718949524153716,1.0,158.0285714285714
1682,13229,0.625,0.82203125,0.9989157932779182,0.13793103448275862,157.99999999999997
1683,22936,0.375,0.849375,0.9746536561860017,0.9655172413793103,157.99999999999997
1684,12369,0.6125,0.8634375000000001,0.9629442235875195,0.6896551724137931,157.99999999999997
1685,12487,0.6125,0.715625,0.6545717383447777,0.9655172413793103,157.99999999999997
1686,24259,0.375,0.8275,0.9975906517287073,0.0,157.99999999999997
1687,12820,0.6125,0.7876562500000001,0.8868570051800987,1.0,157.89999999999998
1688,11729,0.3625,0.6673125,0.7767256956993133,1.0,157.85714285714283
1689,12908,0.625,0.6875,0.7682568365257197,1.0,157.8142857142857
1690,11426,0.3625,0.844125,0.9902300927599084,0.48275862068965514,157.80999999999997
1691,13762,0.8625,0.7068125000000001,0.7915190940850501,0.27586206896551724,157.77777777777774
1692,13492,0.8625,0.70125,0.7658836284784966,0.0,157.77777777777774
1693,13186,0.625,0.70125,0.7658836284784966,0.0,157.77777777777774
1694,14194,0.875,0.70125,0.7658836284784966,0.0,157.77777777777774
1695,10609,0.1125,0.903125,0.7718949524153716,1.0,157.7285714285714
1696,14131,0.875,0.8023125,0.8788820624021202,0.27586206896551724,157.66666666666663
1697,13637,0.8625,0.90625,0.7389965064450066,1.0,157.57142857142856
1698,10977,0.125,0.934375,0.7682568365257197,1.0,157.57142857142856
1699,10592,0.1125,0.871875,0.62643055053608,1.0,157.57142857142856
1700,10420,0.1125,0.8294374999999998,0.9969883146608842,0.8275862068965517,157.49999999999997
1701,12220,0.375,0.8294374999999998,0.9969883146608842,0.9655172413793103,157.29999999999998
1702,10464,0.1125,0.6875,0.62643055053608,1.0,157.28571428571428
1703,24263,0.6125,0.8275,0.9975906517287073,0.6896551724137931,157.19999999999996
1704,12089,0.375,0.82659375,0.8773762197325623,0.48275862068965514,157.19999999999996
1705,13301,0.625,0.85690625,0.96883508011083,1.0,157.17142857142855
1706,11844,0.375,0.7876562500000001,0.8868570051800987,1.0,157.1285714285714
1707,11081,0.125,0.82659375,0.8773762197325623,0.9655172413793103,156.99999999999997
1708,11217,0.125,0.7924375,0.9969883146608842,0.9655172413793103,156.99999999999997
1709,11427,0.3625,0.8368125,0.9940850499939766,0.6896551724137931,156.99999999999997
1710,11565,0.3625,0.82659375,0.8773762197325623,0.9655172413793103,156.99999999999997
1711,10557,0.1125,0.82659375,0.8773762197325623,0.48275862068965514,156.99999999999997
1712,13097,0.625,0.82659375,0.8773762197325623,0.9655172413793103,156.99999999999997
1713,10468,0.1125,0.70125,0.7658836284784966,0.13793103448275862,156.99999999999997
1714,24333,0.625,0.8275,0.9975906517287073,0.13793103448275862,156.99999999999997
1715,12573,0.6125,0.82659375,0.8773762197325623,0.13793103448275862,156.99999999999997
1716,13520,0.8625,0.746875,0.62643055053608,1.0,156.8142857142857
1717,12646,0.6125,0.9375,0.6752463558607397,0.48275862068965514,156.79999999999998
1718,10744,0.1125,0.6875,0.7682568365257197,1.0,156.7285714285714
1719,13528,0.8625,0.75,0.62643055053608,1.0,156.7142857142857
1720,13488,0.8625,0.6875,0.62643055053608,1.0,156.7142857142857
1721,21095,0.8625,0.765,0.981195036742561,0.9655172413793103,156.69999999999996
1722,11221,0.125,0.7631875,0.9796651005902903,0.27586206896551724,156.66666666666663
1723,13507,0.8625,0.71875,0.62643055053608,0.27586206896551724,156.66666666666663
1724,11476,0.3625,0.70125,0.7658836284784966,0.0,156.66666666666663
1725,13223,0.625,0.865875,0.9729671123960967,0.27586206896551724,156.66666666666663
1726,12173,0.375,0.715625,0.6545717383447777,0.0,156.66666666666663
1727,12484,0.6125,0.70125,0.7658836284784966,0.0,156.66666666666663
1728,12573,0.6125,0.82659375,0.8773762197325623,0.0,156.66666666666663
1729,13653,0.8625,0.9375,0.6996542585230695,0.3448275862068966,156.49999999999997
1730,13022,0.625,0.9375,0.6752463558607397,0.6206896551724137,156.39999999999998
1731,11337,0.3625,0.83165625,0.8878448379713287,1.0,156.39999999999998
1732,11874,0.375,0.76290625,0.9138296590772196,1.0,156.35714285714283
1733,11427,0.3625,0.8368125,0.9940850499939766,0.48275862068965514,156.23999999999998
1734,12787,0.6125,0.76290625,0.9138296590772196,1.0,156.1142857142857
1735,11054,0.125,0.8508437499999999,0.8653776653415252,1.0,156.0142857142857
1736,11211,0.125,0.8368125,0.9940850499939766,0.13793103448275862,155.99999999999997
1737,11428,0.3625,0.8294374999999998,0.9969883146608842,0.9655172413793103,155.99999999999997
1738,14105,0.875,0.82659375,0.8773762197325623,0.6896551724137931,155.99999999999997
1739,10556,0.1125,0.8195625,0.8788820624021202,0.13793103448275862,155.99999999999997
1740,12173,0.375,0.715625,0.6545717383447777,0.9655172413793103,155.99999999999997
1741,13023,0.625,0.9375,0.6996542585230695,0.6896551724137931,155.99999999999997
1742,12646,0.6125,0.9375,0.6752463558607397,0.13793103448275862,155.99999999999997
1743,13237,0.625,0.7631875,0.9796651005902903,0.27586206896551724,155.99999999999997
1744,11472,0.3625,0.6875,0.62643055053608,1.0,155.99999999999997
1745,11638,0.3625,0.9375,0.6752463558607397,0.48275862068965514,155.89999999999998
1746,12014,0.375,0.9375,0.6752463558607397,0.6206896551724137,155.79999999999998
1747,12062,0.375,0.8508437499999999,0.8653776653415252,1.0,155.78571428571428
1748,12842,0.625,0.79634375,0.9860498735092157,0.9655172413793103,155.69999999999996
1749,11023,0.125,0.90625,0.7389965064450066,1.0,155.6285714285714
1750,12441,0.6125,0.7924375,0.9969883146608842,0.9655172413793103,155.59999999999997
1751,11171,0.125,0.706,0.7761354053728465,0.27586206896551724,155.55555555555551
1752,13580,0.8625,0.8195625,0.8788820624021202,0.27586206896551724,155.55555555555551
1753,11479,0.3625,0.715625,0.6545717383447777,0.0,155.55555555555551
1754,13376,0.8625,0.85690625,0.96883508011083,0.27586206896551724,155.55555555555551
1755,13229,0.625,0.82203125,0.9989157932779182,0.0,155.55555555555551
1756,12015,0.375,0.9375,0.6996542585230695,0.0,155.55555555555551
1757,22936,0.375,0.849375,0.9746536561860017,0.27586206896551724,155.55555555555551
1758,13023,0.625,0.9375,0.6996542585230695,0.0,155.55555555555551
1759,12574,0.6125,0.833625,0.8749909649439825,0.27586206896551724,155.55555555555551
1760,12645,0.6125,0.9375,0.6996542585230695,0.0,155.55555555555551
1761,11210,0.125,0.844125,0.9902300927599084,1.0,155.37142857142854
1762,12445,0.6125,0.7631875,0.9796651005902903,0.0,155.33333333333331
1763,13353,0.8625,0.83165625,0.8878448379713287,1.0,155.18571428571425
1764,14031,0.875,0.9375,0.6996542585230695,0.8275862068965517,154.99999999999997
1765,11170,0.125,0.70125,0.7658836284784966,0.6896551724137931,154.99999999999997
1766,11637,0.3625,0.9375,0.6996542585230695,0.6896551724137931,154.99999999999997
1767,14049,0.875,0.90625,0.62643055053608,0.9655172413793103,154.99999999999997
1768,13227,0.625,0.8368125,0.9940850499939766,0.9655172413793103,154.99999999999997
1769,12087,0.375,0.8195625,0.8788820624021202,0.9655172413793103,154.99999999999997
1770,12445,0.6125,0.7631875,0.9796651005902903,0.9655172413793103,154.99999999999997
1771,22965,0.375,0.83690625,0.9940368630285508,0.9655172413793103,154.89999999999998
1772,11170,0.125,0.70125,0.7658836284784966,0.48275862068965514,154.79999999999998
1773,13606,0.8625,0.8579062499999999,0.8598602578002649,1.0,154.79999999999998
1774,11432,0.3625,0.79984375,0.9989157932779182,0.9655172413793103,154.69999999999996
1775,10804,0.1125,0.7876562500000001,0.8868570051800987,1.0,154.6428571428571
1776,13238,0.625,0.756,0.9729671123960967,1.0,154.5285714285714
1777,13233,0.625,0.7924375,0.9969883146608842,0.9655172413793103,154.49999999999997
1778,13836,0.8625,0.79634375,0.9860498735092157,0.27586206896551724,154.4444444444444
1779,21648,0.375,0.85878125,0.9672328635104203,0.27586206896551724,154.4444444444444
1780,13445,0.8625,0.82203125,0.9989157932779182,0.0,154.4444444444444
1781,21672,0.6125,0.8712500000000001,0.9673292374412721,0.27586206896551724,154.4444444444444
1782,21740,0.625,0.8712500000000001,0.9673292374412721,0.27586206896551724,154.4444444444444
1783,13181,0.625,0.715625,0.6545717383447777,0.0,154.4444444444444
1784,13175,0.625,0.71875,0.62643055053608,0.27586206896551724,154.4444444444444
1785,14182,0.875,0.71875,0.7718949524153716,0.27586206896551724,154.4444444444444
1786,10469,0.1125,0.706,0.7761354053728465,0.27586206896551724,154.4444444444444
1787,12368,0.6125,0.85690625,0.96883508011083,0.27586206896551724,154.4444444444444
1788,10488,0.1125,0.746875,0.6534465727020841,1.0,154.41428571428568
1789,11170,0.125,0.70125,0.7658836284784966,0.6206896551724137,154.39999999999998
1790,13802,0.8625,0.75,0.9248042404529574,0.27586206896551724,154.33333333333331
1791,10532,0.1125,0.79528125,0.8773762197325623,0.27586206896551724,154.33333333333331
1792,21591,0.3625,0.8588125,0.9671967232863511,0.0,154.2222222222222
1793,11360,0.3625,0.85690625,0.96883508011083,0.27586206896551724,154.2222222222222
1794,10556,0.1125,0.8195625,0.8788820624021202,0.9655172413793103,154.19999999999996
1795,11438,0.3625,0.756,0.9729671123960967,1.0,154.18571428571425
1796,10629,0.1125,0.9375,0.6996542585230695,0.8275862068965517,154.16666666666666
1797,13376,0.8625,0.85690625,0.96883508011083,0.9655172413793103,154.09999999999997
1798,11752,0.3625,0.6875,0.7682568365257197,1.0,154.07142857142856
1799,11030,0.125,0.903125,0.6846187206360679,1.0,154.04285714285712
1800,13654,0.8625,0.9375,0.6752463558607397,0.6206896551724137,153.99999999999997
1801,11359,0.3625,0.8503437500000001,0.9739549451873267,0.9655172413793103,153.99999999999997
1802,13495,0.8625,0.715625,0.6545717383447777,0.9655172413793103,153.99999999999997
1803,11479,0.3625,0.715625,0.6545717383447777,0.9655172413793103,153.99999999999997
1804,13439,0.8625,0.865875,0.9729671123960967,0.6896551724137931,153.99999999999997
1805,14030,0.875,0.9375,0.6752463558607397,0.9655172413793103,153.99999999999997
1806,13232,0.625,0.79984375,0.9989157932779182,0.6896551724137931,153.99999999999997
1807,13181,0.625,0.715625,0.6545717383447777,0.9655172413793103,153.99999999999997
1808,12033,0.375,0.90625,0.62643055053608,0.13793103448275862,153.99999999999997
1809,14189,0.875,0.715625,0.6545717383447777,0.9655172413793103,153.99999999999997
1810,13022,0.625,0.9375,0.6752463558607397,0.13793103448275862,153.99999999999997
1811,12431,0.6125,0.865875,0.9729671123960967,0.6896551724137931,153.99999999999997
1812,14235,0.875,0.8368125,0.9940850499939766,0.6896551724137931,153.99999999999997
1813,11025,0.125,0.90625,0.62643055053608,0.6206896551724137,153.69999999999996
1814,11154,0.125,0.71875,0.655524635586074,1.0,153.41428571428568
1815,11165,0.125,0.715625,0.6545717383447777,0.0,153.33333333333331
1816,11211,0.125,0.8368125,0.9940850499939766,0.0,153.33333333333331
1817,11271,0.125,0.8883125,0.9325864353692326,0.27586206896551724,153.33333333333331
1818,11359,0.3625,0.8503437500000001,0.9739549451873267,0.27586206896551724,153.33333333333331
1819,11426,0.3625,0.844125,0.9902300927599084,0.27586206896551724,153.33333333333331
1820,11491,0.3625,0.71875,0.62643055053608,0.27586206896551724,153.33333333333331
1821,21668,0.375,0.8712500000000001,0.9673292374412721,0.27586206896551724,153.33333333333331
1822,24190,0.3625,0.8275,0.9975906517287073,0.0,153.33333333333331
1823,11637,0.3625,0.9375,0.6996542585230695,0.0,153.33333333333331
1824,12089,0.375,0.82659375,0.8773762197325623,0.0,153.33333333333331
1825,12090,0.375,0.833625,0.8749909649439825,0.27586206896551724,153.33333333333331
1826,14183,0.875,0.71875,0.62643055053608,0.27586206896551724,153.33333333333331
1827,10483,0.1125,0.71875,0.62643055053608,0.27586206896551724,153.33333333333331
1828,22872,0.3625,0.849375,0.9746536561860017,0.27586206896551724,153.33333333333331
1829,12367,0.6125,0.8503437500000001,0.9739549451873267,0.27586206896551724,153.33333333333331
1830,11217,0.125,0.7924375,0.9969883146608842,0.27586206896551724,153.2222222222222
1831,22895,0.125,0.83378125,0.9953860980604745,0.0,153.2222222222222
1832,12760,0.6125,0.6875,0.7682568365257197,1.0,153.2142857142857
1833,10457,0.1125,0.684375,0.6752463558607397,1.0,153.1
1834,12178,0.375,0.70125,0.7658836284784966,0.6206896551724137,153.09999999999997
1835,12178,0.375,0.70125,0.7658836284784966,0.48275862068965514,153.09999999999997
1836,11081,0.125,0.82659375,0.8773762197325623,0.13793103448275862,152.99999999999997
1837,11165,0.125,0.715625,0.6545717383447777,0.9655172413793103,152.99999999999997
1838,11285,0.125,0.85690625,0.96883508011083,0.9655172413793103,152.99999999999997
1839,11429,0.3625,0.82203125,0.9989157932779182,0.9655172413793103,152.99999999999997
1840,11638,0.3625,0.9375,0.6752463558607397,0.13793103448275862,152.99999999999997
1841,13377,0.8625,0.8634375000000001,0.9629442235875195,0.6896551724137931,152.99999999999997
1842,10630,0.1125,0.9375,0.6752463558607397,0.9655172413793103,152.99999999999997
1843,12089,0.375,0.82659375,0.8773762197325623,0.13793103448275862,152.99999999999997
1844,10468,0.1125,0.70125,0.7658836284784966,0.6896551724137931,152.99999999999997
1845,10471,0.1125,0.715625,0.6545717383447777,0.48275862068965514,152.99999999999997
1846,14194,0.875,0.70125,0.7658836284784966,0.13793103448275862,152.99999999999997
1847,22872,0.3625,0.849375,0.9746536561860017,0.9655172413793103,152.99999999999997
1848,12292,0.375,0.8503437500000001,0.9739549451873267,0.9655172413793103,152.99999999999997
1849,10352,0.1125,0.85690625,0.96883508011083,0.13793103448275862,152.99999999999997
1850,12645,0.6125,0.9375,0.6996542585230695,0.6896551724137931,152.99999999999997
1851,10471,0.1125,0.715625,0.6545717383447777,0.6206896551724137,152.89999999999998
1852,13022,0.625,0.9375,0.6752463558607397,0.48275862068965514,152.89999999999998
1853,12891,0.625,0.746875,0.884001927478617,1.0,152.89999999999998
1854,23539,0.125,0.79003125,0.9961450427659317,0.27586206896551724,152.88888888888886
1855,11922,0.375,0.6673125,0.7767256956993133,1.0,152.87142857142854
1856,12484,0.6125,0.70125,0.7658836284784966,0.6206896551724137,152.79999999999998
1857,22216,0.12499999999999996,0.7837500000000001,0.9813155041561258,0.27586206896551724,152.77777777777774
1858,11769,0.3625,0.746875,0.884001927478617,1.0,152.77142857142854
1859,14001,0.875,0.934375,0.7682568365257197,1.0,152.7142857142857
1860,12015,0.375,0.9375,0.6996542585230695,0.3448275862068966,152.69999999999996
1861,10425,0.1125,0.7924375,0.9969883146608842,0.9655172413793103,152.59999999999997
1862,12484,0.6125,0.70125,0.7658836284784966,0.48275862068965514,152.59999999999997
1863,14055,0.875,0.903125,0.655524635586074,0.8275862068965517,152.49999999999997
1864,11900,0.375,0.6875,0.7682568365257197,1.0,152.49999999999997
1865,12014,0.375,0.9375,0.6752463558607397,0.48275862068965514,152.29999999999998
1866,11158,0.125,0.71875,0.7718949524153716,0.0,152.2222222222222
1867,13361,0.8625,0.82128125,0.9870015660763762,0.27586206896551724,152.2222222222222
1868,11834,0.375,0.79634375,0.9860498735092157,0.27586206896551724,152.2222222222222
1869,14106,0.875,0.833625,0.8749909649439825,0.27586206896551724,152.2222222222222
1870,12167,0.375,0.71875,0.62643055053608,0.27586206896551724,152.2222222222222
1871,14237,0.875,0.82203125,0.9989157932779182,0.27586206896551724,152.2222222222222
1872,13641,0.8625,0.90625,0.62643055053608,0.6206896551724137,152.19999999999996
1873,22891,0.3625,0.83378125,0.9953860980604745,0.9655172413793103,152.19999999999996
1874,24190,0.3625,0.8275,0.9975906517287073,0.6896551724137931,152.09999999999997
1875,10468,0.1125,0.70125,0.7658836284784966,0.6206896551724137,152.09999999999997
1876,12572,0.6125,0.8195625,0.8788820624021202,0.9655172413793103,152.09999999999997
1877,13322,0.625,0.83165625,0.8878448379713287,1.0,152.08571428571426
1878,14203,0.875,0.684375,0.6752463558607397,1.0,152.05714285714285
1879,11158,0.125,0.71875,0.7718949524153716,0.9655172413793103,151.99999999999997
1880,13492,0.8625,0.70125,0.7658836284784966,0.13793103448275862,151.99999999999997
1881,13445,0.8625,0.82203125,0.9989157932779182,0.13793103448275862,151.99999999999997
1882,11638,0.3625,0.9375,0.6752463558607397,0.6896551724137931,151.99999999999997
1883,12033,0.375,0.90625,0.62643055053608,0.6206896551724137,151.99999999999997
1884,13041,0.625,0.90625,0.62643055053608,0.13793103448275862,151.99999999999997
1885,10471,0.1125,0.715625,0.6545717383447777,0.13793103448275862,151.99999999999997
1886,10468,0.1125,0.70125,0.7658836284784966,0.48275862068965514,151.99999999999997
1887,12487,0.6125,0.715625,0.6545717383447777,0.13793103448275862,151.99999999999997
1888,12487,0.6125,0.715625,0.6545717383447777,0.48275862068965514,151.99999999999997
1889,12633,0.6125,0.90625,0.62643055053608,0.13793103448275862,151.99999999999997
1890,11222,0.125,0.756,0.9729671123960967,0.27586206896551724,151.99999999999997
1891,11006,0.125,0.9375,0.6752463558607397,0.6206896551724137,151.89999999999998
1892,12633,0.6125,0.90625,0.62643055053608,0.6206896551724137,151.89999999999998
1893,14172,0.875,0.746875,0.6534465727020841,1.0,151.84285714285713
1894,12038,0.375,0.903125,0.6846187206360679,1.0,151.8142857142857
1895,13186,0.625,0.70125,0.7658836284784966,0.6206896551724137,151.79999999999998
1896,12622,0.6125,0.903125,0.6846187206360679,1.0,151.7285714285714
1897,11179,0.125,0.684375,0.6752463558607397,1.0,151.7142857142857
1898,11614,0.3625,0.903125,0.6846187206360679,1.0,151.7142857142857
1899,13186,0.625,0.70125,0.7658836284784966,0.48275862068965514,151.69999999999996
1900,11007,0.125,0.9375,0.6996542585230695,0.8275862068965517,151.66666666666666
1901,13448,0.8625,0.79984375,0.9989157932779182,0.0,151.66666666666663
1902,22864,0.3625,0.8369375,0.9818817009998795,1.0,151.57142857142856
1903,13072,0.625,0.8579062499999999,0.8598602578002649,1.0,151.5285714285714
1904,13994,0.875,0.914875,0.8115046379954222,1.0,151.42857142857142
1905,23016,0.625,0.83690625,0.9819057944825923,1.0,151.42857142857142
1906,10830,0.125,0.78125,0.9501746777496686,0.27586206896551724,151.33333333333331
1907,23036,0.8625,0.83378125,0.9953860980604745,0.9655172413793103,151.29999999999998
1908,12480,0.6125,0.6875,0.62643055053608,1.0,151.28571428571428
1909,12487,0.6125,0.715625,0.6545717383447777,0.6206896551724137,151.19999999999996
1910,11210,0.125,0.844125,0.9902300927599084,0.0,151.1111111111111
1911,14189,0.875,0.715625,0.6545717383447777,0.0,151.1111111111111
1912,12179,0.375,0.706,0.7761354053728465,0.27586206896551724,151.1111111111111
1913,11213,0.125,0.82203125,0.9989157932779182,0.6206896551724137,151.09999999999997
1914,12225,0.375,0.7924375,0.9969883146608842,0.9655172413793103,151.09999999999997
1915,11025,0.125,0.90625,0.62643055053608,0.48275862068965514,150.99999999999997
1916,11006,0.125,0.9375,0.6752463558607397,0.13793103448275862,150.99999999999997
1917,13492,0.8625,0.70125,0.7658836284784966,0.6896551724137931,150.99999999999997
1918,21654,0.6125,0.8588125,0.9671967232863511,0.13793103448275862,150.99999999999997
1919,13443,0.8625,0.8368125,0.9940850499939766,0.9655172413793103,150.99999999999997
1920,11820,0.3625,0.79634375,0.9860498735092157,0.13793103448275862,150.99999999999997
1921,12178,0.375,0.70125,0.7658836284784966,0.13793103448275862,150.99999999999997
1922,12437,0.6125,0.82203125,0.9989157932779182,0.9655172413793103,150.99999999999997
1923,10351,0.1125,0.8503437500000001,0.9739549451873267,0.9655172413793103,150.99999999999997
1924,12484,0.6125,0.70125,0.7658836284784966,0.6896551724137931,150.99999999999997
1925,11107,0.125,0.8023125,0.8788820624021202,0.27586206896551724,150.99999999999997
1926,12368,0.6125,0.85690625,0.96883508011083,1.0,150.91428571428568
1927,11625,0.3625,0.90625,0.62643055053608,0.6206896551724137,150.89999999999998
1928,13636,0.8625,0.90625,0.7671364895795687,0.8275862068965517,150.83333333333331
1929,14048,0.875,0.90625,0.7671364895795687,0.8275862068965517,150.83333333333331
1930,10605,0.1125,0.903125,0.655524635586074,0.8275862068965517,150.83333333333331
1931,14236,0.875,0.8294374999999998,0.9969883146608842,0.8275862068965517,150.83333333333331
1932,21091,0.625,0.765,0.981195036742561,0.9655172413793103,150.79999999999998
1933,11425,0.3625,0.8514375,0.9854234429586796,1.0,150.75714285714284
1934,13046,0.625,0.903125,0.6846187206360679,1.0,150.7142857142857
1935,11212,0.125,0.8294374999999998,0.9969883146608842,0.6896551724137931,150.69999999999996
1936,13041,0.625,0.90625,0.62643055053608,0.6206896551724137,150.69999999999996
1937,11437,0.3625,0.7631875,0.9796651005902903,0.0,150.66666666666663
1938,12436,0.6125,0.8294374999999998,0.9969883146608842,0.9655172413793103,150.59999999999997
1939,11835,0.375,0.8028437499999999,0.9873750150584266,0.27586206896551724,150.55555555555551
1940,11590,0.3625,0.8579062499999999,0.8598602578002649,1.0,150.5285714285714
1941,13237,0.625,0.7631875,0.9796651005902903,0.9655172413793103,150.49999999999997
1942,13654,0.8625,0.9375,0.6752463558607397,0.48275862068965514,150.39999999999998
1943,13023,0.625,0.9375,0.6996542585230695,0.3448275862068966,150.39999999999998
1944,12114,0.375,0.79528125,0.8773762197325623,0.27586206896551724,150.33333333333331
1945,11476,0.3625,0.70125,0.7658836284784966,0.6206896551724137,150.19999999999996
1946,11213,0.125,0.82203125,0.9989157932779182,0.8275862068965517,149.99999999999997
1947,13445,0.8625,0.82203125,0.9989157932779182,0.8275862068965517,149.99999999999997
1948,14245,0.875,0.7631875,0.9796651005902903,0.8275862068965517,149.99999999999997
1949,13641,0.8625,0.90625,0.62643055053608,0.48275862068965514,149.99999999999997
1950,13502,0.8625,0.71875,0.7718949524153716,0.9655172413793103,149.99999999999997
1951,11426,0.3625,0.844125,0.9902300927599084,0.6896551724137931,149.99999999999997
1952,11476,0.3625,0.70125,0.7658836284784966,0.48275862068965514,149.99999999999997
1953,13442,0.8625,0.844125,0.9902300927599084,0.9655172413793103,149.99999999999997
1954,11625,0.3625,0.90625,0.62643055053608,0.13793103448275862,149.99999999999997
1955,11821,0.3625,0.8028437499999999,0.9873750150584266,0.13793103448275862,149.99999999999997
1956,22895,0.125,0.83378125,0.9953860980604745,0.13793103448275862,149.99999999999997
1957,12219,0.375,0.8368125,0.9940850499939766,0.6896551724137931,149.99999999999997
1958,12440,0.6125,0.79984375,0.9989157932779182,0.9655172413793103,149.99999999999997
1959,12646,0.6125,0.9375,0.6752463558607397,0.6896551724137931,149.99999999999997
1960,11081,0.125,0.82659375,0.8773762197325623,0.0,149.99999999999997
1961,11159,0.125,0.71875,0.62643055053608,0.0,149.99999999999997
1962,13495,0.8625,0.715625,0.6545717383447777,0.0,149.99999999999997
1963,13390,0.8625,0.8883125,0.9325864353692326,0.27586206896551724,149.99999999999997
1964,13375,0.8625,0.8503437500000001,0.9739549451873267,0.27586206896551724,149.99999999999997
1965,21726,0.8625,0.8588125,0.9671967232863511,0.0,149.99999999999997
1966,14105,0.875,0.82659375,0.8773762197325623,0.0,149.99999999999997
1967,13174,0.625,0.71875,0.7718949524153716,0.0,149.99999999999997
1968,12292,0.375,0.8503437500000001,0.9739549451873267,0.27586206896551724,149.99999999999997
1969,10414,0.1125,0.87303125,0.9653294783760993,0.27586206896551724,149.99999999999997
1970,14235,0.875,0.8368125,0.9940850499939766,0.0,149.99999999999997
1971,12828,0.6125,0.79634375,0.9860498735092157,0.27586206896551724,149.99999999999997
1972,12646,0.6125,0.9375,0.6752463558607397,0.0,149.99999999999997
1973,11390,0.3625,0.92609375,0.8357908685700518,1.0,149.99999999999997
1974,10616,0.1125,0.90625,0.6545717383447777,1.0,149.92857142857142
1975,13481,0.8625,0.684375,0.6752463558607397,1.0,149.85714285714283
1976,14309,0.875,0.85690625,0.96883508011083,1.0,149.78571428571428
1977,12431,0.6125,0.865875,0.9729671123960967,0.48275862068965514,149.77999999999997
1978,11814,0.3625,0.78125,0.9501746777496686,0.27586206896551724,149.77777777777774
1979,12293,0.375,0.85690625,0.96883508011083,0.27586206896551724,149.77777777777774
1980,14080,0.875,0.8579062499999999,0.8598602578002649,1.0,149.75714285714284
1981,13097,0.625,0.82659375,0.8773762197325623,0.6206896551724137,149.73999999999998
1982,12031,0.375,0.90625,0.7389965064450066,1.0,149.7142857142857
1983,12292,0.375,0.8503437500000001,0.9739549451873267,1.0,149.7142857142857
1984,12398,0.6125,0.92609375,0.8357908685700518,1.0,149.7142857142857
1985,12224,0.375,0.79984375,0.9989157932779182,0.9655172413793103,149.69999999999996
1986,11820,0.3625,0.79634375,0.9860498735092157,0.0,149.66666666666663
1987,13506,0.8625,0.71875,0.655524635586074,1.0,149.6
1988,12445,0.6125,0.7631875,0.9796651005902903,0.13793103448275862,149.59999999999997
1989,24263,0.6125,0.8275,0.9975906517287073,0.0,149.55555555555551
1990,11565,0.3625,0.82659375,0.8773762197325623,0.6206896551724137,149.53999999999996
1991,10556,0.1125,0.8195625,0.8788820624021202,0.0,149.4444444444444
1992,12548,0.6125,0.79528125,0.8773762197325623,0.27586206896551724,149.4444444444444
1993,12645,0.6125,0.9375,0.6996542585230695,0.3448275862068966,149.29999999999998
1994,12829,0.6125,0.8028437499999999,0.9873750150584266,0.27586206896551724,149.2222222222222
1995,13097,0.625,0.82659375,0.8773762197325623,0.48275862068965514,149.19999999999996
1996,13653,0.8625,0.9375,0.6996542585230695,0.8275862068965517,149.16666666666666
1997,10612,0.1125,0.90625,0.7671364895795687,0.8275862068965517,149.16666666666666
1998,14130,0.875,0.79528125,0.8773762197325623,0.27586206896551724,149.1111111111111
1999,11786,0.3625,0.75,0.9248042404529574,0.9655172413793103,149.09999999999997
2000,13448,0.8625,0.79984375,0.9989157932779182,0.13793103448275862,148.99999999999997
2001,13439,0.8625,0.865875,0.9729671123960967,0.13793103448275862,148.99999999999997
2002,13302,0.625,0.8634375000000001,0.9629442235875195,0.9655172413793103,148.99999999999997
2003,13227,0.625,0.8368125,0.9940850499939766,0.13793103448275862,148.99999999999997
2004,13186,0.625,0.70125,0.7658836284784966,0.6896551724137931,148.99999999999997
2005,13186,0.625,0.70125,0.7658836284784966,0.13793103448275862,148.99999999999997
2006,12014,0.375,0.9375,0.6752463558607397,0.13793103448275862,148.99999999999997
2007,12033,0.375,0.90625,0.62643055053608,0.48275862068965514,148.99999999999997
2008,12173,0.375,0.715625,0.6545717383447777,0.48275862068965514,148.99999999999997
2009,12178,0.375,0.70125,0.7658836284784966,0.6896551724137931,148.99999999999997
2010,10471,0.1125,0.715625,0.6545717383447777,0.6896551724137931,148.99999999999997
2011,12221,0.375,0.82203125,0.9989157932779182,0.9655172413793103,148.99999999999997
2012,12436,0.6125,0.8294374999999998,0.9969883146608842,0.13793103448275862,148.99999999999997
2013,10351,0.1125,0.8503437500000001,0.9739549451873267,0.13793103448275862,148.99999999999997
2014,14235,0.875,0.8368125,0.9940850499939766,0.13793103448275862,148.99999999999997
2015,12633,0.6125,0.90625,0.62643055053608,0.48275862068965514,148.99999999999997
2016,12230,0.375,0.756,0.9729671123960967,1.0,148.95714285714283
2017,13581,0.8625,0.82659375,0.8773762197325623,0.6206896551724137,148.90999999999997
2018,10617,0.1125,0.90625,0.62643055053608,0.9655172413793103,148.89999999999998
2019,11821,0.3625,0.8028437499999999,0.9873750150584266,0.0,148.88888888888886
2020,23021,0.8625,0.849375,0.9746536561860017,0.27586206896551724,148.88888888888886
2021,13187,0.625,0.706,0.7761354053728465,0.27586206896551724,148.88888888888886
2022,14195,0.875,0.706,0.7761354053728465,0.27586206896551724,148.88888888888886
2023,12218,0.375,0.844125,0.9902300927599084,0.27586206896551724,148.88888888888886
2024,12434,0.6125,0.844125,0.9902300927599084,0.27586206896551724,148.88888888888886
2025,12842,0.625,0.79634375,0.9860498735092157,0.27586206896551724,148.88888888888886
2026,10352,0.1125,0.85690625,0.96883508011083,0.0,148.88888888888886
2027,12485,0.6125,0.706,0.7761354053728465,0.27586206896551724,148.88888888888886
2028,12499,0.6125,0.71875,0.62643055053608,0.27586206896551724,148.88888888888886
2029,12158,0.375,0.725625,0.8127815925792072,1.0,148.8142857142857
2030,12368,0.6125,0.85690625,0.96883508011083,0.9655172413793103,148.79999999999998
2031,11875,0.375,0.7693749999999999,0.8973135766775088,1.0,148.77142857142854
2032,11637,0.3625,0.9375,0.6996542585230695,0.3448275862068966,148.69999999999996
2033,11006,0.125,0.9375,0.6752463558607397,0.48275862068965514,148.59999999999997
2034,12173,0.375,0.715625,0.6545717383447777,0.6206896551724137,148.59999999999997
2035,14069,0.875,0.871875,0.62643055053608,1.0,148.57142857142856
2036,12629,0.6125,0.90625,0.7389965064450066,1.0,148.55714285714285
2037,13581,0.8625,0.82659375,0.8773762197325623,0.48275862068965514,148.49999999999997
2038,13690,0.8625,0.914875,0.8115046379954222,1.0,148.44285714285712
2039,14261,0.875,0.65996875,0.7669437417178653,1.0,148.42857142857142
2040,11565,0.3625,0.82659375,0.8773762197325623,0.48275862068965514,148.39999999999998
2041,10582,0.1125,0.8579062499999999,0.8598602578002649,1.0,148.38571428571427
2042,11024,0.125,0.90625,0.7671364895795687,0.8275862068965517,148.33333333333331
2043,12015,0.375,0.9375,0.6996542585230695,0.8275862068965517,148.33333333333331
2044,13023,0.625,0.9375,0.6996542585230695,0.8275862068965517,148.33333333333331
2045,10352,0.1125,0.85690625,0.96883508011083,1.0,148.29999999999998
2046,11170,0.125,0.70125,0.7658836284784966,0.3448275862068966,148.19999999999996
2047,12930,0.625,0.6673125,0.7767256956993133,1.0,148.1428571428571
2048,13492,0.8625,0.70125,0.7658836284784966,0.48275862068965514,148.09999999999997
2049,11779,0.3625,0.76290625,0.9138296590772196,1.0,148.0285714285714
2050,13646,0.8625,0.9252812499999999,0.7551740754126008,0.9655172413793103,147.99999999999997
2051,13641,0.8625,0.90625,0.62643055053608,0.13793103448275862,147.99999999999997
2052,11298,0.125,0.82128125,0.9870015660763762,0.6896551724137931,147.99999999999997
2053,11428,0.3625,0.8294374999999998,0.9969883146608842,0.13793103448275862,147.99999999999997
2054,11433,0.3625,0.7924375,0.9969883146608842,0.13793103448275862,147.99999999999997
2055,10897,0.125,0.7068125000000001,0.7915190940850501,0.9655172413793103,147.99999999999997
2056,11479,0.3625,0.715625,0.6545717383447777,0.48275862068965514,147.99999999999997
2057,13449,0.8625,0.7924375,0.9969883146608842,0.13793103448275862,147.99999999999997
2058,11625,0.3625,0.90625,0.62643055053608,0.48275862068965514,147.99999999999997
2059,24190,0.3625,0.8275,0.9975906517287073,0.13793103448275862,147.99999999999997
2060,21740,0.625,0.8712500000000001,0.9673292374412721,0.9655172413793103,147.99999999999997
2061,14105,0.875,0.82659375,0.8773762197325623,0.13793103448275862,147.99999999999997
2062,10557,0.1125,0.82659375,0.8773762197325623,0.6896551724137931,147.99999999999997
2063,12089,0.375,0.82659375,0.8773762197325623,0.6896551724137931,147.99999999999997
2064,13041,0.625,0.90625,0.62643055053608,0.48275862068965514,147.99999999999997
2065,14194,0.875,0.70125,0.7658836284784966,0.6896551724137931,147.99999999999997
2066,10419,0.1125,0.8368125,0.9940850499939766,0.6896551724137931,147.99999999999997
2067,11212,0.125,0.8294374999999998,0.9969883146608842,0.0,147.99999999999997
2068,10428,0.1125,0.7704375,0.9854234429586796,0.27586206896551724,147.99999999999997
2069,10771,0.1125,0.76290625,0.9138296590772196,1.0,147.89999999999998
2070,12229,0.375,0.7631875,0.9796651005902903,0.0,147.88888888888886
2071,12162,0.375,0.71875,0.655524635586074,1.0,147.88571428571427
2072,23616,0.6125,0.805625,0.9997470184315143,0.27586206896551724,147.77777777777774
2073,10897,0.125,0.7068125000000001,0.7915190940850501,0.0,147.77777777777774
2074,11477,0.3625,0.706,0.7761354053728465,0.27586206896551724,147.77777777777774
2075,11486,0.3625,0.71875,0.7718949524153716,0.0,147.77777777777774
2076,11638,0.3625,0.9375,0.6752463558607397,0.0,147.77777777777774
2077,13301,0.625,0.85690625,0.96883508011083,0.27586206896551724,147.77777777777774
2078,13580,0.8625,0.8195625,0.8788820624021202,0.9655172413793103,147.69999999999996
2079,10471,0.1125,0.715625,0.6545717383447777,0.3448275862068966,147.69999999999996
2080,13492,0.8625,0.70125,0.7658836284784966,0.6206896551724137,147.59999999999997
2081,12573,0.6125,0.82659375,0.8773762197325623,0.3448275862068966,147.59999999999997
2082,13170,0.625,0.71875,0.655524635586074,1.0,147.58571428571426
2083,14105,0.875,0.82659375,0.8773762197325623,0.3448275862068966,147.55999999999997
2084,21022,0.6125,0.7618750000000001,0.9785086134200698,0.27586206896551724,147.55555555555551
2085,21726,0.8625,0.8588125,0.9671967232863511,0.8275862068965517,147.49999999999997
2086,11541,0.3625,0.8023125,0.8788820624021202,0.27586206896551724,147.44444444444443
2087,13361,0.8625,0.82128125,0.9870015660763762,1.0,147.42857142857142
2088,12436,0.6125,0.8294374999999998,0.9969883146608842,0.0,147.33333333333331
2089,13684,0.8625,0.934375,0.7682568365257197,1.0,147.28571428571428
2090,11438,0.3625,0.756,0.9729671123960967,0.27586206896551724,147.2222222222222
2091,11479,0.3625,0.715625,0.6545717383447777,0.6206896551724137,147.19999999999996
2092,12178,0.375,0.70125,0.7658836284784966,0.3448275862068966,147.19999999999996
2093,12786,0.6125,0.7693749999999999,0.8973135766775088,1.0,147.18571428571425
2094,12948,0.625,0.7382187499999999,0.8647873750150584,1.0,147.1142857142857
2095,13123,0.625,0.8023125,0.8788820624021202,0.27586206896551724,147.1111111111111
2096,11490,0.3625,0.71875,0.655524635586074,1.0,147.0642857142857
2097,13654,0.8625,0.9375,0.6752463558607397,0.6896551724137931,146.99999999999997
2098,11165,0.125,0.715625,0.6545717383447777,0.48275862068965514,146.99999999999997
2099,11429,0.3625,0.82203125,0.9989157932779182,0.13793103448275862,146.99999999999997
2100,11476,0.3625,0.70125,0.7658836284784966,0.13793103448275862,146.99999999999997
2101,11476,0.3625,0.70125,0.7658836284784966,0.6896551724137931,146.99999999999997
2102,11479,0.3625,0.715625,0.6545717383447777,0.13793103448275862,146.99999999999997
2103,11486,0.3625,0.71875,0.7718949524153716,0.9655172413793103,146.99999999999997
2104,11565,0.3625,0.82659375,0.8773762197325623,0.13793103448275862,146.99999999999997
2105,14042,0.875,0.9252812499999999,0.7551740754126008,0.9655172413793103,146.99999999999997
2106,13361,0.8625,0.82128125,0.9870015660763762,0.6896551724137931,146.99999999999997
2107,10738,0.1125,0.7068125000000001,0.7915190940850501,0.9655172413793103,146.99999999999997
2108,21726,0.8625,0.8588125,0.9671967232863511,0.13793103448275862,146.99999999999997
2109,13181,0.625,0.715625,0.6545717383447777,0.48275862068965514,146.99999999999997
2110,13174,0.625,0.71875,0.7718949524153716,0.9655172413793103,146.99999999999997
2111,12014,0.375,0.9375,0.6752463558607397,0.6896551724137931,146.99999999999997
2112,12089,0.375,0.82659375,0.8773762197325623,0.3448275862068966,146.99999999999997
2113,12173,0.375,0.715625,0.6545717383447777,0.13793103448275862,146.99999999999997
2114,13022,0.625,0.9375,0.6752463558607397,0.6896551724137931,146.99999999999997
2115,22878,0.125,0.849375,0.9746536561860017,0.13793103448275862,146.99999999999997
2116,12487,0.6125,0.715625,0.6545717383447777,0.6896551724137931,146.99999999999997
2117,12754,0.6125,0.7068125000000001,0.7915190940850501,0.9655172413793103,146.99999999999997
2118,12572,0.6125,0.8195625,0.8788820624021202,0.13793103448275862,146.99999999999997
2119,12646,0.6125,0.9375,0.6752463558607397,0.3448275862068966,146.99999999999997
2120,22970,0.6125,0.83378125,0.9953860980604745,0.27586206896551724,146.99999999999997
2121,12994,0.625,0.934375,0.789519335019877,1.0,146.99999999999997
2122,12501,0.6125,0.725625,0.8127815925792072,1.0,146.98571428571427
2123,11056,0.125,0.8579062499999999,0.8598602578002649,1.0,146.92857142857142
2124,12598,0.6125,0.8579062499999999,0.8598602578002649,1.0,146.91428571428568
2125,14194,0.875,0.70125,0.7658836284784966,0.6206896551724137,146.89999999999998
2126,11220,0.125,0.7704375,0.9854234429586796,0.27586206896551724,146.88888888888886
2127,14194,0.875,0.70125,0.7658836284784966,0.48275862068965514,146.79999999999998
2128,11428,0.3625,0.8294374999999998,0.9969883146608842,0.0,146.77777777777774
2129,14241,0.875,0.7924375,0.9969883146608842,0.0,146.77777777777774
2130,12886,0.625,0.72715625,0.8990362606914829,1.0,146.75714285714284
2131,12473,0.6125,0.684375,0.6752463558607397,1.0,146.7142857142857
2132,10557,0.1125,0.82659375,0.8773762197325623,0.3448275862068966,146.69999999999996
2133,12628,0.6125,0.90625,0.7671364895795687,0.8275862068965517,146.66666666666666
2134,11082,0.125,0.833625,0.8749909649439825,0.27586206896551724,146.66666666666663
2135,13493,0.8625,0.706,0.7761354053728465,0.27586206896551724,146.66666666666663
2136,11565,0.3625,0.82659375,0.8773762197325623,0.0,146.66666666666663
2137,11566,0.3625,0.833625,0.8749909649439825,0.27586206896551724,146.66666666666663
2138,13314,0.625,0.82128125,0.9870015660763762,0.27586206896551724,146.66666666666663
2139,10738,0.1125,0.7068125000000001,0.7915190940850501,0.0,146.66666666666663
2140,13227,0.625,0.8368125,0.9940850499939766,0.0,146.66666666666663
2141,12166,0.375,0.71875,0.7718949524153716,0.0,146.66666666666663
2142,14200,0.875,0.6875,0.62643055053608,0.0,146.66666666666663
2143,13022,0.625,0.9375,0.6752463558607397,0.0,146.66666666666663
2144,14230,0.875,0.87303125,0.9653294783760993,0.27586206896551724,146.66666666666663
2145,12494,0.6125,0.71875,0.7718949524153716,0.0,146.66666666666663
2146,11621,0.3625,0.90625,0.7389965064450066,1.0,146.6285714285714
2147,12874,0.625,0.75,0.9248042404529574,0.9655172413793103,146.59999999999997
2148,12484,0.6125,0.70125,0.7658836284784966,0.3448275862068966,146.59999999999997
2149,13445,0.8625,0.82203125,0.9989157932779182,0.48275862068965514,146.52999999999997
2150,11306,0.125,0.83165625,0.8878448379713287,1.0,146.5142857142857
2151,11081,0.125,0.82659375,0.8773762197325623,0.6206896551724137,146.49999999999997
2152,10593,0.1125,0.875,0.8155402963498374,1.0,146.49999999999997
2153,11433,0.3625,0.7924375,0.9969883146608842,0.0,146.44444444444443
2154,11465,0.3625,0.684375,0.6752463558607397,1.0,146.42857142857142
2155,11165,0.125,0.715625,0.6545717383447777,0.6206896551724137,146.39999999999998
2156,12843,0.625,0.8028437499999999,0.9873750150584266,0.6896551724137931,146.19999999999996
2157,13181,0.625,0.715625,0.6545717383447777,0.6206896551724137,146.09999999999997
2158,13654,0.8625,0.9375,0.6752463558607397,0.13793103448275862,145.99999999999997
2159,11158,0.125,0.71875,0.7718949524153716,0.13793103448275862,145.99999999999997
2160,11165,0.125,0.715625,0.6545717383447777,0.13793103448275862,145.99999999999997
2161,21654,0.6125,0.8588125,0.9671967232863511,0.6896551724137931,145.99999999999997
2162,13448,0.8625,0.79984375,0.9989157932779182,0.9655172413793103,145.99999999999997
2163,21672,0.6125,0.8712500000000001,0.9673292374412721,0.9655172413793103,145.99999999999997
2164,14049,0.875,0.90625,0.62643055053608,0.13793103448275862,145.99999999999997
2165,11905,0.375,0.7068125000000001,0.7915190940850501,0.9655172413793103,145.99999999999997
2166,13181,0.625,0.715625,0.6545717383447777,0.13793103448275862,145.99999999999997
2167,13097,0.625,0.82659375,0.8773762197325623,0.13793103448275862,145.99999999999997
2168,24263,0.6125,0.8275,0.9975906517287073,0.13793103448275862,145.99999999999997
2169,14241,0.875,0.7924375,0.9969883146608842,0.13793103448275862,145.99999999999997
2170,12484,0.6125,0.70125,0.7658836284784966,0.13793103448275862,145.99999999999997
2171,12494,0.6125,0.71875,0.7718949524153716,0.9655172413793103,145.99999999999997
2172,12573,0.6125,0.82659375,0.8773762197325623,0.6896551724137931,145.99999999999997
2173,11638,0.3625,0.9375,0.6752463558607397,0.3448275862068966,145.89999999999998
2174,13186,0.625,0.70125,0.7658836284784966,0.3448275862068966,145.89999999999998
2175,10468,0.1125,0.70125,0.7658836284784966,0.3448275862068966,145.89999999999998
2176,11712,0.3625,0.7382187499999999,0.8647873750150584,1.0,145.89999999999998
2177,13228,0.625,0.8294374999999998,0.9969883146608842,0.0,145.88888888888886
2178,10424,0.1125,0.79984375,0.9989157932779182,0.27586206896551724,145.88888888888886
2179,22246,0.12499999999999992,0.77128125,0.9860257800265027,0.27586206896551724,145.88888888888886
2180,13629,0.8625,0.903125,0.655524635586074,0.8275862068965517,145.83333333333331
2181,10477,0.1125,0.715625,0.62643055053608,0.8275862068965517,145.83333333333331
2182,10827,0.125,0.8028437499999999,0.9873750150584266,0.9655172413793103,145.79999999999998
2183,14103,0.875,0.8195625,0.8788820624021202,0.6896551724137931,145.79999999999998
2184,12262,0.375,0.92609375,0.8357908685700518,1.0,145.7142857142857
2185,12487,0.6125,0.715625,0.6545717383447777,0.3448275862068966,145.69999999999996
2186,20957,0.3625,0.765,0.981195036742561,0.0,145.66666666666663
2187,13016,0.625,0.9375,0.7240621611853992,1.0,145.65714285714284
2188,12953,0.625,0.71875,0.8796530538489338,1.0,145.65714285714284
2189,12882,0.625,0.76290625,0.9138296590772196,1.0,145.6428571428571
2190,13039,0.625,0.90625,0.7389965064450066,1.0,145.6
2191,11081,0.125,0.82659375,0.8773762197325623,0.48275862068965514,145.59999999999997
2192,12498,0.6125,0.71875,0.655524635586074,1.0,145.57142857142856
2193,11020,0.125,0.90625,0.6545717383447777,0.27586206896551724,145.55555555555551
2194,13507,0.8625,0.71875,0.62643055053608,0.0,145.55555555555551
2195,11429,0.3625,0.82203125,0.9989157932779182,0.0,145.55555555555551
2196,21654,0.6125,0.8588125,0.9671967232863511,0.0,145.55555555555551
2197,13098,0.625,0.833625,0.8749909649439825,0.27586206896551724,145.55555555555551
2198,13097,0.625,0.82659375,0.8773762197325623,0.0,145.55555555555551
2199,10478,0.1125,0.71875,0.7718949524153716,0.0,145.55555555555551
2200,10351,0.1125,0.8503437500000001,0.9739549451873267,0.0,145.55555555555551
2201,13557,0.8625,0.8023125,0.8788820624021202,0.27586206896551724,145.44444444444443
2202,11674,0.3625,0.914875,0.8115046379954222,1.0,145.42857142857142
2203,12737,0.6125,0.6673125,0.7767256956993133,1.0,145.37142857142857
2204,13449,0.8625,0.7924375,0.9969883146608842,0.0,145.33333333333331
2205,12229,0.375,0.7631875,0.9796651005902903,0.6896551724137931,145.29999999999998
2206,11045,0.125,0.871875,0.62643055053608,1.0,145.28571428571428
2207,13270,0.625,0.92609375,0.8357908685700518,1.0,145.28571428571428
2208,12682,0.6125,0.914875,0.8115046379954222,1.0,145.28571428571428
2209,12512,0.6125,0.746875,0.62643055053608,0.27586206896551724,145.2222222222222
2210,10533,0.1125,0.8023125,0.8788820624021202,0.9655172413793103,145.19999999999996
2211,11213,0.125,0.82203125,0.9989157932779182,0.3448275862068966,145.17
2212,10445,0.1125,0.65996875,0.7669437417178653,1.0,145.1428571428571
2213,12008,0.375,0.9375,0.7240621611853992,1.0,145.1
2214,11158,0.125,0.71875,0.7718949524153716,0.6206896551724137,145.09999999999997
2215,14131,0.875,0.8023125,0.8788820624021202,0.9655172413793103,145.09999999999997
2216,14183,0.875,0.71875,0.62643055053608,1.0,145.07142857142856
2217,11637,0.3625,0.9375,0.6996542585230695,0.8275862068965517,144.99999999999997
2218,12645,0.6125,0.9375,0.6996542585230695,0.8275862068965517,144.99999999999997
2219,11158,0.125,0.71875,0.7718949524153716,0.48275862068965514,144.99999999999997
2220,11212,0.125,0.8294374999999998,0.9969883146608842,0.13793103448275862,144.99999999999997
2221,13581,0.8625,0.82659375,0.8773762197325623,0.6896551724137931,144.99999999999997
2222,21623,0.125,0.8712500000000001,0.9673292374412721,0.6896551724137931,144.99999999999997
2223,11361,0.3625,0.8634375000000001,0.9629442235875195,0.13793103448275862,144.99999999999997
2224,13837,0.8625,0.8028437499999999,0.9873750150584266,0.13793103448275862,144.99999999999997
2225,13495,0.8625,0.715625,0.6545717383447777,0.48275862068965514,144.99999999999997
2226,11437,0.3625,0.7631875,0.9796651005902903,0.13793103448275862,144.99999999999997
2227,11630,0.3625,0.9252812499999999,0.7551740754126008,0.9655172413793103,144.99999999999997
2228,13228,0.625,0.8294374999999998,0.9969883146608842,0.13793103448275862,144.99999999999997
2229,23008,0.625,0.849375,0.9746536561860017,0.9655172413793103,144.99999999999997
2230,12166,0.375,0.71875,0.7718949524153716,0.9655172413793103,144.99999999999997
2231,12173,0.375,0.715625,0.6545717383447777,0.6896551724137931,144.99999999999997
2232,14189,0.875,0.715625,0.6545717383447777,0.6896551724137931,144.99999999999997
2233,14189,0.875,0.715625,0.6545717383447777,0.48275862068965514,144.99999999999997
2234,10421,0.1125,0.82203125,0.9989157932779182,0.9655172413793103,144.99999999999997
2235,12437,0.6125,0.82203125,0.9989157932779182,0.13793103448275862,144.99999999999997
2236,12549,0.6125,0.8023125,0.8788820624021202,0.9655172413793103,144.99999999999997
2237,14189,0.875,0.715625,0.6545717383447777,0.6206896551724137,144.89999999999998
2238,10504,0.1125,0.75,0.62643055053608,1.0,144.88571428571427
2239,21026,0.375,0.7618750000000001,0.9785086134200698,1.0,144.85714285714283
2240,13228,0.625,0.8294374999999998,0.9969883146608842,0.9655172413793103,144.79999999999998
2241,14200,0.875,0.6875,0.62643055053608,0.27586206896551724,144.77777777777774
2242,12986,0.625,0.914875,0.8115046379954222,1.0,144.7142857142857
2243,14049,0.875,0.90625,0.62643055053608,0.6206896551724137,144.69999999999996
2244,12440,0.6125,0.79984375,0.9989157932779182,0.0,144.66666666666663
2245,13616,0.8625,0.871875,0.62643055053608,1.0,144.65714285714284
2246,11641,0.3625,0.9375,0.7240621611853992,1.0,144.6
2247,11940,0.375,0.7382187499999999,0.8647873750150584,1.0,144.57142857142856
2248,13436,0.8625,0.8870625000000001,0.9472834598241175,1.0,144.5285714285714
2249,23617,0.6125,0.7931874999999999,0.9972292494880134,0.27586206896551724,144.44444444444443
2250,13439,0.8625,0.865875,0.9729671123960967,0.0,144.44444444444443
2251,11905,0.375,0.7068125000000001,0.7915190940850501,0.0,144.44444444444443
2252,12014,0.375,0.9375,0.6752463558607397,0.0,144.44444444444443
2253,11276,0.125,0.84375,0.978279725334297,0.27586206896551724,144.33333333333331
2254,12843,0.625,0.8028437499999999,0.9873750150584266,0.27586206896551724,144.33333333333331
2255,13890,0.875,0.76290625,0.9138296590772196,1.0,144.32857142857142
2256,11476,0.3625,0.70125,0.7658836284784966,0.3448275862068966,144.29999999999998
2257,14030,0.875,0.9375,0.6752463558607397,0.6206896551724137,144.29999999999998
2258,11433,0.3625,0.7924375,0.9969883146608842,0.9655172413793103,144.19999999999996
2259,11978,0.375,0.914875,0.8115046379954222,1.0,144.17142857142855
2260,13047,0.625,0.903125,0.655524635586074,0.8275862068965517,144.16666666666666
2261,13040,0.625,0.90625,0.7671364895795687,0.8275862068965517,144.16666666666666
2262,14184,0.875,0.715625,0.62643055053608,0.8275862068965517,144.16666666666666
2263,12493,0.6125,0.715625,0.62643055053608,0.8275862068965517,144.16666666666666
2264,11339,0.3625,0.8189062500000001,0.8910372244307915,1.0,144.1428571428571
2265,11419,0.3625,0.89396875,0.9368871220334899,1.0,144.1
2266,11951,0.375,0.73809375,0.8441633538127936,1.0,144.0285714285714
2267,11159,0.125,0.71875,0.62643055053608,0.9655172413793103,143.99999999999997
2268,11165,0.125,0.715625,0.6545717383447777,0.6896551724137931,143.99999999999997
2269,13762,0.8625,0.7068125000000001,0.7915190940850501,0.9655172413793103,143.99999999999997
2270,11284,0.125,0.8503437500000001,0.9739549451873267,0.13793103448275862,143.99999999999997
2271,13300,0.625,0.8503437500000001,0.9739549451873267,0.9655172413793103,143.99999999999997
2272,21720,0.625,0.85878125,0.9672328635104203,0.13793103448275862,143.99999999999997
2273,13223,0.625,0.865875,0.9729671123960967,0.9655172413793103,143.99999999999997
2274,13181,0.625,0.715625,0.6545717383447777,0.6896551724137931,143.99999999999997
2275,12026,0.375,0.9252812499999999,0.7551740754126008,0.9655172413793103,143.99999999999997
2276,10478,0.1125,0.71875,0.7718949524153716,0.9655172413793103,143.99999999999997
2277,12221,0.375,0.82203125,0.9989157932779182,0.13793103448275862,143.99999999999997
2278,12435,0.6125,0.8368125,0.9940850499939766,0.13793103448275862,143.99999999999997
2279,12440,0.6125,0.79984375,0.9989157932779182,0.13793103448275862,143.99999999999997
2280,24333,0.625,0.8275,0.9975906517287073,0.9655172413793103,143.99999999999997
2281,12638,0.6125,0.9252812499999999,0.7551740754126008,0.9655172413793103,143.99999999999997
2282,12028,0.375,0.90625,0.6545717383447777,0.27586206896551724,143.99999999999997
2283,12649,0.6125,0.9375,0.7240621611853992,1.0,143.99999999999997
2284,11148,0.125,0.746875,0.6534465727020841,1.0,143.94285714285712
2285,11139,0.125,0.75,0.8186844958438743,1.0,143.91428571428568
2286,13646,0.8625,0.9252812499999999,0.7551740754126008,0.6206896551724137,143.89999999999998
2287,14042,0.875,0.9252812499999999,0.7551740754126008,0.6206896551724137,143.79999999999998
2288,23686,0.625,0.79003125,0.9961450427659317,0.27586206896551724,143.77777777777774
2289,12115,0.375,0.8023125,0.8788820624021202,0.9655172413793103,143.69999999999996
2290,13166,0.625,0.725625,0.8127815925792072,1.0,143.67142857142855
2291,13232,0.625,0.79984375,0.9989157932779182,0.0,143.66666666666663
2292,10630,0.1125,0.9375,0.6752463558607397,0.6206896551724137,143.59999999999997
2293,11432,0.3625,0.79984375,0.9989157932779182,0.48275862068965514,143.58999999999997
2294,13495,0.8625,0.715625,0.6545717383447777,0.6206896551724137,143.49999999999997
2295,12712,0.6125,0.73809375,0.8441633538127936,1.0,143.47142857142856
2296,11774,0.3625,0.72715625,0.8990362606914829,1.0,143.35714285714283
2297,11031,0.125,0.903125,0.655524635586074,0.8275862068965517,143.33333333333331
2298,12032,0.375,0.90625,0.7671364895795687,0.8275862068965517,143.33333333333331
2299,12168,0.375,0.715625,0.62643055053608,0.8275862068965517,143.33333333333331
2300,12621,0.6125,0.903125,0.655524635586074,0.8275862068965517,143.33333333333331
2301,11025,0.125,0.90625,0.62643055053608,0.0,143.33333333333331
2302,11006,0.125,0.9375,0.6752463558607397,0.0,143.33333333333331
2303,13502,0.8625,0.71875,0.7718949524153716,0.0,143.33333333333331
2304,13921,0.875,0.7068125000000001,0.7915190940850501,0.0,143.33333333333331
2305,21720,0.625,0.85878125,0.9672328635104203,0.0,143.33333333333331
2306,13175,0.625,0.71875,0.62643055053608,0.0,143.33333333333331
2307,12149,0.375,0.746875,0.62643055053608,0.27586206896551724,143.33333333333331
2308,10483,0.1125,0.71875,0.62643055053608,0.0,143.33333333333331
2309,12221,0.375,0.82203125,0.9989157932779182,0.0,143.33333333333331
2310,12224,0.375,0.79984375,0.9989157932779182,0.0,143.33333333333331
2311,12435,0.6125,0.8368125,0.9940850499939766,0.0,143.33333333333331
2312,12437,0.6125,0.82203125,0.9989157932779182,0.0,143.33333333333331
2313,12572,0.6125,0.8195625,0.8788820624021202,0.0,143.33333333333331
2314,12173,0.375,0.715625,0.6545717383447777,0.3448275862068966,143.19999999999996
2315,13022,0.625,0.9375,0.6752463558607397,0.3448275862068966,143.19999999999996
2316,13355,0.8625,0.8189062500000001,0.8910372244307915,1.0,143.18571428571425
2317,12720,0.6125,0.7382187499999999,0.8647873750150584,1.0,143.15714285714284
2318,12225,0.375,0.7924375,0.9969883146608842,0.0,143.1111111111111
2319,21591,0.3625,0.8588125,0.9671967232863511,0.9655172413793103,142.99999999999997
2320,11018,0.125,0.9252812499999999,0.7551740754126008,0.9655172413793103,142.99999999999997
2321,11427,0.3625,0.8368125,0.9940850499939766,0.13793103448275862,142.99999999999997
2322,13495,0.8625,0.715625,0.6545717383447777,0.6896551724137931,142.99999999999997
2323,11479,0.3625,0.715625,0.6545717383447777,0.6896551724137931,142.99999999999997
2324,13921,0.875,0.7068125000000001,0.7915190940850501,0.9655172413793103,142.99999999999997
2325,13444,0.8625,0.8294374999999998,0.9969883146608842,0.13793103448275862,142.99999999999997
2326,13226,0.625,0.844125,0.9902300927599084,0.9655172413793103,142.99999999999997
2327,21744,0.8625,0.8712500000000001,0.9673292374412721,0.6896551724137931,142.99999999999997
2328,10630,0.1125,0.9375,0.6752463558607397,0.13793103448275862,142.99999999999997
2329,14106,0.875,0.833625,0.8749909649439825,0.9655172413793103,142.99999999999997
2330,10622,0.1125,0.9252812499999999,0.7551740754126008,0.9655172413793103,142.99999999999997
2331,13174,0.625,0.71875,0.7718949524153716,0.13793103448275862,142.99999999999997
2332,13034,0.625,0.9252812499999999,0.7551740754126008,0.9655172413793103,142.99999999999997
2333,12219,0.375,0.8368125,0.9940850499939766,0.13793103448275862,142.99999999999997
2334,12218,0.375,0.844125,0.9902300927599084,0.6896551724137931,142.99999999999997
2335,12229,0.375,0.7631875,0.9796651005902903,0.13793103448275862,142.99999999999997
2336,12913,0.625,0.7068125000000001,0.7915190940850501,0.9655172413793103,142.99999999999997
2337,14296,0.875,0.89484375,0.9224189856643776,1.0,142.99999999999997
2338,13195,0.625,0.684375,0.6752463558607397,1.0,142.91428571428568
2339,13325,0.625,0.8189062500000001,0.8910372244307915,1.0,142.87142857142857
2340,12064,0.375,0.8579062499999999,0.8598602578002649,1.0,142.87142857142857
2341,10485,0.1125,0.725625,0.8127815925792072,1.0,142.67142857142855
2342,13746,0.8625,0.6714375,0.7905914950006022,1.0,142.6142857142857
2343,21095,0.8625,0.765,0.981195036742561,0.6896551724137931,142.59999999999997
2344,12014,0.375,0.9375,0.6752463558607397,0.3448275862068966,142.59999999999997
2345,13095,0.625,0.8195625,0.8788820624021202,0.9655172413793103,142.59999999999997
2346,10584,0.1125,0.871875,0.6538959161546801,1.0,142.57142857142856
2347,13061,0.625,0.871875,0.62643055053608,1.0,142.57142857142856
2348,14185,0.875,0.715625,0.7671364895795687,1.0,142.55714285714285
2349,13220,0.625,0.8870625000000001,0.9472834598241175,1.0,142.49999999999997
2350,22969,0.6125,0.8369375,0.9940127695458378,0.0,142.44444444444443
2351,14240,0.875,0.79984375,0.9989157932779182,0.27586206896551724,142.44444444444443
2352,11730,0.3625,0.6714375,0.7905914950006022,1.0,142.42857142857142
2353,11986,0.375,0.934375,0.789519335019877,1.0,142.42857142857142
2354,14024,0.875,0.9375,0.7240621611853992,1.0,142.37142857142857
2355,12219,0.375,0.8368125,0.9940850499939766,0.48275862068965514,142.34999999999997
2356,12632,0.6125,0.90625,0.6545717383447777,0.27586206896551724,142.33333333333331
2357,12842,0.625,0.79634375,0.9860498735092157,0.6896551724137931,142.29999999999998
2358,11485,0.3625,0.715625,0.62643055053608,1.0,142.28571428571428
2359,13654,0.8625,0.9375,0.6752463558607397,0.0,142.2222222222222
2360,13582,0.8625,0.833625,0.8749909649439825,0.27586206896551724,142.2222222222222
2361,13581,0.8625,0.82659375,0.8773762197325623,0.0,142.2222222222222
2362,11491,0.3625,0.71875,0.62643055053608,0.0,142.2222222222222
2363,11624,0.3625,0.90625,0.6545717383447777,0.27586206896551724,142.2222222222222
2364,14183,0.875,0.71875,0.62643055053608,0.0,142.2222222222222
2365,10496,0.1125,0.746875,0.62643055053608,0.27586206896551724,142.2222222222222
2366,13035,0.625,0.929875,0.7440320443320082,0.27586206896551724,142.2222222222222
2367,12913,0.625,0.7068125000000001,0.7915190940850501,0.0,142.2222222222222
2368,12754,0.6125,0.7068125000000001,0.7915190940850501,0.0,142.2222222222222
2369,17061,0.3625,0.6838124999999999,0.8430309601252861,0.27586206896551724,142.2222222222222
2370,12639,0.6125,0.929875,0.7440320443320082,0.27586206896551724,142.2222222222222
2371,10875,0.125,0.746875,0.884001927478617,1.0,142.08571428571426
2372,11079,0.125,0.8195625,0.8788820624021202,0.9655172413793103,141.99999999999997
2373,11158,0.125,0.71875,0.7718949524153716,0.6896551724137931,141.99999999999997
2374,11006,0.125,0.9375,0.6752463558607397,0.6896551724137931,141.99999999999997
2375,13581,0.8625,0.82659375,0.8773762197325623,0.13793103448275862,141.99999999999997
2376,10897,0.125,0.7068125000000001,0.7915190940850501,0.13793103448275862,141.99999999999997
2377,14030,0.875,0.9375,0.6752463558607397,0.13793103448275862,141.99999999999997
2378,11746,0.3625,0.7068125000000001,0.7915190940850501,0.9655172413793103,141.99999999999997
2379,14049,0.875,0.90625,0.62643055053608,0.48275862068965514,141.99999999999997
2380,12087,0.375,0.8195625,0.8788820624021202,0.13793103448275862,141.99999999999997
2381,14182,0.875,0.71875,0.7718949524153716,0.9655172413793103,141.99999999999997
2382,12225,0.375,0.7924375,0.9969883146608842,0.13793103448275862,141.99999999999997
2383,12224,0.375,0.79984375,0.9989157932779182,0.13793103448275862,141.99999999999997
2384,14309,0.875,0.85690625,0.96883508011083,0.6896551724137931,141.99999999999997
2385,23543,0.3625,0.79003125,0.9961450427659317,0.27586206896551724,141.99999999999997
2386,22318,0.6125,0.7837500000000001,0.9934586194434405,0.27586206896551724,141.99999999999997
2387,10633,0.1125,0.9375,0.7240621611853992,1.0,141.92857142857142
2388,10429,0.1125,0.7631875,0.9796651005902903,0.8275862068965517,141.91666666666666
2389,11216,0.125,0.79984375,0.9989157932779182,0.6896551724137931,141.89999999999998
2390,11479,0.3625,0.715625,0.6545717383447777,0.3448275862068966,141.89999999999998
2391,12874,0.625,0.75,0.9248042404529574,0.0,141.88888888888886
2392,13837,0.8625,0.8028437499999999,0.9873750150584266,0.0,141.88888888888886
2393,13956,0.875,0.7382187499999999,0.8647873750150584,1.0,141.87142857142857
2394,12433,0.6125,0.8514375,0.9854234429586796,1.0,141.85714285714283
2395,12445,0.6125,0.7631875,0.9796651005902903,0.6896551724137931,141.79999999999998
2396,13802,0.8625,0.75,0.9248042404529574,0.9655172413793103,141.69999999999996
2397,12039,0.375,0.903125,0.655524635586074,0.8275862068965517,141.66666666666666
2398,11485,0.3625,0.715625,0.62643055053608,0.8275862068965517,141.66666666666666
2399,11207,0.125,0.865875,0.9729671123960967,0.8275862068965517,141.66666666666666
2400,13501,0.8625,0.715625,0.62643055053608,0.8275862068965517,141.66666666666666
2401,10329,0.1125,0.83165625,0.8878448379713287,0.27586206896551724,141.66666666666663
2402,11493,0.3625,0.725625,0.8127815925792072,1.0,141.65714285714284
2403,14164,0.875,0.75,0.62643055053608,1.0,141.6428571428571
2404,13492,0.8625,0.70125,0.7658836284784966,0.3448275862068966,141.59999999999997
2405,13229,0.625,0.82203125,0.9989157932779182,0.48275862068965514,141.59999999999997
2406,11165,0.125,0.715625,0.6545717383447777,0.3448275862068966,141.59999999999997
2407,23040,0.625,0.83378125,0.9953860980604745,0.9655172413793103,141.59999999999997
2408,12738,0.6125,0.6714375,0.7905914950006022,1.0,141.57142857142856
2409,13512,0.8625,0.746875,0.6534465727020841,1.0,141.55714285714285
2410,10932,0.125,0.7382187499999999,0.8647873750150584,1.0,141.55714285714285
2411,13036,0.625,0.90625,0.6545717383447777,0.27586206896551724,141.55555555555551
2412,10475,0.1125,0.715625,0.7671364895795687,1.0,141.5285714285714
2413,13521,0.8625,0.75,0.8186844958438743,1.0,141.52142857142854
2414,13646,0.8625,0.9252812499999999,0.7551740754126008,0.48275862068965514,141.49999999999997
2415,23544,0.3625,0.7931874999999999,0.9972292494880134,0.27586206896551724,141.44444444444443
2416,14030,0.875,0.9375,0.6752463558607397,0.48275862068965514,141.39999999999998
2417,10866,0.125,0.76290625,0.9138296590772196,1.0,141.38571428571427
2418,14042,0.875,0.9252812499999999,0.7551740754126008,0.48275862068965514,141.29999999999998
2419,22878,0.125,0.849375,0.9746536561860017,0.0,141.2222222222222
2420,13174,0.625,0.71875,0.7718949524153716,0.6206896551724137,141.19999999999996
2421,24259,0.375,0.8275,0.9975906517287073,0.6896551724137931,141.19999999999996
2422,11309,0.125,0.8189062500000001,0.8910372244307915,1.0,141.1285714285714
2423,13175,0.625,0.71875,0.62643055053608,1.0,141.1285714285714
2424,12219,0.375,0.8368125,0.9940850499939766,0.0,141.1111111111111
2425,12167,0.375,0.71875,0.62643055053608,0.0,141.1111111111111
2426,13762,0.8625,0.7068125000000001,0.7915190940850501,0.0,141.1111111111111
2427,11361,0.3625,0.8634375000000001,0.9629442235875195,0.0,141.1111111111111
2428,12027,0.375,0.929875,0.7440320443320082,0.27586206896551724,141.1111111111111
2429,11427,0.3625,0.8368125,0.9940850499939766,0.0,141.1111111111111
2430,11786,0.3625,0.75,0.9248042404529574,0.0,141.1111111111111
2431,11631,0.3625,0.929875,0.7440320443320082,0.27586206896551724,141.1111111111111
2432,11106,0.125,0.79528125,0.8773762197325623,0.27586206896551724,141.1111111111111
2433,11905,0.375,0.7068125000000001,0.7915190940850501,0.48275862068965514,141.09999999999997
2434,23040,0.625,0.83378125,0.9953860980604745,0.13793103448275862,140.99999999999997
2435,13174,0.625,0.71875,0.7718949524153716,0.48275862068965514,140.99999999999997
2436,12828,0.6125,0.79634375,0.9860498735092157,0.9655172413793103,140.99999999999997
2437,11217,0.125,0.7924375,0.9969883146608842,0.6896551724137931,140.99999999999997
2438,13232,0.625,0.79984375,0.9989157932779182,0.13793103448275862,140.99999999999997
2439,11564,0.3625,0.8195625,0.8788820624021202,0.9655172413793103,140.99999999999997
2440,11211,0.125,0.8368125,0.9940850499939766,0.9655172413793103,140.99999999999997
2441,13641,0.8625,0.90625,0.62643055053608,0.6896551724137931,140.99999999999997
2442,13507,0.8625,0.71875,0.62643055053608,0.9655172413793103,140.99999999999997
2443,13502,0.8625,0.71875,0.7718949524153716,0.6896551724137931,140.99999999999997
2444,10558,0.1125,0.833625,0.8749909649439825,0.9655172413793103,140.99999999999997
2445,22969,0.6125,0.8369375,0.9940127695458378,0.13793103448275862,140.99999999999997
2446,11423,0.3625,0.865875,0.9729671123960967,0.13793103448275862,140.99999999999997
2447,11079,0.125,0.8195625,0.8788820624021202,0.13793103448275862,140.99999999999997
2448,12435,0.6125,0.8368125,0.9940850499939766,0.9655172413793103,140.99999999999997
2449,12846,0.625,0.78125,0.9501746777496686,0.27586206896551724,140.99999999999997
2450,23021,0.8625,0.849375,0.9746536561860017,0.9655172413793103,140.89999999999998
2451,14194,0.875,0.70125,0.7658836284784966,0.3448275862068966,140.89999999999998
2452,11905,0.375,0.7068125000000001,0.7915190940850501,0.6206896551724137,140.89999999999998
2453,11812,0.3625,0.7876562500000001,0.8868570051800987,1.0,140.89999999999998
2454,10429,0.1125,0.7631875,0.9796651005902903,0.6206896551724137,140.84999999999997
2455,11613,0.3625,0.903125,0.655524635586074,0.8275862068965517,140.83333333333331
2456,11620,0.3625,0.90625,0.7671364895795687,0.8275862068965517,140.83333333333331
2457,13176,0.625,0.715625,0.62643055053608,0.8275862068965517,140.83333333333331
2458,14192,0.875,0.6875,0.7324515118660402,1.0,140.8142857142857
2459,13181,0.625,0.715625,0.6545717383447777,0.3448275862068966,140.79999999999998
2460,10630,0.1125,0.9375,0.6752463558607397,0.48275862068965514,140.79999999999998
2461,12441,0.6125,0.7924375,0.9969883146608842,0.6896551724137931,140.79999999999998
2462,13654,0.8625,0.9375,0.6752463558607397,0.3448275862068966,140.79999999999998
2463,12087,0.375,0.8195625,0.8788820624021202,0.0,140.77777777777774
2464,14067,0.875,0.875,0.8155402963498374,1.0,140.7
2465,13785,0.8625,0.746875,0.884001927478617,1.0,140.67142857142855
2466,13828,0.8625,0.7876562500000001,0.8868570051800987,1.0,140.65714285714284
2467,12852,0.625,0.7876562500000001,0.8868570051800987,1.0,140.6
2468,11667,0.3625,0.934375,0.789519335019877,1.0,140.57142857142856
2469,12441,0.6125,0.7924375,0.9969883146608842,0.0,140.44444444444443
2470,14165,0.875,0.746875,0.62643055053608,0.27586206896551724,140.44444444444443
2471,11437,0.3625,0.7631875,0.9796651005902903,0.9655172413793103,140.39999999999998
2472,23534,0.3625,0.805625,0.9877002770750511,0.27586206896551724,140.2222222222222
2473,13232,0.625,0.79984375,0.9989157932779182,0.48275862068965514,140.18999999999997
2474,13728,0.8625,0.7382187499999999,0.8647873750150584,1.0,140.05714285714285
2475,11600,0.3625,0.871875,0.62643055053608,1.0,140.0285714285714
2476,11160,0.125,0.715625,0.62643055053608,0.8275862068965517,139.99999999999997
2477,14237,0.875,0.82203125,0.9989157932779182,0.9655172413793103,139.99999999999997
2478,13377,0.8625,0.8634375000000001,0.9629442235875195,0.13793103448275862,139.99999999999997
2479,22936,0.375,0.849375,0.9746536561860017,0.6896551724137931,139.99999999999997
2480,13175,0.625,0.71875,0.62643055053608,0.9655172413793103,139.99999999999997
2481,13097,0.625,0.82659375,0.8773762197325623,0.6896551724137931,139.99999999999997
2482,10617,0.1125,0.90625,0.62643055053608,0.13793103448275862,139.99999999999997
2483,10738,0.1125,0.7068125000000001,0.7915190940850501,0.13793103448275862,139.99999999999997
2484,11158,0.125,0.71875,0.7718949524153716,0.3448275862068966,139.99999999999997
2485,11081,0.125,0.82659375,0.8773762197325623,0.6896551724137931,139.99999999999997
2486,10826,0.125,0.79634375,0.9860498735092157,0.9655172413793103,139.99999999999997
2487,14043,0.875,0.929875,0.7440320443320082,0.27586206896551724,139.99999999999997
2488,11746,0.3625,0.7068125000000001,0.7915190940850501,0.0,139.99999999999997
2489,11168,0.125,0.6875,0.7324515118660402,0.27586206896551724,139.99999999999997
2490,13233,0.625,0.7924375,0.9969883146608842,0.6896551724137931,139.89999999999998
2491,10858,0.125,0.75,0.9248042404529574,0.0,139.77777777777774
2492,11793,0.3625,0.778125,0.9116251054089869,1.0,139.77142857142854
2493,10704,0.1125,0.7382187499999999,0.8647873750150584,1.0,139.7285714285714
2494,21022,0.6125,0.7618750000000001,0.9785086134200698,1.0,139.7142857142857
2495,10897,0.125,0.7068125000000001,0.7915190940850501,0.48275862068965514,139.7
2496,14189,0.875,0.715625,0.6545717383447777,0.3448275862068966,139.7
2497,11617,0.3625,0.903125,0.7718949524153716,0.27586206896551724,139.66666666666663
2498,10770,0.1125,0.7693749999999999,0.8973135766775088,1.0,139.57142857142856
2499,13444,0.8625,0.8294374999999998,0.9969883146608842,0.0,139.55555555555551
2500,12754,0.6125,0.7068125000000001,0.7915190940850501,0.48275862068965514,139.49999999999997
2501,10470,0.1125,0.7107812499999999,0.7859414528370076,1.0,139.49999999999997
2502,12440,0.6125,0.79984375,0.9989157932779182,0.48275862068965514,139.37999999999997
2503,12754,0.6125,0.7068125000000001,0.7915190940850501,0.6206896551724137,139.29999999999998
2504,12187,0.375,0.684375,0.6752463558607397,1.0,139.28571428571428
2505,12220,0.375,0.8294374999999998,0.9969883146608842,0.6896551724137931,139.2
2506,10897,0.125,0.7068125000000001,0.7915190940850501,0.6206896551724137,139.2
2507,12214,0.375,0.87303125,0.9653294783760993,1.0,139.1
2508,11006,0.125,0.9375,0.6752463558607397,0.3448275862068966,139.09999999999997
2509,12026,0.375,0.9252812499999999,0.7551740754126008,0.6206896551724137,139.09999999999997
2510,21720,0.625,0.85878125,0.9672328635104203,0.6896551724137931,139.09999999999997
2511,13225,0.625,0.8514375,0.9854234429586796,1.0,139.0285714285714
2512,10483,0.1125,0.71875,0.62643055053608,1.0,139.0142857142857
2513,12166,0.375,0.71875,0.7718949524153716,0.48275862068965514,138.99999999999997
2514,12166,0.375,0.71875,0.7718949524153716,0.13793103448275862,138.99999999999997
2515,14308,0.875,0.8503437500000001,0.9739549451873267,0.6896551724137931,138.99999999999997
2516,22949,0.6125,0.849375,0.9746536561860017,0.13793103448275862,138.99999999999997
2517,10533,0.1125,0.8023125,0.8788820624021202,0.13793103448275862,138.99999999999997
2518,11565,0.3625,0.82659375,0.8773762197325623,0.6896551724137931,138.99999999999997
2519,12874,0.625,0.75,0.9248042404529574,0.13793103448275862,138.99999999999997
2520,11491,0.3625,0.71875,0.62643055053608,0.9655172413793103,138.99999999999997
2521,11486,0.3625,0.71875,0.7718949524153716,0.48275862068965514,138.99999999999997
2522,14189,0.875,0.715625,0.6545717383447777,0.13793103448275862,138.99999999999997
2523,11486,0.3625,0.71875,0.7718949524153716,0.13793103448275862,138.99999999999997
2524,22216,0.12499999999999996,0.7837500000000001,0.9813155041561258,0.13793103448275862,138.99999999999997
2525,13921,0.875,0.7068125000000001,0.7915190940850501,0.13793103448275862,138.99999999999997
2526,13229,0.625,0.82203125,0.9989157932779182,0.9655172413793103,138.99999999999997
2527,12633,0.6125,0.90625,0.62643055053608,0.6896551724137931,138.99999999999997
2528,14030,0.875,0.9375,0.6752463558607397,0.6896551724137931,138.99999999999997
2529,13502,0.8625,0.71875,0.7718949524153716,0.48275862068965514,138.99999999999997
2530,11159,0.125,0.71875,0.62643055053608,0.13793103448275862,138.99999999999997
2531,12033,0.375,0.90625,0.62643055053608,0.6896551724137931,138.99999999999997
2532,11159,0.125,0.71875,0.62643055053608,0.48275862068965514,138.99999999999997
2533,11432,0.3625,0.79984375,0.9989157932779182,0.6896551724137931,138.99999999999997
2534,11284,0.125,0.8503437500000001,0.9739549451873267,0.0,138.99999999999997
2535,12867,0.625,0.778125,0.9116251054089869,1.0,138.89999999999998
2536,10425,0.1125,0.7924375,0.9969883146608842,0.0,138.88888888888886
2537,23040,0.625,0.83378125,0.9953860980604745,0.0,138.88888888888886
2538,11473,0.3625,0.6875,0.7324515118660402,0.27586206896551724,138.88888888888886
2539,11345,0.3625,0.82128125,0.9870015660763762,0.27586206896551724,138.88888888888886
2540,11019,0.125,0.929875,0.7440320443320082,0.27586206896551724,138.88888888888886
2541,10778,0.1125,0.75,0.9248042404529574,0.27586206896551724,138.88888888888886
2542,14182,0.875,0.71875,0.7718949524153716,0.0,138.88888888888886
2543,10465,0.1125,0.6875,0.7324515118660402,0.27586206896551724,138.88888888888886
2544,13647,0.8625,0.929875,0.7440320443320082,0.27586206896551724,138.88888888888886
2545,13772,0.8625,0.7088125,0.8888085772798457,1.0,138.88571428571427
2546,12428,0.6125,0.8870625000000001,0.9472834598241175,1.0,138.87142857142857
2547,11486,0.3625,0.71875,0.7718949524153716,0.6206896551724137,138.79999999999998
2548,14241,0.875,0.7924375,0.9969883146608842,0.9655172413793103,138.79999999999998
2549,10870,0.125,0.72715625,0.8990362606914829,1.0,138.79999999999998
2550,14278,0.875,0.92609375,0.8357908685700518,1.0,138.7142857142857
2551,13097,0.625,0.82659375,0.8773762197325623,0.3448275862068966,138.70999999999998
2552,11025,0.125,0.90625,0.62643055053608,0.6896551724137931,138.7
2553,10738,0.1125,0.7068125000000001,0.7915190940850501,0.48275862068965514,138.7
2554,11176,0.125,0.6875,0.62643055053608,0.0,138.66666666666663
2555,13502,0.8625,0.71875,0.7718949524153716,0.6206896551724137,138.59999999999997
2556,13453,0.8625,0.7631875,0.9796651005902903,0.9655172413793103,138.59999999999997
2557,11704,0.3625,0.73809375,0.8441633538127936,1.0,138.54285714285712
2558,11428,0.3625,0.8294374999999998,0.9969883146608842,0.6896551724137931,138.49999999999997
2559,11787,0.3625,0.75,0.9027707505119864,1.0,138.47142857142856
2560,12959,0.625,0.73809375,0.8441633538127936,1.0,138.45714285714283
2561,11043,0.125,0.875,0.8155402963498374,1.0,138.44285714285712
2562,12486,0.6125,0.7107812499999999,0.7859414528370076,1.0,138.44285714285712
2563,13034,0.625,0.9252812499999999,0.7551740754126008,0.6206896551724137,138.39999999999998
2564,10738,0.1125,0.7068125000000001,0.7915190940850501,0.6206896551724137,138.39999999999998
2565,12913,0.625,0.7068125000000001,0.7915190940850501,0.48275862068965514,138.39999999999998
2566,13495,0.8625,0.715625,0.6545717383447777,0.3448275862068966,138.39999999999998
2567,12992,0.625,0.934375,0.7469943380315623,1.0,138.37142857142857
2568,11221,0.125,0.7631875,0.9796651005902903,0.0,138.33333333333331
2569,22891,0.3625,0.83378125,0.9953860980604745,0.0,138.33333333333331
2570,13454,0.8625,0.756,0.9729671123960967,0.27586206896551724,138.33333333333331
2571,10416,0.1125,0.8586874999999999,0.9796651005902903,1.0,138.32857142857142
2572,12913,0.625,0.7068125000000001,0.7915190940850501,0.6206896551724137,138.29999999999998
2573,10617,0.1125,0.90625,0.62643055053608,0.6206896551724137,138.29999999999998
2574,12873,0.625,0.75,0.9027707505119864,1.0,138.29999999999998
2575,11565,0.3625,0.82659375,0.8773762197325623,0.3448275862068966,138.27999999999997
2576,13685,0.8625,0.9150625,0.7915190940850501,1.0,138.27142857142854
2577,11625,0.3625,0.90625,0.62643055053608,0.6896551724137931,138.2
2578,10382,0.1125,0.92609375,0.8357908685700518,1.0,138.14285714285714
2579,12675,0.6125,0.934375,0.789519335019877,1.0,138.14285714285714
2580,12549,0.6125,0.8023125,0.8788820624021202,0.6206896551724137,138.09999999999997
2581,11630,0.3625,0.9252812499999999,0.7551740754126008,0.6206896551724137,138.09999999999997
2582,13795,0.8625,0.76290625,0.9138296590772196,1.0,138.07142857142856
2583,11285,0.125,0.85690625,0.96883508011083,0.13793103448275862,137.99999999999997
2584,12574,0.6125,0.833625,0.8749909649439825,0.9655172413793103,137.99999999999997
2585,14103,0.875,0.8195625,0.8788820624021202,0.13793103448275862,137.99999999999997
2586,12166,0.375,0.71875,0.7718949524153716,0.6206896551724137,137.99999999999997
2587,13174,0.625,0.71875,0.7718949524153716,0.6896551724137931,137.99999999999997
2588,10478,0.1125,0.71875,0.7718949524153716,0.48275862068965514,137.99999999999997
2589,14183,0.875,0.71875,0.62643055053608,0.9655172413793103,137.99999999999997
2590,12090,0.375,0.833625,0.8749909649439825,0.9655172413793103,137.99999999999997
2591,12829,0.6125,0.8028437499999999,0.9873750150584266,0.9655172413793103,137.99999999999997
2592,10897,0.125,0.7068125000000001,0.7915190940850501,0.6896551724137931,137.99999999999997
2593,12494,0.6125,0.71875,0.7718949524153716,0.48275862068965514,137.99999999999997
2594,10352,0.1125,0.85690625,0.96883508011083,0.6896551724137931,137.99999999999997
2595,10469,0.1125,0.706,0.7761354053728465,0.9655172413793103,137.99999999999997
2596,12441,0.6125,0.7924375,0.9969883146608842,0.13793103448275862,137.99999999999997
2597,11171,0.125,0.706,0.7761354053728465,0.9655172413793103,137.99999999999997
2598,13495,0.8625,0.715625,0.6545717383447777,0.13793103448275862,137.99999999999997
2599,11429,0.3625,0.82203125,0.9989157932779182,0.48275862068965514,137.99999999999997
2600,10970,0.125,0.914875,0.8115046379954222,1.0,137.99999999999997
2601,12180,0.375,0.7107812499999999,0.7859414528370076,1.0,137.92857142857142
2602,11866,0.375,0.75,0.9248042404529574,0.27586206896551724,137.88888888888886
2603,10836,0.125,0.7876562500000001,0.8868570051800987,1.0,137.82857142857142
2604,12436,0.6125,0.8294374999999998,0.9969883146608842,1.0,137.8142857142857
2605,12638,0.6125,0.9252812499999999,0.7551740754126008,0.6206896551724137,137.79999999999998
2606,10858,0.125,0.75,0.9248042404529574,0.9655172413793103,137.79999999999998
2607,10623,0.1125,0.929875,0.7440320443320082,0.27586206896551724,137.77777777777774
2608,10892,0.125,0.6875,0.7682568365257197,0.27586206896551724,137.77777777777774
2609,13377,0.8625,0.8634375000000001,0.9629442235875195,0.0,137.77777777777774
2610,12176,0.375,0.6875,0.7324515118660402,0.27586206896551724,137.77777777777774
2611,12481,0.6125,0.6875,0.7324515118660402,0.27586206896551724,137.77777777777774
2612,12908,0.625,0.6875,0.7682568365257197,0.27586206896551724,137.77777777777774
2613,13184,0.625,0.6875,0.7324515118660402,0.27586206896551724,137.77777777777774
2614,11167,0.125,0.692,0.7440320443320082,0.27586206896551724,137.77777777777774
2615,11423,0.3625,0.865875,0.9729671123960967,0.0,137.77777777777774
2616,12033,0.375,0.90625,0.62643055053608,0.0,137.77777777777774
2617,12633,0.6125,0.90625,0.62643055053608,0.0,137.77777777777774
2618,12456,0.6125,0.68878125,0.8562823756173954,1.0,137.7285714285714
2619,13237,0.625,0.7631875,0.9796651005902903,0.6896551724137931,137.7
2620,12549,0.6125,0.8023125,0.8788820624021202,0.48275862068965514,137.7
2621,12115,0.375,0.8023125,0.8788820624021202,0.6206896551724137,137.7
2622,13494,0.8625,0.7107812499999999,0.7859414528370076,1.0,137.65714285714284
2623,13891,0.875,0.7693749999999999,0.8973135766775088,1.0,137.6142857142857
2624,11172,0.125,0.7107812499999999,0.7859414528370076,1.0,137.6
2625,13444,0.8625,0.8294374999999998,0.9969883146608842,0.6896551724137931,137.59999999999997
2626,10532,0.1125,0.79528125,0.8773762197325623,0.9655172413793103,137.59999999999997
2627,12494,0.6125,0.71875,0.7718949524153716,0.6206896551724137,137.59999999999997
2628,12437,0.6125,0.82203125,0.9989157932779182,0.48275862068965514,137.59999999999997
2629,13488,0.8625,0.6875,0.62643055053608,0.0,137.55555555555551
2630,12794,0.6125,0.75,0.9248042404529574,0.27586206896551724,137.55555555555551
2631,14105,0.875,0.82659375,0.8773762197325623,0.8275862068965517,137.49999999999997
2632,22965,0.375,0.83690625,0.9940368630285508,0.6896551724137931,137.49999999999997
2633,12846,0.625,0.78125,0.9501746777496686,0.9655172413793103,137.49999999999997
2634,22969,0.6125,0.8369375,0.9940127695458378,0.9655172413793103,137.49999999999997
2635,11159,0.125,0.71875,0.62643055053608,0.6206896551724137,137.49999999999997
2636,11778,0.3625,0.7693749999999999,0.8973135766775088,1.0,137.47142857142856
2637,13237,0.625,0.7631875,0.9796651005902903,0.0,137.44444444444443
2638,14103,0.875,0.8195625,0.8788820624021202,0.0,137.44444444444443
2639,13851,0.875,0.8028437499999999,0.9873750150584266,0.27586206896551724,137.44444444444443
2640,13302,0.625,0.8634375000000001,0.9629442235875195,0.48275862068965514,137.32999999999998
2641,13581,0.8625,0.82659375,0.8773762197325623,0.3448275862068966,137.31999999999996
2642,14174,0.875,0.725625,0.8127815925792072,1.0,137.2285714285714
2643,13041,0.625,0.90625,0.62643055053608,0.0,137.2222222222222
2644,11540,0.3625,0.79528125,0.8773762197325623,0.27586206896551724,137.2222222222222
2645,10696,0.1125,0.73809375,0.8441633538127936,1.0,137.2142857142857
2646,13230,0.625,0.814625,0.9998795325864354,1.0,137.15714285714284
2647,10478,0.1125,0.71875,0.7718949524153716,0.6206896551724137,137.09999999999997
2648,11671,0.3625,0.934375,0.7469943380315623,1.0,137.0285714285714
2649,10858,0.125,0.75,0.9248042404529574,0.13793103448275862,136.99999999999997
2650,12369,0.6125,0.8634375000000001,0.9629442235875195,0.13793103448275862,136.99999999999997
2651,12754,0.6125,0.7068125000000001,0.7915190940850501,0.6896551724137931,136.99999999999997
2652,10478,0.1125,0.71875,0.7718949524153716,0.13793103448275862,136.99999999999997
2653,12167,0.375,0.71875,0.62643055053608,0.9655172413793103,136.99999999999997
2654,13226,0.625,0.844125,0.9902300927599084,0.13793103448275862,136.99999999999997
2655,13376,0.8625,0.85690625,0.96883508011083,0.6896551724137931,136.99999999999997
2656,11486,0.3625,0.71875,0.7718949524153716,0.6896551724137931,136.99999999999997
2657,12494,0.6125,0.71875,0.7718949524153716,0.13793103448275862,136.99999999999997
2658,10738,0.1125,0.7068125000000001,0.7915190940850501,0.6896551724137931,136.99999999999997
2659,13041,0.625,0.90625,0.62643055053608,0.6896551724137931,136.99999999999997
2660,10630,0.1125,0.9375,0.6752463558607397,0.6896551724137931,136.99999999999997
2661,14230,0.875,0.87303125,0.9653294783760993,0.9655172413793103,136.99999999999997
2662,12485,0.6125,0.706,0.7761354053728465,0.9655172413793103,136.99999999999997
2663,11786,0.3625,0.75,0.9248042404529574,0.13793103448275862,136.99999999999997
2664,17138,0.375,0.68378125,0.8428984459703649,0.9655172413793103,136.99999999999997
2665,21091,0.625,0.765,0.981195036742561,0.6896551724137931,136.89999999999998
2666,12115,0.375,0.8023125,0.8788820624021202,0.48275862068965514,136.89999999999998
2667,10425,0.1125,0.7924375,0.9969883146608842,0.6896551724137931,136.89999999999998
2668,10478,0.1125,0.71875,0.7718949524153716,1.0,136.89571428571426
2669,10533,0.1125,0.8023125,0.8788820624021202,0.0,136.88888888888886
2670,22216,0.12499999999999996,0.7837500000000001,0.9813155041561258,0.0,136.88888888888886
2671,12026,0.375,0.9252812499999999,0.7551740754126008,0.48275862068965514,136.79999999999998
2672,11746,0.3625,0.7068125000000001,0.7915190940850501,0.48275862068965514,136.79999999999998
2673,21577,0.12499999999999992,0.85878125,0.9672328635104203,0.48275862068965514,136.79999999999998
2674,11368,0.3625,0.84375,0.978279725334297,0.9655172413793103,136.7
2675,11746,0.3625,0.7068125000000001,0.7915190940850501,0.6206896551724137,136.7
2676,24263,0.6125,0.8275,0.9975906517287073,0.8275862068965517,136.66666666666666
2677,21577,0.12499999999999992,0.85878125,0.9672328635104203,0.8275862068965517,136.66666666666666
2678,11427,0.3625,0.8368125,0.9940850499939766,0.8275862068965517,136.66666666666666
2679,12499,0.6125,0.71875,0.62643055053608,0.0,136.66666666666663
2680,21623,0.125,0.8712500000000001,0.9673292374412721,0.0,136.66666666666663
2681,12306,0.375,0.82128125,0.9870015660763762,0.27586206896551724,136.66666666666663
2682,10469,0.1125,0.706,0.7761354053728465,0.0,136.66666666666663
2683,13122,0.625,0.79528125,0.8773762197325623,0.27586206896551724,136.66666666666663
2684,11171,0.125,0.706,0.7761354053728465,0.0,136.66666666666663
2685,13745,0.8625,0.6673125,0.7767256956993133,0.27586206896551724,136.66666666666663
2686,12353,0.6125,0.82128125,0.9870015660763762,0.27586206896551724,136.66666666666663
2687,17138,0.375,0.68378125,0.8428984459703649,0.27586206896551724,136.66666666666663
2688,12035,0.375,0.903125,0.7718949524153716,0.27586206896551724,136.66666666666663
2689,13375,0.8625,0.8503437500000001,0.9739549451873267,0.9655172413793103,136.59999999999997
2690,11133,0.125,0.75,0.6538959161546801,1.0,136.58571428571426
2691,23039,0.625,0.83690625,0.9940368630285508,0.27586206896551724,136.55555555555551
2692,11081,0.125,0.82659375,0.8773762197325623,0.3448275862068966,136.49999999999997
2693,10666,0.1125,0.914875,0.8115046379954222,1.0,136.49999999999997
2694,12753,0.6125,0.71346875,0.8046500421635947,1.0,136.47142857142856
2695,13222,0.625,0.87303125,0.9653294783760993,1.0,136.37142857142857
2696,14236,0.875,0.8294374999999998,0.9969883146608842,0.48275862068965514,136.34999999999997
2697,13997,0.875,0.9150625,0.7915190940850501,1.0,136.34285714285713
2698,13043,0.625,0.903125,0.7718949524153716,0.27586206896551724,136.33333333333331
2699,13454,0.8625,0.756,0.9729671123960967,0.9655172413793103,136.29999999999998
2700,13790,0.8625,0.72715625,0.8990362606914829,1.0,136.28571428571428
2701,10853,0.125,0.7584375,0.9629442235875195,0.27586206896551724,136.2222222222222
2702,13556,0.8625,0.79528125,0.8773762197325623,0.27586206896551724,136.2222222222222
2703,11222,0.125,0.756,0.9729671123960967,0.0,136.2222222222222
2704,13034,0.625,0.9252812499999999,0.7551740754126008,0.48275862068965514,136.2
2705,14131,0.875,0.8023125,0.8788820624021202,0.6206896551724137,136.2
2706,11025,0.125,0.90625,0.62643055053608,0.3448275862068966,136.2
2707,12608,0.6125,0.871875,0.62643055053608,1.0,136.14285714285714
2708,13406,0.8625,0.92609375,0.8357908685700518,1.0,136.14285714285714
2709,13640,0.8625,0.90625,0.6545717383447777,0.27586206896551724,136.1111111111111
2710,11079,0.125,0.8195625,0.8788820624021202,0.0,136.1111111111111
2711,13174,0.625,0.71875,0.7718949524153716,0.3448275862068966,136.09999999999997
2712,11426,0.3625,0.844125,0.9902300927599084,0.6206896551724137,136.05999999999997
2713,12220,0.375,0.8294374999999998,0.9969883146608842,0.13793103448275862,135.99999999999997
2714,22965,0.375,0.83690625,0.9940368630285508,0.13793103448275862,135.99999999999997
2715,23008,0.625,0.849375,0.9746536561860017,0.13793103448275862,135.99999999999997
2716,11285,0.125,0.85690625,0.96883508011083,0.6896551724137931,135.99999999999997
2717,21623,0.125,0.8712500000000001,0.9673292374412721,0.13793103448275862,135.99999999999997
2718,10483,0.1125,0.71875,0.62643055053608,0.9655172413793103,135.99999999999997
2719,11359,0.3625,0.8503437500000001,0.9739549451873267,0.6896551724137931,135.99999999999997
2720,12294,0.375,0.8634375000000001,0.9629442235875195,0.13793103448275862,135.99999999999997
2721,12087,0.375,0.8195625,0.8788820624021202,0.6896551724137931,135.99999999999997
2722,13175,0.625,0.71875,0.62643055053608,0.48275862068965514,135.99999999999997
2723,12494,0.6125,0.71875,0.7718949524153716,0.6896551724137931,135.99999999999997
2724,10617,0.1125,0.90625,0.62643055053608,0.48275862068965514,135.99999999999997
2725,12225,0.375,0.7924375,0.9969883146608842,0.6896551724137931,135.99999999999997
2726,12440,0.6125,0.79984375,0.9989157932779182,0.6896551724137931,135.99999999999997
2727,10558,0.1125,0.833625,0.8749909649439825,0.13793103448275862,135.99999999999997
2728,11159,0.125,0.71875,0.62643055053608,0.6896551724137931,135.99999999999997
2729,10425,0.1125,0.7924375,0.9969883146608842,0.13793103448275862,135.99999999999997
2730,13493,0.8625,0.706,0.7761354053728465,0.9655172413793103,135.99999999999997
2731,10556,0.1125,0.8195625,0.8788820624021202,0.6896551724137931,135.89999999999998
2732,14131,0.875,0.8023125,0.8788820624021202,0.48275862068965514,135.89999999999998
2733,11176,0.125,0.6875,0.62643055053608,0.27586206896551724,135.88888888888886
2734,10865,0.125,0.75646875,0.930333694735574,1.0,135.87142857142857
2735,11286,0.125,0.8634375000000001,0.9629442235875195,0.8275862068965517,135.83333333333331
2736,12369,0.6125,0.8634375000000001,0.9629442235875195,0.8275862068965517,135.83333333333331
2737,14235,0.875,0.8368125,0.9940850499939766,0.8275862068965517,135.83333333333331
2738,12548,0.6125,0.79528125,0.8773762197325623,0.9655172413793103,135.79999999999998
2739,11786,0.3625,0.75,0.9248042404529574,0.6896551724137931,135.79999999999998
2740,12679,0.6125,0.934375,0.7469943380315623,1.0,135.79999999999998
2741,13488,0.8625,0.6875,0.62643055053608,0.27586206896551724,135.77777777777774
2742,10331,0.1125,0.8189062500000001,0.8910372244307915,0.27586206896551724,135.77777777777774
2743,14226,0.875,0.90078125,0.9256113721238406,1.0,135.74285714285713
2744,11905,0.375,0.7068125000000001,0.7915190940850501,0.3448275862068966,135.7
2745,12220,0.375,0.8294374999999998,0.9969883146608842,0.0,135.66666666666663
2746,14130,0.875,0.79528125,0.8773762197325623,0.9655172413793103,135.59999999999997
2747,13527,0.8625,0.75,0.6538959161546801,1.0,135.57142857142856
2748,12369,0.6125,0.8634375000000001,0.9629442235875195,0.0,135.55555555555551
2749,11625,0.3625,0.90625,0.62643055053608,0.0,135.55555555555551
2750,10418,0.1125,0.844125,0.9902300927599084,0.27586206896551724,135.55555555555551
2751,11218,0.125,0.7850625,0.9940850499939766,0.27586206896551724,135.55555555555551
2752,11216,0.125,0.79984375,0.9989157932779182,0.0,135.55555555555551
2753,10630,0.1125,0.9375,0.6752463558607397,0.0,135.55555555555551
2754,10466,0.1125,0.692,0.7440320443320082,0.27586206896551724,135.55555555555551
2755,10606,0.1125,0.903125,0.6846187206360679,0.27586206896551724,135.55555555555551
2756,11900,0.375,0.6875,0.7682568365257197,0.27586206896551724,135.55555555555551
2757,14030,0.875,0.9375,0.6752463558607397,0.0,135.55555555555551
2758,21744,0.8625,0.8712500000000001,0.9673292374412721,0.0,135.55555555555551
2759,11018,0.125,0.9252812499999999,0.7551740754126008,0.6206896551724137,135.49999999999997
2760,22322,0.375,0.7837500000000001,0.9934586194434405,0.9655172413793103,135.39999999999998
2761,11448,0.3625,0.68878125,0.8562823756173954,1.0,135.34285714285713
2762,12240,0.375,0.68878125,0.8562823756173954,1.0,135.27142857142854
2763,12638,0.6125,0.9252812499999999,0.7551740754126008,0.48275862068965514,135.2
2764,13228,0.625,0.8294374999999998,0.9969883146608842,1.0,135.17142857142855
2765,11437,0.3625,0.7631875,0.9796651005902903,0.6206896551724137,135.17
2766,12883,0.625,0.7693749999999999,0.8973135766775088,1.0,135.15714285714284
2767,13921,0.875,0.7068125000000001,0.7915190940850501,0.48275862068965514,135.09999999999997
2768,11630,0.3625,0.9252812499999999,0.7551740754126008,0.48275862068965514,135.09999999999997
2769,11429,0.3625,0.82203125,0.9989157932779182,0.6896551724137931,134.99999999999997
2770,12166,0.375,0.71875,0.7718949524153716,0.6896551724137931,134.99999999999997
2771,13442,0.8625,0.844125,0.9902300927599084,0.6896551724137931,134.99999999999997
2772,12292,0.375,0.8503437500000001,0.9739549451873267,0.6896551724137931,134.99999999999997
2773,10478,0.1125,0.71875,0.7718949524153716,0.6896551724137931,134.99999999999997
2774,21648,0.375,0.85878125,0.9672328635104203,0.9655172413793103,134.99999999999997
2775,12499,0.6125,0.71875,0.62643055053608,0.9655172413793103,134.99999999999997
2776,11834,0.375,0.79634375,0.9860498735092157,0.9655172413793103,134.99999999999997
2777,11221,0.125,0.7631875,0.9796651005902903,0.13793103448275862,134.99999999999997
2778,12179,0.375,0.706,0.7761354053728465,0.9655172413793103,134.99999999999997
2779,22872,0.3625,0.849375,0.9746536561860017,0.6896551724137931,134.99999999999997
2780,13507,0.8625,0.71875,0.62643055053608,0.48275862068965514,134.99999999999997
2781,11905,0.375,0.7068125000000001,0.7915190940850501,0.6896551724137931,134.99999999999997
2782,11905,0.375,0.7068125000000001,0.7915190940850501,0.13793103448275862,134.99999999999997
2783,12437,0.6125,0.82203125,0.9989157932779182,0.6896551724137931,134.99999999999997
2784,14195,0.875,0.706,0.7761354053728465,0.9655172413793103,134.99999999999997
2785,11820,0.3625,0.79634375,0.9860498735092157,0.9655172413793103,134.99999999999997
2786,21744,0.8625,0.8712500000000001,0.9673292374412721,0.13793103448275862,134.99999999999997
2787,10827,0.125,0.8028437499999999,0.9873750150584266,0.27586206896551724,134.99999999999997
2788,13192,0.625,0.6875,0.62643055053608,0.0,134.99999999999997
2789,10533,0.1125,0.8023125,0.8788820624021202,0.6206896551724137,134.89999999999998
2790,13641,0.8625,0.90625,0.62643055053608,0.0,134.88888888888886
2791,10464,0.1125,0.6875,0.62643055053608,0.0,134.88888888888886
2792,14196,0.875,0.7107812499999999,0.7859414528370076,1.0,134.82857142857142
2793,12224,0.375,0.79984375,0.9989157932779182,0.6896551724137931,134.79999999999998
2794,11159,0.125,0.71875,0.62643055053608,0.3448275862068966,134.79999999999998
2795,12033,0.375,0.90625,0.62643055053608,0.3448275862068966,134.79999999999998
2796,10813,0.1125,0.8028437499999999,0.9873750150584266,0.27586206896551724,134.77777777777774
2797,11984,0.375,0.934375,0.7469943380315623,1.0,134.77142857142854
2798,12229,0.375,0.7631875,0.9796651005902903,0.6206896551724137,134.70999999999998
2799,11107,0.125,0.8023125,0.8788820624021202,0.9655172413793103,134.7
2800,11821,0.3625,0.8028437499999999,0.9873750150584266,0.9655172413793103,134.7
2801,12777,0.6125,0.746875,0.884001927478617,1.0,134.64285714285714
2802,11708,0.3625,0.71875,0.8796530538489338,1.0,134.6142857142857
2803,10622,0.1125,0.9252812499999999,0.7551740754126008,0.6206896551724137,134.59999999999997
2804,13301,0.625,0.85690625,0.96883508011083,0.9655172413793103,134.59999999999997
2805,13384,0.8625,0.84375,0.978279725334297,1.0,134.58571428571426
2806,12220,0.375,0.8294374999999998,0.9969883146608842,1.0,134.57142857142856
2807,12115,0.375,0.8023125,0.8788820624021202,0.0,134.55555555555551
2808,13712,0.8625,0.86546875,0.8653294783760993,1.0,134.5285714285714
2809,13641,0.8625,0.90625,0.62643055053608,0.3448275862068966,134.49999999999997
2810,12446,0.6125,0.756,0.9729671123960967,1.0,134.49999999999997
2811,11298,0.125,0.82128125,0.9870015660763762,0.0,134.44444444444443
2812,22315,0.6125,0.7713125,0.9860619202505723,0.27586206896551724,134.44444444444443
2813,14309,0.875,0.85690625,0.96883508011083,0.0,134.44444444444443
2814,12760,0.6125,0.6875,0.7682568365257197,0.27586206896551724,134.44444444444443
2815,12294,0.375,0.8634375000000001,0.9629442235875195,0.0,134.44444444444443
2816,13233,0.625,0.7924375,0.9969883146608842,0.0,134.44444444444443
2817,13220,0.625,0.8870625000000001,0.9472834598241175,0.27586206896551724,134.44444444444443
2818,11752,0.3625,0.6875,0.7682568365257197,0.27586206896551724,134.44444444444443
2819,11207,0.125,0.865875,0.9729671123960967,0.0,134.44444444444443
2820,12993,0.625,0.934375,0.7682568365257197,0.27586206896551724,134.44444444444443
2821,11478,0.3625,0.7107812499999999,0.7859414528370076,1.0,134.44285714285712
2822,10419,0.1125,0.8368125,0.9940850499939766,0.48275862068965514,134.42
2823,13921,0.875,0.7068125000000001,0.7915190940850501,0.6206896551724137,134.39999999999998
2824,14103,0.875,0.8195625,0.8788820624021202,0.48275862068965514,134.39999999999998
2825,12788,0.6125,0.75646875,0.930333694735574,1.0,134.34285714285713
2826,12224,0.375,0.79984375,0.9989157932779182,0.48275862068965514,134.32999999999998
2827,10813,0.1125,0.8028437499999999,0.9873750150584266,0.9655172413793103,134.29999999999998
2828,24194,0.125,0.8275,0.9975906517287073,0.9655172413793103,134.29999999999998
2829,14002,0.875,0.934375,0.789519335019877,1.0,134.28571428571428
2830,11222,0.125,0.756,0.9729671123960967,0.9655172413793103,134.2
2831,11906,0.375,0.71346875,0.8046500421635947,1.0,134.2
2832,24335,0.8625,0.8275,0.9975906517287073,0.8275862068965517,134.16666666666666
2833,13232,0.625,0.79984375,0.9989157932779182,0.8275862068965517,134.16666666666666
2834,11150,0.125,0.725625,0.8127815925792072,1.0,134.15714285714284
2835,12230,0.375,0.756,0.9729671123960967,0.27586206896551724,134.1111111111111
2836,12345,0.6125,0.83165625,0.8878448379713287,0.27586206896551724,134.1111111111111
2837,12633,0.6125,0.90625,0.62643055053608,0.3448275862068966,134.09999999999997
2838,10533,0.1125,0.8023125,0.8788820624021202,0.48275862068965514,134.09999999999997
2839,13796,0.8625,0.75646875,0.930333694735574,1.0,134.0285714285714
2840,12754,0.6125,0.7068125000000001,0.7915190940850501,0.3448275862068966,133.99999999999997
2841,11216,0.125,0.79984375,0.9989157932779182,0.13793103448275862,133.99999999999997
2842,13762,0.8625,0.7068125000000001,0.7915190940850501,0.13793103448275862,133.99999999999997
2843,13227,0.625,0.8368125,0.9940850499939766,0.6896551724137931,133.99999999999997
2844,12115,0.375,0.8023125,0.8788820624021202,0.13793103448275862,133.99999999999997
2845,11491,0.3625,0.71875,0.62643055053608,0.48275862068965514,133.99999999999997
2846,12549,0.6125,0.8023125,0.8788820624021202,0.13793103448275862,133.99999999999997
2847,13507,0.8625,0.71875,0.62643055053608,0.13793103448275862,133.99999999999997
2848,13507,0.8625,0.71875,0.62643055053608,0.6896551724137931,133.99999999999997
2849,11171,0.125,0.706,0.7761354053728465,0.13793103448275862,133.99999999999997
2850,13300,0.625,0.8503437500000001,0.9739549451873267,0.13793103448275862,133.99999999999997
2851,11564,0.3625,0.8195625,0.8788820624021202,0.13793103448275862,133.99999999999997
2852,10414,0.1125,0.87303125,0.9653294783760993,0.9655172413793103,133.99999999999997
2853,22891,0.3625,0.83378125,0.9953860980604745,0.13793103448275862,133.99999999999997
2854,10915,0.125,0.6714375,0.7905914950006022,1.0,133.99999999999997
2855,10897,0.125,0.7068125000000001,0.7915190940850501,0.3448275862068966,133.89999999999998
2856,12114,0.375,0.79528125,0.8773762197325623,0.9655172413793103,133.89999999999998
2857,12221,0.375,0.82203125,0.9989157932779182,0.48275862068965514,133.89999999999998
2858,10951,0.125,0.86546875,0.8653294783760993,1.0,133.89999999999998
2859,11285,0.125,0.85690625,0.96883508011083,0.0,133.88888888888886
2860,13557,0.8625,0.8023125,0.8788820624021202,0.9655172413793103,133.79999999999998
2861,12572,0.6125,0.8195625,0.8788820624021202,0.6896551724137931,133.79999999999998
2862,13882,0.875,0.75,0.9248042404529574,0.27586206896551724,133.77777777777774
2863,12549,0.6125,0.8023125,0.8788820624021202,0.0,133.77777777777774
2864,22244,0.3625,0.7713125,0.9860619202505723,0.27586206896551724,133.77777777777774
2865,11873,0.375,0.75646875,0.930333694735574,1.0,133.77142857142854
2866,13175,0.625,0.71875,0.62643055053608,0.6206896551724137,133.7
2867,13502,0.8625,0.71875,0.7718949524153716,0.3448275862068966,133.7
2868,22892,0.3625,0.8369375,0.9940127695458378,0.9655172413793103,133.7
2869,11625,0.3625,0.90625,0.62643055053608,0.3448275862068966,133.59999999999997
2870,11486,0.3625,0.71875,0.7718949524153716,0.3448275862068966,133.49999999999997
2871,13507,0.8625,0.71875,0.62643055053608,0.6206896551724137,133.49999999999997
2872,13830,0.8625,0.78125,0.9501746777496686,0.9655172413793103,133.49999999999997
2873,11815,0.3625,0.78125,0.9280809541019153,1.0,133.35714285714283
2874,11212,0.125,0.8294374999999998,0.9969883146608842,0.8275862068965517,133.33333333333331
2875,23008,0.625,0.849375,0.9746536561860017,0.0,133.33333333333331
2876,14308,0.875,0.8503437500000001,0.9739549451873267,0.0,133.33333333333331
2877,13490,0.8625,0.692,0.7440320443320082,0.27586206896551724,133.33333333333331
2878,12175,0.375,0.692,0.7440320443320082,0.27586206896551724,133.33333333333331
2879,10421,0.1125,0.82203125,0.9989157932779182,0.0,133.33333333333331
2880,22949,0.6125,0.849375,0.9746536561860017,0.0,133.33333333333331
2881,23016,0.625,0.83690625,0.9819057944825923,0.27586206896551724,133.33333333333331
2882,10558,0.1125,0.833625,0.8749909649439825,0.0,133.33333333333331
2883,13802,0.8625,0.75,0.9248042404529574,0.0,133.33333333333331
2884,10413,0.1125,0.88009375,0.9567642452716538,0.27586206896551724,133.33333333333331
2885,23542,0.3625,0.805625,0.9997470184315143,0.27586206896551724,133.33333333333331
2886,14245,0.875,0.7631875,0.9796651005902903,0.6206896551724137,133.30999999999997
2887,13041,0.625,0.90625,0.62643055053608,0.3448275862068966,133.29999999999998
2888,17222,0.625,0.68378125,0.8428984459703649,1.0,133.28571428571428
2889,12609,0.6125,0.875,0.8155402963498374,1.0,133.25714285714284
2890,12845,0.625,0.78125,0.9280809541019153,1.0,133.2285714285714
2891,22891,0.3625,0.83378125,0.9953860980604745,0.6896551724137931,133.2
2892,13617,0.8625,0.875,0.8155402963498374,1.0,133.18571428571425
2893,22864,0.3625,0.8369375,0.9818817009998795,0.9655172413793103,133.09999999999997
2894,12874,0.625,0.75,0.9248042404529574,0.6896551724137931,133.09999999999997
2895,14240,0.875,0.79984375,0.9989157932779182,0.9655172413793103,133.09999999999997
2896,13762,0.8625,0.7068125000000001,0.7915190940850501,0.48275862068965514,133.09999999999997
2897,12913,0.625,0.7068125000000001,0.7915190940850501,0.3448275862068966,133.09999999999997
2898,11883,0.375,0.746875,0.884001927478617,1.0,133.05714285714285
2899,12026,0.375,0.9252812499999999,0.7551740754126008,0.13793103448275862,132.99999999999997
2900,12166,0.375,0.71875,0.7718949524153716,0.3448275862068966,132.99999999999997
2901,13034,0.625,0.9252812499999999,0.7551740754126008,0.13793103448275862,132.99999999999997
2902,13390,0.8625,0.8883125,0.9325864353692326,0.9655172413793103,132.99999999999997
2903,12572,0.6125,0.8195625,0.8788820624021202,0.48275862068965514,132.99999999999997
2904,13762,0.8625,0.7068125000000001,0.7915190940850501,0.6896551724137931,132.99999999999997
2905,12913,0.625,0.7068125000000001,0.7915190940850501,0.6896551724137931,132.99999999999997
2906,10469,0.1125,0.706,0.7761354053728465,0.13793103448275862,132.99999999999997
2907,14182,0.875,0.71875,0.7718949524153716,0.48275862068965514,132.99999999999997
2908,14182,0.875,0.71875,0.7718949524153716,0.6896551724137931,132.99999999999997
2909,13502,0.8625,0.71875,0.7718949524153716,0.13793103448275862,132.99999999999997
2910,13836,0.8625,0.79634375,0.9860498735092157,0.13793103448275862,132.99999999999997
2911,13187,0.625,0.706,0.7761354053728465,0.9655172413793103,132.99999999999997
2912,13921,0.875,0.7068125000000001,0.7915190940850501,0.6896551724137931,132.99999999999997
2913,13292,0.625,0.84375,0.978279725334297,0.27586206896551724,132.99999999999997
2914,11469,0.3625,0.6875,0.7059462715335502,1.0,132.95714285714283
2915,11780,0.3625,0.75646875,0.930333694735574,1.0,132.9142857142857
2916,11018,0.125,0.9252812499999999,0.7551740754126008,0.48275862068965514,132.89999999999998
2917,10738,0.1125,0.7068125000000001,0.7915190940850501,0.3448275862068966,132.89999999999998
2918,22895,0.125,0.83378125,0.9953860980604745,0.9655172413793103,132.89999999999998
2919,10663,0.1125,0.934375,0.7469943380315623,1.0,132.88571428571427
2920,12574,0.6125,0.833625,0.8749909649439825,0.6206896551724137,132.79999999999998
2921,12314,0.375,0.83165625,0.8878448379713287,0.27586206896551724,132.77777777777774
2922,14076,0.875,0.871875,0.6538959161546801,1.0,132.77142857142854
2923,11000,0.125,0.9375,0.7240621611853992,1.0,132.7
2924,10428,0.1125,0.7704375,0.9854234429586796,0.0,132.66666666666663
2925,10558,0.1125,0.833625,0.8749909649439825,0.6206896551724137,132.59999999999997
2926,14182,0.875,0.71875,0.7718949524153716,0.6206896551724137,132.59999999999997
2927,11491,0.3625,0.71875,0.62643055053608,0.6206896551724137,132.59999999999997
2928,12494,0.6125,0.71875,0.7718949524153716,0.3448275862068966,132.59999999999997
2929,12574,0.6125,0.833625,0.8749909649439825,0.48275862068965514,132.59999999999997
2930,10772,0.1125,0.75646875,0.930333694735574,1.0,132.57142857142856
2931,11438,0.3625,0.756,0.9729671123960967,0.0,132.55555555555554
2932,11027,0.125,0.903125,0.7718949524153716,0.27586206896551724,132.55555555555554
2933,13377,0.8625,0.8634375000000001,0.9629442235875195,0.8275862068965517,132.49999999999997
2934,13123,0.625,0.8023125,0.8788820624021202,0.9655172413793103,132.49999999999997
2935,13762,0.8625,0.7068125000000001,0.7915190940850501,0.6206896551724137,132.49999999999997
2936,12436,0.6125,0.8294374999999998,0.9969883146608842,0.6896551724137931,132.49999999999997
2937,10478,0.1125,0.71875,0.7718949524153716,0.3448275862068966,132.49999999999997
2938,13236,0.625,0.7704375,0.9854234429586796,0.27586206896551724,132.44444444444443
2939,13449,0.8625,0.7924375,0.9969883146608842,0.9655172413793103,132.39999999999998
2940,11375,0.3625,0.89484375,0.9224189856643776,1.0,132.39999999999998
2941,13657,0.8625,0.9375,0.7240621611853992,1.0,132.37142857142857
2942,10804,0.1125,0.7876562500000001,0.8868570051800987,0.27586206896551724,132.33333333333331
2943,21026,0.375,0.7618750000000001,0.9785086134200698,0.9655172413793103,132.29999999999998
2944,12430,0.6125,0.87303125,0.9653294783760993,1.0,132.25714285714284
2945,20377,0.6125,0.8806875,0.9559691603421274,0.27586206896551724,132.2222222222222
2946,14229,0.875,0.88009375,0.9567642452716538,0.27586206896551724,132.2222222222222
2947,12179,0.375,0.706,0.7761354053728465,0.0,132.2222222222222
2948,13183,0.625,0.692,0.7440320443320082,0.27586206896551724,132.2222222222222
2949,12482,0.6125,0.692,0.7440320443320082,0.27586206896551724,132.2222222222222
2950,21598,0.3625,0.8712500000000001,0.9673292374412721,0.0,132.2222222222222
2951,14231,0.875,0.865875,0.9729671123960967,0.27586206896551724,132.2222222222222
2952,14044,0.875,0.90625,0.6545717383447777,0.27586206896551724,132.2222222222222
2953,11668,0.3625,0.934375,0.7682568365257197,0.27586206896551724,132.2222222222222
2954,12428,0.6125,0.8870625000000001,0.9472834598241175,0.27586206896551724,132.2222222222222
2955,13226,0.625,0.844125,0.9902300927599084,0.0,132.2222222222222
2956,12212,0.375,0.8870625000000001,0.9472834598241175,0.27586206896551724,132.2222222222222
2957,11286,0.125,0.8634375000000001,0.9629442235875195,0.0,132.2222222222222
2958,11474,0.3625,0.692,0.7440320443320082,0.27586206896551724,132.2222222222222
2959,11985,0.375,0.934375,0.7682568365257197,0.27586206896551724,132.2222222222222
2960,12431,0.6125,0.865875,0.9729671123960967,0.0,132.2222222222222
2961,13836,0.8625,0.79634375,0.9860498735092157,0.0,132.2222222222222
2962,12284,0.375,0.84375,0.978279725334297,0.48275862068965514,132.20999999999998
2963,23686,0.625,0.79003125,0.9961450427659317,0.9655172413793103,132.2
2964,10429,0.1125,0.7631875,0.9796651005902903,0.48275862068965514,132.14
2965,13157,0.625,0.746875,0.62643055053608,0.27586206896551724,132.1111111111111
2966,10558,0.1125,0.833625,0.8749909649439825,0.48275862068965514,132.09999999999997
2967,12638,0.6125,0.9252812499999999,0.7551740754126008,0.13793103448275862,131.99999999999997
2968,14183,0.875,0.71875,0.62643055053608,0.48275862068965514,131.99999999999997
2969,11491,0.3625,0.71875,0.62643055053608,0.6896551724137931,131.99999999999997
2970,12913,0.625,0.7068125000000001,0.7915190940850501,0.13793103448275862,131.99999999999997
2971,11746,0.3625,0.7068125000000001,0.7915190940850501,0.6896551724137931,131.99999999999997
2972,11360,0.3625,0.85690625,0.96883508011083,0.13793103448275862,131.99999999999997
2973,14183,0.875,0.71875,0.62643055053608,0.13793103448275862,131.99999999999997
2974,14131,0.875,0.8023125,0.8788820624021202,0.13793103448275862,131.99999999999997
2975,12215,0.375,0.865875,0.9729671123960967,0.13793103448275862,131.99999999999997
2976,13175,0.625,0.71875,0.62643055053608,0.6896551724137931,131.99999999999997
2977,13302,0.625,0.8634375000000001,0.9629442235875195,0.6896551724137931,131.99999999999997
2978,10622,0.1125,0.9252812499999999,0.7551740754126008,0.48275862068965514,131.99999999999997
2979,20957,0.3625,0.765,0.981195036742561,0.13793103448275862,131.99999999999997
2980,10421,0.1125,0.82203125,0.9989157932779182,0.13793103448275862,131.99999999999997
2981,11222,0.125,0.756,0.9729671123960967,0.13793103448275862,131.99999999999997
2982,17061,0.3625,0.6838124999999999,0.8430309601252861,0.9655172413793103,131.99999999999997
2983,13646,0.8625,0.9252812499999999,0.7551740754126008,0.13793103448275862,131.99999999999997
2984,11477,0.3625,0.706,0.7761354053728465,0.9655172413793103,131.99999999999997
2985,13095,0.625,0.8195625,0.8788820624021202,0.13793103448275862,131.99999999999997
2986,12167,0.375,0.71875,0.62643055053608,0.48275862068965514,131.99999999999997
2987,14308,0.875,0.8503437500000001,0.9739549451873267,0.13793103448275862,131.99999999999997
2988,13582,0.8625,0.833625,0.8749909649439825,0.9655172413793103,131.99999999999997
2989,21740,0.625,0.8712500000000001,0.9673292374412721,0.6896551724137931,131.99999999999997
2990,13443,0.8625,0.8368125,0.9940850499939766,0.6896551724137931,131.99999999999997
2991,14042,0.875,0.9252812499999999,0.7551740754126008,0.13793103448275862,131.99999999999997
2992,12221,0.375,0.82203125,0.9989157932779182,0.6896551724137931,131.99999999999997
2993,10556,0.1125,0.8195625,0.8788820624021202,0.48275862068965514,131.89999999999998
2994,12347,0.6125,0.8189062500000001,0.8910372244307915,0.27586206896551724,131.88888888888886
2995,12369,0.6125,0.8634375000000001,0.9629442235875195,0.6206896551724137,131.87999999999997
2996,14030,0.875,0.9375,0.6752463558607397,0.3448275862068966,131.79999999999998
2997,13580,0.8625,0.8195625,0.8788820624021202,0.6896551724137931,131.79999999999998
2998,12087,0.375,0.8195625,0.8788820624021202,0.48275862068965514,131.79999999999998
2999,10830,0.125,0.78125,0.9501746777496686,0.0,131.77777777777774
3000,12368,0.6125,0.85690625,0.96883508011083,0.6896551724137931,131.7
3001,11981,0.375,0.9150625,0.7915190940850501,1.0,131.7
3002,10429,0.1125,0.7631875,0.9796651005902903,0.3448275862068966,131.67
3003,11638,0.3625,0.9375,0.6752463558607397,0.8275862068965517,131.66666666666666
3004,14309,0.875,0.85690625,0.96883508011083,0.8275862068965517,131.66666666666666
3005,11426,0.3625,0.844125,0.9902300927599084,0.8275862068965517,131.66666666666666
3006,12431,0.6125,0.865875,0.9729671123960967,0.8275862068965517,131.66666666666666
3007,10609,0.1125,0.903125,0.7718949524153716,0.27586206896551724,131.66666666666663
3008,11746,0.3625,0.7068125000000001,0.7915190940850501,0.3448275862068966,131.59999999999997
3009,10464,0.1125,0.6875,0.62643055053608,0.27586206896551724,131.55555555555554
3010,13238,0.625,0.756,0.9729671123960967,0.27586206896551724,131.55555555555554
3011,12053,0.375,0.871875,0.62643055053608,1.0,131.5142857142857
3012,14106,0.875,0.833625,0.8749909649439825,0.6206896551724137,131.49999999999997
3013,10827,0.125,0.8028437499999999,0.9873750150584266,0.6896551724137931,131.49999999999997
3014,11923,0.375,0.6714375,0.7905914950006022,1.0,131.45714285714283
3015,12625,0.6125,0.903125,0.7718949524153716,0.27586206896551724,131.44444444444443
3016,14131,0.875,0.8023125,0.8788820624021202,0.0,131.33333333333331
3017,10976,0.125,0.934375,0.7469943380315623,1.0,131.28571428571428
3018,10867,0.125,0.7693749999999999,0.8973135766775088,1.0,131.25714285714284
3019,11820,0.3625,0.79634375,0.9860498735092157,1.0,131.2285714285714
3020,14244,0.875,0.7704375,0.9854234429586796,0.27586206896551724,131.2222222222222
3021,13175,0.625,0.71875,0.62643055053608,0.3448275862068966,131.2
3022,11428,0.3625,0.8294374999999998,0.9969883146608842,1.0,131.15714285714284
3023,13221,0.625,0.88009375,0.9567642452716538,0.27586206896551724,131.1111111111111
3024,13187,0.625,0.706,0.7761354053728465,0.0,131.1111111111111
3025,14078,0.875,0.8508437499999999,0.8653776653415252,0.27586206896551724,131.1111111111111
3026,12213,0.375,0.88009375,0.9567642452716538,0.27586206896551724,131.1111111111111
3027,12676,0.6125,0.934375,0.7682568365257197,0.27586206896551724,131.1111111111111
3028,12215,0.375,0.865875,0.9729671123960967,0.0,131.1111111111111
3029,11504,0.3625,0.746875,0.62643055053608,0.27586206896551724,131.1111111111111
3030,14195,0.875,0.706,0.7761354053728465,0.0,131.1111111111111
3031,11834,0.375,0.79634375,0.9860498735092157,0.0,131.1111111111111
3032,14330,0.875,0.83165625,0.8878448379713287,0.27586206896551724,131.1111111111111
3033,14191,0.875,0.692,0.7440320443320082,0.27586206896551724,131.1111111111111
3034,22897,0.125,0.849375,0.9868931454041681,0.27586206896551724,131.1111111111111
3035,12485,0.6125,0.706,0.7761354053728465,0.0,131.1111111111111
3036,13443,0.8625,0.8368125,0.9940850499939766,0.0,131.1111111111111
3037,13300,0.625,0.8503437500000001,0.9739549451873267,0.0,131.1111111111111
3038,11141,0.125,0.746875,0.62643055053608,0.27586206896551724,131.1111111111111
3039,10424,0.1125,0.79984375,0.9989157932779182,0.9655172413793103,131.09999999999997
3040,10630,0.1125,0.9375,0.6752463558607397,0.3448275862068966,131.09999999999997
3041,11541,0.3625,0.8023125,0.8788820624021202,0.9655172413793103,131.09999999999997
3042,14106,0.875,0.833625,0.8749909649439825,0.48275862068965514,131.09999999999997
3043,13237,0.625,0.7631875,0.9796651005902903,0.13793103448275862,131.09999999999997
3044,22966,0.375,0.83378125,0.9953860980604745,0.9655172413793103,131.09999999999997
3045,12989,0.625,0.9150625,0.7915190940850501,1.0,131.08571428571426
3046,12881,0.625,0.75646875,0.930333694735574,1.0,131.0285714285714
3047,12169,0.375,0.715625,0.7671364895795687,1.0,131.0285714285714
3048,11082,0.125,0.833625,0.8749909649439825,0.9655172413793103,130.99999999999997
3049,13302,0.625,0.8634375000000001,0.9629442235875195,0.13793103448275862,130.99999999999997
3050,11207,0.125,0.865875,0.9729671123960967,0.13793103448275862,130.99999999999997
3051,14183,0.875,0.71875,0.62643055053608,0.6206896551724137,130.99999999999997
3052,14183,0.875,0.71875,0.62643055053608,0.6896551724137931,130.99999999999997
3053,13233,0.625,0.7924375,0.9969883146608842,0.13793103448275862,130.99999999999997
3054,12431,0.6125,0.865875,0.9729671123960967,0.13793103448275862,130.99999999999997
3055,13646,0.8625,0.9252812499999999,0.7551740754126008,0.6896551724137931,130.99999999999997
3056,11566,0.3625,0.833625,0.8749909649439825,0.9655172413793103,130.99999999999997
3057,13098,0.625,0.833625,0.8749909649439825,0.9655172413793103,130.99999999999997
3058,10483,0.1125,0.71875,0.62643055053608,0.13793103448275862,130.99999999999997
3059,10483,0.1125,0.71875,0.62643055053608,0.48275862068965514,130.99999999999997
3060,14309,0.875,0.85690625,0.96883508011083,0.13793103448275862,130.99999999999997
3061,12512,0.6125,0.746875,0.62643055053608,0.9655172413793103,130.99999999999997
3062,21668,0.375,0.8712500000000001,0.9673292374412721,0.13793103448275862,130.99999999999997
3063,12754,0.6125,0.7068125000000001,0.7915190940850501,0.13793103448275862,130.99999999999997
3064,12167,0.375,0.71875,0.62643055053608,0.6206896551724137,130.99999999999997
3065,17222,0.625,0.68378125,0.8428984459703649,0.9655172413793103,130.99999999999997
3066,11286,0.125,0.8634375000000001,0.9629442235875195,0.13793103448275862,130.99999999999997
3067,11298,0.125,0.82128125,0.9870015660763762,0.13793103448275862,130.99999999999997
3068,14049,0.875,0.90625,0.62643055053608,0.6896551724137931,130.99999999999997
3069,10633,0.1125,0.9375,0.7240621611853992,0.27586206896551724,130.88888888888886
3070,12504,0.6125,0.746875,0.6534465727020841,0.27586206896551724,130.88888888888886
3071,13188,0.625,0.7107812499999999,0.7859414528370076,1.0,130.84285714285713
3072,11170,0.125,0.70125,0.7658836284784966,0.8275862068965517,130.83333333333331
3073,14103,0.875,0.8195625,0.8788820624021202,0.8275862068965517,130.83333333333331
3074,13439,0.8625,0.865875,0.9729671123960967,0.8275862068965517,130.83333333333331
3075,13507,0.8625,0.71875,0.62643055053608,0.3448275862068966,130.79999999999998
3076,11564,0.3625,0.8195625,0.8788820624021202,0.0,130.77777777777774
3077,11368,0.3625,0.84375,0.978279725334297,0.48275862068965514,130.75999999999996
3078,13377,0.8625,0.8634375000000001,0.9629442235875195,0.48275862068965514,130.74999999999997
3079,12149,0.375,0.746875,0.62643055053608,0.9655172413793103,130.7
3080,22965,0.375,0.83690625,0.9940368630285508,0.0,130.55555555555554
3081,21022,0.6125,0.7618750000000001,0.9785086134200698,0.0,130.55555555555554
3082,14049,0.875,0.90625,0.62643055053608,0.0,130.55555555555554
3083,12491,0.6125,0.715625,0.7671364895795687,1.0,130.54285714285712
3084,23036,0.8625,0.83378125,0.9953860980604745,0.6896551724137931,130.49999999999997
3085,22373,0.8625,0.7837500000000001,0.9813155041561258,0.9655172413793103,130.49999999999997
3086,23613,0.375,0.79315625,0.9972172027466569,0.9655172413793103,130.49999999999997
3087,12949,0.625,0.73171875,0.8770148174918684,1.0,130.45714285714283
3088,12512,0.6125,0.746875,0.62643055053608,0.0,130.44444444444443
3089,13453,0.8625,0.7631875,0.9796651005902903,0.27586206896551724,130.44444444444443
3090,13237,0.625,0.7631875,0.9796651005902903,0.6206896551724137,130.43999999999997
3091,12090,0.375,0.833625,0.8749909649439825,0.6206896551724137,130.39999999999998
3092,11052,0.125,0.871875,0.6538959161546801,1.0,130.39999999999998
3093,10659,0.1125,0.934375,0.789519335019877,1.0,130.28571428571428
3094,13445,0.8625,0.82203125,0.9989157932779182,1.0,130.2285714285714
3095,12184,0.375,0.6875,0.62643055053608,0.0,130.2222222222222
3096,12317,0.375,0.8189062500000001,0.8910372244307915,0.27586206896551724,130.2222222222222
3097,11491,0.3625,0.71875,0.62643055053608,0.3448275862068966,130.2
3098,23543,0.3625,0.79003125,0.9961450427659317,0.9655172413793103,130.2
3099,14128,0.875,0.78825,0.8749909649439825,1.0,130.1
3100,11276,0.125,0.84375,0.978279725334297,1.0,130.05714285714285
3101,11483,0.3625,0.715625,0.7671364895795687,1.0,130.0142857142857
3102,13492,0.8625,0.70125,0.7658836284784966,0.8275862068965517,129.99999999999997
3103,13641,0.8625,0.90625,0.62643055053608,0.8275862068965517,129.99999999999997
3104,21740,0.625,0.8712500000000001,0.9673292374412721,0.13793103448275862,129.99999999999997
3105,12167,0.375,0.71875,0.62643055053608,0.13793103448275862,129.99999999999997
3106,13175,0.625,0.71875,0.62643055053608,0.13793103448275862,129.99999999999997
3107,12167,0.375,0.71875,0.62643055053608,0.6896551724137931,129.99999999999997
3108,12368,0.6125,0.85690625,0.96883508011083,0.13793103448275862,129.99999999999997
3109,10421,0.1125,0.82203125,0.9989157932779182,0.6896551724137931,129.99999999999997
3110,10532,0.1125,0.79528125,0.8773762197325623,0.13793103448275862,129.99999999999997
3111,12499,0.6125,0.71875,0.62643055053608,0.48275862068965514,129.99999999999997
3112,21672,0.6125,0.8712500000000001,0.9673292374412721,0.6896551724137931,129.99999999999997
3113,10428,0.1125,0.7704375,0.9854234429586796,0.13793103448275862,129.99999999999997
3114,11630,0.3625,0.9252812499999999,0.7551740754126008,0.13793103448275862,129.99999999999997
3115,12574,0.6125,0.833625,0.8749909649439825,0.13793103448275862,129.99999999999997
3116,11835,0.375,0.8028437499999999,0.9873750150584266,0.13793103448275862,129.99999999999997
3117,21598,0.3625,0.8712500000000001,0.9673292374412721,0.13793103448275862,129.99999999999997
3118,10351,0.1125,0.8503437500000001,0.9739549451873267,0.6896551724137931,129.99999999999997
3119,11746,0.3625,0.7068125000000001,0.7915190940850501,0.13793103448275862,129.99999999999997
3120,11834,0.375,0.79634375,0.9860498735092157,0.13793103448275862,129.99999999999997
3121,11491,0.3625,0.71875,0.62643055053608,0.13793103448275862,129.99999999999997
3122,21022,0.6125,0.7618750000000001,0.9785086134200698,0.13793103448275862,129.99999999999997
3123,13095,0.625,0.8195625,0.8788820624021202,0.0,129.99999999999997
3124,12574,0.6125,0.833625,0.8749909649439825,0.0,129.99999999999997
3125,12062,0.375,0.8508437499999999,0.8653776653415252,0.27586206896551724,129.99999999999997
3126,12473,0.6125,0.684375,0.6752463558607397,0.27586206896551724,129.99999999999997
3127,10415,0.1125,0.865875,0.9729671123960967,0.27586206896551724,129.99999999999997
3128,17222,0.625,0.68378125,0.8428984459703649,0.27586206896551724,129.99999999999997
3129,10457,0.1125,0.684375,0.6752463558607397,0.27586206896551724,129.99999999999997
3130,10826,0.125,0.79634375,0.9860498735092157,0.27586206896551724,129.99999999999997
3131,13302,0.625,0.8634375000000001,0.9629442235875195,0.0,129.99999999999997
3132,12429,0.6125,0.88009375,0.9567642452716538,0.27586206896551724,129.99999999999997
3133,13967,0.875,0.73809375,0.8441633538127936,1.0,129.95714285714283
3134,13646,0.8625,0.9252812499999999,0.7551740754126008,0.3448275862068966,129.89999999999998
3135,14042,0.875,0.9252812499999999,0.7551740754126008,0.3448275862068966,129.89999999999998
3136,11491,0.3625,0.71875,0.62643055053608,1.0,129.87142857142857
3137,11835,0.375,0.8028437499999999,0.9873750150584266,0.9655172413793103,129.79999999999998
3138,12090,0.375,0.833625,0.8749909649439825,0.48275862068965514,129.79999999999998
3139,13192,0.625,0.6875,0.62643055053608,0.27586206896551724,129.77777777777774
3140,12438,0.6125,0.814625,0.9998795325864354,1.0,129.7142857142857
3141,22864,0.3625,0.8369375,0.9818817009998795,0.48275862068965514,129.7
3142,11306,0.125,0.83165625,0.8878448379713287,0.27586206896551724,129.66666666666663
3143,11220,0.125,0.7704375,0.9854234429586796,0.0,129.66666666666663
3144,12446,0.6125,0.756,0.9729671123960967,0.27586206896551724,129.66666666666663
3145,10851,0.125,0.778125,0.9116251054089869,1.0,129.65714285714284
3146,23656,0.625,0.805625,0.9877002770750511,0.9655172413793103,129.59999999999997
