rank,node_number,x_n,y_n,z_n,t_n,score
1,3373,0.3625,0.0625,0.7059462715335502,0.8275862068965517,99974.99955
2,3075,0.125,0.0625,0.7059462715335502,0.9655172413793103,66706.66606666666
3,19290,0.375,0.10253125,0.9232502108179736,0.8275862068965517,29989.4996
4,4503,0.6125,0.21875,0.62643055053608,0.13793103448275862,16670.555111111113
5,18274,0.625,0.405625,0.9069871099867486,0.3448275862068966,15385.383999999998
6,3773,0.375,0.1443125,0.8764004336826888,0.6896551724137931,13338.666133333332
7,5295,0.8625,0.24490625000000002,0.9562703288760389,0.8275862068965517,9996.9996
8,2049,1.0,0.015625,0.6023370678231538,0.27586206896551724,8335.832666666665
9,15742,0.6449125,0.6761874999999999,0.8056499216961811,0.27586206896551724,8333.249333333331
10,15292,0.125,0.34628125,0.7456993133357427,0.6206896551724137,8332.832666666665
11,7510,0.375,0.5,0.8289001325141548,0.3448275862068966,7691.2301538461525
12,15184,0.842825,0.0350715625,0.7506083604385013,0.6206896551724137,7502.916083333333
13,9211,0.6125,0.37021875,0.8399349475966751,0.6206896551724137,7501.832749999999
14,10894,0.125,0.6875,0.8107697867726779,0.3448275862068966,6153.99946153846
15,10451,0.1125,0.6593125,0.6440983014094687,0.0,6000.699299999999
16,21704,0.8329000000000001,0.87240625,0.9534513913986267,1.0,5882.469764705881
17,479,0.12499999999999986,0.5,0.62643055053608,0.6206896551724137,4999.916083333333
18,8193,0.3625,0.3953125,0.9004216359474762,1.0,4704.822705882352
19,18657,0.52335,0.28025625,0.917588242380436,0.6896551724137931,4667.399533333332
20,5898,0.875,0.265309375,0.8349837368991687,0.3448275862068966,3849.691769230769
21,21776,0.3388375,0.147875,0.9749066377544873,0.6206896551724137,3335.8327499999996
22,16974,0.7143125,0.38103125000000004,0.8539091675701722,0.9655172413793103,3333.599533333333
23,18986,0.1724825,0.90565625,0.9034815082520178,0.9655172413793103,3333.2661999999996
24,5009,0.625,0.1875,0.7023551379351886,0.3448275862068966,3073.691769230769
25,18253,0.838875,0.39475,0.8855318636308878,0.8275862068965517,3000.29965
26,13091,0.625,0.840625,0.7000216841344417,0.6896551724137931,2667.0661999999998
27,11988,0.375,0.95796875,0.7352017829177208,0.27586206896551724,2500.3327499999996
28,16898,0.5827375,0.38490625,0.8634140465004215,0.8275862068965517,1999.44965
29,16939,0.4045375,0.37009375,0.8396096855800506,0.8275862068965517,1998.09965
30,12384,0.6125,0.8815625,0.8742561137212383,0.3448275862068966,1538.2302307692305
31,16795,0.6545375,0.0575940625,0.8396096855800506,0.9655172413793103,1334.799533333333
32,3450,0.3625,0.184375,0.752969521744368,0.9655172413793103,1331.5328666666665
33,10250,0.8625,0.6005625,0.8888085772798457,1.0,1176.5874117647056
34,3902,0.375,0.3390625,0.6552355137935189,1.0,1164.6815294117644
35,934,0.75,0.015625,0.62643055053608,1.0,1056.975764705882
36,6082,0.875,0.121875,0.7074798217082279,0.27586206896551724,831.0910833333332
37,9674,0.875,0.559375,0.9248042404529574,0.0,800.0293999999999
38,17880,0.696275,0.92909375,0.8664377785808939,0.0,799.9793999999998
39,9859,0.8625,0.456875,0.8973135766775088,0.13793103448275862,555.6107222222222
40,9533,0.875,0.496875,0.8289001325141548,0.6896551724137931,465.6129333333333
41,939,0.4375,0.015625,0.62643055053608,0.48275862068965514,352.1525882352941
42,2814,0.125,0.042315000000000005,0.7767256956993133,1.0,146.35294117647055
43,15057,0.12499999999999992,0.036905625,0.7740151788941092,1.0,144.4705882352941
44,17281,0.12499999999999992,0.29940625,0.8776894350078304,1.0,122.82352941176468
45,19838,0.3388625,0.2665625,0.9276593181544391,1.0,122.23529411764703
46,18535,0.3625,0.277578125,0.9091555234309118,0.0,120.99999999999997
47,18535,0.3625,0.277578125,0.9091555234309118,1.0,116.11764705882351
48,3582,0.3625,0.278125,0.8796530538489338,1.0,113.52941176470586
49,2532,0.1125,0.3125,0.62643055053608,1.0,110.58823529411762
50,4336,0.6125,0.262071875,0.9472834598241175,1.0,109.99999999999997
51,3920,0.375,0.3125,0.62643055053608,1.0,109.52941176470586
52,3544,0.3625,0.3125,0.62643055053608,1.0,107.64705882352939
53,18535,0.3625,0.277578125,0.9091555234309118,0.27586206896551724,106.66666666666666
54,2360,0.1125,0.059375,0.62643055053608,1.0,105.17647058823528
55,2278,0.1125,0.294746875,0.8743645343934465,1.0,104.94117647058822
56,6113,0.875,0.059375,0.62643055053608,1.0,103.64705882352939
57,4556,0.6125,0.3125,0.62643055053608,1.0,102.35294117647057
58,5101,0.625,0.059375,0.62643055053608,1.0,102.11764705882351
59,19837,0.31515,0.26500625,0.9300566196843754,1.0,100.70588235294116
60,15053,0.3625,0.036951875,0.7741838332730996,1.0,99.88235294117645
61,3125,0.125,0.109803125,0.9472834598241175,1.0,99.17647058823528
62,19853,0.12499999999999992,0.25565625000000003,0.9433080351764848,1.0,99.17647058823528
63,15044,0.125,0.033780624999999995,0.7456993133357427,1.0,98.94117647058822
64,19846,0.332925,0.269296875,0.9233224912661124,1.0,98.35294117647057
65,3122,0.125,0.13098749999999998,0.9729671123960967,1.0,98.35294117647057
66,2622,0.1125,0.0464478125,0.7905914950006022,1.0,97.99999999999999
67,4089,0.375,0.059375,0.62643055053608,1.0,97.99999999999999
68,2531,0.1125,0.3125,0.6508384531984098,1.0,97.88235294117645
69,2883,0.125,0.3390625,0.735933020118058,0.13793103448275862,97.77777777777777
70,4198,0.375,0.2384375,0.9629442235875195,1.0,97.76470588235291
71,4932,0.625,0.3125,0.62643055053608,1.0,97.2941176470588
72,15043,0.14467375,0.0350715625,0.7506083604385013,1.0,97.17647058823528
73,5568,0.8625,0.3125,0.62643055053608,1.0,97.05882352941174
74,3917,0.375,0.3125,0.6508384531984098,1.0,96.11764705882351
75,4384,0.6125,0.059375,0.62643055053608,1.0,95.76470588235291
76,19866,0.273375,0.258378125,0.9396458258041199,1.0,95.64705882352939
77,19854,0.125,0.26811250000000003,0.9252258764004336,1.0,95.17647058823528
78,3136,0.125,0.04040375,0.7863028550777015,1.0,95.05882352941174
79,19832,0.3387875,0.25725312499999997,0.9411757619563906,1.0,94.23529411764704
80,18571,0.3625,0.2899875,0.8984941573304421,0.0,94.09999999999998
81,18650,0.375,0.2899875,0.8984941573304421,1.0,93.99999999999999
82,3543,0.3625,0.3125,0.6508384531984098,1.0,93.88235294117645
83,19848,0.2736375,0.265409375,0.9294422358751956,1.0,92.82352941176468
84,5944,0.875,0.3125,0.62643055053608,1.0,92.82352941176468
85,2364,0.1125,0.0625,0.62643055053608,1.0,92.4705882352941
86,2278,0.1125,0.294746875,0.8743645343934465,0.0,92.19999999999999
87,19873,0.12499999999999992,0.25565625000000003,0.9560293940489097,1.0,91.88235294117645
88,2813,0.125,0.038275312500000006,0.762462353933261,1.0,91.88235294117645
89,3920,0.375,0.3125,0.62643055053608,0.0,90.99999999999999
90,3583,0.3625,0.278125,0.8578604987350921,1.0,90.8705882352941
91,19840,0.24392624999999998,0.263459375,0.9323816407661726,1.0,90.58823529411762
92,3076,0.125,0.0625,0.62643055053608,1.0,90.23529411764704
93,19833,0.315125,0.25880000000000003,0.9390555354776532,1.0,90.11764705882351
94,3372,0.3625,0.059375,0.62643055053608,1.0,89.99999999999999
95,19841,0.21412874999999998,0.265409375,0.9294422358751956,1.0,89.76470588235293
96,19847,0.30322499999999997,0.26735000000000003,0.9264305505360798,1.0,89.76470588235293
97,5400,0.8625,0.0625,0.62643055053608,1.0,89.64705882352939
98,4555,0.6125,0.3125,0.6508384531984098,1.0,89.05882352941174
99,3582,0.3625,0.278125,0.8796530538489338,0.0,88.99999999999999
100,2883,0.125,0.3390625,0.735933020118058,0.8275862068965517,88.5
101,19926,0.6125,0.25570312500000003,0.9432478014697024,1.0,88.35294117647057
102,6679,0.125,0.34684375,0.7478014697024454,0.8275862068965517,88.3
103,19858,0.24375,0.260321875,0.9369232622575593,1.0,87.99999999999999
104,19839,0.3625,0.26811250000000003,0.9252258764004336,1.0,87.88235294117645
105,3920,0.375,0.3125,0.62643055053608,0.27586206896551724,87.49999999999999
106,21207,0.375,0.24936250000000001,0.9511866040236115,1.0,87.17647058823528
107,2356,0.1125,0.059375,0.6508384531984098,1.0,85.99999999999999
108,21206,0.4046875,0.24742187499999999,0.9534513913986267,1.0,85.99999999999999
109,3582,0.3625,0.278125,0.8796530538489338,0.27586206896551724,85.83333333333331
110,3299,0.3625,0.28125,0.8367546078785688,1.0,85.64705882352939
111,3633,0.3625,0.042315000000000005,0.7767256956993133,1.0,85.41176470588233
112,4929,0.625,0.3125,0.6508384531984098,1.0,85.41176470588233
113,2883,0.125,0.3390625,0.735933020118058,0.6896551724137931,85.19999999999999
114,18557,0.12499999999999992,0.27753125,0.9092398506204071,0.6206896551724137,85.16666666666666
115,3569,0.3625,0.3390625,0.735933020118058,0.8275862068965517,85.0
116,19873,0.12499999999999992,0.25565625000000003,0.9560293940489097,0.0,84.99999999999999
117,19831,0.3625,0.25570312500000003,0.9432478014697024,1.0,84.70588235294116
118,19834,0.2914125,0.260353125,0.9368871220334899,1.0,84.4705882352941
119,3372,0.3625,0.059375,0.62643055053608,0.6206896551724137,84.16666666666666
120,5104,0.625,0.059375,0.6508384531984098,1.0,83.99999999999999
121,18535,0.3625,0.277578125,0.9091555234309118,0.13793103448275862,83.88888888888889
122,2893,0.125,0.3390625,0.7157583423683893,0.13793103448275862,83.88888888888889
123,19838,0.3388625,0.2665625,0.9276593181544391,0.6206896551724137,83.83333333333331
124,3099,0.125,0.29553124999999997,0.8865317431634743,1.0,83.52941176470587
125,3372,0.3625,0.059375,0.62643055053608,0.27586206896551724,83.33333333333331
126,2360,0.1125,0.059375,0.62643055053608,0.27586206896551724,83.33333333333331
127,4384,0.6125,0.059375,0.62643055053608,0.27586206896551724,83.33333333333331
128,5396,0.8625,0.059375,0.62643055053608,0.27586206896551724,83.33333333333331
129,4089,0.375,0.059375,0.62643055053608,0.27586206896551724,83.33333333333331
130,19872,0.125,0.26811250000000003,0.9382363570654136,1.0,83.17647058823528
131,3569,0.3625,0.3390625,0.735933020118058,0.6896551724137931,83.13333333333333
132,6116,0.875,0.059375,0.6508384531984098,1.0,82.82352941176468
133,4388,0.6125,0.0625,0.62643055053608,1.0,82.70588235294116
134,19852,0.14877,0.257215625,0.9412239489218166,1.0,82.58823529411762
135,4384,0.6125,0.059375,0.62643055053608,0.6206896551724137,82.49999999999999
136,2908,0.125,0.3125,0.62643055053608,1.0,82.4705882352941
137,17261,0.12499999999999992,0.29940625,0.8635586073966991,1.0,82.4705882352941
138,6679,0.125,0.34684375,0.7478014697024454,0.9655172413793103,82.46666666666665
139,2883,0.125,0.3390625,0.735933020118058,0.9655172413793103,81.93333333333332
140,19865,0.3031125,0.256428125,0.9422840621611853,1.0,81.88235294117645
141,3632,0.3625,0.038275312500000006,0.762462353933261,1.0,81.76470588235293
142,5396,0.8625,0.059375,0.62643055053608,0.6206896551724137,81.66666666666666
143,18551,0.3032375,0.289225,0.8863871822671968,1.0,81.64705882352939
144,5567,0.8625,0.3125,0.6508384531984098,1.0,81.64705882352939
145,3917,0.375,0.3125,0.6508384531984098,0.0,80.99999999999999
146,19946,0.375,0.26811250000000003,0.9382363570654136,0.0,80.99999999999999
147,6679,0.125,0.34684375,0.7478014697024454,0.6896551724137931,80.86666666666666
148,17239,0.3625,0.299453125,0.8634501867244909,1.0,80.82352941176468
149,5941,0.875,0.3125,0.6508384531984098,1.0,80.70588235294116
150,7871,0.3625,0.34684375,0.7478014697024454,0.8275862068965517,80.5
151,19847,0.30322499999999997,0.26735000000000003,0.9264305505360798,0.0,80.49999999999999
152,17319,0.375,0.29940625,0.8635586073966991,1.0,80.4705882352941
153,2879,0.125,0.309375,0.8107697867726779,1.0,80.4705882352941
154,3570,0.3625,0.309375,0.8107697867726779,1.0,80.44705882352939
155,18550,0.33294999999999997,0.291175,0.882231056499217,1.0,80.23529411764704
156,3104,0.125,0.262071875,0.9472834598241175,0.0,80.09999999999998
157,2532,0.1125,0.3125,0.62643055053608,0.6206896551724137,79.99999999999999
158,3372,0.3625,0.059375,0.62643055053608,0.0,79.99999999999999
159,5101,0.625,0.059375,0.62643055053608,0.0,79.99999999999999
160,6113,0.875,0.059375,0.62643055053608,0.0,79.99999999999999
161,5396,0.8625,0.059375,0.62643055053608,0.0,79.99999999999999
162,19872,0.125,0.26811250000000003,0.9382363570654136,0.0,79.99999999999999
163,3922,0.375,0.309375,0.7059462715335502,1.0,79.99999999999999
164,3569,0.3625,0.3390625,0.735933020118058,0.9655172413793103,79.8
165,18571,0.3625,0.2899875,0.8984941573304421,0.27586206896551724,79.74999999999999
166,2621,0.1125,0.042315000000000005,0.7767256956993133,1.0,79.64705882352939
167,2544,0.1125,0.3390625,0.7157583423683893,0.13793103448275862,79.44444444444444
168,17278,0.3625,0.29628125,0.8848572461149259,0.0,79.19999999999999
169,4380,0.6125,0.059375,0.6508384531984098,1.0,79.17647058823528
170,19859,0.21412,0.258378125,0.9396458258041199,1.0,79.17647058823528
171,18575,0.125,0.2931125,0.8918564028430309,1.0,79.05882352941175
172,3145,0.125,0.33128437499999996,0.7470545717383447,0.8275862068965517,79.0
173,4932,0.625,0.3125,0.62643055053608,0.0,78.99999999999999
174,3368,0.3625,0.059375,0.6508384531984098,1.0,78.8235294117647
175,18576,0.125,0.2899875,0.8984941573304421,0.6206896551724137,78.74999999999999
176,18552,0.27366250000000003,0.287284375,0.8904228406216118,1.0,78.70588235294116
177,4092,0.375,0.059375,0.6508384531984098,1.0,78.35294117647057
178,15876,0.34285,0.335575,0.7718347187085892,0.8275862068965517,78.0
179,6112,0.875,0.0625,0.62643055053608,1.0,77.99999999999999
180,2532,0.1125,0.3125,0.62643055053608,0.3448275862068966,77.69230769230768
181,3538,0.3625,0.309375,0.7059462715335502,1.0,77.64705882352939
182,19832,0.3387875,0.25725312499999997,0.9411757619563906,0.6206896551724137,77.58333333333333
183,2360,0.1125,0.059375,0.62643055053608,0.6206896551724137,77.49999999999999
184,5101,0.625,0.059375,0.62643055053608,0.6206896551724137,77.49999999999999
185,6113,0.875,0.059375,0.62643055053608,0.6206896551724137,77.49999999999999
186,3917,0.375,0.3125,0.6508384531984098,0.27586206896551724,77.49999999999999
187,2532,0.1125,0.3125,0.62643055053608,0.27586206896551724,77.49999999999999
188,7871,0.3625,0.34684375,0.7478014697024454,0.6896551724137931,77.13333333333333
189,15886,0.14471,0.335575,0.7718347187085892,0.8275862068965517,77.0
190,19846,0.332925,0.269296875,0.9233224912661124,0.0,76.99999999999999
191,2532,0.1125,0.3125,0.62643055053608,0.0,76.99999999999999
192,3345,0.3625,0.109803125,0.9472834598241175,1.0,76.70588235294116
193,18557,0.12499999999999992,0.27753125,0.9092398506204071,0.3448275862068966,76.69230769230768
194,19946,0.375,0.26811250000000003,0.9382363570654136,0.27586206896551724,76.66666666666666
195,4089,0.375,0.059375,0.62643055053608,0.6206896551724137,76.66666666666666
196,3145,0.125,0.33128437499999996,0.7470545717383447,0.6896551724137931,76.53333333333332
197,3093,0.125,0.33147187499999997,0.7863028550777015,0.8275862068965517,76.5
198,17337,0.375,0.29628125,0.8708709794000722,1.0,76.4705882352941
199,2278,0.1125,0.294746875,0.8743645343934465,0.27586206896551724,76.33333333333333
200,18547,0.1546325,0.291175,0.882231056499217,1.0,75.99999999999999
201,15886,0.14471,0.335575,0.7718347187085892,0.6896551724137931,75.93333333333332
202,19835,0.267775,0.2619,0.9346705216239007,1.0,75.88235294117645
203,4932,0.625,0.3125,0.62643055053608,0.27586206896551724,75.83333333333333
204,3920,0.375,0.3125,0.62643055053608,0.6206896551724137,75.83333333333333
205,18567,0.3625,0.27440625,0.9147693049030237,1.0,75.76470588235293
206,2905,0.125,0.3125,0.6508384531984098,1.0,75.76470588235293
207,2778,0.125,0.10855624999999999,0.9325864353692326,1.0,75.64705882352939
208,3116,0.125,0.17483437500000001,0.9989157932779182,1.0,75.64705882352939
209,4119,0.375,0.2408875,0.9729671123960967,1.0,75.41176470588233
210,19838,0.3388625,0.2665625,0.9276593181544391,0.3448275862068966,75.15384615384615
211,18576,0.125,0.2899875,0.8984941573304421,1.0,75.05882352941175
212,19946,0.375,0.26811250000000003,0.9382363570654136,1.0,75.05882352941175
213,5101,0.625,0.059375,0.62643055053608,0.27586206896551724,74.99999999999999
214,6113,0.875,0.059375,0.62643055053608,0.27586206896551724,74.99999999999999
215,3077,0.125,0.059375,0.62643055053608,0.27586206896551724,74.99999999999999
216,3076,0.125,0.0625,0.62643055053608,0.27586206896551724,74.99999999999999
217,5944,0.875,0.3125,0.62643055053608,0.0,74.99999999999999
218,21166,0.3625,0.23065625,0.9821949162751474,1.0,74.8235294117647
219,15876,0.34285,0.335575,0.7718347187085892,0.6896551724137931,74.66666666666666
220,3920,0.375,0.3125,0.62643055053608,0.3448275862068966,74.6153846153846
221,18536,0.33876249999999997,0.279128125,0.9063124924707866,1.0,74.58823529411764
222,19836,0.2915,0.26345625,0.9323816407661726,1.0,74.58823529411764
223,17278,0.3625,0.29628125,0.8848572461149259,0.6206896551724137,74.49999999999999
224,18540,0.29151249999999995,0.28533125,0.8943741717865318,1.0,74.23529411764704
225,7871,0.3625,0.34684375,0.7478014697024454,0.9655172413793103,74.13333333333333
226,15876,0.34285,0.335575,0.7718347187085892,0.9655172413793103,73.99999999999999
227,3544,0.3625,0.3125,0.62643055053608,0.6896551724137931,73.99999999999999
228,3171,0.125,0.26331875,0.9325864353692326,0.0,73.99999999999999
229,2879,0.125,0.309375,0.8107697867726779,0.0,73.99999999999999
230,4556,0.6125,0.3125,0.62643055053608,0.0,73.99999999999999
231,15886,0.14471,0.335575,0.7718347187085892,0.9655172413793103,73.73333333333332
232,2806,0.125,0.040591875,0.7470545717383447,1.0,73.64705882352939
233,18562,0.24375,0.282196875,0.9005300566196843,1.0,73.52941176470587
234,19848,0.2736375,0.265409375,0.9294422358751956,0.0,73.49999999999999
235,21150,0.125,0.24623750000000003,0.9547885796891941,1.0,73.41176470588233
236,2816,0.125,0.0506703125,0.8040477050957715,1.0,73.41176470588233
237,3544,0.3625,0.3125,0.62643055053608,0.9655172413793103,73.33333333333333
238,2532,0.1125,0.3125,0.62643055053608,0.9655172413793103,73.33333333333333
239,2532,0.1125,0.3125,0.62643055053608,0.6896551724137931,73.33333333333333
240,4556,0.6125,0.3125,0.62643055053608,0.27586206896551724,73.33333333333333
241,3593,0.3625,0.278125,0.9014576557041319,1.0,73.17647058823528
242,2883,0.125,0.3390625,0.735933020118058,0.0,73.09999999999998
243,5568,0.8625,0.3125,0.62643055053608,0.0,72.99999999999999
244,3145,0.125,0.33128437499999996,0.7470545717383447,0.9655172413793103,72.93333333333332
245,17278,0.3625,0.29628125,0.8848572461149259,0.27586206896551724,72.83333333333333
246,3077,0.125,0.059375,0.62643055053608,1.0,72.81176470588234
247,3937,0.375,0.28125,0.62643055053608,1.0,72.70588235294116
248,18557,0.12499999999999992,0.27753125,0.9092398506204071,0.9655172413793103,72.66666666666666
249,18539,0.267775,0.283775,0.8974701843151427,1.0,72.58823529411764
250,19247,0.15478625,0.11616562500000001,0.955957113600771,1.0,72.35294117647057
251,21199,0.6125,0.24936250000000001,0.9511866040236115,1.0,72.23529411764704
252,18541,0.31515,0.28688125000000003,0.8912420190338513,1.0,72.11764705882351
253,19882,0.14869125,0.26655937500000004,0.9406457053367063,1.0,72.11764705882351
254,2727,0.125,0.17785625,0.9873750150584266,1.0,71.88235294117645
255,18569,0.3031,0.278303125,0.9078303818817011,1.0,71.76470588235293
256,17270,0.125,0.29628125,0.8708709794000722,1.0,71.76470588235293
257,3569,0.3625,0.3390625,0.735933020118058,0.13793103448275862,71.66666666666667
258,3077,0.125,0.059375,0.62643055053608,0.6206896551724137,71.66666666666666
259,5944,0.875,0.3125,0.62643055053608,0.27586206896551724,71.66666666666666
260,5568,0.8625,0.3125,0.62643055053608,0.27586206896551724,71.66666666666666
261,4088,0.375,0.0625,0.62643055053608,0.6206896551724137,71.66666666666666
262,19873,0.12499999999999992,0.25565625000000003,0.9560293940489097,0.27586206896551724,71.66666666666666
263,3584,0.3625,0.278125,0.8360558968798939,1.0,71.63529411764705
264,19849,0.21993625,0.261884375,0.9346946151066136,1.0,71.52941176470587
265,2297,0.1125,0.329559375,0.7767256956993133,0.6896551724137931,71.33333333333333
266,4934,0.625,0.309375,0.7059462715335502,1.0,71.17647058823528
267,2325,0.1125,0.16744375,0.9969883146608842,1.0,71.17647058823528
268,18563,0.21414625000000004,0.28025625,0.904216359474762,1.0,71.05882352941175
269,19857,0.19616125,0.26344375000000003,0.9323936875075292,1.0,71.05882352941175
270,4929,0.625,0.3125,0.6508384531984098,0.0,70.99999999999999
271,2908,0.125,0.3125,0.62643055053608,0.0,70.99999999999999
272,2893,0.125,0.3390625,0.7157583423683893,0.0,70.99999999999999
273,15117,0.375,0.036905625,0.7574509095289723,1.0,70.94117647058822
274,2908,0.125,0.3125,0.62643055053608,0.27586206896551724,70.83333333333333
275,19866,0.273375,0.258378125,0.9396458258041199,0.6206896551724137,70.83333333333333
276,3544,0.3625,0.3125,0.62643055053608,0.27586206896551724,70.83333333333333
277,3104,0.125,0.262071875,0.9472834598241175,0.27586206896551724,70.83333333333333
278,18553,0.21993625,0.283759375,0.8974942777978557,1.0,70.8235294117647
279,19860,0.18438875000000002,0.256428125,0.9422840621611853,1.0,70.8235294117647
280,4289,0.6125,0.256696875,0.9419226599204914,1.0,70.8235294117647
281,3298,0.3625,0.28125,0.8586073966991927,1.0,70.6705882352941
282,2297,0.1125,0.329559375,0.7767256956993133,0.9655172413793103,70.66666666666666
283,18544,0.24392624999999998,0.28533437500000003,0.8943741717865318,1.0,70.58823529411764
284,19859,0.21412,0.258378125,0.9396458258041199,0.0,70.49999999999999
285,19913,0.3986875,0.26655937500000004,0.9276713648957956,1.0,70.35294117647058
286,18552,0.27366250000000003,0.287284375,0.8904228406216118,0.0,70.29999999999998
287,19847,0.30322499999999997,0.26735000000000003,0.9264305505360798,0.27586206896551724,70.24999999999999
288,18576,0.125,0.2899875,0.8984941573304421,0.3448275862068966,70.23076923076923
289,21207,0.375,0.24936250000000001,0.9511866040236115,0.6206896551724137,70.16666666666666
290,2363,0.1125,0.0625,0.65293579086857,1.0,70.11764705882351
291,19832,0.3387875,0.25725312499999997,0.9411757619563906,0.3448275862068966,70.07692307692307
292,5100,0.625,0.0625,0.62643055053608,0.6206896551724137,69.99999999999999
293,3544,0.3625,0.3125,0.62643055053608,0.6206896551724137,69.99999999999999
294,4089,0.375,0.059375,0.62643055053608,0.0,69.99999999999999
295,2360,0.1125,0.059375,0.62643055053608,0.0,69.99999999999999
296,2364,0.1125,0.0625,0.62643055053608,0.0,69.99999999999999
297,5100,0.625,0.0625,0.62643055053608,0.0,69.99999999999999
298,5104,0.625,0.059375,0.6508384531984098,0.0,69.99999999999999
299,6112,0.875,0.0625,0.62643055053608,0.0,69.99999999999999
300,4384,0.6125,0.059375,0.62643055053608,0.0,69.99999999999999
301,5392,0.8625,0.059375,0.6508384531984098,0.0,69.99999999999999
302,3544,0.3625,0.3125,0.62643055053608,0.0,69.99999999999999
303,4388,0.6125,0.0625,0.62643055053608,0.0,69.99999999999999
304,4380,0.6125,0.059375,0.6508384531984098,0.0,69.99999999999999
305,3077,0.125,0.059375,0.62643055053608,0.0,69.99999999999999
306,3076,0.125,0.0625,0.62643055053608,0.0,69.99999999999999
307,3571,0.3625,0.309375,0.789519335019877,1.0,69.99999999999999
308,19845,0.3625,0.2712375,0.9201421515480062,1.0,69.99999999999999
309,2910,0.125,0.309375,0.7059462715335502,1.0,69.88235294117645
310,19840,0.24392624999999998,0.263459375,0.9323816407661726,0.0,69.79999999999998
311,3117,0.125,0.16744375,0.9969883146608842,1.0,69.76470588235293
312,18570,0.27335000000000004,0.28025625,0.904216359474762,1.0,69.76470588235293
313,4594,0.6125,0.278125,0.8796530538489338,1.0,69.64705882352939
314,2297,0.1125,0.329559375,0.7767256956993133,0.8275862068965517,69.5
315,3163,0.125,0.25,0.9282857487049753,1.0,69.41176470588233
316,21137,0.21414999999999998,0.24353125000000003,0.957752078062884,1.0,69.29411764705881
317,17337,0.375,0.29628125,0.8708709794000722,0.6206896551724137,69.24999999999999
318,19241,0.3328,0.11616562500000001,0.955957113600771,1.0,69.17647058823528
319,6112,0.875,0.0625,0.62643055053608,0.6206896551724137,69.16666666666666
320,2531,0.1125,0.3125,0.6508384531984098,0.6206896551724137,69.16666666666666
321,4550,0.6125,0.309375,0.7059462715335502,1.0,69.05882352941175
322,2658,0.1125,0.10201875,0.9224189856643776,1.0,69.05882352941175
323,3583,0.3625,0.278125,0.8578604987350921,0.0,68.99999999999999
324,19854,0.125,0.26811250000000003,0.9252258764004336,0.0,68.99999999999999
325,17239,0.3625,0.299453125,0.8634501867244909,0.6206896551724137,68.74999999999999
326,3932,0.375,0.28125,0.6545717383447777,1.0,68.70588235294116
327,19920,0.375,0.25565625000000003,0.9433080351764848,1.0,68.70588235294116
328,19925,0.6125,0.26811250000000003,0.9252258764004336,1.0,68.70588235294116
329,3093,0.125,0.33147187499999997,0.7863028550777015,0.6896551724137931,68.66666666666666
330,8155,0.3625,0.3421875,0.7468979641007107,0.8275862068965517,68.5
331,3544,0.3625,0.3125,0.62643055053608,0.3448275862068966,68.46153846153845
332,18537,0.315125,0.280675,0.9034212745452354,1.0,68.35294117647058
333,4929,0.625,0.3125,0.6508384531984098,0.27586206896551724,68.33333333333333
334,19837,0.31515,0.26500625,0.9300566196843754,0.6206896551724137,68.24999999999999
335,3172,0.125,0.26985625,0.9224189856643776,1.0,68.23529411764704
336,18567,0.3625,0.27440625,0.9147693049030237,0.0,68.19999999999999
337,18557,0.12499999999999992,0.27753125,0.9092398506204071,0.6896551724137931,67.99999999999999
338,19839,0.3625,0.26811250000000003,0.9252258764004336,0.6206896551724137,67.99999999999999
339,4555,0.6125,0.3125,0.6508384531984098,0.0,67.99999999999999
340,3299,0.3625,0.28125,0.8367546078785688,0.0,67.99999999999999
341,19858,0.24375,0.260321875,0.9369232622575593,0.0,67.99999999999999
342,15046,0.342825,0.0350715625,0.7506083604385013,1.0,67.99999999999999
343,19851,0.1724775,0.258771875,0.939103722443079,1.0,67.99999999999999
344,18542,0.338875,0.2884375,0.8880255390916757,1.0,67.88235294117645
345,18536,0.33876249999999997,0.279128125,0.9063124924707866,0.0,67.79999999999998
346,6664,0.125,0.3453125,0.7157583423683893,0.13793103448275862,67.77777777777777
347,3171,0.125,0.26331875,0.9325864353692326,0.13793103448275862,67.77777777777777
348,19207,0.14877125,0.11342812499999999,0.9395494518732683,1.0,67.76470588235293
349,19856,0.17245749999999999,0.265,0.9300686664257317,1.0,67.76470588235293
350,19852,0.14877,0.257215625,0.9412239489218166,0.0,67.6
351,18568,0.3327375,0.276359375,0.9113359836164318,1.0,67.52941176470587
352,4932,0.625,0.3125,0.62643055053608,0.6206896551724137,67.49999999999999
353,2879,0.125,0.309375,0.8107697867726779,0.27586206896551724,67.49999999999999
354,4556,0.6125,0.3125,0.62643055053608,0.6206896551724137,67.49999999999999
355,18551,0.3032375,0.289225,0.8863871822671968,0.0,67.49999999999999
356,21242,0.375,0.24623750000000003,0.9673292374412721,1.0,67.41176470588233
357,8155,0.3625,0.3421875,0.7468979641007107,0.6896551724137931,67.33333333333333
358,2531,0.1125,0.3125,0.6508384531984098,0.6896551724137931,67.33333333333333
359,2531,0.1125,0.3125,0.6508384531984098,0.9655172413793103,67.33333333333333
360,3124,0.125,0.1167875,0.9567642452716538,1.0,67.05882352941175
361,3313,0.3625,0.33147187499999997,0.7863028550777015,0.8275862068965517,67.0
362,18550,0.33294999999999997,0.291175,0.882231056499217,0.6206896551724137,66.99999999999999
363,2544,0.1125,0.3390625,0.7157583423683893,0.0,66.99999999999999
364,4932,0.625,0.3125,0.62643055053608,0.3448275862068966,66.92307692307692
365,2531,0.1125,0.3125,0.6508384531984098,0.3448275862068966,66.92307692307692
366,19838,0.3388625,0.2665625,0.9276593181544391,0.0,66.79999999999998
367,21200,0.5829,0.24742187499999999,0.9534513913986267,1.0,66.70588235294116
368,3145,0.125,0.33128437499999996,0.7470545717383447,0.13793103448275862,66.66666666666667
369,3372,0.3625,0.059375,0.62643055053608,0.9655172413793103,66.66666666666666
370,2360,0.1125,0.059375,0.62643055053608,0.9655172413793103,66.66666666666666
371,4384,0.6125,0.059375,0.62643055053608,0.9655172413793103,66.66666666666666
372,4089,0.375,0.059375,0.62643055053608,0.9655172413793103,66.66666666666666
373,5396,0.8625,0.059375,0.62643055053608,0.9655172413793103,66.66666666666666
374,3077,0.125,0.059375,0.62643055053608,0.9655172413793103,66.66666666666666
375,2356,0.1125,0.059375,0.6508384531984098,0.27586206896551724,66.66666666666666
376,3368,0.3625,0.059375,0.6508384531984098,0.27586206896551724,66.66666666666666
377,3376,0.3625,0.0625,0.62643055053608,0.27586206896551724,66.66666666666666
378,2364,0.1125,0.0625,0.62643055053608,0.27586206896551724,66.66666666666666
379,5100,0.625,0.0625,0.62643055053608,0.27586206896551724,66.66666666666666
380,4088,0.375,0.0625,0.62643055053608,0.27586206896551724,66.66666666666666
381,5104,0.625,0.059375,0.6508384531984098,0.27586206896551724,66.66666666666666
382,6116,0.875,0.059375,0.6508384531984098,0.27586206896551724,66.66666666666666
383,3299,0.3625,0.28125,0.8367546078785688,0.27586206896551724,66.66666666666666
384,3917,0.375,0.3125,0.6508384531984098,0.6206896551724137,66.66666666666666
385,6112,0.875,0.0625,0.62643055053608,0.27586206896551724,66.66666666666666
386,5392,0.8625,0.059375,0.6508384531984098,0.27586206896551724,66.66666666666666
387,4380,0.6125,0.059375,0.6508384531984098,0.27586206896551724,66.66666666666666
388,4388,0.6125,0.0625,0.62643055053608,0.27586206896551724,66.66666666666666
389,2531,0.1125,0.3125,0.6508384531984098,0.27586206896551724,66.66666666666666
390,5400,0.8625,0.0625,0.62643055053608,0.27586206896551724,66.66666666666666
391,3583,0.3625,0.278125,0.8578604987350921,0.27586206896551724,66.66666666666666
392,19841,0.21412874999999998,0.265409375,0.9294422358751956,0.0,66.49999999999999
393,4556,0.6125,0.3125,0.62643055053608,0.3448275862068966,66.15384615384615
394,3356,0.3625,0.04040375,0.7863028550777015,1.0,66.11764705882352
395,18571,0.3625,0.2899875,0.8984941573304421,0.13793103448275862,66.11111111111111
396,2893,0.125,0.3390625,0.7157583423683893,0.8275862068965517,66.0
397,18547,0.1546325,0.291175,0.882231056499217,0.0,65.99999999999999
398,2531,0.1125,0.3125,0.6508384531984098,0.0,65.99999999999999
399,3543,0.3625,0.3125,0.6508384531984098,0.0,65.99999999999999
400,5941,0.875,0.3125,0.6508384531984098,0.0,65.99999999999999
401,3105,0.125,0.2550875,0.9567642452716538,0.0,65.99999999999999
402,5562,0.8625,0.309375,0.7059462715335502,1.0,65.99999999999999
403,18554,0.1962575,0.28220625,0.9005180098783278,1.0,65.99999999999999
404,5946,0.875,0.309375,0.7059462715335502,1.0,65.99999999999999
405,19837,0.31515,0.26500625,0.9300566196843754,0.0,65.89999999999999
406,19865,0.3031125,0.256428125,0.9422840621611853,0.0,65.89999999999999
407,4555,0.6125,0.3125,0.6508384531984098,0.27586206896551724,65.83333333333333
408,19872,0.125,0.26811250000000003,0.9382363570654136,0.27586206896551724,65.83333333333333
409,5568,0.8625,0.3125,0.62643055053608,0.6206896551724137,65.83333333333333
410,3543,0.3625,0.3125,0.6508384531984098,0.27586206896551724,65.83333333333333
411,5400,0.8625,0.0625,0.62643055053608,0.6206896551724137,65.83333333333333
412,19848,0.2736375,0.265409375,0.9294422358751956,0.6206896551724137,65.83333333333333
413,2878,0.125,0.309375,0.789519335019877,1.0,65.76470588235293
414,3285,0.3625,0.25,0.9282857487049753,0.27586206896551724,65.74999999999999
415,6664,0.125,0.3453125,0.7157583423683893,0.8275862068965517,65.5
416,17239,0.3625,0.299453125,0.8634501867244909,0.0,65.49999999999999
417,20591,0.375,0.12440625000000001,0.9659559089266353,1.0,65.41176470588233
418,8155,0.3625,0.3421875,0.7468979641007107,0.9655172413793103,65.33333333333333
419,3093,0.125,0.33147187499999997,0.7863028550777015,0.9655172413793103,65.33333333333333
420,19191,0.3625,0.11498749999999999,0.9416696783520058,1.0,65.29411764705881
421,19842,0.18444500000000003,0.26735000000000003,0.9264305505360798,1.0,65.29411764705881
422,21206,0.4046875,0.24742187499999999,0.9534513913986267,0.6206896551724137,65.24999999999999
423,19831,0.3625,0.25570312500000003,0.9432478014697024,0.6206896551724137,65.24999999999999
424,19846,0.332925,0.269296875,0.9233224912661124,0.27586206896551724,65.24999999999999
425,19835,0.267775,0.2619,0.9346705216239007,0.0,65.19999999999999
426,19206,0.125,0.11498749999999999,0.9416696783520058,1.0,65.17647058823528
427,3368,0.3625,0.059375,0.6508384531984098,0.6206896551724137,64.99999999999999
428,3376,0.3625,0.0625,0.62643055053608,0.6206896551724137,64.99999999999999
429,2908,0.125,0.3125,0.62643055053608,0.6206896551724137,64.99999999999999
430,4388,0.6125,0.0625,0.62643055053608,0.6206896551724137,64.99999999999999
431,5567,0.8625,0.3125,0.6508384531984098,0.0,64.99999999999999
432,4290,0.6125,0.26331875,0.9325864353692326,1.0,64.94117647058822
433,2822,0.125,0.0328125,0.735933020118058,1.0,64.94117647058822
434,3285,0.3625,0.25,0.9282857487049753,0.0,64.89999999999999
435,2820,0.125,0.038920937499999995,0.7352017829177208,1.0,64.70588235294116
436,3313,0.3625,0.33147187499999997,0.7863028550777015,0.9655172413793103,64.66666666666666
437,2908,0.125,0.3125,0.62643055053608,0.3448275862068966,64.61538461538461
438,5568,0.8625,0.3125,0.62643055053608,0.3448275862068966,64.61538461538461
439,6399,0.125,0.3421875,0.7468979641007107,0.8275862068965517,64.5
440,2544,0.1125,0.3390625,0.7157583423683893,0.8275862068965517,64.5
441,18566,0.125,0.27440625,0.9147693049030237,1.0,64.4705882352941
442,17282,0.125,0.29628125,0.8848572461149259,1.0,64.4705882352941
443,19945,0.375,0.2712375,0.933249006143838,1.0,64.4705882352941
444,17278,0.3625,0.29628125,0.8848572461149259,0.3448275862068966,64.46153846153845
445,19848,0.2736375,0.265409375,0.9294422358751956,0.27586206896551724,64.41666666666666
446,6395,0.125,0.34746875,0.7669437417178653,0.8275862068965517,64.4
447,18553,0.21993625,0.283759375,0.8974942777978557,0.0,64.39999999999999
448,3634,0.3625,0.0464478125,0.7905914950006022,1.0,64.35294117647058
449,2893,0.125,0.3390625,0.7157583423683893,0.6896551724137931,64.33333333333333
450,18567,0.3625,0.27440625,0.9147693049030237,0.27586206896551724,64.33333333333333
451,18568,0.3327375,0.276359375,0.9113359836164318,0.6206896551724137,64.24999999999999
452,18641,0.4047625,0.276359375,0.9113359836164318,1.0,64.23529411764704
453,3099,0.125,0.29553124999999997,0.8865317431634743,0.0,64.19999999999999
454,4380,0.6125,0.059375,0.6508384531984098,0.6206896551724137,64.16666666666666
455,5944,0.875,0.3125,0.62643055053608,0.6206896551724137,64.16666666666666
456,19882,0.14869125,0.26655937500000004,0.9406457053367063,0.0,63.999999999999986
457,18549,0.3625,0.2931125,0.8780026502830983,1.0,63.999999999999986
458,3917,0.375,0.3125,0.6508384531984098,0.3448275862068966,63.84615384615384
459,5944,0.875,0.3125,0.62643055053608,0.3448275862068966,63.84615384615384
460,19866,0.273375,0.258378125,0.9396458258041199,0.3448275862068966,63.76923076923076
461,19833,0.315125,0.25880000000000003,0.9390555354776532,0.6206896551724137,63.74999999999999
462,3339,0.3625,0.15274062500000002,0.9902300927599084,1.0,63.6470588235294
463,19951,0.5827625000000001,0.25448125,0.9575352367184676,1.0,63.6470588235294
464,5392,0.8625,0.059375,0.6508384531984098,0.6206896551724137,63.33333333333332
465,5567,0.8625,0.3125,0.6508384531984098,0.27586206896551724,63.33333333333332
466,5941,0.875,0.3125,0.6508384531984098,0.27586206896551724,63.33333333333332
467,4088,0.375,0.0625,0.62643055053608,1.0,63.29411764705881
468,21151,0.148705,0.244684375,0.9565112637031683,1.0,63.29411764705881
469,6664,0.125,0.3453125,0.7157583423683893,0.6896551724137931,63.199999999999996
470,19836,0.2915,0.26345625,0.9323816407661726,0.0,63.19999999999999
471,15076,0.1486025,0.038454375,0.7795205396940127,1.0,63.058823529411754
472,3373,0.3625,0.0625,0.7059462715335502,1.0,62.941176470588225
473,4183,0.375,0.26331875,0.9325864353692326,1.0,62.823529411764696
474,20509,0.15463875,0.123225,0.9520178291772076,1.0,62.823529411764696
475,19855,0.14869125,0.26655937500000004,0.9276713648957956,1.0,62.823529411764696
476,2557,0.1125,0.3390625,0.735933020118058,0.13793103448275862,62.77777777777778
477,15045,0.3625,0.033780624999999995,0.7456993133357427,1.0,62.70588235294116
478,3313,0.3625,0.33147187499999997,0.7863028550777015,0.6896551724137931,62.66666666666666
479,4556,0.6125,0.3125,0.62643055053608,0.6896551724137931,62.66666666666666
480,18541,0.31515,0.28688125000000003,0.8912420190338513,0.0,62.59999999999999
481,19866,0.273375,0.258378125,0.9396458258041199,0.0,62.59999999999999
482,15015,0.3625,0.04936375,0.7999638597759305,1.0,62.58823529411763
483,21135,0.3625,0.24623750000000003,0.9547885796891941,1.0,62.58823529411763
484,19834,0.2914125,0.260353125,0.9368871220334899,0.0,62.499999999999986
485,2270,0.1125,0.269728125,0.8990362606914829,1.0,62.35294117647057
486,18667,0.39878749999999996,0.279090625,0.91972051560053,1.0,62.35294117647057
487,3372,0.3625,0.059375,0.62643055053608,0.3448275862068966,62.3076923076923
488,18585,0.15476625,0.276359375,0.924587399108541,0.0,62.29999999999999
489,3521,0.3625,0.278125,0.7718949524153716,1.0,62.235294117647044
490,6109,0.875,0.0625,0.65293579086857,1.0,62.117647058823515
491,3304,0.3625,0.33128437499999996,0.7470545717383447,0.8275862068965517,62.0
492,6395,0.125,0.34746875,0.7669437417178653,0.9655172413793103,61.99999999999999
493,3570,0.3625,0.309375,0.8107697867726779,0.9655172413793103,61.99999999999999
494,3920,0.375,0.3125,0.62643055053608,0.6896551724137931,61.99999999999999
495,2544,0.1125,0.3390625,0.7157583423683893,0.6896551724137931,61.99999999999999
496,21207,0.375,0.24936250000000001,0.9511866040236115,0.3448275862068966,61.99999999999999
497,3538,0.3625,0.309375,0.7059462715335502,0.0,61.999999999999986
498,15069,0.1446775,0.0350715625,0.7673653776653414,1.0,61.88235294117646
499,19840,0.24392624999999998,0.263459375,0.9323816407661726,0.6206896551724137,61.74999999999999
500,19913,0.3986875,0.26655937500000004,0.9276713648957956,0.6206896551724137,61.74999999999999
501,6395,0.125,0.34746875,0.7669437417178653,0.6896551724137931,61.73333333333333
502,3093,0.125,0.33147187499999997,0.7863028550777015,0.13793103448275862,61.666666666666664
503,3582,0.3625,0.278125,0.8796530538489338,0.13793103448275862,61.666666666666664
504,2356,0.1125,0.059375,0.6508384531984098,0.6206896551724137,61.66666666666666
505,2517,0.1125,0.28125,0.62643055053608,1.0,61.6470588235294
506,2526,0.1125,0.309375,0.7059462715335502,1.0,61.6470588235294
507,19864,0.33276249999999996,0.25448125,0.9448379713287555,1.0,61.52941176470587
508,3582,0.3625,0.278125,0.8796530538489338,0.6206896551724137,61.49999999999999
509,18550,0.33294999999999997,0.291175,0.882231056499217,0.0,61.499999999999986
510,17239,0.3625,0.299453125,0.8634501867244909,0.3448275862068966,61.46153846153845
511,2726,0.125,0.171346875,0.9860498735092157,1.0,61.41176470588234
512,18564,0.1843975,0.278303125,0.9078303818817011,1.0,61.41176470588234
513,3920,0.375,0.3125,0.62643055053608,0.9655172413793103,61.33333333333333
514,2343,0.1125,0.046015,0.8049271172147935,1.0,61.29411764705881
515,19837,0.31515,0.26500625,0.9300566196843754,0.3448275862068966,61.23076923076922
516,6399,0.125,0.3421875,0.7468979641007107,0.9655172413793103,61.199999999999996
517,5606,0.8625,0.278125,0.8796530538489338,1.0,61.17647058823528
518,19190,0.3387875,0.11343125000000001,0.9395494518732683,1.0,61.17647058823528
519,18669,0.398675,0.288434375,0.9016985905312612,1.0,61.17647058823528
520,3073,0.125,0.0625,0.65293579086857,1.0,61.17647058823528
521,3920,0.375,0.3125,0.62643055053608,0.13793103448275862,61.111111111111114
522,18562,0.24375,0.282196875,0.9005300566196843,0.0,61.09999999999999
523,6664,0.125,0.3453125,0.7157583423683893,0.9655172413793103,61.066666666666656
524,2623,0.1125,0.0506703125,0.8040477050957715,1.0,61.058823529411754
525,4683,0.6125,0.10855624999999999,0.9325864353692326,1.0,61.058823529411754
526,3570,0.3625,0.309375,0.8107697867726779,0.6206896551724137,60.83333333333332
527,3543,0.3625,0.3125,0.6508384531984098,0.6206896551724137,60.83333333333332
528,18557,0.12499999999999992,0.27753125,0.9092398506204071,0.48275862068965514,60.8235294117647
529,19833,0.315125,0.25880000000000003,0.9390555354776532,0.0,60.79999999999999
530,4384,0.6125,0.059375,0.62643055053608,0.3448275862068966,60.76923076923076
531,19838,0.3388625,0.2665625,0.9276593181544391,0.27586206896551724,60.74999999999999
532,18615,0.375,0.2931125,0.8780026502830983,1.0,60.70588235294117
533,3543,0.3625,0.3125,0.6508384531984098,0.6896551724137931,60.66666666666666
534,3543,0.3625,0.3125,0.6508384531984098,0.9655172413793103,60.66666666666666
535,4556,0.6125,0.3125,0.62643055053608,0.9655172413793103,60.66666666666666
536,18542,0.338875,0.2884375,0.8880255390916757,0.0,60.59999999999999
537,17267,0.21418125,0.30213125,0.856944946392001,1.0,60.58823529411763
538,2278,0.1125,0.294746875,0.8743645343934465,0.13793103448275862,60.55555555555556
539,18550,0.33294999999999997,0.291175,0.882231056499217,0.3448275862068966,60.53846153846153
540,2313,0.1125,0.2550875,0.9567642452716538,1.0,60.4705882352941
541,17278,0.3625,0.29628125,0.8848572461149259,0.9655172413793103,60.46666666666666
542,15042,0.16451,0.036373125,0.7554872906878689,1.0,60.35294117647057
543,3344,0.3625,0.1167875,0.9567642452716538,1.0,60.235294117647044
544,2558,0.1125,0.309375,0.8107697867726779,1.0,60.235294117647044
545,18569,0.3031,0.278303125,0.9078303818817011,0.6206896551724137,60.16666666666666
546,19858,0.24375,0.260321875,0.9369232622575593,0.6206896551724137,60.16666666666666
547,19839,0.3625,0.26811250000000003,0.9252258764004336,0.3448275862068966,60.153846153846146
548,4171,0.375,0.294746875,0.8743645343934465,1.0,60.117647058823515
549,2753,0.125,0.13343750000000001,0.9629442235875195,1.0,60.117647058823515
550,21137,0.21414999999999998,0.24353125000000003,0.957752078062884,0.0,60.09999999999999
551,18552,0.27366250000000003,0.287284375,0.8904228406216118,0.27586206896551724,60.08333333333332
552,3544,0.3625,0.3125,0.62643055053608,0.8275862068965517,60.0
553,15876,0.34285,0.335575,0.7718347187085892,0.13793103448275862,60.0
554,5100,0.625,0.0625,0.62643055053608,0.9655172413793103,59.99999999999999
555,5101,0.625,0.059375,0.62643055053608,0.9655172413793103,59.99999999999999
556,6113,0.875,0.059375,0.62643055053608,0.9655172413793103,59.99999999999999
557,6112,0.875,0.0625,0.62643055053608,0.9655172413793103,59.99999999999999
558,3163,0.125,0.25,0.9282857487049753,0.9655172413793103,59.99999999999999
559,5396,0.8625,0.059375,0.62643055053608,0.3448275862068966,59.99999999999999
560,5104,0.625,0.059375,0.6508384531984098,0.6206896551724137,59.99999999999999
561,2905,0.125,0.3125,0.6508384531984098,0.27586206896551724,59.99999999999999
562,6116,0.875,0.059375,0.6508384531984098,0.6206896551724137,59.99999999999999
563,3076,0.125,0.0625,0.62643055053608,0.6206896551724137,59.99999999999999
564,2526,0.1125,0.309375,0.7059462715335502,0.0,59.999999999999986
565,5400,0.8625,0.0625,0.62643055053608,0.0,59.999999999999986
566,6116,0.875,0.059375,0.6508384531984098,0.0,59.999999999999986
567,2905,0.125,0.3125,0.6508384531984098,0.0,59.999999999999986
568,4088,0.375,0.0625,0.62643055053608,0.0,59.999999999999986
569,4092,0.375,0.059375,0.6508384531984098,0.0,59.999999999999986
570,3376,0.3625,0.0625,0.62643055053608,0.0,59.999999999999986
571,3368,0.3625,0.059375,0.6508384531984098,0.0,59.999999999999986
572,3080,0.125,0.059375,0.6508384531984098,0.0,59.999999999999986
573,2356,0.1125,0.059375,0.6508384531984098,0.0,59.999999999999986
574,19840,0.24392624999999998,0.263459375,0.9323816407661726,0.27586206896551724,59.91666666666666
575,19859,0.21412,0.258378125,0.9396458258041199,0.27586206896551724,59.91666666666666
576,18572,0.3625,0.2931125,0.8918564028430309,0.0,59.89999999999999
577,3104,0.125,0.262071875,0.9472834598241175,1.0,59.88235294117646
578,18585,0.15476625,0.276359375,0.924587399108541,1.0,59.88235294117646
579,17278,0.3625,0.29628125,0.8848572461149259,0.48275862068965514,59.8235294117647
580,21279,0.625,0.24936250000000001,0.9511866040236115,1.0,59.76470588235293
581,5399,0.8625,0.0625,0.65293579086857,1.0,59.76470588235293
582,3134,0.125,0.051786874999999996,0.822816528129141,1.0,59.6470588235294
583,19865,0.3031125,0.256428125,0.9422840621611853,0.27586206896551724,59.58333333333332
584,4198,0.375,0.2384375,0.9629442235875195,0.6206896551724137,59.58333333333332
585,19864,0.33276249999999996,0.25448125,0.9448379713287555,0.0,59.499999999999986
586,18544,0.24392624999999998,0.28533437500000003,0.8943741717865318,0.0,59.499999999999986
587,2893,0.125,0.3390625,0.7157583423683893,0.9655172413793103,59.46666666666666
588,19848,0.2736375,0.265409375,0.9294422358751956,0.3448275862068966,59.46153846153845
589,6873,0.1125,0.3453125,0.7157583423683893,0.13793103448275862,59.44444444444444
590,2361,0.1125,0.0625,0.7059462715335502,1.0,59.43529411764705
591,21141,0.3625,0.24936250000000001,0.9511866040236115,1.0,59.41176470588234
592,3922,0.375,0.309375,0.7059462715335502,0.6896551724137931,59.33333333333333
593,17337,0.375,0.29628125,0.8708709794000722,0.3448275862068966,59.3076923076923
594,6399,0.125,0.3421875,0.7468979641007107,0.6896551724137931,59.26666666666666
595,3099,0.125,0.29553124999999997,0.8865317431634743,0.27586206896551724,59.24999999999999
596,3543,0.3625,0.3125,0.6508384531984098,0.3448275862068966,59.23076923076922
597,4092,0.375,0.059375,0.6508384531984098,0.6206896551724137,59.16666666666666
598,3538,0.3625,0.309375,0.7059462715335502,0.27586206896551724,59.16666666666666
599,3105,0.125,0.2550875,0.9567642452716538,0.27586206896551724,59.16666666666666
600,4555,0.6125,0.3125,0.6508384531984098,0.6206896551724137,59.16666666666666
601,17239,0.3625,0.299453125,0.8634501867244909,0.27586206896551724,58.99999999999999
602,3298,0.3625,0.28125,0.8586073966991927,0.0,58.999999999999986
603,21138,0.1844525,0.24547500000000003,0.9556438983255029,1.0,58.941176470588225
604,2297,0.1125,0.329559375,0.7767256956993133,0.13793103448275862,58.888888888888886
605,19873,0.12499999999999992,0.25565625000000003,0.9560293940489097,0.13793103448275862,58.888888888888886
606,19865,0.3031125,0.256428125,0.9422840621611853,0.6206896551724137,58.83333333333332
607,18546,0.18443375,0.289225,0.8863871822671968,1.0,58.823529411764696
608,3162,0.125,0.25,0.906143838091796,1.0,58.823529411764696
609,3151,0.125,0.28125,0.8804722322611732,1.0,58.823529411764696
610,17260,0.14881,0.30096875,0.8598000240934827,1.0,58.823529411764696
611,18536,0.33876249999999997,0.279128125,0.9063124924707866,0.27586206896551724,58.74999999999999
612,18642,0.375,0.27440625,0.9147693049030237,1.0,58.70588235294117
613,17268,0.18441000000000002,0.300178125,0.8617034092278039,1.0,58.70588235294117
614,2530,0.1125,0.3125,0.6752463558607397,1.0,58.70588235294117
615,18554,0.1962575,0.28220625,0.9005180098783278,0.0,58.69999999999999
616,3922,0.375,0.309375,0.7059462715335502,0.9655172413793103,58.66666666666666
617,19837,0.31515,0.26500625,0.9300566196843754,0.27586206896551724,58.49999999999999
618,18549,0.3625,0.2931125,0.8780026502830983,0.6206896551724137,58.49999999999999
619,19949,0.4047375000000001,0.25448125,0.9575352367184676,1.0,58.4705882352941
620,19858,0.24375,0.260321875,0.9369232622575593,0.27586206896551724,58.41666666666666
621,19831,0.3625,0.25570312500000003,0.9432478014697024,0.3448275862068966,58.38461538461538
622,2301,0.1125,0.33147187499999997,0.7863028550777015,0.13793103448275862,58.333333333333336
623,15886,0.14471,0.335575,0.7718347187085892,0.13793103448275862,58.333333333333336
624,3104,0.125,0.262071875,0.9472834598241175,0.13793103448275862,58.333333333333336
625,4092,0.375,0.059375,0.6508384531984098,0.27586206896551724,58.33333333333332
626,18551,0.3032375,0.289225,0.8863871822671968,0.27586206896551724,58.33333333333332
627,2905,0.125,0.3125,0.6508384531984098,0.6206896551724137,58.33333333333332
628,4929,0.625,0.3125,0.6508384531984098,0.6206896551724137,58.33333333333332
629,3080,0.125,0.059375,0.6508384531984098,0.27586206896551724,58.33333333333332
630,2879,0.125,0.309375,0.8107697867726779,0.6206896551724137,58.33333333333332
631,2532,0.1125,0.3125,0.62643055053608,0.48275862068965514,58.23529411764706
632,4385,0.6125,0.0625,0.7059462715335502,1.0,58.235294117647044
633,4387,0.6125,0.0625,0.65293579086857,1.0,58.21176470588234
634,17319,0.375,0.29940625,0.8635586073966991,0.6206896551724137,58.16666666666666
635,2773,0.125,0.121875,0.9282857487049753,1.0,58.117647058823515
636,20502,0.12500000000000006,0.1368625,0.9661366100469823,1.0,58.117647058823515
637,2877,0.125,0.309375,0.7682568365257197,1.0,58.117647058823515
638,3671,0.3625,0.10855624999999999,0.9325864353692326,1.0,58.117647058823515
639,3304,0.3625,0.33128437499999996,0.7470545717383447,0.6896551724137931,57.99999999999999
640,3304,0.3625,0.33128437499999996,0.7470545717383447,0.9655172413793103,57.99999999999999
641,19965,0.3986875,0.26655937500000004,0.9406457053367063,0.0,57.99999999999999
642,18570,0.27335000000000004,0.28025625,0.904216359474762,0.0,57.99999999999999
643,18667,0.39878749999999996,0.279090625,0.91972051560053,0.6206896551724137,57.91666666666666
644,18540,0.29151249999999995,0.28533125,0.8943741717865318,0.0,57.89999999999999
645,4171,0.375,0.294746875,0.8743645343934465,0.0,57.89999999999999
646,3135,0.125,0.046015,0.8049271172147935,1.0,57.88235294117646
647,19841,0.21412874999999998,0.265409375,0.9294422358751956,0.27586206896551724,57.83333333333332
648,19841,0.21412874999999998,0.265409375,0.9294422358751956,0.6206896551724137,57.83333333333332
649,18538,0.2914,0.282228125,0.900469822912902,1.0,57.76470588235293
650,18565,0.15476625,0.276359375,0.9113359836164318,0.0,57.69999999999999
651,4555,0.6125,0.3125,0.6508384531984098,0.3448275862068966,57.692307692307686
652,2905,0.125,0.3125,0.6508384531984098,0.3448275862068966,57.692307692307686
653,4929,0.625,0.3125,0.6508384531984098,0.3448275862068966,57.692307692307686
654,4357,0.6125,0.109803125,0.9472834598241175,1.0,57.6470588235294
655,19854,0.125,0.26811250000000003,0.9252258764004336,0.27586206896551724,57.49999999999999
656,18568,0.3327375,0.276359375,0.9113359836164318,0.3448275862068966,57.46153846153845
657,18567,0.3625,0.27440625,0.9147693049030237,0.6206896551724137,57.41666666666666
658,18669,0.398675,0.288434375,0.9016985905312612,0.6206896551724137,57.41666666666666
659,18539,0.267775,0.283775,0.8974701843151427,0.6206896551724137,57.41666666666666
660,3150,0.125,0.28125,0.8586073966991927,1.0,57.41176470588234
661,19940,0.6125,0.25253125,0.9599807252138296,1.0,57.41176470588234
662,3827,0.375,0.0464478125,0.7905914950006022,1.0,57.41176470588234
663,19833,0.315125,0.25880000000000003,0.9390555354776532,0.3448275862068966,57.38461538461538
664,21206,0.4046875,0.24742187499999999,0.9534513913986267,0.3448275862068966,57.38461538461538
665,5568,0.8625,0.3125,0.62643055053608,0.6896551724137931,57.33333333333333
666,2544,0.1125,0.3390625,0.7157583423683893,0.9655172413793103,57.33333333333333
667,3570,0.3625,0.309375,0.8107697867726779,0.6896551724137931,57.33333333333333
668,19852,0.14877,0.257215625,0.9412239489218166,0.27586206896551724,57.33333333333332
669,3891,0.375,0.309375,0.8107697867726779,1.0,57.29411764705881
670,23113,0.12499999999999992,0.16815625,0.9972172027466569,1.0,57.17647058823528
671,17352,0.375,0.29628125,0.8848572461149259,1.0,57.17647058823528
672,19849,0.21993625,0.261884375,0.9346946151066136,0.6206896551724137,57.16666666666666
673,19842,0.18444500000000003,0.26735000000000003,0.9264305505360798,0.6206896551724137,57.08333333333332
674,20512,0.3328625,0.123225,0.9520178291772076,1.0,57.058823529411754
675,23110,0.3625,0.16503125000000002,0.9961450427659317,1.0,57.058823529411754
676,19832,0.3387875,0.25725312499999997,0.9411757619563906,0.0,56.99999999999999
677,3319,0.3625,0.29553124999999997,0.8865317431634743,0.0,56.99999999999999
678,18563,0.21414625000000004,0.28025625,0.904216359474762,0.0,56.99999999999999
679,19838,0.3388625,0.2665625,0.9276593181544391,0.48275862068965514,56.94117647058823
680,21150,0.125,0.24623750000000003,0.9547885796891941,0.6206896551724137,56.83333333333332
681,4336,0.6125,0.262071875,0.9472834598241175,0.48275862068965514,56.705882352941174
682,23114,0.125,0.16503125000000002,0.9961450427659317,0.9655172413793103,56.66666666666666
683,19866,0.273375,0.258378125,0.9396458258041199,0.27586206896551724,56.66666666666666
684,2526,0.1125,0.309375,0.7059462715335502,0.27586206896551724,56.66666666666666
685,3080,0.125,0.059375,0.6508384531984098,0.6206896551724137,56.66666666666666
686,19851,0.1724775,0.258771875,0.939103722443079,0.0,56.59999999999999
687,18564,0.1843975,0.278303125,0.9078303818817011,0.0,56.59999999999999
688,6873,0.1125,0.3453125,0.7157583423683893,0.8275862068965517,56.5
689,3372,0.3625,0.059375,0.62643055053608,0.48275862068965514,56.470588235294116
690,23093,0.12499999999999992,0.16815625,0.9851222744247681,1.0,56.47058823529411
691,18557,0.12499999999999992,0.27753125,0.9092398506204071,1.0,56.47058823529411
692,19861,0.1547425,0.25448125,0.9448379713287555,1.0,56.35294117647057
693,5397,0.8625,0.0625,0.7059462715335502,1.0,56.35294117647057
694,17240,0.33875,0.30100625000000003,0.8597036501626311,1.0,56.35294117647057
695,3285,0.3625,0.25,0.9282857487049753,1.0,56.30588235294116
696,3572,0.3625,0.309375,0.7682568365257197,1.0,56.235294117647044
697,6113,0.875,0.059375,0.62643055053608,0.3448275862068966,56.153846153846146
698,5101,0.625,0.059375,0.62643055053608,0.3448275862068966,56.153846153846146
699,2360,0.1125,0.059375,0.62643055053608,0.3448275862068966,56.153846153846146
700,5099,0.625,0.0625,0.7059462715335502,1.0,56.117647058823515
701,19840,0.24392624999999998,0.263459375,0.9323816407661726,0.3448275862068966,56.076923076923066
702,5568,0.8625,0.3125,0.62643055053608,0.9655172413793103,55.99999999999999
703,4932,0.625,0.3125,0.62643055053608,0.6896551724137931,55.99999999999999
704,3937,0.375,0.28125,0.62643055053608,0.0,55.99999999999999
705,4594,0.6125,0.278125,0.8796530538489338,0.0,55.99999999999999
706,2878,0.125,0.309375,0.789519335019877,0.0,55.99999999999999
707,5348,0.8625,0.262071875,0.9472834598241175,1.0,55.999999999999986
708,21130,0.29143749999999996,0.238475,0.9629080833634501,1.0,55.999999999999986
709,17269,0.15480125,0.298234375,0.8663293579086857,1.0,55.88235294117646
710,7871,0.3625,0.34684375,0.7478014697024454,0.13793103448275862,55.833333333333336
711,5567,0.8625,0.3125,0.6508384531984098,0.6206896551724137,55.83333333333332
712,3298,0.3625,0.28125,0.8586073966991927,0.27586206896551724,55.83333333333332
713,4594,0.6125,0.278125,0.8796530538489338,0.27586206896551724,55.83333333333332
714,5941,0.875,0.3125,0.6508384531984098,0.6206896551724137,55.83333333333332
715,6873,0.1125,0.3453125,0.7157583423683893,0.6896551724137931,55.79999999999999
716,3299,0.3625,0.28125,0.8367546078785688,0.6206896551724137,55.66666666666666
717,19850,0.19624000000000003,0.26033125,0.9369232622575593,1.0,55.6470588235294
718,3868,0.375,0.27164062499999997,0.8892302132273219,1.0,55.611764705882344
719,6679,0.125,0.34684375,0.7478014697024454,0.13793103448275862,55.55555555555556
720,4311,0.6125,0.28125,0.8367546078785688,1.0,55.41176470588234
721,18537,0.315125,0.280675,0.9034212745452354,0.0,55.29999999999999
722,4384,0.6125,0.059375,0.62643055053608,0.48275862068965514,55.294117647058826
723,3918,0.375,0.3125,0.6752463558607397,1.0,55.29411764705881
724,2312,0.1125,0.262071875,0.9472834598241175,1.0,55.29411764705881
725,17278,0.3625,0.29628125,0.8848572461149259,0.6896551724137931,55.199999999999996
726,19835,0.267775,0.2619,0.9346705216239007,0.27586206896551724,55.16666666666666
727,2774,0.125,0.121875,0.906143838091796,1.0,55.14117647058822
728,19836,0.2915,0.26345625,0.9323816407661726,0.27586206896551724,55.08333333333332
729,18649,0.375,0.2931125,0.8918564028430309,1.0,55.058823529411754
730,2516,0.1125,0.28125,0.6545717383447777,1.0,55.058823529411754
731,19927,0.5887875,0.25725312499999997,0.9411757619563906,1.0,55.058823529411754
732,2531,0.1125,0.3125,0.6508384531984098,0.8275862068965517,55.0
733,2532,0.1125,0.3125,0.62643055053608,0.8275862068965517,55.0
734,3171,0.125,0.26331875,0.9325864353692326,0.27586206896551724,54.99999999999999
735,19834,0.2914125,0.260353125,0.9368871220334899,0.27586206896551724,54.99999999999999
736,4550,0.6125,0.309375,0.7059462715335502,0.0,54.99999999999999
737,3584,0.3625,0.278125,0.8360558968798939,0.0,54.99999999999999
738,3570,0.3625,0.309375,0.8107697867726779,0.0,54.99999999999999
739,18539,0.267775,0.283775,0.8974701843151427,0.0,54.99999999999999
740,4595,0.6125,0.278125,0.8578604987350921,1.0,54.999999999999986
741,17336,0.4048,0.298234375,0.8663293579086857,1.0,54.941176470588225
742,19858,0.24375,0.260321875,0.9369232622575593,0.3448275862068966,54.84615384615384
743,19832,0.3387875,0.25725312499999997,0.9411757619563906,0.48275862068965514,54.76470588235294
744,5396,0.8625,0.059375,0.62643055053608,0.48275862068965514,54.705882352941174
745,3582,0.3625,0.278125,0.8796530538489338,0.9655172413793103,54.66666666666666
746,23114,0.125,0.16503125000000002,0.9961450427659317,0.6896551724137931,54.66666666666666
747,4932,0.625,0.3125,0.62643055053608,0.9655172413793103,54.66666666666666
748,18550,0.33294999999999997,0.291175,0.882231056499217,0.27586206896551724,54.66666666666666
749,3282,0.3625,0.269728125,0.8990362606914829,1.0,54.63529411764705
750,5567,0.8625,0.3125,0.6508384531984098,0.3448275862068966,54.615384615384606
751,4089,0.375,0.059375,0.62643055053608,0.3448275862068966,54.615384615384606
752,19833,0.315125,0.25880000000000003,0.9390555354776532,0.27586206896551724,54.58333333333333
753,18562,0.24375,0.282196875,0.9005300566196843,0.6206896551724137,54.58333333333333
754,2301,0.1125,0.33147187499999997,0.7863028550777015,0.8275862068965517,54.5
755,19946,0.375,0.26811250000000003,0.9382363570654136,0.13793103448275862,54.44444444444444
756,18551,0.3032375,0.289225,0.8863871822671968,0.6206896551724137,54.24999999999999
757,18541,0.31515,0.28688125000000003,0.8912420190338513,0.27586206896551724,54.24999999999999
758,17271,0.3625,0.29628125,0.8708709794000722,1.0,54.235294117647044
759,3937,0.375,0.28125,0.62643055053608,0.27586206896551724,54.16666666666666
760,3584,0.3625,0.278125,0.8360558968798939,0.27586206896551724,54.16666666666666
761,3570,0.3625,0.309375,0.8107697867726779,0.27586206896551724,54.16666666666666
762,2364,0.1125,0.0625,0.62643055053608,0.6206896551724137,54.16666666666666
763,18553,0.21993625,0.283759375,0.8974942777978557,0.27586206896551724,54.08333333333333
764,3163,0.125,0.25,0.9282857487049753,0.6896551724137931,53.99999999999999
765,3917,0.375,0.3125,0.6508384531984098,0.6896551724137931,53.99999999999999
766,3917,0.375,0.3125,0.6508384531984098,0.9655172413793103,53.99999999999999
767,3117,0.125,0.16744375,0.9969883146608842,0.9655172413793103,53.99999999999999
768,5944,0.875,0.3125,0.62643055053608,0.6896551724137931,53.99999999999999
769,4171,0.375,0.294746875,0.8743645343934465,0.6206896551724137,53.99999999999999
770,2910,0.125,0.309375,0.7059462715335502,0.0,53.99999999999999
771,20548,0.33885,0.126,0.9677267799060354,1.0,53.999999999999986
772,23102,0.125,0.16503125000000002,0.9840380677026864,1.0,53.999999999999986
773,2777,0.125,0.10201875,0.9224189856643776,1.0,53.999999999999986
774,6873,0.1125,0.3453125,0.7157583423683893,0.9655172413793103,53.93333333333333
775,18569,0.3031,0.278303125,0.9078303818817011,0.3448275862068966,53.92307692307691
776,17283,0.3327,0.298234375,0.8803999518130344,1.0,53.88235294117646
777,21159,0.3625,0.23065625,0.9698831466088423,1.0,53.88235294117646
778,4949,0.625,0.28125,0.62643055053608,1.0,53.88235294117646
779,4120,0.375,0.2336875,0.9796651005902903,1.0,53.88235294117646
780,5941,0.875,0.3125,0.6508384531984098,0.3448275862068966,53.84615384615384
781,18570,0.27335000000000004,0.28025625,0.904216359474762,0.6206896551724137,53.83333333333333
782,2684,0.1125,0.146521875,0.9739549451873267,1.0,53.76470588235293
783,19860,0.18438875000000002,0.256428125,0.9422840621611853,0.0,53.69999999999999
784,19970,0.40466250000000004,0.269296875,0.936369112155162,1.0,53.6470588235294
785,19843,0.15466125,0.269296875,0.9233224912661124,0.6206896551724137,53.58333333333333
786,18557,0.12499999999999992,0.27753125,0.9092398506204071,0.8275862068965517,53.5
787,2867,0.125,0.278125,0.8796530538489338,0.6206896551724137,53.49999999999999
788,18547,0.1546325,0.291175,0.882231056499217,0.27586206896551724,53.41666666666666
789,2342,0.1125,0.051786874999999996,0.822816528129141,1.0,53.41176470588234
790,2556,0.1125,0.332953125,0.7352017829177208,0.13793103448275862,53.333333333333336
791,5392,0.8625,0.059375,0.6508384531984098,0.9655172413793103,53.33333333333333
792,4380,0.6125,0.059375,0.6508384531984098,0.9655172413793103,53.33333333333333
793,4388,0.6125,0.0625,0.62643055053608,0.9655172413793103,53.33333333333333
794,5396,0.8625,0.059375,0.62643055053608,0.6896551724137931,53.33333333333333
795,4089,0.375,0.059375,0.62643055053608,0.6896551724137931,53.33333333333333
796,5400,0.8625,0.0625,0.62643055053608,0.9655172413793103,53.33333333333333
797,4384,0.6125,0.059375,0.62643055053608,0.6896551724137931,53.33333333333333
798,2364,0.1125,0.0625,0.62643055053608,0.9655172413793103,53.33333333333333
799,4088,0.375,0.0625,0.62643055053608,0.9655172413793103,53.33333333333333
800,3080,0.125,0.059375,0.6508384531984098,0.9655172413793103,53.33333333333333
801,3376,0.3625,0.0625,0.62643055053608,0.9655172413793103,53.33333333333333
802,3077,0.125,0.059375,0.62643055053608,0.6896551724137931,53.33333333333333
803,4550,0.6125,0.309375,0.7059462715335502,0.27586206896551724,53.33333333333333
804,19832,0.3387875,0.25725312499999997,0.9411757619563906,0.27586206896551724,53.33333333333333
805,2878,0.125,0.309375,0.789519335019877,0.27586206896551724,53.33333333333333
806,19924,0.5888625000000001,0.2665625,0.9276593181544391,1.0,53.29411764705881
807,19847,0.30322499999999997,0.26735000000000003,0.9264305505360798,0.6206896551724137,53.24999999999999
808,18575,0.125,0.2931125,0.8918564028430309,0.6206896551724137,53.24999999999999
809,3582,0.3625,0.278125,0.8796530538489338,0.3448275862068966,53.153846153846146
810,19912,0.375,0.26811250000000003,0.9252258764004336,1.0,53.058823529411754
811,23094,0.125,0.1806125,0.9877002770750511,1.0,53.058823529411754
812,2557,0.1125,0.3390625,0.735933020118058,0.8275862068965517,53.0
813,2883,0.125,0.3390625,0.735933020118058,0.27586206896551724,52.99999999999999
814,3932,0.375,0.28125,0.6545717383447777,0.0,52.99999999999999
815,5568,0.8625,0.3125,0.62643055053608,0.48275862068965514,52.94117647058823
816,3544,0.3625,0.3125,0.62643055053608,0.48275862068965514,52.94117647058823
817,3920,0.375,0.3125,0.62643055053608,0.48275862068965514,52.94117647058823
818,2908,0.125,0.3125,0.62643055053608,0.48275862068965514,52.94117647058823
819,18630,0.6125,0.277578125,0.9091555234309118,1.0,52.941176470588225
820,18623,0.39878749999999996,0.279090625,0.9063847729189254,1.0,52.941176470588225
821,19913,0.3986875,0.26655937500000004,0.9276713648957956,0.3448275862068966,52.92307692307691
822,21261,0.3987,0.244684375,0.9690278279725333,1.0,52.823529411764696
823,5128,0.625,0.262071875,0.9472834598241175,1.0,52.823529411764696
824,17267,0.21418125,0.30213125,0.856944946392001,0.0,52.79999999999999
825,4154,0.375,0.329559375,0.7767256956993133,0.13793103448275862,52.77777777777778
826,6395,0.125,0.34746875,0.7669437417178653,0.13793103448275862,52.77777777777778
827,18614,0.40463749999999993,0.291175,0.882231056499217,1.0,52.70588235294117
828,20536,0.148705,0.1259625,0.967690639681966,1.0,52.70588235294117
829,4116,0.375,0.262071875,0.9472834598241175,0.0,52.69999999999999
830,5944,0.875,0.3125,0.62643055053608,0.9655172413793103,52.66666666666666
831,4555,0.6125,0.3125,0.6508384531984098,0.6896551724137931,52.66666666666666
832,19857,0.19616125,0.26344375000000003,0.9323936875075292,0.6206896551724137,52.66666666666666
833,6111,0.875,0.0625,0.7059462715335502,1.0,52.58823529411764
834,4116,0.375,0.262071875,0.9472834598241175,0.27586206896551724,52.58333333333333
835,15847,0.125,0.3368625,0.7671364895795687,0.8275862068965517,52.5
836,19965,0.3986875,0.26655937500000004,0.9406457053367063,0.27586206896551724,52.49999999999999
837,2910,0.125,0.309375,0.7059462715335502,0.27586206896551724,52.49999999999999
838,6664,0.125,0.3453125,0.7157583423683893,0.0,52.49999999999999
839,19849,0.21993625,0.261884375,0.9346946151066136,0.3448275862068966,52.46153846153845
840,18544,0.24392624999999998,0.28533437500000003,0.8943741717865318,0.6206896551724137,52.41666666666666
841,21199,0.6125,0.24936250000000001,0.9511866040236115,0.6206896551724137,52.41666666666666
842,18535,0.3625,0.277578125,0.9091555234309118,0.6206896551724137,52.41666666666666
843,18565,0.15476625,0.276359375,0.9113359836164318,1.0,52.35294117647058
844,19864,0.33276249999999996,0.25448125,0.9448379713287555,0.27586206896551724,52.33333333333333
845,21137,0.21414999999999998,0.24353125000000003,0.957752078062884,0.6206896551724137,52.33333333333333
846,21166,0.3625,0.23065625,0.9821949162751474,0.6206896551724137,52.33333333333333
847,18562,0.24375,0.282196875,0.9005300566196843,0.27586206896551724,52.33333333333333
848,4088,0.375,0.0625,0.62643055053608,0.3448275862068966,52.3076923076923
849,2557,0.1125,0.3390625,0.735933020118058,0.0,52.29999999999999
850,2807,0.125,0.034330625,0.7478014697024454,1.0,52.23529411764705
851,18647,0.375,0.27753125,0.922527406336586,1.0,52.23529411764705
852,20510,0.125,0.12128125000000001,0.9497048548367667,1.0,52.23529411764705
853,3149,0.125,0.28125,0.8367546078785688,1.0,52.23529411764705
854,19834,0.2914125,0.260353125,0.9368871220334899,0.6206896551724137,52.16666666666666
855,18542,0.338875,0.2884375,0.8880255390916757,0.27586206896551724,52.08333333333333
856,4171,0.375,0.294746875,0.8743645343934465,0.27586206896551724,52.08333333333333
857,3163,0.125,0.25,0.9282857487049753,0.8275862068965517,52.0
858,15885,0.1645775,0.334275,0.7764968076135405,0.8275862068965517,52.0
859,4555,0.6125,0.3125,0.6508384531984098,0.9655172413793103,51.99999999999999
860,18549,0.3625,0.2931125,0.8780026502830983,0.3448275862068966,51.99999999999999
861,18572,0.3625,0.2931125,0.8918564028430309,0.27586206896551724,51.99999999999999
862,5562,0.8625,0.309375,0.7059462715335502,0.0,51.99999999999999
863,4934,0.625,0.309375,0.7059462715335502,0.0,51.99999999999999
864,2283,0.1125,0.307696875,0.8427538850740873,1.0,51.999999999999986
865,19841,0.21412874999999998,0.265409375,0.9294422358751956,0.3448275862068966,51.92307692307691
866,19865,0.3031125,0.256428125,0.9422840621611853,0.3448275862068966,51.92307692307691
867,3570,0.3625,0.309375,0.8107697867726779,0.3448275862068966,51.92307692307691
868,18539,0.267775,0.283775,0.8974701843151427,0.3448275862068966,51.92307692307691
869,3584,0.3625,0.278125,0.8360558968798939,0.6206896551724137,51.91666666666666
870,4582,0.6125,0.309375,0.8107697867726779,1.0,51.88235294117646
871,2865,0.125,0.278125,0.8360558968798939,1.0,51.88235294117646
872,3361,0.3625,0.029687499999999933,0.7468979641007107,1.0,51.88235294117646
873,2360,0.1125,0.059375,0.62643055053608,0.48275862068965514,51.76470588235294
874,3542,0.3625,0.3125,0.6752463558607397,1.0,51.76470588235293
875,18545,0.2141,0.287284375,0.8904228406216118,1.0,51.76470588235293
876,3123,0.125,0.12385312499999998,0.9653294783760993,1.0,51.76470588235293
877,17244,0.2915375,0.30720625,0.8440308396578725,1.0,51.76470588235293
878,18545,0.2141,0.287284375,0.8904228406216118,0.6206896551724137,51.74999999999999
879,21137,0.21414999999999998,0.24353125000000003,0.957752078062884,0.27586206896551724,51.74999999999999
880,19872,0.125,0.26811250000000003,0.9382363570654136,0.13793103448275862,51.666666666666664
881,2879,0.125,0.309375,0.8107697867726779,0.13793103448275862,51.666666666666664
882,3932,0.375,0.28125,0.6545717383447777,0.27586206896551724,51.66666666666666
883,3538,0.3625,0.309375,0.7059462715335502,0.6206896551724137,51.66666666666666
884,3319,0.3625,0.29553124999999997,0.8865317431634743,0.27586206896551724,51.66666666666666
885,4934,0.625,0.309375,0.7059462715335502,0.27586206896551724,51.66666666666666
886,19842,0.18444500000000003,0.26735000000000003,0.9264305505360798,0.3448275862068966,51.53846153846153
887,3324,0.3625,0.262071875,0.9472834598241175,0.48275862068965514,51.529411764705884
888,3075,0.125,0.0625,0.7059462715335502,1.0,51.52941176470587
889,21168,0.125,0.24623750000000003,0.9673292374412721,1.0,51.52941176470587
890,20521,0.12499999999999992,0.12440625000000001,0.9659559089266353,1.0,51.52941176470587
891,18650,0.375,0.2899875,0.8984941573304421,0.6206896551724137,51.49999999999999
892,18577,0.12499999999999992,0.27753125,0.922527406336586,0.6206896551724137,51.49999999999999
893,18555,0.17248375,0.280646875,0.9034815082520178,1.0,51.41176470588234
894,18561,0.19614375,0.285321875,0.8943982652692446,1.0,51.41176470588234
895,3117,0.125,0.16744375,0.9969883146608842,0.6896551724137931,51.33333333333333
896,17319,0.375,0.29940625,0.8635586073966991,0.3448275862068966,51.3076923076923
897,3879,0.375,0.278125,0.8796530538489338,1.0,51.29411764705881
898,18538,0.2914,0.282228125,0.900469822912902,0.6206896551724137,51.24999999999999
899,18567,0.3625,0.27440625,0.9147693049030237,0.3448275862068966,51.230769230769226
900,4198,0.375,0.2384375,0.9629442235875195,0.3448275862068966,51.230769230769226
901,6113,0.875,0.059375,0.62643055053608,0.48275862068965514,51.1764705882353
902,5101,0.625,0.059375,0.62643055053608,0.48275862068965514,51.1764705882353
903,19841,0.21412874999999998,0.265409375,0.9294422358751956,0.9655172413793103,51.133333333333326
904,19888,0.14877,0.257215625,0.953981448018311,0.0,51.09999999999999
905,19951,0.5827625000000001,0.25448125,0.9575352367184676,0.6206896551724137,51.08333333333333
906,2557,0.1125,0.3390625,0.735933020118058,0.6896551724137931,51.06666666666666
907,3105,0.125,0.2550875,0.9567642452716538,1.0,51.058823529411754
908,15938,0.375,0.3368625,0.7671364895795687,0.8275862068965517,51.0
909,18544,0.24392624999999998,0.28533437500000003,0.8943741717865318,0.27586206896551724,50.99999999999999
910,18563,0.21414625000000004,0.28025625,0.904216359474762,0.6206896551724137,50.99999999999999
911,18630,0.6125,0.277578125,0.9091555234309118,0.0,50.99999999999999
912,3151,0.125,0.28125,0.8804722322611732,0.0,50.99999999999999
913,17319,0.375,0.29940625,0.8635586073966991,0.0,50.99999999999999
914,5946,0.875,0.309375,0.7059462715335502,0.0,50.99999999999999
915,18543,0.3625,0.2899875,0.8847729189254305,1.0,50.941176470588225
916,18669,0.398675,0.288434375,0.9016985905312612,0.3448275862068966,50.92307692307691
917,19844,0.125,0.2712375,0.9201421515480062,0.6206896551724137,50.83333333333333
918,3922,0.375,0.309375,0.7059462715335502,0.6206896551724137,50.83333333333333
919,5562,0.8625,0.309375,0.7059462715335502,0.27586206896551724,50.83333333333333
920,2893,0.125,0.3390625,0.7157583423683893,0.27586206896551724,50.83333333333333
921,19879,0.21412,0.258378125,0.9524274183833273,1.0,50.823529411764696
922,19910,0.40466250000000004,0.269296875,0.9233224912661124,1.0,50.823529411764696
923,6112,0.875,0.0625,0.62643055053608,0.3448275862068966,50.76923076923076
924,5100,0.625,0.0625,0.62643055053608,0.3448275862068966,50.76923076923076
925,18540,0.29151249999999995,0.28533125,0.8943741717865318,0.6206896551724137,50.74999999999999
926,5594,0.8625,0.309375,0.8107697867726779,1.0,50.70588235294117
927,3149,0.125,0.28125,0.8367546078785688,0.9655172413793103,50.66666666666666
928,3324,0.3625,0.262071875,0.9472834598241175,0.9655172413793103,50.66666666666666
929,3101,0.125,0.28247187500000004,0.9134441633538127,0.0,50.599999999999994
930,18540,0.29151249999999995,0.28533125,0.8943741717865318,0.27586206896551724,50.58333333333333
931,3304,0.3625,0.33128437499999996,0.7470545717383447,0.13793103448275862,50.55555555555556
932,15877,0.3230375,0.334275,0.7764968076135405,0.8275862068965517,50.5
933,18566,0.125,0.27440625,0.9147693049030237,0.0,50.49999999999999
934,18570,0.27335000000000004,0.28025625,0.904216359474762,0.27586206896551724,50.41666666666666
935,21242,0.375,0.24623750000000003,0.9673292374412721,0.6206896551724137,50.41666666666666
936,4944,0.625,0.28125,0.6545717383447777,1.0,50.35294117647058
937,3933,0.375,0.28125,0.6827141308276111,1.0,50.23529411764705
938,19866,0.273375,0.258378125,0.9396458258041199,0.9655172413793103,50.199999999999996
939,21130,0.29143749999999996,0.238475,0.9629080833634501,0.0,50.19999999999999
940,2927,0.125,0.278125,0.7718949524153716,1.0,50.11764705882352
941,21171,0.332775,0.23260625,0.9805926996747379,1.0,50.11764705882352
942,21150,0.125,0.24623750000000003,0.9547885796891941,0.3448275862068966,50.07692307692307
943,3076,0.125,0.0625,0.62643055053608,0.13793103448275862,50.0
944,5568,0.8625,0.3125,0.62643055053608,0.13793103448275862,50.0
945,3917,0.375,0.3125,0.6508384531984098,0.13793103448275862,50.0
946,19847,0.30322499999999997,0.26735000000000003,0.9264305505360798,0.13793103448275862,50.0
947,2908,0.125,0.3125,0.62643055053608,0.13793103448275862,50.0
948,4556,0.6125,0.3125,0.62643055053608,0.13793103448275862,50.0
949,5944,0.875,0.3125,0.62643055053608,0.13793103448275862,50.0
950,4929,0.625,0.3125,0.6508384531984098,0.13793103448275862,50.0
951,4932,0.625,0.3125,0.62643055053608,0.13793103448275862,50.0
952,4089,0.375,0.059375,0.62643055053608,0.48275862068965514,50.0
953,2531,0.1125,0.3125,0.6508384531984098,0.48275862068965514,50.0
954,2867,0.125,0.278125,0.8796530538489338,0.9655172413793103,49.99999999999999
955,2879,0.125,0.309375,0.8107697867726779,0.3448275862068966,49.99999999999999
956,3077,0.125,0.059375,0.62643055053608,0.3448275862068966,49.99999999999999
957,5397,0.8625,0.0625,0.7059462715335502,0.27586206896551724,49.99999999999999
958,2910,0.125,0.309375,0.7059462715335502,0.6206896551724137,49.99999999999999
959,19831,0.3625,0.25570312500000003,0.9432478014697024,0.27586206896551724,49.99999999999999
960,2544,0.1125,0.3390625,0.7157583423683893,0.27586206896551724,49.99999999999999
961,5099,0.625,0.0625,0.7059462715335502,0.27586206896551724,49.99999999999999
962,19882,0.14869125,0.26655937500000004,0.9406457053367063,0.27586206896551724,49.99999999999999
963,3593,0.3625,0.278125,0.9014576557041319,0.27586206896551724,49.99999999999999
964,3373,0.3625,0.0625,0.7059462715335502,0.27586206896551724,49.99999999999999
965,3073,0.125,0.0625,0.65293579086857,0.27586206896551724,49.99999999999999
966,3172,0.125,0.26985625,0.9224189856643776,0.0,49.99999999999999
967,5397,0.8625,0.0625,0.7059462715335502,0.0,49.99999999999999
968,19831,0.3625,0.25570312500000003,0.9432478014697024,0.0,49.99999999999999
969,21138,0.1844525,0.24547500000000003,0.9556438983255029,0.0,49.99999999999999
970,21135,0.3625,0.24623750000000003,0.9547885796891941,0.0,49.99999999999999
971,3593,0.3625,0.278125,0.9014576557041319,0.0,49.99999999999999
972,4554,0.6125,0.3125,0.6752463558607397,1.0,49.999999999999986
973,20586,0.375,0.12128125000000001,0.9497048548367667,1.0,49.999999999999986
974,19866,0.273375,0.258378125,0.9396458258041199,0.48275862068965514,49.94117647058823
975,18537,0.315125,0.280675,0.9034212745452354,0.6206896551724137,49.91666666666666
976,18549,0.3625,0.2931125,0.8780026502830983,0.0,49.89999999999999
977,18578,0.125,0.27440625,0.9279604866883507,0.0,49.89999999999999
978,17278,0.3625,0.29628125,0.8848572461149259,1.0,49.88235294117646
979,18569,0.3031,0.278303125,0.9078303818817011,0.0,49.79999999999999
980,21207,0.375,0.24936250000000001,0.9511866040236115,0.48275862068965514,49.76470588235294
981,3144,0.125,0.33754375,0.7478014697024454,1.0,49.76470588235293
982,19205,0.12499999999999992,0.10253125,0.9232502108179736,1.0,49.76470588235293
983,21141,0.3625,0.24936250000000001,0.9511866040236115,0.6206896551724137,49.74999999999999
984,3149,0.125,0.28125,0.8367546078785688,0.6206896551724137,49.74999999999999
985,15885,0.1645775,0.334275,0.7764968076135405,0.6896551724137931,49.73333333333333
986,17329,0.6125,0.29628125,0.8708709794000722,0.0,49.69999999999999
987,18667,0.39878749999999996,0.279090625,0.91972051560053,0.3448275862068966,49.692307692307686
988,2815,0.125,0.0464478125,0.7905914950006022,1.0,49.6470588235294
989,3925,0.375,0.309375,0.7324515118660402,1.0,49.6470588235294
990,18562,0.24375,0.282196875,0.9005300566196843,0.3448275862068966,49.615384615384606
991,21161,0.3031125,0.234553125,0.9665582459944585,1.0,49.52941176470587
992,21278,0.6546875,0.24742187499999999,0.9534513913986267,1.0,49.52941176470587
993,2294,0.1125,0.31689375000000003,0.817094325984821,0.8275862068965517,49.5
994,19926,0.6125,0.25570312500000003,0.9432478014697024,0.6206896551724137,49.49999999999999
995,18546,0.18443375,0.289225,0.8863871822671968,0.0,49.49999999999999
996,3569,0.3625,0.3390625,0.735933020118058,0.0,49.49999999999999
997,18560,0.17245125,0.286875,0.8912540657752078,1.0,49.41176470588234
998,2522,0.1125,0.300271875,0.7551740754126008,0.9655172413793103,49.33333333333333
999,5567,0.8625,0.3125,0.6508384531984098,0.6896551724137931,49.33333333333333
1000,2301,0.1125,0.33147187499999997,0.7863028550777015,0.6896551724137931,49.33333333333333
1001,18554,0.1962575,0.28220625,0.9005180098783278,0.27586206896551724,49.24999999999999
1002,3922,0.375,0.309375,0.7059462715335502,0.3448275862068966,49.230769230769226
1003,3538,0.3625,0.309375,0.7059462715335502,0.3448275862068966,49.230769230769226
1004,19843,0.15466125,0.269296875,0.9233224912661124,0.3448275862068966,49.230769230769226
1005,19841,0.21412874999999998,0.265409375,0.9294422358751956,0.6896551724137931,49.199999999999996
1006,15059,0.342825,0.0350715625,0.7673653776653414,1.0,49.17647058823528
1007,3937,0.375,0.28125,0.62643055053608,0.6206896551724137,49.16666666666666
1008,4087,0.375,0.0625,0.7059462715335502,0.27586206896551724,49.16666666666666
1009,3922,0.375,0.309375,0.7059462715335502,0.27586206896551724,49.16666666666666
1010,2557,0.1125,0.3390625,0.735933020118058,0.9655172413793103,49.133333333333326
1011,17336,0.4048,0.298234375,0.8663293579086857,0.0,49.099999999999994
1012,19972,0.582925,0.269296875,0.936369112155162,1.0,49.058823529411754
1013,21139,0.15468375,0.24742187499999999,0.9534513913986267,1.0,49.058823529411754
1014,3922,0.375,0.309375,0.7059462715335502,0.8275862068965517,49.0
1015,3570,0.3625,0.309375,0.8107697867726779,0.8275862068965517,49.0
1016,18563,0.21414625000000004,0.28025625,0.904216359474762,0.27586206896551724,48.99999999999999
1017,19940,0.6125,0.25253125,0.9599807252138296,0.6206896551724137,48.99999999999999
1018,2301,0.1125,0.33147187499999997,0.7863028550777015,0.0,48.99999999999999
1019,3521,0.3625,0.278125,0.7718949524153716,0.0,48.99999999999999
1020,3145,0.125,0.33128437499999996,0.7470545717383447,0.0,48.99999999999999
1021,3073,0.125,0.0625,0.65293579086857,0.0,48.99999999999999
1022,3571,0.3625,0.309375,0.789519335019877,0.0,48.99999999999999
1023,21209,0.3987,0.244684375,0.9565112637031683,1.0,48.941176470588225
1024,18551,0.3032375,0.289225,0.8863871822671968,0.3448275862068966,48.92307692307691
1025,19836,0.2915,0.26345625,0.9323816407661726,0.6206896551724137,48.91666666666666
1026,18537,0.315125,0.280675,0.9034212745452354,0.27586206896551724,48.91666666666666
1027,19863,0.3625,0.25253125,0.9473196000481869,1.0,48.823529411764696
1028,4930,0.625,0.3125,0.6752463558607397,1.0,48.823529411764696
1029,19860,0.18438875000000002,0.256428125,0.9422840621611853,0.6206896551724137,48.74999999999999
1030,15877,0.3230375,0.334275,0.7764968076135405,0.6896551724137931,48.73333333333333
1031,2522,0.1125,0.300271875,0.7551740754126008,1.0,48.70588235294117
1032,18624,0.375,0.27753125,0.9092398506204071,1.0,48.70588235294117
1033,2522,0.1125,0.300271875,0.7551740754126008,0.6896551724137931,48.666666666666664
1034,2905,0.125,0.3125,0.6508384531984098,0.6896551724137931,48.666666666666664
1035,2905,0.125,0.3125,0.6508384531984098,0.9655172413793103,48.666666666666664
1036,3892,0.375,0.332953125,0.7352017829177208,0.6896551724137931,48.666666666666664
1037,15847,0.125,0.3368625,0.7671364895795687,0.6896551724137931,48.666666666666664
1038,4929,0.625,0.3125,0.6508384531984098,0.6896551724137931,48.666666666666664
1039,18640,0.43439999999999995,0.278303125,0.9078303818817011,1.0,48.47058823529411
1040,15885,0.1645775,0.334275,0.7764968076135405,0.9655172413793103,48.46666666666666
1041,18570,0.27335000000000004,0.28025625,0.904216359474762,0.3448275862068966,48.46153846153845
1042,2910,0.125,0.309375,0.7059462715335502,0.3448275862068966,48.46153846153845
1043,3368,0.3625,0.059375,0.6508384531984098,0.3448275862068966,48.46153846153845
1044,21151,0.148705,0.244684375,0.9565112637031683,0.6206896551724137,48.41666666666666
1045,19840,0.24392624999999998,0.263459375,0.9323816407661726,0.9655172413793103,48.39999999999999
1046,8155,0.3625,0.3421875,0.7468979641007107,0.13793103448275862,48.333333333333336
1047,3142,0.125,0.329559375,0.7767256956993133,0.13793103448275862,48.333333333333336
1048,4085,0.375,0.0625,0.65293579086857,0.6206896551724137,48.33333333333333
1049,3163,0.125,0.25,0.9282857487049753,0.6206896551724137,48.33333333333333
1050,6111,0.875,0.0625,0.7059462715335502,0.27586206896551724,48.33333333333333
1051,18630,0.6125,0.277578125,0.9091555234309118,0.27586206896551724,48.33333333333333
1052,4087,0.375,0.0625,0.7059462715335502,0.6206896551724137,48.33333333333333
1053,5099,0.625,0.0625,0.7059462715335502,0.6206896551724137,48.33333333333333
1054,19851,0.1724775,0.258771875,0.939103722443079,0.27586206896551724,48.33333333333333
1055,5946,0.875,0.309375,0.7059462715335502,0.27586206896551724,48.33333333333333
1056,3075,0.125,0.0625,0.7059462715335502,0.27586206896551724,48.33333333333333
1057,19849,0.21993625,0.261884375,0.9346946151066136,0.0,48.29999999999999
1058,18641,0.4047625,0.276359375,0.9113359836164318,0.6206896551724137,48.24999999999999
1059,19859,0.21412,0.258378125,0.9396458258041199,0.6206896551724137,48.24999999999999
1060,17319,0.375,0.29940625,0.8635586073966991,0.27586206896551724,48.24999999999999
1061,18539,0.267775,0.283775,0.8974701843151427,0.27586206896551724,48.24999999999999
1062,4088,0.375,0.0625,0.62643055053608,0.48275862068965514,48.23529411764706
1063,3299,0.3625,0.28125,0.8367546078785688,0.3448275862068966,48.230769230769226
1064,19866,0.273375,0.258378125,0.9396458258041199,0.6896551724137931,48.199999999999996
1065,18576,0.125,0.2899875,0.8984941573304421,0.9655172413793103,48.199999999999996
1066,3099,0.125,0.29553124999999997,0.8865317431634743,0.9655172413793103,48.199999999999996
1067,15877,0.3230375,0.334275,0.7764968076135405,0.9655172413793103,48.133333333333326
1068,20611,0.3987,0.1259625,0.967690639681966,1.0,48.11764705882352
1069,3890,0.375,0.309375,0.789519335019877,1.0,48.11764705882352
1070,3892,0.375,0.332953125,0.7352017829177208,0.8275862068965517,48.0
1071,5567,0.8625,0.3125,0.6508384531984098,0.9655172413793103,47.99999999999999
1072,2908,0.125,0.3125,0.62643055053608,0.6896551724137931,47.99999999999999
1073,3125,0.125,0.109803125,0.9472834598241175,0.9655172413793103,47.99999999999999
1074,3571,0.3625,0.309375,0.789519335019877,0.9655172413793103,47.99999999999999
1075,3125,0.125,0.109803125,0.9472834598241175,0.6896551724137931,47.99999999999999
1076,19853,0.12499999999999992,0.25565625000000003,0.9433080351764848,0.9655172413793103,47.99999999999999
1077,4929,0.625,0.3125,0.6508384531984098,0.9655172413793103,47.99999999999999
1078,3583,0.3625,0.278125,0.8578604987350921,0.9655172413793103,47.99999999999999
1079,18541,0.31515,0.28688125000000003,0.8912420190338513,0.6206896551724137,47.99999999999999
1080,4087,0.375,0.0625,0.7059462715335502,0.0,47.99999999999999
1081,3930,0.375,0.300271875,0.7551740754126008,0.0,47.99999999999999
1082,3922,0.375,0.309375,0.7059462715335502,0.0,47.99999999999999
1083,2313,0.1125,0.2550875,0.9567642452716538,0.0,47.99999999999999
1084,21134,0.33885,0.2446875,0.9565112637031683,0.0,47.99999999999999
1085,3373,0.3625,0.0625,0.7059462715335502,0.0,47.99999999999999
1086,3539,0.3625,0.309375,0.7324515118660402,1.0,47.99999999999999
1087,3285,0.3625,0.25,0.9282857487049753,0.13793103448275862,47.94444444444444
1088,17268,0.18441000000000002,0.300178125,0.8617034092278039,0.0,47.89999999999999
1089,18575,0.125,0.2931125,0.8918564028430309,0.3448275862068966,47.84615384615384
1090,18585,0.15476625,0.276359375,0.924587399108541,0.27586206896551724,47.83333333333333
1091,19913,0.3986875,0.26655937500000004,0.9276713648957956,0.9655172413793103,47.8
1092,19857,0.19616125,0.26344375000000003,0.9323936875075292,0.3448275862068966,47.76923076923076
1093,18573,0.3625,0.277578125,0.9224430791470907,0.0,47.69999999999999
1094,21166,0.3625,0.23065625,0.9821949162751474,0.3448275862068966,47.692307692307686
1095,3917,0.375,0.3125,0.6508384531984098,0.48275862068965514,47.64705882352941
1096,4891,0.625,0.278125,0.8796530538489338,1.0,47.6470588235294
1097,2688,0.1125,0.153125,0.978279725334297,1.0,47.6470588235294
1098,5961,0.875,0.28125,0.62643055053608,1.0,47.6470588235294
1099,19295,0.375,0.1181125,0.9584507890615589,1.0,47.6470588235294
1100,17351,0.375,0.29940625,0.8776894350078304,1.0,47.52941176470587
1101,3521,0.3625,0.278125,0.7718949524153716,0.27586206896551724,47.49999999999999
1102,5397,0.8625,0.0625,0.7059462715335502,0.6206896551724137,47.49999999999999
1103,6111,0.875,0.0625,0.7059462715335502,0.6206896551724137,47.49999999999999
1104,3571,0.3625,0.309375,0.789519335019877,0.27586206896551724,47.49999999999999
1105,2361,0.1125,0.0625,0.7059462715335502,0.27586206896551724,47.49999999999999
1106,19847,0.30322499999999997,0.26735000000000003,0.9264305505360798,0.3448275862068966,47.46153846153845
1107,19837,0.31515,0.26500625,0.9300566196843754,0.48275862068965514,47.411764705882355
1108,23112,0.125,0.1806125,0.9997470184315143,1.0,47.41176470588234
1109,21152,0.17246125,0.24312499999999998,0.9581857607517166,1.0,47.41176470588234
1110,19858,0.24375,0.260321875,0.9369232622575593,0.9655172413793103,47.39999999999999
1111,18544,0.24392624999999998,0.28533437500000003,0.8943741717865318,0.3448275862068966,47.38461538461538
1112,3892,0.375,0.332953125,0.7352017829177208,0.9655172413793103,47.33333333333333
1113,19224,0.125,0.11498749999999999,0.9544151307071437,0.9655172413793103,47.33333333333333
1114,2294,0.1125,0.31689375000000003,0.817094325984821,0.6896551724137931,47.33333333333333
1115,2908,0.125,0.3125,0.62643055053608,0.9655172413793103,47.33333333333333
1116,19842,0.18444500000000003,0.26735000000000003,0.9264305505360798,0.9655172413793103,47.33333333333333
1117,3582,0.3625,0.278125,0.8796530538489338,0.6896551724137931,47.33333333333333
1118,17272,0.3327,0.298234375,0.8663293579086857,1.0,47.29411764705881
1119,19914,0.42246249999999996,0.265,0.9300686664257317,1.0,47.29411764705881
1120,4087,0.375,0.0625,0.7059462715335502,1.0,47.29411764705881
1121,21205,0.43445,0.24547500000000003,0.9556438983255029,1.0,47.29411764705881
1122,21137,0.21414999999999998,0.24353125000000003,0.957752078062884,0.3448275862068966,47.230769230769226
1123,2300,0.1125,0.336915625,0.7669437417178653,0.13793103448275862,47.22222222222222
1124,4336,0.6125,0.262071875,0.9472834598241175,0.9655172413793103,47.199999999999996
1125,19840,0.24392624999999998,0.263459375,0.9323816407661726,0.6896551724137931,47.199999999999996
1126,21238,0.6125,0.24623750000000003,0.9673292374412721,1.0,47.17647058823528
1127,3357,0.3625,0.0349590625,0.7669437417178653,1.0,47.17647058823528
1128,18564,0.1843975,0.278303125,0.9078303818817011,0.27586206896551724,47.16666666666666
1129,19856,0.17245749999999999,0.265,0.9300686664257317,0.0,47.099999999999994
1130,18577,0.12499999999999992,0.27753125,0.922527406336586,0.3448275862068966,47.07692307692307
1131,6112,0.875,0.0625,0.62643055053608,0.48275862068965514,47.05882352941177
1132,5100,0.625,0.0625,0.62643055053608,0.48275862068965514,47.05882352941177
1133,4556,0.6125,0.3125,0.62643055053608,0.48275862068965514,47.05882352941177
1134,4932,0.625,0.3125,0.62643055053608,0.48275862068965514,47.05882352941177
1135,4583,0.6125,0.309375,0.789519335019877,1.0,47.058823529411754
1136,3146,0.125,0.325021875,0.7463052644259728,0.8275862068965517,47.0
1137,3572,0.3625,0.309375,0.7682568365257197,0.0,46.99999999999999
1138,3542,0.3625,0.3125,0.6752463558607397,0.0,46.99999999999999
1139,5606,0.8625,0.278125,0.8796530538489338,0.0,46.99999999999999
1140,6111,0.875,0.0625,0.7059462715335502,0.0,46.99999999999999
1141,2517,0.1125,0.28125,0.62643055053608,0.0,46.99999999999999
1142,3075,0.125,0.0625,0.7059462715335502,0.0,46.99999999999999
1143,18616,0.375,0.2899875,0.8847729189254305,1.0,46.941176470588225
1144,3930,0.375,0.300271875,0.7551740754126008,1.0,46.941176470588225
1145,4380,0.6125,0.059375,0.6508384531984098,0.3448275862068966,46.92307692307692
1146,5392,0.8625,0.059375,0.6508384531984098,0.3448275862068966,46.92307692307692
1147,21200,0.5829,0.24742187499999999,0.9534513913986267,0.6206896551724137,46.91666666666666
1148,2278,0.1125,0.294746875,0.8743645343934465,0.6206896551724137,46.91666666666666
1149,21199,0.6125,0.24936250000000001,0.9511866040236115,0.3448275862068966,46.84615384615384
1150,19850,0.19624000000000003,0.26033125,0.9369232622575593,0.6206896551724137,46.83333333333333
1151,20018,0.625,0.26811250000000003,0.9382363570654136,1.0,46.823529411764696
1152,3222,0.125,0.16270625,0.9674978918202626,1.0,46.75294117647058
1153,17244,0.2915375,0.30720625,0.8440308396578725,0.0,46.69999999999999
1154,18545,0.2141,0.287284375,0.8904228406216118,0.3448275862068966,46.692307692307686
1155,3076,0.125,0.0625,0.62643055053608,0.9655172413793103,46.666666666666664
1156,5104,0.625,0.059375,0.6508384531984098,0.9655172413793103,46.666666666666664
1157,6116,0.875,0.059375,0.6508384531984098,0.9655172413793103,46.666666666666664
1158,6113,0.875,0.059375,0.62643055053608,0.6896551724137931,46.666666666666664
1159,5101,0.625,0.059375,0.62643055053608,0.6896551724137931,46.666666666666664
1160,6112,0.875,0.0625,0.62643055053608,0.6896551724137931,46.666666666666664
1161,4092,0.375,0.059375,0.6508384531984098,0.9655172413793103,46.666666666666664
1162,15847,0.125,0.3368625,0.7671364895795687,0.9655172413793103,46.666666666666664
1163,5941,0.875,0.3125,0.6508384531984098,0.6896551724137931,46.666666666666664
1164,19224,0.125,0.11498749999999999,0.9544151307071437,0.6896551724137931,46.666666666666664
1165,3376,0.3625,0.0625,0.62643055053608,0.6896551724137931,46.666666666666664
1166,2360,0.1125,0.059375,0.62643055053608,0.6896551724137931,46.666666666666664
1167,2356,0.1125,0.059375,0.6508384531984098,0.9655172413793103,46.666666666666664
1168,3080,0.125,0.059375,0.6508384531984098,0.6896551724137931,46.666666666666664
1169,3372,0.3625,0.059375,0.62643055053608,0.6896551724137931,46.666666666666664
1170,3368,0.3625,0.059375,0.6508384531984098,0.9655172413793103,46.666666666666664
1171,21135,0.3625,0.24623750000000003,0.9547885796891941,0.27586206896551724,46.66666666666666
1172,19920,0.375,0.25565625000000003,0.9433080351764848,0.6206896551724137,46.66666666666666
1173,3151,0.125,0.28125,0.8804722322611732,0.27586206896551724,46.66666666666666
1174,19835,0.267775,0.2619,0.9346705216239007,0.6206896551724137,46.66666666666666
1175,6109,0.875,0.0625,0.65293579086857,0.6206896551724137,46.66666666666666
1176,2526,0.1125,0.309375,0.7059462715335502,0.6206896551724137,46.66666666666666
1177,2517,0.1125,0.28125,0.62643055053608,0.6206896551724137,46.66666666666666
1178,2517,0.1125,0.28125,0.62643055053608,0.27586206896551724,46.66666666666666
1179,4385,0.6125,0.0625,0.7059462715335502,0.6206896551724137,46.66666666666666
1180,19844,0.125,0.2712375,0.9201421515480062,0.3448275862068966,46.615384615384606
1181,19834,0.2914125,0.260353125,0.9368871220334899,0.3448275862068966,46.615384615384606
1182,23160,0.375,0.16815625,0.9851222744247681,1.0,46.58823529411764
1183,22431,0.3625,0.22436249999999996,0.9746536561860017,1.0,46.58823529411764
1184,18552,0.27366250000000003,0.287284375,0.8904228406216118,0.6206896551724137,46.58333333333333
1185,4171,0.375,0.294746875,0.8743645343934465,0.3448275862068966,46.53846153846153
1186,21206,0.4046875,0.24742187499999999,0.9534513913986267,0.48275862068965514,46.529411764705884
1187,19860,0.18438875000000002,0.256428125,0.9422840621611853,0.27586206896551724,46.49999999999999
1188,18642,0.375,0.27440625,0.9147693049030237,0.6206896551724137,46.49999999999999
1189,3077,0.125,0.059375,0.62643055053608,0.48275862068965514,46.470588235294116
1190,5944,0.875,0.3125,0.62643055053608,0.48275862068965514,46.470588235294116
1191,19878,0.24375,0.260321875,0.9497530418021924,1.0,46.47058823529411
1192,19282,0.375,0.11498749999999999,0.9416696783520058,1.0,46.47058823529411
1193,18569,0.3031,0.278303125,0.9078303818817011,0.9655172413793103,46.46666666666666
1194,18563,0.21414625000000004,0.28025625,0.904216359474762,0.3448275862068966,46.46153846153845
1195,19858,0.24375,0.260321875,0.9369232622575593,0.6896551724137931,46.39999999999999
1196,19965,0.3986875,0.26655937500000004,0.9406457053367063,1.0,46.35294117647058
1197,2341,0.1125,0.0577125,0.8399349475966751,1.0,46.35294117647058
1198,18550,0.33294999999999997,0.291175,0.882231056499217,0.48275862068965514,46.294117647058826
1199,18565,0.15476625,0.276359375,0.9113359836164318,0.27586206896551724,46.24999999999999
1200,21140,0.125,0.24936250000000001,0.9511866040236115,1.0,46.23529411764705
1201,18592,0.14878625,0.279090625,0.91972051560053,1.0,46.23529411764705
1202,20511,0.3625,0.12128125000000001,0.9497048548367667,1.0,46.23529411764705
1203,21314,0.625,0.24623750000000003,0.9673292374412721,1.0,46.23529411764705
1204,19848,0.2736375,0.265409375,0.9294422358751956,0.48275862068965514,46.1764705882353
1205,3323,0.3625,0.26896875,0.9368871220334899,0.6206896551724137,46.16666666666666
1206,18566,0.125,0.27440625,0.9147693049030237,0.27586206896551724,46.16666666666666
1207,19856,0.17245749999999999,0.265,0.9300686664257317,0.6206896551724137,46.16666666666666
1208,5400,0.8625,0.0625,0.62643055053608,0.3448275862068966,46.153846153846146
1209,4388,0.6125,0.0625,0.62643055053608,0.3448275862068966,46.153846153846146
1210,2867,0.125,0.278125,0.8796530538489338,0.3448275862068966,46.153846153846146
1211,2616,0.1125,0.038920937499999995,0.7352017829177208,1.0,46.11764705882352
1212,3556,0.3625,0.3390625,0.7157583423683893,0.8275862068965517,46.0
1213,19854,0.125,0.26811250000000003,0.9252258764004336,0.9655172413793103,45.99999999999999
1214,3149,0.125,0.28125,0.8367546078785688,0.6896551724137931,45.99999999999999
1215,3146,0.125,0.325021875,0.7463052644259728,0.6896551724137931,45.99999999999999
1216,3299,0.3625,0.28125,0.8367546078785688,0.9655172413793103,45.99999999999999
1217,5941,0.875,0.3125,0.6508384531984098,0.9655172413793103,45.99999999999999
1218,3918,0.375,0.3125,0.6752463558607397,0.0,45.99999999999999
1219,21168,0.125,0.24623750000000003,0.9673292374412721,0.0,45.99999999999999
1220,2556,0.1125,0.332953125,0.7352017829177208,0.0,45.99999999999999
1221,5099,0.625,0.0625,0.7059462715335502,0.0,45.99999999999999
1222,15936,0.375,0.31815625000000003,0.828538730273461,0.0,45.99999999999999
1223,2361,0.1125,0.0625,0.7059462715335502,0.0,45.99999999999999
1224,3093,0.125,0.33147187499999997,0.7863028550777015,0.0,45.99999999999999
1225,19892,0.24392624999999998,0.263459375,0.9452716540175882,1.0,45.99999999999999
1226,4584,0.6125,0.309375,0.7682568365257197,1.0,45.99999999999999
1227,18550,0.33294999999999997,0.291175,0.882231056499217,0.9655172413793103,45.93333333333333
1228,3556,0.3625,0.3390625,0.7157583423683893,0.6896551724137931,45.93333333333333
1229,4533,0.6125,0.278125,0.7718949524153716,1.0,45.882352941176464
1230,18538,0.2914,0.282228125,0.900469822912902,0.3448275862068966,45.84615384615384
1231,4550,0.6125,0.309375,0.7059462715335502,0.6206896551724137,45.83333333333333
1232,3150,0.125,0.28125,0.8586073966991927,0.6206896551724137,45.83333333333333
1233,5399,0.8625,0.0625,0.65293579086857,0.27586206896551724,45.83333333333333
1234,5097,0.625,0.0625,0.65293579086857,0.6206896551724137,45.83333333333333
1235,18549,0.3625,0.2931125,0.8780026502830983,0.27586206896551724,45.83333333333333
1236,5606,0.8625,0.278125,0.8796530538489338,0.27586206896551724,45.83333333333333
1237,5097,0.625,0.0625,0.65293579086857,0.27586206896551724,45.83333333333333
1238,6109,0.875,0.0625,0.65293579086857,0.27586206896551724,45.83333333333333
1239,3930,0.375,0.300271875,0.7551740754126008,0.27586206896551724,45.83333333333333
1240,2363,0.1125,0.0625,0.65293579086857,0.27586206896551724,45.83333333333333
1241,4934,0.625,0.309375,0.7059462715335502,0.6206896551724137,45.83333333333333
1242,3932,0.375,0.28125,0.6545717383447777,0.6206896551724137,45.83333333333333
1243,3373,0.3625,0.0625,0.7059462715335502,0.6206896551724137,45.83333333333333
1244,6873,0.1125,0.3453125,0.7157583423683893,0.0,45.79999999999999
1245,17281,0.12499999999999992,0.29940625,0.8776894350078304,0.0,45.79999999999999
1246,4310,0.6125,0.28125,0.8586073966991927,1.0,45.79999999999999
1247,18540,0.29151249999999995,0.28533125,0.8943741717865318,0.3448275862068966,45.76923076923076
1248,21160,0.332775,0.23260625,0.9682568365257197,1.0,45.764705882352935
1249,18546,0.18443375,0.289225,0.8863871822671968,0.6206896551724137,45.74999999999999
1250,2644,0.1125,0.0625,0.7682568365257197,1.0,45.74117647058822
1251,19879,0.21412,0.258378125,0.9524274183833273,0.0,45.69999999999999
1252,18569,0.3031,0.278303125,0.9078303818817011,0.27586206896551724,45.66666666666666
1253,21216,0.375,0.23378125,0.9672328635104203,1.0,45.6470588235294
1254,18650,0.375,0.2899875,0.8984941573304421,0.3448275862068966,45.615384615384606
1255,18535,0.3625,0.277578125,0.9091555234309118,0.3448275862068966,45.615384615384606
1256,19842,0.18444500000000003,0.26735000000000003,0.9264305505360798,0.6896551724137931,45.599999999999994
1257,19861,0.1547425,0.25448125,0.9448379713287555,0.6206896551724137,45.58333333333333
1258,18556,0.14878750000000002,0.279090625,0.9063847729189254,0.6206896551724137,45.58333333333333
1259,3299,0.3625,0.28125,0.8367546078785688,0.13793103448275862,45.55555555555556
1260,17281,0.12499999999999992,0.29940625,0.8776894350078304,0.13793103448275862,45.55555555555556
1261,19848,0.2736375,0.265409375,0.9294422358751956,0.9655172413793103,45.533333333333324
1262,3059,0.125,0.09375,0.62643055053608,1.0,45.52941176470587
1263,3122,0.125,0.13098749999999998,0.9729671123960967,0.6206896551724137,45.49166666666666
1264,3556,0.3625,0.3390625,0.7157583423683893,0.9655172413793103,45.46666666666666
1265,17329,0.6125,0.29628125,0.8708709794000722,0.27586206896551724,45.41666666666666
1266,4902,0.625,0.309375,0.789519335019877,1.0,45.41176470588234
1267,19888,0.14877,0.257215625,0.953981448018311,1.0,45.41176470588234
1268,5607,0.8625,0.278125,0.8578604987350921,1.0,45.41176470588234
1269,3170,0.125,0.256696875,0.9419226599204914,0.0,45.39999999999999
1270,4550,0.6125,0.309375,0.7059462715335502,0.3448275862068966,45.38461538461538
1271,2526,0.1125,0.309375,0.7059462715335502,0.3448275862068966,45.38461538461538
1272,4934,0.625,0.309375,0.7059462715335502,0.3448275862068966,45.38461538461538
1273,3376,0.3625,0.0625,0.62643055053608,0.3448275862068966,45.38461538461538
1274,3937,0.375,0.28125,0.62643055053608,0.3448275862068966,45.38461538461538
1275,2356,0.1125,0.059375,0.6508384531984098,0.3448275862068966,45.38461538461538
1276,4934,0.625,0.309375,0.7059462715335502,0.6896551724137931,45.33333333333333
1277,2301,0.1125,0.33147187499999997,0.7863028550777015,0.9655172413793103,45.33333333333333
1278,2294,0.1125,0.31689375000000003,0.817094325984821,0.9655172413793103,45.33333333333333
1279,18576,0.125,0.2899875,0.8984941573304421,0.27586206896551724,45.33333333333333
1280,18576,0.125,0.2899875,0.8984941573304421,0.0,45.29999999999999
1281,17337,0.375,0.29628125,0.8708709794000722,0.48275862068965514,45.294117647058826
1282,3319,0.3625,0.29553124999999997,0.8865317431634743,1.0,45.29411764705881
1283,19862,0.125,0.25253125,0.9473196000481869,1.0,45.29411764705881
1284,3355,0.3625,0.046015,0.8049271172147935,1.0,45.29411764705881
1285,4937,0.625,0.309375,0.7324515118660402,1.0,45.29411764705881
1286,4901,0.625,0.309375,0.7682568365257197,1.0,45.29411764705881
1287,19919,0.398775,0.257215625,0.9412239489218166,0.6206896551724137,45.24999999999999
1288,3298,0.3625,0.28125,0.8586073966991927,0.6206896551724137,45.24999999999999
1289,19833,0.315125,0.25880000000000003,0.9390555354776532,0.48275862068965514,45.23529411764706
1290,3765,0.375,0.13343750000000001,0.9629442235875195,1.0,45.17647058823528
1291,21279,0.625,0.24936250000000001,0.9511866040236115,0.6206896551724137,45.16666666666666
1292,19850,0.19624000000000003,0.26033125,0.9369232622575593,0.0,45.099999999999994
1293,2730,0.125,0.15625,0.9501746777496686,1.0,45.08235294117646
1294,18670,0.42245,0.286875,0.904866883508011,1.0,45.058823529411754
1295,5942,0.875,0.3125,0.6752463558607397,1.0,45.058823529411754
1296,3077,0.125,0.059375,0.62643055053608,0.8275862068965517,45.0
1297,4556,0.6125,0.3125,0.62643055053608,0.8275862068965517,45.0
1298,19224,0.125,0.11498749999999999,0.9544151307071437,0.8275862068965517,45.0
1299,3543,0.3625,0.3125,0.6508384531984098,0.8275862068965517,45.0
1300,3583,0.3625,0.278125,0.8578604987350921,0.13793103448275862,45.0
1301,19951,0.5827625000000001,0.25448125,0.9575352367184676,0.3448275862068966,44.99999999999999
1302,3918,0.375,0.3125,0.6752463558607397,0.27586206896551724,44.99999999999999
1303,3593,0.3625,0.278125,0.9014576557041319,0.6206896551724137,44.99999999999999
1304,4085,0.375,0.0625,0.65293579086857,0.27586206896551724,44.99999999999999
1305,3572,0.3625,0.309375,0.7682568365257197,0.27586206896551724,44.99999999999999
1306,3542,0.3625,0.3125,0.6752463558607397,0.27586206896551724,44.99999999999999
1307,4387,0.6125,0.0625,0.65293579086857,0.27586206896551724,44.99999999999999
1308,3075,0.125,0.0625,0.7059462715335502,0.6206896551724137,44.99999999999999
1309,6109,0.875,0.0625,0.65293579086857,0.0,44.99999999999999
1310,2363,0.1125,0.0625,0.65293579086857,0.0,44.99999999999999
1311,4311,0.6125,0.28125,0.8367546078785688,0.0,44.99999999999999
1312,19283,0.398775,0.11342812499999999,0.9395494518732683,1.0,44.941176470588225
1313,2913,0.125,0.309375,0.7324515118660402,1.0,44.941176470588225
1314,18559,0.1486725,0.288434375,0.8880375858330322,0.6206896551724137,44.91666666666666
1315,5100,0.625,0.0625,0.62643055053608,1.0,44.882352941176464
1316,18576,0.125,0.2899875,0.8984941573304421,0.6896551724137931,44.86666666666666
1317,17267,0.21418125,0.30213125,0.856944946392001,0.27586206896551724,44.83333333333333
1318,18666,0.4224875,0.280646875,0.9168654378990484,1.0,44.823529411764696
1319,18571,0.3625,0.2899875,0.8984941573304421,1.0,44.823529411764696
1320,18653,0.4047625,0.276359375,0.924587399108541,1.0,44.823529411764696
1321,3289,0.3625,0.2880625,0.8888085772798457,0.0,44.79999999999999
1322,3584,0.3625,0.278125,0.8360558968798939,0.3448275862068966,44.76923076923077
1323,18550,0.33294999999999997,0.291175,0.882231056499217,0.6896551724137931,44.73333333333333
1324,3520,0.3625,0.278125,0.7428056860619202,1.0,44.70588235294117
1325,4942,0.625,0.300271875,0.7551740754126008,1.0,44.70588235294117
1326,4596,0.6125,0.278125,0.8360558968798939,1.0,44.68235294117646
1327,3538,0.3625,0.309375,0.7059462715335502,0.9655172413793103,44.666666666666664
1328,3099,0.125,0.29553124999999997,0.8865317431634743,0.6896551724137931,44.666666666666664
1329,3538,0.3625,0.309375,0.7059462715335502,0.6896551724137931,44.666666666666664
1330,2867,0.125,0.278125,0.8796530538489338,0.6896551724137931,44.666666666666664
1331,3571,0.3625,0.309375,0.789519335019877,0.6896551724137931,44.666666666666664
1332,19853,0.12499999999999992,0.25565625000000003,0.9433080351764848,0.6896551724137931,44.666666666666664
1333,2237,0.1125,0.196271875,0.9870015660763762,1.0,44.58823529411764
1334,18622,0.4224875,0.280646875,0.9034815082520178,1.0,44.58823529411764
1335,18634,0.6125,0.27440625,0.9147693049030237,1.0,44.58823529411764
1336,21130,0.29143749999999996,0.238475,0.9629080833634501,0.6206896551724137,44.58333333333333
1337,21207,0.375,0.24936250000000001,0.9511866040236115,0.27586206896551724,44.58333333333333
1338,4903,0.625,0.309375,0.8107697867726779,1.0,44.552941176470576
1339,2522,0.1125,0.300271875,0.7551740754126008,0.8275862068965517,44.5
1340,18578,0.125,0.27440625,0.9279604866883507,1.0,44.47058823529411
1341,5956,0.875,0.28125,0.6545717383447777,1.0,44.47058823529411
1342,21256,0.58885,0.2446875,0.9690157812311769,1.0,44.47058823529411
1343,18537,0.315125,0.280675,0.9034212745452354,0.3448275862068966,44.46153846153845
1344,19860,0.18438875000000002,0.256428125,0.9422840621611853,0.3448275862068966,44.46153846153845
1345,4071,0.375,0.09375,0.62643055053608,1.0,44.4470588235294
1346,5567,0.8625,0.3125,0.6508384531984098,0.13793103448275862,44.44444444444444
1347,6112,0.875,0.0625,0.62643055053608,0.13793103448275862,44.44444444444444
1348,2360,0.1125,0.059375,0.62643055053608,0.13793103448275862,44.44444444444444
1349,7887,0.3625,0.3453125,0.7157583423683893,0.13793103448275862,44.44444444444444
1350,2364,0.1125,0.0625,0.62643055053608,0.13793103448275862,44.44444444444444
1351,3372,0.3625,0.059375,0.62643055053608,0.13793103448275862,44.44444444444444
1352,5396,0.8625,0.059375,0.62643055053608,0.13793103448275862,44.44444444444444
1353,2526,0.1125,0.309375,0.7059462715335502,0.13793103448275862,44.44444444444444
1354,5101,0.625,0.059375,0.62643055053608,0.13793103448275862,44.44444444444444
1355,4555,0.6125,0.3125,0.6508384531984098,0.13793103448275862,44.44444444444444
1356,3556,0.3625,0.3390625,0.7157583423683893,0.13793103448275862,44.44444444444444
1357,6113,0.875,0.059375,0.62643055053608,0.13793103448275862,44.44444444444444
1358,5941,0.875,0.3125,0.6508384531984098,0.13793103448275862,44.44444444444444
1359,2532,0.1125,0.3125,0.62643055053608,0.13793103448275862,44.44444444444444
1360,17261,0.12499999999999992,0.29940625,0.8635586073966991,0.6206896551724137,44.41666666666666
1361,21130,0.29143749999999996,0.238475,0.9629080833634501,0.27586206896551724,44.41666666666666
1362,3889,0.375,0.309375,0.7682568365257197,1.0,44.35294117647058
1363,17297,0.333,0.31305312500000004,0.8430068666425732,1.0,44.35294117647058
1364,2558,0.1125,0.309375,0.8107697867726779,0.0,44.29999999999999
1365,21207,0.375,0.24936250000000001,0.9511866040236115,0.9655172413793103,44.26666666666666
1366,18539,0.267775,0.283775,0.8974701843151427,0.9655172413793103,44.26666666666666
1367,4290,0.6125,0.26331875,0.9325864353692326,0.6206896551724137,44.24999999999999
1368,2866,0.125,0.278125,0.8578604987350921,0.6206896551724137,44.24999999999999
1369,2329,0.1125,0.1381875,0.9796651005902903,1.0,44.23529411764705
1370,21134,0.33885,0.2446875,0.9565112637031683,0.27586206896551724,44.16666666666666
1371,2865,0.125,0.278125,0.8360558968798939,0.27586206896551724,44.16666666666666
1372,4311,0.6125,0.28125,0.8367546078785688,0.27586206896551724,44.16666666666666
1373,5562,0.8625,0.309375,0.7059462715335502,0.6206896551724137,44.16666666666666
1374,3172,0.125,0.26985625,0.9224189856643776,0.27586206896551724,44.16666666666666
1375,17336,0.4048,0.298234375,0.8663293579086857,0.27586206896551724,44.08333333333333
1376,18553,0.21993625,0.283759375,0.8974942777978557,0.6206896551724137,44.08333333333333
1377,18569,0.3031,0.278303125,0.9078303818817011,0.6896551724137931,44.06666666666666
1378,18570,0.27335000000000004,0.28025625,0.904216359474762,0.9655172413793103,44.06666666666666
1379,17278,0.3625,0.29628125,0.8848572461149259,0.8275862068965517,44.0
1380,4154,0.375,0.329559375,0.7767256956993133,0.8275862068965517,44.0
1381,2295,0.1125,0.321203125,0.8040477050957715,0.8275862068965517,44.0
1382,4105,0.375,0.33147187499999997,0.7863028550777015,0.8275862068965517,44.0
1383,17270,0.125,0.29628125,0.8708709794000722,0.9655172413793103,43.99999999999999
1384,4934,0.625,0.309375,0.7059462715335502,0.9655172413793103,43.99999999999999
1385,3584,0.3625,0.278125,0.8360558968798939,0.9655172413793103,43.99999999999999
1386,18566,0.125,0.27440625,0.9147693049030237,0.9655172413793103,43.99999999999999
1387,2910,0.125,0.309375,0.7059462715335502,0.9655172413793103,43.99999999999999
1388,2530,0.1125,0.3125,0.6752463558607397,0.9655172413793103,43.99999999999999
1389,19963,0.398775,0.257215625,0.953981448018311,0.0,43.99999999999999
1390,5097,0.625,0.0625,0.65293579086857,0.0,43.99999999999999
1391,3891,0.375,0.309375,0.8107697867726779,0.0,43.99999999999999
1392,3098,0.125,0.301878125,0.8718226719672328,0.0,43.99999999999999
1393,2865,0.125,0.278125,0.8360558968798939,0.0,43.99999999999999
1394,4154,0.375,0.329559375,0.7767256956993133,0.0,43.99999999999999
1395,5595,0.8625,0.309375,0.789519335019877,1.0,43.99999999999999
1396,2713,0.1125,0.17785625,0.9873750150584266,1.0,43.99999999999999
1397,18559,0.1486725,0.288434375,0.8880375858330322,1.0,43.99999999999999
1398,20585,0.40463749999999993,0.123225,0.9520178291772076,1.0,43.99999999999999
1399,19859,0.21412,0.258378125,0.9396458258041199,0.3448275862068966,43.92307692307692
1400,3105,0.125,0.2550875,0.9567642452716538,0.13793103448275862,43.888888888888886
1401,18568,0.3327375,0.276359375,0.9113359836164318,0.48275862068965514,43.88235294117647
1402,15056,0.125,0.04936375,0.8154559691603421,1.0,43.882352941176464
1403,19836,0.2915,0.26345625,0.9323816407661726,0.3448275862068966,43.84615384615384
1404,2517,0.1125,0.28125,0.62643055053608,0.3448275862068966,43.84615384615384
1405,17281,0.12499999999999992,0.29940625,0.8776894350078304,0.6206896551724137,43.83333333333333
1406,21141,0.3625,0.24936250000000001,0.9511866040236115,0.3448275862068966,43.76923076923077
1407,18719,0.625,0.27753125,0.922527406336586,1.0,43.764705882352935
1408,4339,0.6125,0.2408875,0.9729671123960967,1.0,43.764705882352935
1409,17283,0.3327,0.298234375,0.8803999518130344,0.6206896551724137,43.74999999999999
1410,21207,0.375,0.24936250000000001,0.9511866040236115,0.0,43.69999999999999
1411,2866,0.125,0.278125,0.8578604987350921,1.0,43.647058823529406
1412,19940,0.6125,0.25253125,0.9599807252138296,0.3448275862068966,43.615384615384606
1413,19848,0.2736375,0.265409375,0.9294422358751956,0.6896551724137931,43.599999999999994
1414,19857,0.19616125,0.26344375000000003,0.9323936875075292,0.9655172413793103,43.599999999999994
1415,18538,0.2914,0.282228125,0.900469822912902,0.0,43.599999999999994
1416,3319,0.3625,0.29553124999999997,0.8865317431634743,0.6206896551724137,43.58333333333333
1417,21135,0.3625,0.24623750000000003,0.9547885796891941,0.6206896551724137,43.58333333333333
1418,3368,0.3625,0.059375,0.6508384531984098,0.48275862068965514,43.529411764705884
1419,3543,0.3625,0.3125,0.6508384531984098,0.48275862068965514,43.529411764705884
1420,2879,0.125,0.309375,0.8107697867726779,0.48275862068965514,43.529411764705884
1421,21136,0.24392624999999998,0.24158437500000002,0.9598000240934826,1.0,43.52941176470587
1422,18576,0.125,0.2899875,0.8984941573304421,0.8275862068965517,43.5
1423,4170,0.375,0.2880625,0.8888085772798457,0.0,43.49999999999999
1424,19840,0.24392624999999998,0.263459375,0.9323816407661726,0.48275862068965514,43.470588235294116
1425,21151,0.148705,0.244684375,0.9565112637031683,0.3448275862068966,43.46153846153845
1426,21138,0.1844525,0.24547500000000003,0.9556438983255029,0.27586206896551724,43.41666666666666
1427,2878,0.125,0.309375,0.789519335019877,0.6206896551724137,43.41666666666666
1428,3582,0.3625,0.278125,0.8796530538489338,0.48275862068965514,43.411764705882355
1429,21239,0.375,0.23378125,0.979580773400795,1.0,43.41176470588234
1430,18561,0.19614375,0.285321875,0.8943982652692446,0.0,43.39999999999999
1431,19857,0.19616125,0.26344375000000003,0.9323936875075292,0.0,43.39999999999999
1432,3324,0.3625,0.262071875,0.9472834598241175,0.6896551724137931,43.33333333333333
1433,4105,0.375,0.33147187499999997,0.7863028550777015,0.9655172413793103,43.33333333333333
1434,3146,0.125,0.325021875,0.7463052644259728,0.9655172413793103,43.33333333333333
1435,19854,0.125,0.26811250000000003,0.9252258764004336,0.6896551724137931,43.33333333333333
1436,3937,0.375,0.28125,0.62643055053608,0.9655172413793103,43.33333333333333
1437,21150,0.125,0.24623750000000003,0.9547885796891941,0.9655172413793103,43.33333333333333
1438,2910,0.125,0.309375,0.7059462715335502,0.6896551724137931,43.33333333333333
1439,4154,0.375,0.329559375,0.7767256956993133,0.6896551724137931,43.33333333333333
1440,5946,0.875,0.309375,0.7059462715335502,0.6206896551724137,43.33333333333333
1441,3891,0.375,0.309375,0.8107697867726779,0.27586206896551724,43.33333333333333
1442,18647,0.375,0.27753125,0.922527406336586,0.6206896551724137,43.33333333333333
1443,2361,0.1125,0.0625,0.7059462715335502,0.6206896551724137,43.33333333333333
1444,4387,0.6125,0.0625,0.65293579086857,0.6206896551724137,43.33333333333333
1445,17297,0.333,0.31305312500000004,0.8430068666425732,0.0,43.29999999999999
1446,15116,0.3986,0.0384540625,0.7631128779665101,1.0,43.29411764705881
1447,2312,0.1125,0.262071875,0.9472834598241175,0.9655172413793103,43.26666666666666
1448,19854,0.125,0.26811250000000003,0.9252258764004336,0.6206896551724137,43.24999999999999
1449,21206,0.4046875,0.24742187499999999,0.9534513913986267,0.9655172413793103,43.199999999999996
