rank,node_number,x_n,y_n,z_n,t_n,score
1,3373,0.3625,0.0625,0.7059462715335502,0.8275862068965517,99939.99955
2,19290,0.375,0.10253125,0.9232502108179736,0.8275862068965517,29987.9996
3,3053,0.125,0.114709375,0.8335742681604624,0.8275862068965517,25011.4996
4,11641,0.3625,0.9375,0.7240621611853992,0.13793103448275862,22223.33288888889
5,14000,0.875,0.934375,0.7469943380315623,0.9655172413793103,20000.666133333332
6,12127,0.375,0.778125,0.8456330562582821,0.6896551724137931,19997.999466666664
7,3390,0.3625,0.09375,0.7718949524153716,0.13793103448275862,16691.110666666667
8,4503,0.6125,0.21875,0.62643055053608,0.13793103448275862,16644.999555555554
9,18274,0.625,0.405625,0.9069871099867486,0.3448275862068966,15385.383999999998
10,21487,0.8625,0.561875,0.9511866040236115,0.48275862068965514,11764.117176470589
11,5295,0.8625,0.24490625000000002,0.9562703288760389,0.8275862068965517,9986.4996
12,15292,0.125,0.34628125,0.7456993133357427,0.6206896551724137,8334.999333333331
13,15742,0.6449125,0.6761874999999999,0.8056499216961811,0.27586206896551724,8333.249333333331
14,7510,0.375,0.5,0.8289001325141548,0.3448275862068966,7690.2301538461525
15,10894,0.125,0.6875,0.8107697867726779,0.3448275862068966,6154.076384615384
16,10451,0.1125,0.6593125,0.6440983014094687,0.0,6001.099299999999
17,18657,0.52335,0.28025625,0.917588242380436,0.6896551724137931,4655.066199999999
18,15668,0.5729875,0.6613749999999999,0.7720997470184314,0.3448275862068966,4615.153307692307
19,17464,0.3625,0.6275000000000001,0.8226478737501505,0.3448275862068966,4614.614846153845
20,23985,0.19619625000000002,0.5103125000000001,0.9987591856402842,0.27586206896551724,4166.749416666666
21,23844,0.3987375,0.1915875,0.9997229249488012,0.9655172413793103,4022.0661999999993
22,18078,0.7199375,0.086884375,0.9086013733285146,0.3448275862068966,3845.3840769230765
23,5898,0.875,0.265309375,0.8349837368991687,0.3448275862068966,3832.7686923076917
24,15751,0.6486,0.66346875,0.7631128779665101,0.48275862068965514,3529.4701764705883
25,1414,0.25,0.5,0.6023370678231538,0.27586206896551724,3332.9160833333326
26,5009,0.625,0.1875,0.7023551379351886,0.3448275862068966,3079.3071538461536
27,18047,0.6545875,0.079471875,0.8795687266594386,0.3448275862068966,3072.5379230769227
28,13091,0.625,0.840625,0.7000216841344417,0.6896551724137931,2667.6661999999997
29,5519,0.8625,0.239925,0.8534513913986266,0.9655172413793103,2647.5328666666665
30,11391,0.3625,0.9326874999999999,0.8427538850740873,1.0,2352.8227058823522
31,7182,0.1125,0.37628125,0.8562823756173954,0.9655172413793103,1998.5328666666665
32,4287,0.6125,0.21875,0.9116251054089869,0.6206896551724137,1681.416083333333
33,2764,0.125,0.131390625,0.8653294783760993,0.6206896551724137,1642.5827499999998
34,12384,0.6125,0.8815625,0.8742561137212383,0.3448275862068966,1538.0763846153843
35,10250,0.8625,0.6005625,0.8888085772798457,1.0,1176.8227058823527
36,3902,0.375,0.3390625,0.6552355137935189,1.0,1160.399176470588
37,5176,0.625,0.28125,0.9023370678231537,1.0,920.3404705882351
38,8161,0.3625,0.62059375,0.8562823756173954,0.27586206896551724,834.2494166666665
39,6791,0.1125,0.49015624999999996,0.9049150704734369,0.13793103448275862,388.833
40,6113,0.875,0.059375,0.62643055053608,1.0,253.4117647058823
41,5101,0.625,0.059375,0.62643055053608,1.0,251.64705882352936
42,2360,0.1125,0.059375,0.62643055053608,1.0,240.70588235294113
43,3372,0.3625,0.059375,0.62643055053608,1.0,240.23529411764702
44,4089,0.375,0.059375,0.62643055053608,1.0,220.94117647058818
45,4384,0.6125,0.059375,0.62643055053608,1.0,220.23529411764702
46,5104,0.625,0.059375,0.6508384531984098,1.0,211.88235294117644
47,6116,0.875,0.059375,0.6508384531984098,1.0,208.5882352941176
48,3368,0.3625,0.059375,0.6508384531984098,1.0,205.0588235294117
49,6113,0.875,0.059375,0.62643055053608,0.27586206896551724,199.99999999999997
50,4089,0.375,0.059375,0.62643055053608,0.27586206896551724,199.99999999999997
51,5396,0.8625,0.059375,0.62643055053608,0.27586206896551724,199.99999999999997
52,2356,0.1125,0.059375,0.6508384531984098,1.0,198.70588235294113
53,5400,0.8625,0.0625,0.62643055053608,1.0,197.0588235294117
54,4384,0.6125,0.059375,0.62643055053608,0.27586206896551724,191.66666666666663
55,3372,0.3625,0.059375,0.62643055053608,0.27586206896551724,191.66666666666663
56,3077,0.125,0.059375,0.62643055053608,0.27586206896551724,191.66666666666663
57,5101,0.625,0.059375,0.62643055053608,0.27586206896551724,191.66666666666663
58,4388,0.6125,0.0625,0.62643055053608,1.0,190.82352941176467
59,3076,0.125,0.0625,0.62643055053608,1.0,190.11764705882348
60,4380,0.6125,0.059375,0.6508384531984098,1.0,188.23529411764702
61,4092,0.375,0.059375,0.6508384531984098,1.0,185.57647058823525
62,5101,0.625,0.059375,0.62643055053608,0.6206896551724137,184.16666666666663
63,2360,0.1125,0.059375,0.62643055053608,0.27586206896551724,183.33333333333331
64,6113,0.875,0.059375,0.62643055053608,0.6206896551724137,180.83333333333331
65,4089,0.375,0.059375,0.62643055053608,0.6206896551724137,179.99999999999997
66,5396,0.8625,0.059375,0.62643055053608,0.0,179.99999999999997
67,3077,0.125,0.059375,0.62643055053608,0.6206896551724137,179.16666666666663
68,4088,0.375,0.0625,0.62643055053608,1.0,176.35294117647055
69,3372,0.3625,0.059375,0.62643055053608,0.6206896551724137,175.83333333333331
70,2364,0.1125,0.0625,0.62643055053608,1.0,175.64705882352936
71,4384,0.6125,0.059375,0.62643055053608,0.6206896551724137,173.33333333333331
72,5396,0.8625,0.059375,0.62643055053608,0.6206896551724137,173.33333333333331
73,2360,0.1125,0.059375,0.62643055053608,0.6206896551724137,172.49999999999997
74,6113,0.875,0.059375,0.62643055053608,0.0,169.99999999999997
75,5101,0.625,0.059375,0.62643055053608,0.0,169.99999999999997
76,6116,0.875,0.059375,0.6508384531984098,0.27586206896551724,166.66666666666663
77,5392,0.8625,0.059375,0.6508384531984098,0.27586206896551724,166.66666666666663
78,3077,0.125,0.059375,0.62643055053608,1.0,164.3176470588235
79,3077,0.125,0.059375,0.62643055053608,0.9655172413793103,159.99999999999997
80,5101,0.625,0.059375,0.62643055053608,0.9655172413793103,159.99999999999997
81,4089,0.375,0.059375,0.62643055053608,0.9655172413793103,159.99999999999997
82,4384,0.6125,0.059375,0.62643055053608,0.0,159.99999999999997
83,3372,0.3625,0.059375,0.62643055053608,0.0,159.99999999999997
84,3077,0.125,0.059375,0.62643055053608,0.0,159.99999999999997
85,4089,0.375,0.059375,0.62643055053608,0.0,159.99999999999997
86,4388,0.6125,0.0625,0.62643055053608,0.27586206896551724,158.33333333333331
87,3376,0.3625,0.0625,0.62643055053608,0.27586206896551724,158.33333333333331
88,6112,0.875,0.0625,0.62643055053608,0.27586206896551724,158.33333333333331
89,2364,0.1125,0.0625,0.62643055053608,0.27586206896551724,158.33333333333331
90,5104,0.625,0.059375,0.6508384531984098,0.27586206896551724,158.33333333333331
91,4092,0.375,0.059375,0.6508384531984098,0.27586206896551724,158.33333333333331
92,5400,0.8625,0.0625,0.62643055053608,0.27586206896551724,158.33333333333331
93,6112,0.875,0.0625,0.62643055053608,1.0,157.7647058823529
94,4384,0.6125,0.059375,0.62643055053608,0.9655172413793103,153.33333333333331
95,3372,0.3625,0.059375,0.62643055053608,0.9655172413793103,153.33333333333331
96,6113,0.875,0.059375,0.62643055053608,0.9655172413793103,153.33333333333331
97,2360,0.1125,0.059375,0.62643055053608,0.9655172413793103,153.33333333333331
98,4125,0.375,0.197040625,0.9989157932779182,1.0,150.35294117647055
99,4380,0.6125,0.059375,0.6508384531984098,0.27586206896551724,149.99999999999997
100,3368,0.3625,0.059375,0.6508384531984098,0.27586206896551724,149.99999999999997
101,3080,0.125,0.059375,0.6508384531984098,0.27586206896551724,149.99999999999997
102,3076,0.125,0.0625,0.62643055053608,0.27586206896551724,149.99999999999997
103,2356,0.1125,0.059375,0.6508384531984098,0.27586206896551724,149.99999999999997
104,5100,0.625,0.0625,0.62643055053608,0.27586206896551724,149.99999999999997
105,4088,0.375,0.0625,0.62643055053608,0.27586206896551724,149.99999999999997
106,2360,0.1125,0.059375,0.62643055053608,0.0,149.99999999999997
107,5568,0.8625,0.3125,0.62643055053608,1.0,147.99999999999997
108,4388,0.6125,0.0625,0.62643055053608,0.6206896551724137,147.49999999999997
109,5396,0.8625,0.059375,0.62643055053608,0.9655172413793103,146.66666666666666
110,5104,0.625,0.059375,0.6508384531984098,0.6206896551724137,145.83333333333331
111,5944,0.875,0.3125,0.62643055053608,1.0,144.35294117647055
112,4092,0.375,0.059375,0.6508384531984098,0.6206896551724137,144.16666666666666
113,6116,0.875,0.059375,0.6508384531984098,0.6206896551724137,143.33333333333331
114,3080,0.125,0.059375,0.6508384531984098,0.6206896551724137,141.66666666666666
115,3368,0.3625,0.059375,0.6508384531984098,0.6206896551724137,140.83333333333331
116,2364,0.1125,0.0625,0.62643055053608,0.6206896551724137,140.83333333333331
117,4380,0.6125,0.059375,0.6508384531984098,0.0,139.99999999999997
118,6112,0.875,0.0625,0.62643055053608,0.0,139.99999999999997
119,5104,0.625,0.059375,0.6508384531984098,0.0,139.99999999999997
120,5392,0.8625,0.059375,0.6508384531984098,0.0,139.99999999999997
121,5392,0.8625,0.059375,0.6508384531984098,0.6206896551724137,139.16666666666666
122,5400,0.8625,0.0625,0.62643055053608,0.6206896551724137,139.16666666666666
123,4380,0.6125,0.059375,0.6508384531984098,0.6206896551724137,138.33333333333331
124,3376,0.3625,0.0625,0.62643055053608,0.6206896551724137,138.33333333333331
125,21288,0.625,0.23378125,0.9672328635104203,1.0,138.23529411764702
126,2356,0.1125,0.059375,0.6508384531984098,0.6206896551724137,137.49999999999997
127,4385,0.6125,0.0625,0.7059462715335502,1.0,137.29411764705878
128,5101,0.625,0.059375,0.62643055053608,0.3448275862068966,136.15384615384613
129,5100,0.625,0.0625,0.62643055053608,0.6206896551724137,135.83333333333331
130,3373,0.3625,0.0625,0.7059462715335502,1.0,135.29411764705878
131,3076,0.125,0.0625,0.62643055053608,0.6206896551724137,134.16666666666666
132,4556,0.6125,0.3125,0.62643055053608,1.0,134.1176470588235
133,5397,0.8625,0.0625,0.7059462715335502,1.0,134.1176470588235
134,4388,0.6125,0.0625,0.62643055053608,0.9655172413793103,133.33333333333331
135,2364,0.1125,0.0625,0.62643055053608,0.9655172413793103,133.33333333333331
136,5104,0.625,0.059375,0.6508384531984098,0.9655172413793103,133.33333333333331
137,4088,0.375,0.0625,0.62643055053608,0.6206896551724137,133.33333333333331
138,6113,0.875,0.059375,0.62643055053608,0.3448275862068966,133.07692307692307
139,4387,0.6125,0.0625,0.65293579086857,1.0,133.0470588235294
140,23190,0.6125,0.1806125,0.9997470184315143,1.0,132.9411764705882
141,6112,0.875,0.0625,0.62643055053608,0.6206896551724137,132.49999999999997
142,4089,0.375,0.059375,0.62643055053608,0.3448275862068966,132.3076923076923
143,3920,0.375,0.3125,0.62643055053608,1.0,131.88235294117644
144,3077,0.125,0.059375,0.62643055053608,0.3448275862068966,131.53846153846152
145,4932,0.625,0.3125,0.62643055053608,1.0,131.17647058823528
146,3544,0.3625,0.3125,0.62643055053608,1.0,131.17647058823528
147,5099,0.625,0.0625,0.7059462715335502,1.0,130.70588235294116
148,4087,0.375,0.0625,0.7059462715335502,1.0,130.70588235294116
149,4388,0.6125,0.0625,0.62643055053608,0.0,129.99999999999997
150,3368,0.3625,0.059375,0.6508384531984098,0.0,129.99999999999997
151,3376,0.3625,0.0625,0.62643055053608,0.0,129.99999999999997
152,3080,0.125,0.059375,0.6508384531984098,0.0,129.99999999999997
153,3076,0.125,0.0625,0.62643055053608,0.0,129.99999999999997
154,6116,0.875,0.059375,0.6508384531984098,0.0,129.99999999999997
155,2356,0.1125,0.059375,0.6508384531984098,0.0,129.99999999999997
156,2364,0.1125,0.0625,0.62643055053608,0.0,129.99999999999997
157,5100,0.625,0.0625,0.62643055053608,0.0,129.99999999999997
158,4092,0.375,0.059375,0.6508384531984098,0.0,129.99999999999997
159,4088,0.375,0.0625,0.62643055053608,0.0,129.99999999999997
160,5400,0.8625,0.0625,0.62643055053608,0.0,129.99999999999997
161,2363,0.1125,0.0625,0.65293579086857,1.0,129.7647058823529
162,2908,0.125,0.3125,0.62643055053608,1.0,129.29411764705878
163,2532,0.1125,0.3125,0.62643055053608,1.0,128.58823529411762
164,3372,0.3625,0.059375,0.62643055053608,0.3448275862068966,127.69230769230768
165,5399,0.8625,0.0625,0.65293579086857,1.0,127.17647058823526
166,3368,0.3625,0.059375,0.6508384531984098,0.9655172413793103,126.66666666666666
167,3376,0.3625,0.0625,0.62643055053608,0.9655172413793103,126.66666666666666
168,3080,0.125,0.059375,0.6508384531984098,0.9655172413793103,126.66666666666666
169,3076,0.125,0.0625,0.62643055053608,0.9655172413793103,126.66666666666666
170,5101,0.625,0.059375,0.62643055053608,0.6896551724137931,126.66666666666666
171,4092,0.375,0.059375,0.6508384531984098,0.9655172413793103,126.66666666666666
172,5101,0.625,0.059375,0.62643055053608,0.48275862068965514,126.47058823529412
173,4384,0.6125,0.059375,0.62643055053608,0.3448275862068966,125.38461538461537
174,2360,0.1125,0.059375,0.62643055053608,0.3448275862068966,125.38461538461537
175,5396,0.8625,0.059375,0.62643055053608,0.3448275862068966,125.38461538461537
176,5397,0.8625,0.0625,0.7059462715335502,0.27586206896551724,124.99999999999999
177,23882,0.648725,0.20093125,0.9859414528370076,1.0,124.82352941176468
178,3075,0.125,0.0625,0.7059462715335502,1.0,124.35294117647057
179,3073,0.125,0.0625,0.65293579086857,1.0,123.64705882352939
180,6113,0.875,0.059375,0.62643055053608,0.48275862068965514,123.52941176470588
181,4089,0.375,0.059375,0.62643055053608,0.48275862068965514,123.52941176470588
182,3077,0.125,0.059375,0.62643055053608,0.48275862068965514,122.3529411764706
183,6111,0.875,0.0625,0.7059462715335502,0.27586206896551724,120.83333333333331
184,3372,0.3625,0.059375,0.62643055053608,0.48275862068965514,120.0
185,4380,0.6125,0.059375,0.6508384531984098,0.9655172413793103,119.99999999999999
186,2356,0.1125,0.059375,0.6508384531984098,0.9655172413793103,119.99999999999999
187,6116,0.875,0.059375,0.6508384531984098,0.9655172413793103,119.99999999999999
188,5100,0.625,0.0625,0.62643055053608,0.9655172413793103,119.99999999999999
189,4089,0.375,0.059375,0.62643055053608,0.6896551724137931,119.99999999999999
190,4088,0.375,0.0625,0.62643055053608,0.9655172413793103,119.99999999999999
191,5392,0.8625,0.059375,0.6508384531984098,0.9655172413793103,119.99999999999999
192,5400,0.8625,0.0625,0.62643055053608,0.9655172413793103,119.99999999999999
193,4085,0.375,0.0625,0.65293579086857,1.0,119.83529411764704
194,6109,0.875,0.0625,0.65293579086857,1.0,119.2941176470588
195,6111,0.875,0.0625,0.7059462715335502,1.0,118.82352941176468
196,22584,0.625,0.21190625000000002,0.9819057944825923,1.0,118.47058823529409
197,5396,0.8625,0.059375,0.62643055053608,0.48275862068965514,118.23529411764706
198,5567,0.8625,0.3125,0.6508384531984098,1.0,117.99999999999997
199,7736,0.375,0.44396874999999997,0.930333694735574,1.0,117.69341176470586
200,4384,0.6125,0.059375,0.62643055053608,0.48275862068965514,117.6470588235294
201,2360,0.1125,0.059375,0.62643055053608,0.48275862068965514,117.6470588235294
202,5941,0.875,0.3125,0.6508384531984098,1.0,117.17647058823528
203,3373,0.3625,0.0625,0.7059462715335502,0.27586206896551724,116.66666666666664
204,5099,0.625,0.0625,0.7059462715335502,0.27586206896551724,116.66666666666664
205,23803,0.588825,0.20093437500000003,0.9859414528370076,1.0,116.58823529411762
206,22531,0.6125,0.21195312500000002,0.9940127695458378,1.0,114.82352941176468
207,4087,0.375,0.0625,0.7059462715335502,0.27586206896551724,114.16666666666664
208,2361,0.1125,0.0625,0.7059462715335502,1.0,114.0705882352941
209,4384,0.6125,0.059375,0.62643055053608,0.6896551724137931,113.33333333333331
210,3372,0.3625,0.059375,0.62643055053608,0.6896551724137931,113.33333333333331
211,3077,0.125,0.059375,0.62643055053608,0.6896551724137931,113.33333333333331
212,6112,0.875,0.0625,0.62643055053608,0.9655172413793103,113.33333333333331
213,6113,0.875,0.059375,0.62643055053608,0.6896551724137931,113.33333333333331
214,2360,0.1125,0.059375,0.62643055053608,0.6896551724137931,113.33333333333331
215,3075,0.125,0.0625,0.7059462715335502,0.27586206896551724,113.33333333333331
216,4210,0.375,0.196271875,0.9870015660763762,1.0,113.17647058823528
217,22601,0.6547,0.210728125,0.9824478978436332,1.0,112.94117647058822
218,2361,0.1125,0.0625,0.7059462715335502,0.27586206896551724,112.49999999999999
219,5396,0.8625,0.059375,0.62643055053608,1.0,111.74117647058821
220,23804,0.6125,0.2024875,0.9855077701481749,1.0,111.41176470588233
221,5302,0.8625,0.26331875,0.9325864353692326,0.6896551724137931,111.33333333333331
222,4555,0.6125,0.3125,0.6508384531984098,1.0,110.82352941176468
223,22534,0.6125,0.22436249999999996,0.9868931454041681,1.0,110.47058823529409
224,5397,0.8625,0.0625,0.7059462715335502,0.0,109.99999999999999
225,23881,0.625,0.2024875,0.9855077701481749,1.0,109.88235294117645
226,3917,0.375,0.3125,0.6508384531984098,1.0,108.94117647058822
227,4388,0.6125,0.0625,0.62643055053608,0.3448275862068966,108.46153846153845
228,4929,0.625,0.3125,0.6508384531984098,1.0,108.35294117647057
229,3543,0.3625,0.3125,0.6508384531984098,1.0,108.35294117647057
230,4385,0.6125,0.0625,0.7059462715335502,0.27586206896551724,108.33333333333331
231,5397,0.8625,0.0625,0.7059462715335502,0.6206896551724137,108.33333333333331
232,5104,0.625,0.059375,0.6508384531984098,0.3448275862068966,107.69230769230768
233,4385,0.6125,0.0625,0.7059462715335502,0.6206896551724137,107.49999999999999
234,5944,0.875,0.3125,0.62643055053608,0.27586206896551724,107.49999999999999
235,5396,0.8625,0.059375,0.62643055053608,0.6896551724137931,106.66666666666666
236,6109,0.875,0.0625,0.65293579086857,0.27586206896551724,106.66666666666666
237,21288,0.625,0.23378125,0.9672328635104203,0.6206896551724137,106.41666666666666
238,4092,0.375,0.059375,0.6508384531984098,0.3448275862068966,106.15384615384613
239,5195,0.625,0.26331875,0.9325864353692326,0.6896551724137931,105.99999999999999
240,21235,0.6125,0.233828125,0.9795446331767256,1.0,105.88235294117645
241,5568,0.8625,0.3125,0.62643055053608,0.27586206896551724,105.83333333333331
242,2905,0.125,0.3125,0.6508384531984098,1.0,105.64705882352939
243,2531,0.1125,0.3125,0.6508384531984098,1.0,105.64705882352939
244,6113,0.875,0.059375,0.62643055053608,0.13793103448275862,105.55555555555556
245,5396,0.8625,0.059375,0.62643055053608,0.13793103448275862,105.55555555555556
246,6116,0.875,0.059375,0.6508384531984098,0.3448275862068966,105.38461538461537
247,5195,0.625,0.26331875,0.9325864353692326,0.9655172413793103,105.33333333333331
248,3373,0.3625,0.0625,0.7059462715335502,0.6206896551724137,104.99999999999999
249,4932,0.625,0.3125,0.62643055053608,0.27586206896551724,104.99999999999999
250,2363,0.1125,0.0625,0.65293579086857,0.27586206896551724,104.99999999999999
251,5399,0.8625,0.0625,0.65293579086857,0.27586206896551724,104.99999999999999
252,3080,0.125,0.059375,0.6508384531984098,0.3448275862068966,104.6153846153846
253,3920,0.375,0.3125,0.62643055053608,0.27586206896551724,104.16666666666666
254,6111,0.875,0.0625,0.7059462715335502,0.0,103.99999999999999
255,5302,0.8625,0.26331875,0.9325864353692326,0.8275862068965517,103.5
256,4387,0.6125,0.0625,0.65293579086857,0.27586206896551724,103.33333333333331
257,4556,0.6125,0.3125,0.62643055053608,0.27586206896551724,103.33333333333331
258,5568,0.8625,0.3125,0.62643055053608,0.6206896551724137,103.33333333333331
259,3368,0.3625,0.059375,0.6508384531984098,0.3448275862068966,103.07692307692307
260,2908,0.125,0.3125,0.62643055053608,0.27586206896551724,102.49999999999999
261,4087,0.375,0.0625,0.7059462715335502,0.6206896551724137,102.49999999999999
262,2364,0.1125,0.0625,0.62643055053608,0.3448275862068966,102.30769230769229
263,5302,0.8625,0.26331875,0.9325864353692326,0.9655172413793103,101.99999999999999
264,22576,0.625,0.22436249999999996,0.9746536561860017,1.0,101.88235294117645
265,22600,0.684375,0.212678125,0.9815443922418986,1.0,101.88235294117645
266,3075,0.125,0.0625,0.7059462715335502,0.6206896551724137,101.66666666666666
267,2361,0.1125,0.0625,0.7059462715335502,0.6206896551724137,101.66666666666666
268,5097,0.625,0.0625,0.65293579086857,0.27586206896551724,101.66666666666666
269,3544,0.3625,0.3125,0.62643055053608,0.27586206896551724,101.66666666666666
270,23830,0.6125,0.20561249999999998,0.9965787254547644,1.0,101.64705882352939
271,5392,0.8625,0.059375,0.6508384531984098,0.3448275862068966,101.53846153846152
272,4388,0.6125,0.0625,0.62643055053608,0.48275862068965514,101.17647058823529
273,3375,0.3625,0.0625,0.65293579086857,0.27586206896551724,100.83333333333331
274,5944,0.875,0.3125,0.62643055053608,0.6206896551724137,100.83333333333331
275,6111,0.875,0.0625,0.7059462715335502,0.6206896551724137,100.83333333333331
276,5099,0.625,0.0625,0.7059462715335502,0.6206896551724137,100.83333333333331
277,22523,0.5828,0.210728125,0.9824478978436332,1.0,100.82352941176468
278,22577,0.6487125,0.22280625,0.9757137694253704,1.0,100.82352941176468
279,2383,0.1125,0.09375,0.62643055053608,1.0,100.32941176470587
280,3077,0.125,0.059375,0.62643055053608,0.13793103448275862,100.0
281,5104,0.625,0.059375,0.6508384531984098,0.48275862068965514,100.0
282,4388,0.6125,0.0625,0.62643055053608,0.6896551724137931,99.99999999999999
283,3080,0.125,0.059375,0.6508384531984098,0.6896551724137931,99.99999999999999
284,5104,0.625,0.059375,0.6508384531984098,0.6896551724137931,99.99999999999999
285,4092,0.375,0.059375,0.6508384531984098,0.6896551724137931,99.99999999999999
286,4380,0.6125,0.059375,0.6508384531984098,0.3448275862068966,99.99999999999999
287,2356,0.1125,0.059375,0.6508384531984098,0.3448275862068966,99.99999999999999
288,5400,0.8625,0.0625,0.62643055053608,0.3448275862068966,99.99999999999999
289,4385,0.6125,0.0625,0.7059462715335502,0.0,99.99999999999999
290,22583,0.6487499999999999,0.21346249999999997,0.9811588965184916,1.0,99.52941176470586
291,3376,0.3625,0.0625,0.62643055053608,0.3448275862068966,99.23076923076921
292,3073,0.125,0.0625,0.65293579086857,0.27586206896551724,99.16666666666666
293,2532,0.1125,0.3125,0.62643055053608,0.27586206896551724,99.16666666666666
294,3373,0.3625,0.0625,0.7059462715335502,0.0,98.99999999999999
295,21226,0.6125,0.23065625,0.9698831466088423,1.0,98.94117647058822
296,22602,0.625,0.20878125,0.9832791229972292,1.0,98.94117647058822
297,4092,0.375,0.059375,0.6508384531984098,0.48275862068965514,98.82352941176471
298,4385,0.6125,0.0625,0.7059462715335502,0.9655172413793103,98.66666666666666
299,23901,0.8625,0.2024875,0.9975906517287073,0.27586206896551724,98.33333333333331
300,6116,0.875,0.059375,0.6508384531984098,0.48275862068965514,98.23529411764706
301,4087,0.375,0.0625,0.7059462715335502,0.0,97.99999999999999
302,3080,0.125,0.059375,0.6508384531984098,0.48275862068965514,97.6470588235294
303,5419,0.8625,0.09375,0.62643055053608,1.0,97.64705882352939
304,4085,0.375,0.0625,0.65293579086857,0.27586206896551724,97.49999999999999
305,3113,0.125,0.197040625,0.9989157932779182,1.0,97.17647058823528
306,2364,0.1125,0.0625,0.62643055053608,0.48275862068965514,97.05882352941177
307,3075,0.125,0.0625,0.7059462715335502,0.0,96.99999999999999
308,5954,0.875,0.300271875,0.7551740754126008,1.0,96.94117647058822
309,5100,0.625,0.0625,0.62643055053608,0.3448275862068966,96.9230769230769
310,3075,0.125,0.0625,0.7059462715335502,0.9655172413793103,96.66666666666666
311,3368,0.3625,0.059375,0.6508384531984098,0.48275862068965514,96.47058823529412
312,21165,0.3625,0.233828125,0.9795446331767256,1.0,96.35294117647057
313,3076,0.125,0.0625,0.62643055053608,0.3448275862068966,96.15384615384615
314,5195,0.625,0.26331875,0.9325864353692326,0.8275862068965517,96.0
315,5099,0.625,0.0625,0.7059462715335502,0.0,95.99999999999999
316,6095,0.875,0.09375,0.62643055053608,1.0,95.8941176470588
317,4387,0.6125,0.0625,0.65293579086857,0.6206896551724137,95.83333333333331
318,15228,0.8625,0.036951875,0.7741838332730996,1.0,95.05882352941174
319,22546,0.5888125,0.213503125,0.9932779183230935,1.0,95.05882352941174
320,5101,0.625,0.059375,0.62643055053608,0.8275862068965517,95.0
321,2361,0.1125,0.0625,0.7059462715335502,0.0,94.99999999999999
322,5392,0.8625,0.059375,0.6508384531984098,0.48275862068965514,94.70588235294117
323,5400,0.8625,0.0625,0.62643055053608,0.48275862068965514,94.70588235294117
324,4088,0.375,0.0625,0.62643055053608,0.3448275862068966,94.6153846153846
325,3059,0.125,0.09375,0.62643055053608,1.0,94.58823529411762
326,21216,0.375,0.23378125,0.9672328635104203,1.0,94.58823529411762
327,3372,0.3625,0.059375,0.62643055053608,0.13793103448275862,94.44444444444444
328,6112,0.875,0.0625,0.62643055053608,0.13793103448275862,94.44444444444444
329,6116,0.875,0.059375,0.6508384531984098,0.13793103448275862,94.44444444444444
330,2360,0.1125,0.059375,0.62643055053608,0.13793103448275862,94.44444444444444
331,5101,0.625,0.059375,0.62643055053608,0.13793103448275862,94.44444444444444
332,4089,0.375,0.059375,0.62643055053608,0.13793103448275862,94.44444444444444
333,5392,0.8625,0.059375,0.6508384531984098,0.13793103448275862,94.44444444444444
334,5400,0.8625,0.0625,0.62643055053608,0.13793103448275862,94.44444444444444
335,21294,0.8625,0.233828125,0.9671967232863511,1.0,94.35294117647057
336,5606,0.8625,0.278125,0.8796530538489338,1.0,94.35294117647057
337,5352,0.8625,0.2336875,0.9796651005902903,0.27586206896551724,94.16666666666666
338,4380,0.6125,0.059375,0.6508384531984098,0.48275862068965514,94.11764705882354
339,3376,0.3625,0.0625,0.62643055053608,0.48275862068965514,94.11764705882354
340,2356,0.1125,0.059375,0.6508384531984098,0.48275862068965514,94.11764705882354
341,2361,0.1125,0.0625,0.7059462715335502,0.9655172413793103,93.99999999999999
342,5568,0.8625,0.3125,0.62643055053608,0.3448275862068966,93.84615384615384
343,23889,0.625,0.19003125,0.9878086977472593,1.0,93.76470588235293
344,2316,0.1125,0.2336875,0.9796651005902903,1.0,93.52941176470586
345,5562,0.8625,0.309375,0.7059462715335502,1.0,93.41176470588233
346,5313,0.8625,0.2880625,0.8888085772798457,0.6896551724137931,93.39999999999999
347,3368,0.3625,0.059375,0.6508384531984098,0.6896551724137931,93.33333333333333
348,3376,0.3625,0.0625,0.62643055053608,0.6896551724137931,93.33333333333333
349,3373,0.3625,0.0625,0.7059462715335502,0.9655172413793103,93.33333333333333
350,6116,0.875,0.059375,0.6508384531984098,0.6896551724137931,93.33333333333333
351,2364,0.1125,0.0625,0.62643055053608,0.6896551724137931,93.33333333333333
352,4087,0.375,0.0625,0.7059462715335502,0.9655172413793103,93.33333333333333
353,4556,0.6125,0.3125,0.62643055053608,0.6206896551724137,93.33333333333331
354,5558,0.8625,0.300271875,0.7551740754126008,1.0,93.2941176470588
355,3395,0.3625,0.09375,0.62643055053608,1.0,93.09411764705881
356,6112,0.875,0.0625,0.62643055053608,0.3448275862068966,93.07692307692307
357,5944,0.875,0.3125,0.62643055053608,0.0,92.99999999999999
358,5568,0.8625,0.3125,0.62643055053608,0.0,92.99999999999999
359,5100,0.625,0.0625,0.62643055053608,0.48275862068965514,92.94117647058823
360,5397,0.8625,0.0625,0.7059462715335502,0.9655172413793103,92.66666666666666
361,4932,0.625,0.3125,0.62643055053608,0.6206896551724137,92.49999999999999
362,2363,0.1125,0.0625,0.65293579086857,0.6206896551724137,92.49999999999999
363,3920,0.375,0.3125,0.62643055053608,0.6206896551724137,92.49999999999999
364,22590,0.8625,0.21195312500000002,0.9818817009998795,1.0,92.35294117647057
365,4071,0.375,0.09375,0.62643055053608,1.0,92.24705882352939
366,6109,0.875,0.0625,0.65293579086857,0.0,91.99999999999999
367,23901,0.8625,0.2024875,0.9975906517287073,0.0,91.99999999999999
368,21288,0.625,0.23378125,0.9672328635104203,0.3448275862068966,91.9230769230769
369,3076,0.125,0.0625,0.62643055053608,0.48275862068965514,91.76470588235294
370,3544,0.3625,0.3125,0.62643055053608,0.6206896551724137,91.66666666666666
371,22590,0.8625,0.21195312500000002,0.9818817009998795,0.27586206896551724,91.66666666666666
372,5944,0.875,0.3125,0.62643055053608,0.3448275862068966,91.53846153846152
373,22582,0.672475,0.215021875,0.980363811588965,1.0,91.52941176470587
374,5099,0.625,0.0625,0.7059462715335502,0.9655172413793103,91.33333333333333
375,4088,0.375,0.0625,0.62643055053608,0.48275862068965514,91.17647058823529
376,5946,0.875,0.309375,0.7059462715335502,1.0,91.17647058823528
377,23809,0.375,0.2024875,0.9855077701481749,1.0,90.94117647058822
378,2908,0.125,0.3125,0.62643055053608,0.6206896551724137,90.83333333333331
379,23144,0.58285,0.18179375,0.9877966510059029,1.0,90.70588235294116
380,4407,0.6125,0.09375,0.62643055053608,1.0,90.6705882352941
381,5568,0.8625,0.3125,0.62643055053608,0.9655172413793103,90.66666666666666
382,23817,0.375,0.19003125,0.9878086977472593,1.0,90.4705882352941
383,4388,0.6125,0.0625,0.62643055053608,0.8275862068965517,90.0
384,3077,0.125,0.059375,0.62643055053608,0.8275862068965517,90.0
385,2360,0.1125,0.059375,0.62643055053608,0.8275862068965517,90.0
386,4089,0.375,0.059375,0.62643055053608,0.8275862068965517,90.0
387,6112,0.875,0.0625,0.62643055053608,0.48275862068965514,90.0
388,2532,0.1125,0.3125,0.62643055053608,0.6206896551724137,89.99999999999999
389,4556,0.6125,0.3125,0.62643055053608,0.0,89.99999999999999
390,4932,0.625,0.3125,0.62643055053608,0.0,89.99999999999999
391,5218,0.625,0.215625,0.958089386820865,1.0,89.96470588235292
392,23107,0.3625,0.1806125,0.9997470184315143,1.0,89.41176470588233
393,5941,0.875,0.3125,0.6508384531984098,0.27586206896551724,89.16666666666666
394,5399,0.8625,0.0625,0.65293579086857,0.6206896551724137,89.16666666666666
395,5352,0.8625,0.2336875,0.9796651005902903,0.0,88.99999999999999
396,3920,0.375,0.3125,0.62643055053608,0.0,88.99999999999999
397,4384,0.6125,0.059375,0.62643055053608,0.13793103448275862,88.88888888888889
398,4388,0.6125,0.0625,0.62643055053608,0.13793103448275862,88.88888888888889
399,3376,0.3625,0.0625,0.62643055053608,0.13793103448275862,88.88888888888889
400,3080,0.125,0.059375,0.6508384531984098,0.13793103448275862,88.88888888888889
401,3076,0.125,0.0625,0.62643055053608,0.13793103448275862,88.88888888888889
402,2364,0.1125,0.0625,0.62643055053608,0.13793103448275862,88.88888888888889
403,5100,0.625,0.0625,0.62643055053608,0.13793103448275862,88.88888888888889
404,4092,0.375,0.059375,0.6508384531984098,0.13793103448275862,88.88888888888889
405,22603,0.8625,0.21195312500000002,0.9940127695458378,1.0,88.82352941176468
406,5083,0.625,0.09375,0.62643055053608,1.0,88.74117647058821
407,5944,0.875,0.3125,0.62643055053608,0.9655172413793103,88.66666666666666
408,4481,0.6125,0.20159374999999996,0.8773762197325623,1.0,88.42235294117646
409,3375,0.3625,0.0625,0.65293579086857,0.6206896551724137,88.33333333333331
410,4387,0.6125,0.0625,0.65293579086857,0.9655172413793103,87.99999999999999
411,23190,0.6125,0.1806125,0.9997470184315143,0.6206896551724137,87.99999999999999
412,5097,0.625,0.0625,0.65293579086857,0.0,87.99999999999999
413,3544,0.3625,0.3125,0.62643055053608,0.0,87.99999999999999
414,22590,0.8625,0.21195312500000002,0.9818817009998795,0.0,87.99999999999999
415,22512,0.375,0.21190625000000002,0.9819057944825923,1.0,87.99999999999999
416,5100,0.625,0.0625,0.62643055053608,1.0,87.88235294117645
417,22578,0.6724625,0.22125,0.9767377424406698,1.0,87.88235294117645
418,3073,0.125,0.0625,0.65293579086857,0.6206896551724137,87.49999999999999
419,4929,0.625,0.3125,0.6508384531984098,0.27586206896551724,87.49999999999999
420,5097,0.625,0.0625,0.65293579086857,0.6206896551724137,87.49999999999999
421,5567,0.8625,0.3125,0.6508384531984098,0.27586206896551724,87.49999999999999
422,18702,0.8625,0.277578125,0.9091555234309118,0.6896551724137931,87.39999999999999
423,2363,0.1125,0.0625,0.65293579086857,0.9655172413793103,87.33333333333333
424,5606,0.8625,0.278125,0.8796530538489338,0.9655172413793103,87.33333333333333
425,23888,0.6487375,0.1915875,0.9876761835923381,1.0,87.05882352941174
426,2363,0.1125,0.0625,0.65293579086857,0.0,86.99999999999999
427,2908,0.125,0.3125,0.62643055053608,0.0,86.99999999999999
428,5399,0.8625,0.0625,0.65293579086857,0.0,86.99999999999999
429,4380,0.6125,0.059375,0.6508384531984098,0.6896551724137931,86.66666666666666
430,3076,0.125,0.0625,0.62643055053608,0.6896551724137931,86.66666666666666
431,6111,0.875,0.0625,0.7059462715335502,0.9655172413793103,86.66666666666666
432,2356,0.1125,0.059375,0.6508384531984098,0.6896551724137931,86.66666666666666
433,5100,0.625,0.0625,0.62643055053608,0.6896551724137931,86.66666666666666
434,4088,0.375,0.0625,0.62643055053608,0.6896551724137931,86.66666666666666
435,5392,0.8625,0.059375,0.6508384531984098,0.6896551724137931,86.66666666666666
436,5400,0.8625,0.0625,0.62643055053608,0.6896551724137931,86.66666666666666
437,3917,0.375,0.3125,0.6508384531984098,0.27586206896551724,86.66666666666666
438,5313,0.8625,0.2880625,0.8888085772798457,0.9655172413793103,86.46666666666665
439,2382,0.1125,0.09375,0.655524635586074,1.0,86.08235294117645
440,4387,0.6125,0.0625,0.65293579086857,0.0,85.99999999999999
441,21307,0.8625,0.233828125,0.9795446331767256,0.0,85.99999999999999
442,2532,0.1125,0.3125,0.62643055053608,0.0,85.99999999999999
443,5553,0.8625,0.28125,0.62643055053608,1.0,85.99999999999999
444,4550,0.6125,0.309375,0.7059462715335502,1.0,85.88235294117645
445,21227,0.582775,0.23260625,0.9682568365257197,1.0,85.88235294117645
446,4934,0.625,0.309375,0.7059462715335502,1.0,85.88235294117645
447,4555,0.6125,0.3125,0.6508384531984098,0.27586206896551724,85.83333333333331
448,4085,0.375,0.0625,0.65293579086857,0.6206896551724137,85.83333333333331
449,3538,0.3625,0.309375,0.7059462715335502,1.0,85.41176470588233
450,5137,0.625,0.197040625,0.9989157932779182,1.0,85.41176470588233
451,18702,0.8625,0.277578125,0.9091555234309118,0.9655172413793103,85.39999999999999
452,5657,0.8625,0.042315000000000005,0.7767256956993133,1.0,85.29411764705881
453,4384,0.6125,0.059375,0.62643055053608,0.8275862068965517,85.0
454,3372,0.3625,0.059375,0.62643055053608,0.8275862068965517,85.0
455,3376,0.3625,0.0625,0.62643055053608,0.8275862068965517,85.0
456,3080,0.125,0.059375,0.6508384531984098,0.8275862068965517,85.0
457,6113,0.875,0.059375,0.62643055053608,0.8275862068965517,85.0
458,2364,0.1125,0.0625,0.62643055053608,0.8275862068965517,85.0
459,5104,0.625,0.059375,0.6508384531984098,0.8275862068965517,85.0
460,4092,0.375,0.059375,0.6508384531984098,0.8275862068965517,85.0
461,6109,0.875,0.0625,0.65293579086857,0.6206896551724137,84.99999999999999
462,5357,0.8625,0.197040625,0.9989157932779182,0.27586206896551724,84.99999999999999
463,5961,0.875,0.28125,0.62643055053608,1.0,84.94117647058822
464,5289,0.8625,0.2384375,0.9629442235875195,1.0,84.94117647058822
465,3922,0.375,0.309375,0.7059462715335502,1.0,84.58823529411762
466,5313,0.8625,0.2880625,0.8888085772798457,0.8275862068965517,84.5
467,4480,0.6125,0.194553125,0.8788820624021202,1.0,84.39999999999998
468,2905,0.125,0.3125,0.6508384531984098,0.27586206896551724,84.16666666666666
469,3543,0.3625,0.3125,0.6508384531984098,0.27586206896551724,84.16666666666666
470,5606,0.8625,0.278125,0.8796530538489338,0.6896551724137931,83.99999999999999
471,3375,0.3625,0.0625,0.65293579086857,0.0,83.99999999999999
472,3073,0.125,0.0625,0.65293579086857,0.0,83.99999999999999
473,4085,0.375,0.0625,0.65293579086857,0.0,83.99999999999999
474,4737,0.6125,0.17785625,0.9873750150584266,1.0,83.99999999999999
475,23882,0.648725,0.20093125,0.9859414528370076,0.6206896551724137,83.91666666666666
476,4556,0.6125,0.3125,0.62643055053608,0.3448275862068966,83.84615384615384
477,3375,0.3625,0.0625,0.65293579086857,1.0,83.50588235294116
478,23858,0.4046875,0.188853125,0.9999277195518612,1.0,83.41176470588233
479,4380,0.6125,0.059375,0.6508384531984098,0.13793103448275862,83.33333333333333
480,3368,0.3625,0.059375,0.6508384531984098,0.13793103448275862,83.33333333333333
481,2356,0.1125,0.059375,0.6508384531984098,0.13793103448275862,83.33333333333333
482,5104,0.625,0.059375,0.6508384531984098,0.13793103448275862,83.33333333333333
483,4088,0.375,0.0625,0.62643055053608,0.13793103448275862,83.33333333333333
484,21307,0.8625,0.233828125,0.9795446331767256,0.27586206896551724,83.33333333333331
485,5567,0.8625,0.3125,0.6508384531984098,0.6206896551724137,83.33333333333331
486,5953,0.875,0.295615625,0.7658836284784966,1.0,83.29411764705881
487,21236,0.6125,0.23065625,0.9821949162751474,1.0,83.17647058823528
488,4932,0.625,0.3125,0.62643055053608,0.3448275862068966,83.07692307692307
489,3920,0.375,0.3125,0.62643055053608,0.3448275862068966,83.07692307692307
490,23827,0.6125,0.18690625,1.0,1.0,82.94117647058822
491,6090,0.875,0.09375,0.655524635586074,1.0,82.82352941176468
492,22573,0.6844625,0.22359999999999997,0.975183712805686,1.0,82.70588235294116
493,3375,0.3625,0.0625,0.65293579086857,0.9655172413793103,82.66666666666666
494,4556,0.6125,0.3125,0.62643055053608,0.9655172413793103,82.66666666666666
495,23190,0.6125,0.1806125,0.9997470184315143,0.9655172413793103,82.66666666666666
496,4736,0.6125,0.171346875,0.9860498735092157,1.0,82.58823529411762
497,5955,0.875,0.30485937500000004,0.7440320443320082,1.0,82.35294117647057
498,3544,0.3625,0.3125,0.62643055053608,0.3448275862068966,82.30769230769229
499,3073,0.125,0.0625,0.65293579086857,0.9655172413793103,81.99999999999999
500,4932,0.625,0.3125,0.62643055053608,0.9655172413793103,81.99999999999999
501,5568,0.8625,0.3125,0.62643055053608,0.6896551724137931,81.99999999999999
502,23876,0.8625,0.2024875,0.9855077701481749,0.0,81.99999999999999
503,2526,0.1125,0.309375,0.7059462715335502,1.0,81.99999999999999
504,2910,0.125,0.309375,0.7059462715335502,1.0,81.76470588235293
505,5941,0.875,0.3125,0.6508384531984098,0.6206896551724137,81.66666666666666
506,2531,0.1125,0.3125,0.6508384531984098,0.27586206896551724,81.66666666666666
507,2908,0.125,0.3125,0.62643055053608,0.3448275862068966,81.53846153846153
508,21223,0.5888,0.235378125,0.9658113480303577,1.0,81.41176470588233
509,3544,0.3625,0.3125,0.62643055053608,0.9655172413793103,81.33333333333333
510,3920,0.375,0.3125,0.62643055053608,0.9655172413793103,81.33333333333333
511,5418,0.8625,0.09375,0.655524635586074,1.0,81.29411764705881
512,4406,0.6125,0.09375,0.655524635586074,1.0,80.98823529411763
513,3394,0.3625,0.09375,0.655524635586074,1.0,80.8941176470588
514,2532,0.1125,0.3125,0.62643055053608,0.3448275862068966,80.76923076923076
515,5218,0.625,0.215625,0.958089386820865,0.27586206896551724,80.74999999999999
516,5944,0.875,0.3125,0.62643055053608,0.6896551724137931,80.66666666666666
517,5399,0.8625,0.0625,0.65293579086857,0.9655172413793103,80.66666666666666
518,22571,0.7439250000000001,0.219709375,0.9777014817491867,1.0,80.58823529411762
519,6140,0.875,0.262071875,0.9472834598241175,1.0,80.35294117647057
520,23909,0.654725,0.20366875,0.9972292494880134,1.0,80.35294117647057
521,5559,0.8625,0.30485937500000004,0.7440320443320082,1.0,80.23529411764704
522,21301,0.7734,0.23650312499999998,0.9647753282737019,1.0,80.11764705882351
523,4380,0.6125,0.059375,0.6508384531984098,0.8275862068965517,80.0
524,3368,0.3625,0.059375,0.6508384531984098,0.8275862068965517,80.0
525,3076,0.125,0.0625,0.62643055053608,0.8275862068965517,80.0
526,6112,0.875,0.0625,0.62643055053608,0.6896551724137931,79.99999999999999
527,2908,0.125,0.3125,0.62643055053608,0.9655172413793103,79.99999999999999
528,5397,0.8625,0.0625,0.7059462715335502,0.3448275862068966,79.99999999999999
529,23803,0.588825,0.20093437500000003,0.9859414528370076,0.6206896551724137,79.99999999999999
530,22581,0.6962125,0.216578125,0.9795205396940128,1.0,79.99999999999999
531,4389,0.6125,0.0625,0.7324515118660402,1.0,79.8941176470588
532,3333,0.3625,0.197040625,0.9989157932779182,1.0,79.88235294117645
533,22598,0.74375,0.216571875,0.9795205396940128,1.0,79.88235294117645
534,22574,0.6547,0.22554687499999998,0.9738103842910492,1.0,79.76470588235293
535,21313,0.625,0.24936250000000001,0.9637754487411154,1.0,79.52941176470587
536,5097,0.625,0.0625,0.65293579086857,0.9655172413793103,79.33333333333333
537,4085,0.375,0.0625,0.65293579086857,0.9655172413793103,79.33333333333333
538,2532,0.1125,0.3125,0.62643055053608,0.9655172413793103,79.33333333333333
539,6095,0.875,0.09375,0.62643055053608,0.27586206896551724,79.16666666666666
540,2383,0.1125,0.09375,0.62643055053608,0.27586206896551724,79.16666666666666
541,5557,0.8625,0.295615625,0.7658836284784966,1.0,79.05882352941175
542,22590,0.8625,0.21195312500000002,0.9818817009998795,0.6206896551724137,78.99999999999999
543,6097,0.875,0.090625,0.7671364895795687,1.0,78.98823529411763
544,4188,0.375,0.21875,0.978279725334297,1.0,78.94117647058822
545,3054,0.125,0.09375,0.655524635586074,1.0,78.91764705882352
546,4066,0.375,0.09375,0.655524635586074,1.0,78.8235294117647
547,23887,0.672475,0.19314375,0.9874954824719914,1.0,78.4705882352941
548,4385,0.6125,0.0625,0.7059462715335502,0.3448275862068966,78.46153846153845
549,23876,0.8625,0.2024875,0.9855077701481749,0.27586206896551724,78.33333333333331
550,3469,0.3625,0.20159374999999996,0.8773762197325623,1.0,78.31882352941174
551,4348,0.6125,0.17483437500000001,0.9989157932779182,1.0,78.23529411764704
552,22552,0.5888375,0.2228125,0.9879412119021804,1.0,78.11764705882351
553,22572,0.7141625,0.22165625000000003,0.9764727141308276,1.0,78.11764705882351
554,4125,0.375,0.197040625,0.9989157932779182,0.9655172413793103,77.99999999999999
555,22584,0.625,0.21190625000000002,0.9819057944825923,0.9655172413793103,77.99999999999999
556,3061,0.125,0.090625,0.7671364895795687,1.0,77.8235294117647
557,4750,0.625,0.171346875,0.9860498735092157,1.0,77.64705882352939
558,2375,0.1125,0.090625,0.7671364895795687,1.0,77.63529411764704
559,5132,0.625,0.2336875,0.9796651005902903,0.27586206896551724,77.49999999999999
560,22584,0.625,0.21190625000000002,0.9819057944825923,0.6206896551724137,77.41666666666666
561,5078,0.625,0.09375,0.655524635586074,1.0,77.22352941176469
562,3937,0.375,0.28125,0.62643055053608,1.0,77.17647058823528
563,22601,0.6547,0.210728125,0.9824478978436332,0.6206896551724137,76.99999999999999
564,5567,0.8625,0.3125,0.6508384531984098,0.0,76.99999999999999
565,23804,0.6125,0.2024875,0.9855077701481749,0.6206896551724137,76.83333333333333
566,4555,0.6125,0.3125,0.6508384531984098,0.6206896551724137,76.66666666666666
567,5568,0.8625,0.3125,0.62643055053608,0.48275862068965514,76.47058823529412
568,5552,0.8625,0.28125,0.6545717383447777,1.0,76.4705882352941
569,22461,0.3625,0.21195312500000002,0.9940127695458378,1.0,76.4705882352941
570,22534,0.6125,0.22436249999999996,0.9868931454041681,0.6206896551724137,76.24999999999999
571,22606,0.8625,0.22436249999999996,0.9868931454041681,1.0,76.23529411764704
572,5411,0.8625,0.090625,0.7671364895795687,1.0,76.16470588235292
573,3373,0.3625,0.0625,0.7059462715335502,0.3448275862068966,76.15384615384615
574,5567,0.8625,0.3125,0.6508384531984098,0.3448275862068966,76.15384615384615
575,5941,0.875,0.3125,0.6508384531984098,0.0,75.99999999999999
576,22599,0.7140875,0.214625,0.9805686061920249,1.0,75.99999999999999
577,3080,0.125,0.059375,0.6508384531984098,1.0,75.90588235294116
578,21287,0.6487625,0.235340625,0.9658474882544271,1.0,75.88235294117645
579,4929,0.625,0.3125,0.6508384531984098,0.6206896551724137,75.83333333333333
580,5083,0.625,0.09375,0.62643055053608,0.27586206896551724,75.83333333333333
581,5419,0.8625,0.09375,0.62643055053608,0.27586206896551724,75.83333333333333
582,5909,0.875,0.29007499999999997,0.7915190940850501,1.0,75.64705882352939
583,22519,0.5888,0.213503125,0.9811348030357788,1.0,75.64705882352939
584,23756,0.3625,0.2024875,0.9975906517287073,1.0,75.41176470588233
585,23860,0.5828125,0.188853125,0.9999277195518612,1.0,75.05882352941175
586,2356,0.1125,0.059375,0.6508384531984098,0.8275862068965517,75.0
587,6116,0.875,0.059375,0.6508384531984098,0.8275862068965517,75.0
588,5100,0.625,0.0625,0.62643055053608,0.8275862068965517,75.0
589,4088,0.375,0.0625,0.62643055053608,0.8275862068965517,75.0
590,5396,0.8625,0.059375,0.62643055053608,0.8275862068965517,75.0
591,5400,0.8625,0.0625,0.62643055053608,0.8275862068965517,75.0
592,4407,0.6125,0.09375,0.62643055053608,0.27586206896551724,74.99999999999999
593,3395,0.3625,0.09375,0.62643055053608,0.27586206896551724,74.99999999999999
594,3543,0.3625,0.3125,0.6508384531984098,0.6206896551724137,74.99999999999999
595,3917,0.375,0.3125,0.6508384531984098,0.6206896551724137,74.99999999999999
596,4555,0.6125,0.3125,0.6508384531984098,0.0,74.99999999999999
597,5357,0.8625,0.197040625,0.9989157932779182,0.0,74.99999999999999
598,5956,0.875,0.28125,0.6545717383447777,1.0,74.94117647058822
599,23819,0.582875,0.20366875,0.9851343211661244,1.0,74.8235294117647
600,5944,0.875,0.3125,0.62643055053608,0.48275862068965514,74.70588235294117
601,4556,0.6125,0.3125,0.62643055053608,0.6896551724137931,74.66666666666666
602,4087,0.375,0.0625,0.7059462715335502,0.3448275862068966,74.6153846153846
603,4284,0.6125,0.21875,0.978279725334297,1.0,74.58823529411764
604,4541,0.6125,0.28125,0.62643055053608,1.0,74.4705882352941
605,22516,0.5888375,0.2228125,0.9757137694253704,1.0,74.4705882352941
606,22579,0.6961875,0.21969374999999997,0.9777014817491867,1.0,74.4705882352941
607,5748,0.8625,0.171346875,0.9860498735092157,1.0,74.23529411764704
608,2905,0.125,0.3125,0.6508384531984098,0.6206896551724137,74.16666666666666
609,22606,0.8625,0.22436249999999996,0.9868931454041681,0.27586206896551724,74.16666666666666
610,4385,0.6125,0.0625,0.7059462715335502,0.48275862068965514,74.11764705882354
611,5397,0.8625,0.0625,0.7059462715335502,0.48275862068965514,74.11764705882354
612,3529,0.3625,0.28125,0.62643055053608,1.0,74.11764705882351
613,4385,0.6125,0.0625,0.7059462715335502,0.6896551724137931,73.99999999999999
614,4932,0.625,0.3125,0.62643055053608,0.6896551724137931,73.99999999999999
615,6109,0.875,0.0625,0.65293579086857,0.9655172413793103,73.99999999999999
616,23889,0.625,0.19003125,0.9878086977472593,0.9655172413793103,73.99999999999999
617,5567,0.8625,0.3125,0.6508384531984098,0.9655172413793103,73.99999999999999
618,22531,0.6125,0.21195312500000002,0.9940127695458378,0.9655172413793103,73.99999999999999
619,4929,0.625,0.3125,0.6508384531984098,0.0,73.99999999999999
620,3917,0.375,0.3125,0.6508384531984098,0.0,73.99999999999999
621,2517,0.1125,0.28125,0.62643055053608,1.0,73.99999999999999
622,23831,0.375,0.18690625,1.0,1.0,73.99999999999999
623,3272,0.3625,0.21875,0.978279725334297,1.0,73.88235294117645
624,18702,0.8625,0.277578125,0.9091555234309118,1.0,73.88235294117645
625,5941,0.875,0.3125,0.6508384531984098,0.3448275862068966,73.84615384615384
626,3075,0.125,0.0625,0.7059462715335502,0.3448275862068966,73.84615384615384
627,2361,0.1125,0.0625,0.7059462715335502,0.3448275862068966,73.84615384615384
628,2918,0.125,0.300271875,0.7551740754126008,1.0,73.76470588235293
629,3060,0.125,0.090625,0.62643055053608,1.0,73.64705882352939
630,22496,0.5828875,0.22554687499999998,0.9738103842910492,1.0,73.64705882352939
631,3373,0.3625,0.0625,0.7059462715335502,0.6896551724137931,73.33333333333333
632,3920,0.375,0.3125,0.62643055053608,0.6896551724137931,73.33333333333333
633,4284,0.6125,0.21875,0.978279725334297,0.27586206896551724,73.33333333333333
634,6104,0.875,0.0625,0.7324515118660402,0.27586206896551724,73.33333333333333
635,4071,0.375,0.09375,0.62643055053608,0.27586206896551724,73.33333333333333
636,5401,0.8625,0.0625,0.7324515118660402,0.27586206896551724,73.33333333333333
637,22584,0.625,0.21190625000000002,0.9819057944825923,0.27586206896551724,73.33333333333333
638,3108,0.125,0.2336875,0.9796651005902903,1.0,73.17647058823528
639,3930,0.375,0.300271875,0.7551740754126008,1.0,73.17647058823528
640,6111,0.875,0.0625,0.7059462715335502,0.3448275862068966,73.07692307692307
641,3468,0.3625,0.194553125,0.8788820624021202,1.0,73.0705882352941
642,21294,0.8625,0.233828125,0.9671967232863511,0.0,72.99999999999999
643,3543,0.3625,0.3125,0.6508384531984098,0.0,72.99999999999999
644,22606,0.8625,0.22436249999999996,0.9868931454041681,0.0,72.99999999999999
645,2925,0.125,0.28125,0.62643055053608,1.0,72.94117647058822
646,4668,0.6125,0.0625,0.7682568365257197,1.0,72.87058823529411
647,3377,0.3625,0.0625,0.7324515118660402,1.0,72.83529411764704
648,21312,0.625,0.23065625,0.9821949162751474,1.0,72.70588235294116
649,23190,0.6125,0.1806125,0.9997470184315143,0.3448275862068966,72.69230769230768
650,5941,0.875,0.3125,0.6508384531984098,0.9655172413793103,72.66666666666666
651,3544,0.3625,0.3125,0.62643055053608,0.6896551724137931,72.66666666666666
652,3059,0.125,0.09375,0.62643055053608,0.27586206896551724,72.49999999999999
653,5356,0.8625,0.20443125,0.9969883146608842,0.27586206896551724,72.49999999999999
654,2531,0.1125,0.3125,0.6508384531984098,0.6206896551724137,72.49999999999999
655,22603,0.8625,0.21195312500000002,0.9940127695458378,0.27586206896551724,72.49999999999999
656,5310,0.8625,0.25,0.906143838091796,1.0,72.35294117647057
657,5099,0.625,0.0625,0.7059462715335502,0.3448275862068966,72.30769230769229
658,6111,0.875,0.0625,0.7059462715335502,0.13793103448275862,72.22222222222223
659,5397,0.8625,0.0625,0.7059462715335502,0.13793103448275862,72.22222222222223
660,23892,0.8032125000000001,0.201725,0.9857246114925913,1.0,72.11764705882351
661,4080,0.375,0.0625,0.7324515118660402,1.0,72.08235294117645
662,5606,0.8625,0.278125,0.8796530538489338,0.8275862068965517,72.0
663,23882,0.648725,0.20093125,0.9859414528370076,0.3448275862068966,71.99999999999999
664,2905,0.125,0.3125,0.6508384531984098,0.0,71.99999999999999
665,2531,0.1125,0.3125,0.6508384531984098,0.0,71.99999999999999
666,23881,0.625,0.2024875,0.9855077701481749,0.6206896551724137,71.91666666666666
667,4072,0.375,0.090625,0.62643055053608,1.0,71.90588235294116
668,21307,0.8625,0.233828125,0.9795446331767256,1.0,71.88235294117645
669,2522,0.1125,0.300271875,0.7551740754126008,1.0,71.88235294117645
670,3373,0.3625,0.0625,0.7059462715335502,0.48275862068965514,71.76470588235294
671,5597,0.8625,0.29007499999999997,0.7915190940850501,1.0,71.76470588235293
672,6017,0.875,0.20159374999999996,0.8773762197325623,0.27586206896551724,71.66666666666666
673,21294,0.8625,0.233828125,0.9671967232863511,0.27586206896551724,71.66666666666666
674,3534,0.3625,0.300271875,0.7551740754126008,1.0,71.64705882352939
675,5309,0.8625,0.25,0.9282857487049753,1.0,71.64705882352939
676,22575,0.625,0.22748749999999998,0.97237682206963,1.0,71.64705882352939
677,22531,0.6125,0.21195312500000002,0.9940127695458378,0.6206896551724137,71.41666666666666
678,23869,0.684375,0.1908,0.9877484640404769,1.0,71.41176470588233
679,5131,0.625,0.2408875,0.9729671123960967,1.0,71.41176470588233
680,2908,0.125,0.3125,0.62643055053608,0.6896551724137931,71.33333333333333
681,2532,0.1125,0.3125,0.62643055053608,0.6896551724137931,71.33333333333333
682,5210,0.625,0.2384375,0.9629442235875195,0.6206896551724137,71.16666666666666
683,5092,0.625,0.0625,0.7324515118660402,1.0,71.03529411764704
684,5227,0.625,0.1875,0.9575954704252498,1.0,71.02352941176468
685,22603,0.8625,0.21195312500000002,0.9940127695458378,0.0,70.99999999999999
686,5545,0.8625,0.278125,0.7718949524153716,1.0,70.94117647058822
687,3377,0.3625,0.0625,0.7324515118660402,0.27586206896551724,70.83333333333333
688,2383,0.1125,0.09375,0.62643055053608,0.6206896551724137,70.83333333333333
689,22531,0.6125,0.21195312500000002,0.9940127695458378,0.27586206896551724,70.83333333333333
690,5564,0.8625,0.309375,0.62643055053608,1.0,70.8235294117647
691,4387,0.6125,0.0625,0.65293579086857,0.3448275862068966,70.76923076923076
692,4949,0.625,0.28125,0.62643055053608,1.0,70.70588235294116
693,5218,0.625,0.215625,0.958089386820865,0.0,70.59999999999998
694,2908,0.125,0.3125,0.62643055053608,0.48275862068965514,70.58823529411765
695,3544,0.3625,0.3125,0.62643055053608,0.48275862068965514,70.58823529411765
696,23810,0.398725,0.20093125,0.9859414528370076,1.0,70.4705882352941
697,5945,0.875,0.309375,0.62643055053608,1.0,70.35294117647058
698,5616,0.8625,0.27164062499999997,0.8892302132273219,1.0,70.35294117647058
699,5182,0.625,0.2880625,0.8888085772798457,0.6896551724137931,70.33333333333333
700,21259,0.3987625,0.235340625,0.9782194916275146,1.0,70.23529411764704
701,4401,0.6125,0.090625,0.62643055053608,1.0,70.18823529411763
702,5392,0.8625,0.059375,0.6508384531984098,0.8275862068965517,70.0
703,3075,0.125,0.0625,0.7059462715335502,0.48275862068965514,70.0
704,4087,0.375,0.0625,0.7059462715335502,0.48275862068965514,70.0
705,5132,0.625,0.2336875,0.9796651005902903,0.9655172413793103,69.99999999999999
706,5182,0.625,0.2880625,0.8888085772798457,0.9655172413793103,69.99999999999999
707,4389,0.6125,0.0625,0.7324515118660402,0.27586206896551724,69.99999999999999
708,5132,0.625,0.2336875,0.9796651005902903,0.0,69.99999999999999
709,5413,0.8625,0.090625,0.62643055053608,1.0,69.99999999999999
710,21235,0.6125,0.233828125,0.9795446331767256,0.6206896551724137,69.91666666666666
711,23806,0.5888125,0.191625,0.9876641368509818,1.0,69.76470588235293
712,23829,0.6125,0.2024875,0.9975906517287073,1.0,69.76470588235293
713,4942,0.625,0.300271875,0.7551740754126008,1.0,69.64705882352939
714,2361,0.1125,0.0625,0.7059462715335502,0.48275862068965514,69.41176470588235
715,4555,0.6125,0.3125,0.6508384531984098,0.9655172413793103,69.33333333333333
716,5903,0.875,0.278125,0.8796530538489338,0.9655172413793103,69.33333333333333
717,3075,0.125,0.0625,0.7059462715335502,0.6896551724137931,69.33333333333333
718,2361,0.1125,0.0625,0.7059462715335502,0.6896551724137931,69.33333333333333
719,23190,0.6125,0.1806125,0.9997470184315143,0.6896551724137931,69.33333333333333
720,6114,0.875,0.059375,0.6996542585230695,0.27586206896551724,69.16666666666666
721,2365,0.1125,0.0625,0.7324515118660402,0.27586206896551724,69.16666666666666
722,5562,0.8625,0.309375,0.7059462715335502,0.27586206896551724,69.16666666666666
723,4080,0.375,0.0625,0.7324515118660402,0.27586206896551724,69.16666666666666
724,21288,0.625,0.23378125,0.9672328635104203,0.48275862068965514,69.05882352941177
725,4121,0.375,0.22643437500000002,0.9854234429586796,1.0,69.05882352941175
726,5084,0.625,0.090625,0.62643055053608,1.0,69.0470588235294
727,22584,0.625,0.21190625000000002,0.9819057944825923,0.0,68.99999999999999
728,3109,0.125,0.22643437500000002,0.9854234429586796,1.0,68.94117647058822
729,23894,0.7439250000000001,0.197834375,0.9866883508011083,1.0,68.94117647058822
730,23875,0.8388249999999999,0.20093437500000003,0.9859414528370076,0.0,68.89999999999999
731,6111,0.875,0.0625,0.7059462715335502,0.48275862068965514,68.82352941176471
732,22522,0.6125,0.20878125,0.9832791229972292,1.0,68.8235294117647
733,22570,0.7736,0.22165625000000003,0.9764727141308276,1.0,68.8235294117647
734,22584,0.625,0.21190625000000002,0.9819057944825923,0.3448275862068966,68.76923076923076
735,5903,0.875,0.278125,0.8796530538489338,1.0,68.70588235294116
736,4929,0.625,0.3125,0.6508384531984098,0.9655172413793103,68.66666666666666
737,5397,0.8625,0.0625,0.7059462715335502,0.6896551724137931,68.66666666666666
738,3328,0.3625,0.2336875,0.9796651005902903,1.0,68.58823529411764
739,21222,0.6125,0.233828125,0.9671967232863511,1.0,68.58823529411764
740,22600,0.684375,0.212678125,0.9815443922418986,0.6206896551724137,68.49999999999999
741,4555,0.6125,0.3125,0.6508384531984098,0.3448275862068966,68.46153846153845
742,6096,0.875,0.090625,0.62643055053608,1.0,68.45882352941175
743,21317,0.654725,0.23260625,0.9805926996747379,1.0,68.35294117647058
744,5210,0.625,0.2384375,0.9629442235875195,1.0,68.35294117647058
745,4389,0.6125,0.0625,0.7324515118660402,0.6206896551724137,68.33333333333333
746,4407,0.6125,0.09375,0.62643055053608,0.6206896551724137,68.33333333333333
747,6095,0.875,0.09375,0.62643055053608,0.6206896551724137,68.33333333333333
748,3068,0.125,0.0625,0.7324515118660402,0.27586206896551724,68.33333333333333
749,5092,0.625,0.0625,0.7324515118660402,0.27586206896551724,68.33333333333333
750,5099,0.625,0.0625,0.7059462715335502,0.48275862068965514,68.23529411764706
751,22523,0.5828,0.210728125,0.9824478978436332,0.6206896551724137,68.08333333333333
752,3917,0.375,0.3125,0.6508384531984098,0.9655172413793103,67.99999999999999
753,5606,0.8625,0.278125,0.8796530538489338,0.6206896551724137,67.99999999999999
754,4284,0.6125,0.21875,0.978279725334297,0.0,67.99999999999999
755,4204,0.375,0.18979375,0.9878207444886157,1.0,67.76470588235293
756,23223,0.625,0.1837375,0.9879171184194675,1.0,67.76470588235293
757,21338,0.6546875,0.24742187499999999,0.9660040958920612,1.0,67.76470588235293
758,22589,0.8625,0.22436249999999996,0.9746536561860017,1.0,67.76470588235293
759,3389,0.3625,0.090625,0.62643055053608,1.0,67.70588235294116
760,23892,0.8032125000000001,0.201725,0.9857246114925913,0.0,67.69999999999999
761,4929,0.625,0.3125,0.6508384531984098,0.3448275862068966,67.69230769230768
762,15228,0.8625,0.036951875,0.7741838332730996,0.6206896551724137,67.66666666666666
763,4206,0.375,0.215625,0.958089386820865,1.0,67.56470588235292
764,4550,0.6125,0.309375,0.7059462715335502,0.27586206896551724,67.49999999999999
765,3395,0.3625,0.09375,0.62643055053608,0.6206896551724137,67.49999999999999
766,5419,0.8625,0.09375,0.62643055053608,0.6206896551724137,67.49999999999999
767,23277,0.6487375,0.17905625,0.9995904107938802,1.0,67.41176470588233
768,5200,0.625,0.21875,0.978279725334297,1.0,67.41176470588233
769,3543,0.3625,0.3125,0.6508384531984098,0.9655172413793103,67.33333333333333
770,5099,0.625,0.0625,0.7059462715335502,0.6896551724137931,67.33333333333333
771,4125,0.375,0.197040625,0.9989157932779182,0.6896551724137931,67.33333333333333
772,5567,0.8625,0.3125,0.6508384531984098,0.6896551724137931,67.33333333333333
773,4546,0.6125,0.300271875,0.7551740754126008,1.0,67.29411764705881
774,21283,0.696175,0.24156875000000003,0.9598120708348392,1.0,67.29411764705881
775,22533,0.6125,0.22748749999999998,0.984652451511866,1.0,67.29411764705881
776,22546,0.5888125,0.213503125,0.9932779183230935,0.6206896551724137,67.16666666666666
777,6095,0.875,0.09375,0.62643055053608,0.0,66.99999999999999
778,2383,0.1125,0.09375,0.62643055053608,0.0,66.99999999999999
779,2363,0.1125,0.0625,0.65293579086857,0.3448275862068966,66.92307692307692
780,3543,0.3625,0.3125,0.6508384531984098,0.3448275862068966,66.92307692307692
781,3917,0.375,0.3125,0.6508384531984098,0.3448275862068966,66.92307692307692
782,22520,0.5651375,0.21505000000000002,0.9803397181062522,1.0,66.8235294117647
783,4091,0.375,0.059375,0.6752463558607397,1.0,66.71764705882352
784,5963,0.875,0.278125,0.7718949524153716,1.0,66.70588235294116
785,23883,0.6724625,0.199375,0.9863389953017708,1.0,66.70588235294116
786,3929,0.375,0.295615625,0.7658836284784966,1.0,66.70588235294116
787,22569,0.8032250000000001,0.22359999999999997,0.975183712805686,1.0,66.70588235294116
788,22601,0.6547,0.210728125,0.9824478978436332,0.3448275862068966,66.69230769230768
789,4385,0.6125,0.0625,0.7059462715335502,0.13793103448275862,66.66666666666667
790,5944,0.875,0.3125,0.62643055053608,0.13793103448275862,66.66666666666667
791,2361,0.1125,0.0625,0.7059462715335502,0.13793103448275862,66.66666666666667
792,5568,0.8625,0.3125,0.62643055053608,0.13793103448275862,66.66666666666667
793,4087,0.375,0.0625,0.7059462715335502,0.13793103448275862,66.66666666666667
794,4087,0.375,0.0625,0.7059462715335502,0.6896551724137931,66.66666666666666
795,22584,0.625,0.21190625000000002,0.9819057944825923,0.6896551724137931,66.66666666666666
796,4934,0.625,0.309375,0.7059462715335502,0.27586206896551724,66.66666666666666
797,21308,0.8625,0.23065625,0.9821949162751474,0.27586206896551724,66.66666666666666
798,2358,0.1125,0.059375,0.6996542585230695,0.27586206896551724,66.66666666666666
799,5083,0.625,0.09375,0.62643055053608,0.6206896551724137,66.66666666666666
800,3538,0.3625,0.309375,0.7059462715335502,0.27586206896551724,66.66666666666666
801,5394,0.8625,0.059375,0.6996542585230695,0.27586206896551724,66.66666666666666
802,23803,0.588825,0.20093437500000003,0.9859414528370076,0.3448275862068966,66.6153846153846
803,4073,0.375,0.090625,0.7671364895795687,1.0,66.55294117647057
804,4387,0.6125,0.0625,0.65293579086857,0.48275862068965514,66.47058823529412
805,5657,0.8625,0.042315000000000005,0.7767256956993133,0.6206896551724137,66.41666666666666
806,22603,0.8625,0.21195312500000002,0.9940127695458378,0.6206896551724137,66.41666666666666
807,5146,0.625,0.13098749999999998,0.9729671123960967,1.0,66.35294117647058
808,3369,0.3625,0.059375,0.6752463558607397,1.0,66.23529411764704
809,2917,0.125,0.295615625,0.7658836284784966,1.0,66.23529411764704
810,3932,0.375,0.28125,0.6545717383447777,1.0,66.23529411764704
811,2905,0.125,0.3125,0.6508384531984098,0.3448275862068966,66.15384615384615
812,23839,0.582875,0.20366875,0.9972292494880134,1.0,66.11764705882352
813,22580,0.7199375,0.218134375,0.9786411275749909,1.0,66.11764705882352
814,4387,0.6125,0.0625,0.65293579086857,0.6896551724137931,65.99999999999999
815,5903,0.875,0.278125,0.8796530538489338,0.6896551724137931,65.99999999999999
816,2905,0.125,0.3125,0.6508384531984098,0.9655172413793103,65.99999999999999
817,4120,0.375,0.2336875,0.9796651005902903,0.9655172413793103,65.99999999999999
818,22512,0.375,0.21190625000000002,0.9819057944825923,0.9655172413793103,65.99999999999999
819,22534,0.6125,0.22436249999999996,0.9868931454041681,0.9655172413793103,65.99999999999999
820,22602,0.625,0.20878125,0.9832791229972292,0.9655172413793103,65.99999999999999
821,5345,0.8625,0.28247187500000004,0.9134441633538127,0.6896551724137931,65.93333333333332
822,22577,0.6487125,0.22280625,0.9757137694253704,0.6206896551724137,65.91666666666666
823,23802,0.5651375,0.19938125,0.9863389953017708,1.0,65.88235294117645
824,15231,0.625,0.036905625,0.7740151788941092,1.0,65.88235294117645
825,22597,0.7734125,0.214625,0.9805686061920249,1.0,65.88235294117645
826,5954,0.875,0.300271875,0.7551740754126008,0.27586206896551724,65.83333333333333
827,5946,0.875,0.309375,0.7059462715335502,0.27586206896551724,65.83333333333333
828,3078,0.125,0.059375,0.6996542585230695,0.27586206896551724,65.83333333333333
829,3059,0.125,0.09375,0.62643055053608,0.6206896551724137,65.83333333333333
830,21312,0.625,0.23065625,0.9821949162751474,0.6206896551724137,65.83333333333333
831,5558,0.8625,0.300271875,0.7551740754126008,0.27586206896551724,65.83333333333333
832,5289,0.8625,0.2384375,0.9629442235875195,0.27586206896551724,65.83333333333333
833,4071,0.375,0.09375,0.62643055053608,0.6206896551724137,65.83333333333333
834,3922,0.375,0.309375,0.7059462715335502,0.27586206896551724,65.83333333333333
835,22602,0.625,0.20878125,0.9832791229972292,0.6206896551724137,65.83333333333333
836,5344,0.8625,0.2890625,0.9004216359474762,0.6896551724137931,65.66666666666666
837,22571,0.7439250000000001,0.219709375,0.9777014817491867,0.0,65.6
838,3198,0.125,0.196271875,0.9870015660763762,1.0,65.52941176470587
839,5133,0.625,0.22643437500000002,0.9854234429586796,1.0,65.52941176470587
840,6222,0.875,0.2384375,0.9629442235875195,1.0,65.52941176470587
841,22591,0.8388,0.213503125,0.9811348030357788,1.0,65.52941176470587
842,21226,0.6125,0.23065625,0.9698831466088423,0.6206896551724137,65.41666666666666
843,3533,0.3625,0.295615625,0.7658836284784966,1.0,65.41176470588233
844,2531,0.1125,0.3125,0.6508384531984098,0.3448275862068966,65.38461538461537
845,5941,0.875,0.3125,0.6508384531984098,0.6896551724137931,65.33333333333333
846,2531,0.1125,0.3125,0.6508384531984098,0.9655172413793103,65.33333333333333
847,5132,0.625,0.2336875,0.9796651005902903,1.0,65.29411764705881
848,23901,0.8625,0.2024875,0.9975906517287073,1.0,65.29411764705881
849,2521,0.1125,0.295615625,0.7658836284784966,1.0,65.29411764705881
850,4381,0.6125,0.059375,0.6752463558607397,1.0,65.21176470588235
851,5218,0.625,0.215625,0.958089386820865,0.6206896551724137,65.175
852,23875,0.8388249999999999,0.20093437500000003,0.9859414528370076,0.27586206896551724,65.16666666666666
853,4125,0.375,0.197040625,0.9989157932779182,0.6206896551724137,65.16666666666666
854,5210,0.625,0.2384375,0.9629442235875195,0.3448275862068966,65.15384615384615
855,22534,0.6125,0.22436249999999996,0.9868931454041681,0.3448275862068966,65.07692307692307
856,6155,0.875,0.15274062500000002,0.9902300927599084,1.0,65.05882352941175
857,4385,0.6125,0.0625,0.7059462715335502,0.8275862068965517,65.0
858,6112,0.875,0.0625,0.62643055053608,0.8275862068965517,65.0
859,6015,0.875,0.194553125,0.8788820624021202,0.27586206896551724,64.99999999999999
860,3377,0.3625,0.0625,0.7324515118660402,0.6206896551724137,64.99999999999999
861,6090,0.875,0.09375,0.655524635586074,0.27586206896551724,64.99999999999999
862,6144,0.875,0.2336875,0.9796651005902903,0.27586206896551724,64.99999999999999
863,23144,0.58285,0.18179375,0.9877966510059029,0.6206896551724137,64.99999999999999
864,5351,0.8625,0.2408875,0.9729671123960967,0.27586206896551724,64.99999999999999
865,5401,0.8625,0.0625,0.7324515118660402,0.6206896551724137,64.99999999999999
866,5083,0.625,0.09375,0.62643055053608,0.0,64.99999999999999
867,23837,0.404725,0.20366875,0.9972292494880134,1.0,64.94117647058822
868,2320,0.1125,0.20443125,0.9969883146608842,1.0,64.94117647058822
869,2377,0.1125,0.090625,0.62643055053608,1.0,64.8941176470588
870,4556,0.6125,0.3125,0.62643055053608,0.48275862068965514,64.70588235294117
871,4932,0.625,0.3125,0.62643055053608,0.48275862068965514,64.70588235294117
872,2532,0.1125,0.3125,0.62643055053608,0.48275862068965514,64.70588235294117
873,3920,0.375,0.3125,0.62643055053608,0.48275862068965514,64.70588235294117
874,2855,0.125,0.246875,0.9248042404529574,1.0,64.70588235294116
875,22445,0.12499999999999992,0.21190625000000002,0.9819057944825923,1.0,64.70588235294116
876,4255,0.6125,0.19389375,0.8910372244307915,1.0,64.68235294117646
877,5954,0.875,0.300271875,0.7551740754126008,0.9655172413793103,64.66666666666666
878,5137,0.625,0.197040625,0.9989157932779182,0.9655172413793103,64.66666666666666
879,23889,0.625,0.19003125,0.9878086977472593,0.6896551724137931,64.66666666666666
880,5103,0.625,0.059375,0.6752463558607397,1.0,64.58823529411764
881,5345,0.8625,0.28247187500000004,0.9134441633538127,0.9655172413793103,64.53333333333333
882,5182,0.625,0.2880625,0.8888085772798457,0.8275862068965517,64.5
883,18702,0.8625,0.277578125,0.9091555234309118,0.8275862068965517,64.5
884,5363,0.8625,0.15274062500000002,0.9902300927599084,1.0,64.4705882352941
885,23804,0.6125,0.2024875,0.9855077701481749,0.3448275862068966,64.38461538461537
886,21314,0.625,0.24623750000000003,0.9673292374412721,1.0,64.35294117647058
887,23829,0.6125,0.2024875,0.9975906517287073,0.27586206896551724,64.16666666666666
888,23830,0.6125,0.20561249999999998,0.9965787254547644,0.6206896551724137,64.16666666666666
889,2910,0.125,0.309375,0.7059462715335502,0.27586206896551724,64.16666666666666
890,2382,0.1125,0.09375,0.655524635586074,0.27586206896551724,64.16666666666666
891,4090,0.375,0.059375,0.6996542585230695,0.27586206896551724,64.16666666666666
892,5562,0.8625,0.309375,0.7059462715335502,0.6206896551724137,64.16666666666666
893,2526,0.1125,0.309375,0.7059462715335502,0.27586206896551724,64.16666666666666
894,23886,0.6961999999999999,0.194703125,0.9872665943862186,1.0,64.11764705882352
895,22583,0.6487499999999999,0.21346249999999997,0.9811588965184916,0.6206896551724137,64.08333333333333
896,23756,0.3625,0.2024875,0.9975906517287073,0.9655172413793103,63.99999999999999
897,21240,0.375,0.23065625,0.9821949162751474,0.9655172413793103,63.99999999999999
898,2363,0.1125,0.0625,0.65293579086857,0.6896551724137931,63.99999999999999
899,22590,0.8625,0.21195312500000002,0.9818817009998795,0.3448275862068966,63.99999999999999
900,4407,0.6125,0.09375,0.62643055053608,0.0,63.999999999999986
901,5419,0.8625,0.09375,0.62643055053608,0.0,63.999999999999986
902,5401,0.8625,0.0625,0.7324515118660402,0.0,63.999999999999986
903,23755,0.3625,0.20561249999999998,0.9965787254547644,1.0,63.999999999999986
904,21169,0.12499999999999992,0.23378125,0.979580773400795,1.0,63.88235294117646
905,3375,0.3625,0.0625,0.65293579086857,0.3448275862068966,63.84615384615384
906,5399,0.8625,0.0625,0.65293579086857,0.3448275862068966,63.84615384615384
907,3249,0.3625,0.196271875,0.9870015660763762,1.0,63.76470588235293
908,2457,0.1125,0.20159374999999996,0.8773762197325623,1.0,63.670588235294105
909,3528,0.3625,0.28125,0.6545717383447777,1.0,63.6470588235294
910,22598,0.74375,0.216571875,0.9795205396940128,0.0,63.59999999999999
911,2363,0.1125,0.0625,0.65293579086857,0.48275862068965514,63.529411764705884
912,4351,0.6125,0.15274062500000002,0.9902300927599084,1.0,63.52941176470587
913,22582,0.672475,0.215021875,0.980363811588965,0.6206896551724137,63.41666666666666
914,2383,0.1125,0.09375,0.62643055053608,0.9655172413793103,63.33333333333333
915,4382,0.6125,0.059375,0.6996542585230695,0.27586206896551724,63.33333333333332
916,3370,0.3625,0.059375,0.6996542585230695,0.27586206896551724,63.33333333333332
917,5946,0.875,0.309375,0.7059462715335502,0.6206896551724137,63.33333333333332
918,5102,0.625,0.059375,0.6996542585230695,0.27586206896551724,63.33333333333332
919,3725,0.3625,0.17785625,0.9873750150584266,1.0,63.17647058823528
920,4540,0.6125,0.28125,0.6545717383447777,1.0,63.058823529411754
921,2516,0.1125,0.28125,0.6545717383447777,1.0,63.058823529411754
922,4482,0.6125,0.208621875,0.8749909649439825,1.0,63.002352941176454
923,6017,0.875,0.20159374999999996,0.8773762197325623,0.0,62.999999999999986
924,3395,0.3625,0.09375,0.62643055053608,0.0,62.999999999999986
925,6104,0.875,0.0625,0.7324515118660402,0.0,62.999999999999986
926,5356,0.8625,0.20443125,0.9969883146608842,0.0,62.999999999999986
927,5949,0.875,0.309375,0.7324515118660402,1.0,62.941176470588225
928,4119,0.375,0.2408875,0.9729671123960967,1.0,62.941176470588225
929,23079,0.3625,0.1806125,0.9877002770750511,1.0,62.941176470588225
930,23820,0.5532125,0.201725,0.9857246114925913,1.0,62.823529411764696
931,2920,0.125,0.28125,0.6545717383447777,1.0,62.70588235294116
932,6111,0.875,0.0625,0.7059462715335502,0.6896551724137931,62.66666666666666
933,5227,0.625,0.1875,0.9575954704252498,0.9655172413793103,62.66666666666666
934,5419,0.8625,0.09375,0.62643055053608,0.9655172413793103,62.66666666666666
935,5954,0.875,0.300271875,0.7551740754126008,0.6206896551724137,62.66666666666666
936,15183,0.8625,0.033780624999999995,0.7456993133357427,1.0,62.58823529411763
937,2365,0.1125,0.0625,0.7324515118660402,0.6206896551724137,62.49999999999999
938,5137,0.625,0.197040625,0.9989157932779182,0.27586206896551724,62.49999999999999
939,4080,0.375,0.0625,0.7324515118660402,0.6206896551724137,62.49999999999999
940,5363,0.8625,0.15274062500000002,0.9902300927599084,0.27586206896551724,62.49999999999999
941,5418,0.8625,0.09375,0.655524635586074,0.27586206896551724,62.49999999999999
942,22594,0.8625,0.20878125,0.9832791229972292,0.27586206896551724,62.49999999999999
943,22588,0.8388375,0.2228125,0.9757137694253704,1.0,62.4705882352941
944,5563,0.8625,0.309375,0.7324515118660402,1.0,62.4705882352941
945,5657,0.8625,0.042315000000000005,0.7767256956993133,0.3448275862068966,62.46153846153845
946,22572,0.7141625,0.22165625000000003,0.9764727141308276,0.0,62.39999999999999
947,15228,0.8625,0.036951875,0.7741838332730996,0.3448275862068966,62.38461538461537
948,4838,0.625,0.042315000000000005,0.7767256956993133,1.0,62.35294117647057
949,4950,0.625,0.278125,0.62643055053608,1.0,62.35294117647057
950,23893,0.773575,0.199778125,0.986242621370919,1.0,62.35294117647057
951,22624,0.8388375,0.2228125,0.9879412119021804,1.0,62.35294117647057
952,22587,0.8151375,0.22125625,0.9767256956993133,1.0,62.35294117647057
953,5097,0.625,0.0625,0.65293579086857,0.3448275862068966,62.3076923076923
954,4941,0.625,0.295615625,0.7658836284784966,1.0,62.235294117647044
955,5558,0.8625,0.300271875,0.7551740754126008,0.6206896551724137,62.16666666666666
956,4555,0.6125,0.3125,0.6508384531984098,0.6896551724137931,61.99999999999999
957,5558,0.8625,0.300271875,0.7551740754126008,0.9655172413793103,61.99999999999999
958,22578,0.6724625,0.22125,0.9767377424406698,0.6206896551724137,61.99999999999999
959,3059,0.125,0.09375,0.62643055053608,0.0,61.999999999999986
960,21308,0.8625,0.23065625,0.9821949162751474,0.0,61.999999999999986
961,4071,0.375,0.09375,0.62643055053608,0.0,61.999999999999986
962,2919,0.125,0.30485937500000004,0.7440320443320082,1.0,61.999999999999986
963,2317,0.1125,0.22643437500000002,0.9854234429586796,1.0,61.88235294117646
964,22562,0.40470000000000006,0.22554687499999998,0.9860619202505723,1.0,61.88235294117646
965,23889,0.625,0.19003125,0.9878086977472593,0.6206896551724137,61.83333333333332
966,5197,0.625,0.21875,0.9116251054089869,1.0,61.823529411764696
967,5567,0.8625,0.3125,0.6508384531984098,0.48275862068965514,61.76470588235294
968,23224,0.625,0.1806125,0.9877002770750511,1.0,61.76470588235293
969,3931,0.375,0.30485937500000004,0.7440320443320082,1.0,61.76470588235293
970,23892,0.8032125000000001,0.201725,0.9857246114925913,0.27586206896551724,61.74999999999999
971,5128,0.625,0.262071875,0.9472834598241175,0.6896551724137931,61.73333333333333
972,6018,0.875,0.208621875,0.8749909649439825,0.27586206896551724,61.66666666666666
973,5961,0.875,0.28125,0.62643055053608,0.27586206896551724,61.66666666666666
974,4406,0.6125,0.09375,0.655524635586074,0.27586206896551724,61.66666666666666
975,4481,0.6125,0.20159374999999996,0.8773762197325623,0.27586206896551724,61.66666666666666
976,6097,0.875,0.090625,0.7671364895795687,0.27586206896551724,61.66666666666666
977,3068,0.125,0.0625,0.7324515118660402,0.6206896551724137,61.66666666666666
978,5078,0.625,0.09375,0.655524635586074,0.27586206896551724,61.66666666666666
979,6151,0.875,0.182234375,0.9998795325864354,0.27586206896551724,61.66666666666666
980,5413,0.8625,0.090625,0.62643055053608,0.27586206896551724,61.66666666666666
981,21216,0.375,0.23378125,0.9672328635104203,0.6206896551724137,61.58333333333332
982,3073,0.125,0.0625,0.65293579086857,0.3448275862068966,61.53846153846153
983,23889,0.625,0.19003125,0.9878086977472593,0.8275862068965517,61.5
984,22574,0.6547,0.22554687499999998,0.9738103842910492,0.6206896551724137,61.49999999999999
985,21295,0.8388,0.235378125,0.9658113480303577,1.0,61.41176470588234
986,6115,0.875,0.059375,0.6752463558607397,1.0,61.41176470588234
987,23143,0.6125,0.1837375,0.9879171184194675,1.0,61.41176470588234
988,4389,0.6125,0.0625,0.7324515118660402,0.9655172413793103,61.33333333333333
989,4407,0.6125,0.09375,0.62643055053608,0.9655172413793103,61.33333333333333
990,3108,0.125,0.2336875,0.9796651005902903,0.9655172413793103,61.33333333333333
991,21165,0.3625,0.233828125,0.9795446331767256,0.9655172413793103,61.33333333333333
992,3395,0.3625,0.09375,0.62643055053608,0.9655172413793103,61.33333333333333
993,4929,0.625,0.3125,0.6508384531984098,0.6896551724137931,61.33333333333333
994,2456,0.1125,0.194553125,0.8788820624021202,1.0,61.31764705882352
995,5980,0.875,0.25,0.62643055053608,1.0,61.29411764705881
996,22515,0.5651375,0.22125625,0.9767256956993133,1.0,61.29411764705881
997,5089,0.625,0.090625,0.6545717383447777,1.0,61.2470588235294
998,5399,0.8625,0.0625,0.65293579086857,0.48275862068965514,61.1764705882353
999,22586,0.7914749999999999,0.21970312500000003,0.9777014817491867,1.0,61.17647058823528
1000,4387,0.6125,0.0625,0.65293579086857,0.13793103448275862,61.111111111111114
1001,3373,0.3625,0.0625,0.7059462715335502,0.13793103448275862,61.111111111111114
1002,4556,0.6125,0.3125,0.62643055053608,0.13793103448275862,61.111111111111114
1003,3075,0.125,0.0625,0.7059462715335502,0.13793103448275862,61.111111111111114
1004,6109,0.875,0.0625,0.65293579086857,0.13793103448275862,61.111111111111114
1005,4932,0.625,0.3125,0.62643055053608,0.13793103448275862,61.111111111111114
1006,2908,0.125,0.3125,0.62643055053608,0.13793103448275862,61.111111111111114
1007,5097,0.625,0.0625,0.65293579086857,0.13793103448275862,61.111111111111114
1008,5099,0.625,0.0625,0.7059462715335502,0.13793103448275862,61.111111111111114
1009,5399,0.8625,0.0625,0.65293579086857,0.13793103448275862,61.111111111111114
1010,3920,0.375,0.3125,0.62643055053608,0.13793103448275862,61.111111111111114
1011,3521,0.3625,0.278125,0.7718949524153716,1.0,61.058823529411754
1012,23190,0.6125,0.1806125,0.9997470184315143,0.8275862068965517,61.0
1013,23888,0.6487375,0.1915875,0.9876761835923381,0.6206896551724137,60.99999999999999
1014,5289,0.8625,0.2384375,0.9629442235875195,0.0,60.999999999999986
1015,3336,0.3625,0.17483437500000001,0.9989157932779182,1.0,60.941176470588225
1016,4481,0.6125,0.20159374999999996,0.8773762197325623,0.6206896551724137,60.91666666666666
1017,5278,0.8625,0.215625,0.958089386820865,0.27586206896551724,60.91666666666666
1018,22606,0.8625,0.22436249999999996,0.9868931454041681,0.6206896551724137,60.91666666666666
1019,5953,0.875,0.295615625,0.7658836284784966,0.27586206896551724,60.83333333333332
1020,4541,0.6125,0.28125,0.62643055053608,0.27586206896551724,60.83333333333332
1021,3394,0.3625,0.09375,0.655524635586074,0.27586206896551724,60.83333333333332
1022,21235,0.6125,0.233828125,0.9795446331767256,0.27586206896551724,60.83333333333332
1023,5092,0.625,0.0625,0.7324515118660402,0.6206896551724137,60.83333333333332
1024,5102,0.625,0.059375,0.6996542585230695,0.6206896551724137,60.83333333333332
1025,5557,0.8625,0.295615625,0.7658836284784966,0.27586206896551724,60.83333333333332
1026,5411,0.8625,0.090625,0.7671364895795687,0.27586206896551724,60.83333333333332
1027,5526,0.8625,0.246875,0.8186844958438743,1.0,60.823529411764696
1028,4085,0.375,0.0625,0.65293579086857,0.3448275862068966,60.76923076923076
1029,4837,0.625,0.038275312500000006,0.762462353933261,1.0,60.70588235294117
1030,3535,0.3625,0.30485937500000004,0.7440320443320082,1.0,60.70588235294117
1031,2909,0.125,0.309375,0.62643055053608,1.0,60.70588235294117
1032,23875,0.8388249999999999,0.20093437500000003,0.9859414528370076,1.0,60.70588235294117
1033,2316,0.1125,0.2336875,0.9796651005902903,0.9655172413793103,60.66666666666666
1034,3543,0.3625,0.3125,0.6508384531984098,0.6896551724137931,60.66666666666666
1035,5132,0.625,0.2336875,0.9796651005902903,0.6896551724137931,60.66666666666666
1036,22576,0.625,0.22436249999999996,0.9746536561860017,0.9655172413793103,60.66666666666666
1037,3917,0.375,0.3125,0.6508384531984098,0.6896551724137931,60.66666666666666
1038,3375,0.3625,0.0625,0.65293579086857,0.48275862068965514,60.588235294117645
1039,5097,0.625,0.0625,0.65293579086857,0.48275862068965514,60.588235294117645
1040,21300,0.8031124999999999,0.234553125,0.9665582459944585,1.0,60.58823529411763
1041,4545,0.6125,0.295615625,0.7658836284784966,1.0,60.4705882352941
1042,15184,0.842825,0.0350715625,0.7506083604385013,1.0,60.4705882352941
1043,5380,0.8625,0.04040375,0.7863028550777015,1.0,60.35294117647057
1044,23858,0.4046875,0.188853125,0.9999277195518612,0.6206896551724137,60.24999999999999
1045,22564,0.5828875,0.22554687499999998,0.9860619202505723,1.0,60.235294117647044
1046,23817,0.375,0.19003125,0.9878086977472593,0.6206896551724137,60.16666666666666
1047,22600,0.684375,0.212678125,0.9815443922418986,0.3448275862068966,60.153846153846146
1048,5132,0.625,0.2336875,0.9796651005902903,0.48275862068965514,60.11764705882353
1049,3327,0.3625,0.2408875,0.9729671123960967,1.0,60.117647058823515
1050,2523,0.1125,0.30485937500000004,0.7440320443320082,1.0,60.117647058823515
1051,5344,0.8625,0.2890625,0.9004216359474762,0.9655172413793103,60.06666666666666
1052,3075,0.125,0.0625,0.7059462715335502,0.8275862068965517,60.0
1053,2361,0.1125,0.0625,0.7059462715335502,0.8275862068965517,60.0
1054,5099,0.625,0.0625,0.7059462715335502,0.8275862068965517,60.0
1055,4087,0.375,0.0625,0.7059462715335502,0.8275862068965517,60.0
1056,5344,0.8625,0.2890625,0.9004216359474762,0.8275862068965517,60.0
1057,5941,0.875,0.3125,0.6508384531984098,0.48275862068965514,60.0
1058,18696,0.625,0.27753125,0.9092398506204071,0.6896551724137931,59.99999999999999
1059,3328,0.3625,0.2336875,0.9796651005902903,0.9655172413793103,59.99999999999999
1060,23817,0.375,0.19003125,0.9878086977472593,0.9655172413793103,59.99999999999999
1061,3375,0.3625,0.0625,0.65293579086857,0.6896551724137931,59.99999999999999
1062,23829,0.6125,0.2024875,0.9975906517287073,0.9655172413793103,59.99999999999999
1063,6095,0.875,0.09375,0.62643055053608,0.9655172413793103,59.99999999999999
1064,5320,0.8625,0.28125,0.9023370678231537,0.6896551724137931,59.99999999999999
1065,23881,0.625,0.2024875,0.9855077701481749,0.3448275862068966,59.99999999999999
1066,4399,0.6125,0.090625,0.7671364895795687,0.27586206896551724,59.99999999999999
1067,23756,0.3625,0.2024875,0.9975906517287073,0.27586206896551724,59.99999999999999
1068,4546,0.6125,0.300271875,0.7551740754126008,0.27586206896551724,59.99999999999999
1069,3061,0.125,0.090625,0.7671364895795687,0.27586206896551724,59.99999999999999
1070,3060,0.125,0.090625,0.62643055053608,0.27586206896551724,59.99999999999999
1071,4879,0.625,0.246875,0.9248042404529574,0.27586206896551724,59.99999999999999
1072,5085,0.625,0.090625,0.7671364895795687,0.27586206896551724,59.99999999999999
1073,6149,0.875,0.197040625,0.9989157932779182,0.27586206896551724,59.99999999999999
1074,5553,0.8625,0.28125,0.62643055053608,0.6206896551724137,59.99999999999999
1075,4072,0.375,0.090625,0.62643055053608,0.27586206896551724,59.99999999999999
1076,4389,0.6125,0.0625,0.7324515118660402,0.0,59.999999999999986
1077,5562,0.8625,0.309375,0.7059462715335502,0.0,59.999999999999986
1078,5351,0.8625,0.2408875,0.9729671123960967,0.0,59.999999999999986
1079,22531,0.6125,0.21195312500000002,0.9940127695458378,0.0,59.999999999999986
1080,4267,0.6125,0.215625,0.9800385495723407,1.0,59.999999999999986
1081,4944,0.625,0.28125,0.6545717383447777,1.0,59.999999999999986
1082,2528,0.1125,0.309375,0.62643055053608,1.0,59.999999999999986
1083,23896,0.6844625,0.201725,0.9857246114925913,1.0,59.88235294117646
1084,3993,0.375,0.20159374999999996,0.8773762197325623,1.0,59.68235294117646
1085,23819,0.582875,0.20366875,0.9851343211661244,0.27586206896551724,59.66666666666666
1086,6017,0.875,0.20159374999999996,0.8773762197325623,1.0,59.664705882352926
1087,2926,0.125,0.278125,0.62643055053608,1.0,59.6470588235294
1088,3939,0.375,0.278125,0.7718949524153716,1.0,59.6470588235294
1089,6195,0.875,0.294746875,0.8743645343934465,0.6896551724137931,59.599999999999994
1090,3073,0.125,0.0625,0.65293579086857,0.48275862068965514,59.411764705882355
1091,3523,0.3625,0.278125,0.62643055053608,1.0,59.41176470588234
1092,5607,0.8625,0.278125,0.8578604987350921,1.0,59.41176470588234
1093,4071,0.375,0.09375,0.62643055053608,0.9655172413793103,59.33333333333333
1094,22573,0.6844625,0.22359999999999997,0.975183712805686,0.6206896551724137,59.33333333333332
1095,22585,0.767775,0.21814999999999998,0.9786290808336345,1.0,59.29411764705881
1096,4339,0.6125,0.2408875,0.9729671123960967,1.0,59.29411764705881
1097,4933,0.625,0.309375,0.62643055053608,1.0,59.29411764705881
1098,23876,0.8625,0.2024875,0.9855077701481749,1.0,59.29411764705881
1099,21928,0.625,0.1587375,0.9813155041561258,1.0,59.29411764705881
1100,23906,0.625,0.20561249999999998,0.9965787254547644,1.0,59.29411764705881
1101,22577,0.6487125,0.22280625,0.9757137694253704,0.9655172413793103,59.26666666666666
1102,6109,0.875,0.0625,0.65293579086857,0.3448275862068966,59.23076923076922
1103,5961,0.875,0.28125,0.62643055053608,0.6206896551724137,59.16666666666666
1104,6104,0.875,0.0625,0.7324515118660402,0.6206896551724137,59.16666666666666
1105,3054,0.125,0.09375,0.655524635586074,0.27586206896551724,59.16666666666666
1106,2375,0.1125,0.090625,0.7671364895795687,0.27586206896551724,59.16666666666666
1107,2382,0.1125,0.09375,0.655524635586074,0.6206896551724137,59.16666666666666
1108,5553,0.8625,0.28125,0.62643055053608,0.27586206896551724,59.16666666666666
1109,4066,0.375,0.09375,0.655524635586074,0.27586206896551724,59.16666666666666
1110,23828,0.6125,0.19007812500000001,0.9998554391037224,1.0,59.058823529411754
1111,3377,0.3625,0.0625,0.7324515118660402,0.0,58.999999999999986
1112,6114,0.875,0.059375,0.6996542585230695,0.0,58.999999999999986
1113,5092,0.625,0.0625,0.7324515118660402,0.0,58.999999999999986
1114,4080,0.375,0.0625,0.7324515118660402,0.0,58.999999999999986
1115,22594,0.8625,0.20878125,0.9832791229972292,0.0,58.999999999999986
1116,4018,0.375,0.17028125,0.8773762197325623,1.0,58.96470588235293
1117,23757,0.3625,0.18690625,1.0,1.0,58.941176470588225
1118,2927,0.125,0.278125,0.7718949524153716,1.0,58.941176470588225
1119,4120,0.375,0.2336875,0.9796651005902903,1.0,58.941176470588225
1120,5128,0.625,0.262071875,0.9472834598241175,0.9655172413793103,58.93333333333332
1121,3804,0.375,0.0625,0.7682568365257197,1.0,58.91764705882352
1122,22601,0.6547,0.210728125,0.9824478978436332,0.9655172413793103,58.86666666666666
1123,3176,0.125,0.21875,0.978279725334297,1.0,58.823529411764696
1124,4535,0.6125,0.278125,0.62643055053608,1.0,58.823529411764696
1125,22597,0.7734125,0.214625,0.9805686061920249,0.0,58.79999999999999
1126,23200,0.5888125,0.179059375,0.9995904107938802,1.0,58.70588235294117
1127,22592,0.8151375,0.21505000000000002,0.9803397181062522,1.0,58.70588235294117
1128,3073,0.125,0.0625,0.65293579086857,0.6896551724137931,58.66666666666666
1129,3059,0.125,0.09375,0.62643055053608,0.9655172413793103,58.66666666666666
1130,2905,0.125,0.3125,0.6508384531984098,0.6896551724137931,58.66666666666666
1131,2531,0.1125,0.3125,0.6508384531984098,0.6896551724137931,58.66666666666666
1132,22588,0.8388375,0.2228125,0.9757137694253704,0.0,58.59999999999999
1133,4777,0.625,0.13343750000000001,0.9629442235875195,1.0,58.58823529411764
1134,3065,0.125,0.090625,0.6545717383447777,1.0,58.58823529411764
1135,4943,0.625,0.30485937500000004,0.7440320443320082,1.0,58.58823529411764
1136,5219,0.625,0.215625,0.9361402240693892,1.0,58.57647058823528
1137,5606,0.8625,0.278125,0.8796530538489338,0.3448275862068966,58.53846153846153
1138,4134,0.375,0.13098749999999998,0.9729671123960967,1.0,58.35294117647057
1139,5348,0.8625,0.262071875,0.9472834598241175,1.0,58.35294117647057
1140,3656,0.3625,0.0625,0.7682568365257197,1.0,58.34117647058822
1141,23901,0.8625,0.2024875,0.9975906517287073,0.13793103448275862,58.333333333333336
1142,6096,0.875,0.090625,0.62643055053608,0.27586206896551724,58.33333333333332
1143,4550,0.6125,0.309375,0.7059462715335502,0.6206896551724137,58.33333333333332
1144,6114,0.875,0.059375,0.6996542585230695,0.6206896551724137,58.33333333333332
1145,3529,0.3625,0.28125,0.62643055053608,0.27586206896551724,58.33333333333332
1146,3534,0.3625,0.300271875,0.7551740754126008,0.27586206896551724,58.33333333333332
1147,5084,0.625,0.090625,0.62643055053608,0.27586206896551724,58.33333333333332
1148,3538,0.3625,0.309375,0.7059462715335502,0.6206896551724137,58.33333333333332
1149,4401,0.6125,0.090625,0.62643055053608,0.27586206896551724,58.33333333333332
1150,3937,0.375,0.28125,0.62643055053608,0.27586206896551724,58.33333333333332
1151,23803,0.588825,0.20093437500000003,0.9859414528370076,0.27586206896551724,58.33333333333332
1152,4085,0.375,0.0625,0.65293579086857,0.48275862068965514,58.23529411764706
1153,21301,0.7734,0.23650312499999998,0.9647753282737019,0.0,58.19999999999999
1154,5030,0.625,0.17028125,0.8773762197325623,1.0,58.19999999999999
1155,21307,0.8625,0.233828125,0.9795446331767256,0.6206896551724137,58.16666666666666
1156,4951,0.625,0.278125,0.7718949524153716,1.0,58.117647058823515
1157,5973,0.875,0.25,0.6534465727020841,1.0,58.117647058823515
1158,5221,0.625,0.215625,0.9800385495723407,1.0,58.117647058823515
1159,22602,0.625,0.20878125,0.9832791229972292,0.3448275862068966,58.076923076923066
1160,3867,0.375,0.246875,0.9248042404529574,1.0,58.058823529411754
1161,22602,0.625,0.20878125,0.9832791229972292,0.6896551724137931,57.99999999999999
1162,23828,0.6125,0.19007812500000001,0.9998554391037224,0.9655172413793103,57.99999999999999
1163,3377,0.3625,0.0625,0.7324515118660402,0.9655172413793103,57.99999999999999
1164,5083,0.625,0.09375,0.62643055053608,0.9655172413793103,57.99999999999999
1165,5954,0.875,0.300271875,0.7551740754126008,0.6896551724137931,57.99999999999999
1166,4120,0.375,0.2336875,0.9796651005902903,0.6896551724137931,57.99999999999999
1167,5399,0.8625,0.0625,0.65293579086857,0.6896551724137931,57.99999999999999
1168,22583,0.6487499999999999,0.21346249999999997,0.9811588965184916,0.9655172413793103,57.99999999999999
1169,22577,0.6487125,0.22280625,0.9757137694253704,0.3448275862068966,57.99999999999999
1170,3068,0.125,0.0625,0.7324515118660402,0.0,57.99999999999999
1171,4550,0.6125,0.309375,0.7059462715335502,0.0,57.99999999999999
1172,5946,0.875,0.309375,0.7059462715335502,0.0,57.99999999999999
1173,3538,0.3625,0.309375,0.7059462715335502,0.0,57.99999999999999
1174,5954,0.875,0.300271875,0.7551740754126008,0.0,57.99999999999999
1175,2365,0.1125,0.0625,0.7324515118660402,0.0,57.99999999999999
1176,6151,0.875,0.182234375,0.9998795325864354,0.0,57.99999999999999
1177,5558,0.8625,0.300271875,0.7551740754126008,0.0,57.99999999999999
1178,4551,0.6125,0.309375,0.7324515118660402,1.0,57.999999999999986
1179,3539,0.3625,0.309375,0.7324515118660402,1.0,57.999999999999986
1180,23891,0.8328749999999999,0.20366875,0.9851343211661244,1.0,57.999999999999986
1181,5311,0.8625,0.25,0.884001927478617,1.0,57.999999999999986
1182,3540,0.3625,0.309375,0.62643055053608,1.0,57.88235294117646
1183,5352,0.8625,0.2336875,0.9796651005902903,0.13793103448275862,57.77777777777778
1184,5357,0.8625,0.197040625,0.9989157932779182,0.13793103448275862,57.77777777777778
1185,23882,0.648725,0.20093125,0.9859414528370076,0.48275862068965514,57.76470588235294
1186,22584,0.625,0.21190625000000002,0.9819057944825923,0.48275862068965514,57.76470588235294
1187,5892,0.875,0.27164062499999997,0.8892302132273219,1.0,57.76470588235293
1188,23868,0.7140625,0.19275,0.9875436694374171,1.0,57.76470588235293
1189,23902,0.8625,0.20561249999999998,0.9965787254547644,1.0,57.76470588235293
1190,22571,0.7439250000000001,0.219709375,0.9777014817491867,0.27586206896551724,57.74999999999999
1191,5562,0.8625,0.309375,0.7059462715335502,0.3448275862068966,57.692307692307686
1192,6109,0.875,0.0625,0.65293579086857,0.48275862068965514,57.64705882352941
1193,4209,0.375,0.215625,0.9800385495723407,1.0,57.6470588235294
1194,21306,0.625,0.23065625,0.9698831466088423,1.0,57.6470588235294
1195,23874,0.8151375,0.19938125,0.9863389953017708,1.0,57.6470588235294
1196,5143,0.625,0.15274062500000002,0.9902300927599084,1.0,57.6470588235294
1197,22504,0.375,0.22436249999999996,0.9746536561860017,1.0,57.52941176470587
1198,3387,0.3625,0.090625,0.7671364895795687,0.27586206896551724,57.49999999999999
1199,3389,0.3625,0.090625,0.62643055053608,0.27586206896551724,57.49999999999999
1200,3922,0.375,0.309375,0.7059462715335502,0.6206896551724137,57.49999999999999
1201,2517,0.1125,0.28125,0.62643055053608,0.27586206896551724,57.49999999999999
1202,5760,0.875,0.16485,0.9839657872545476,0.27586206896551724,57.49999999999999
1203,4934,0.625,0.309375,0.7059462715335502,0.6206896551724137,57.49999999999999
1204,4942,0.625,0.300271875,0.7551740754126008,0.27586206896551724,57.49999999999999
1205,4949,0.625,0.28125,0.62643055053608,0.27586206896551724,57.49999999999999
1206,2918,0.125,0.300271875,0.7551740754126008,0.27586206896551724,57.49999999999999
1207,5953,0.875,0.295615625,0.7658836284784966,0.6206896551724137,57.49999999999999
1208,5618,0.8625,0.246875,0.9248042404529574,0.27586206896551724,57.49999999999999
1209,5136,0.625,0.20443125,0.9969883146608842,0.27586206896551724,57.49999999999999
1210,4073,0.375,0.090625,0.7671364895795687,0.27586206896551724,57.49999999999999
1211,5353,0.8625,0.22643437500000002,0.9854234429586796,0.27586206896551724,57.49999999999999
1212,21235,0.6125,0.233828125,0.9795446331767256,0.3448275862068966,57.46153846153845
1213,22571,0.7439250000000001,0.219709375,0.9777014817491867,0.6206896551724137,57.41666666666666
1214,3925,0.375,0.309375,0.7324515118660402,1.0,57.41176470588234
1215,2511,0.1125,0.278125,0.62643055053608,1.0,57.41176470588234
1216,5216,0.625,0.18979375,0.9878207444886157,1.0,57.41176470588234
1217,3383,0.3625,0.090625,0.6545717383447777,1.0,57.34117647058822
1218,5680,0.8625,0.0625,0.7682568365257197,1.0,57.34117647058822
1219,4284,0.6125,0.21875,0.978279725334297,0.9655172413793103,57.33333333333333
1220,4481,0.6125,0.20159374999999996,0.8773762197325623,0.9655172413793103,57.33333333333333
1221,5102,0.625,0.059375,0.6996542585230695,0.9655172413793103,57.33333333333333
1222,5562,0.8625,0.309375,0.7059462715335502,0.9655172413793103,57.33333333333333
1223,4339,0.6125,0.2408875,0.9729671123960967,0.9655172413793103,57.33333333333333
1224,22531,0.6125,0.21195312500000002,0.9940127695458378,0.6896551724137931,57.33333333333333
1225,22565,0.5532250000000001,0.22359999999999997,0.987411155282496,1.0,57.29411764705881
1226,4341,0.6125,0.22643437500000002,0.9854234429586796,1.0,57.29411764705881
1227,22532,0.6125,0.20878125,0.9953860980604745,1.0,57.29411764705881
1228,21223,0.5888,0.235378125,0.9658113480303577,0.6206896551724137,57.24999999999999
1229,22590,0.8625,0.21195312500000002,0.9818817009998795,0.13793103448275862,57.22222222222222
1230,2509,0.1125,0.278125,0.7718949524153716,1.0,57.17647058823528
1231,22547,0.5651375,0.21505000000000002,0.99250692687628,1.0,57.17647058823528
1232,20026,0.8387875000000001,0.25725312499999997,0.9539332610528852,1.0,57.17647058823528
1233,3470,0.3625,0.208621875,0.8749909649439825,1.0,57.1670588235294
1234,22583,0.6487499999999999,0.21346249999999997,0.9811588965184916,0.3448275862068966,57.153846153846146
1235,3006,0.125,0.17028125,0.8773762197325623,1.0,57.15294117647058
1236,3921,0.375,0.309375,0.62643055053608,1.0,57.058823529411754
1237,4937,0.625,0.309375,0.7324515118660402,1.0,57.058823529411754
1238,22459,0.3625,0.22436249999999996,0.9868931454041681,1.0,57.058823529411754
1239,22495,0.6125,0.22748749999999998,0.97237682206963,1.0,57.058823529411754
1240,18715,0.8625,0.277578125,0.9224430791470907,0.6896551724137931,56.99999999999999
1241,22531,0.6125,0.21195312500000002,0.9940127695458378,0.3448275862068966,56.99999999999999
1242,22581,0.6962125,0.216578125,0.9795205396940128,0.6206896551724137,56.99999999999999
1243,3922,0.375,0.309375,0.7059462715335502,0.0,56.99999999999999
1244,4934,0.625,0.309375,0.7059462715335502,0.0,56.99999999999999
1245,6015,0.875,0.194553125,0.8788820624021202,0.0,56.99999999999999
1246,4547,0.6125,0.30485937500000004,0.7440320443320082,1.0,56.941176470588225
1247,5762,0.875,0.171346875,0.9860498735092157,1.0,56.941176470588225
1248,5140,0.625,0.17483437500000001,0.9989157932779182,1.0,56.941176470588225
1249,22598,0.74375,0.216571875,0.9795205396940128,0.6206896551724137,56.91666666666666
1250,23164,0.5888125,0.179059375,0.9875316226960605,1.0,56.823529411764696
1251,5278,0.8625,0.215625,0.958089386820865,1.0,56.823529411764696
1252,3329,0.3625,0.22643437500000002,0.9854234429586796,1.0,56.823529411764696
1253,5352,0.8625,0.2336875,0.9796651005902903,1.0,56.823529411764696
1254,3469,0.3625,0.20159374999999996,0.8773762197325623,0.6206896551724137,56.74999999999999
1255,3243,0.3625,0.19389375,0.8910372244307915,1.0,56.717647058823516
1256,3938,0.375,0.278125,0.62643055053608,1.0,56.70588235294117
1257,22591,0.8388,0.213503125,0.9811348030357788,0.0,56.69999999999999
1258,21312,0.625,0.23065625,0.9821949162751474,0.3448275862068966,56.692307692307686
1259,3113,0.125,0.197040625,0.9989157932779182,0.9655172413793103,56.66666666666666
1260,3068,0.125,0.0625,0.7324515118660402,0.9655172413793103,56.66666666666666
1261,5749,0.8625,0.17785625,0.9873750150584266,0.9655172413793103,56.66666666666666
1262,4210,0.375,0.196271875,0.9870015660763762,0.9655172413793103,56.66666666666666
1263,2365,0.1125,0.0625,0.7324515118660402,0.9655172413793103,56.66666666666666
1264,5097,0.625,0.0625,0.65293579086857,0.6896551724137931,56.66666666666666
1265,23881,0.625,0.2024875,0.9855077701481749,0.9655172413793103,56.66666666666666
1266,23809,0.375,0.2024875,0.9855077701481749,0.9655172413793103,56.66666666666666
1267,22512,0.375,0.21190625000000002,0.9819057944825923,0.6896551724137931,56.66666666666666
1268,3061,0.125,0.090625,0.7671364895795687,0.6206896551724137,56.66666666666666
1269,6090,0.875,0.09375,0.655524635586074,0.6206896551724137,56.66666666666666
1270,5748,0.8625,0.171346875,0.9860498735092157,0.27586206896551724,56.66666666666666
1271,2925,0.125,0.28125,0.62643055053608,0.27586206896551724,56.66666666666666
1272,2910,0.125,0.309375,0.7059462715335502,0.6206896551724137,56.66666666666666
1273,3930,0.375,0.300271875,0.7551740754126008,0.27586206896551724,56.66666666666666
1274,22534,0.6125,0.22436249999999996,0.9868931454041681,0.27586206896551724,56.66666666666666
1275,5214,0.625,0.19840312499999999,0.955957113600771,1.0,56.6470588235294
1276,21159,0.3625,0.23065625,0.9698831466088423,1.0,56.58823529411764
1277,4480,0.6125,0.194553125,0.8788820624021202,0.6206896551724137,56.58333333333332
1278,3387,0.3625,0.090625,0.7671364895795687,1.0,56.56470588235293
1279,6195,0.875,0.294746875,0.8743645343934465,0.9655172413793103,56.533333333333324
1280,22512,0.375,0.21190625000000002,0.9819057944825923,0.6206896551724137,56.49999999999999
1281,4552,0.6125,0.309375,0.62643055053608,1.0,56.47058823529411
1282,21250,0.5888,0.235378125,0.9781833514034453,1.0,56.47058823529411
1283,22524,0.553125,0.212678125,0.9815443922418986,1.0,56.47058823529411
1284,22603,0.8625,0.21195312500000002,0.9940127695458378,0.3448275862068966,56.38461538461538
1285,3991,0.375,0.194553125,0.8788820624021202,1.0,56.35294117647057
1286,22582,0.672475,0.215021875,0.980363811588965,0.3448275862068966,56.3076923076923
1287,4077,0.375,0.090625,0.6545717383447777,1.0,56.29411764705881
1288,21233,0.404725,0.23260625,0.9682568365257197,1.0,56.235294117647044
1289,2357,0.1125,0.059375,0.6752463558607397,1.0,56.235294117647044
1290,5616,0.8625,0.27164062499999997,0.8892302132273219,0.9655172413793103,56.199999999999996
1291,2979,0.125,0.194553125,0.8788820624021202,1.0,56.18823529411763
1292,5946,0.875,0.309375,0.7059462715335502,0.3448275862068966,56.153846153846146
1293,22543,0.5828,0.210728125,0.9945669196482351,1.0,56.117647058823515
1294,22575,0.625,0.22748749999999998,0.97237682206963,0.6206896551724137,56.08333333333332
1295,5128,0.625,0.262071875,0.9472834598241175,0.8275862068965517,56.05
1296,23833,0.375,0.2024875,0.9975906517287073,0.9655172413793103,55.99999999999999
1297,21288,0.625,0.23378125,0.9672328635104203,0.9655172413793103,55.99999999999999
1298,5946,0.875,0.309375,0.7059462715335502,0.9655172413793103,55.99999999999999
1299,2358,0.1125,0.059375,0.6996542585230695,0.9655172413793103,55.99999999999999
1300,4085,0.375,0.0625,0.65293579086857,0.6896551724137931,55.99999999999999
1301,5558,0.8625,0.300271875,0.7551740754126008,0.6896551724137931,55.99999999999999
1302,4080,0.375,0.0625,0.7324515118660402,0.9655172413793103,55.99999999999999
1303,21287,0.6487625,0.235340625,0.9658474882544271,0.6206896551724137,55.99999999999999
1304,22572,0.7141625,0.22165625000000003,0.9764727141308276,0.6206896551724137,55.99999999999999
1305,22607,0.625,0.21190625000000002,0.9940368630285508,0.0,55.99999999999999
1306,6090,0.875,0.09375,0.655524635586074,0.0,55.99999999999999
1307,2910,0.125,0.309375,0.7059462715335502,0.0,55.99999999999999
1308,6144,0.875,0.2336875,0.9796651005902903,0.0,55.99999999999999
1309,2526,0.1125,0.309375,0.7059462715335502,0.0,55.99999999999999
1310,5394,0.8625,0.059375,0.6996542585230695,0.0,55.99999999999999
1311,18727,0.8327375,0.276359375,0.924587399108541,0.6896551724137931,55.93333333333333
1312,21149,0.12499999999999992,0.23378125,0.9672328635104203,1.0,55.88235294117646
1313,5407,0.8625,0.090625,0.6545717383447777,1.0,55.88235294117646
1314,3394,0.3625,0.09375,0.655524635586074,0.6206896551724137,55.83333333333332
1315,4482,0.6125,0.208621875,0.8749909649439825,0.27586206896551724,55.83333333333332
1316,2358,0.1125,0.059375,0.6996542585230695,0.6206896551724137,55.83333333333332
1317,4480,0.6125,0.194553125,0.8788820624021202,0.27586206896551724,55.83333333333332
1318,4406,0.6125,0.09375,0.655524635586074,0.6206896551724137,55.83333333333332
1319,6150,0.875,0.189640625,0.9998795325864354,0.27586206896551724,55.83333333333332
1320,5418,0.8625,0.09375,0.655524635586074,0.6206896551724137,55.83333333333332
1321,22598,0.74375,0.216571875,0.9795205396940128,0.27586206896551724,55.83333333333332
1322,2522,0.1125,0.300271875,0.7551740754126008,0.27586206896551724,55.83333333333332
1323,4345,0.6125,0.197040625,0.9989157932779182,0.27586206896551724,55.83333333333332
1324,5557,0.8625,0.295615625,0.7658836284784966,0.6206896551724137,55.83333333333332
1325,4382,0.6125,0.059375,0.6996542585230695,0.6206896551724137,55.83333333333332
1326,2526,0.1125,0.309375,0.7059462715335502,0.6206896551724137,55.83333333333332
1327,5851,0.875,0.0464478125,0.7905914950006022,1.0,55.76470588235293
1328,20632,0.625,0.1368625,0.9661366100469823,1.0,55.76470588235293
1329,2321,0.1125,0.197040625,0.9989157932779182,1.0,55.76470588235293
1330,3857,0.375,0.23395937500000002,0.9138296590772196,1.0,55.70588235294117
1331,21294,0.8625,0.233828125,0.9671967232863511,0.6206896551724137,55.66666666666666
1332,22522,0.6125,0.20878125,0.9832791229972292,0.6206896551724137,55.66666666666666
1333,23873,0.7914625,0.197828125,0.9866883508011083,1.0,55.6470588235294
1334,2527,0.1125,0.309375,0.7324515118660402,1.0,55.6470588235294
1335,5941,0.875,0.3125,0.6508384531984098,0.13793103448275862,55.55555555555556
1336,4929,0.625,0.3125,0.6508384531984098,0.13793103448275862,55.55555555555556
1337,3375,0.3625,0.0625,0.65293579086857,0.13793103448275862,55.55555555555556
1338,2363,0.1125,0.0625,0.65293579086857,0.13793103448275862,55.55555555555556
1339,3544,0.3625,0.3125,0.62643055053608,0.13793103448275862,55.55555555555556
1340,5567,0.8625,0.3125,0.6508384531984098,0.13793103448275862,55.55555555555556
1341,4085,0.375,0.0625,0.65293579086857,0.13793103448275862,55.55555555555556
1342,2532,0.1125,0.3125,0.62643055053608,0.13793103448275862,55.55555555555556
1343,21305,0.654725,0.23260625,0.9682568365257197,1.0,55.52941176470587
1344,2913,0.125,0.309375,0.7324515118660402,1.0,55.52941176470587
1345,23151,0.375,0.1837375,0.9879171184194675,1.0,55.52941176470587
1346,5903,0.875,0.278125,0.8796530538489338,0.8275862068965517,55.5
1347,22584,0.625,0.21190625000000002,0.9819057944825923,0.8275862068965517,55.5
1348,22523,0.5828,0.210728125,0.9824478978436332,0.3448275862068966,55.46153846153845
1349,15226,0.625,0.033780624999999995,0.7456993133357427,0.6206896551724137,55.41666666666666
1350,22572,0.7141625,0.22165625000000003,0.9764727141308276,0.27586206896551724,55.41666666666666
1351,18696,0.625,0.27753125,0.9092398506204071,0.9655172413793103,55.33333333333333
1352,21240,0.375,0.23065625,0.9821949162751474,0.6896551724137931,55.33333333333333
1353,23224,0.625,0.1806125,0.9877002770750511,0.9655172413793103,55.33333333333333
1354,5401,0.8625,0.0625,0.7324515118660402,0.9655172413793103,55.33333333333333
1355,5092,0.625,0.0625,0.7324515118660402,0.9655172413793103,55.33333333333333
1356,23107,0.3625,0.1806125,0.9997470184315143,0.9655172413793103,55.33333333333333
1357,22534,0.6125,0.22436249999999996,0.9868931454041681,0.6896551724137931,55.33333333333333
1358,5269,0.8625,0.1875,0.9575954704252498,0.27586206896551724,55.33333333333332
1359,4533,0.6125,0.278125,0.7718949524153716,1.0,55.29411764705881
1360,22555,0.39875,0.21346249999999997,0.9933020118058066,1.0,55.29411764705881
1361,4254,0.6125,0.20028437500000001,0.8897964100710757,1.0,55.270588235294106
1362,4816,0.625,0.0625,0.7682568365257197,1.0,55.25882352941175
1363,23107,0.3625,0.1806125,0.9997470184315143,0.6206896551724137,55.24999999999999
1364,22546,0.5888125,0.213503125,0.9932779183230935,0.3448275862068966,55.230769230769226
1365,5620,0.8625,0.246875,0.8807252138296592,1.0,55.17647058823528
1366,23187,0.6125,0.168203125,0.9972292494880134,1.0,55.17647058823528
1367,5903,0.875,0.278125,0.8796530538489338,0.6206896551724137,55.16666666666666
1368,5954,0.875,0.300271875,0.7551740754126008,0.3448275862068966,55.153846153846146
1369,22600,0.684375,0.212678125,0.9815443922418986,0.9655172413793103,55.06666666666666
1370,4556,0.6125,0.3125,0.62643055053608,0.8275862068965517,55.0
1371,5944,0.875,0.3125,0.62643055053608,0.8275862068965517,55.0
1372,4932,0.625,0.3125,0.62643055053608,0.8275862068965517,55.0
1373,3375,0.3625,0.0625,0.65293579086857,0.8275862068965517,55.0
1374,2363,0.1125,0.0625,0.65293579086857,0.8275862068965517,55.0
1375,4125,0.375,0.197040625,0.9989157932779182,0.8275862068965517,55.0
1376,3544,0.3625,0.3125,0.62643055053608,0.8275862068965517,55.0
1377,5568,0.8625,0.3125,0.62643055053608,0.8275862068965517,55.0
1378,4387,0.6125,0.0625,0.65293579086857,0.8275862068965517,55.0
1379,5397,0.8625,0.0625,0.7059462715335502,0.8275862068965517,55.0
1380,3113,0.125,0.197040625,0.9989157932779182,0.27586206896551724,54.99999999999999
1381,3078,0.125,0.059375,0.6996542585230695,0.6206896551724137,54.99999999999999
1382,6097,0.875,0.090625,0.7671364895795687,0.6206896551724137,54.99999999999999
1383,3054,0.125,0.09375,0.655524635586074,0.6206896551724137,54.99999999999999
1384,23224,0.625,0.1806125,0.9877002770750511,0.27586206896551724,54.99999999999999
1385,5078,0.625,0.09375,0.655524635586074,0.6206896551724137,54.99999999999999
1386,5085,0.625,0.090625,0.7671364895795687,0.6206896551724137,54.99999999999999
1387,2375,0.1125,0.090625,0.7671364895795687,0.6206896551724137,54.99999999999999
1388,4125,0.375,0.197040625,0.9989157932779182,0.27586206896551724,54.99999999999999
1389,5131,0.625,0.2408875,0.9729671123960967,0.27586206896551724,54.99999999999999
1390,5143,0.625,0.15274062500000002,0.9902300927599084,0.27586206896551724,54.99999999999999
1391,23887,0.672475,0.19314375,0.9874954824719914,0.6206896551724137,54.99999999999999
1392,5559,0.8625,0.30485937500000004,0.7440320443320082,0.27586206896551724,54.99999999999999
1393,5227,0.625,0.1875,0.9575954704252498,0.27586206896551724,54.99999999999999
1394,4066,0.375,0.09375,0.655524635586074,0.6206896551724137,54.99999999999999
1395,22610,0.625,0.22436249999999996,0.9868931454041681,0.0,54.99999999999999
1396,2358,0.1125,0.059375,0.6996542585230695,0.0,54.99999999999999
1397,5953,0.875,0.295615625,0.7658836284784966,0.0,54.99999999999999
1398,5102,0.625,0.059375,0.6996542585230695,0.0,54.99999999999999
1399,6018,0.875,0.208621875,0.8749909649439825,0.0,54.99999999999999
1400,4868,0.625,0.24041562500000002,0.930333694735574,1.0,54.89411764705881
1401,3594,0.3625,0.246875,0.9248042404529574,1.0,54.87058823529411
1402,4969,0.625,0.246875,0.62643055053608,1.0,54.823529411764696
1403,18715,0.8625,0.277578125,0.9224430791470907,0.9655172413793103,54.79999999999999
1404,6101,0.875,0.090625,0.6545717383447777,1.0,54.79999999999999
1405,22578,0.6724625,0.22125,0.9767377424406698,0.3448275862068966,54.76923076923076
1406,4555,0.6125,0.3125,0.6508384531984098,0.48275862068965514,54.705882352941174
1407,23749,0.33882500000000004,0.20093437500000003,0.9859414528370076,1.0,54.70588235294117
1408,22505,0.39871249999999997,0.22280625,0.9757137694253704,1.0,54.70588235294117
1409,22587,0.8151375,0.22125625,0.9767256956993133,0.0,54.69999999999999
1410,23144,0.58285,0.18179375,0.9877966510059029,0.3448275862068966,54.692307692307686
1411,22576,0.625,0.22436249999999996,0.9746536561860017,0.6896551724137931,54.66666666666666
1412,5953,0.875,0.295615625,0.7658836284784966,0.9655172413793103,54.66666666666666
1413,5955,0.875,0.30485937500000004,0.7440320443320082,0.9655172413793103,54.66666666666666
1414,22461,0.3625,0.21195312500000002,0.9940127695458378,0.9655172413793103,54.66666666666666
1415,21317,0.654725,0.23260625,0.9805926996747379,0.6206896551724137,54.66666666666666
1416,5558,0.8625,0.300271875,0.7551740754126008,0.3448275862068966,54.615384615384606
1417,22581,0.6962125,0.216578125,0.9795205396940128,0.0,54.59999999999999
1418,2792,0.125,0.0625,0.7682568365257197,1.0,54.59999999999999
1419,5323,0.8625,0.28125,0.8367546078785688,1.0,54.58823529411764
1420,3107,0.125,0.2408875,0.9729671123960967,1.0,54.47058823529411
1421,4456,0.6125,0.17028125,0.8773762197325623,1.0,54.45882352941175
1422,6219,0.875,0.24490625000000002,0.9562703288760389,1.0,54.35294117647058
1423,2778,0.125,0.10855624999999999,0.9325864353692326,1.0,54.35294117647058
1424,5226,0.625,0.1875,0.9355860739669918,1.0,54.329411764705874
1425,22574,0.6547,0.22554687499999998,0.9738103842910492,0.3448275862068966,54.3076923076923
1426,23893,0.773575,0.199778125,0.986242621370919,0.0,54.29999999999999
1427,3339,0.3625,0.15274062500000002,0.9902300927599084,1.0,54.235294117647044
1428,22570,0.7736,0.22165625000000003,0.9764727141308276,0.0,54.19999999999999
1429,22569,0.8032250000000001,0.22359999999999997,0.975183712805686,0.0,54.19999999999999
1430,18702,0.8625,0.277578125,0.9091555234309118,0.6206896551724137,54.16666666666666
1431,22602,0.625,0.20878125,0.9832791229972292,0.27586206896551724,54.16666666666666
1432,5763,0.875,0.17785625,0.9873750150584266,0.27586206896551724,54.16666666666666
1433,5411,0.8625,0.090625,0.7671364895795687,0.6206896551724137,54.16666666666666
1434,5955,0.875,0.30485937500000004,0.7440320443320082,0.27586206896551724,54.16666666666666
1435,4399,0.6125,0.090625,0.7671364895795687,0.6206896551724137,54.16666666666666
1436,4090,0.375,0.059375,0.6996542585230695,0.6206896551724137,54.16666666666666
1437,4073,0.375,0.090625,0.7671364895795687,0.6206896551724137,54.16666666666666
1438,5393,0.8625,0.059375,0.6752463558607397,0.27586206896551724,54.16666666666666
1439,5493,0.8625,0.20159374999999996,0.8773762197325623,0.27586206896551724,54.16666666666666
1440,23888,0.6487375,0.1915875,0.9876761835923381,0.3448275862068966,54.153846153846146
1441,4929,0.625,0.3125,0.6508384531984098,0.48275862068965514,54.11764705882353
1442,3543,0.3625,0.3125,0.6508384531984098,0.48275862068965514,54.11764705882353
1443,3917,0.375,0.3125,0.6508384531984098,0.48275862068965514,54.11764705882353
1444,3122,0.125,0.13098749999999998,0.9729671123960967,1.0,54.117647058823515
1445,6156,0.875,0.145440625,0.9854234429586796,1.0,54.117647058823515
1446,21295,0.8388,0.235378125,0.9658113480303577,0.0,54.09999999999999
1447,23909,0.654725,0.20366875,0.9972292494880134,0.6206896551724137,54.08333333333333
1448,2432,0.1125,0.17028125,0.8773762197325623,1.0,54.08235294117646
1449,5218,0.625,0.215625,0.958089386820865,0.3448275862068966,54.030769230769224
1450,3108,0.125,0.2336875,0.9796651005902903,0.6896551724137931,53.99999999999999
1451,4737,0.6125,0.17785625,0.9873750150584266,0.9655172413793103,53.99999999999999
1452,5909,0.875,0.29007499999999997,0.7915190940850501,0.9655172413793103,53.99999999999999
1453,3078,0.125,0.059375,0.6996542585230695,0.9655172413793103,53.99999999999999
1454,21238,0.6125,0.24623750000000003,0.9673292374412721,0.9655172413793103,53.99999999999999
1455,4480,0.6125,0.194553125,0.8788820624021202,0.9655172413793103,53.99999999999999
1456,5961,0.875,0.28125,0.62643055053608,0.9655172413793103,53.99999999999999
1457,5553,0.8625,0.28125,0.62643055053608,0.9655172413793103,53.99999999999999
1458,5320,0.8625,0.28125,0.9023370678231537,0.9655172413793103,53.99999999999999
1459,3332,0.3625,0.20443125,0.9969883146608842,0.9655172413793103,53.99999999999999
1460,22579,0.6961875,0.21969374999999997,0.9777014817491867,0.0,53.99999999999999
1461,3078,0.125,0.059375,0.6996542585230695,0.0,53.99999999999999
1462,22599,0.7140875,0.214625,0.9805686061920249,0.0,53.99999999999999
1463,6150,0.875,0.189640625,0.9998795325864354,0.0,53.99999999999999
1464,2382,0.1125,0.09375,0.655524635586074,0.0,53.99999999999999
1465,4382,0.6125,0.059375,0.6996542585230695,0.0,53.99999999999999
1466,3255,0.3625,0.215625,0.9800385495723407,1.0,53.999999999999986
1467,22523,0.5828,0.210728125,0.9824478978436332,0.27586206896551724,53.91666666666666
1468,21226,0.6125,0.23065625,0.9698831466088423,0.3448275862068966,53.84615384615384
1469,22579,0.6961875,0.21969374999999997,0.9777014817491867,0.6206896551724137,53.83333333333333
1470,23860,0.5828125,0.188853125,0.9999277195518612,0.6206896551724137,53.83333333333333
1471,23895,0.7141875,0.199778125,0.986242621370919,1.0,53.76470588235293
1472,18727,0.8327375,0.276359375,0.924587399108541,0.9655172413793103,53.73333333333333
1473,23882,0.648725,0.20093125,0.9859414528370076,0.9655172413793103,53.599999999999994
1474,5401,0.8625,0.0625,0.7324515118660402,1.0,53.59999999999999
1475,23803,0.588825,0.20093437500000003,0.9859414528370076,0.48275862068965514,53.588235294117645
1476,23892,0.8032125000000001,0.201725,0.9857246114925913,0.6206896551724137,53.58333333333333
1477,2905,0.125,0.3125,0.6508384531984098,0.48275862068965514,53.529411764705884
1478,18715,0.8625,0.277578125,0.9224430791470907,0.8275862068965517,53.5
1479,22552,0.5888375,0.2228125,0.9879412119021804,0.6206896551724137,53.49999999999999
1480,22577,0.6487125,0.22280625,0.9757137694253704,0.6896551724137931,53.46666666666666
1481,4019,0.375,0.17732187500000002,0.8788820624021202,1.0,53.46235294117646
1482,4802,0.625,0.10855624999999999,0.9325864353692326,1.0,53.41176470588234
1483,23205,0.3987375,0.17905625,0.9995904107938802,1.0,53.41176470588234
1484,23889,0.625,0.19003125,0.9878086977472593,0.3448275862068966,53.38461538461538
1485,23190,0.6125,0.1806125,0.9997470184315143,0.48275862068965514,53.35294117647059
1486,23876,0.8625,0.2024875,0.9855077701481749,0.13793103448275862,53.333333333333336
1487,4550,0.6125,0.309375,0.7059462715335502,0.9655172413793103,53.33333333333333
1488,4934,0.625,0.309375,0.7059462715335502,0.9655172413793103,53.33333333333333
1489,23756,0.3625,0.2024875,0.9975906517287073,0.6896551724137931,53.33333333333333
1490,5559,0.8625,0.30485937500000004,0.7440320443320082,0.9655172413793103,53.33333333333333
1491,6242,0.875,0.206659375,0.8878448379713287,0.27586206896551724,53.33333333333333
1492,3387,0.3625,0.090625,0.7671364895795687,0.6206896551724137,53.33333333333333
1493,5762,0.875,0.171346875,0.9860498735092157,0.27586206896551724,53.33333333333333
1494,4545,0.6125,0.295615625,0.7658836284784966,0.27586206896551724,53.33333333333333
1495,4540,0.6125,0.28125,0.6545717383447777,0.27586206896551724,53.33333333333333
1496,5084,0.625,0.090625,0.62643055053608,0.6206896551724137,53.33333333333333
1497,2377,0.1125,0.090625,0.62643055053608,0.27586206896551724,53.33333333333333
1498,6155,0.875,0.15274062500000002,0.9902300927599084,0.27586206896551724,53.33333333333333
1499,5564,0.8625,0.309375,0.62643055053608,0.27586206896551724,53.33333333333333
1500,4340,0.6125,0.2336875,0.9796651005902903,0.27586206896551724,53.33333333333333
1501,3937,0.375,0.28125,0.62643055053608,0.6206896551724137,53.33333333333333
1502,4351,0.6125,0.15274062500000002,0.9902300927599084,0.27586206896551724,53.33333333333333
1503,22512,0.375,0.21190625000000002,0.9819057944825923,0.27586206896551724,53.33333333333333
1504,19976,0.832925,0.269296875,0.9233224912661124,0.8275862068965517,53.2
1505,23861,0.553125,0.1908,0.99979520539694,1.0,53.17647058823528
1506,22557,0.39871249999999997,0.22280625,0.9879412119021804,1.0,53.17647058823528
1507,6195,0.875,0.294746875,0.8743645343934465,0.8275862068965517,53.0
1508,4879,0.625,0.246875,0.9248042404529574,0.0,52.99999999999999
1509,4541,0.6125,0.28125,0.62643055053608,0.0,52.99999999999999
1510,5413,0.8625,0.090625,0.62643055053608,0.0,52.99999999999999
1511,5078,0.625,0.09375,0.655524635586074,0.0,52.99999999999999
1512,23819,0.582875,0.20366875,0.9851343211661244,0.0,52.99999999999999
1513,6149,0.875,0.197040625,0.9989157932779182,0.0,52.99999999999999
1514,5961,0.875,0.28125,0.62643055053608,0.0,52.99999999999999
1515,3370,0.3625,0.059375,0.6996542585230695,0.0,52.99999999999999
1516,4090,0.375,0.059375,0.6996542585230695,0.0,52.99999999999999
1517,5557,0.8625,0.295615625,0.7658836284784966,0.0,52.99999999999999
1518,22593,0.7914375,0.2166,0.9795084929526562,1.0,52.941176470588225
1519,3444,0.3625,0.17028125,0.8773762197325623,1.0,52.90588235294116
1520,22601,0.6547,0.210728125,0.9824478978436332,0.6896551724137931,52.79999999999999
1521,6015,0.875,0.194553125,0.8788820624021202,1.0,52.76470588235293
1522,4584,0.6125,0.309375,0.7682568365257197,1.0,52.70588235294117
1523,21165,0.3625,0.233828125,0.9795446331767256,0.6896551724137931,52.66666666666666
1524,3922,0.375,0.309375,0.7059462715335502,0.9655172413793103,52.66666666666666
1525,21235,0.6125,0.233828125,0.9795446331767256,0.9655172413793103,52.66666666666666
1526,4868,0.625,0.24041562500000002,0.930333694735574,0.9655172413793103,52.66666666666666
1527,21288,0.625,0.23378125,0.9672328635104203,0.6896551724137931,52.66666666666666
1528,3538,0.3625,0.309375,0.7059462715335502,0.9655172413793103,52.66666666666666
1529,2382,0.1125,0.09375,0.655524635586074,0.9655172413793103,52.66666666666666
1530,4382,0.6125,0.059375,0.6996542585230695,0.9655172413793103,52.66666666666666
1531,3333,0.3625,0.197040625,0.9989157932779182,0.9655172413793103,52.66666666666666
1532,22573,0.6844625,0.22359999999999997,0.975183712805686,0.3448275862068966,52.615384615384606
1533,22600,0.684375,0.212678125,0.9815443922418986,0.0,52.59999999999999
1534,4554,0.6125,0.3125,0.6752463558607397,1.0,52.58823529411764
1535,21224,0.5651375,0.236925,0.9643777858089386,1.0,52.58823529411764
1536,22588,0.8388375,0.2228125,0.9757137694253704,0.6206896551724137,52.58333333333333
1537,18696,0.625,0.27753125,0.9092398506204071,0.8275862068965517,52.5
1538,5320,0.8625,0.28125,0.9023370678231537,0.8275862068965517,52.5
1539,22607,0.625,0.21190625000000002,0.9940368630285508,0.27586206896551724,52.49999999999999
1540,6212,0.875,0.21875,0.978279725334297,0.27586206896551724,52.49999999999999
1541,3469,0.3625,0.20159374999999996,0.8773762197325623,0.27586206896551724,52.49999999999999
1542,2316,0.1125,0.2336875,0.9796651005902903,0.27586206896551724,52.49999999999999
1543,5945,0.875,0.309375,0.62643055053608,0.27586206896551724,52.49999999999999
1544,4541,0.6125,0.28125,0.62643055053608,0.6206896551724137,52.49999999999999
1545,2320,0.1125,0.20443125,0.9969883146608842,0.27586206896551724,52.49999999999999
1546,21301,0.7734,0.23650312499999998,0.9647753282737019,0.6206896551724137,52.49999999999999
1547,5956,0.875,0.28125,0.6545717383447777,0.27586206896551724,52.49999999999999
1548,23818,0.6125,0.20561249999999998,0.9844837971328756,0.27586206896551724,52.49999999999999
1549,23881,0.625,0.2024875,0.9855077701481749,0.27586206896551724,52.49999999999999
1550,3369,0.3625,0.059375,0.6752463558607397,0.27586206896551724,52.49999999999999
1551,4091,0.375,0.059375,0.6752463558607397,0.27586206896551724,52.49999999999999
1552,3328,0.3625,0.2336875,0.9796651005902903,0.27586206896551724,52.49999999999999
1553,5552,0.8625,0.28125,0.6545717383447777,0.6206896551724137,52.49999999999999
1554,5394,0.8625,0.059375,0.6996542585230695,0.6206896551724137,52.49999999999999
1555,5908,0.875,0.28339375,0.8046500421635947,1.0,52.47058823529411
1556,3379,0.3625,0.071603125,0.7551740754126008,1.0,52.47058823529411
1557,5619,0.8625,0.246875,0.9027707505119864,1.0,52.47058823529411
1558,5616,0.8625,0.27164062499999997,0.8892302132273219,0.6896551724137931,52.46666666666666
1559,3468,0.3625,0.194553125,0.8788820624021202,0.6206896551724137,52.41666666666666
1560,22546,0.5888125,0.213503125,0.9932779183230935,0.9655172413793103,52.33333333333333
1561,4550,0.6125,0.309375,0.7059462715335502,0.3448275862068966,52.3076923076923
1562,5553,0.8625,0.28125,0.62643055053608,0.3448275862068966,52.3076923076923
1563,22496,0.5828875,0.22554687499999998,0.9738103842910492,0.6206896551724137,52.24999999999999
1564,5952,0.875,0.29089062499999996,0.7761354053728465,1.0,52.23529411764705
1565,4869,0.625,0.23395937500000002,0.9138296590772196,1.0,52.211764705882345
1566,4185,0.375,0.21875,0.9116251054089869,1.0,52.19999999999999
1567,22588,0.8388375,0.2228125,0.9757137694253704,0.27586206896551724,52.16666666666666
1568,23830,0.6125,0.20561249999999998,0.9965787254547644,0.3448275862068966,52.153846153846146
1569,4901,0.625,0.309375,0.7682568365257197,1.0,52.117647058823515
1570,5547,0.8625,0.278125,0.62643055053608,1.0,52.117647058823515
1571,4750,0.625,0.171346875,0.9860498735092157,0.6206896551724137,52.10833333333333
1572,21236,0.6125,0.23065625,0.9821949162751474,0.6206896551724137,52.08333333333333
1573,22583,0.6487499999999999,0.21346249999999997,0.9811588965184916,0.6896551724137931,51.99999999999999
1574,4871,0.625,0.246875,0.9468497771352848,0.9655172413793103,51.99999999999999
1575,21238,0.6125,0.24623750000000003,0.9673292374412721,0.6896551724137931,51.99999999999999
1576,2316,0.1125,0.2336875,0.9796651005902903,0.6896551724137931,51.99999999999999
1577,5137,0.625,0.197040625,0.9989157932779182,0.6896551724137931,51.99999999999999
1578,5562,0.8625,0.309375,0.7059462715335502,0.6896551724137931,51.99999999999999
1579,22445,0.12499999999999992,0.21190625000000002,0.9819057944825923,0.9655172413793103,51.99999999999999
1580,3328,0.3625,0.2336875,0.9796651005902903,0.6896551724137931,51.99999999999999
1581,6185,0.875,0.28125,0.8367546078785688,0.9655172413793103,51.99999999999999
1582,6097,0.875,0.090625,0.7671364895795687,0.0,51.99999999999999
1583,5411,0.8625,0.090625,0.7671364895795687,0.0,51.99999999999999
1584,5418,0.8625,0.09375,0.655524635586074,0.0,51.99999999999999
1585,4406,0.6125,0.09375,0.655524635586074,0.0,51.99999999999999
1586,4399,0.6125,0.090625,0.7671364895795687,0.0,51.99999999999999
1587,5353,0.8625,0.22643437500000002,0.9854234429586796,0.0,51.99999999999999
1588,5363,0.8625,0.15274062500000002,0.9902300927599084,0.0,51.99999999999999
1589,23803,0.588825,0.20093437500000003,0.9859414528370076,0.0,51.99999999999999
1590,5962,0.875,0.278125,0.62643055053608,1.0,51.999999999999986
1591,22599,0.7140875,0.214625,0.9805686061920249,0.6206896551724137,51.91666666666666
1592,2644,0.1125,0.0625,0.7682568365257197,1.0,51.85882352941175
1593,22601,0.6547,0.210728125,0.9824478978436332,0.48275862068965514,51.8235294117647
1594,22606,0.8625,0.22436249999999996,0.9868931454041681,0.3448275862068966,51.76923076923076
1595,23858,0.4046875,0.188853125,0.9999277195518612,0.3448275862068966,51.76923076923076
1596,22571,0.7439250000000001,0.219709375,0.9777014817491867,0.3448275862068966,51.76923076923076
1597,2531,0.1125,0.3125,0.6508384531984098,0.48275862068965514,51.76470588235294
1598,3119,0.125,0.15274062500000002,0.9902300927599084,1.0,51.76470588235293
1599,22551,0.5651375,0.22125625,0.9889410914347668,1.0,51.76470588235293
1600,2381,0.1125,0.09375,0.6846187206360679,1.0,51.717647058823516
1601,2371,0.1125,0.090625,0.6545717383447777,1.0,51.69411764705881
1602,22591,0.8388,0.213503125,0.9811348030357788,0.6206896551724137,51.66666666666666
1603,3119,0.125,0.15274062500000002,0.9902300927599084,0.27586206896551724,51.66666666666666
1604,4751,0.625,0.17785625,0.9873750150584266,0.27586206896551724,51.66666666666666
1605,3079,0.125,0.059375,0.6752463558607397,0.27586206896551724,51.66666666666666
1606,3060,0.125,0.090625,0.62643055053608,0.6206896551724137,51.66666666666666
1607,5945,0.875,0.309375,0.62643055053608,0.6206896551724137,51.66666666666666
1608,22610,0.625,0.22436249999999996,0.9868931454041681,0.27586206896551724,51.66666666666666
1609,6115,0.875,0.059375,0.6752463558607397,0.27586206896551724,51.66666666666666
1610,3529,0.3625,0.28125,0.62643055053608,0.6206896551724137,51.66666666666666
1611,3370,0.3625,0.059375,0.6996542585230695,0.6206896551724137,51.66666666666666
1612,6145,0.875,0.22643437500000002,0.9854234429586796,0.27586206896551724,51.66666666666666
1613,5956,0.875,0.28125,0.6545717383447777,0.6206896551724137,51.66666666666666
1614,5103,0.625,0.059375,0.6752463558607397,0.27586206896551724,51.66666666666666
1615,4401,0.6125,0.090625,0.62643055053608,0.6206896551724137,51.66666666666666
1616,21886,0.6125,0.1587375,0.9934586194434405,0.27586206896551724,51.66666666666666
1617,3932,0.375,0.28125,0.6545717383447777,0.27586206896551724,51.66666666666666
1618,21941,0.8625,0.1587375,0.9813155041561258,0.27586206896551724,51.66666666666666
1619,4072,0.375,0.090625,0.62643055053608,0.6206896551724137,51.66666666666666
1620,3333,0.3625,0.197040625,0.9989157932779182,0.27586206896551724,51.66666666666666
1621,23905,0.625,0.2024875,0.9975906517287073,0.27586206896551724,51.66666666666666
1622,3186,0.125,0.2384375,0.9629442235875195,1.0,51.6470588235294
1623,4614,0.6125,0.22749999999999998,0.8973135766775088,1.0,51.56470588235293
1624,3922,0.375,0.309375,0.7059462715335502,0.3448275862068966,51.53846153846153
1625,22598,0.74375,0.216571875,0.9795205396940128,0.3448275862068966,51.53846153846153
1626,4934,0.625,0.309375,0.7059462715335502,0.3448275862068966,51.53846153846153
1627,3538,0.3625,0.309375,0.7059462715335502,0.3448275862068966,51.53846153846153
1628,5961,0.875,0.28125,0.62643055053608,0.3448275862068966,51.53846153846153
1629,2383,0.1125,0.09375,0.62643055053608,0.3448275862068966,51.53846153846153
1630,5659,0.8625,0.0506703125,0.8040477050957715,1.0,51.52941176470587
1631,22596,0.803125,0.212678125,0.9815443922418986,1.0,51.52941176470587
1632,3542,0.3625,0.3125,0.6752463558607397,1.0,51.52941176470587
1633,4348,0.6125,0.17483437500000001,0.9989157932779182,0.6206896551724137,51.49999999999999
1634,5493,0.8625,0.20159374999999996,0.8773762197325623,1.0,51.44470588235293
1635,22618,0.8388124999999998,0.213503125,0.9932779183230935,1.0,51.41176470588234
1636,22544,0.553125,0.212678125,0.9936754607878568,1.0,51.41176470588234
1637,6194,0.875,0.2880625,0.8888085772798457,0.6896551724137931,51.39999999999999
1638,23827,0.6125,0.18690625,1.0,0.9655172413793103,51.33333333333333
1639,6114,0.875,0.059375,0.6996542585230695,0.9655172413793103,51.33333333333333
1640,23817,0.375,0.19003125,0.9878086977472593,0.6896551724137931,51.33333333333333
1641,5597,0.8625,0.29007499999999997,0.7915190940850501,0.9655172413793103,51.33333333333333
1642,4339,0.6125,0.2408875,0.9729671123960967,0.6896551724137931,51.33333333333333
1643,5557,0.8625,0.295615625,0.7658836284784966,0.9655172413793103,51.33333333333333
1644,20032,0.8388625000000001,0.2665625,0.9406336585953499,0.6896551724137931,51.33333333333333
1645,5363,0.8625,0.15274062500000002,0.9902300927599084,0.9655172413793103,51.33333333333333
1646,20014,0.8625,0.26811250000000003,0.9382363570654136,0.6896551724137931,51.33333333333333
1647,15183,0.8625,0.033780624999999995,0.7456993133357427,0.6206896551724137,51.33333333333333
1648,3918,0.375,0.3125,0.6752463558607397,1.0,51.29411764705881
1649,23890,0.8625,0.20561249999999998,0.9844837971328756,1.0,51.29411764705881
1650,21216,0.375,0.23378125,0.9672328635104203,0.3448275862068966,51.230769230769226
1651,3378,0.3625,0.067015625,0.7440320443320082,1.0,51.211764705882345
1652,3572,0.3625,0.309375,0.7682568365257197,1.0,51.17647058823528
1653,4399,0.6125,0.090625,0.7671364895795687,1.0,51.17176470588234
1654,22591,0.8388,0.213503125,0.9811348030357788,0.27586206896551724,51.16666666666666
1655,5909,0.875,0.29007499999999997,0.7915190940850501,0.6206896551724137,51.16666666666666
1656,4126,0.375,0.189640625,0.9998795325864354,0.6206896551724137,51.16666666666666
1657,5218,0.625,0.215625,0.958089386820865,0.13793103448275862,51.111111111111114
1658,23894,0.7439250000000001,0.197834375,0.9866883508011083,0.0,51.09999999999999
1659,5278,0.8625,0.215625,0.958089386820865,0.0,51.09999999999999
1660,4482,0.6125,0.208621875,0.8749909649439825,0.6206896551724137,51.08333333333333
1661,6017,0.875,0.20159374999999996,0.8773762197325623,0.6206896551724137,51.08333333333333
1662,23232,0.625,0.16815625,0.9851222744247681,1.0,51.058823529411754
1663,6076,0.875,0.125,0.62643055053608,1.0,51.058823529411754
1664,4708,0.6125,0.146521875,0.9739549451873267,1.0,51.058823529411754
1665,5360,0.8625,0.17483437500000001,0.9989157932779182,1.0,51.058823529411754
1666,22597,0.7734125,0.214625,0.9805686061920249,0.27586206896551724,50.99999999999999
1667,3061,0.125,0.090625,0.7671364895795687,0.0,50.99999999999999
1668,3054,0.125,0.09375,0.655524635586074,0.0,50.99999999999999
1669,4546,0.6125,0.300271875,0.7551740754126008,0.0,50.99999999999999
1670,23829,0.6125,0.2024875,0.9975906517287073,0.0,50.99999999999999
1671,23756,0.3625,0.2024875,0.9975906517287073,0.0,50.99999999999999
1672,3394,0.3625,0.09375,0.655524635586074,0.0,50.99999999999999
1673,21311,0.625,0.23378125,0.979580773400795,0.0,50.99999999999999
1674,4481,0.6125,0.20159374999999996,0.8773762197325623,0.0,50.99999999999999
1675,3529,0.3625,0.28125,0.62643055053608,0.0,50.99999999999999
1676,5085,0.625,0.090625,0.7671364895795687,0.0,50.99999999999999
1677,22596,0.803125,0.212678125,0.9815443922418986,0.0,50.99999999999999
1678,2375,0.1125,0.090625,0.7671364895795687,0.0,50.99999999999999
1679,5137,0.625,0.197040625,0.9989157932779182,0.0,50.99999999999999
1680,5553,0.8625,0.28125,0.62643055053608,0.0,50.99999999999999
1681,4066,0.375,0.09375,0.655524635586074,0.0,50.99999999999999
1682,22534,0.6125,0.22436249999999996,0.9868931454041681,0.0,50.99999999999999
1683,22589,0.8625,0.22436249999999996,0.9746536561860017,0.0,50.99999999999999
1684,22536,0.375,0.20878125,0.9953860980604745,1.0,50.941176470588225
1685,23819,0.582875,0.20366875,0.9851343211661244,0.6206896551724137,50.91666666666666
1686,23809,0.375,0.2024875,0.9855077701481749,0.6206896551724137,50.91666666666666
1687,22586,0.7914749999999999,0.21970312500000003,0.9777014817491867,0.0,50.89999999999999
1688,4278,0.6125,0.22310937500000003,0.9005421033610408,1.0,50.85882352941175
1689,22581,0.6962125,0.216578125,0.9795205396940128,0.3448275862068966,50.84615384615384
1690,23817,0.375,0.19003125,0.9878086977472593,0.3448275862068966,50.84615384615384
1691,2517,0.1125,0.28125,0.62643055053608,0.6206896551724137,50.83333333333333
1692,23828,0.6125,0.19007812500000001,0.9998554391037224,0.27586206896551724,50.83333333333333
1693,4941,0.625,0.295615625,0.7658836284784966,0.27586206896551724,50.83333333333333
1694,21301,0.7734,0.23650312499999998,0.9647753282737019,0.27586206896551724,50.83333333333333
1695,2925,0.125,0.28125,0.62643055053608,0.6206896551724137,50.83333333333333
1696,3528,0.3625,0.28125,0.6545717383447777,0.27586206896551724,50.83333333333333
1697,3533,0.3625,0.295615625,0.7658836284784966,0.27586206896551724,50.83333333333333
1698,23869,0.684375,0.1908,0.9877484640404769,0.6206896551724137,50.83333333333333
1699,5552,0.8625,0.28125,0.6545717383447777,0.27586206896551724,50.83333333333333
1700,4381,0.6125,0.059375,0.6752463558607397,0.27586206896551724,50.83333333333333
1701,5360,0.8625,0.17483437500000001,0.9989157932779182,0.27586206896551724,50.83333333333333
1702,5492,0.8625,0.194553125,0.8788820624021202,0.27586206896551724,50.83333333333333
1703,2404,0.1125,0.125,0.62643055053608,1.0,50.823529411764696
1704,4340,0.6125,0.2336875,0.9796651005902903,1.0,50.823529411764696
1705,2712,0.1125,0.171346875,0.9860498735092157,1.0,50.823529411764696
1706,21283,0.696175,0.24156875000000003,0.9598120708348392,0.0,50.79999999999999
1707,5492,0.8625,0.194553125,0.8788820624021202,1.0,50.776470588235284
1708,5953,0.875,0.295615625,0.7658836284784966,0.3448275862068966,50.76923076923076
1709,15226,0.625,0.033780624999999995,0.7456993133357427,0.3448275862068966,50.76923076923076
1710,4389,0.6125,0.0625,0.7324515118660402,0.3448275862068966,50.76923076923076
1711,5656,0.8625,0.038275312500000006,0.762462353933261,0.6206896551724137,50.74999999999999
1712,5942,0.875,0.3125,0.6752463558607397,1.0,50.70588235294117
1713,4930,0.625,0.3125,0.6752463558607397,1.0,50.70588235294117
1714,5656,0.8625,0.038275312500000006,0.762462353933261,1.0,50.70588235294117
1715,22603,0.8625,0.21195312500000002,0.9940127695458378,0.9655172413793103,50.66666666666666
1716,4210,0.375,0.196271875,0.9870015660763762,0.6896551724137931,50.66666666666666
1717,6109,0.875,0.0625,0.65293579086857,0.6896551724137931,50.66666666666666
1718,5946,0.875,0.309375,0.7059462715335502,0.6896551724137931,50.66666666666666
1719,5084,0.625,0.090625,0.62643055053608,0.9655172413793103,50.66666666666666
1720,2910,0.125,0.309375,0.7059462715335502,0.9655172413793103,50.66666666666666
1721,4736,0.6125,0.171346875,0.9860498735092157,0.9655172413793103,50.66666666666666
1722,5418,0.8625,0.09375,0.655524635586074,0.9655172413793103,50.66666666666666
1723,4090,0.375,0.059375,0.6996542585230695,0.9655172413793103,50.66666666666666
1724,23888,0.6487375,0.1915875,0.9876761835923381,0.9655172413793103,50.66666666666666
1725,5215,0.625,0.194096875,0.9718949524153715,0.9655172413793103,50.66666666666666
1726,4347,0.6125,0.182234375,0.9998795325864354,0.9655172413793103,50.66666666666666
1727,5323,0.8625,0.28125,0.8367546078785688,0.9655172413793103,50.66666666666666
1728,23831,0.375,0.18690625,1.0,0.6206896551724137,50.66666666666666
1729,4347,0.6125,0.182234375,0.9998795325864354,1.0,50.58823529411764
1730,21223,0.5888,0.235378125,0.9658113480303577,0.27586206896551724,50.58333333333333
1731,4457,0.6125,0.17732187500000002,0.8788820624021202,1.0,50.54235294117646
1732,5218,0.625,0.215625,0.958089386820865,0.48275862068965514,50.50588235294118
1733,23806,0.5888125,0.191625,0.9876641368509818,0.6206896551724137,50.49999999999999
1734,21941,0.8625,0.1587375,0.9813155041561258,1.0,50.47058823529411
1735,5176,0.625,0.28125,0.9023370678231537,0.9655172413793103,50.46666666666666
1736,22572,0.7141625,0.22165625000000003,0.9764727141308276,0.3448275862068966,50.46153846153845
1737,5955,0.875,0.30485937500000004,0.7440320443320082,0.6206896551724137,50.41666666666666
1738,5559,0.8625,0.30485937500000004,0.7440320443320082,0.6206896551724137,50.41666666666666
1739,4210,0.375,0.196271875,0.9870015660763762,0.48275862068965514,50.411764705882355
1740,18702,0.8625,0.277578125,0.9091555234309118,0.3448275862068966,50.38461538461538
1741,4955,0.625,0.278125,0.655524635586074,1.0,50.35294117647058
1742,4131,0.375,0.15274062500000002,0.9902300927599084,1.0,50.35294117647058
1743,5601,0.8625,0.28339375,0.8046500421635947,1.0,50.35294117647058
1744,3790,0.375,0.10855624999999999,0.9325864353692326,1.0,50.35294117647058
1745,4668,0.6125,0.0625,0.7682568365257197,0.6206896551724137,50.33333333333333
1746,5440,0.8625,0.125,0.62643055053608,1.0,50.25882352941176
1747,22576,0.625,0.22436249999999996,0.9746536561860017,0.6206896551724137,50.24999999999999
1748,3342,0.3625,0.13098749999999998,0.9729671123960967,1.0,50.23529411764705
1749,4125,0.375,0.197040625,0.9989157932779182,0.3448275862068966,50.230769230769226
1750,2457,0.1125,0.20159374999999996,0.8773762197325623,0.6206896551724137,50.16666666666666
1751,21312,0.625,0.23065625,0.9821949162751474,0.48275862068965514,50.11764705882353
1752,5278,0.8625,0.215625,0.958089386820865,0.6206896551724137,50.08333333333333
1753,4736,0.6125,0.171346875,0.9860498735092157,0.48275862068965514,50.05882352941177
1754,2378,0.1125,0.09375,0.7718949524153716,1.0,50.058823529411754
1755,4555,0.6125,0.3125,0.6508384531984098,0.8275862068965517,50.0
1756,3073,0.125,0.0625,0.65293579086857,0.8275862068965517,50.0
1757,6111,0.875,0.0625,0.7059462715335502,0.8275862068965517,50.0
1758,3920,0.375,0.3125,0.62643055053608,0.8275862068965517,50.0
1759,2908,0.125,0.3125,0.62643055053608,0.8275862068965517,50.0
1760,5097,0.625,0.0625,0.65293579086857,0.8275862068965517,50.0
1761,5399,0.8625,0.0625,0.65293579086857,0.8275862068965517,50.0
1762,5132,0.625,0.2336875,0.9796651005902903,0.8275862068965517,50.0
1763,4085,0.375,0.0625,0.65293579086857,0.8275862068965517,50.0
1764,2532,0.1125,0.3125,0.62643055053608,0.8275862068965517,50.0
1765,3073,0.125,0.0625,0.65293579086857,0.13793103448275862,50.0
1766,4555,0.6125,0.3125,0.6508384531984098,0.13793103448275862,50.0
1767,2905,0.125,0.3125,0.6508384531984098,0.13793103448275862,50.0
1768,3543,0.3625,0.3125,0.6508384531984098,0.13793103448275862,50.0
1769,3917,0.375,0.3125,0.6508384531984098,0.13793103448275862,50.0
1770,6104,0.875,0.0625,0.7324515118660402,0.9655172413793103,49.99999999999999
1771,3469,0.3625,0.20159374999999996,0.8773762197325623,0.9655172413793103,49.99999999999999
1772,22610,0.625,0.22436249999999996,0.9868931454041681,0.9655172413793103,49.99999999999999
1773,3394,0.3625,0.09375,0.655524635586074,0.9655172413793103,49.99999999999999
1774,4406,0.6125,0.09375,0.655524635586074,0.9655172413793103,49.99999999999999
1775,5955,0.875,0.30485937500000004,0.7440320443320082,0.6896551724137931,49.99999999999999
1776,2526,0.1125,0.309375,0.7059462715335502,0.9655172413793103,49.99999999999999
1777,2910,0.125,0.309375,0.7059462715335502,0.3448275862068966,49.99999999999999
1778,4407,0.6125,0.09375,0.62643055053608,0.3448275862068966,49.99999999999999
1779,2526,0.1125,0.309375,0.7059462715335502,0.3448275862068966,49.99999999999999
1780,4552,0.6125,0.309375,0.62643055053608,0.27586206896551724,49.99999999999999
1781,2516,0.1125,0.28125,0.6545717383447777,0.27586206896551724,49.99999999999999
1782,22576,0.625,0.22436249999999996,0.9746536561860017,0.27586206896551724,49.99999999999999
1783,4547,0.6125,0.30485937500000004,0.7440320443320082,0.27586206896551724,49.99999999999999
1784,4944,0.625,0.28125,0.6545717383447777,0.27586206896551724,49.99999999999999
1785,4949,0.625,0.28125,0.62643055053608,0.6206896551724137,49.99999999999999
1786,4750,0.625,0.171346875,0.9860498735092157,0.27586206896551724,49.99999999999999
1787,4131,0.375,0.15274062500000002,0.9902300927599084,0.27586206896551724,49.99999999999999
1788,3929,0.375,0.295615625,0.7658836284784966,0.27586206896551724,49.99999999999999
1789,6148,0.875,0.20443125,0.9969883146608842,0.27586206896551724,49.99999999999999
1790,4339,0.6125,0.2408875,0.9729671123960967,0.27586206896551724,49.99999999999999
1791,5891,0.875,0.246875,0.9248042404529574,0.27586206896551724,49.99999999999999
1792,5133,0.625,0.22643437500000002,0.9854234429586796,0.27586206896551724,49.99999999999999
1793,5210,0.625,0.2384375,0.9629442235875195,0.27586206896551724,49.99999999999999
1794,5279,0.8625,0.215625,0.9800385495723407,0.27586206896551724,49.99999999999999
1795,2457,0.1125,0.20159374999999996,0.8773762197325623,0.27586206896551724,49.99999999999999
1796,22461,0.3625,0.21195312500000002,0.9940127695458378,0.27586206896551724,49.99999999999999
1797,5547,0.8625,0.278125,0.62643055053608,0.27586206896551724,49.99999999999999
1798,5545,0.8625,0.278125,0.7718949524153716,0.27586206896551724,49.99999999999999
1799,3389,0.3625,0.090625,0.62643055053608,0.6206896551724137,49.99999999999999
1800,22519,0.5888,0.213503125,0.9811348030357788,0.27586206896551724,49.99999999999999
1801,2528,0.1125,0.309375,0.62643055053608,0.27586206896551724,49.99999999999999
1802,3060,0.125,0.090625,0.62643055053608,0.0,49.99999999999999
1803,2517,0.1125,0.28125,0.62643055053608,0.0,49.99999999999999
1804,3389,0.3625,0.090625,0.62643055053608,0.0,49.99999999999999
1805,22602,0.625,0.20878125,0.9832791229972292,0.0,49.99999999999999
1806,3534,0.3625,0.300271875,0.7551740754126008,0.0,49.99999999999999
1807,5618,0.8625,0.246875,0.9248042404529574,0.0,49.99999999999999
1808,4401,0.6125,0.090625,0.62643055053608,0.0,49.99999999999999
1809,5136,0.625,0.20443125,0.9969883146608842,0.0,49.99999999999999
1810,3937,0.375,0.28125,0.62643055053608,0.0,49.99999999999999
1811,4072,0.375,0.090625,0.62643055053608,0.0,49.99999999999999
1812,23905,0.625,0.2024875,0.9975906517287073,0.0,49.99999999999999
1813,5005,0.625,0.20159374999999996,0.8773762197325623,1.0,49.988235294117636
1814,3765,0.375,0.13343750000000001,0.9629442235875195,1.0,49.88235294117646
1815,23818,0.6125,0.20561249999999998,0.9844837971328756,1.0,49.88235294117646
1816,5536,0.8625,0.25,0.62643055053608,1.0,49.85882352941175
1817,22578,0.6724625,0.22125,0.9767377424406698,0.9655172413793103,49.8
1818,5301,0.8625,0.256696875,0.9419226599204914,0.6896551724137931,49.8
1819,20018,0.625,0.26811250000000003,0.9382363570654136,0.6896551724137931,49.8
1820,22592,0.8151375,0.21505000000000002,0.9803397181062522,0.0,49.79999999999999
1821,5028,0.625,0.163253125,0.8749909649439825,1.0,49.776470588235284
1822,4354,0.6125,0.13098749999999998,0.9729671123960967,1.0,49.76470588235293
1823,23144,0.58285,0.18179375,0.9877966510059029,0.48275862068965514,49.705882352941174
1824,4016,0.375,0.163253125,0.8749909649439825,1.0,49.69411764705881
1825,22600,0.684375,0.212678125,0.9815443922418986,0.6896551724137931,49.66666666666666
1826,21247,0.582775,0.23260625,0.9805926996747379,1.0,49.6470588235294
1827,21296,0.8151375,0.236925,0.9643777858089386,1.0,49.6470588235294
1828,23870,0.6546875,0.188853125,0.9878809781953981,1.0,49.6470588235294
1829,22573,0.6844625,0.22359999999999997,0.975183712805686,0.9655172413793103,49.599999999999994
1830,20018,0.625,0.26811250000000003,0.9382363570654136,0.9655172413793103,49.599999999999994
1831,21300,0.8031124999999999,0.234553125,0.9665582459944585,0.0,49.599999999999994
1832,5085,0.625,0.090625,0.7671364895795687,1.0,49.57999999999999
1833,5305,0.8625,0.263153125,0.8866401638356823,1.0,49.56470588235293
1834,22582,0.672475,0.215021875,0.980363811588965,0.9655172413793103,49.533333333333324
1835,6091,0.875,0.09375,0.6846187206360679,1.0,49.52941176470587
1836,5227,0.625,0.1875,0.9575954704252498,0.8275862068965517,49.5
1837,22597,0.7734125,0.214625,0.9805686061920249,0.6206896551724137,49.49999999999999
1838,3266,0.3625,0.22310937500000003,0.9005421033610408,1.0,49.48235294117646
1839,3889,0.375,0.309375,0.7682568365257197,1.0,49.41176470588234
1840,5176,0.625,0.28125,0.9023370678231537,0.6896551724137931,49.39999999999999
1841,22590,0.8625,0.21195312500000002,0.9818817009998795,0.9655172413793103,49.33333333333333
1842,6090,0.875,0.09375,0.655524635586074,0.9655172413793103,49.33333333333333
1843,3060,0.125,0.090625,0.62643055053608,0.9655172413793103,49.33333333333333
1844,3370,0.3625,0.059375,0.6996542585230695,0.9655172413793103,49.33333333333333
1845,5956,0.875,0.28125,0.6545717383447777,0.9655172413793103,49.33333333333333
1846,5607,0.8625,0.278125,0.8578604987350921,0.9655172413793103,49.33333333333333
1847,5909,0.875,0.29007499999999997,0.7915190940850501,0.6896551724137931,49.33333333333333
1848,22459,0.3625,0.22436249999999996,0.9868931454041681,0.9655172413793103,49.33333333333333
1849,20032,0.8388625000000001,0.2665625,0.9406336585953499,0.9655172413793103,49.33333333333333
1850,21227,0.582775,0.23260625,0.9682568365257197,0.6206896551724137,49.33333333333333
1851,5597,0.8625,0.29007499999999997,0.7915190940850501,0.6206896551724137,49.33333333333333
1852,21223,0.5888,0.235378125,0.9658113480303577,0.3448275862068966,49.3076923076923
1853,22573,0.6844625,0.22359999999999997,0.975183712805686,0.0,49.29999999999999
1854,5945,0.875,0.309375,0.62643055053608,0.3448275862068966,49.230769230769226
1855,3395,0.3625,0.09375,0.62643055053608,0.3448275862068966,49.230769230769226
1856,5557,0.8625,0.295615625,0.7658836284784966,0.3448275862068966,49.230769230769226
1857,6095,0.875,0.09375,0.62643055053608,0.3448275862068966,49.230769230769226
1858,3603,0.3625,0.23395937500000002,0.9138296590772196,1.0,49.19999999999999
1859,6204,0.875,0.256575,0.8742561137212383,1.0,49.18823529411764
1860,5551,0.8625,0.28125,0.6827141308276111,1.0,49.18823529411764
1861,22577,0.6487125,0.22280625,0.9757137694253704,0.48275862068965514,49.1764705882353
1862,21226,0.6125,0.23065625,0.9698831466088423,0.48275862068965514,49.1764705882353
1863,23222,0.6547375,0.18179375,0.9877966510059029,1.0,49.17647058823528
1864,22589,0.8625,0.22436249999999996,0.9746536561860017,0.27586206896551724,49.16666666666666
1865,4871,0.625,0.246875,0.9468497771352848,0.27586206896551724,49.16666666666666
1866,5747,0.8625,0.16485,0.9839657872545476,0.27586206896551724,49.16666666666666
1867,4951,0.625,0.278125,0.7718949524153716,0.27586206896551724,49.16666666666666
1868,5407,0.8625,0.090625,0.6545717383447777,0.27586206896551724,49.16666666666666
1869,21311,0.625,0.23378125,0.979580773400795,0.27586206896551724,49.16666666666666
1870,5413,0.8625,0.090625,0.62643055053608,0.6206896551724137,49.16666666666666
1871,2920,0.125,0.28125,0.6545717383447777,0.27586206896551724,49.16666666666666
1872,2917,0.125,0.295615625,0.7658836284784966,0.27586206896551724,49.16666666666666
1873,2918,0.125,0.300271875,0.7551740754126008,0.6206896551724137,49.16666666666666
1874,4120,0.375,0.2336875,0.9796651005902903,0.27586206896551724,49.16666666666666
1875,2521,0.1125,0.295615625,0.7658836284784966,0.27586206896551724,49.16666666666666
1876,5135,0.625,0.21179687500000002,0.9940850499939766,0.27586206896551724,49.16666666666666
1877,5564,0.8625,0.309375,0.62643055053608,0.6206896551724137,49.16666666666666
1878,5281,0.8625,0.194096875,0.9718949524153715,0.27586206896551724,49.16666666666666
1879,3339,0.3625,0.15274062500000002,0.9902300927599084,0.27586206896551724,49.16666666666666
1880,21287,0.6487625,0.235340625,0.9658474882544271,0.3448275862068966,49.153846153846146
1881,21236,0.6125,0.23065625,0.9821949162751474,0.9655172413793103,49.133333333333326
1882,22600,0.684375,0.212678125,0.9815443922418986,0.27586206896551724,49.08333333333333
1883,21295,0.8388,0.235378125,0.9658113480303577,0.27586206896551724,49.08333333333333
1884,23189,0.6125,0.1837375,0.9999638597759306,1.0,49.058823529411754
1885,23887,0.672475,0.19314375,0.9874954824719914,0.3448275862068966,48.99999999999999
1886,23277,0.6487375,0.17905625,0.9995904107938802,0.6206896551724137,48.99999999999999
1887,5760,0.875,0.16485,0.9839657872545476,0.0,48.99999999999999
1888,21235,0.6125,0.233828125,0.9795446331767256,0.0,48.99999999999999
1889,22576,0.625,0.22436249999999996,0.9746536561860017,0.0,48.99999999999999
1890,4949,0.625,0.28125,0.62643055053608,0.0,48.99999999999999
1891,3387,0.3625,0.090625,0.7671364895795687,0.0,48.99999999999999
1892,2918,0.125,0.300271875,0.7551740754126008,0.0,48.99999999999999
1893,22585,0.767775,0.21814999999999998,0.9786290808336345,0.0,48.99999999999999
1894,6096,0.875,0.090625,0.62643055053608,0.0,48.99999999999999
1895,23881,0.625,0.2024875,0.9855077701481749,0.0,48.99999999999999
1896,5559,0.8625,0.30485937500000004,0.7440320443320082,0.0,48.99999999999999
1897,4073,0.375,0.090625,0.7671364895795687,0.0,48.99999999999999
1898,22512,0.375,0.21190625000000002,0.9819057944825923,0.0,48.99999999999999
1899,5403,0.8625,0.071603125,0.7551740754126008,1.0,48.988235294117636
1900,5615,0.8625,0.26515625,0.8770148174918684,1.0,48.96470588235293
1901,23894,0.7439250000000001,0.197834375,0.9866883508011083,0.6206896551724137,48.91666666666666
1902,22600,0.684375,0.212678125,0.9815443922418986,0.48275862068965514,48.88235294117647
1903,2383,0.1125,0.09375,0.62643055053608,0.48275862068965514,48.8235294117647
1904,22575,0.625,0.22748749999999998,0.97237682206963,0.3448275862068966,48.76923076923076
1905,22583,0.6487499999999999,0.21346249999999997,0.9811588965184916,0.48275862068965514,48.76470588235294
1906,22570,0.7736,0.22165625000000003,0.9764727141308276,0.6206896551724137,48.74999999999999
1907,2530,0.1125,0.3125,0.6752463558607397,1.0,48.70588235294117
1908,23786,0.15469,0.188853125,0.9999277195518612,1.0,48.70588235294117
1909,21307,0.8625,0.233828125,0.9795446331767256,0.3448275862068966,48.692307692307686
1910,4481,0.6125,0.20159374999999996,0.8773762197325623,0.3448275862068966,48.692307692307686
1911,6097,0.875,0.090625,0.7671364895795687,0.9655172413793103,48.666666666666664
1912,5953,0.875,0.295615625,0.7658836284784966,0.6896551724137931,48.666666666666664
1913,4121,0.375,0.22643437500000002,0.9854234429586796,0.9655172413793103,48.666666666666664
1914,5227,0.625,0.1875,0.9575954704252498,0.6896551724137931,48.666666666666664
1915,5552,0.8625,0.28125,0.6545717383447777,0.9655172413793103,48.666666666666664
1916,4348,0.6125,0.17483437500000001,0.9989157932779182,0.9655172413793103,48.666666666666664
1917,4066,0.375,0.09375,0.655524635586074,0.9655172413793103,48.666666666666664
1918,22536,0.375,0.20878125,0.9953860980604745,0.9655172413793103,48.666666666666664
1919,2243,0.1125,0.215625,0.9800385495723407,1.0,48.58823529411764
1920,22594,0.8625,0.20878125,0.9832791229972292,1.0,48.58823529411764
1921,4683,0.6125,0.10855624999999999,0.9325864353692326,1.0,48.58823529411764
1922,3004,0.125,0.163253125,0.8749909649439825,1.0,48.505882352941164
1923,4120,0.375,0.2336875,0.9796651005902903,0.8275862068965517,48.5
1924,6194,0.875,0.2880625,0.8888085772798457,0.8275862068965517,48.5
1925,15231,0.625,0.036905625,0.7740151788941092,0.6206896551724137,48.49999999999999
1926,22580,0.7199375,0.218134375,0.9786411275749909,0.0,48.49999999999999
1927,3166,0.125,0.269728125,0.8990362606914829,1.0,48.47058823529411
1928,2270,0.1125,0.269728125,0.8990362606914829,1.0,48.47058823529411
1929,5419,0.8625,0.09375,0.62643055053608,0.3448275862068966,48.46153846153845
1930,22512,0.375,0.21190625000000002,0.9819057944825923,0.3448275862068966,48.46153846153845
1931,23802,0.5651375,0.19938125,0.9863389953017708,0.27586206896551724,48.41666666666666
1932,4976,0.625,0.246875,0.6538959161546801,1.0,48.35294117647058
1933,5556,0.8625,0.29089062499999996,0.7761354053728465,1.0,48.35294117647058
1934,21307,0.8625,0.233828125,0.9795446331767256,0.13793103448275862,48.333333333333336
1935,3468,0.3625,0.194553125,0.8788820624021202,0.27586206896551724,48.33333333333333
1936,4933,0.625,0.309375,0.62643055053608,0.27586206896551724,48.33333333333333
1937,4943,0.625,0.30485937500000004,0.7440320443320082,0.27586206896551724,48.33333333333333
1938,6096,0.875,0.090625,0.62643055053608,0.6206896551724137,48.33333333333333
1939,22581,0.6962125,0.216578125,0.9795205396940128,0.27586206896551724,48.33333333333333
1940,2357,0.1125,0.059375,0.6752463558607397,0.27586206896551724,48.33333333333333
1941,3540,0.3625,0.309375,0.62643055053608,0.27586206896551724,48.33333333333333
1942,5880,0.875,0.24041562500000002,0.930333694735574,0.27586206896551724,48.33333333333333
1943,6152,0.875,0.17483437500000001,0.9989157932779182,0.27586206896551724,48.33333333333333
1944,21928,0.625,0.1587375,0.9813155041561258,0.27586206896551724,48.33333333333333
1945,5275,0.8625,0.20919375,0.9831104686182388,0.27586206896551724,48.33333333333333
1946,5545,0.8625,0.278125,0.7718949524153716,0.6206896551724137,48.33333333333333
1947,5414,0.8625,0.09375,0.7718949524153716,1.0,48.30588235294117
1948,22569,0.8032250000000001,0.22359999999999997,0.975183712805686,0.27586206896551724,48.24999999999999
1949,2561,0.1125,0.29007499999999997,0.7915190940850501,1.0,48.23529411764705
1950,6094,0.875,0.09375,0.7718949524153716,1.0,48.19999999999999
1951,5003,0.625,0.194553125,0.8788820624021202,1.0,48.17647058823528
1952,22579,0.6961875,0.21969374999999997,0.9777014817491867,0.27586206896551724,48.16666666666666
1953,23816,0.3987375,0.1915875,0.9876761835923381,1.0,48.11764705882352
1954,23259,0.8625,0.168203125,0.9972292494880134,1.0,48.11764705882352
1955,4760,0.625,0.16265000000000002,0.8868570051800987,1.0,48.105882352941165
1956,22593,0.7914375,0.2166,0.9795084929526562,0.0,48.099999999999994
1957,3930,0.375,0.300271875,0.7551740754126008,0.6206896551724137,48.08333333333333
1958,5535,0.8625,0.25,0.6534465727020841,1.0,48.08235294117646
1959,15183,0.8625,0.033780624999999995,0.7456993133357427,0.3448275862068966,48.07692307692307
1960,5656,0.8625,0.038275312500000006,0.762462353933261,0.3448275862068966,48.07692307692307
1961,5606,0.8625,0.278125,0.8796530538489338,0.48275862068965514,48.05882352941177
