rank,node_number,x_n,y_n,z_n,t_n,score
1,16001,0.8625,0.321328125,0.8036742561137211,0.0,11107.887999999997
2,5162,0.625,0.31689375000000003,0.817094325984821,0.6896551724137931,9094.544727272725
3,11399,0.3625,0.95003125,0.7463052644259728,0.0,7777.332555555554
4,10743,0.1125,0.6875,0.789519335019877,0.8275862068965517,7691.999384615384
5,9644,0.875,0.6476875,0.6691205878809782,0.27586206896551724,7000.699299999998
6,22463,0.125,0.22748749999999998,0.984652451511866,0.8275862068965517,6926.307153846153
7,15461,0.72385,0.35278125,0.7695819780749307,0.0,6666.443666666665
8,12567,0.6125,0.8125,0.7023551379351886,0.0,6666.2214444444435
9,12025,0.375,0.920625,0.7658836284784966,0.6896551724137931,6364.2720909090895
10,3915,0.375,0.3328,0.6612275629442236,0.27586206896551724,6012.099299999999
11,18649,0.375,0.2931125,0.8918564028430309,0.13793103448275862,5829.582749999999
12,9215,0.6125,0.34746875,0.7669437417178653,0.3448275862068966,5001.799299999999
13,22026,0.125,0.45565625,0.9714251295024696,0.27586206896551724,5000.099299999999
14,2835,0.125,0.11969062500000001,0.8525719792796047,0.27586206896551724,4999.299299999999
15,2140,0.5625,0.0,0.62643055053608,1.0,4734.67372781065
16,9713,0.875,0.35481250000000003,0.7767256956993133,0.9655172413793103,4550.362999999999
17,10429,0.1125,0.7631875,0.9796651005902903,0.9655172413793103,4545.544818181817
18,11918,0.375,0.684375,0.7872545476448619,0.6896551724137931,4545.27209090909
19,21787,0.15475,0.15991875,0.9818817009998795,0.13793103448275862,4171.83275
20,20664,0.625,0.12128125000000001,0.9623298397783399,0.6206896551724137,4001.399299999999
21,577,0.5625,0.390625,0.62643055053608,0.6206896551724137,3999.1992999999993
22,599,0.1249999999999997,0.375,0.62643055053608,0.27586206896551724,3998.799299999999
23,18634,0.6125,0.27440625,0.9147693049030237,0.8275862068965517,3857.153307692307
24,1342,0.4375,0.421875,0.6023370678231538,0.8275862068965517,3076.691769230769
25,5580,0.8625,0.3390625,0.7157583423683893,0.6206896551724137,2992.9992999999995
26,4478,0.6125,0.1875,0.62643055053608,0.6206896551724137,2990.0992999999994
27,19198,0.3328,0.11616562500000001,0.943235754728346,0.48275862068965514,2733.544818181818
28,13000,0.625,0.939625,0.7330092759908444,0.9655172413793103,2727.453909090909
29,3824,0.375,0.059375,0.8297072641850378,1.0,2354.910414201183
30,12753,0.6125,0.71346875,0.8046500421635947,0.6206896551724137,1999.6992999999995
31,1222,0.4375,0.296875,0.6023370678231538,0.6206896551724137,1999.5992999999996
32,11538,0.3625,0.78125,0.8717383447777376,0.3448275862068966,1999.2992999999997
33,7265,0.1125,0.625,0.7660281893747741,0.48275862068965514,1818.726636363636
34,11751,0.3625,0.6875,0.789519335019877,0.48275862068965514,1817.817545454545
35,8460,0.625,0.40625,0.655524635586074,0.13793103448275862,1664.5827499999998
36,13198,0.625,0.6593125,0.6440983014094687,1.0,1183.0050887573962
37,2403,0.1125,0.125,0.6538959161546801,1.0,1155.2417751479288
38,11136,0.125,0.75,0.7362920130104806,0.48275862068965514,909.1811818181817
39,5622,0.8625,0.23404375000000002,0.8712323816407661,0.13793103448275862,836.6660833333332
40,10132,0.8625,0.4375,0.62643055053608,0.13793103448275862,666.2328333333332
41,7264,0.1125,0.52125,0.9009275990844476,0.6896551724137931,636.2903636363635
42,7589,0.375,0.621875,0.67944103120106,1.0,592.4253254437868
43,7263,0.1125,0.517,0.9166606432959884,0.27586206896551724,499.9093999999999
44,11585,0.3625,0.84375,0.675142753885074,1.0,235.80994082840232
45,2204,0.0,0.109375,0.62643055053608,0.3448275862068966,199.18939999999998
46,2814,0.125,0.042315000000000005,0.7767256956993133,1.0,159.99999999999997
47,15057,0.12499999999999992,0.036905625,0.7740151788941092,1.0,159.05325443786978
48,9077,0.6125,0.496875,0.7276641368509817,0.8275862068965517,154.30723076923076
49,2532,0.1125,0.3125,0.62643055053608,1.0,116.68639053254435
50,18535,0.3625,0.277578125,0.9091555234309118,1.0,115.14792899408282
51,2364,0.1125,0.0625,0.62643055053608,1.0,113.01775147928991
52,3920,0.375,0.3125,0.62643055053608,1.0,111.24260355029584
53,4089,0.375,0.059375,0.62643055053608,1.0,111.12426035502956
54,15053,0.3625,0.036951875,0.7741838332730996,1.0,110.65088757396447
55,2360,0.1125,0.059375,0.62643055053608,1.0,109.34911242603548
56,17281,0.12499999999999992,0.29940625,0.8776894350078304,1.0,109.34911242603548
57,3544,0.3625,0.3125,0.62643055053608,1.0,108.63905325443784
58,2622,0.1125,0.0464478125,0.7905914950006022,1.0,107.92899408284022
59,19853,0.12499999999999992,0.25565625000000003,0.9433080351764848,1.0,107.5739644970414
60,15044,0.125,0.033780624999999995,0.7456993133357427,1.0,106.98224852071003
61,15043,0.14467375,0.0350715625,0.7506083604385013,1.0,106.03550295857985
62,4556,0.6125,0.3125,0.62643055053608,1.0,105.32544378698222
63,5101,0.625,0.059375,0.62643055053608,1.0,105.08875739644968
64,6113,0.875,0.059375,0.62643055053608,1.0,103.78698224852069
65,3582,0.3625,0.278125,0.8796530538489338,1.0,103.78698224852069
66,18535,0.3625,0.277578125,0.9091555234309118,0.13793103448275862,103.58333333333331
67,4384,0.6125,0.059375,0.62643055053608,1.0,103.43195266272187
68,3136,0.125,0.04040375,0.7863028550777015,1.0,102.24852071005915
69,18535,0.3625,0.277578125,0.9091555234309118,0.27586206896551724,102.09999999999998
70,2531,0.1125,0.3125,0.6508384531984098,1.0,101.89349112426034
71,19838,0.3388625,0.2665625,0.9276593181544391,1.0,101.30177514792898
72,18535,0.3625,0.277578125,0.9091555234309118,0.0,101.2222222222222
73,3920,0.375,0.3125,0.62643055053608,0.27586206896551724,99.99999999999999
74,2532,0.1125,0.3125,0.62643055053608,0.3448275862068966,99.99999999999999
75,4932,0.625,0.3125,0.62643055053608,1.0,99.0532544378698
76,5568,0.8625,0.3125,0.62643055053608,1.0,98.93491124260353
77,3076,0.125,0.0625,0.62643055053608,1.0,98.69822485207098
78,18650,0.375,0.2899875,0.8984941573304421,1.0,98.69822485207098
79,2532,0.1125,0.3125,0.62643055053608,0.6206896551724137,97.99999999999999
80,3920,0.375,0.3125,0.62643055053608,0.0,97.77777777777776
81,17278,0.3625,0.29628125,0.8848572461149259,0.0,97.55555555555554
82,3917,0.375,0.3125,0.6508384531984098,1.0,97.15976331360945
83,3920,0.375,0.3125,0.62643055053608,0.3448275862068966,96.99999999999999
84,3372,0.3625,0.059375,0.62643055053608,0.6206896551724137,96.99999999999999
85,3372,0.3625,0.059375,0.62643055053608,0.27586206896551724,96.99999999999999
86,2532,0.1125,0.3125,0.62643055053608,0.27586206896551724,96.99999999999999
87,19854,0.125,0.26811250000000003,0.9252258764004336,1.0,96.80473372781063
88,3372,0.3625,0.059375,0.62643055053608,0.0,96.66666666666664
89,3077,0.125,0.059375,0.62643055053608,1.0,96.15384615384613
90,17319,0.375,0.29940625,0.8635586073966991,1.0,96.094674556213
91,4384,0.6125,0.059375,0.62643055053608,0.0,95.55555555555554
92,2532,0.1125,0.3125,0.62643055053608,0.0,95.55555555555554
93,2813,0.125,0.038275312500000006,0.762462353933261,1.0,95.2662721893491
94,3920,0.375,0.3125,0.62643055053608,0.6206896551724137,94.99999999999999
95,3543,0.3625,0.3125,0.6508384531984098,1.0,94.91124260355028
96,3633,0.3625,0.042315000000000005,0.7767256956993133,1.0,94.792899408284
97,2532,0.1125,0.3125,0.62643055053608,0.6896551724137931,94.54545454545453
98,5396,0.8625,0.059375,0.62643055053608,0.0,94.44444444444443
99,19839,0.3625,0.26811250000000003,0.9252258764004336,1.0,94.31952662721892
100,17239,0.3625,0.299453125,0.8634501867244909,1.0,94.20118343195264
101,4384,0.6125,0.059375,0.62643055053608,0.27586206896551724,93.99999999999999
102,4384,0.6125,0.059375,0.62643055053608,0.6206896551724137,93.99999999999999
103,2360,0.1125,0.059375,0.62643055053608,0.27586206896551724,93.99999999999999
104,5396,0.8625,0.059375,0.62643055053608,0.27586206896551724,93.99999999999999
105,18576,0.125,0.2899875,0.8984941573304421,1.0,93.72781065088755
106,2532,0.1125,0.3125,0.62643055053608,0.9655172413793103,93.63636363636363
107,17278,0.3625,0.29628125,0.8848572461149259,0.27586206896551724,93.39999999999998
108,2360,0.1125,0.059375,0.62643055053608,0.0,93.33333333333331
109,5944,0.875,0.3125,0.62643055053608,1.0,93.01775147928993
110,5396,0.8625,0.059375,0.62643055053608,0.6206896551724137,92.99999999999999
111,3077,0.125,0.059375,0.62643055053608,0.9655172413793103,92.7272727272727
112,6113,0.875,0.059375,0.62643055053608,0.0,92.2222222222222
113,5101,0.625,0.059375,0.62643055053608,0.0,92.2222222222222
114,4555,0.6125,0.3125,0.6508384531984098,1.0,92.18934911242602
115,2360,0.1125,0.059375,0.62643055053608,0.6206896551724137,91.99999999999999
116,3372,0.3625,0.059375,0.62643055053608,1.0,91.36094674556212
117,18576,0.125,0.2899875,0.8984941573304421,0.6206896551724137,91.29999999999998
118,4089,0.375,0.059375,0.62643055053608,0.0,91.11111111111109
119,4089,0.375,0.059375,0.62643055053608,0.27586206896551724,90.99999999999999
120,6113,0.875,0.059375,0.62643055053608,0.27586206896551724,90.99999999999999
121,5101,0.625,0.059375,0.62643055053608,0.27586206896551724,90.99999999999999
122,2532,0.1125,0.3125,0.62643055053608,0.48275862068965514,90.90909090909089
123,19841,0.21412874999999998,0.265409375,0.9294422358751956,1.0,90.5325443786982
124,4089,0.375,0.059375,0.62643055053608,0.6206896551724137,89.99999999999999
125,6113,0.875,0.059375,0.62643055053608,0.6206896551724137,89.99999999999999
126,3077,0.125,0.059375,0.62643055053608,0.27586206896551724,89.99999999999999
127,5101,0.625,0.059375,0.62643055053608,0.6206896551724137,89.99999999999999
128,3077,0.125,0.059375,0.62643055053608,0.0,89.99999999999999
129,3582,0.3625,0.278125,0.8796530538489338,0.27586206896551724,89.79999999999998
130,18550,0.33294999999999997,0.291175,0.882231056499217,1.0,89.46745562130175
131,2621,0.1125,0.042315000000000005,0.7767256956993133,1.0,89.46745562130175
132,18576,0.125,0.2899875,0.8984941573304421,0.3448275862068966,89.29999999999998
133,19846,0.332925,0.269296875,0.9233224912661124,1.0,89.23076923076921
134,19873,0.12499999999999992,0.25565625000000003,0.9560293940489097,1.0,89.11242603550293
135,17239,0.3625,0.299453125,0.8634501867244909,0.0,89.1111111111111
136,3544,0.3625,0.3125,0.62643055053608,0.9655172413793103,89.09090909090908
137,3544,0.3625,0.3125,0.62643055053608,0.3448275862068966,88.99999999999999
138,4932,0.625,0.3125,0.62643055053608,0.27586206896551724,88.99999999999999
139,19866,0.273375,0.258378125,0.9396458258041199,1.0,88.75739644970412
140,3632,0.3625,0.038275312500000006,0.762462353933261,1.0,88.63905325443785
141,19838,0.3388625,0.2665625,0.9276593181544391,0.6206896551724137,88.49999999999999
142,19837,0.31515,0.26500625,0.9300566196843754,1.0,88.4023668639053
143,2908,0.125,0.3125,0.62643055053608,1.0,88.28402366863904
144,3920,0.375,0.3125,0.62643055053608,0.48275862068965514,88.18181818181817
145,3917,0.375,0.3125,0.6508384531984098,0.27586206896551724,87.99999999999999
146,3372,0.3625,0.059375,0.62643055053608,0.3448275862068966,87.99999999999999
147,4556,0.6125,0.3125,0.62643055053608,0.27586206896551724,87.99999999999999
148,17239,0.3625,0.299453125,0.8634501867244909,0.6206896551724137,87.59999999999998
149,19838,0.3388625,0.2665625,0.9276593181544391,0.3448275862068966,87.59999999999998
150,19847,0.30322499999999997,0.26735000000000003,0.9264305505360798,1.0,87.45562130177512
151,4929,0.625,0.3125,0.6508384531984098,1.0,87.33727810650886
152,3920,0.375,0.3125,0.62643055053608,0.9655172413793103,87.27272727272725
153,3920,0.375,0.3125,0.62643055053608,0.6896551724137931,87.27272727272725
154,5400,0.8625,0.0625,0.62643055053608,1.0,87.21893491124258
155,3544,0.3625,0.3125,0.62643055053608,0.27586206896551724,86.99999999999999
156,3077,0.125,0.059375,0.62643055053608,0.6206896551724137,86.99999999999999
157,17239,0.3625,0.299453125,0.8634501867244909,0.3448275862068966,86.99999999999999
158,4556,0.6125,0.3125,0.62643055053608,0.3448275862068966,86.99999999999999
159,2816,0.125,0.0506703125,0.8040477050957715,1.0,86.98224852071004
160,19872,0.125,0.26811250000000003,0.9382363570654136,1.0,86.86390532544377
161,3917,0.375,0.3125,0.6508384531984098,0.0,86.66666666666664
162,4932,0.625,0.3125,0.62643055053608,0.0,86.66666666666664
163,19865,0.3031125,0.256428125,0.9422840621611853,1.0,86.50887573964495
164,19852,0.14877,0.257215625,0.9412239489218166,1.0,86.39053254437869
165,3544,0.3625,0.3125,0.62643055053608,0.6896551724137931,86.36363636363635
166,2360,0.1125,0.059375,0.62643055053608,0.9655172413793103,86.36363636363635
167,19840,0.24392624999999998,0.263459375,0.9323816407661726,1.0,86.27218934911241
168,19946,0.375,0.26811250000000003,0.9382363570654136,1.0,86.27218934911241
169,2531,0.1125,0.3125,0.6508384531984098,0.3448275862068966,86.09999999999998
170,3544,0.3625,0.3125,0.62643055053608,0.6206896551724137,85.99999999999999
171,4384,0.6125,0.059375,0.62643055053608,0.3448275862068966,85.99999999999999
172,5396,0.8625,0.059375,0.62643055053608,0.3448275862068966,85.99999999999999
173,4932,0.625,0.3125,0.62643055053608,0.3448275862068966,85.99999999999999
174,19838,0.3388625,0.2665625,0.9276593181544391,0.0,85.88888888888887
175,4092,0.375,0.059375,0.6508384531984098,1.0,85.79881656804731
176,4388,0.6125,0.0625,0.62643055053608,1.0,85.79881656804731
177,3372,0.3625,0.059375,0.62643055053608,0.48275862068965514,85.45454545454544
178,3077,0.125,0.059375,0.62643055053608,0.6896551724137931,85.45454545454544
179,6112,0.875,0.0625,0.62643055053608,1.0,85.4437869822485
180,17319,0.375,0.29940625,0.8635586073966991,0.6206896551724137,85.29999999999998
181,5568,0.8625,0.3125,0.62643055053608,0.27586206896551724,84.99999999999999
182,4556,0.6125,0.3125,0.62643055053608,0.6206896551724137,84.99999999999999
183,2531,0.1125,0.3125,0.6508384531984098,0.27586206896551724,84.99999999999999
184,18557,0.12499999999999992,0.27753125,0.9092398506204071,0.6206896551724137,84.79999999999998
185,2531,0.1125,0.3125,0.6508384531984098,0.6206896551724137,84.79999999999998
186,2278,0.1125,0.294746875,0.8743645343934465,1.0,84.73372781065088
187,17239,0.3625,0.299453125,0.8634501867244909,0.27586206896551724,84.69999999999999
188,19848,0.2736375,0.265409375,0.9294422358751956,1.0,84.6153846153846
189,4089,0.375,0.059375,0.62643055053608,0.9655172413793103,84.54545454545453
190,4556,0.6125,0.3125,0.62643055053608,0.0,84.44444444444443
191,3583,0.3625,0.278125,0.8578604987350921,1.0,84.39053254437869
192,3920,0.375,0.3125,0.62643055053608,0.13793103448275862,84.16666666666666
193,5567,0.8625,0.3125,0.6508384531984098,1.0,84.1420118343195
194,19839,0.3625,0.26811250000000003,0.9252258764004336,0.6206896551724137,84.09999999999998
195,3917,0.375,0.3125,0.6508384531984098,0.3448275862068966,83.99999999999999
196,5568,0.8625,0.3125,0.62643055053608,0.3448275862068966,83.99999999999999
197,2908,0.125,0.3125,0.62643055053608,0.27586206896551724,83.99999999999999
198,4932,0.625,0.3125,0.62643055053608,0.6206896551724137,83.99999999999999
199,19838,0.3388625,0.2665625,0.9276593181544391,0.27586206896551724,83.89999999999999
200,18557,0.12499999999999992,0.27753125,0.9092398506204071,0.3448275862068966,83.69999999999999
201,4384,0.6125,0.059375,0.62643055053608,0.9655172413793103,83.63636363636363
202,4384,0.6125,0.059375,0.62643055053608,0.48275862068965514,83.63636363636363
203,5396,0.8625,0.059375,0.62643055053608,0.9655172413793103,83.63636363636363
204,2531,0.1125,0.3125,0.6508384531984098,0.9655172413793103,83.63636363636363
205,17319,0.375,0.29940625,0.8635586073966991,0.3448275862068966,83.59999999999998
206,19858,0.24375,0.260321875,0.9369232622575593,1.0,83.3136094674556
207,2356,0.1125,0.059375,0.6508384531984098,1.0,83.19526627218933
208,3582,0.3625,0.278125,0.8796530538489338,0.0,83.1111111111111
209,5944,0.875,0.3125,0.62643055053608,0.27586206896551724,82.99999999999999
210,2360,0.1125,0.059375,0.62643055053608,0.3448275862068966,82.99999999999999
211,2908,0.125,0.3125,0.62643055053608,0.3448275862068966,82.99999999999999
212,19848,0.2736375,0.265409375,0.9294422358751956,0.0,82.99999999999999
213,5396,0.8625,0.059375,0.62643055053608,0.48275862068965514,82.72727272727272
214,4556,0.6125,0.3125,0.62643055053608,0.9655172413793103,82.72727272727272
215,2531,0.1125,0.3125,0.6508384531984098,0.6896551724137931,82.72727272727272
216,19853,0.12499999999999992,0.25565625000000003,0.9433080351764848,0.9655172413793103,82.63636363636363
217,18550,0.33294999999999997,0.291175,0.882231056499217,0.0,82.33333333333331
218,19839,0.3625,0.26811250000000003,0.9252258764004336,0.3448275862068966,82.29999999999998
219,3544,0.3625,0.3125,0.62643055053608,0.0,82.2222222222222
220,2531,0.1125,0.3125,0.6508384531984098,0.0,82.2222222222222
221,5104,0.625,0.059375,0.6508384531984098,1.0,82.01183431952661
222,3917,0.375,0.3125,0.6508384531984098,0.6206896551724137,81.99999999999999
223,5101,0.625,0.059375,0.62643055053608,0.3448275862068966,81.99999999999999
224,6113,0.875,0.059375,0.62643055053608,0.9655172413793103,81.8181818181818
225,3582,0.3625,0.278125,0.8796530538489338,0.9655172413793103,81.8181818181818
226,2360,0.1125,0.059375,0.62643055053608,0.48275862068965514,81.8181818181818
227,4556,0.6125,0.3125,0.62643055053608,0.6896551724137931,81.8181818181818
228,5101,0.625,0.059375,0.62643055053608,0.9655172413793103,81.8181818181818
229,18551,0.3032375,0.289225,0.8863871822671968,1.0,81.77514792899406
230,19839,0.3625,0.26811250000000003,0.9252258764004336,0.0,81.44444444444443
231,3299,0.3625,0.28125,0.8367546078785688,1.0,81.30177514792898
232,5941,0.875,0.3125,0.6508384531984098,1.0,81.1834319526627
233,5944,0.875,0.3125,0.62643055053608,0.0,81.1111111111111
234,2908,0.125,0.3125,0.62643055053608,0.0,81.1111111111111
235,4089,0.375,0.059375,0.62643055053608,0.3448275862068966,80.99999999999999
236,5944,0.875,0.3125,0.62643055053608,0.3448275862068966,80.99999999999999
237,6113,0.875,0.059375,0.62643055053608,0.3448275862068966,80.99999999999999
238,5568,0.8625,0.3125,0.62643055053608,0.6206896551724137,80.99999999999999
239,2908,0.125,0.3125,0.62643055053608,0.6206896551724137,80.99999999999999
240,18535,0.3625,0.277578125,0.9091555234309118,0.6206896551724137,80.89999999999999
241,2879,0.125,0.309375,0.8107697867726779,1.0,80.82840236686388
242,2532,0.1125,0.3125,0.62643055053608,0.8275862068965517,80.76923076923076
243,4380,0.6125,0.059375,0.6508384531984098,1.0,80.59171597633134
244,19946,0.375,0.26811250000000003,0.9382363570654136,0.27586206896551724,80.49999999999999
245,21135,0.3625,0.24623750000000003,0.9547885796891941,1.0,80.3550295857988
246,19853,0.12499999999999992,0.25565625000000003,0.9433080351764848,0.6896551724137931,80.27272727272727
247,3582,0.3625,0.278125,0.8796530538489338,0.13793103448275862,79.99999999999999
248,6113,0.875,0.059375,0.62643055053608,0.48275862068965514,79.99999999999999
249,4088,0.375,0.0625,0.62643055053608,0.6206896551724137,79.99999999999999
250,3076,0.125,0.0625,0.62643055053608,0.27586206896551724,79.99999999999999
251,4088,0.375,0.0625,0.62643055053608,0.0,79.99999999999999
252,5568,0.8625,0.3125,0.62643055053608,0.0,79.99999999999999
253,6116,0.875,0.059375,0.6508384531984098,1.0,79.88165680473371
254,2806,0.125,0.040591875,0.7470545717383447,1.0,79.88165680473371
255,2905,0.125,0.3125,0.6508384531984098,1.0,79.76331360946745
256,18550,0.33294999999999997,0.291175,0.882231056499217,0.6206896551724137,79.49999999999999
257,19838,0.3388625,0.2665625,0.9276593181544391,0.48275862068965514,79.45454545454544
258,19847,0.30322499999999997,0.26735000000000003,0.9264305505360798,0.0,79.44444444444443
259,19834,0.2914125,0.260353125,0.9368871220334899,1.0,79.40828402366863
260,18535,0.3625,0.277578125,0.9091555234309118,0.3448275862068966,79.29999999999998
261,3544,0.3625,0.3125,0.62643055053608,0.8275862068965517,79.23076923076923
262,3099,0.125,0.29553124999999997,0.8865317431634743,1.0,79.17159763313607
263,4089,0.375,0.059375,0.62643055053608,0.48275862068965514,79.09090909090908
264,3582,0.3625,0.278125,0.8796530538489338,0.6896551724137931,79.09090909090908
265,3544,0.3625,0.3125,0.62643055053608,0.48275862068965514,79.09090909090908
266,3372,0.3625,0.059375,0.62643055053608,0.9655172413793103,79.09090909090908
267,2364,0.1125,0.0625,0.62643055053608,0.9655172413793103,79.09090909090908
268,5101,0.625,0.059375,0.62643055053608,0.48275862068965514,79.09090909090908
269,3922,0.375,0.309375,0.7059462715335502,1.0,79.05325443786981
270,5100,0.625,0.0625,0.62643055053608,1.0,79.05325443786981
271,4088,0.375,0.0625,0.62643055053608,0.27586206896551724,78.99999999999999
272,5944,0.875,0.3125,0.62643055053608,0.6206896551724137,78.99999999999999
273,3077,0.125,0.059375,0.62643055053608,0.3448275862068966,78.99999999999999
274,17337,0.375,0.29628125,0.8708709794000722,1.0,78.93491124260353
275,3582,0.3625,0.278125,0.8796530538489338,0.6206896551724137,78.89999999999999
276,6112,0.875,0.0625,0.62643055053608,0.0,78.88888888888887
277,3076,0.125,0.0625,0.62643055053608,0.0,78.88888888888887
278,18550,0.33294999999999997,0.291175,0.882231056499217,0.3448275862068966,78.69999999999999
279,2363,0.1125,0.0625,0.65293579086857,1.0,78.57988165680472
280,18575,0.125,0.2931125,0.8918564028430309,1.0,78.46153846153844
281,19840,0.24392624999999998,0.263459375,0.9323816407661726,0.0,78.44444444444443
282,18650,0.375,0.2899875,0.8984941573304421,0.6206896551724137,78.39999999999999
283,19866,0.273375,0.258378125,0.9396458258041199,0.6206896551724137,78.19999999999999
284,2360,0.1125,0.059375,0.62643055053608,0.6896551724137931,78.18181818181817
285,4556,0.6125,0.3125,0.62643055053608,0.48275862068965514,78.18181818181817
286,2531,0.1125,0.3125,0.6508384531984098,0.48275862068965514,78.18181818181817
287,4932,0.625,0.3125,0.62643055053608,0.6896551724137931,78.18181818181817
288,4932,0.625,0.3125,0.62643055053608,0.48275862068965514,78.18181818181817
289,3538,0.3625,0.309375,0.7059462715335502,1.0,78.10650887573962
290,17239,0.3625,0.299453125,0.8634501867244909,0.48275862068965514,77.99999999999999
291,6112,0.875,0.0625,0.62643055053608,0.6206896551724137,77.99999999999999
292,3543,0.3625,0.3125,0.6508384531984098,0.27586206896551724,77.99999999999999
293,5100,0.625,0.0625,0.62643055053608,0.6206896551724137,77.99999999999999
294,5100,0.625,0.0625,0.62643055053608,0.27586206896551724,77.99999999999999
295,4929,0.625,0.3125,0.6508384531984098,0.27586206896551724,77.99999999999999
296,18557,0.12499999999999992,0.27753125,0.9092398506204071,1.0,77.98816568047336
297,5100,0.625,0.0625,0.62643055053608,0.0,77.77777777777776
298,18557,0.12499999999999992,0.27753125,0.9092398506204071,0.48275862068965514,77.54545454545453
299,19859,0.21412,0.258378125,0.9396458258041199,1.0,77.51479289940826
300,19837,0.31515,0.26500625,0.9300566196843754,0.0,77.44444444444443
301,19866,0.273375,0.258378125,0.9396458258041199,0.3448275862068966,77.39999999999999
302,18650,0.375,0.2899875,0.8984941573304421,0.3448275862068966,77.29999999999998
303,15117,0.375,0.036905625,0.7574509095289723,1.0,77.27810650887572
304,5568,0.8625,0.3125,0.62643055053608,0.9655172413793103,77.27272727272727
305,5568,0.8625,0.3125,0.62643055053608,0.6896551724137931,77.27272727272727
306,4932,0.625,0.3125,0.62643055053608,0.9655172413793103,77.27272727272727
307,2879,0.125,0.309375,0.8107697867726779,0.0,77.2222222222222
308,18552,0.27366250000000003,0.287284375,0.8904228406216118,1.0,77.15976331360945
309,19833,0.315125,0.25880000000000003,0.9390555354776532,1.0,77.15976331360945
310,18567,0.3625,0.27440625,0.9147693049030237,0.0,77.1111111111111
311,19866,0.273375,0.258378125,0.9396458258041199,0.0,77.1111111111111
312,19946,0.375,0.26811250000000003,0.9382363570654136,0.0,77.1111111111111
313,17281,0.12499999999999992,0.29940625,0.8776894350078304,0.6206896551724137,77.09999999999998
314,17281,0.12499999999999992,0.29940625,0.8776894350078304,0.3448275862068966,77.09999999999998
315,6112,0.875,0.0625,0.62643055053608,0.27586206896551724,76.99999999999999
316,3543,0.3625,0.3125,0.6508384531984098,0.3448275862068966,76.99999999999999
317,3368,0.3625,0.059375,0.6508384531984098,0.27586206896551724,76.99999999999999
318,4555,0.6125,0.3125,0.6508384531984098,0.27586206896551724,76.99999999999999
319,3077,0.125,0.059375,0.62643055053608,0.8275862068965517,76.9230769230769
320,18576,0.125,0.2899875,0.8984941573304421,0.48275862068965514,76.90909090909089
321,19835,0.267775,0.2619,0.9346705216239007,1.0,76.80473372781063
322,3582,0.3625,0.278125,0.8796530538489338,0.3448275862068966,76.79999999999998
323,4388,0.6125,0.0625,0.62643055053608,0.0,76.66666666666666
324,5400,0.8625,0.0625,0.62643055053608,0.0,76.66666666666666
325,4929,0.625,0.3125,0.6508384531984098,0.0,76.66666666666666
326,19854,0.125,0.26811250000000003,0.9252258764004336,0.9655172413793103,76.63636363636363
327,19831,0.3625,0.25570312500000003,0.9432478014697024,0.0,76.55555555555554
328,4089,0.375,0.059375,0.62643055053608,0.6896551724137931,76.36363636363635
329,3917,0.375,0.3125,0.6508384531984098,0.6896551724137931,76.36363636363635
330,3917,0.375,0.3125,0.6508384531984098,0.48275862068965514,76.36363636363635
331,3543,0.3625,0.3125,0.6508384531984098,0.9655172413793103,76.36363636363635
332,3077,0.125,0.059375,0.62643055053608,0.48275862068965514,76.36363636363635
333,2908,0.125,0.3125,0.62643055053608,0.48275862068965514,76.36363636363635
334,17261,0.12499999999999992,0.29940625,0.8635586073966991,1.0,76.21301775147927
335,19848,0.2736375,0.265409375,0.9294422358751956,0.27586206896551724,76.19999999999999
336,17278,0.3625,0.29628125,0.8848572461149259,0.48275862068965514,75.99999999999999
337,2364,0.1125,0.0625,0.62643055053608,0.27586206896551724,75.99999999999999
338,5400,0.8625,0.0625,0.62643055053608,0.27586206896551724,75.99999999999999
339,18567,0.3625,0.27440625,0.9147693049030237,0.27586206896551724,75.99999999999999
340,19847,0.30322499999999997,0.26735000000000003,0.9264305505360798,0.27586206896551724,75.99999999999999
341,2532,0.1125,0.3125,0.62643055053608,0.13793103448275862,75.83333333333333
342,19865,0.3031125,0.256428125,0.9422840621611853,0.0,75.77777777777776
343,3368,0.3625,0.059375,0.6508384531984098,1.0,75.73964497041419
344,17337,0.375,0.29628125,0.8708709794000722,0.6206896551724137,75.69999999999999
345,2879,0.125,0.309375,0.8107697867726779,0.27586206896551724,75.69999999999999
346,19837,0.31515,0.26500625,0.9300566196843754,0.6206896551724137,75.69999999999999
347,18557,0.12499999999999992,0.27753125,0.9092398506204071,0.9655172413793103,75.63636363636363
348,19838,0.3388625,0.2665625,0.9276593181544391,0.9655172413793103,75.63636363636363
349,3634,0.3625,0.0464478125,0.7905914950006022,1.0,75.62130177514791
350,3376,0.3625,0.0625,0.62643055053608,0.0,75.55555555555554
351,3368,0.3625,0.059375,0.6508384531984098,0.0,75.55555555555554
352,2364,0.1125,0.0625,0.62643055053608,0.0,75.55555555555554
353,19858,0.24375,0.260321875,0.9369232622575593,0.0,75.55555555555554
354,3917,0.375,0.3125,0.6508384531984098,0.9655172413793103,75.45454545454544
355,5568,0.8625,0.3125,0.62643055053608,0.48275862068965514,75.45454545454544
356,5396,0.8625,0.059375,0.62643055053608,0.6896551724137931,75.45454545454544
357,19873,0.12499999999999992,0.25565625000000003,0.9560293940489097,0.9655172413793103,75.27272727272727
358,19832,0.3387875,0.25725312499999997,0.9411757619563906,0.0,75.2222222222222
359,19841,0.21412874999999998,0.265409375,0.9294422358751956,0.0,75.1111111111111
360,18562,0.24375,0.282196875,0.9005300566196843,1.0,75.02958579881656
361,4089,0.375,0.059375,0.62643055053608,0.13793103448275862,74.99999999999999
362,6113,0.875,0.059375,0.62643055053608,0.13793103448275862,74.99999999999999
363,3372,0.3625,0.059375,0.62643055053608,0.13793103448275862,74.99999999999999
364,4384,0.6125,0.059375,0.62643055053608,0.13793103448275862,74.99999999999999
365,2360,0.1125,0.059375,0.62643055053608,0.13793103448275862,74.99999999999999
366,5396,0.8625,0.059375,0.62643055053608,0.13793103448275862,74.99999999999999
367,5101,0.625,0.059375,0.62643055053608,0.13793103448275862,74.99999999999999
368,4932,0.625,0.3125,0.62643055053608,0.13793103448275862,74.99999999999999
369,3543,0.3625,0.3125,0.6508384531984098,0.6206896551724137,74.99999999999999
370,3368,0.3625,0.059375,0.6508384531984098,0.6206896551724137,74.99999999999999
371,4388,0.6125,0.0625,0.62643055053608,0.27586206896551724,74.99999999999999
372,5567,0.8625,0.3125,0.6508384531984098,0.27586206896551724,74.99999999999999
373,4555,0.6125,0.3125,0.6508384531984098,0.3448275862068966,74.99999999999999
374,19839,0.3625,0.26811250000000003,0.9252258764004336,0.27586206896551724,74.99999999999999
375,4929,0.625,0.3125,0.6508384531984098,0.3448275862068966,74.99999999999999
376,19837,0.31515,0.26500625,0.9300566196843754,0.3448275862068966,74.89999999999999
377,18550,0.33294999999999997,0.291175,0.882231056499217,0.27586206896551724,74.79999999999998
378,15046,0.342825,0.0350715625,0.7506083604385013,1.0,74.792899408284
379,19854,0.125,0.26811250000000003,0.9252258764004336,0.6896551724137931,74.72727272727272
380,17270,0.125,0.29628125,0.8708709794000722,1.0,74.55621301775146
381,2278,0.1125,0.294746875,0.8743645343934465,0.0,74.55555555555554
382,3543,0.3625,0.3125,0.6508384531984098,0.6896551724137931,74.54545454545453
383,4384,0.6125,0.059375,0.62643055053608,0.6896551724137931,74.54545454545453
384,19838,0.3388625,0.2665625,0.9276593181544391,0.6896551724137931,74.54545454545453
385,5101,0.625,0.059375,0.62643055053608,0.6896551724137931,74.54545454545453
386,17337,0.375,0.29628125,0.8708709794000722,0.48275862068965514,74.45454545454544
387,3543,0.3625,0.3125,0.6508384531984098,0.0,74.44444444444443
388,4380,0.6125,0.059375,0.6508384531984098,0.0,74.44444444444443
389,5392,0.8625,0.059375,0.6508384531984098,0.0,74.44444444444443
390,4555,0.6125,0.3125,0.6508384531984098,0.0,74.44444444444443
391,19873,0.12499999999999992,0.25565625000000003,0.9560293940489097,0.6896551724137931,74.36363636363635
392,2910,0.125,0.309375,0.7059462715335502,1.0,74.20118343195264
393,3570,0.3625,0.309375,0.8107697867726779,1.0,74.18934911242602
394,3917,0.375,0.3125,0.6508384531984098,0.13793103448275862,74.16666666666666
395,4380,0.6125,0.059375,0.6508384531984098,0.27586206896551724,73.99999999999999
396,4388,0.6125,0.0625,0.62643055053608,0.6206896551724137,73.99999999999999
397,3076,0.125,0.0625,0.62643055053608,0.6206896551724137,73.99999999999999
398,17337,0.375,0.29628125,0.8708709794000722,0.3448275862068966,73.99999999999999
399,2905,0.125,0.3125,0.6508384531984098,0.3448275862068966,73.99999999999999
400,5400,0.8625,0.0625,0.62643055053608,0.6206896551724137,73.99999999999999
401,5392,0.8625,0.059375,0.6508384531984098,0.27586206896551724,73.99999999999999
402,4555,0.6125,0.3125,0.6508384531984098,0.6206896551724137,73.99999999999999
403,19848,0.2736375,0.265409375,0.9294422358751956,0.6206896551724137,73.99999999999999
404,4929,0.625,0.3125,0.6508384531984098,0.6206896551724137,73.99999999999999
405,19864,0.33276249999999996,0.25448125,0.9448379713287555,1.0,73.84615384615383
406,18535,0.3625,0.277578125,0.9091555234309118,0.48275862068965514,73.81818181818181
407,3356,0.3625,0.04040375,0.7863028550777015,1.0,73.72781065088756
408,19832,0.3387875,0.25725312499999997,0.9411757619563906,0.6206896551724137,73.69999999999999
409,19837,0.31515,0.26500625,0.9300566196843754,0.27586206896551724,73.69999999999999
410,5944,0.875,0.3125,0.62643055053608,0.6896551724137931,73.63636363636363
411,6113,0.875,0.059375,0.62643055053608,0.6896551724137931,73.63636363636363
412,2364,0.1125,0.0625,0.62643055053608,0.6896551724137931,73.63636363636363
413,15015,0.3625,0.04936375,0.7999638597759305,1.0,73.60946745562129
414,2278,0.1125,0.294746875,0.8743645343934465,0.13793103448275862,73.58333333333333
415,18551,0.3032375,0.289225,0.8863871822671968,0.0,73.55555555555554
416,18549,0.3625,0.2931125,0.8780026502830983,1.0,73.49112426035501
417,19836,0.2915,0.26345625,0.9323816407661726,1.0,73.49112426035501
418,19841,0.21412874999999998,0.265409375,0.9294422358751956,0.6206896551724137,73.39999999999999
419,19848,0.2736375,0.265409375,0.9294422358751956,0.3448275862068966,73.39999999999999
420,19832,0.3387875,0.25725312499999997,0.9411757619563906,1.0,73.37278106508874
421,19946,0.375,0.26811250000000003,0.9382363570654136,0.13793103448275862,73.33333333333333
422,18557,0.12499999999999992,0.27753125,0.9092398506204071,0.0,73.33333333333331
423,18563,0.21414625000000004,0.28025625,0.904216359474762,1.0,73.25443786982247
424,19866,0.273375,0.258378125,0.9396458258041199,0.27586206896551724,73.19999999999999
425,18539,0.267775,0.283775,0.8974701843151427,1.0,73.13609467455619
426,4934,0.625,0.309375,0.7059462715335502,1.0,73.13609467455619
427,19853,0.12499999999999992,0.25565625000000003,0.9433080351764848,0.8275862068965517,73.07692307692307
428,3163,0.125,0.25,0.9282857487049753,0.9655172413793103,72.99999999999999
429,4088,0.375,0.0625,0.62643055053608,0.3448275862068966,72.99999999999999
430,5941,0.875,0.3125,0.6508384531984098,0.27586206896551724,72.99999999999999
431,3376,0.3625,0.0625,0.62643055053608,0.6206896551724137,72.99999999999999
432,3376,0.3625,0.0625,0.62643055053608,0.27586206896551724,72.99999999999999
433,4380,0.6125,0.059375,0.6508384531984098,0.6206896551724137,72.99999999999999
434,2356,0.1125,0.059375,0.6508384531984098,0.27586206896551724,72.99999999999999
435,2905,0.125,0.3125,0.6508384531984098,0.27586206896551724,72.99999999999999
436,19832,0.3387875,0.25725312499999997,0.9411757619563906,0.3448275862068966,72.89999999999999
437,19840,0.24392624999999998,0.263459375,0.9323816407661726,0.6206896551724137,72.89999999999999
438,3163,0.125,0.25,0.9282857487049753,1.0,72.89940828402365
439,18557,0.12499999999999992,0.27753125,0.9092398506204071,0.6896551724137931,72.81818181818181
440,19831,0.3625,0.25570312500000003,0.9432478014697024,0.6206896551724137,72.79999999999998
441,3937,0.375,0.28125,0.62643055053608,1.0,72.78106508875739
442,18540,0.29151249999999995,0.28533125,0.8943741717865318,1.0,72.78106508875739
443,17278,0.3625,0.29628125,0.8848572461149259,0.13793103448275862,72.74999999999999
444,5944,0.875,0.3125,0.62643055053608,0.9655172413793103,72.72727272727272
445,5944,0.875,0.3125,0.62643055053608,0.48275862068965514,72.72727272727272
446,3076,0.125,0.0625,0.62643055053608,0.9655172413793103,72.72727272727272
447,2908,0.125,0.3125,0.62643055053608,0.6896551724137931,72.72727272727272
448,5392,0.8625,0.059375,0.6508384531984098,0.6206896551724137,72.69999999999999
449,2361,0.1125,0.0625,0.7059462715335502,1.0,72.698224852071
450,19831,0.3625,0.25570312500000003,0.9432478014697024,1.0,72.66272189349111
451,3299,0.3625,0.28125,0.8367546078785688,0.27586206896551724,72.59999999999998
452,19841,0.21412874999999998,0.265409375,0.9294422358751956,0.3448275862068966,72.59999999999998
453,17278,0.3625,0.29628125,0.8848572461149259,0.9655172413793103,72.54545454545453
454,3104,0.125,0.262071875,0.9472834598241175,1.0,72.54437869822483
455,4556,0.6125,0.3125,0.62643055053608,0.13793103448275862,72.49999999999999
456,19840,0.24392624999999998,0.263459375,0.9323816407661726,0.3448275862068966,72.49999999999999
457,18541,0.31515,0.28688125000000003,0.8912420190338513,1.0,72.42603550295857
458,19865,0.3031125,0.256428125,0.9422840621611853,0.6206896551724137,72.39999999999999
459,2531,0.1125,0.3125,0.6508384531984098,0.8275862068965517,72.30769230769229
460,3583,0.3625,0.278125,0.8578604987350921,0.27586206896551724,72.29999999999998
461,4092,0.375,0.059375,0.6508384531984098,0.0,72.22222222222221
462,6116,0.875,0.059375,0.6508384531984098,0.0,72.22222222222221
463,2356,0.1125,0.059375,0.6508384531984098,0.0,72.22222222222221
464,5104,0.625,0.059375,0.6508384531984098,0.0,72.22222222222221
465,19859,0.21412,0.258378125,0.9396458258041199,0.0,72.22222222222221
466,19841,0.21412874999999998,0.265409375,0.9294422358751956,0.9655172413793103,72.18181818181817
467,18549,0.3625,0.2931125,0.8780026502830983,0.0,72.1111111111111
468,19845,0.3625,0.2712375,0.9201421515480062,1.0,72.07100591715975
469,4092,0.375,0.059375,0.6508384531984098,0.27586206896551724,71.99999999999999
470,6116,0.875,0.059375,0.6508384531984098,0.27586206896551724,71.99999999999999
471,2356,0.1125,0.059375,0.6508384531984098,0.6206896551724137,71.99999999999999
472,5567,0.8625,0.3125,0.6508384531984098,0.3448275862068966,71.99999999999999
473,2905,0.125,0.3125,0.6508384531984098,0.6206896551724137,71.99999999999999
474,5104,0.625,0.059375,0.6508384531984098,0.27586206896551724,71.99999999999999
475,18544,0.24392624999999998,0.28533437500000003,0.8943741717865318,1.0,71.95266272189347
476,19839,0.3625,0.26811250000000003,0.9252258764004336,0.48275862068965514,71.90909090909089
477,4088,0.375,0.0625,0.62643055053608,0.48275862068965514,71.81818181818181
478,3080,0.125,0.059375,0.6508384531984098,0.9655172413793103,71.81818181818181
479,4555,0.6125,0.3125,0.6508384531984098,0.9655172413793103,71.81818181818181
480,18571,0.3625,0.2899875,0.8984941573304421,0.13793103448275862,71.74999999999999
481,2820,0.125,0.038920937499999995,0.7352017829177208,1.0,71.71597633136093
482,19865,0.3031125,0.256428125,0.9422840621611853,0.27586206896551724,71.69999999999999
483,6679,0.125,0.34684375,0.7478014697024454,0.8275862068965517,71.69230769230768
484,5568,0.8625,0.3125,0.62643055053608,0.13793103448275862,71.66666666666666
485,2278,0.1125,0.294746875,0.8743645343934465,0.27586206896551724,71.59999999999998
486,19840,0.24392624999999998,0.263459375,0.9323816407661726,0.27586206896551724,71.59999999999998
487,18570,0.27335000000000004,0.28025625,0.904216359474762,1.0,71.47928994082838
488,19831,0.3625,0.25570312500000003,0.9432478014697024,0.3448275862068966,71.39999999999999
489,3105,0.125,0.2550875,0.9567642452716538,0.9655172413793103,71.36363636363635
490,4550,0.6125,0.309375,0.7059462715335502,1.0,71.36094674556212
491,21137,0.21414999999999998,0.24353125000000003,0.957752078062884,1.0,71.36094674556212
492,18536,0.33876249999999997,0.279128125,0.9063124924707866,1.0,71.24260355029584
493,2822,0.125,0.0328125,0.735933020118058,1.0,71.24260355029584
494,19841,0.21412874999999998,0.265409375,0.9294422358751956,0.6896551724137931,71.18181818181817
495,5941,0.875,0.3125,0.6508384531984098,0.0,71.1111111111111
496,5567,0.8625,0.3125,0.6508384531984098,0.0,71.1111111111111
497,2905,0.125,0.3125,0.6508384531984098,0.0,71.1111111111111
498,19865,0.3031125,0.256428125,0.9422840621611853,0.3448275862068966,71.09999999999998
499,18569,0.3031,0.278303125,0.9078303818817011,1.0,71.0059171597633
500,3582,0.3625,0.278125,0.8796530538489338,0.48275862068965514,70.99999999999999
501,6112,0.875,0.0625,0.62643055053608,0.3448275862068966,70.99999999999999
502,5100,0.625,0.0625,0.62643055053608,0.3448275862068966,70.99999999999999
503,6112,0.875,0.0625,0.62643055053608,0.9655172413793103,70.90909090909089
504,18550,0.33294999999999997,0.291175,0.882231056499217,0.48275862068965514,70.90909090909089
505,4555,0.6125,0.3125,0.6508384531984098,0.6896551724137931,70.90909090909089
506,5944,0.875,0.3125,0.62643055053608,0.13793103448275862,70.83333333333333
507,18562,0.24375,0.282196875,0.9005300566196843,0.0,70.77777777777776
508,3920,0.375,0.3125,0.62643055053608,0.8275862068965517,70.76923076923076
509,15076,0.1486025,0.038454375,0.7795205396940127,1.0,70.76923076923076
510,15045,0.3625,0.033780624999999995,0.7456993133357427,1.0,70.65088757396448
511,19866,0.273375,0.258378125,0.9396458258041199,0.48275862068965514,70.63636363636363
512,19858,0.24375,0.260321875,0.9369232622575593,0.6206896551724137,70.59999999999998
513,19866,0.273375,0.258378125,0.9396458258041199,0.9655172413793103,70.45454545454544
514,3299,0.3625,0.28125,0.8367546078785688,0.0,70.44444444444443
515,19831,0.3625,0.25570312500000003,0.9432478014697024,0.27586206896551724,70.29999999999998
516,19858,0.24375,0.260321875,0.9369232622575593,0.3448275862068966,70.29999999999998
517,18567,0.3625,0.27440625,0.9147693049030237,1.0,70.29585798816566
518,3285,0.3625,0.25,0.9282857487049753,0.0,70.1111111111111
519,19833,0.315125,0.25880000000000003,0.9390555354776532,0.0,70.1111111111111
520,17319,0.375,0.29940625,0.8635586073966991,0.48275862068965514,70.09090909090908
521,19855,0.14869125,0.26655937500000004,0.9276713648957956,1.0,70.05917159763312
522,4556,0.6125,0.3125,0.62643055053608,0.8275862068965517,69.99999999999999
523,3372,0.3625,0.059375,0.62643055053608,0.6896551724137931,69.99999999999999
524,6116,0.875,0.059375,0.6508384531984098,0.6206896551724137,69.99999999999999
525,3080,0.125,0.059375,0.6508384531984098,0.27586206896551724,69.99999999999999
526,5567,0.8625,0.3125,0.6508384531984098,0.6206896551724137,69.99999999999999
527,2879,0.125,0.309375,0.8107697867726779,0.6206896551724137,69.99999999999999
528,5104,0.625,0.059375,0.6508384531984098,0.6206896551724137,69.99999999999999
529,3080,0.125,0.059375,0.6508384531984098,0.0,69.99999999999999
530,2623,0.1125,0.0506703125,0.8040477050957715,1.0,69.82248520710057
531,5941,0.875,0.3125,0.6508384531984098,0.3448275862068966,69.79999999999998
532,18553,0.21993625,0.283759375,0.8974942777978557,1.0,69.7041420118343
533,18615,0.375,0.2931125,0.8780026502830983,1.0,69.58579881656803
534,19851,0.1724775,0.258771875,0.939103722443079,1.0,69.58579881656803
535,17278,0.3625,0.29628125,0.8848572461149259,0.6896551724137931,69.54545454545453
536,17278,0.3625,0.29628125,0.8848572461149259,0.6206896551724137,69.49999999999999
537,19841,0.21412874999999998,0.265409375,0.9294422358751956,0.27586206896551724,69.49999999999999
538,19866,0.273375,0.258378125,0.9396458258041199,0.6896551724137931,69.45454545454544
539,19832,0.3387875,0.25725312499999997,0.9411757619563906,0.27586206896551724,69.39999999999999
540,3373,0.3625,0.0625,0.7059462715335502,1.0,69.34911242603549
541,4171,0.375,0.294746875,0.8743645343934465,0.0,69.33333333333331
542,4089,0.375,0.059375,0.62643055053608,0.8275862068965517,69.23076923076923
543,5396,0.8625,0.059375,0.62643055053608,0.8275862068965517,69.23076923076923
544,18542,0.338875,0.2884375,0.8880255390916757,1.0,69.23076923076921
545,3583,0.3625,0.278125,0.8578604987350921,0.0,69.22222222222221
546,3570,0.3625,0.309375,0.8107697867726779,0.9655172413793103,69.18181818181817
547,2908,0.125,0.3125,0.62643055053608,0.13793103448275862,69.16666666666666
548,18566,0.125,0.27440625,0.9147693049030237,1.0,69.11242603550295
549,19846,0.332925,0.269296875,0.9233224912661124,0.27586206896551724,69.1
550,19858,0.24375,0.260321875,0.9369232622575593,0.27586206896551724,69.1
551,6112,0.875,0.0625,0.62643055053608,0.48275862068965514,69.09090909090908
552,3543,0.3625,0.3125,0.6508384531984098,0.48275862068965514,69.09090909090908
553,2908,0.125,0.3125,0.62643055053608,0.9655172413793103,69.09090909090908
554,5400,0.8625,0.0625,0.62643055053608,0.9655172413793103,69.09090909090908
555,5100,0.625,0.0625,0.62643055053608,0.9655172413793103,69.09090909090908
556,5100,0.625,0.0625,0.62643055053608,0.48275862068965514,69.09090909090908
557,4092,0.375,0.059375,0.6508384531984098,0.6206896551724137,68.99999999999999
558,3538,0.3625,0.309375,0.7059462715335502,0.27586206896551724,68.99999999999999
559,3368,0.3625,0.059375,0.6508384531984098,0.3448275862068966,68.99999999999999
560,2364,0.1125,0.0625,0.62643055053608,0.6206896551724137,68.99999999999999
561,18570,0.27335000000000004,0.28025625,0.904216359474762,0.0,68.99999999999999
562,3163,0.125,0.25,0.9282857487049753,0.6896551724137931,68.90909090909089
563,3105,0.125,0.2550875,0.9567642452716538,0.6896551724137931,68.90909090909089
564,18552,0.27366250000000003,0.287284375,0.8904228406216118,0.0,68.88888888888887
565,21137,0.21414999999999998,0.24353125000000003,0.957752078062884,0.0,68.88888888888887
566,19856,0.17245749999999999,0.265,0.9300686664257317,1.0,68.75739644970413
567,18551,0.3032375,0.289225,0.8863871822671968,0.27586206896551724,68.69999999999999
568,18557,0.12499999999999992,0.27753125,0.9092398506204071,0.27586206896551724,68.69999999999999
569,19846,0.332925,0.269296875,0.9233224912661124,0.0,68.66666666666666
570,3570,0.3625,0.309375,0.8107697867726779,0.6206896551724137,68.6
571,19847,0.30322499999999997,0.26735000000000003,0.9264305505360798,0.13793103448275862,68.58333333333333
572,3104,0.125,0.262071875,0.9472834598241175,0.13793103448275862,68.49999999999999
573,3570,0.3625,0.309375,0.8107697867726779,0.0,68.44444444444443
574,19833,0.315125,0.25880000000000003,0.9390555354776532,0.6206896551724137,68.39999999999999
575,19847,0.30322499999999997,0.26735000000000003,0.9264305505360798,0.6206896551724137,68.39999999999999
576,3544,0.3625,0.3125,0.62643055053608,0.13793103448275862,68.33333333333333
577,19873,0.12499999999999992,0.25565625000000003,0.9560293940489097,0.13793103448275862,68.33333333333333
578,19836,0.2915,0.26345625,0.9323816407661726,0.0,68.33333333333331
579,3285,0.3625,0.25,0.9282857487049753,0.27586206896551724,68.29999999999998
580,3104,0.125,0.262071875,0.9472834598241175,0.9655172413793103,68.27272727272727
581,19837,0.31515,0.26500625,0.9300566196843754,0.48275862068965514,68.27272727272727
582,3569,0.3625,0.3390625,0.735933020118058,0.8275862068965517,68.23076923076923
583,3080,0.125,0.059375,0.6508384531984098,0.6206896551724137,68.19999999999999
584,4388,0.6125,0.0625,0.62643055053608,0.9655172413793103,68.18181818181817
585,4555,0.6125,0.3125,0.6508384531984098,0.48275862068965514,68.18181818181817
586,4929,0.625,0.3125,0.6508384531984098,0.9655172413793103,68.18181818181817
587,4929,0.625,0.3125,0.6508384531984098,0.6896551724137931,68.18181818181817
588,18537,0.315125,0.280675,0.9034212745452354,1.0,68.16568047337276
589,18550,0.33294999999999997,0.291175,0.882231056499217,0.9655172413793103,68.09090909090908
590,18550,0.33294999999999997,0.291175,0.882231056499217,0.6896551724137931,67.99999999999999
591,18539,0.267775,0.283775,0.8974701843151427,0.0,67.99999999999999
592,3932,0.375,0.28125,0.6545717383447777,1.0,67.92899408284022
593,3584,0.3625,0.278125,0.8360558968798939,1.0,67.92899408284022
594,5941,0.875,0.3125,0.6508384531984098,0.6206896551724137,67.89999999999999
595,18549,0.3625,0.2931125,0.8780026502830983,0.6206896551724137,67.89999999999999
596,18544,0.24392624999999998,0.28533437500000003,0.8943741717865318,0.0,67.88888888888887
597,19835,0.267775,0.2619,0.9346705216239007,0.0,67.88888888888887
598,19853,0.12499999999999992,0.25565625000000003,0.9433080351764848,0.6206896551724137,67.79999999999998
599,3538,0.3625,0.309375,0.7059462715335502,0.0,67.77777777777776
600,19837,0.31515,0.26500625,0.9300566196843754,0.9655172413793103,67.72727272727272
601,3299,0.3625,0.28125,0.8367546078785688,0.6206896551724137,67.69999999999999
602,19833,0.315125,0.25880000000000003,0.9390555354776532,0.3448275862068966,67.69999999999999
603,19854,0.125,0.26811250000000003,0.9252258764004336,0.6206896551724137,67.69999999999999
604,3593,0.3625,0.278125,0.9014576557041319,1.0,67.69230769230768
605,19847,0.30322499999999997,0.26735000000000003,0.9264305505360798,0.3448275862068966,67.6
606,17278,0.3625,0.29628125,0.8848572461149259,0.8275862068965517,67.53846153846153
607,17278,0.3625,0.29628125,0.8848572461149259,0.3448275862068966,67.39999999999999
608,4092,0.375,0.059375,0.6508384531984098,0.9655172413793103,67.27272727272727
609,3922,0.375,0.309375,0.7059462715335502,0.9655172413793103,67.27272727272727
610,2356,0.1125,0.059375,0.6508384531984098,0.9655172413793103,67.27272727272727
611,5567,0.8625,0.3125,0.6508384531984098,0.9655172413793103,67.27272727272727
612,2905,0.125,0.3125,0.6508384531984098,0.6896551724137931,67.27272727272727
613,4929,0.625,0.3125,0.6508384531984098,0.48275862068965514,67.27272727272727
614,5946,0.875,0.309375,0.7059462715335502,1.0,67.21893491124258
615,3298,0.3625,0.28125,0.8586073966991927,1.0,67.12426035502958
616,19842,0.18444500000000003,0.26735000000000003,0.9264305505360798,1.0,67.10059171597632
617,19848,0.2736375,0.265409375,0.9294422358751956,0.48275862068965514,67.09090909090908
618,3376,0.3625,0.0625,0.62643055053608,0.3448275862068966,66.99999999999999
619,4380,0.6125,0.059375,0.6508384531984098,0.3448275862068966,66.99999999999999
620,3076,0.125,0.0625,0.62643055053608,0.3448275862068966,66.99999999999999
621,5400,0.8625,0.0625,0.62643055053608,0.3448275862068966,66.99999999999999
622,15069,0.1446775,0.0350715625,0.7673653776653414,1.0,66.98224852071004
623,19854,0.125,0.26811250000000003,0.9252258764004336,0.8275862068965517,66.92307692307692
624,18549,0.3625,0.2931125,0.8780026502830983,0.3448275862068966,66.89999999999999
625,18551,0.3032375,0.289225,0.8863871822671968,0.6206896551724137,66.89999999999999
626,2879,0.125,0.309375,0.8107697867726779,0.3448275862068966,66.89999999999999
627,5562,0.8625,0.309375,0.7059462715335502,1.0,66.86390532544377
628,2526,0.1125,0.309375,0.7059462715335502,1.0,66.86390532544377
629,19852,0.14877,0.257215625,0.9412239489218166,0.9655172413793103,66.81818181818181
630,18569,0.3031,0.278303125,0.9078303818817011,0.0,66.77777777777776
631,2883,0.125,0.3390625,0.735933020118058,0.8275862068965517,66.76923076923076
632,3571,0.3625,0.309375,0.789519335019877,1.0,66.7455621301775
633,3073,0.125,0.0625,0.65293579086857,1.0,66.7455621301775
634,19837,0.31515,0.26500625,0.9300566196843754,0.6896551724137931,66.72727272727272
635,19840,0.24392624999999998,0.263459375,0.9323816407661726,0.9655172413793103,66.72727272727272
636,3077,0.125,0.059375,0.62643055053608,0.13793103448275862,66.66666666666666
637,3076,0.125,0.0625,0.62643055053608,0.13793103448275862,66.66666666666666
638,3099,0.125,0.29553124999999997,0.8865317431634743,0.0,66.66666666666666
639,18541,0.31515,0.28688125000000003,0.8912420190338513,0.0,66.66666666666666
640,2867,0.125,0.278125,0.8796530538489338,0.0,66.66666666666666
641,3135,0.125,0.046015,0.8049271172147935,1.0,66.62721893491123
642,2517,0.1125,0.28125,0.62643055053608,1.0,66.62721893491123
643,19853,0.12499999999999992,0.25565625000000003,0.9433080351764848,0.3448275862068966,66.6
644,18535,0.3625,0.277578125,0.9091555234309118,0.9655172413793103,66.54545454545453
645,3134,0.125,0.051786874999999996,0.822816528129141,1.0,66.50887573964495
646,19841,0.21412874999999998,0.265409375,0.9294422358751956,0.48275862068965514,66.45454545454544
647,3570,0.3625,0.309375,0.8107697867726779,0.3448275862068966,66.39999999999999
648,5392,0.8625,0.059375,0.6508384531984098,0.3448275862068966,66.39999999999999
649,18551,0.3032375,0.289225,0.8863871822671968,0.3448275862068966,66.39999999999999
650,18669,0.398675,0.288434375,0.9016985905312612,1.0,66.39053254437869
651,3583,0.3625,0.278125,0.8578604987350921,0.9655172413793103,66.36363636363636
652,3376,0.3625,0.0625,0.62643055053608,0.9655172413793103,66.36363636363636
653,3368,0.3625,0.059375,0.6508384531984098,0.48275862068965514,66.36363636363636
654,3080,0.125,0.059375,0.6508384531984098,0.6896551724137931,66.36363636363636
655,5567,0.8625,0.3125,0.6508384531984098,0.6896551724137931,66.36363636363636
656,3076,0.125,0.0625,0.62643055053608,0.6896551724137931,66.36363636363636
657,2905,0.125,0.3125,0.6508384531984098,0.48275862068965514,66.36363636363636
658,18563,0.21414625000000004,0.28025625,0.904216359474762,0.0,66.33333333333331
659,19854,0.125,0.26811250000000003,0.9252258764004336,0.3448275862068966,66.19999999999999
660,17281,0.12499999999999992,0.29940625,0.8776894350078304,0.9655172413793103,66.18181818181817
661,19840,0.24392624999999998,0.263459375,0.9323816407661726,0.6896551724137931,66.18181818181817
662,3543,0.3625,0.3125,0.6508384531984098,0.8275862068965517,66.15384615384615
663,2878,0.125,0.309375,0.789519335019877,1.0,66.15384615384615
664,19865,0.3031125,0.256428125,0.9422840621611853,0.9655172413793103,66.09090909090908
665,19857,0.19616125,0.26344375000000003,0.9323936875075292,1.0,66.03550295857987
666,21150,0.125,0.24623750000000003,0.9547885796891941,1.0,66.03550295857987
667,19832,0.3387875,0.25725312499999997,0.9411757619563906,0.48275862068965514,65.99999999999999
668,19840,0.24392624999999998,0.263459375,0.9323816407661726,0.48275862068965514,65.99999999999999
669,2356,0.1125,0.059375,0.6508384531984098,0.3448275862068966,65.99999999999999
670,4388,0.6125,0.0625,0.62643055053608,0.3448275862068966,65.99999999999999
671,2526,0.1125,0.309375,0.7059462715335502,0.27586206896551724,65.99999999999999
672,19873,0.12499999999999992,0.25565625000000003,0.9560293940489097,0.0,65.99999999999999
673,19846,0.332925,0.269296875,0.9233224912661124,0.13793103448275862,65.91666666666666
674,3299,0.3625,0.28125,0.8367546078785688,0.3448275862068966,65.89999999999999
675,19833,0.315125,0.25880000000000003,0.9390555354776532,0.27586206896551724,65.89999999999999
676,19834,0.2914125,0.260353125,0.9368871220334899,0.0,65.88888888888887
677,2531,0.1125,0.3125,0.6508384531984098,0.13793103448275862,65.83333333333333
678,4929,0.625,0.3125,0.6508384531984098,0.13793103448275862,65.83333333333333
679,18569,0.3031,0.278303125,0.9078303818817011,0.6206896551724137,65.69999999999999
680,19873,0.12499999999999992,0.25565625000000003,0.9560293940489097,0.27586206896551724,65.69999999999999
681,15042,0.16451,0.036373125,0.7554872906878689,1.0,65.68047337278105
682,21138,0.1844525,0.24547500000000003,0.9556438983255029,1.0,65.68047337278105
683,19865,0.3031125,0.256428125,0.9422840621611853,0.48275862068965514,65.63636363636363
684,19852,0.14877,0.257215625,0.9412239489218166,0.6896551724137931,65.54545454545453
685,3376,0.3625,0.0625,0.62643055053608,0.48275862068965514,65.45454545454544
686,4380,0.6125,0.059375,0.6508384531984098,0.9655172413793103,65.45454545454544
687,4380,0.6125,0.059375,0.6508384531984098,0.48275862068965514,65.45454545454544
688,4388,0.6125,0.0625,0.62643055053608,0.48275862068965514,65.45454545454544
689,3076,0.125,0.0625,0.62643055053608,0.48275862068965514,65.45454545454544
690,5400,0.8625,0.0625,0.62643055053608,0.48275862068965514,65.45454545454544
691,5392,0.8625,0.059375,0.6508384531984098,0.9655172413793103,65.45454545454544
692,3582,0.3625,0.278125,0.8796530538489338,0.8275862068965517,65.38461538461537
693,3163,0.125,0.25,0.9282857487049753,0.8275862068965517,65.38461538461537
694,2364,0.1125,0.0625,0.62643055053608,0.8275862068965517,65.38461538461537
695,18557,0.12499999999999992,0.27753125,0.9092398506204071,0.8275862068965517,65.38461538461537
696,18535,0.3625,0.277578125,0.9091555234309118,0.6896551724137931,65.36363636363636
697,18553,0.21993625,0.283759375,0.8974942777978557,0.0,65.33333333333331
698,2815,0.125,0.0464478125,0.7905914950006022,1.0,65.32544378698223
699,19849,0.21993625,0.261884375,0.9346946151066136,1.0,65.32544378698223
700,17281,0.12499999999999992,0.29940625,0.8776894350078304,0.6896551724137931,65.27272727272727
701,18549,0.3625,0.2931125,0.8780026502830983,0.27586206896551724,65.19999999999999
702,18552,0.27366250000000003,0.287284375,0.8904228406216118,0.27586206896551724,65.19999999999999
703,4555,0.6125,0.3125,0.6508384531984098,0.13793103448275862,64.99999999999999
704,2879,0.125,0.309375,0.8107697867726779,0.13793103448275862,64.99999999999999
705,19872,0.125,0.26811250000000003,0.9382363570654136,0.13793103448275862,64.99999999999999
706,3538,0.3625,0.309375,0.7059462715335502,0.3448275862068966,64.99999999999999
707,2910,0.125,0.309375,0.7059462715335502,0.27586206896551724,64.99999999999999
708,18540,0.29151249999999995,0.28533125,0.8943741717865318,0.0,64.99999999999999
709,19865,0.3031125,0.256428125,0.9422840621611853,0.6896551724137931,64.90909090909089
710,19859,0.21412,0.258378125,0.9396458258041199,0.27586206896551724,64.89999999999999
711,19864,0.33276249999999996,0.25448125,0.9448379713287555,0.0,64.88888888888887
712,7871,0.3625,0.34684375,0.7478014697024454,0.8275862068965517,64.84615384615384
713,18539,0.267775,0.283775,0.8974701843151427,0.6206896551724137,64.79999999999998
714,18569,0.3031,0.278303125,0.9078303818817011,0.3448275862068966,64.79999999999998
715,3570,0.3625,0.309375,0.8107697867726779,0.6896551724137931,64.72727272727272
716,3570,0.3625,0.309375,0.8107697867726779,0.27586206896551724,64.69999999999999
717,2867,0.125,0.278125,0.8796530538489338,0.6206896551724137,64.69999999999999
718,5568,0.8625,0.3125,0.62643055053608,0.8275862068965517,64.61538461538461
719,5941,0.875,0.3125,0.6508384531984098,0.6896551724137931,64.54545454545453
720,3922,0.375,0.309375,0.7059462715335502,0.6896551724137931,64.54545454545453
721,5567,0.8625,0.3125,0.6508384531984098,0.48275862068965514,64.54545454545453
722,2905,0.125,0.3125,0.6508384531984098,0.9655172413793103,64.54545454545453
723,5392,0.8625,0.059375,0.6508384531984098,0.48275862068965514,64.54545454545453
724,5104,0.625,0.059375,0.6508384531984098,0.9655172413793103,64.54545454545453
725,18575,0.125,0.2931125,0.8918564028430309,0.6206896551724137,64.49999999999999
726,3299,0.3625,0.28125,0.8367546078785688,0.9655172413793103,64.45454545454544
727,19860,0.18438875000000002,0.256428125,0.9422840621611853,1.0,64.37869822485206
728,18539,0.267775,0.283775,0.8974701843151427,0.3448275862068966,64.29999999999998
729,19858,0.24375,0.260321875,0.9369232622575593,0.9655172413793103,64.27272727272727
730,19863,0.3625,0.25253125,0.9473196000481869,1.0,64.26035502958578
731,18562,0.24375,0.282196875,0.9005300566196843,0.27586206896551724,64.19999999999999
732,3543,0.3625,0.3125,0.6508384531984098,0.13793103448275862,64.16666666666666
733,17352,0.375,0.29628125,0.8848572461149259,1.0,64.14201183431952
734,18547,0.1546325,0.291175,0.882231056499217,1.0,64.14201183431952
735,18562,0.24375,0.282196875,0.9005300566196843,0.6206896551724137,64.1
736,3583,0.3625,0.278125,0.8578604987350921,0.6896551724137931,64.09090909090908
737,2879,0.125,0.309375,0.8107697867726779,0.48275862068965514,63.99999999999999
738,6116,0.875,0.059375,0.6508384531984098,0.3448275862068966,63.999999999999986
739,5104,0.625,0.059375,0.6508384531984098,0.3448275862068966,63.999999999999986
740,19858,0.24375,0.260321875,0.9369232622575593,0.48275862068965514,63.9090909090909
741,18567,0.3625,0.27440625,0.9147693049030237,0.6206896551724137,63.89999999999999
742,4932,0.625,0.3125,0.62643055053608,0.8275862068965517,63.84615384615384
743,19858,0.24375,0.260321875,0.9369232622575593,0.6896551724137931,63.818181818181806
744,4116,0.375,0.262071875,0.9472834598241175,0.27586206896551724,63.79999999999999
745,18575,0.125,0.2931125,0.8918564028430309,0.3448275862068966,63.79999999999999
746,18562,0.24375,0.282196875,0.9005300566196843,0.3448275862068966,63.69999999999999
747,19834,0.2914125,0.260353125,0.9368871220334899,0.6206896551724137,63.69999999999999
748,15876,0.34285,0.335575,0.7718347187085892,0.8275862068965517,63.692307692307686
749,17282,0.125,0.29628125,0.8848572461149259,1.0,63.668639053254424
750,5941,0.875,0.3125,0.6508384531984098,0.9655172413793103,63.636363636363626
751,5941,0.875,0.3125,0.6508384531984098,0.48275862068965514,63.636363636363626
752,6116,0.875,0.059375,0.6508384531984098,0.9655172413793103,63.636363636363626
753,23114,0.125,0.16503125000000002,0.9961450427659317,0.9655172413793103,63.636363636363626
754,23114,0.125,0.16503125000000002,0.9961450427659317,0.6896551724137931,63.636363636363626
755,2356,0.1125,0.059375,0.6508384531984098,0.48275862068965514,63.636363636363626
756,19848,0.2736375,0.265409375,0.9294422358751956,0.13793103448275862,63.58333333333332
757,18564,0.1843975,0.278303125,0.9078303818817011,1.0,63.550295857988154
758,18542,0.338875,0.2884375,0.8880255390916757,0.0,63.44444444444443
759,19848,0.2736375,0.265409375,0.9294422358751956,0.9655172413793103,63.36363636363635
760,2910,0.125,0.309375,0.7059462715335502,0.0,63.33333333333332
761,2526,0.1125,0.309375,0.7059462715335502,0.0,63.33333333333332
762,19852,0.14877,0.257215625,0.9412239489218166,0.0,63.33333333333332
763,19834,0.2914125,0.260353125,0.9368871220334899,0.27586206896551724,63.29999999999999
764,3104,0.125,0.262071875,0.9472834598241175,0.6896551724137931,63.27272727272726
765,19847,0.30322499999999997,0.26735000000000003,0.9264305505360798,0.9655172413793103,63.27272727272726
766,3105,0.125,0.2550875,0.9567642452716538,0.8275862068965517,63.23076923076922
767,4116,0.375,0.262071875,0.9472834598241175,0.0,63.22222222222221
768,19882,0.14869125,0.26655937500000004,0.9406457053367063,1.0,63.195266272189336
769,21139,0.15468375,0.24742187499999999,0.9534513913986267,1.0,63.195266272189336
770,19836,0.2915,0.26345625,0.9323816407661726,0.27586206896551724,63.09999999999999
771,3570,0.3625,0.309375,0.8107697867726779,0.8275862068965517,63.076923076923066
772,15886,0.14471,0.335575,0.7718347187085892,0.8275862068965517,63.076923076923066
773,4594,0.6125,0.278125,0.8796530538489338,1.0,63.076923076923066
774,4092,0.375,0.059375,0.6508384531984098,0.3448275862068966,62.999999999999986
775,3937,0.375,0.28125,0.62643055053608,0.27586206896551724,62.999999999999986
776,3922,0.375,0.309375,0.7059462715335502,0.3448275862068966,62.999999999999986
777,3538,0.3625,0.309375,0.7059462715335502,0.6206896551724137,62.999999999999986
778,18669,0.398675,0.288434375,0.9016985905312612,0.6206896551724137,62.999999999999986
779,21137,0.21414999999999998,0.24353125000000003,0.957752078062884,0.27586206896551724,62.999999999999986
780,4385,0.6125,0.0625,0.7059462715335502,1.0,62.95857988165679
781,18567,0.3625,0.27440625,0.9147693049030237,0.3448275862068966,62.89999999999999
782,19834,0.2914125,0.260353125,0.9368871220334899,0.3448275862068966,62.89999999999999
783,18536,0.33876249999999997,0.279128125,0.9063124924707866,0.0,62.88888888888888
784,2867,0.125,0.278125,0.8796530538489338,0.3448275862068966,62.79999999999999
785,19842,0.18444500000000003,0.26735000000000003,0.9264305505360798,0.6206896551724137,62.79999999999999
786,6112,0.875,0.0625,0.62643055053608,0.6896551724137931,62.72727272727272
787,3368,0.3625,0.059375,0.6508384531984098,0.9655172413793103,62.72727272727272
788,3099,0.125,0.29553124999999997,0.8865317431634743,0.27586206896551724,62.69999999999999
789,19873,0.12499999999999992,0.25565625000000003,0.9560293940489097,0.8275862068965517,62.692307692307686
790,18537,0.315125,0.280675,0.9034212745452354,0.0,62.66666666666666
791,19849,0.21993625,0.261884375,0.9346946151066136,0.0,62.66666666666666
792,3521,0.3625,0.278125,0.7718949524153716,1.0,62.60355029585797
793,2910,0.125,0.309375,0.7059462715335502,0.3448275862068966,62.59999999999999
794,18539,0.267775,0.283775,0.8974701843151427,0.27586206896551724,62.59999999999999
795,18568,0.3327375,0.276359375,0.9113359836164318,0.6206896551724137,62.59999999999999
796,18570,0.27335000000000004,0.28025625,0.904216359474762,0.27586206896551724,62.59999999999999
797,21135,0.3625,0.24623750000000003,0.9547885796891941,0.6206896551724137,62.59999999999999
798,3299,0.3625,0.28125,0.8367546078785688,0.13793103448275862,62.49999999999999
799,5567,0.8625,0.3125,0.6508384531984098,0.13793103448275862,62.49999999999999
800,4171,0.375,0.294746875,0.8743645343934465,0.27586206896551724,62.39999999999999
801,3298,0.3625,0.28125,0.8586073966991927,0.27586206896551724,62.39999999999999
802,18541,0.31515,0.28688125000000003,0.8912420190338513,0.27586206896551724,62.39999999999999
803,18570,0.27335000000000004,0.28025625,0.904216359474762,0.6206896551724137,62.39999999999999
804,21140,0.125,0.24936250000000001,0.9511866040236115,1.0,62.36686390532543
805,3299,0.3625,0.28125,0.8367546078785688,0.6896551724137931,62.36363636363635
806,19847,0.30322499999999997,0.26735000000000003,0.9264305505360798,0.6896551724137931,62.36363636363635
807,19847,0.30322499999999997,0.26735000000000003,0.9264305505360798,0.48275862068965514,62.36363636363635
808,19848,0.2736375,0.265409375,0.9294422358751956,0.6896551724137931,62.36363636363635
809,19855,0.14869125,0.26655937500000004,0.9276713648957956,0.0,62.33333333333332
810,3922,0.375,0.309375,0.7059462715335502,0.8275862068965517,62.3076923076923
811,3917,0.375,0.3125,0.6508384531984098,0.8275862068965517,62.3076923076923
812,3145,0.125,0.33128437499999996,0.7470545717383447,0.8275862068965517,62.3076923076923
813,18569,0.3031,0.278303125,0.9078303818817011,0.27586206896551724,62.29999999999999
814,19835,0.267775,0.2619,0.9346705216239007,0.27586206896551724,62.29999999999999
815,19859,0.21412,0.258378125,0.9396458258041199,0.6206896551724137,62.29999999999999
816,21150,0.125,0.24623750000000003,0.9547885796891941,0.6206896551724137,62.29999999999999
817,2867,0.125,0.278125,0.8796530538489338,1.0,62.24852071005916
818,3937,0.375,0.28125,0.62643055053608,0.0,62.22222222222221
819,18669,0.398675,0.288434375,0.9016985905312612,0.3448275862068966,62.19999999999999
820,19842,0.18444500000000003,0.26735000000000003,0.9264305505360798,0.3448275862068966,62.19999999999999
821,19946,0.375,0.26811250000000003,0.9382363570654136,0.6206896551724137,62.19999999999999
822,2278,0.1125,0.294746875,0.8743645343934465,0.9655172413793103,62.18181818181817
823,18554,0.1962575,0.28220625,0.9005180098783278,1.0,62.130177514792884
824,2343,0.1125,0.046015,0.8049271172147935,1.0,62.01183431952661
825,18568,0.3327375,0.276359375,0.9113359836164318,1.0,62.01183431952661
826,3922,0.375,0.309375,0.7059462715335502,0.6206896551724137,61.999999999999986
827,4550,0.6125,0.309375,0.7059462715335502,0.27586206896551724,61.999999999999986
828,3584,0.3625,0.278125,0.8360558968798939,0.27586206896551724,61.89999999999999
829,3080,0.125,0.059375,0.6508384531984098,0.3448275862068966,61.89999999999999
830,19859,0.21412,0.258378125,0.9396458258041199,0.3448275862068966,61.89999999999999
831,3298,0.3625,0.28125,0.8586073966991927,0.0,61.88888888888888
832,17261,0.12499999999999992,0.29940625,0.8635586073966991,0.0,61.88888888888888
833,6116,0.875,0.059375,0.6508384531984098,0.48275862068965514,61.818181818181806
834,3538,0.3625,0.309375,0.7059462715335502,0.9655172413793103,61.818181818181806
835,3538,0.3625,0.309375,0.7059462715335502,0.6896551724137931,61.818181818181806
836,5104,0.625,0.059375,0.6508384531984098,0.48275862068965514,61.818181818181806
837,5100,0.625,0.0625,0.62643055053608,0.6896551724137931,61.818181818181806
838,18544,0.24392624999999998,0.28533437500000003,0.8943741717865318,0.27586206896551724,61.79999999999999
839,18568,0.3327375,0.276359375,0.9113359836164318,0.3448275862068966,61.79999999999999
840,18570,0.27335000000000004,0.28025625,0.904216359474762,0.3448275862068966,61.79999999999999
841,19860,0.18438875000000002,0.256428125,0.9422840621611853,0.0,61.777777777777764
842,21137,0.21414999999999998,0.24353125000000003,0.957752078062884,0.6206896551724137,61.69999999999999
843,5941,0.875,0.3125,0.6508384531984098,0.13793103448275862,61.66666666666666
844,3583,0.3625,0.278125,0.8578604987350921,0.13793103448275862,61.66666666666666
845,2364,0.1125,0.0625,0.62643055053608,0.13793103448275862,61.66666666666666
846,3827,0.375,0.0464478125,0.7905914950006022,1.0,61.656804733727796
847,19833,0.315125,0.25880000000000003,0.9390555354776532,0.48275862068965514,61.636363636363626
848,3104,0.125,0.262071875,0.9472834598241175,0.8275862068965517,61.615384615384606
849,19841,0.21412874999999998,0.265409375,0.9294422358751956,0.8275862068965517,61.615384615384606
850,2910,0.125,0.309375,0.7059462715335502,0.6206896551724137,61.59999999999999
851,19856,0.17245749999999999,0.265,0.9300686664257317,0.0,61.55555555555554
852,19834,0.2914125,0.260353125,0.9368871220334899,0.9655172413793103,61.54545454545453
853,6113,0.875,0.059375,0.62643055053608,0.8275862068965517,61.53846153846153
854,3372,0.3625,0.059375,0.62643055053608,0.8275862068965517,61.53846153846153
855,4384,0.6125,0.059375,0.62643055053608,0.8275862068965517,61.53846153846153
856,2360,0.1125,0.059375,0.62643055053608,0.8275862068965517,61.53846153846153
857,5101,0.625,0.059375,0.62643055053608,0.8275862068965517,61.53846153846153
858,19854,0.125,0.26811250000000003,0.9252258764004336,0.27586206896551724,61.499999999999986
859,2278,0.1125,0.294746875,0.8743645343934465,0.6896551724137931,61.454545454545446
860,18551,0.3032375,0.289225,0.8863871822671968,0.9655172413793103,61.454545454545446
861,18566,0.125,0.27440625,0.9147693049030237,0.0,61.44444444444443
862,4088,0.375,0.0625,0.62643055053608,1.0,61.420118343195256
863,5397,0.8625,0.0625,0.7059462715335502,1.0,61.420118343195256
864,18540,0.29151249999999995,0.28533125,0.8943741717865318,0.27586206896551724,61.39999999999999
865,18544,0.24392624999999998,0.28533437500000003,0.8943741717865318,0.6206896551724137,61.39999999999999
866,3149,0.125,0.28125,0.8367546078785688,1.0,61.30177514792898
867,17267,0.21418125,0.30213125,0.856944946392001,1.0,61.30177514792898
868,18536,0.33876249999999997,0.279128125,0.9063124924707866,0.27586206896551724,61.29999999999999
869,3299,0.3625,0.28125,0.8367546078785688,0.48275862068965514,61.27272727272726
870,17268,0.18441000000000002,0.300178125,0.8617034092278039,1.0,61.18343195266271
871,18614,0.40463749999999993,0.291175,0.882231056499217,1.0,61.18343195266271
872,19872,0.125,0.26811250000000003,0.9382363570654136,0.9655172413793103,61.18181818181817
873,3922,0.375,0.309375,0.7059462715335502,0.0,61.1111111111111
874,3584,0.3625,0.278125,0.8360558968798939,0.0,61.1111111111111
875,2278,0.1125,0.294746875,0.8743645343934465,0.6206896551724137,61.09999999999999
876,21137,0.21414999999999998,0.24353125000000003,0.957752078062884,0.3448275862068966,61.09999999999999
877,19854,0.125,0.26811250000000003,0.9252258764004336,0.48275862068965514,61.09090909090908
878,18567,0.3625,0.27440625,0.9147693049030237,0.13793103448275862,61.08333333333332
879,18538,0.2914,0.282228125,0.900469822912902,1.0,61.06508875739644
880,17270,0.125,0.29628125,0.8708709794000722,0.9655172413793103,60.99999999999999
881,18551,0.3032375,0.289225,0.8863871822671968,0.6896551724137931,60.99999999999999
882,18575,0.125,0.2931125,0.8918564028430309,0.9655172413793103,60.99999999999999
883,3922,0.375,0.309375,0.7059462715335502,0.27586206896551724,60.999999999999986
884,2364,0.1125,0.0625,0.62643055053608,0.3448275862068966,60.999999999999986
885,18544,0.24392624999999998,0.28533437500000003,0.8943741717865318,0.3448275862068966,60.999999999999986
886,18563,0.21414625000000004,0.28025625,0.904216359474762,0.6206896551724137,60.999999999999986
887,18563,0.21414625000000004,0.28025625,0.904216359474762,0.27586206896551724,60.999999999999986
888,4934,0.625,0.309375,0.7059462715335502,0.27586206896551724,60.999999999999986
889,21209,0.3987,0.244684375,0.9565112637031683,1.0,60.94674556213016
890,17239,0.3625,0.299453125,0.8634501867244909,0.13793103448275862,60.91666666666666
891,4092,0.375,0.059375,0.6508384531984098,0.6896551724137931,60.9090909090909
892,4092,0.375,0.059375,0.6508384531984098,0.48275862068965514,60.9090909090909
893,4088,0.375,0.0625,0.62643055053608,0.9655172413793103,60.9090909090909
894,2356,0.1125,0.059375,0.6508384531984098,0.6896551724137931,60.9090909090909
895,2364,0.1125,0.0625,0.62643055053608,0.48275862068965514,60.9090909090909
896,5400,0.8625,0.0625,0.62643055053608,0.6896551724137931,60.9090909090909
897,19835,0.267775,0.2619,0.9346705216239007,0.6206896551724137,60.89999999999999
898,2878,0.125,0.309375,0.789519335019877,0.0,60.88888888888888
899,6112,0.875,0.0625,0.62643055053608,0.13793103448275862,60.83333333333332
900,19838,0.3388625,0.2665625,0.9276593181544391,0.13793103448275862,60.83333333333332
901,5100,0.625,0.0625,0.62643055053608,0.13793103448275862,60.83333333333332
902,18549,0.3625,0.2931125,0.8780026502830983,0.48275862068965514,60.818181818181806
903,19834,0.2914125,0.260353125,0.9368871220334899,0.6896551724137931,60.818181818181806
904,3163,0.125,0.25,0.9282857487049753,0.6206896551724137,60.79999999999999
905,21150,0.125,0.24623750000000003,0.9547885796891941,0.3448275862068966,60.79999999999999
906,3324,0.3625,0.262071875,0.9472834598241175,0.0,60.777777777777764
907,19842,0.18444500000000003,0.26735000000000003,0.9264305505360798,0.0,60.777777777777764
908,21135,0.3625,0.24623750000000003,0.9547885796891941,0.0,60.777777777777764
909,5944,0.875,0.3125,0.62643055053608,0.8275862068965517,60.76923076923076
910,2297,0.1125,0.329559375,0.7767256956993133,0.8275862068965517,60.76923076923076
911,17261,0.12499999999999992,0.29940625,0.8635586073966991,0.3448275862068966,60.69999999999999
912,21207,0.375,0.24936250000000001,0.9511866040236115,0.6206896551724137,60.69999999999999
913,19851,0.1724775,0.258771875,0.939103722443079,0.0,60.66666666666666
914,3937,0.375,0.28125,0.62643055053608,0.6206896551724137,60.59999999999999
915,18563,0.21414625000000004,0.28025625,0.904216359474762,0.3448275862068966,60.59999999999999
916,17283,0.3327,0.298234375,0.8803999518130344,1.0,60.59171597633135
917,3570,0.3625,0.309375,0.8107697867726779,0.48275862068965514,60.54545454545453
918,3937,0.375,0.28125,0.62643055053608,0.3448275862068966,60.499999999999986
919,19835,0.267775,0.2619,0.9346705216239007,0.3448275862068966,60.499999999999986
920,19849,0.21993625,0.261884375,0.9346946151066136,0.6206896551724137,60.499999999999986
921,2516,0.1125,0.28125,0.6545717383447777,1.0,60.47337278106507
922,3149,0.125,0.28125,0.8367546078785688,0.0,60.444444444444436
923,19836,0.2915,0.26345625,0.9323816407661726,0.6206896551724137,60.39999999999999
924,19849,0.21993625,0.261884375,0.9346946151066136,0.3448275862068966,60.39999999999999
925,19852,0.14877,0.257215625,0.9412239489218166,0.27586206896551724,60.39999999999999
926,2878,0.125,0.309375,0.789519335019877,0.27586206896551724,60.29999999999999
927,18551,0.3032375,0.289225,0.8863871822671968,0.48275862068965514,60.272727272727266
928,18575,0.125,0.2931125,0.8918564028430309,0.6896551724137931,60.272727272727266
929,19846,0.332925,0.269296875,0.9233224912661124,0.9655172413793103,60.272727272727266
930,3285,0.3625,0.25,0.9282857487049753,0.13793103448275862,60.24999999999999
931,4171,0.375,0.294746875,0.8743645343934465,1.0,60.23668639053253
932,17269,0.15480125,0.298234375,0.8663293579086857,1.0,60.23668639053253
933,17261,0.12499999999999992,0.29940625,0.8635586073966991,0.6206896551724137,60.19999999999999
934,18650,0.375,0.2899875,0.8984941573304421,0.48275862068965514,60.18181818181817
935,18669,0.398675,0.288434375,0.9016985905312612,0.0,60.1111111111111
936,4555,0.6125,0.3125,0.6508384531984098,0.8275862068965517,59.99999999999999
937,4088,0.375,0.0625,0.62643055053608,0.13793103448275862,59.99999999999999
938,4388,0.6125,0.0625,0.62643055053608,0.13793103448275862,59.99999999999999
939,5400,0.8625,0.0625,0.62643055053608,0.13793103448275862,59.99999999999999
940,4388,0.6125,0.0625,0.62643055053608,0.6896551724137931,59.99999999999999
941,3080,0.125,0.059375,0.6508384531984098,0.48275862068965514,59.99999999999999
942,19846,0.332925,0.269296875,0.9233224912661124,0.6896551724137931,59.99999999999999
943,19872,0.125,0.26811250000000003,0.9382363570654136,0.6896551724137931,59.99999999999999
944,3324,0.3625,0.262071875,0.9472834598241175,0.27586206896551724,59.999999999999986
945,5562,0.8625,0.309375,0.7059462715335502,0.27586206896551724,59.999999999999986
946,18540,0.29151249999999995,0.28533125,0.8943741717865318,0.6206896551724137,59.999999999999986
947,2526,0.1125,0.309375,0.7059462715335502,0.3448275862068966,59.999999999999986
948,4550,0.6125,0.309375,0.7059462715335502,0.0,59.999999999999986
949,19946,0.375,0.26811250000000003,0.9382363570654136,0.3448275862068966,59.89999999999999
950,18546,0.18443375,0.289225,0.8863871822671968,1.0,59.881656804733716
951,19853,0.12499999999999992,0.25565625000000003,0.9433080351764848,0.48275862068965514,59.818181818181806
952,19836,0.2915,0.26345625,0.9323816407661726,0.3448275862068966,59.79999999999999
953,21135,0.3625,0.24623750000000003,0.9547885796891941,0.3448275862068966,59.79999999999999
954,19833,0.315125,0.25880000000000003,0.9390555354776532,0.9655172413793103,59.72727272727272
955,3376,0.3625,0.0625,0.62643055053608,1.0,59.69230769230768
956,17329,0.6125,0.29628125,0.8708709794000722,0.0,59.55555555555554
957,4116,0.375,0.262071875,0.9472834598241175,1.0,59.5266272189349
958,2312,0.1125,0.262071875,0.9472834598241175,1.0,59.5266272189349
959,3150,0.125,0.28125,0.8586073966991927,1.0,59.5266272189349
960,17240,0.33875,0.30100625000000003,0.8597036501626311,1.0,59.5266272189349
961,19840,0.24392624999999998,0.263459375,0.9323816407661726,0.13793103448275862,59.49999999999999
962,18540,0.29151249999999995,0.28533125,0.8943741717865318,0.3448275862068966,59.499999999999986
963,18552,0.27366250000000003,0.287284375,0.8904228406216118,0.6206896551724137,59.499999999999986
964,19846,0.332925,0.269296875,0.9233224912661124,0.6206896551724137,59.499999999999986
965,19831,0.3625,0.25570312500000003,0.9432478014697024,0.48275862068965514,59.454545454545446
966,19872,0.125,0.26811250000000003,0.9382363570654136,0.0,59.444444444444436
967,19859,0.21412,0.258378125,0.9396458258041199,0.13793103448275862,59.41666666666666
968,18547,0.1546325,0.291175,0.882231056499217,0.0,59.33333333333332
969,18553,0.21993625,0.283759375,0.8974942777978557,0.27586206896551724,59.29999999999999
970,21207,0.375,0.24936250000000001,0.9511866040236115,0.3448275862068966,59.29999999999999
971,3075,0.125,0.0625,0.7059462715335502,1.0,59.28994082840235
972,18569,0.3031,0.278303125,0.9078303818817011,0.48275862068965514,59.272727272727266
973,3313,0.3625,0.33147187499999997,0.7863028550777015,0.8275862068965517,59.23076923076922
974,18568,0.3327375,0.276359375,0.9113359836164318,0.0,59.22222222222221
975,3149,0.125,0.28125,0.8367546078785688,0.6206896551724137,59.19999999999999
976,19852,0.14877,0.257215625,0.9412239489218166,0.6206896551724137,59.19999999999999
977,17270,0.125,0.29628125,0.8708709794000722,0.6896551724137931,59.18181818181817
978,6109,0.875,0.0625,0.65293579086857,1.0,59.17159763313608
979,5099,0.625,0.0625,0.7059462715335502,1.0,59.17159763313608
980,21208,0.375,0.24623750000000003,0.9547885796891941,1.0,59.17159763313608
981,19913,0.3986875,0.26655937500000004,0.9276713648957956,1.0,59.17159763313608
982,2558,0.1125,0.309375,0.8107697867726779,1.0,59.17159763313608
983,2905,0.125,0.3125,0.6508384531984098,0.13793103448275862,59.16666666666666
984,3324,0.3625,0.262071875,0.9472834598241175,0.6206896551724137,59.12999999999999
985,19846,0.332925,0.269296875,0.9233224912661124,0.3448275862068966,59.09999999999999
986,19864,0.33276249999999996,0.25448125,0.9448379713287555,0.27586206896551724,59.09999999999999
987,4934,0.625,0.309375,0.7059462715335502,0.3448275862068966,59.09999999999999
988,19913,0.3986875,0.26655937500000004,0.9276713648957956,0.6206896551724137,59.09999999999999
989,3376,0.3625,0.0625,0.62643055053608,0.6896551724137931,59.09090909090908
990,4380,0.6125,0.059375,0.6508384531984098,0.6896551724137931,59.09090909090908
991,2910,0.125,0.309375,0.7059462715335502,0.9655172413793103,59.09090909090908
992,2910,0.125,0.309375,0.7059462715335502,0.6896551724137931,59.09090909090908
993,5392,0.8625,0.059375,0.6508384531984098,0.6896551724137931,59.09090909090908
994,4934,0.625,0.309375,0.7059462715335502,0.9655172413793103,59.09090909090908
995,3162,0.125,0.25,0.906143838091796,1.0,59.05325443786981
996,18667,0.39878749999999996,0.279090625,0.91972051560053,1.0,59.05325443786981
997,3932,0.375,0.28125,0.6545717383447777,0.27586206896551724,58.999999999999986
998,18552,0.27366250000000003,0.287284375,0.8904228406216118,0.3448275862068966,58.999999999999986
999,4550,0.6125,0.309375,0.7059462715335502,0.3448275862068966,58.999999999999986
1000,2526,0.1125,0.309375,0.7059462715335502,0.6206896551724137,58.999999999999986
1001,2530,0.1125,0.3125,0.6752463558607397,1.0,58.93491124260354
1002,21151,0.148705,0.244684375,0.9565112637031683,1.0,58.93491124260354
1003,18552,0.27366250000000003,0.287284375,0.8904228406216118,0.13793103448275862,58.91666666666666
1004,18569,0.3031,0.278303125,0.9078303818817011,0.9655172413793103,58.9090909090909
1005,18542,0.338875,0.2884375,0.8880255390916757,0.27586206896551724,58.89999999999999
1006,2278,0.1125,0.294746875,0.8743645343934465,0.3448275862068966,58.89999999999999
1007,18538,0.2914,0.282228125,0.900469822912902,0.0,58.88888888888888
1008,4934,0.625,0.309375,0.7059462715335502,0.0,58.88888888888888
1009,19833,0.315125,0.25880000000000003,0.9390555354776532,0.6896551724137931,58.818181818181806
1010,6111,0.875,0.0625,0.7059462715335502,1.0,58.81656804733726
1011,3361,0.3625,0.029687499999999933,0.7468979641007107,1.0,58.81656804733726
1012,18537,0.315125,0.280675,0.9034212745452354,0.27586206896551724,58.79999999999999
1013,3163,0.125,0.25,0.9282857487049753,0.3448275862068966,58.79999999999999
1014,18539,0.267775,0.283775,0.8974701843151427,0.48275862068965514,58.72727272727272
1015,19852,0.14877,0.257215625,0.9412239489218166,0.3448275862068966,58.69999999999999
1016,19852,0.14877,0.257215625,0.9412239489218166,0.8275862068965517,58.692307692307686
1017,18546,0.18443375,0.289225,0.8863871822671968,0.0,58.66666666666666
1018,18562,0.24375,0.282196875,0.9005300566196843,0.48275862068965514,58.636363636363626
1019,17281,0.12499999999999992,0.29940625,0.8776894350078304,0.48275862068965514,58.54545454545453
1020,23114,0.125,0.16503125000000002,0.9961450427659317,0.8275862068965517,58.46153846153845
1021,4336,0.6125,0.262071875,0.9472834598241175,1.0,58.461538461538446
1022,2867,0.125,0.278125,0.8796530538489338,0.48275862068965514,58.454545454545446
1023,3571,0.3625,0.309375,0.789519335019877,0.0,58.444444444444436
1024,19852,0.14877,0.257215625,0.9412239489218166,0.13793103448275862,58.41666666666666
1025,18541,0.31515,0.28688125000000003,0.8912420190338513,0.6206896551724137,58.39999999999999
1026,18575,0.125,0.2931125,0.8918564028430309,0.48275862068965514,58.36363636363635
1027,2879,0.125,0.309375,0.8107697867726779,0.9655172413793103,58.36363636363635
1028,5392,0.8625,0.059375,0.6508384531984098,0.13793103448275862,58.33333333333332
1029,5104,0.625,0.059375,0.6508384531984098,0.13793103448275862,58.33333333333332
1030,3080,0.125,0.059375,0.6508384531984098,0.13793103448275862,58.33333333333332
1031,6116,0.875,0.059375,0.6508384531984098,0.13793103448275862,58.33333333333332
1032,2356,0.1125,0.059375,0.6508384531984098,0.13793103448275862,58.33333333333332
1033,4092,0.375,0.059375,0.6508384531984098,0.13793103448275862,58.33333333333332
1034,3368,0.3625,0.059375,0.6508384531984098,0.13793103448275862,58.33333333333332
1035,4380,0.6125,0.059375,0.6508384531984098,0.13793103448275862,58.33333333333332
1036,19854,0.125,0.26811250000000003,0.9252258764004336,0.0,58.33333333333332
1037,18615,0.375,0.2931125,0.8780026502830983,0.6206896551724137,58.29999999999999
1038,19857,0.19616125,0.26344375000000003,0.9323936875075292,0.6206896551724137,58.29999999999999
1039,19864,0.33276249999999996,0.25448125,0.9448379713287555,0.6206896551724137,58.29999999999999
1040,19850,0.19624000000000003,0.26033125,0.9369232622575593,0.0,58.22222222222221
1041,3937,0.375,0.28125,0.62643055053608,0.9655172413793103,58.18181818181817
1042,5104,0.625,0.059375,0.6508384531984098,0.6896551724137931,58.18181818181817
1043,6116,0.875,0.059375,0.6508384531984098,0.6896551724137931,58.18181818181817
1044,3538,0.3625,0.309375,0.7059462715335502,0.48275862068965514,58.18181818181817
1045,2866,0.125,0.278125,0.8578604987350921,0.0,58.1111111111111
1046,21130,0.29143749999999996,0.238475,0.9629080833634501,0.0,58.1111111111111
1047,19910,0.40466250000000004,0.269296875,0.9233224912661124,1.0,58.106508875739635
1048,18566,0.125,0.27440625,0.9147693049030237,0.27586206896551724,58.09999999999999
1049,19853,0.12499999999999992,0.25565625000000003,0.9433080351764848,0.27586206896551724,58.09999999999999
1050,19837,0.31515,0.26500625,0.9300566196843754,0.13793103448275862,58.08333333333332
1051,18566,0.125,0.27440625,0.9147693049030237,0.9655172413793103,57.99999999999999
1052,19835,0.267775,0.2619,0.9346705216239007,0.9655172413793103,57.99999999999999
1053,4550,0.6125,0.309375,0.7059462715335502,0.6206896551724137,57.99999999999999
1054,4594,0.6125,0.278125,0.8796530538489338,0.27586206896551724,57.99999999999999
1055,17270,0.125,0.29628125,0.8708709794000722,0.6206896551724137,57.89999999999999
1056,18667,0.39878749999999996,0.279090625,0.91972051560053,0.6206896551724137,57.89999999999999
1057,19857,0.19616125,0.26344375000000003,0.9323936875075292,0.3448275862068966,57.89999999999999
1058,2877,0.125,0.309375,0.7682568365257197,1.0,57.86982248520709
1059,21207,0.375,0.24936250000000001,0.9511866040236115,1.0,57.86982248520709
1060,18551,0.3032375,0.289225,0.8863871822671968,0.13793103448275862,57.83333333333332
1061,18569,0.3031,0.278303125,0.9078303818817011,0.6896551724137931,57.818181818181806
1062,19834,0.2914125,0.260353125,0.9368871220334899,0.48275862068965514,57.818181818181806
1063,19946,0.375,0.26811250000000003,0.9382363570654136,0.9655172413793103,57.818181818181806
1064,21135,0.3625,0.24623750000000003,0.9547885796891941,0.27586206896551724,57.79999999999999
1065,3149,0.125,0.28125,0.8367546078785688,0.3448275862068966,57.79999999999999
1066,3932,0.375,0.28125,0.6545717383447777,0.0,57.777777777777764
1067,5562,0.8625,0.309375,0.7059462715335502,0.0,57.777777777777764
1068,19858,0.24375,0.260321875,0.9369232622575593,0.13793103448275862,57.74999999999999
1069,18541,0.31515,0.28688125000000003,0.8912420190338513,0.3448275862068966,57.69999999999999
1070,17270,0.125,0.29628125,0.8708709794000722,0.3448275862068966,57.69999999999999
1071,19856,0.17245749999999999,0.265,0.9300686664257317,0.6206896551724137,57.69999999999999
1072,4934,0.625,0.309375,0.7059462715335502,0.6206896551724137,57.69999999999999
1073,3076,0.125,0.0625,0.62643055053608,0.8275862068965517,57.692307692307686
1074,19835,0.267775,0.2619,0.9346705216239007,0.6896551724137931,57.636363636363626
1075,19865,0.3031125,0.256428125,0.9422840621611853,0.13793103448275862,57.58333333333332
1076,18545,0.2141,0.287284375,0.8904228406216118,0.0,57.55555555555554
1077,17267,0.21418125,0.30213125,0.856944946392001,0.0,57.55555555555554
1078,18539,0.267775,0.283775,0.8974701843151427,0.9655172413793103,57.54545454545453
1079,18562,0.24375,0.282196875,0.9005300566196843,0.9655172413793103,57.54545454545453
1080,3172,0.125,0.26985625,0.9224189856643776,1.0,57.51479289940827
1081,19854,0.125,0.26811250000000003,0.9252258764004336,0.13793103448275862,57.49999999999999
1082,3538,0.3625,0.309375,0.7059462715335502,0.13793103448275862,57.49999999999999
1083,18537,0.315125,0.280675,0.9034212745452354,0.6206896551724137,57.49999999999999
1084,18615,0.375,0.2931125,0.8780026502830983,0.3448275862068966,57.49999999999999
1085,2517,0.1125,0.28125,0.62643055053608,0.3448275862068966,57.49999999999999
1086,2517,0.1125,0.28125,0.62643055053608,0.6206896551724137,57.39999999999999
1087,4171,0.375,0.294746875,0.8743645343934465,0.6206896551724137,57.29999999999999
1088,19856,0.17245749999999999,0.265,0.9300686664257317,0.3448275862068966,57.29999999999999
1089,19913,0.3986875,0.26655937500000004,0.9276713648957956,0.3448275862068966,57.29999999999999
1090,5399,0.8625,0.0625,0.65293579086857,1.0,57.27810650887573
1091,18562,0.24375,0.282196875,0.9005300566196843,0.6896551724137931,57.272727272727266
1092,2910,0.125,0.309375,0.7059462715335502,0.48275862068965514,57.272727272727266
1093,3937,0.375,0.28125,0.62643055053608,0.6896551724137931,57.272727272727266
1094,3149,0.125,0.28125,0.8367546078785688,0.9655172413793103,57.272727272727266
1095,19859,0.21412,0.258378125,0.9396458258041199,0.9655172413793103,57.272727272727266
1096,4934,0.625,0.309375,0.7059462715335502,0.6896551724137931,57.272727272727266
1097,19864,0.33276249999999996,0.25448125,0.9448379713287555,0.3448275862068966,57.19999999999999
1098,18539,0.267775,0.283775,0.8974701843151427,0.6896551724137931,57.18181818181817
1099,19841,0.21412874999999998,0.265409375,0.9294422358751956,0.13793103448275862,57.16666666666666
1100,21166,0.3625,0.23065625,0.9821949162751474,1.0,57.15976331360945
1101,19873,0.12499999999999992,0.25565625000000003,0.9560293940489097,0.6206896551724137,57.09999999999999
1102,19872,0.125,0.26811250000000003,0.9382363570654136,0.27586206896551724,57.09999999999999
1103,18570,0.27335000000000004,0.28025625,0.904216359474762,0.48275862068965514,57.09090909090908
1104,19832,0.3387875,0.25725312499999997,0.9411757619563906,0.9655172413793103,57.09090909090908
1105,21130,0.29143749999999996,0.238475,0.9629080833634501,1.0,57.04142011834318
1106,3584,0.3625,0.278125,0.8360558968798939,0.9655172413793103,56.99999999999999
1107,2517,0.1125,0.28125,0.62643055053608,0.27586206896551724,56.99999999999999
1108,17261,0.12499999999999992,0.29940625,0.8635586073966991,0.27586206896551724,56.99999999999999
1109,5946,0.875,0.309375,0.7059462715335502,0.27586206896551724,56.99999999999999
1110,19873,0.12499999999999992,0.25565625000000003,0.9560293940489097,0.3448275862068966,56.99999999999999
1111,19857,0.19616125,0.26344375000000003,0.9323936875075292,0.0,56.999999999999986
1112,18545,0.2141,0.287284375,0.8904228406216118,1.0,56.92307692307691
1113,17278,0.3625,0.29628125,0.8848572461149259,1.0,56.92307692307691
1114,2866,0.125,0.278125,0.8578604987350921,1.0,56.92307692307691
1115,4582,0.6125,0.309375,0.8107697867726779,1.0,56.92307692307691
1116,18536,0.33876249999999997,0.279128125,0.9063124924707866,0.13793103448275862,56.91666666666666
1117,2879,0.125,0.309375,0.8107697867726779,0.6896551724137931,56.9090909090909
1118,18537,0.315125,0.280675,0.9034212745452354,0.3448275862068966,56.89999999999999
1119,3285,0.3625,0.25,0.9282857487049753,1.0,56.89940828402366
1120,18564,0.1843975,0.278303125,0.9078303818817011,0.0,56.88888888888888
1121,2814,0.125,0.042315000000000005,0.7767256956993133,0.6896551724137931,56.818181818181806
1122,19842,0.18444500000000003,0.26735000000000003,0.9264305505360798,0.48275862068965514,56.818181818181806
1123,19849,0.21993625,0.261884375,0.9346946151066136,0.27586206896551724,56.79999999999999
1124,2517,0.1125,0.28125,0.62643055053608,0.0,56.66666666666666
1125,4087,0.375,0.0625,0.7059462715335502,0.0,56.66666666666666
1126,19853,0.12499999999999992,0.25565625000000003,0.9433080351764848,0.0,56.66666666666666
1127,21168,0.125,0.24623750000000003,0.9673292374412721,0.0,56.66666666666666
1128,3324,0.3625,0.262071875,0.9472834598241175,0.3448275862068966,56.61999999999999
1129,18538,0.2914,0.282228125,0.900469822912902,0.6206896551724137,56.59999999999999
1130,3593,0.3625,0.278125,0.9014576557041319,0.27586206896551724,56.59999999999999
1131,2883,0.125,0.3390625,0.735933020118058,0.13793103448275862,56.58333333333332
1132,17268,0.18441000000000002,0.300178125,0.8617034092278039,0.0,56.55555555555554
1133,19842,0.18444500000000003,0.26735000000000003,0.9264305505360798,0.9655172413793103,56.54545454545454
1134,3571,0.3625,0.309375,0.789519335019877,0.9655172413793103,56.454545454545446
1135,19859,0.21412,0.258378125,0.9396458258041199,0.48275862068965514,56.454545454545446
1136,19866,0.273375,0.258378125,0.9396458258041199,0.8275862068965517,56.38461538461538
1137,18552,0.27366250000000003,0.287284375,0.8904228406216118,0.9655172413793103,56.36363636363635
1138,18570,0.27335000000000004,0.28025625,0.904216359474762,0.9655172413793103,56.36363636363635
1139,3368,0.3625,0.059375,0.6508384531984098,0.6896551724137931,56.36363636363635
1140,4336,0.6125,0.262071875,0.9472834598241175,0.6206896551724137,56.34999999999999
1141,18568,0.3327375,0.276359375,0.9113359836164318,0.27586206896551724,56.29999999999999
1142,21206,0.4046875,0.24742187499999999,0.9534513913986267,0.6206896551724137,56.29999999999999
1143,19859,0.21412,0.258378125,0.9396458258041199,0.6896551724137931,56.272727272727266
1144,8155,0.3625,0.3421875,0.7468979641007107,0.8275862068965517,56.230769230769226
1145,18667,0.39878749999999996,0.279090625,0.91972051560053,0.3448275862068966,56.19999999999999
1146,21137,0.21414999999999998,0.24353125000000003,0.957752078062884,0.48275862068965514,56.18181818181817
1147,18566,0.125,0.27440625,0.9147693049030237,0.6896551724137931,56.18181818181817
1148,18669,0.398675,0.288434375,0.9016985905312612,0.48275862068965514,56.18181818181817
1149,5567,0.8625,0.3125,0.6508384531984098,0.8275862068965517,56.153846153846146
1150,4929,0.625,0.3125,0.6508384531984098,0.8275862068965517,56.153846153846146
1151,4387,0.6125,0.0625,0.65293579086857,1.0,56.15384615384614
1152,18554,0.1962575,0.28220625,0.9005180098783278,0.0,56.1111111111111
1153,18577,0.12499999999999992,0.27753125,0.922527406336586,0.0,56.1111111111111
1154,3932,0.375,0.28125,0.6545717383447777,0.6206896551724137,56.09999999999999
1155,3571,0.3625,0.309375,0.789519335019877,0.27586206896551724,56.09999999999999
1156,18544,0.24392624999999998,0.28533437500000003,0.8943741717865318,0.48275862068965514,56.09090909090908
1157,18568,0.3327375,0.276359375,0.9113359836164318,0.48275862068965514,55.99999999999999
1158,6679,0.125,0.34684375,0.7478014697024454,0.9655172413793103,55.99999999999999
1159,18669,0.398675,0.288434375,0.9016985905312612,0.27586206896551724,55.99999999999999
1160,3075,0.125,0.0625,0.7059462715335502,0.27586206896551724,55.99999999999999
1161,4087,0.375,0.0625,0.7059462715335502,0.27586206896551724,55.99999999999999
1162,4087,0.375,0.0625,0.7059462715335502,0.6206896551724137,55.99999999999999
1163,18552,0.27366250000000003,0.287284375,0.8904228406216118,0.6896551724137931,55.9090909090909
1164,19946,0.375,0.26811250000000003,0.9382363570654136,0.48275862068965514,55.9090909090909
1165,21150,0.125,0.24623750000000003,0.9547885796891941,0.48275862068965514,55.9090909090909
1166,18538,0.2914,0.282228125,0.900469822912902,0.3448275862068966,55.89999999999999
1167,3932,0.375,0.28125,0.6545717383447777,0.3448275862068966,55.89999999999999
1168,19851,0.1724775,0.258771875,0.939103722443079,0.6206896551724137,55.89999999999999
1169,19860,0.18438875000000002,0.256428125,0.9422840621611853,0.27586206896551724,55.89999999999999
1170,2807,0.125,0.034330625,0.7478014697024454,1.0,55.85798816568046
1171,3572,0.3625,0.309375,0.7682568365257197,1.0,55.85798816568046
1172,21206,0.4046875,0.24742187499999999,0.9534513913986267,1.0,55.85798816568046
1173,2526,0.1125,0.309375,0.7059462715335502,0.13793103448275862,55.83333333333332
1174,19831,0.3625,0.25570312500000003,0.9432478014697024,0.9655172413793103,55.818181818181806
1175,2814,0.125,0.042315000000000005,0.7767256956993133,0.9655172413793103,55.818181818181806
1176,2878,0.125,0.309375,0.789519335019877,0.6206896551724137,55.79999999999999
1177,19855,0.14869125,0.26655937500000004,0.9276713648957956,0.6206896551724137,55.79999999999999
1178,19840,0.24392624999999998,0.263459375,0.9323816407661726,0.8275862068965517,55.76923076923076
1179,3105,0.125,0.2550875,0.9567642452716538,0.13793103448275862,55.74999999999999
1180,19850,0.19624000000000003,0.26033125,0.9369232622575593,1.0,55.73964497041419
1181,19832,0.3387875,0.25725312499999997,0.9411757619563906,0.6896551724137931,55.72727272727272
1182,18553,0.21993625,0.283759375,0.8974942777978557,0.6206896551724137,55.69999999999999
1183,18577,0.12499999999999992,0.27753125,0.922527406336586,0.6206896551724137,55.69999999999999
1184,3584,0.3625,0.278125,0.8360558968798939,0.6206896551724137,55.69999999999999
1185,4336,0.6125,0.262071875,0.9472834598241175,0.3448275862068966,55.66999999999999
1186,2893,0.125,0.3390625,0.7157583423683893,0.13793103448275862,55.66666666666666
1187,18570,0.27335000000000004,0.28025625,0.904216359474762,0.6896551724137931,55.636363636363626
1188,17329,0.6125,0.29628125,0.8708709794000722,0.27586206896551724,55.59999999999999
1189,5562,0.8625,0.309375,0.7059462715335502,0.3448275862068966,55.59999999999999
1190,19851,0.1724775,0.258771875,0.939103722443079,0.3448275862068966,55.59999999999999
1191,3149,0.125,0.28125,0.8367546078785688,0.27586206896551724,55.59999999999999
1192,19860,0.18438875000000002,0.256428125,0.9422840621611853,0.6206896551724137,55.59999999999999
1193,5397,0.8625,0.0625,0.7059462715335502,0.0,55.55555555555554
1194,3075,0.125,0.0625,0.7059462715335502,0.0,55.55555555555554
1195,5099,0.625,0.0625,0.7059462715335502,0.0,55.55555555555554
1196,5946,0.875,0.309375,0.7059462715335502,0.0,55.55555555555554
1197,3373,0.3625,0.0625,0.7059462715335502,0.0,55.55555555555554
1198,18563,0.21414625000000004,0.28025625,0.904216359474762,0.48275862068965514,55.54545454545454
1199,19842,0.18444500000000003,0.26735000000000003,0.9264305505360798,0.6896551724137931,55.54545454545454
1200,18577,0.12499999999999992,0.27753125,0.922527406336586,0.3448275862068966,55.49999999999999
1201,4550,0.6125,0.309375,0.7059462715335502,0.6896551724137931,55.454545454545446
1202,3922,0.375,0.309375,0.7059462715335502,0.48275862068965514,55.454545454545446
1203,4550,0.6125,0.309375,0.7059462715335502,0.9655172413793103,55.454545454545446
1204,3937,0.375,0.28125,0.62643055053608,0.48275862068965514,55.454545454545446
1205,2526,0.1125,0.309375,0.7059462715335502,0.48275862068965514,55.454545454545446
1206,2361,0.1125,0.0625,0.7059462715335502,0.9655172413793103,55.454545454545446
1207,21138,0.1844525,0.24547500000000003,0.9556438983255029,0.0,55.444444444444436
1208,18545,0.2141,0.287284375,0.8904228406216118,0.6206896551724137,55.39999999999999
1209,18553,0.21993625,0.283759375,0.8974942777978557,0.3448275862068966,55.39999999999999
1210,4171,0.375,0.294746875,0.8743645343934465,0.3448275862068966,55.39999999999999
1211,2905,0.125,0.3125,0.6508384531984098,0.8275862068965517,55.38461538461538
1212,2908,0.125,0.3125,0.62643055053608,0.8275862068965517,55.38461538461538
1213,3093,0.125,0.33147187499999997,0.7863028550777015,0.8275862068965517,55.38461538461538
1214,18563,0.21414625000000004,0.28025625,0.904216359474762,0.9655172413793103,55.36363636363635
1215,18568,0.3327375,0.276359375,0.9113359836164318,0.9655172413793103,55.36363636363635
1216,17337,0.375,0.29628125,0.8708709794000722,0.9655172413793103,55.36363636363635
1217,19835,0.267775,0.2619,0.9346705216239007,0.48275862068965514,55.36363636363635
1218,19946,0.375,0.26811250000000003,0.9382363570654136,0.6896551724137931,55.36363636363635
1219,19866,0.273375,0.258378125,0.9396458258041199,0.13793103448275862,55.33333333333332
1220,3319,0.3625,0.29553124999999997,0.8865317431634743,0.0,55.33333333333332
1221,2867,0.125,0.278125,0.8796530538489338,0.27586206896551724,55.29999999999999
1222,19860,0.18438875000000002,0.256428125,0.9422840621611853,0.3448275862068966,55.29999999999999
1223,18563,0.21414625000000004,0.28025625,0.904216359474762,0.6896551724137931,55.272727272727266
1224,3105,0.125,0.2550875,0.9567642452716538,1.0,55.2662721893491
1225,19851,0.1724775,0.258771875,0.939103722443079,0.27586206896551724,55.19999999999999
1226,19855,0.14869125,0.26655937500000004,0.9276713648957956,0.3448275862068966,55.19999999999999
1227,18567,0.3625,0.27440625,0.9147693049030237,0.48275862068965514,55.18181818181817
1228,18550,0.33294999999999997,0.291175,0.882231056499217,0.13793103448275862,55.16666666666666
1229,18544,0.24392624999999998,0.28533437500000003,0.8943741717865318,0.9655172413793103,55.09090909090908
1230,17271,0.3625,0.29628125,0.8708709794000722,1.0,55.029585798816555
1231,3521,0.3625,0.278125,0.7718949524153716,0.27586206896551724,54.99999999999999
1232,5397,0.8625,0.0625,0.7059462715335502,0.27586206896551724,54.99999999999999
1233,5099,0.625,0.0625,0.7059462715335502,0.27586206896551724,54.99999999999999
1234,4385,0.6125,0.0625,0.7059462715335502,0.27586206896551724,54.99999999999999
1235,3373,0.3625,0.0625,0.7059462715335502,0.27586206896551724,54.99999999999999
1236,21150,0.125,0.24623750000000003,0.9547885796891941,0.9655172413793103,54.9090909090909
1237,18545,0.2141,0.287284375,0.8904228406216118,0.3448275862068966,54.89999999999999
1238,5099,0.625,0.0625,0.7059462715335502,0.6206896551724137,54.89999999999999
1239,21206,0.4046875,0.24742187499999999,0.9534513913986267,0.3448275862068966,54.89999999999999
1240,3150,0.125,0.28125,0.8586073966991927,0.0,54.88888888888888
1241,19835,0.267775,0.2619,0.9346705216239007,0.13793103448275862,54.83333333333332
1242,21137,0.21414999999999998,0.24353125000000003,0.957752078062884,0.9655172413793103,54.818181818181806
1243,18540,0.29151249999999995,0.28533125,0.8943741717865318,0.9655172413793103,54.818181818181806
1244,3584,0.3625,0.278125,0.8360558968798939,0.6896551724137931,54.818181818181806
1245,19836,0.2915,0.26345625,0.9323816407661726,0.48275862068965514,54.818181818181806
1246,19849,0.21993625,0.261884375,0.9346946151066136,0.48275862068965514,54.818181818181806
1247,3105,0.125,0.2550875,0.9567642452716538,0.27586206896551724,54.79999999999999
1248,3298,0.3625,0.28125,0.8586073966991927,0.6206896551724137,54.79999999999999
1249,21135,0.3625,0.24623750000000003,0.9547885796891941,0.48275862068965514,54.72727272727272
1250,18544,0.24392624999999998,0.28533437500000003,0.8943741717865318,0.6896551724137931,54.72727272727272
1251,2278,0.1125,0.294746875,0.8743645343934465,0.48275862068965514,54.72727272727272
1252,19846,0.332925,0.269296875,0.9233224912661124,0.48275862068965514,54.72727272727272
1253,3593,0.3625,0.278125,0.9014576557041319,0.6206896551724137,54.69999999999999
1254,3918,0.375,0.3125,0.6752463558607397,1.0,54.67455621301774
1255,15057,0.12499999999999992,0.036905625,0.7740151788941092,0.6896551724137931,54.636363636363626
1256,21207,0.375,0.24936250000000001,0.9511866040236115,0.48275862068965514,54.636363636363626
1257,3376,0.3625,0.0625,0.62643055053608,0.8275862068965517,54.615384615384606
1258,4388,0.6125,0.0625,0.62643055053608,0.8275862068965517,54.615384615384606
1259,18630,0.6125,0.277578125,0.9091555234309118,1.0,54.55621301775147
1260,3104,0.125,0.262071875,0.9472834598241175,0.0,54.55555555555554
1261,18540,0.29151249999999995,0.28533125,0.8943741717865318,0.6896551724137931,54.54545454545454
1262,3932,0.375,0.28125,0.6545717383447777,0.9655172413793103,54.54545454545454
1263,3099,0.125,0.29553124999999997,0.8865317431634743,0.13793103448275862,54.49999999999999
1264,3584,0.3625,0.278125,0.8360558968798939,0.3448275862068966,54.49999999999999
1265,2866,0.125,0.278125,0.8578604987350921,0.6206896551724137,54.49999999999999
1266,18552,0.27366250000000003,0.287284375,0.8904228406216118,0.48275862068965514,54.454545454545446
1267,17337,0.375,0.29628125,0.8708709794000722,0.0,54.444444444444436
1268,6111,0.875,0.0625,0.7059462715335502,0.0,54.444444444444436
1269,4385,0.6125,0.0625,0.7059462715335502,0.0,54.444444444444436
1270,18561,0.19614375,0.285321875,0.8943982652692446,1.0,54.4378698224852
1271,17260,0.14881,0.30096875,0.8598000240934827,1.0,54.4378698224852
1272,18547,0.1546325,0.291175,0.882231056499217,0.27586206896551724,54.39999999999999
1273,18540,0.29151249999999995,0.28533125,0.8943741717865318,0.48275862068965514,54.36363636363635
1274,19836,0.2915,0.26345625,0.9323816407661726,0.13793103448275862,54.33333333333333
1275,2865,0.125,0.278125,0.8360558968798939,1.0,54.31952662721892
1276,4198,0.375,0.2384375,0.9629442235875195,1.0,54.31952662721892
1277,19856,0.17245749999999999,0.265,0.9300686664257317,0.27586206896551724,54.29999999999999
1278,18568,0.3327375,0.276359375,0.9113359836164318,0.6896551724137931,54.272727272727266
1279,17261,0.12499999999999992,0.29940625,0.8635586073966991,0.48275862068965514,54.272727272727266
1280,3149,0.125,0.28125,0.8367546078785688,0.48275862068965514,54.272727272727266
1281,2865,0.125,0.278125,0.8360558968798939,0.0,54.222222222222214
1282,21137,0.21414999999999998,0.24353125000000003,0.957752078062884,0.6896551724137931,54.18181818181817
1283,19831,0.3625,0.25570312500000003,0.9432478014697024,0.6896551724137931,54.18181818181817
1284,19857,0.19616125,0.26344375000000003,0.9323936875075292,0.9655172413793103,54.18181818181817
1285,5562,0.8625,0.309375,0.7059462715335502,0.6206896551724137,54.09999999999999
1286,19851,0.1724775,0.258771875,0.939103722443079,0.9655172413793103,53.99999999999999
1287,19856,0.17245749999999999,0.265,0.9300686664257317,0.9655172413793103,53.99999999999999
1288,3073,0.125,0.0625,0.65293579086857,0.27586206896551724,53.99999999999999
1289,6111,0.875,0.0625,0.7059462715335502,0.27586206896551724,53.99999999999999
1290,5946,0.875,0.309375,0.7059462715335502,0.3448275862068966,53.99999999999999
1291,2927,0.125,0.278125,0.7718949524153716,1.0,53.96449704142011
1292,2522,0.1125,0.300271875,0.7551740754126008,1.0,53.96449704142011
1293,15059,0.342825,0.0350715625,0.7673653776653414,1.0,53.96449704142011
1294,19858,0.24375,0.260321875,0.9369232622575593,0.8275862068965517,53.92307692307691
1295,19852,0.14877,0.257215625,0.9412239489218166,0.48275862068965514,53.9090909090909
1296,2878,0.125,0.309375,0.789519335019877,0.3448275862068966,53.89999999999999
1297,5392,0.8625,0.059375,0.6508384531984098,0.8275862068965517,53.84615384615384
1298,5400,0.8625,0.0625,0.62643055053608,0.8275862068965517,53.84615384615384
1299,3583,0.3625,0.278125,0.8578604987350921,0.8275862068965517,53.84615384615384
1300,5100,0.625,0.0625,0.62643055053608,0.8275862068965517,53.84615384615384
1301,5104,0.625,0.059375,0.6508384531984098,0.8275862068965517,53.84615384615384
1302,3080,0.125,0.059375,0.6508384531984098,0.8275862068965517,53.84615384615384
1303,6116,0.875,0.059375,0.6508384531984098,0.8275862068965517,53.84615384615384
1304,6112,0.875,0.0625,0.62643055053608,0.8275862068965517,53.84615384615384
1305,2356,0.1125,0.059375,0.6508384531984098,0.8275862068965517,53.84615384615384
1306,4092,0.375,0.059375,0.6508384531984098,0.8275862068965517,53.84615384615384
1307,4380,0.6125,0.059375,0.6508384531984098,0.8275862068965517,53.84615384615384
1308,18641,0.4047625,0.276359375,0.9113359836164318,1.0,53.84615384615383
1309,19965,0.3986875,0.26655937500000004,0.9406457053367063,1.0,53.84615384615383
1310,19836,0.2915,0.26345625,0.9323816407661726,0.9655172413793103,53.818181818181806
1311,19842,0.18444500000000003,0.26735000000000003,0.9264305505360798,0.27586206896551724,53.79999999999999
1312,3150,0.125,0.28125,0.8586073966991927,0.6206896551724137,53.79999999999999
1313,18550,0.33294999999999997,0.291175,0.882231056499217,0.8275862068965517,53.76923076923076
1314,18555,0.17248375,0.280646875,0.9034815082520178,1.0,53.72781065088756
1315,3355,0.3625,0.046015,0.8049271172147935,1.0,53.72781065088756
1316,17337,0.375,0.29628125,0.8708709794000722,0.6896551724137931,53.72727272727272
1317,3584,0.3625,0.278125,0.8360558968798939,0.48275862068965514,53.72727272727272
1318,3571,0.3625,0.309375,0.789519335019877,0.6896551724137931,53.72727272727272
1319,3163,0.125,0.25,0.9282857487049753,0.48275862068965514,53.72727272727272
1320,4385,0.6125,0.0625,0.7059462715335502,0.6206896551724137,53.69999999999999
1321,19834,0.2914125,0.260353125,0.9368871220334899,0.13793103448275862,53.66666666666666
1322,18667,0.39878749999999996,0.279090625,0.91972051560053,0.0,53.66666666666666
1323,18541,0.31515,0.28688125000000003,0.8912420190338513,0.9655172413793103,53.636363636363626
1324,4550,0.6125,0.309375,0.7059462715335502,0.48275862068965514,53.636363636363626
1325,2517,0.1125,0.28125,0.62643055053608,0.9655172413793103,53.636363636363626
1326,2867,0.125,0.278125,0.8796530538489338,0.9655172413793103,53.636363636363626
1327,2363,0.1125,0.0625,0.65293579086857,0.9655172413793103,53.636363636363626
1328,4088,0.375,0.0625,0.62643055053608,0.6896551724137931,53.636363636363626
1329,4934,0.625,0.309375,0.7059462715335502,0.48275862068965514,53.636363636363626
1330,17336,0.4048,0.298234375,0.8663293579086857,1.0,53.60946745562129
1331,5594,0.8625,0.309375,0.8107697867726779,1.0,53.60946745562129
1332,6111,0.875,0.0625,0.7059462715335502,0.6206896551724137,53.59999999999999
1333,18567,0.3625,0.27440625,0.9147693049030237,0.9655172413793103,53.54545454545454
1334,19857,0.19616125,0.26344375000000003,0.9323936875075292,0.6896551724137931,53.54545454545454
1335,3298,0.3625,0.28125,0.8586073966991927,0.9655172413793103,53.54545454545454
1336,6399,0.125,0.3421875,0.7468979641007107,0.8275862068965517,53.53846153846153
1337,18553,0.21993625,0.283759375,0.8974942777978557,0.13793103448275862,53.49999999999999
1338,5397,0.8625,0.0625,0.7059462715335502,0.6206896551724137,53.49999999999999
1339,18541,0.31515,0.28688125000000003,0.8912420190338513,0.48275862068965514,53.454545454545446
1340,19845,0.3625,0.2712375,0.9201421515480062,0.0,53.444444444444436
1341,17283,0.3327,0.298234375,0.8803999518130344,0.6206896551724137,53.39999999999999
1342,3075,0.125,0.0625,0.7059462715335502,0.6206896551724137,53.39999999999999
1343,4085,0.375,0.0625,0.65293579086857,0.6206896551724137,53.39999999999999
1344,3373,0.3625,0.0625,0.7059462715335502,0.6206896551724137,53.39999999999999
1345,18649,0.375,0.2931125,0.8918564028430309,1.0,53.372781065088745
1346,19855,0.14869125,0.26655937500000004,0.9276713648957956,0.9655172413793103,53.36363636363635
1347,19913,0.3986875,0.26655937500000004,0.9276713648957956,0.48275862068965514,53.36363636363635
1348,2544,0.1125,0.3390625,0.7157583423683893,0.13793103448275862,53.33333333333333
1349,3521,0.3625,0.278125,0.7718949524153716,0.0,53.33333333333332
1350,17283,0.3327,0.298234375,0.8803999518130344,0.0,53.33333333333332
1351,2516,0.1125,0.28125,0.6545717383447777,0.0,53.33333333333332
1352,3073,0.125,0.0625,0.65293579086857,0.0,53.33333333333332
1353,4594,0.6125,0.278125,0.8796530538489338,0.0,53.33333333333332
1354,2361,0.1125,0.0625,0.7059462715335502,0.0,53.33333333333332
1355,4085,0.375,0.0625,0.65293579086857,0.0,53.33333333333332
1356,6109,0.875,0.0625,0.65293579086857,0.0,53.33333333333332
1357,18542,0.338875,0.2884375,0.8880255390916757,0.6206896551724137,53.29999999999999
1358,18667,0.39878749999999996,0.279090625,0.91972051560053,0.27586206896551724,53.29999999999999
1359,19855,0.14869125,0.26655937500000004,0.9276713648957956,0.27586206896551724,53.29999999999999
1360,3319,0.3625,0.29553124999999997,0.8865317431634743,0.27586206896551724,53.29999999999999
1361,18537,0.315125,0.280675,0.9034212745452354,0.9655172413793103,53.272727272727266
1362,4949,0.625,0.28125,0.62643055053608,1.0,53.254437869822475
1363,18547,0.1546325,0.291175,0.882231056499217,0.13793103448275862,53.24999999999999
1364,18538,0.2914,0.282228125,0.900469822912902,0.27586206896551724,53.19999999999999
1365,3593,0.3625,0.278125,0.9014576557041319,0.3448275862068966,53.19999999999999
1366,19851,0.1724775,0.258771875,0.939103722443079,0.6896551724137931,53.18181818181817
1367,19856,0.17245749999999999,0.265,0.9300686664257317,0.6896551724137931,53.18181818181817
1368,19833,0.315125,0.25880000000000003,0.9390555354776532,0.13793103448275862,53.16666666666666
1369,21151,0.148705,0.244684375,0.9565112637031683,0.0,53.1111111111111
1370,19857,0.19616125,0.26344375000000003,0.9323936875075292,0.27586206896551724,53.09999999999999
1371,18669,0.398675,0.288434375,0.9016985905312612,0.9655172413793103,53.09090909090908
1372,3149,0.125,0.28125,0.8367546078785688,0.6896551724137931,53.09090909090908
1373,15057,0.12499999999999992,0.036905625,0.7740151788941092,0.9655172413793103,53.09090909090908
1374,18541,0.31515,0.28688125000000003,0.8912420190338513,0.13793103448275862,53.08333333333333
1375,18541,0.31515,0.28688125000000003,0.8912420190338513,0.6896551724137931,52.99999999999999
1376,19857,0.19616125,0.26344375000000003,0.9323936875075292,0.48275862068965514,52.99999999999999
1377,2312,0.1125,0.262071875,0.9472834598241175,0.9655172413793103,52.99999999999999
1378,2516,0.1125,0.28125,0.6545717383447777,0.27586206896551724,52.99999999999999
1379,2361,0.1125,0.0625,0.7059462715335502,0.27586206896551724,52.99999999999999
1380,5946,0.875,0.309375,0.7059462715335502,0.6206896551724137,52.99999999999999
1381,21130,0.29143749999999996,0.238475,0.9629080833634501,0.27586206896551724,52.99999999999999
1382,18537,0.315125,0.280675,0.9034212745452354,0.48275862068965514,52.9090909090909
1383,19836,0.2915,0.26345625,0.9323816407661726,0.6896551724137931,52.9090909090909
1384,19864,0.33276249999999996,0.25448125,0.9448379713287555,0.9655172413793103,52.9090909090909
1385,21150,0.125,0.24623750000000003,0.9547885796891941,0.6896551724137931,52.9090909090909
1386,18536,0.33876249999999997,0.279128125,0.9063124924707866,0.6206896551724137,52.89999999999999
1387,18630,0.6125,0.277578125,0.9091555234309118,0.27586206896551724,52.89999999999999
1388,17267,0.21418125,0.30213125,0.856944946392001,0.27586206896551724,52.89999999999999
1389,2866,0.125,0.278125,0.8578604987350921,0.3448275862068966,52.89999999999999
1390,3571,0.3625,0.309375,0.789519335019877,0.6206896551724137,52.89999999999999
1391,3298,0.3625,0.28125,0.8586073966991927,0.3448275862068966,52.89999999999999
1392,18546,0.18443375,0.289225,0.8863871822671968,0.6206896551724137,52.79999999999999
1393,18614,0.40463749999999993,0.291175,0.882231056499217,0.6206896551724137,52.79999999999999
1394,3150,0.125,0.28125,0.8586073966991927,0.27586206896551724,52.79999999999999
1395,21151,0.148705,0.244684375,0.9565112637031683,0.6206896551724137,52.79999999999999
1396,21134,0.33885,0.2446875,0.9565112637031683,0.0,52.777777777777764
1397,2517,0.1125,0.28125,0.62643055053608,0.48275862068965514,52.72727272727272
1398,3932,0.375,0.28125,0.6545717383447777,0.6896551724137931,52.72727272727272
1399,2517,0.1125,0.28125,0.62643055053608,0.6896551724137931,52.72727272727272
1400,5562,0.8625,0.309375,0.7059462715335502,0.6896551724137931,52.72727272727272
1401,5562,0.8625,0.309375,0.7059462715335502,0.9655172413793103,52.72727272727272
1402,5946,0.875,0.309375,0.7059462715335502,0.9655172413793103,52.72727272727272
1403,2516,0.1125,0.28125,0.6545717383447777,0.6206896551724137,52.69999999999999
1404,18577,0.12499999999999992,0.27753125,0.922527406336586,1.0,52.66272189349111
1405,3583,0.3625,0.278125,0.8578604987350921,0.6206896551724137,52.62999999999999
1406,2516,0.1125,0.28125,0.6545717383447777,0.3448275862068966,52.59999999999999
1407,18561,0.19614375,0.285321875,0.8943982652692446,0.0,52.55555555555554
1408,17269,0.15480125,0.298234375,0.8663293579086857,0.0,52.55555555555554
1409,19864,0.33276249999999996,0.25448125,0.9448379713287555,0.48275862068965514,52.54545454545454
1410,2342,0.1125,0.051786874999999996,0.822816528129141,1.0,52.54437869822484
1411,3151,0.125,0.28125,0.8804722322611732,1.0,52.54437869822484
1412,4311,0.6125,0.28125,0.8367546078785688,1.0,52.54437869822484
1413,2910,0.125,0.309375,0.7059462715335502,0.13793103448275862,52.49999999999999
1414,4550,0.6125,0.309375,0.7059462715335502,0.13793103448275862,52.49999999999999
1415,3171,0.125,0.26331875,0.9325864353692326,0.13793103448275862,52.49999999999999
1416,3298,0.3625,0.28125,0.8586073966991927,0.13793103448275862,52.49999999999999
1417,18542,0.338875,0.2884375,0.8880255390916757,0.3448275862068966,52.49999999999999
1418,18536,0.33876249999999997,0.279128125,0.9063124924707866,0.3448275862068966,52.49999999999999
1419,3104,0.125,0.262071875,0.9472834598241175,0.27586206896551724,52.49999999999999
1420,21166,0.3625,0.23065625,0.9821949162751474,0.6206896551724137,52.49999999999999
1421,18537,0.315125,0.280675,0.9034212745452354,0.6896551724137931,52.454545454545446
1422,18567,0.3625,0.27440625,0.9147693049030237,0.6896551724137931,52.454545454545446
1423,3285,0.3625,0.25,0.9282857487049753,0.9655172413793103,52.454545454545446
1424,18565,0.15476625,0.276359375,0.9113359836164318,1.0,52.42603550295857
1425,21138,0.1844525,0.24547500000000003,0.9556438983255029,0.6206896551724137,52.39999999999999
1426,18546,0.18443375,0.289225,0.8863871822671968,0.3448275862068966,52.39999999999999
1427,21166,0.3625,0.23065625,0.9821949162751474,0.3448275862068966,52.39999999999999
1428,19849,0.21993625,0.261884375,0.9346946151066136,0.9655172413793103,52.36363636363635
1429,19855,0.14869125,0.26655937500000004,0.9276713648957956,0.6896551724137931,52.36363636363635
1430,19856,0.17245749999999999,0.265,0.9300686664257317,0.48275862068965514,52.36363636363635
1431,3593,0.3625,0.278125,0.9014576557041319,0.0,52.33333333333332
1432,5941,0.875,0.3125,0.6508384531984098,0.8275862068965517,52.3076923076923
1433,3299,0.3625,0.28125,0.8367546078785688,0.8275862068965517,52.3076923076923
1434,19945,0.375,0.2712375,0.933249006143838,1.0,52.3076923076923
1435,18554,0.1962575,0.28220625,0.9005180098783278,0.27586206896551724,52.29999999999999
1436,6395,0.125,0.34746875,0.7669437417178653,0.8275862068965517,52.230769230769226
1437,5097,0.625,0.0625,0.65293579086857,0.0,52.222222222222214
1438,3572,0.3625,0.309375,0.7682568365257197,0.0,52.222222222222214
1439,17283,0.3327,0.298234375,0.8803999518130344,0.3448275862068966,52.19999999999999
1440,18560,0.17245125,0.286875,0.8912540657752078,1.0,52.18934911242602
1441,18669,0.398675,0.288434375,0.9016985905312612,0.6896551724137931,52.18181818181817
1442,18555,0.17248375,0.280646875,0.9034815082520178,0.0,52.1111111111111
1443,21138,0.1844525,0.24547500000000003,0.9556438983255029,0.27586206896551724,52.09999999999999
1444,19850,0.19624000000000003,0.26033125,0.9369232622575593,0.6206896551724137,52.09999999999999
1445,3150,0.125,0.28125,0.8586073966991927,0.3448275862068966,52.09999999999999
1446,21151,0.148705,0.244684375,0.9565112637031683,0.3448275862068966,52.09999999999999
1447,18667,0.39878749999999996,0.279090625,0.91972051560053,0.48275862068965514,52.09090909090908
1448,19849,0.21993625,0.261884375,0.9346946151066136,0.6896551724137931,52.09090909090908
1449,21134,0.33885,0.2446875,0.9565112637031683,1.0,52.07100591715975
1450,4554,0.6125,0.3125,0.6752463558607397,1.0,52.07100591715975
1451,18562,0.24375,0.282196875,0.9005300566196843,0.13793103448275862,51.99999999999999
1452,18536,0.33876249999999997,0.279128125,0.9063124924707866,0.9655172413793103,51.99999999999999
1453,4085,0.375,0.0625,0.65293579086857,0.27586206896551724,51.99999999999999
1454,6109,0.875,0.0625,0.65293579086857,0.27586206896551724,51.99999999999999
1455,21168,0.125,0.24623750000000003,0.9673292374412721,0.27586206896551724,51.99999999999999
1456,19863,0.3625,0.25253125,0.9473196000481869,0.0,51.99999999999999
1457,15056,0.125,0.04936375,0.8154559691603421,1.0,51.95266272189348
1458,3542,0.3625,0.3125,0.6752463558607397,1.0,51.95266272189348
1459,18553,0.21993625,0.283759375,0.8974942777978557,0.9655172413793103,51.9090909090909
1460,3150,0.125,0.28125,0.8586073966991927,0.9655172413793103,51.9090909090909
1461,21138,0.1844525,0.24547500000000003,0.9556438983255029,0.3448275862068966,51.89999999999999
1462,2526,0.1125,0.309375,0.7059462715335502,0.6896551724137931,51.81818181818181
1463,2361,0.1125,0.0625,0.7059462715335502,0.6896551724137931,51.81818181818181
1464,5946,0.875,0.309375,0.7059462715335502,0.6896551724137931,51.81818181818181
1465,19864,0.33276249999999996,0.25448125,0.9448379713287555,0.6896551724137931,51.81818181818181
1466,18546,0.18443375,0.289225,0.8863871822671968,0.27586206896551724,51.79999999999999
1467,4171,0.375,0.294746875,0.8743645343934465,0.48275862068965514,51.72727272727272
1468,18573,0.3625,0.277578125,0.9224430791470907,1.0,51.715976331360935
1469,17244,0.2915375,0.30720625,0.8440308396578725,1.0,51.715976331360935
1470,18566,0.125,0.27440625,0.9147693049030237,0.6206896551724137,51.69999999999999
1471,17283,0.3327,0.298234375,0.8803999518130344,0.27586206896551724,51.69999999999999
1472,18614,0.40463749999999993,0.291175,0.882231056499217,0.3448275862068966,51.69999999999999
1473,17268,0.18441000000000002,0.300178125,0.8617034092278039,0.6206896551724137,51.69999999999999
1474,2866,0.125,0.278125,0.8578604987350921,0.27586206896551724,51.69999999999999
1475,19850,0.19624000000000003,0.26033125,0.9369232622575593,0.3448275862068966,51.69999999999999
1476,3937,0.375,0.28125,0.62643055053608,0.13793103448275862,51.66666666666666
1477,19913,0.3986875,0.26655937500000004,0.9276713648957956,0.9655172413793103,51.636363636363626
1478,21139,0.15468375,0.24742187499999999,0.9534513913986267,0.9655172413793103,51.636363636363626
1479,18564,0.1843975,0.278303125,0.9078303818817011,0.27586206896551724,51.59999999999999
1480,17269,0.15480125,0.298234375,0.8663293579086857,0.6206896551724137,51.59999999999999
1481,17267,0.21418125,0.30213125,0.856944946392001,0.6206896551724137,51.59999999999999
1482,19869,0.3625,0.25570312500000003,0.9559691603421274,0.0,51.55555555555554
1483,3298,0.3625,0.28125,0.8586073966991927,0.6896551724137931,51.54545454545454
1484,3149,0.125,0.28125,0.8367546078785688,0.8275862068965517,51.53846153846153
1485,4595,0.6125,0.278125,0.8578604987350921,1.0,51.50295857988164
1486,17268,0.18441000000000002,0.300178125,0.8617034092278039,0.27586206896551724,51.49999999999999
1487,6109,0.875,0.0625,0.65293579086857,0.6206896551724137,51.49999999999999
1488,3891,0.375,0.309375,0.8107697867726779,1.0,51.479289940828394
1489,18642,0.375,0.27440625,0.9147693049030237,1.0,51.479289940828394
1490,3324,0.3625,0.262071875,0.9472834598241175,1.0,51.479289940828394
1491,21138,0.1844525,0.24547500000000003,0.9556438983255029,0.9655172413793103,51.454545454545446
1492,18553,0.21993625,0.283759375,0.8974942777978557,0.6896551724137931,51.454545454545446
1493,3162,0.125,0.25,0.906143838091796,0.9655172413793103,51.454545454545446
1494,18573,0.3625,0.277578125,0.9224430791470907,0.0,51.444444444444436
1495,18630,0.6125,0.277578125,0.9091555234309118,0.0,51.444444444444436
1496,21137,0.21414999999999998,0.24353125000000003,0.957752078062884,0.13793103448275862,51.41666666666666
1497,5097,0.625,0.0625,0.65293579086857,0.6206896551724137,51.39999999999999
1498,18538,0.2914,0.282228125,0.900469822912902,0.48275862068965514,51.36363636363635
1499,17336,0.4048,0.298234375,0.8663293579086857,0.0,51.33333333333332
1500,17267,0.21418125,0.30213125,0.856944946392001,0.3448275862068966,51.29999999999999
1501,17268,0.18441000000000002,0.300178125,0.8617034092278039,0.3448275862068966,51.29999999999999
1502,3571,0.3625,0.309375,0.789519335019877,0.3448275862068966,51.29999999999999
1503,18536,0.33876249999999997,0.279128125,0.9063124924707866,0.6896551724137931,51.272727272727266
1504,18542,0.338875,0.2884375,0.8880255390916757,0.13793103448275862,51.24999999999999
1505,3521,0.3625,0.278125,0.7718949524153716,0.6206896551724137,51.19999999999999
1506,2865,0.125,0.278125,0.8360558968798939,0.27586206896551724,51.19999999999999
1507,19872,0.125,0.26811250000000003,0.9382363570654136,0.6206896551724137,51.19999999999999
1508,18553,0.21993625,0.283759375,0.8974942777978557,0.48275862068965514,51.18181818181817
1509,19832,0.3387875,0.25725312499999997,0.9411757619563906,0.13793103448275862,51.16666666666666
1510,4387,0.6125,0.0625,0.65293579086857,0.0,51.1111111111111
1511,3521,0.3625,0.278125,0.7718949524153716,0.3448275862068966,51.09999999999999
1512,18566,0.125,0.27440625,0.9147693049030237,0.3448275862068966,51.09999999999999
1513,17337,0.375,0.29628125,0.8708709794000722,0.27586206896551724,51.09999999999999
1514,4087,0.375,0.0625,0.7059462715335502,0.3448275862068966,51.09999999999999
1515,19864,0.33276249999999996,0.25448125,0.9448379713287555,0.13793103448275862,50.99999999999999
1516,3593,0.3625,0.278125,0.9014576557041319,0.9655172413793103,50.99999999999999
1517,21139,0.15468375,0.24742187499999999,0.9534513913986267,0.6896551724137931,50.99999999999999
1518,3918,0.375,0.3125,0.6752463558607397,0.27586206896551724,50.99999999999999
1519,17240,0.33875,0.30100625000000003,0.8597036501626311,0.6206896551724137,50.99999999999999
1520,2361,0.1125,0.0625,0.7059462715335502,0.6206896551724137,50.99999999999999
1521,5097,0.625,0.0625,0.65293579086857,0.27586206896551724,50.99999999999999
1522,3572,0.3625,0.309375,0.7682568365257197,0.27586206896551724,50.99999999999999
1523,19913,0.3986875,0.26655937500000004,0.9276713648957956,0.27586206896551724,50.99999999999999
1524,17240,0.33875,0.30100625000000003,0.8597036501626311,0.0,50.99999999999999
1525,4336,0.6125,0.262071875,0.9472834598241175,0.0,50.99999999999999
1526,3868,0.375,0.27164062499999997,0.8892302132273219,1.0,50.98224852071005
1527,3932,0.375,0.28125,0.6545717383447777,0.48275862068965514,50.9090909090909
1528,3373,0.3625,0.0625,0.7059462715335502,0.9655172413793103,50.9090909090909
1529,21130,0.29143749999999996,0.238475,0.9629080833634501,0.6206896551724137,50.89999999999999
1530,4336,0.6125,0.262071875,0.9472834598241175,0.27586206896551724,50.89999999999999
1531,3105,0.125,0.2550875,0.9567642452716538,0.0,50.88888888888888
1532,4087,0.375,0.0625,0.7059462715335502,1.0,50.88757396449703
1533,2878,0.125,0.309375,0.789519335019877,0.13793103448275862,50.83333333333333
1534,21138,0.1844525,0.24547500000000003,0.9556438983255029,0.6896551724137931,50.81818181818181
1535,19851,0.1724775,0.258771875,0.939103722443079,0.48275862068965514,50.81818181818181
1536,2278,0.1125,0.294746875,0.8743645343934465,0.8275862068965517,50.76923076923076
1537,18566,0.125,0.27440625,0.9147693049030237,0.8275862068965517,50.76923076923076
1538,3538,0.3625,0.309375,0.7059462715335502,0.8275862068965517,50.76923076923076
1539,19925,0.6125,0.26811250000000003,0.9252258764004336,1.0,50.76923076923076
1540,17261,0.12499999999999992,0.29940625,0.8635586073966991,0.9655172413793103,50.72727272727272
1541,17269,0.15480125,0.298234375,0.8663293579086857,0.3448275862068966,50.69999999999999
1542,18641,0.4047625,0.276359375,0.9113359836164318,0.6206896551724137,50.69999999999999
1543,4582,0.6125,0.309375,0.8107697867726779,0.0,50.66666666666666
1544,19845,0.3625,0.2712375,0.9201421515480062,0.27586206896551724,50.599999999999994
1545,4198,0.375,0.2384375,0.9629442235875195,0.6206896551724137,50.599999999999994
1546,19850,0.19624000000000003,0.26033125,0.9369232622575593,0.27586206896551724,50.599999999999994
1547,18667,0.39878749999999996,0.279090625,0.91972051560053,0.9655172413793103,50.54545454545454
1548,19855,0.14869125,0.26655937500000004,0.9276713648957956,0.48275862068965514,50.54545454545454
1549,21206,0.4046875,0.24742187499999999,0.9534513913986267,0.48275862068965514,50.54545454545454
1550,19848,0.2736375,0.265409375,0.9294422358751956,0.8275862068965517,50.53846153846153
1551,2313,0.1125,0.2550875,0.9567642452716538,1.0,50.53254437869821
1552,19963,0.398775,0.257215625,0.953981448018311,1.0,50.53254437869821
1553,19926,0.6125,0.25570312500000003,0.9432478014697024,1.0,50.53254437869821
1554,21130,0.29143749999999996,0.238475,0.9629080833634501,0.3448275862068966,50.49999999999999
1555,18545,0.2141,0.287284375,0.8904228406216118,0.27586206896551724,50.49999999999999
1556,19872,0.125,0.26811250000000003,0.9382363570654136,0.3448275862068966,50.49999999999999
1557,6664,0.125,0.3453125,0.7157583423683893,0.8275862068965517,50.46153846153845
1558,19837,0.31515,0.26500625,0.9300566196843754,0.8275862068965517,50.46153846153845
1559,19860,0.18438875000000002,0.256428125,0.9422840621611853,0.48275862068965514,50.454545454545446
1560,18545,0.2141,0.287284375,0.8904228406216118,0.48275862068965514,50.454545454545446
1561,18560,0.17245125,0.286875,0.8912540657752078,0.0,50.444444444444436
1562,18614,0.40463749999999993,0.291175,0.882231056499217,0.0,50.444444444444436
1563,18544,0.24392624999999998,0.28533437500000003,0.8943741717865318,0.13793103448275862,50.41666666666666
1564,2270,0.1125,0.269728125,0.8990362606914829,1.0,50.41420118343194
1565,19872,0.125,0.26811250000000003,0.9382363570654136,0.8275862068965517,50.38461538461538
1566,4930,0.625,0.3125,0.6752463558607397,1.0,50.29585798816567
1567,2341,0.1125,0.0577125,0.8399349475966751,1.0,50.29585798816567
1568,3593,0.3625,0.278125,0.9014576557041319,0.48275862068965514,50.272727272727266
1569,19913,0.3986875,0.26655937500000004,0.9276713648957956,0.0,50.222222222222214
1570,21151,0.148705,0.244684375,0.9565112637031683,0.27586206896551724,50.19999999999999
1571,18577,0.12499999999999992,0.27753125,0.922527406336586,0.48275862068965514,50.18181818181817
1572,4583,0.6125,0.309375,0.789519335019877,1.0,50.177514792899395
1573,17343,0.6125,0.299453125,0.8634501867244909,0.0,50.1111111111111
