node_id,x_n,y_n,z_n,t_n,rel_strength,s_norm
5954,0.875,0.300271875,0.7551740754126008,0.2222222222222222,22208.887999999995,2.923591622584399
20493,0.3625,0.1399875,0.9688591735935429,0.2222222222222222,8885.665888888887,2.346861792213221
6774,0.1125,0.47734375,0.9839657872545476,0.3333333333333333,7000.299299999999,2.196723197319078
20705,0.14875875,0.44781250000000006,0.9647150945669196,0.5555555555555556,7000.299299999999,2.196723197319078
17545,0.6125,0.60878125,0.8708709794000722,0.4444444444444444,6903.0565088757385,2.1879168435643352
2056,1.0,0.09375,0.62643055053608,0.2222222222222222,6667.110333333332,2.166023038488554
3433,0.3625,0.15625,0.8226719672328634,0.0,6331.518101265822,2.1335099832718822
15927,0.4344875,0.322059375,0.8013853752559932,0.1111111111111111,6016.599299999999,2.1013929519207575
22498,0.5236000000000001,0.22165625000000003,0.9764727141308276,0.3333333333333333,6000.299299999999,2.0996851522039677
17160,0.5889,0.685375,0.8472352728586917,0.3333333333333333,6000.099299999999,2.099664168812265
23049,0.7734125,0.8396250000000001,0.9927237682206963,0.3333333333333333,5999.899299999999,2.0996431847212316
22157,0.8625,0.47125000000000006,0.9813155041561258,0.2222222222222222,5555.665888888888,2.0512178519805526
18825,0.5532375,0.6017187500000001,0.8863871822671968,0.3333333333333333,5000.199299999999,1.9849051452631075
22993,0.4344625000000001,0.84859375,0.987411155282496,0.3333333333333333,4999.899299999999,1.9848673755347748
20620,0.5828249999999999,0.138040625,0.9795446331767256,0.4444444444444444,4932.839546351084,1.9763672403626382
8624,0.625,0.6515625,0.6754101915431876,0.6666666666666666,4717.169150943396,1.9482249874453463
13779,0.8625,0.70240625,0.8288158053246596,0.6666666666666666,4717.074811320754,1.9482123979386847
7841,0.3625,0.41453125,0.9224189856643776,0.7777777777777778,4348.173304347825,1.8969512338163061
20641,0.767775,0.13065,0.9601614263341766,0.1111111111111111,3999.4992999999995,1.844335395511287
6586,0.125,0.6404062500000001,0.6778038790507167,0.0,3798.606708860759,1.8118959660850436
12529,0.6125,0.778125,0.7482110589085652,0.6666666666666666,3773.4899056603767,1.807720077992049
19027,0.14867375,0.9134375,0.9016985905312612,0.7777777777777778,3478.1733043478257,1.756423979281668
7657,0.375,0.559375,0.9468497771352848,0.5555555555555556,2999.7992999999997,1.6632919720886095
654,0.4375,0.3125,0.62643055053608,0.3333333333333333,2997.5992999999994,1.6628301988923544
3092,0.125,0.336915625,0.7669437417178653,0.6666666666666666,1903.67858490566,1.3770850514513564
10700,0.1125,0.71875,0.8796530538489338,1.0,1111.088111111111,1.038298920796443
13404,0.8625,0.912875,0.8218527888206241,0.2222222222222222,999.9437777777775,0.9720015945268934
9302,0.8625,0.50559375,0.8852547885796891,0.1111111111111111,999.6992999999998,0.9718477909306802
13972,0.875,0.84603125,0.8808095410191542,0.4444444444444444,986.2912228796843,0.9633545682162041
11810,0.3625,0.8004999999999999,0.8906396819660282,0.4444444444444444,986.2912228796843,0.9633545682162041
9458,0.875,0.3795,0.7440320443320082,0.6666666666666666,937.3955660377356,0.931373591011852
4333,0.6125,0.28247187500000004,0.9134441633538127,0.7777777777777778,866.668956521739,0.8820351448563754
3071,0.125,0.080984375,0.7761354053728465,0.3333333333333333,700.2893999999999,0.7479939723351672
12995,0.625,0.934375,0.8107697867726779,0.1111111111111111,600.1193999999999,0.6509513267698956
11516,0.3625,0.77103125,0.8653776653415252,0.2222222222222222,555.6437777777777,0.6025530602403882
6230,0.875,0.215625,0.958089386820865,0.8888888888888888,500.3293999999999,0.5366548980433039
7338,0.375,0.5625,0.906143838091796,0.5555555555555556,500.0193999999999,0.5362654436829337
2103,1.0,0.828125,0.62643055053608,0.3333333333333333,500.0093999999999,0.5362528766274167
2103,1.0,0.828125,0.62643055053608,0.5555555555555556,499.9793999999999,0.5362151739558016
4766,0.625,0.14876562499999998,0.9005421033610408,0.5555555555555556,497.8793999999999,0.5335703607923888
1045,0.625,0.109375,0.6023370678231538,1.0,444.977111111111,0.4629911537999108
9150,0.6125,0.39828125000000003,0.7859414528370076,1.0,436.91044444444435,0.4514984321729986
2044,1.0,0.09375,0.6023370678231538,0.7777777777777778,347.3820869565217,0.3074934149016727
8985,0.6125,0.625,0.6996542585230695,0.2222222222222222,333.17711111111106,0.28128283528754205
5072,0.625,0.121875,0.6534465727020841,0.8888888888888888,303.3693999999999,0.22245734147613044
1031,0.6875,0.09375,0.6023370678231538,0.4444444444444444,295.4333333333333,0.20582273980195412
189,0.4375,0.796875,0.62643055053608,0.4444444444444444,197.2479289940828,-0.04747891157916954
2278,0.1125,0.294746875,0.8743645343934465,1.0,140.55555555555551,-0.2595539478840037
2278,0.1125,0.294746875,0.8743645343934465,0.0,139.36708860759492,-0.2648624678919243
2278,0.1125,0.294746875,0.8743645343934465,0.5555555555555556,127.79999999999998,-0.31901058996022547
2278,0.1125,0.294746875,0.8743645343934465,0.4444444444444444,126.9230769230769,-0.3233120116089523
2278,0.1125,0.294746875,0.8743645343934465,0.3333333333333333,126.89999999999998,-0.32342560470147136
2278,0.1125,0.294746875,0.8743645343934465,0.8888888888888888,125.89999999999998,-0.32836776177102356
3217,0.125,0.3125,0.8084809059149499,0.0,118.98734177215188,-0.36363516857132405
2278,0.1125,0.294746875,0.8743645343934465,0.6666666666666666,118.67924528301884,-0.3652539687175421
2278,0.1125,0.294746875,0.8743645343934465,0.2222222222222222,117.55555555555553,-0.37119358195460495
17281,0.12499999999999992,0.29940625,0.8776894350078304,1.0,116.66666666666664,-0.37593209973255065
3217,0.125,0.3125,0.8084809059149499,0.2222222222222222,109.99999999999997,-0.41265548518529593
2278,0.1125,0.294746875,0.8743645343934465,0.7777777777777778,108.78260869565216,-0.41959906567190947
3217,0.125,0.3125,0.8084809059149499,1.0,107.44444444444443,-0.4273208917675193
17281,0.12499999999999992,0.29940625,0.8776894350078304,0.0,107.34177215189872,-0.4279172886485201
3232,0.3625,0.3125,0.8084809059149499,0.0,105.94936708860759,-0.43606169119789656
17281,0.12499999999999992,0.29940625,0.8776894350078304,0.8888888888888888,104.99999999999999,-0.44167571737656525
2278,0.1125,0.294746875,0.8743645343934465,0.1111111111111111,103.99999999999999,-0.4476437959746177
17281,0.12499999999999992,0.29940625,0.8776894350078304,0.5555555555555556,101.99999999999999,-0.4597523918058411
3217,0.125,0.3125,0.8084809059149499,0.1111111111111111,101.99999999999999,-0.4597523918058411
17281,0.12499999999999992,0.29940625,0.8776894350078304,0.3333333333333333,101.59999999999998,-0.46220230765152426
11534,0.3625,0.78125,0.7000216841344417,0.1111111111111111,100.03939999999999,-0.4718528569535669
2532,0.1125,0.3125,0.62643055053608,0.0,99.99999999999999,-0.472098426153292
17281,0.12499999999999992,0.29940625,0.8776894350078304,0.6666666666666666,99.05660377358488,-0.4780071367273562
2879,0.125,0.309375,0.8107697867726779,0.0,98.73417721518986,-0.4800393509092371
2531,0.1125,0.3125,0.6508384531984098,0.0,98.73417721518986,-0.4800393509092371
3217,0.125,0.3125,0.8084809059149499,0.5555555555555556,98.29999999999998,-0.48278632015686684
3217,0.125,0.3125,0.8084809059149499,0.4444444444444444,97.53451676528597,-0.4876587940629445
3920,0.375,0.3125,0.62643055053608,0.0,97.46835443037973,-0.4880817080234523
3217,0.125,0.3125,0.8084809059149499,0.3333333333333333,96.79999999999998,-0.4923698777495095
3217,0.125,0.3125,0.8084809059149499,0.8888888888888888,96.69999999999999,-0.49301399809002755
17281,0.12499999999999992,0.29940625,0.8776894350078304,0.4444444444444444,96.44970414201181,-0.4946290992959681
17272,0.3327,0.298234375,0.8663293579086857,0.0,96.20253164556961,-0.49622812232578883
2532,0.1125,0.3125,0.62643055053608,0.2222222222222222,95.55555555555554,-0.5004329068421286
3920,0.375,0.3125,0.62643055053608,1.0,94.77777777777776,-0.5055252431457606
3920,0.375,0.3125,0.62643055053608,0.2222222222222222,93.33333333333331,-0.5150931169307635
2531,0.1125,0.3125,0.6508384531984098,0.2222222222222222,93.33333333333331,-0.5150931169307635
18547,0.1546325,0.291175,0.882231056499217,0.0,92.91139240506328,-0.5179156777071261
3232,0.3625,0.3125,0.8084809059149499,0.2222222222222222,92.77777777777776,-0.5188121329291877
3917,0.375,0.3125,0.6508384531984098,0.0,92.40506329113923,-0.5213195382905831
3232,0.3625,0.3125,0.8084809059149499,1.0,92.34444444444442,-0.5217282922351104
17272,0.3327,0.298234375,0.8663293579086857,1.0,91.55555555555554,-0.527072124209538
17281,0.12499999999999992,0.29940625,0.8776894350078304,0.7777777777777778,91.21739130434781,-0.5293767665262384
3217,0.125,0.3125,0.8084809059149499,0.6666666666666666,90.66037735849055,-0.5331913920454268
2532,0.1125,0.3125,0.62643055053608,0.1111111111111111,88.99999999999999,-0.5447013151527018
3917,0.375,0.3125,0.6508384531984098,1.0,88.99999999999999,-0.5447013151527018
3917,0.375,0.3125,0.6508384531984098,0.2222222222222222,88.88888888888887,-0.5454791133713727
3171,0.125,0.26331875,0.9325864353692326,1.0,87.47777777777776,-0.5554416587787064
15821,0.24375,0.32594687499999997,0.788892904469341,0.0,87.46835443037973,-0.5555087209894476
2532,0.1125,0.3125,0.62643055053608,1.0,87.44444444444443,-0.5556789108990587
2531,0.1125,0.3125,0.6508384531984098,0.1111111111111111,85.99999999999999,-0.5660466670228103
17337,0.375,0.29628125,0.8708709794000722,0.0,85.69620253164555,-0.5682491269090112
17271,0.3625,0.29628125,0.8708709794000722,1.0,85.66666666666664,-0.5684636664513607
2531,0.1125,0.3125,0.6508384531984098,1.0,85.55555555555554,-0.5692713991829778
18547,0.1546325,0.291175,0.882231056499217,1.0,85.33333333333331,-0.570889979966227
17281,0.12499999999999992,0.29940625,0.8776894350078304,0.2222222222222222,85.1111111111111,-0.572512732354046
2879,0.125,0.309375,0.8107697867726779,0.2222222222222222,85.1111111111111,-0.572512732354046
3920,0.375,0.3125,0.62643055053608,0.1111111111111111,83.99999999999999,-0.5806898288178791
3217,0.125,0.3125,0.8084809059149499,0.7777777777777778,83.91304347826086,-0.5813342788003897
3920,0.375,0.3125,0.62643055053608,0.8888888888888888,83.89999999999999,-0.5814310032153496
3920,0.375,0.3125,0.62643055053608,0.3333333333333333,83.89999999999999,-0.5814310032153496
3920,0.375,0.3125,0.62643055053608,0.4444444444444444,83.82642998027612,-0.5819768429674089
17272,0.3327,0.298234375,0.8663293579086857,0.2222222222222222,83.66666666666664,-0.5831638106961672
2878,0.125,0.309375,0.789519335019877,0.0,83.54430379746834,-0.5840744260088934
3232,0.3625,0.3125,0.8084809059149499,0.8888888888888888,83.32999999999998,-0.585672438854438
3920,0.375,0.3125,0.62643055053608,0.5555555555555556,83.29999999999998,-0.5858964657480823
17272,0.3327,0.298234375,0.8663293579086857,0.5555555555555556,82.59999999999998,-0.591146517662333
17272,0.3327,0.298234375,0.8663293579086857,0.8888888888888888,82.49999999999999,-0.5919001115020791
17282,0.125,0.29628125,0.8848572461149259,1.0,82.1111111111111,-0.5948393586174996
2879,0.125,0.309375,0.8107697867726779,1.0,81.99999999999999,-0.5956816698841852
15807,0.34285,0.335575,0.7552222623780267,0.0,81.77215189873417,-0.5974124737234932
17272,0.3327,0.298234375,0.8663293579086857,0.3333333333333333,81.59999999999998,-0.5987233549202092
3570,0.3625,0.309375,0.8107697867726779,0.0,81.26582278481011,-0.6012758242581162
3232,0.3625,0.3125,0.8084809059149499,0.5555555555555556,81.09999999999998,-0.602546242061781
17272,0.3327,0.298234375,0.8663293579086857,0.4444444444444444,81.06508875739644,-0.6028140344605325
3232,0.3625,0.3125,0.8084809059149499,0.1111111111111111,80.99999999999999,-0.6033136127575531
3920,0.375,0.3125,0.62643055053608,0.6666666666666666,80.75471698113206,-0.6051998126964212
3232,0.3625,0.3125,0.8084809059149499,0.3333333333333333,80.29999999999998,-0.6087115552449543
3171,0.125,0.26331875,0.9325864353692326,0.8888888888888888,80.27999999999999,-0.6088664642328054
17273,0.3030875,0.300178125,0.8617034092278039,0.0,80.25316455696202,-0.6090743766942733
3917,0.375,0.3125,0.6508384531984098,0.8888888888888888,79.79999999999998,-0.6125957599011196
17337,0.375,0.29628125,0.8708709794000722,0.2222222222222222,79.1111111111111,-0.6179868865867728
3917,0.375,0.3125,0.6508384531984098,0.1111111111111111,78.99999999999999,-0.6188607626159429
17282,0.125,0.29628125,0.8848572461149259,0.0,78.73417721518986,-0.6209563631140433
3917,0.375,0.3125,0.6508384531984098,0.3333333333333333,78.49999999999999,-0.62280828387234
2877,0.125,0.309375,0.7682568365257197,0.0,78.48101265822784,-0.6229586786128004
2532,0.1125,0.3125,0.62643055053608,0.8888888888888888,78.19999999999999,-0.6251887312369083
3917,0.375,0.3125,0.6508384531984098,0.5555555555555556,78.19999999999999,-0.6251887312369083
3232,0.3625,0.3125,0.8084809059149499,0.6666666666666666,78.07547169811319,-0.6261794908086831
3917,0.375,0.3125,0.6508384531984098,0.4444444444444444,77.90927021696251,-0.6275042399377898
17262,0.125,0.31186250000000004,0.831478135164438,0.0,77.84810126582278,-0.6279925044178527
17272,0.3327,0.298234375,0.8663293579086857,0.6666666666666666,77.54716981132074,-0.6304001367743627
3232,0.3625,0.3125,0.8084809059149499,0.4444444444444444,77.41617357001971,-0.6314510683294918
3216,0.125,0.3125,0.7872545476448619,0.0,77.34177215189872,-0.6320487437836958
18547,0.1546325,0.291175,0.882231056499217,0.5555555555555556,77.29999999999998,-0.6323845533073968
2530,0.1125,0.3125,0.6752463558607397,0.0,77.21518987341771,-0.6330668998560557
3099,0.125,0.29553124999999997,0.8865317431634743,1.0,77.1111111111111,-0.6339052855697364
17243,0.267775,0.30565000000000003,0.8480905914950007,0.0,77.0886075949367,-0.6340867050319415
15821,0.24375,0.32594687499999997,0.788892904469341,0.2222222222222222,76.99999999999999,-0.6348015527359467
2879,0.125,0.309375,0.8107697867726779,0.1111111111111111,76.99999999999999,-0.6348015527359467
18547,0.1546325,0.291175,0.882231056499217,0.3333333333333333,76.99999999999999,-0.6348015527359467
17248,0.24392624999999998,0.307209375,0.8440308396578725,0.0,76.9620253164557,-0.6351081646621153
2532,0.1125,0.3125,0.62643055053608,0.4444444444444444,76.9230769230769,-0.6354227936131297
18547,0.1546325,0.291175,0.882231056499217,0.8888888888888888,76.79999999999998,-0.6364180557495397
15821,0.24375,0.32594687499999997,0.788892904469341,1.0,76.77777777777776,-0.6365979236490469
17271,0.3625,0.29628125,0.8708709794000722,0.8888888888888888,76.69999999999999,-0.6372278662508136
3570,0.3625,0.309375,0.8107697867726779,0.2222222222222222,76.66666666666666,-0.6374980347071981
18547,0.1546325,0.291175,0.882231056499217,0.4444444444444444,76.62721893491123,-0.6378179105379637
2531,0.1125,0.3125,0.6508384531984098,0.8888888888888888,76.59999999999998,-0.6380387196506386
3917,0.375,0.3125,0.6508384531984098,0.6666666666666666,76.41509433962263,-0.6395407896110332
2532,0.1125,0.3125,0.62643055053608,0.3333333333333333,75.79999999999998,-0.6445634161525812
3171,0.125,0.26331875,0.9325864353692326,0.6666666666666666,75.67924528301886,-0.645554175724356
2532,0.1125,0.3125,0.62643055053608,0.6666666666666666,75.47169811320754,-0.6472606947824391
17270,0.125,0.29628125,0.8708709794000722,0.0,75.18987341772151,-0.6495853767599834
4171,0.375,0.294746875,0.8743645343934465,0.0,75.06329113924049,-0.650632313446072
2532,0.1125,0.3125,0.62643055053608,0.5555555555555556,74.89999999999999,-0.6519854381816524
3571,0.3625,0.309375,0.789519335019877,0.0,74.81012658227847,-0.6527314238348965
2879,0.125,0.309375,0.8107697867726779,0.5555555555555556,74.69999999999999,-0.6536467256307902
3538,0.3625,0.309375,0.7059462715335502,0.0,74.68354430379746,-0.6537836092033322
2879,0.125,0.309375,0.8107697867726779,0.4444444444444444,74.55621301775146,-0.6548437974711783
18548,0.125,0.2931125,0.8780026502830983,0.0,74.43037974683543,-0.6558932696724389
3158,0.125,0.2880625,0.8888085772798457,0.0,74.43037974683543,-0.6558932696724389
17249,0.21405875000000002,0.3091625,0.8388507408745933,0.0,74.30379746835442,-0.6569507566155895
3570,0.3625,0.309375,0.8107697867726779,1.0,73.96666666666665,-0.6597758920468477
17282,0.125,0.29628125,0.8848572461149259,0.8888888888888888,73.89999999999999,-0.6603360589680892
17239,0.3625,0.299453125,0.8634501867244909,0.0,73.79746835443036,-0.6611985553411717
15806,0.3625,0.3368625,0.750391519094085,0.0,73.79746835443036,-0.6611985553411717
2879,0.125,0.309375,0.8107697867726779,0.8888888888888888,73.69999999999999,-0.6620195561687712
2531,0.1125,0.3125,0.6508384531984098,0.4444444444444444,73.66863905325442,-0.6622839452313848
18547,0.1546325,0.291175,0.882231056499217,0.2222222222222222,73.66666666666666,-0.6623005771856852
17271,0.3625,0.29628125,0.8708709794000722,0.5555555555555556,73.59999999999998,-0.6628629957831038
2531,0.1125,0.3125,0.6508384531984098,0.6666666666666666,73.49056603773583,-0.6637873017913323
3572,0.3625,0.309375,0.7682568365257197,0.0,73.41772151898734,-0.6644033174922349
2878,0.125,0.309375,0.789519335019877,0.2222222222222222,73.33333333333331,-0.6651177075137829
2879,0.125,0.309375,0.8107697867726779,0.3333333333333333,73.29999999999998,-0.6654001150439465
3319,0.3625,0.29553124999999997,0.8865317431634743,0.0,73.1645569620253,-0.6665489238553276
15807,0.34285,0.335575,0.7552222623780267,0.2222222222222222,73.1111111111111,-0.6670028214307955
17271,0.3625,0.29628125,0.8708709794000722,0.3333333333333333,72.99999999999999,-0.6679474991443117
17266,0.24375,0.304071875,0.8521021563667028,0.0,72.91139240506328,-0.6687018668931924
15822,0.22405,0.324653125,0.7931092639441031,0.0,72.78481012658227,-0.6697811053781149
18547,0.1546325,0.291175,0.882231056499217,0.6666666666666666,72.35849056603773,-0.6734295664654772
17271,0.3625,0.29628125,0.8708709794000722,0.6666666666666666,72.26415094339622,-0.6742397938040818
2877,0.125,0.309375,0.7682568365257197,0.2222222222222222,72.22222222222221,-0.6746002297860716
3232,0.3625,0.3125,0.8084809059149499,0.7777777777777778,72.19130434782608,-0.674866144379028
15806,0.3625,0.3368625,0.750391519094085,1.0,72.1111111111111,-0.6755563842263845
18575,0.125,0.2931125,0.8918564028430309,0.0,72.0253164556962,-0.6762956754242749
17256,0.2737,0.3091625,0.8388507408745933,0.0,72.0253164556962,-0.6762956754242749
3538,0.3625,0.309375,0.7059462715335502,1.0,71.77777777777776,-0.6784335906556619
17272,0.3327,0.298234375,0.8663293579086857,0.7777777777777778,71.56521739130433,-0.6802752201963578
3538,0.3625,0.309375,0.7059462715335502,0.2222222222222222,71.1111111111111,-0.6842277503612749
3319,0.3625,0.29553124999999997,0.8865317431634743,0.2222222222222222,70.99999999999999,-0.6851986489005288
3171,0.125,0.26331875,0.9325864353692326,0.7777777777777778,70.96521739130434,-0.68550289030676
2878,0.125,0.309375,0.789519335019877,1.0,70.88888888888887,-0.6861710468975822
17257,0.21993625,0.305634375,0.8481146849777135,0.0,70.88607594936708,-0.6861956840699885
17255,0.3032625,0.311103125,0.833586314901819,0.0,70.88607594936708,-0.6861956840699885
17282,0.125,0.29628125,0.8848572461149259,0.2222222222222222,70.77777777777776,-0.6871449489911314
17274,0.2733125,0.30213125,0.856944946392001,0.0,70.63291139240505,-0.6884169867018465
17273,0.3030875,0.300178125,0.8617034092278039,1.0,70.55555555555554,-0.68909728413043
4171,0.375,0.294746875,0.8743645343934465,0.2222222222222222,70.55555555555554,-0.68909728413043
17273,0.3030875,0.300178125,0.8617034092278039,0.2222222222222222,70.33333333333331,-0.6910556918615873
17272,0.3327,0.298234375,0.8663293579086857,0.1111111111111111,70.1,-0.6931185970749217
17337,0.375,0.29628125,0.8708709794000722,0.4444444444444444,70.0197238658777,-0.6938298857250075
3570,0.3625,0.309375,0.8107697867726779,0.5555555555555556,69.99999999999999,-0.6940047725596254
3216,0.125,0.3125,0.7872545476448619,0.2222222222222222,69.99999999999999,-0.6940047725596254
9550,0.875,0.521125,0.8749909649439825,0.8888888888888888,69.94149999999999,-0.6945237640511236
3571,0.3625,0.309375,0.789519335019877,1.0,69.88888888888887,-0.694990877033619
3571,0.3625,0.309375,0.789519335019877,0.2222222222222222,69.66666666666666,-0.6969677313355811
15807,0.34285,0.335575,0.7552222623780267,1.0,69.66666666666666,-0.6969677313355811
2877,0.125,0.309375,0.7682568365257197,1.0,69.66666666666666,-0.6969677313355811
17282,0.125,0.29628125,0.8848572461149259,0.6666666666666666,69.62264150943395,-0.6973601099857699
3233,0.3625,0.3125,0.7872545476448619,0.0,69.62025316455696,-0.6973814033443322
17254,0.333,0.31305312500000004,0.8281532345500542,0.0,69.62025316455696,-0.6973814033443322
3099,0.125,0.29553124999999997,0.8865317431634743,0.8888888888888888,69.6,-0.6975619999761524
17239,0.3625,0.299453125,0.8634501867244909,0.2222222222222222,69.44444444444443,-0.6989508119605827
17282,0.125,0.29628125,0.8848572461149259,0.5555555555555556,69.39999999999999,-0.6993481787001493
2879,0.125,0.309375,0.8107697867726779,0.6666666666666666,69.33962264150942,-0.699888399735387
17282,0.125,0.29628125,0.8848572461149259,0.3333333333333333,69.19999999999999,-0.7011394390205333
3570,0.3625,0.309375,0.8107697867726779,0.3333333333333333,69.1,-0.7020369838310339
15821,0.24375,0.32594687499999997,0.788892904469341,0.8888888888888888,69.1,-0.7020369838310339
15821,0.24375,0.32594687499999997,0.788892904469341,0.1111111111111111,68.99999999999999,-0.7029358099336335
15807,0.34285,0.335575,0.7552222623780267,0.1111111111111111,68.89999999999999,-0.7038359209917847
2530,0.1125,0.3125,0.6752463558607397,0.2222222222222222,68.88888888888887,-0.7039360128094891
2867,0.125,0.278125,0.8796530538489338,1.0,68.55555555555554,-0.7069461902304605
15821,0.24375,0.32594687499999997,0.788892904469341,0.3333333333333333,68.49999999999999,-0.7074492886015705
17262,0.125,0.31186250000000004,0.831478135164438,0.2222222222222222,68.44444444444443,-0.7079527892904928
15821,0.24375,0.32594687499999997,0.788892904469341,0.5555555555555556,68.39999999999999,-0.7083558799431491
2528,0.1125,0.309375,0.62643055053608,0.0,68.35443037974683,-0.708769443540086
15807,0.34285,0.335575,0.7552222623780267,0.4444444444444444,68.34319526627218,-0.708871448708055
18616,0.375,0.2899875,0.8847729189254305,1.0,68.33333333333331,-0.7089610001991878
18547,0.1546325,0.291175,0.882231056499217,0.1111111111111111,68.1,-0.7110835127055333
2878,0.125,0.309375,0.789519335019877,0.1111111111111111,67.99999999999999,-0.7119953558452736
17351,0.375,0.29940625,0.8776894350078304,1.0,67.88888888888887,-0.7130100661018731
17271,0.3625,0.29628125,0.8708709794000722,0.4444444444444444,67.85009861932937,-0.7133646995220554
17261,0.12499999999999992,0.29940625,0.8635586073966991,0.0,67.84810126582278,-0.7133829653941114
17242,0.29137500000000005,0.30410312500000003,0.8520178291772075,0.0,67.84810126582278,-0.7133829653941114
3572,0.3625,0.309375,0.7682568365257197,0.2222222222222222,67.77777777777776,-0.7140264143095575
18546,0.18443375,0.289225,0.8863871822671968,0.0,67.72151898734177,-0.7145416473146753
15808,0.32305,0.334275,0.7600048186965426,0.0,67.72151898734177,-0.7145416473146753
17243,0.267775,0.30565000000000003,0.8480905914950007,1.0,67.66666666666666,-0.715044405764857
3172,0.125,0.26985625,0.9224189856643776,1.0,67.66666666666666,-0.715044405764857
3570,0.3625,0.309375,0.8107697867726779,0.4444444444444444,67.65285996055226,-0.7151710167891299
15824,0.18448875,0.322059375,0.8013853752559932,0.0,67.59493670886076,-0.7157024654494285
17241,0.3151125,0.302553125,0.8559089266353451,0.0,67.59493670886076,-0.7157024654494285
17248,0.24392624999999998,0.307209375,0.8440308396578725,0.2222222222222222,67.55555555555554,-0.7160640457900351
18548,0.125,0.2931125,0.8780026502830983,0.1111111111111111,67.49999999999999,-0.7165744856866126
17337,0.375,0.29628125,0.8708709794000722,1.0,67.44444444444443,-0.7170853397332534
18571,0.3625,0.2899875,0.8984941573304421,0.1111111111111111,67.39999999999999,-0.71749432161054
3570,0.3625,0.309375,0.8107697867726779,0.8888888888888888,67.35999999999999,-0.71786263257626
17380,0.39865,0.3103125,0.8504397060595108,0.0,67.34177215189872,-0.7180305419711197
17337,0.375,0.29628125,0.8708709794000722,0.1111111111111111,67.29999999999998,-0.7184155033080615
17243,0.267775,0.30565000000000003,0.8480905914950007,0.2222222222222222,67.22222222222221,-0.7191329108969668
2910,0.125,0.309375,0.7059462715335502,0.0,67.0886075949367,-0.7203672586184601
15827,0.125,0.31815625000000003,0.8133477894229612,0.0,67.0886075949367,-0.7203672586184601
2877,0.125,0.309375,0.7682568365257197,0.1111111111111111,66.99999999999999,-0.7211871625657068
3570,0.3625,0.309375,0.8107697867726779,0.1111111111111111,66.89999999999999,-0.7221137669683293
17248,0.24392624999999998,0.307209375,0.8440308396578725,1.0,66.88888888888887,-0.7222168072398865
18547,0.1546325,0.291175,0.882231056499217,0.7777777777777778,66.78260869565216,-0.7232032628408123
15821,0.24375,0.32594687499999997,0.788892904469341,0.4444444444444444,66.76528599605521,-0.7233641926652831
2532,0.1125,0.3125,0.62643055053608,0.7777777777777778,66.69565217391303,-0.7240115140146334
3572,0.3625,0.309375,0.7682568365257197,1.0,66.66666666666666,-0.7242811618037419
17256,0.2737,0.3091625,0.8388507408745933,0.2222222222222222,66.55555555555554,-0.7253158827891946
17269,0.15480125,0.298234375,0.8663293579086857,0.0,66.45569620253164,-0.7262472749987501
17271,0.3625,0.29628125,0.8708709794000722,0.7777777777777778,66.34782608695652,-0.7272549343379886
15806,0.3625,0.3368625,0.750391519094085,0.2222222222222222,66.33333333333331,-0.7273904401123078
3216,0.125,0.3125,0.7872545476448619,1.0,66.33333333333331,-0.7273904401123078
2524,0.1125,0.309375,0.65293579086857,0.0,66.32911392405063,-0.7274298966423501
17337,0.375,0.29628125,0.8708709794000722,0.5555555555555556,66.29999999999998,-0.7277022141112232
15807,0.34285,0.335575,0.7552222623780267,0.5555555555555556,66.29999999999998,-0.7277022141112232
2531,0.1125,0.3125,0.6508384531984098,0.7777777777777778,66.26086956521738,-0.7280684067740705
17256,0.2737,0.3091625,0.8388507408745933,1.0,66.22222222222221,-0.7284302877110785
17378,0.3988125,0.30096875,0.8740031321527526,0.0,66.20253164556961,-0.7286147437702201
18572,0.3625,0.2931125,0.8918564028430309,0.0,66.20253164556961,-0.7286147437702201
2867,0.125,0.278125,0.8796530538489338,0.4444444444444444,66.0749506903353,-0.7298111992087738
3216,0.125,0.3125,0.7872545476448619,0.1111111111111111,65.99999999999999,-0.7305151491456399
4932,0.625,0.3125,0.62643055053608,1.0,65.99999999999999,-0.7305151491456399
2270,0.1125,0.269728125,0.8990362606914829,1.0,65.99999999999999,-0.7305151491456399
17244,0.2915375,0.30720625,0.8440308396578725,0.0,65.94936708860759,-0.7309911480932353
17267,0.21418125,0.30213125,0.856944946392001,0.0,65.94936708860759,-0.7309911480932353
18649,0.375,0.2931125,0.8918564028430309,1.0,65.88888888888887,-0.7315601744111738
4929,0.625,0.3125,0.6508384531984098,0.0,65.82278481012658,-0.7321827222148588
4932,0.625,0.3125,0.62643055053608,0.0,65.82278481012658,-0.7321827222148588
3918,0.375,0.3125,0.6752463558607397,0.0,65.82278481012658,-0.7321827222148588
17255,0.3032625,0.311103125,0.833586314901819,1.0,65.77777777777777,-0.73260693704287
2530,0.1125,0.3125,0.6752463558607397,1.0,65.66666666666666,-0.733655442827131
15827,0.125,0.31815625000000003,0.8133477894229612,1.0,65.55555555555554,-0.7347056975793156
4932,0.625,0.3125,0.62643055053608,0.2222222222222222,65.55555555555554,-0.7347056975793156
17262,0.125,0.31186250000000004,0.831478135164438,1.0,65.44444444444443,-0.735757707143932
3099,0.125,0.29553124999999997,0.8865317431634743,0.6666666666666666,65.37735849056602,-0.7363937348037438
17337,0.375,0.29628125,0.8708709794000722,0.3333333333333333,65.29999999999998,-0.7371279526857106
2867,0.125,0.278125,0.8796530538489338,0.5555555555555556,65.19999999999999,-0.7380783341158826
15807,0.34285,0.335575,0.7552222623780267,0.3333333333333333,65.1,-0.7390301522532229
15821,0.24375,0.32594687499999997,0.788892904469341,0.6666666666666666,65.0943396226415,-0.7390840718037702
3319,0.3625,0.29553124999999997,0.8865317431634743,0.1111111111111111,64.99999999999999,-0.739983411448097
17353,0.375,0.31186250000000004,0.8462594868088182,1.0,64.99999999999999,-0.739983411448097
18572,0.3625,0.2931125,0.8918564028430309,0.1111111111111111,64.99999999999999,-0.739983411448097
15806,0.3625,0.3368625,0.750391519094085,0.8888888888888888,64.89999999999999,-0.7409381160706582
17270,0.125,0.29628125,0.8708709794000722,0.2222222222222222,64.88888888888887,-0.74104428377649
3538,0.3625,0.309375,0.7059462715335502,0.8888888888888888,64.79999999999998,-0.7418942705109706
18542,0.338875,0.2884375,0.8880255390916757,1.0,64.66666666666666,-0.7431714059953975
2867,0.125,0.278125,0.8796530538489338,0.3333333333333333,64.6,-0.7438109465053802
15936,0.375,0.31815625000000003,0.828538730273461,0.0,64.55696202531645,-0.7442241597471906
17268,0.18441000000000002,0.300178125,0.8617034092278039,0.0,64.55696202531645,-0.7442241597471906
3542,0.3625,0.3125,0.6752463558607397,0.0,64.55696202531645,-0.7442241597471906
4929,0.625,0.3125,0.6508384531984098,0.2222222222222222,64.44444444444443,-0.7453057388118837
4929,0.625,0.3125,0.6508384531984098,1.0,64.33333333333331,-0.7463756245033765
15822,0.22405,0.324653125,0.7931092639441031,0.2222222222222222,64.33333333333331,-0.7463756245033765
2878,0.125,0.309375,0.789519335019877,0.5555555555555556,64.29999999999998,-0.7466969450400484
18557,0.12499999999999992,0.27753125,0.9092398506204071,1.0,64.22222222222221,-0.7474473312777751
17353,0.375,0.31186250000000004,0.8462594868088182,0.0,64.17721518987341,-0.7478819599917614
17282,0.125,0.29628125,0.8848572461149259,0.7777777777777778,64.17391304347825,-0.7479138603284201
2879,0.125,0.309375,0.8107697867726779,0.7777777777777778,63.99999999999999,-0.7495962329471355
17273,0.3030875,0.300178125,0.8617034092278039,0.5555555555555556,63.999999999999986,-0.7495962329471355
3538,0.3625,0.309375,0.7059462715335502,0.1111111111111111,63.999999999999986,-0.7495962329471355
2530,0.1125,0.3125,0.6752463558607397,0.1111111111111111,63.999999999999986,-0.7495962329471355
17240,0.33875,0.30100625000000003,0.8597036501626311,0.0,63.92405063291139,-0.7503323525687207
2878,0.125,0.309375,0.789519335019877,0.8888888888888888,63.89999999999999,-0.750565636645861
17255,0.3032625,0.311103125,0.833586314901819,0.2222222222222222,63.88888888888888,-0.7506734403577832
17266,0.24375,0.304071875,0.8521021563667028,0.2222222222222222,63.88888888888888,-0.7506734403577832
3171,0.125,0.26331875,0.9325864353692326,0.3333333333333333,63.83999999999999,-0.7511479960935233
15806,0.3625,0.3368625,0.750391519094085,0.5555555555555556,63.79999999999999,-0.7515365351851154
15822,0.22405,0.324653125,0.7931092639441031,1.0,63.777777777777764,-0.7517524938831487
3171,0.125,0.26331875,0.9325864353692326,0.5555555555555556,63.76999999999999,-0.7518280969305171
17282,0.125,0.29628125,0.8848572461149259,0.4444444444444444,63.70808678500985,-0.752430241610533
17250,0.18441875,0.311103125,0.833586314901819,0.0,63.67088607594936,-0.7527923188858594
18585,0.15476625,0.276359375,0.924587399108541,1.0,63.66666666666666,-0.7528333998618274
17273,0.3030875,0.300178125,0.8617034092278039,0.3333333333333333,63.59999999999999,-0.7534828352757175
17273,0.3030875,0.300178125,0.8617034092278039,0.8888888888888888,63.59999999999999,-0.7534828352757175
17266,0.24375,0.304071875,0.8521021563667028,1.0,63.44444444444443,-0.75500079469724
17257,0.21993625,0.305634375,0.8481146849777135,0.2222222222222222,63.33333333333332,-0.7560872963955754
2910,0.125,0.309375,0.7059462715335502,0.2222222222222222,63.33333333333332,-0.7560872963955754
17273,0.3030875,0.300178125,0.8617034092278039,0.4444444444444444,63.31360946745561,-0.7562803626236135
2878,0.125,0.309375,0.789519335019877,0.4444444444444444,63.31360946745561,-0.7562803626236135
2878,0.125,0.309375,0.789519335019877,0.3333333333333333,63.29999999999999,-0.756413612846489
3570,0.3625,0.309375,0.8107697867726779,0.6666666666666666,63.245283018867916,-0.7569496313074426
18616,0.375,0.2899875,0.8847729189254305,0.8888888888888888,63.19999999999999,-0.7573935781461734
15806,0.3625,0.3368625,0.750391519094085,0.3333333333333333,62.89999999999999,-0.760342658844212
15807,0.34285,0.335575,0.7552222623780267,0.8888888888888888,62.79999999999999,-0.7613287633182054
15937,0.375,0.3337375,0.7784001927478615,1.0,62.66666666666666,-0.7626459763047826
17239,0.3625,0.299453125,0.8634501867244909,1.0,62.66666666666666,-0.7626459763047826
17260,0.14881,0.30096875,0.8598000240934827,0.0,62.658227848101255,-0.7627294370124797
4171,0.375,0.294746875,0.8743645343934465,0.1111111111111111,62.59999999999999,-0.7633056176201671
3571,0.3625,0.309375,0.789519335019877,0.8888888888888888,62.51999999999999,-0.764098100516411
15823,0.20421874999999998,0.323353125,0.7972894831947956,0.0,62.405063291139236,-0.7652384165347169
2877,0.125,0.309375,0.7682568365257197,0.8888888888888888,62.29999999999999,-0.7662825857095484
3099,0.125,0.29553124999999997,0.8865317431634743,0.5555555555555556,62.29999999999999,-0.7662825857095484
3151,0.125,0.28125,0.8804722322611732,0.0,62.27848101265822,-0.7664966655105063
17265,0.19611874999999998,0.307196875,0.8440669798819419,0.0,62.15189873417721,-0.7677574340093544
17257,0.21993625,0.305634375,0.8481146849777135,1.0,62.1111111111111,-0.7681642200228666
3538,0.3625,0.309375,0.7059462715335502,0.6666666666666666,62.0754716981132,-0.7685198768190539
2531,0.1125,0.3125,0.6508384531984098,0.3333333333333333,61.999999999999986,-0.7692736962182195
17273,0.3030875,0.300178125,0.8617034092278039,0.1111111111111111,61.89999999999999,-0.7702738990940751
17249,0.21405875000000002,0.3091625,0.8388507408745933,0.2222222222222222,61.777777777777764,-0.7714985309640804
17353,0.375,0.31186250000000004,0.8462594868088182,0.4444444444444444,61.73570019723865,-0.771920688114699
3101,0.125,0.28247187500000004,0.9134441633538127,0.4444444444444444,61.73570019723865,-0.771920688114699
17337,0.375,0.29628125,0.8708709794000722,0.8888888888888888,61.69999999999999,-0.7722790841581076
2867,0.125,0.278125,0.8796530538489338,0.8888888888888888,61.69999999999999,-0.7722790841581076
3216,0.125,0.3125,0.7872545476448619,0.4444444444444444,61.63708086785009,-0.7729112294711364
3233,0.3625,0.3125,0.7872545476448619,0.2222222222222222,61.55555555555554,-0.7737312552113614
17353,0.375,0.31186250000000004,0.8462594868088182,0.5555555555555556,61.499999999999986,-0.7742906755750792
3099,0.125,0.29553124999999997,0.8865317431634743,0.3333333333333333,61.499999999999986,-0.7742906755750792
3216,0.125,0.3125,0.7872545476448619,0.5555555555555556,61.499999999999986,-0.7742906755750792
3158,0.125,0.2880625,0.8888085772798457,0.4444444444444444,61.439842209072964,-0.7748969994899044
3541,0.3625,0.3125,0.6996542585230695,0.0,61.39240506329113,-0.7753755254684639
17239,0.3625,0.299453125,0.8634501867244909,0.4444444444444444,61.34122287968441,-0.7758922380284731
17269,0.15480125,0.298234375,0.8663293579086857,0.2222222222222222,61.33333333333332,-0.7759719251132744
17378,0.3988125,0.30096875,0.8740031321527526,1.0,61.33333333333332,-0.7759719251132744
17254,0.333,0.31305312500000004,0.8281532345500542,1.0,61.33333333333332,-0.7759719251132744
15806,0.3625,0.3368625,0.750391519094085,0.6666666666666666,61.32075471698112,-0.7760989942515352
17351,0.375,0.29940625,0.8776894350078304,0.8888888888888888,61.29999999999999,-0.7763087144114593
3172,0.125,0.26985625,0.9224189856643776,0.8888888888888888,61.29999999999999,-0.7763087144114593
17248,0.24392624999999998,0.307209375,0.8440308396578725,0.1111111111111111,61.19999999999999,-0.7773201645533804
3538,0.3625,0.309375,0.7059462715335502,0.4444444444444444,61.143984220907285,-0.7778874470306733
3542,0.3625,0.3125,0.6752463558607397,0.2222222222222222,61.1111111111111,-0.7782205974246758
3918,0.375,0.3125,0.6752463558607397,0.2222222222222222,61.1111111111111,-0.7782205974246758
17274,0.2733125,0.30213125,0.856944946392001,0.2222222222222222,61.1111111111111,-0.7782205974246758
3172,0.125,0.26985625,0.9224189856643776,0.5555555555555556,61.09999999999999,-0.7783332421298597
17243,0.267775,0.30565000000000003,0.8480905914950007,0.5555555555555556,61.09999999999999,-0.7783332421298597
18558,0.12500000000000017,0.2899875,0.8847729189254305,0.1111111111111111,61.09999999999999,-0.7783332421298597
17243,0.267775,0.30565000000000003,0.8480905914950007,0.8888888888888888,60.999999999999986,-0.779347952386459
3571,0.3625,0.309375,0.789519335019877,0.1111111111111111,60.999999999999986,-0.779347952386459
2531,0.1125,0.3125,0.6508384531984098,0.5555555555555556,60.89999999999999,-0.7803643005941435
17243,0.267775,0.30565000000000003,0.8480905914950007,0.3333333333333333,60.89999999999999,-0.7803643005941435
17240,0.33875,0.30100625000000003,0.8597036501626311,1.0,60.88888888888888,-0.7804773295106925
17353,0.375,0.31186250000000004,0.8462594868088182,0.3333333333333333,60.79999999999999,-0.7813822920494429
17240,0.33875,0.30100625000000003,0.8597036501626311,0.2222222222222222,60.777777777777764,-0.781608736064811
17380,0.39865,0.3103125,0.8504397060595108,1.0,60.777777777777764,-0.781608736064811
2906,0.125,0.3125,0.6752463558607397,0.0,60.759493670886066,-0.7817951118506152
17245,0.3151625,0.308759375,0.8399349475966751,0.0,60.759493670886066,-0.7817951118506152
15826,0.1448775,0.319459375,0.8094085049993975,0.0,60.759493670886066,-0.7817951118506152
3233,0.3625,0.3125,0.7872545476448619,1.0,60.74444444444443,-0.781948554861192
3099,0.125,0.29553124999999997,0.8865317431634743,0.7777777777777778,60.69565217391303,-0.7824463017288408
18572,0.3625,0.2931125,0.8918564028430309,0.2222222222222222,60.66666666666666,-0.7827421793555
17243,0.267775,0.30565000000000003,0.8480905914950007,0.1111111111111111,60.59999999999999,-0.78342322601784
18558,0.12500000000000017,0.2899875,0.8847729189254305,0.0,60.506329113924046,-0.7843813860885739
3172,0.125,0.26985625,0.9224189856643776,0.3333333333333333,60.39999999999999,-0.7854707971815533
17243,0.267775,0.30565000000000003,0.8480905914950007,0.4444444444444444,60.3550295857988,-0.7859321161895781
17244,0.2915375,0.30720625,0.8440308396578725,1.0,60.33333333333332,-0.7861548033085142
17248,0.24392624999999998,0.307209375,0.8440308396578725,0.5555555555555556,60.29999999999999,-0.7864970852293895
17241,0.3151125,0.302553125,0.8559089266353451,0.2222222222222222,60.22222222222221,-0.7872964674072507
3541,0.3625,0.3125,0.6996542585230695,1.0,60.22222222222221,-0.7872964674072507
15808,0.32305,0.334275,0.7600048186965426,0.2222222222222222,60.22222222222221,-0.7872964674072507
17248,0.24392624999999998,0.307209375,0.8440308396578725,0.8888888888888888,60.19999999999999,-0.7875250488502928
3216,0.125,0.3125,0.7872545476448619,0.3333333333333333,60.19999999999999,-0.7875250488502928
2878,0.125,0.309375,0.789519335019877,0.6666666666666666,60.188679245283005,-0.7876415279141612
5944,0.875,0.3125,0.62643055053608,1.0,60.1111111111111,-0.7884402053746992
15824,0.18448875,0.322059375,0.8013853752559932,1.0,60.1111111111111,-0.7884402053746992
3538,0.3625,0.309375,0.7059462715335502,0.3333333333333333,60.09999999999999,-0.7885546935244725
17248,0.24392624999999998,0.307209375,0.8440308396578725,0.3333333333333333,60.09999999999999,-0.7885546935244725
15821,0.24375,0.32594687499999997,0.788892904469341,0.7777777777777778,60.08695652173912,-0.788689119225715
3572,0.3625,0.309375,0.7682568365257197,0.1111111111111111,59.999999999999986,-0.7895860247590688
17244,0.2915375,0.30720625,0.8440308396578725,0.2222222222222222,59.999999999999986,-0.7895860247590688
17274,0.2733125,0.30213125,0.856944946392001,1.0,59.999999999999986,-0.7895860247590688
15827,0.125,0.31815625000000003,0.8133477894229612,0.2222222222222222,59.999999999999986,-0.7895860247590688
3172,0.125,0.26985625,0.9224189856643776,0.4444444444444444,59.96055226824456,-0.7899933266317611
17273,0.3030875,0.300178125,0.8617034092278039,0.6666666666666666,59.90566037735848,-0.7905605297948759
2530,0.1125,0.3125,0.6752463558607397,0.8888888888888888,59.89999999999999,-0.790619048088328
15827,0.125,0.31815625000000003,0.8133477894229612,0.5555555555555556,59.89999999999999,-0.790619048088328
17254,0.333,0.31305312500000004,0.8281532345500542,0.2222222222222222,59.88888888888888,-0.7907339331498536
17263,0.14864625,0.3103125,0.835742681604626,0.0,59.87341772151898,-0.7908939346143901
18649,0.375,0.2931125,0.8918564028430309,0.8888888888888888,59.79999999999999,-0.7916537690737806
3216,0.125,0.3125,0.7872545476448619,0.8888888888888888,59.79999999999999,-0.7916537690737806
3101,0.125,0.28247187500000004,0.9134441633538127,1.0,59.777777777777764,-0.7918839381781329
15825,0.16463375,0.32075624999999997,0.8054451270931212,0.0,59.746835443037966,-0.7922045670150873
18545,0.2141,0.287284375,0.8904228406216118,0.0,59.746835443037966,-0.7922045670150873
3538,0.3625,0.309375,0.7059462715335502,0.5555555555555556,59.69999999999999,-0.7926901933044225
17256,0.2737,0.3091625,0.8388507408745933,0.8888888888888888,59.69999999999999,-0.7926901933044225
17256,0.2737,0.3091625,0.8388507408745933,0.5555555555555556,59.69999999999999,-0.7926901933044225
17262,0.125,0.31186250000000004,0.831478135164438,0.5555555555555556,59.69999999999999,-0.7926901933044225
18575,0.125,0.2931125,0.8918564028430309,0.2222222222222222,59.66666666666666,-0.7930360475168784
15824,0.18448875,0.322059375,0.8013853752559932,0.2222222222222222,59.66666666666666,-0.7930360475168784
3543,0.3625,0.3125,0.6508384531984098,1.0,59.66666666666666,-0.7930360475168784
15849,0.12499999999999992,0.32128125,0.8192145524635586,1.0,59.66666666666666,-0.7930360475168784
15972,0.3986,0.332190625,0.78382122635827,0.0,59.62025316455696,-0.7935179333193106
2267,0.1125,0.26985625,0.9224189856643776,0.0,59.62025316455696,-0.7935179333193106
2270,0.1125,0.269728125,0.8990362606914829,0.0,59.62025316455696,-0.7935179333193106
3571,0.3625,0.309375,0.789519335019877,0.5555555555555556,59.59999999999999,-0.7937283263968944
17248,0.24392624999999998,0.307209375,0.8440308396578725,0.4444444444444444,59.56607495069032,-0.7940809027627677
15806,0.3625,0.3368625,0.750391519094085,0.4444444444444444,59.56607495069032,-0.7940809027627677
17249,0.21405875000000002,0.3091625,0.8388507408745933,1.0,59.55555555555554,-0.7941902688812572
15827,0.125,0.31815625000000003,0.8133477894229612,0.3333333333333333,59.499999999999986,-0.7947681739956646
17256,0.2737,0.3091625,0.8388507408745933,0.3333333333333333,59.499999999999986,-0.7947681739956646
17262,0.125,0.31186250000000004,0.831478135164438,0.3333333333333333,59.499999999999986,-0.7947681739956646
17256,0.2737,0.3091625,0.8388507408745933,0.1111111111111111,59.499999999999986,-0.7947681739956646
3924,0.375,0.309375,0.65293579086857,0.0,59.49367088607594,-0.7948340449564347
3921,0.375,0.309375,0.62643055053608,0.0,59.49367088607594,-0.7948340449564347
3918,0.375,0.3125,0.6752463558607397,1.0,59.444444444444436,-0.7953466100289474
2270,0.1125,0.269728125,0.8990362606914829,0.5555555555555556,59.39999999999999,-0.7958097417732156
3572,0.3625,0.309375,0.7682568365257197,0.8888888888888888,59.39999999999999,-0.7958097417732156
18616,0.375,0.2899875,0.8847729189254305,0.6666666666666666,59.33962264150942,-0.7964394481169351
2270,0.1125,0.269728125,0.8990362606914829,0.8888888888888888,59.29999999999999,-0.7968530354302259
17239,0.3625,0.299453125,0.8634501867244909,0.5555555555555556,59.29999999999999,-0.7968530354302259
15807,0.34285,0.335575,0.7552222623780267,0.6666666666666666,59.245283018867916,-0.7974246268157354
18617,0.398675,0.288434375,0.8880375858330322,1.0,59.22222222222221,-0.7976656829193842
17255,0.3032625,0.311103125,0.833586314901819,0.3333333333333333,59.19999999999999,-0.7978980606957604
17270,0.125,0.29628125,0.8708709794000722,0.1111111111111111,59.19999999999999,-0.7978980606957604
17255,0.3032625,0.311103125,0.833586314901819,0.8888888888888888,59.19999999999999,-0.7978980606957604
17255,0.3032625,0.311103125,0.833586314901819,0.5555555555555556,59.19999999999999,-0.7978980606957604
3152,0.125,0.28125,0.9023370678231537,1.0,59.1111111111111,-0.7988284303928531
2270,0.1125,0.269728125,0.8990362606914829,0.3333333333333333,58.999999999999986,-0.7999933291117176
2910,0.125,0.309375,0.7059462715335502,0.1111111111111111,58.999999999999986,-0.7999933291117176
17241,0.3151125,0.302553125,0.8559089266353451,1.0,58.999999999999986,-0.7999933291117176
15827,0.125,0.31815625000000003,0.8133477894229612,0.8888888888888888,58.999999999999986,-0.7999933291117176
17256,0.2737,0.3091625,0.8388507408745933,0.4444444444444444,58.974358974358964,-0.8002624582365434
3570,0.3625,0.309375,0.8107697867726779,0.7777777777777778,58.94782608695651,-0.8005410695359482
3101,0.125,0.28247187500000004,0.9134441633538127,0.5555555555555556,58.89999999999999,-0.8010435838639021
3543,0.3625,0.3125,0.6508384531984098,0.2222222222222222,58.88888888888888,-0.8011603870509441
4555,0.6125,0.3125,0.6508384531984098,0.2222222222222222,58.88888888888888,-0.8011603870509441
5944,0.875,0.3125,0.62643055053608,0.2222222222222222,58.88888888888888,-0.8011603870509441
3571,0.3625,0.309375,0.789519335019877,0.6666666666666666,58.877358490566024,-0.8012816208200573
3571,0.3625,0.309375,0.789519335019877,0.3333333333333333,58.79999999999999,-0.8020955934285185
4932,0.625,0.3125,0.62643055053608,0.3333333333333333,58.79999999999999,-0.8020955934285185
17262,0.125,0.31186250000000004,0.831478135164438,0.8888888888888888,58.79999999999999,-0.8020955934285185
2277,0.1125,0.2880625,0.8888085772798457,1.0,58.777777777777764,-0.8023296122299282
5941,0.875,0.3125,0.6508384531984098,1.0,58.777777777777764,-0.8023296122299282
4171,0.375,0.294746875,0.8743645343934465,1.0,58.777777777777764,-0.8023296122299282
15827,0.125,0.31815625000000003,0.8133477894229612,0.4444444444444444,58.77712031558185,-0.8023365371880286
2877,0.125,0.309375,0.7682568365257197,0.6666666666666666,58.67924528301886,-0.8033682918906749
18548,0.125,0.2931125,0.8780026502830983,0.2222222222222222,58.66666666666666,-0.8035010127128241
17239,0.3625,0.299453125,0.8634501867244909,0.3333333333333333,58.59999999999999,-0.8042049005200008
3541,0.3625,0.3125,0.6996542585230695,0.5555555555555556,58.59999999999999,-0.8042049005200008
2270,0.1125,0.269728125,0.8990362606914829,0.4444444444444444,58.57988165680472,-0.8044174710250646
17267,0.21418125,0.30213125,0.856944946392001,0.2222222222222222,58.55555555555554,-0.8046745966088804
3542,0.3625,0.3125,0.6752463558607397,1.0,58.55555555555554,-0.8046745966088804
3101,0.125,0.28247187500000004,0.9134441633538127,0.3333333333333333,58.49999999999999,-0.8052622098833968
3319,0.3625,0.29553124999999997,0.8865317431634743,0.4444444444444444,58.48126232741616,-0.8054605227147119
17380,0.39865,0.3103125,0.8504397060595108,0.2222222222222222,58.444444444444436,-0.8058503720727755
17255,0.3032625,0.311103125,0.833586314901819,0.4444444444444444,58.382642998027606,-0.8065053052090988
3159,0.125,0.294746875,0.8743645343934465,0.0,58.35443037974683,-0.8068045115537485
15816,0.12499999999999992,0.32128125,0.8038188170099987,1.0,58.33333333333332,-0.8070283473049574
17278,0.3625,0.29628125,0.8848572461149259,0.1111111111111111,58.29999999999999,-0.807382170061076
18542,0.338875,0.2884375,0.8880255390916757,0.8888888888888888,58.29999999999999,-0.807382170061076
4932,0.625,0.3125,0.62643055053608,0.8888888888888888,58.29999999999999,-0.807382170061076
4555,0.6125,0.3125,0.6508384531984098,0.0,58.22784810126581,-0.8081487212401136
5944,0.875,0.3125,0.62643055053608,0.0,58.22784810126581,-0.8081487212401136
18546,0.18443375,0.289225,0.8863871822671968,0.2222222222222222,58.22222222222221,-0.8082085305519867
15822,0.22405,0.324653125,0.7931092639441031,0.1111111111111111,58.19999999999999,-0.8084448328921389
4932,0.625,0.3125,0.62643055053608,0.4444444444444444,58.18540433925048,-0.8086000856553333
3541,0.3625,0.3125,0.6996542585230695,0.4444444444444444,58.18540433925048,-0.8086000856553333
17262,0.125,0.31186250000000004,0.831478135164438,0.4444444444444444,58.18540433925048,-0.8086000856553333
15815,0.148845,0.32284375,0.7989037465365619,0.0,58.101265822784804,-0.8094958068586798
2877,0.125,0.309375,0.7682568365257197,0.5555555555555556,58.09999999999999,-0.8095092922799835
2867,0.125,0.278125,0.8796530538489338,0.6666666666666666,58.018867924528294,-0.8103742345386399
15806,0.3625,0.3368625,0.750391519094085,0.1111111111111111,57.99999999999999,-0.8105755543094816
4932,0.625,0.3125,0.62643055053608,0.1111111111111111,57.99999999999999,-0.8105755543094816
17353,0.375,0.31186250000000004,0.8462594868088182,0.8888888888888888,57.99999999999999,-0.8105755543094816
17268,0.18441000000000002,0.300178125,0.8617034092278039,0.2222222222222222,57.999999999999986,-0.8105755543094821
2283,0.1125,0.307696875,0.8427538850740873,0.0,57.974683544303794,-0.8108457807419318
17337,0.375,0.29628125,0.8708709794000722,0.6666666666666666,57.92452830188678,-0.8113814777192856
18542,0.338875,0.2884375,0.8880255390916757,0.5555555555555556,57.89999999999999,-0.8116436250964703
4932,0.625,0.3125,0.62643055053608,0.5555555555555556,57.89999999999999,-0.8116436250964703
17267,0.21418125,0.30213125,0.856944946392001,1.0,57.88888888888888,-0.8117624115467693
15809,0.3033625,0.332984375,0.7646910010842067,0.0,57.84810126582278,-0.8121986553018514
17266,0.24375,0.304071875,0.8521021563667028,0.1111111111111111,57.79999999999999,-0.8127135107879624
18557,0.12499999999999992,0.27753125,0.9092398506204071,0.8888888888888888,57.79999999999999,-0.8127135107879624
4555,0.6125,0.3125,0.6508384531984098,1.0,57.777777777777764,-0.8129515102532588
15936,0.375,0.31815625000000003,0.828538730273461,0.2222222222222222,57.777777777777764,-0.8129515102532588
5941,0.875,0.3125,0.6508384531984098,0.2222222222222222,57.777777777777764,-0.8129515102532588
15808,0.32305,0.334275,0.7600048186965426,1.0,57.66666666666666,-0.8141428589113375
3172,0.125,0.26985625,0.9224189856643776,0.6666666666666666,57.641509433962256,-0.8144129114901912
15822,0.22405,0.324653125,0.7931092639441031,0.8888888888888888,57.49999999999999,-0.8159341192317214
4929,0.625,0.3125,0.6508384531984098,0.8888888888888888,57.49999999999999,-0.8159341192317214
17259,0.17249125,0.302521875,0.8559812070834839,0.0,57.46835443037974,-0.8162748083682976
2907,0.125,0.3125,0.6996542585230695,0.0,57.46835443037974,-0.8162748083682976
17264,0.17244125000000002,0.30874999999999997,0.8399469943380315,0.0,57.46835443037974,-0.8162748083682976
17242,0.29137500000000005,0.30410312500000003,0.8520178291772075,0.2222222222222222,57.444444444444436,-0.8165323402533933
18585,0.15476625,0.276359375,0.924587399108541,0.3333333333333333,57.39999999999999,-0.8170113266423698
17243,0.267775,0.30565000000000003,0.8480905914950007,0.6666666666666666,57.35849056603772,-0.8174590111806312
18542,0.338875,0.2884375,0.8880255390916757,0.0,57.34177215189873,-0.8176394113687417
17266,0.24375,0.304071875,0.8521021563667028,0.5555555555555556,57.29999999999999,-0.8180903801677352
18585,0.15476625,0.276359375,0.924587399108541,0.5555555555555556,57.29999999999999,-0.8180903801677352
17351,0.375,0.29940625,0.8776894350078304,0.6666666666666666,57.26415094339622,-0.8184776614237642
17378,0.3988125,0.30096875,0.8740031321527526,0.2222222222222222,57.22222222222221,-0.8189309244034889
18559,0.1486725,0.288434375,0.8880375858330322,0.0,57.215189873417714,-0.819006978322427
2877,0.125,0.309375,0.7682568365257197,0.3333333333333333,57.19999999999999,-0.8191712861464134
18557,0.12499999999999992,0.27753125,0.9092398506204071,0.3333333333333333,57.19999999999999,-0.8191712861464134
18585,0.15476625,0.276359375,0.924587399108541,0.8888888888888888,57.19999999999999,-0.8191712861464134
17266,0.24375,0.304071875,0.8521021563667028,0.8888888888888888,57.09999999999999,-0.8202540509497029
17266,0.24375,0.304071875,0.8521021563667028,0.3333333333333333,57.09999999999999,-0.8202540509497029
4929,0.625,0.3125,0.6508384531984098,0.3333333333333333,57.09999999999999,-0.8202540509497029
15822,0.22405,0.324653125,0.7931092639441031,0.3333333333333333,57.09999999999999,-0.8202540509497029
17249,0.21405875000000002,0.3091625,0.8388507408745933,0.1111111111111111,56.99999999999999,-0.821338680981826
18542,0.338875,0.2884375,0.8880255390916757,0.3333333333333333,56.99999999999999,-0.821338680981826
4929,0.625,0.3125,0.6508384531984098,0.1111111111111111,56.99999999999999,-0.821338680981826
17257,0.21993625,0.305634375,0.8481146849777135,0.1111111111111111,56.99999999999999,-0.821338680981826
15822,0.22405,0.324653125,0.7931092639441031,0.5555555555555556,56.99999999999999,-0.821338680981826
3543,0.3625,0.3125,0.6508384531984098,0.0,56.96202531645569,-0.8217510557883656
5941,0.875,0.3125,0.6508384531984098,0.0,56.96202531645569,-0.8217510557883656
18557,0.12499999999999992,0.27753125,0.9092398506204071,0.5555555555555556,56.89999999999999,-0.8224251826801614
2530,0.1125,0.3125,0.6752463558607397,0.5555555555555556,56.89999999999999,-0.8224251826801614
3541,0.3625,0.3125,0.6996542585230695,0.3333333333333333,56.89999999999999,-0.8224251826801614
18649,0.375,0.2931125,0.8918564028430309,0.5555555555555556,56.79999999999999,-0.8235135625154701
17248,0.24392624999999998,0.307209375,0.8440308396578725,0.6666666666666666,56.79245283018867,-0.8235957807942429
2907,0.125,0.3125,0.6996542585230695,1.0,56.777777777777764,-0.8237556804103765
15815,0.148845,0.32284375,0.7989037465365619,1.0,56.777777777777764,-0.8237556804103765
2570,0.1125,0.278125,0.8796530538489338,0.0,56.70886075949367,-0.8245071450127197
2525,0.1125,0.309375,0.67944103120106,0.0,56.70886075949367,-0.8245071450127197
18585,0.15476625,0.276359375,0.924587399108541,0.4444444444444444,56.70611439842208,-0.8245371096627597
2530,0.1125,0.3125,0.6752463558607397,0.3333333333333333,56.69999999999999,-0.8246038269921273
4556,0.6125,0.3125,0.62643055053608,0.2222222222222222,56.66666666666666,-0.8249676684226186
2910,0.125,0.309375,0.7059462715335502,1.0,56.66666666666666,-0.8249676684226186
17242,0.29137500000000005,0.30410312500000003,0.8520178291772075,1.0,56.66666666666666,-0.8249676684226186
4556,0.6125,0.3125,0.62643055053608,1.0,56.66666666666666,-0.8249676684226186
4932,0.625,0.3125,0.62643055053608,0.6666666666666666,56.60377358490565,-0.8256547348133029
2530,0.1125,0.3125,0.6752463558607397,0.6666666666666666,56.60377358490565,-0.8256547348133029
18542,0.338875,0.2884375,0.8880255390916757,0.4444444444444444,56.508875739644964,-0.8266928538097829
18575,0.125,0.2931125,0.8918564028430309,0.1111111111111111,56.49999999999999,-0.8267900360564618
18616,0.375,0.2899875,0.8847729189254305,0.5555555555555556,56.49999999999999,-0.8267900360564618
15937,0.375,0.3337375,0.7784001927478615,0.8888888888888888,56.49999999999999,-0.8267900360564618
15937,0.375,0.3337375,0.7784001927478615,0.5555555555555556,56.49999999999999,-0.8267900360564618
4929,0.625,0.3125,0.6508384531984098,0.5555555555555556,56.49999999999999,-0.8267900360564618
2277,0.1125,0.2880625,0.8888085772798457,0.0,56.45569620253164,-0.8272753516170874
15806,0.3625,0.3368625,0.750391519094085,0.7777777777777778,56.43478260869564,-0.8275045747122431
2570,0.1125,0.278125,0.8796530538489338,0.4444444444444444,56.4102564102564,-0.8277735000621955
17266,0.24375,0.304071875,0.8521021563667028,0.4444444444444444,56.4102564102564,-0.8277735000621955
18617,0.398675,0.288434375,0.8880375858330322,0.0,56.329113924050624,-0.8286640323254665
4929,0.625,0.3125,0.6508384531984098,0.4444444444444444,56.21301775147928,-0.8299403727585778
18616,0.375,0.2899875,0.8847729189254305,0.7777777777777778,56.17391304347825,-0.8303708660565967
17256,0.2737,0.3091625,0.8388507408745933,0.6666666666666666,56.1320754716981,-0.8308317708701672
17261,0.12499999999999992,0.29940625,0.8635586073966991,0.2222222222222222,56.1111111111111,-0.8310628523048251
17257,0.21993625,0.305634375,0.8481146849777135,0.5555555555555556,56.09999999999999,-0.8311853598600211
15808,0.32305,0.334275,0.7600048186965426,0.1111111111111111,56.09999999999999,-0.8311853598600211
18649,0.375,0.2931125,0.8918564028430309,0.6666666666666666,56.037735849056595,-0.8318723058581774
17257,0.21993625,0.305634375,0.8481146849777135,0.8888888888888888,55.99999999999999,-0.8322890018217283
18616,0.375,0.2899875,0.8847729189254305,0.3333333333333333,55.99999999999999,-0.8322890018217283
3216,0.125,0.3125,0.7872545476448619,0.6666666666666666,55.94339622641508,-0.8329145633018453
3572,0.3625,0.309375,0.7682568365257197,0.6666666666666666,55.94339622641508,-0.8329145633018453
2270,0.1125,0.269728125,0.8990362606914829,0.6666666666666666,55.94339622641508,-0.8329145633018453
15937,0.375,0.3337375,0.7784001927478615,0.3333333333333333,55.89999999999999,-0.833394581698323
17257,0.21993625,0.305634375,0.8481146849777135,0.3333333333333333,55.89999999999999,-0.833394581698323
15823,0.20421874999999998,0.323353125,0.7972894831947956,1.0,55.88888888888888,-0.8335175438270105
18549,0.3625,0.2931125,0.8780026502830983,0.2222222222222222,55.88888888888888,-0.8335175438270105
15837,0.29157500000000003,0.329084375,0.7783520057824359,0.0,55.82278481012658,-0.8342495875009439
17258,0.19628125000000002,0.30408124999999997,0.8520780628839898,0.0,55.82278481012658,-0.8342495875009439
15822,0.22405,0.324653125,0.7931092639441031,0.4444444444444444,55.81854043392504,-0.8342966192704726
3918,0.375,0.3125,0.6752463558607397,0.8888888888888888,55.79999999999999,-0.8345021063074525
17239,0.3625,0.299453125,0.8634501867244909,0.8888888888888888,55.79999999999999,-0.8345021063074525
2267,0.1125,0.26985625,0.9224189856643776,0.2222222222222222,55.777777777777764,-0.8347484876754743
17255,0.3032625,0.311103125,0.833586314901819,0.6666666666666666,55.75471698113206,-0.8350042684326575
15827,0.125,0.31815625000000003,0.8133477894229612,0.6666666666666666,55.75471698113206,-0.8350042684326575
3233,0.3625,0.3125,0.7872545476448619,0.8888888888888888,55.73999999999999,-0.8351675573941749
18615,0.375,0.2931125,0.8780026502830983,1.0,55.66666666666666,-0.835981842776895
18649,0.375,0.2931125,0.8918564028430309,0.3333333333333333,55.59999999999999,-0.8367230171743654
17255,0.3032625,0.311103125,0.833586314901819,0.1111111111111111,55.59999999999999,-0.8367230171743654
3556,0.3625,0.3390625,0.7157583423683893,0.0,55.56962025316455,-0.8370610571330617
15864,0.2240475,0.324653125,0.8087700277075051,0.0,55.56962025316455,-0.8370610571330617
17269,0.15480125,0.298234375,0.8663293579086857,1.0,55.55555555555554,-0.8372176185964564
15808,0.32305,0.334275,0.7600048186965426,0.4444444444444444,55.52268244575936,-0.8375836981790425
4929,0.625,0.3125,0.6508384531984098,0.6666666666666666,55.47169811320754,-0.838151888275531
2878,0.125,0.309375,0.789519335019877,0.7777777777777778,55.39130434782608,-0.8390488720387874
18557,0.12499999999999992,0.27753125,0.9092398506204071,0.4444444444444444,55.32544378698224,-0.8397846567524433
17257,0.21993625,0.305634375,0.8481146849777135,0.4444444444444444,55.32544378698224,-0.8397846567524433
17273,0.3030875,0.300178125,0.8617034092278039,0.7777777777777778,55.304347826086946,-0.8400205197284464
17268,0.18441000000000002,0.300178125,0.8617034092278039,1.0,55.222222222222214,-0.8409395658560823
17378,0.3988125,0.30096875,0.8740031321527526,0.8888888888888888,55.19999999999999,-0.8411884797070981
17262,0.125,0.31186250000000004,0.831478135164438,0.6666666666666666,55.18867924528301,-0.8413153227209126
2524,0.1125,0.309375,0.65293579086857,0.2222222222222222,55.1111111111111,-0.8421851203234966
17254,0.333,0.31305312500000004,0.8281532345500542,0.8888888888888888,55.09999999999999,-0.842309811397861
17254,0.333,0.31305312500000004,0.8281532345500542,0.3333333333333333,55.09999999999999,-0.842309811397861
17274,0.2733125,0.30213125,0.856944946392001,0.1111111111111111,54.99999999999999,-0.8434331436814606
17351,0.375,0.29940625,0.8776894350078304,0.5555555555555556,54.99999999999999,-0.8434331436814606
3542,0.3625,0.3125,0.6752463558607397,0.1111111111111111,54.99999999999999,-0.8434331436814606
17254,0.333,0.31305312500000004,0.8281532345500542,0.5555555555555556,54.99999999999999,-0.8434331436814606
17347,0.6125,0.29628125,0.8848572461149259,0.0,54.93670886075949,-0.8441451505174226
3319,0.3625,0.29553124999999997,0.8865317431634743,0.5555555555555556,54.89999999999999,-0.8445584837092623
3233,0.3625,0.3125,0.7872545476448619,0.5555555555555556,54.79999999999999,-0.8456858386710456
17380,0.39865,0.3103125,0.8504397060595108,0.8888888888888888,54.79999999999999,-0.8456858386710456
17240,0.33875,0.30100625000000003,0.8597036501626311,0.8888888888888888,54.79999999999999,-0.8456858386710456
17378,0.3988125,0.30096875,0.8740031321527526,0.5555555555555556,54.79999999999999,-0.8456858386710456
2283,0.1125,0.307696875,0.8427538850740873,1.0,54.777777777777764,-0.8459366363552793
15823,0.20421874999999998,0.323353125,0.7972894831947956,0.2222222222222222,54.777777777777764,-0.8459366363552793
18545,0.2141,0.287284375,0.8904228406216118,0.2222222222222222,54.777777777777764,-0.8459366363552793
17240,0.33875,0.30100625000000003,0.8597036501626311,0.5555555555555556,54.69999999999999,-0.8468152157952784
17244,0.2915375,0.30720625,0.8440308396578725,0.5555555555555556,54.69999999999999,-0.8468152157952784
17380,0.39865,0.3103125,0.8504397060595108,0.5555555555555556,54.69999999999999,-0.8468152157952784
17252,0.125,0.31498750000000003,0.8226478737501505,0.0,54.68354430379746,-0.8470012569252052
17245,0.3151625,0.308759375,0.8399349475966751,0.2222222222222222,54.66666666666666,-0.8471921254610949
17353,0.375,0.31186250000000004,0.8462594868088182,0.2222222222222222,54.66666666666666,-0.8471921254610949
3158,0.125,0.2880625,0.8888085772798457,0.2222222222222222,54.66666666666666,-0.8471921254610949
18542,0.338875,0.2884375,0.8880255390916757,0.6666666666666666,54.622641509433954,-0.8476902767213963
17353,0.375,0.31186250000000004,0.8462594868088182,0.6666666666666666,54.622641509433954,-0.8476902767213963
18557,0.12499999999999992,0.27753125,0.9092398506204071,0.6666666666666666,54.622641509433954,-0.8476902767213963
15807,0.34285,0.335575,0.7552222623780267,0.7777777777777778,54.60869565217391,-0.8478481584227059
3542,0.3625,0.3125,0.6752463558607397,0.8888888888888888,54.59999999999999,-0.8479466223493975
3172,0.125,0.26985625,0.9224189856643776,0.0,54.55696202531645,-0.848434183301406
17246,0.3389,0.310315625,0.8357306348632694,0.0,54.55696202531645,-0.848434183301406
17270,0.125,0.29628125,0.8708709794000722,1.0,54.55555555555554,-0.8484501230383198
17244,0.2915375,0.30720625,0.8440308396578725,0.3333333333333333,54.49999999999999,-0.8490800656400865
17250,0.18441875,0.311103125,0.833586314901819,0.2222222222222222,54.444444444444436,-0.8497106391308937
5567,0.8625,0.3125,0.6508384531984098,0.2222222222222222,54.444444444444436,-0.8497106391308937
2906,0.125,0.3125,0.6752463558607397,0.2222222222222222,54.444444444444436,-0.8497106391308937
2524,0.1125,0.309375,0.65293579086857,1.0,54.444444444444436,-0.8497106391308937
5568,0.8625,0.3125,0.62643055053608,0.2222222222222222,54.444444444444436,-0.8497106391308937
15826,0.1448775,0.319459375,0.8094085049993975,0.2222222222222222,54.444444444444436,-0.8497106391308937
17337,0.375,0.29628125,0.8708709794000722,0.7777777777777778,54.43478260869564,-0.8498203685800985
2905,0.125,0.3125,0.6508384531984098,0.0,54.430379746835435,-0.8498703782168794
5567,0.8625,0.3125,0.6508384531984098,0.0,54.430379746835435,-0.8498703782168794
2526,0.1125,0.309375,0.7059462715335502,0.0,54.430379746835435,-0.8498703782168794
4556,0.6125,0.3125,0.62643055053608,0.0,54.430379746835435,-0.8498703782168794
5568,0.8625,0.3125,0.62643055053608,1.0,54.33333333333332,-0.8509736838432005
17269,0.15480125,0.298234375,0.8663293579086857,0.1111111111111111,54.29999999999999,-0.851353091855853
15808,0.32305,0.334275,0.7600048186965426,0.5555555555555556,54.29999999999999,-0.851353091855853
17244,0.2915375,0.30720625,0.8440308396578725,0.8888888888888888,54.29999999999999,-0.851353091855853
17244,0.2915375,0.30720625,0.8440308396578725,0.4444444444444444,54.24063116370808,-0.8520294089674968
17274,0.2733125,0.30213125,0.856944946392001,0.5555555555555556,54.19999999999999,-0.8524926895931006
15822,0.22405,0.324653125,0.7931092639441031,0.6666666666666666,54.1509433962264,-0.8530524925580817
3152,0.125,0.28125,0.9023370678231537,0.3333333333333333,54.09999999999999,-0.8536343536918367
15824,0.18448875,0.322059375,0.8013853752559932,0.8888888888888888,54.09999999999999,-0.8536343536918367
2570,0.1125,0.278125,0.8796530538489338,0.5555555555555556,54.09999999999999,-0.8536343536918367
17380,0.39865,0.3103125,0.8504397060595108,0.3333333333333333,54.09999999999999,-0.8536343536918367
3233,0.3625,0.3125,0.7872545476448619,0.3333333333333333,54.09999999999999,-0.8536343536918367
18585,0.15476625,0.276359375,0.924587399108541,0.6666666666666666,54.0566037735849,-0.8541304376560687
17274,0.2733125,0.30213125,0.856944946392001,0.8888888888888888,53.99999999999999,-0.8547780916592852
17240,0.33875,0.30100625000000003,0.8597036501626311,0.3333333333333333,53.99999999999999,-0.8547780916592852
17378,0.3988125,0.30096875,0.8740031321527526,0.3333333333333333,53.99999999999999,-0.8547780916592852
2907,0.125,0.3125,0.6996542585230695,0.5555555555555556,53.99999999999999,-0.8547780916592852
17274,0.2733125,0.30213125,0.856944946392001,0.3333333333333333,53.99999999999999,-0.8547780916592852
3918,0.375,0.3125,0.6752463558607397,0.1111111111111111,53.99999999999999,-0.8547780916592852
18542,0.338875,0.2884375,0.8880255390916757,0.2222222222222222,53.999999999999986,-0.8547780916592858
17254,0.333,0.31305312500000004,0.8281532345500542,0.4444444444444444,53.944773175542394,-0.8554106335008123
17249,0.21405875000000002,0.3091625,0.8388507408745933,0.5555555555555556,53.89999999999999,-0.8559239110436554
18650,0.375,0.2899875,0.8984941573304421,1.0,53.88888888888888,-0.8560513531203872
17266,0.24375,0.304071875,0.8521021563667028,0.6666666666666666,53.86792452830188,-0.8562918801424301
17351,0.375,0.29940625,0.8776894350078304,0.3333333333333333,53.79999999999999,-0.8570718194344397
15849,0.12499999999999992,0.32128125,0.8192145524635586,0.8888888888888888,53.79999999999999,-0.8570718194344397
4244,0.6125,0.3125,0.8084809059149499,0.0,53.79746835443037,-0.857100907585698
15826,0.1448775,0.319459375,0.8094085049993975,1.0,53.777777777777764,-0.8573271946470035
18543,0.3625,0.2899875,0.8847729189254305,1.0,53.777777777777764,-0.8573271946470035
17249,0.21405875000000002,0.3091625,0.8388507408745933,0.3333333333333333,53.69999999999999,-0.8582218244627194
17244,0.2915375,0.30720625,0.8440308396578725,0.1111111111111111,53.69999999999999,-0.8582218244627194
3917,0.375,0.3125,0.6508384531984098,0.7777777777777778,53.669565217391295,-0.8585722433185633
3152,0.125,0.28125,0.9023370678231537,0.5555555555555556,53.59999999999999,-0.8593739338014644
17249,0.21405875000000002,0.3091625,0.8388507408745933,0.8888888888888888,53.59999999999999,-0.8593739338014644
2277,0.1125,0.2880625,0.8888085772798457,0.8888888888888888,53.59999999999999,-0.8593739338014644
3172,0.125,0.26985625,0.9224189856643776,0.7777777777777778,53.56521739130434,-0.8597751621584828
2867,0.125,0.278125,0.8796530538489338,0.7777777777777778,53.56521739130434,-0.8597751621584828
17260,0.14881,0.30096875,0.8598000240934827,1.0,53.55555555555554,-0.8598866598704697
15842,0.3625,0.321328125,0.8036742561137211,1.0,53.55555555555554,-0.8598866598704697
17380,0.39865,0.3103125,0.8504397060595108,0.4444444444444444,53.550295857988154,-0.8599473651507041
17274,0.2733125,0.30213125,0.856944946392001,0.4444444444444444,53.550295857988154,-0.8599473651507041
17240,0.33875,0.30100625000000003,0.8597036501626311,0.4444444444444444,53.550295857988154,-0.8599473651507041
18538,0.2914,0.282228125,0.900469822912902,0.0,53.544303797468345,-0.8600165301976943
3233,0.3625,0.3125,0.7872545476448619,0.1111111111111111,53.49999999999999,-0.8605281551658438
3319,0.3625,0.29553124999999997,0.8865317431634743,0.3333333333333333,53.49999999999999,-0.8605281551658438
5944,0.875,0.3125,0.62643055053608,0.8888888888888888,53.49999999999999,-0.8605281551658438
17249,0.21405875000000002,0.3091625,0.8388507408745933,0.4444444444444444,53.4516765285996,-0.8610866741940996
5567,0.8625,0.3125,0.6508384531984098,1.0,53.444444444444436,-0.8611703047145646
18546,0.18443375,0.289225,0.8863871822671968,1.0,53.444444444444436,-0.8611703047145646
3541,0.3625,0.3125,0.6996542585230695,0.2222222222222222,53.444444444444436,-0.8611703047145646
18617,0.398675,0.288434375,0.8880375858330322,0.5555555555555556,53.39999999999999,-0.8616844963135336
18617,0.398675,0.288434375,0.8880375858330322,0.8888888888888888,53.39999999999999,-0.8616844963135336
15808,0.32305,0.334275,0.7600048186965426,0.3333333333333333,53.39999999999999,-0.8616844963135336
2524,0.1125,0.309375,0.65293579086857,0.5555555555555556,53.39999999999999,-0.8616844963135336
3543,0.3625,0.3125,0.6508384531984098,0.8888888888888888,53.39999999999999,-0.8616844963135336
2528,0.1125,0.309375,0.62643055053608,0.2222222222222222,53.33333333333332,-0.8624565719197141
18552,0.27366250000000003,0.287284375,0.8904228406216118,1.0,53.33333333333332,-0.8624565719197141
18546,0.18443375,0.289225,0.8863871822671968,0.1111111111111111,53.29999999999999,-0.8628429650450312
2907,0.125,0.3125,0.6996542585230695,0.3333333333333333,53.29999999999999,-0.8628429650450312
17378,0.3988125,0.30096875,0.8740031321527526,0.4444444444444444,53.254437869822475,-0.8633714957235941
18575,0.125,0.2931125,0.8918564028430309,1.0,53.222222222222214,-0.8637454722223099
17351,0.375,0.29940625,0.8776894350078304,0.7777777777777778,53.21739130434782,-0.8638015712625698
15937,0.375,0.3337375,0.7784001927478615,0.6666666666666666,53.20754716981131,-0.8639159017605058
15824,0.18448875,0.322059375,0.8013853752559932,0.1111111111111111,53.19999999999999,-0.8640035692039701
15824,0.18448875,0.322059375,0.8013853752559932,0.3333333333333333,53.19999999999999,-0.8640035692039701
4171,0.375,0.294746875,0.8743645343934465,0.5555555555555556,53.19999999999999,-0.8640035692039701
2867,0.125,0.278125,0.8796530538489338,0.0,53.16455696202531,-0.8644154366184897
4554,0.6125,0.3125,0.6752463558607397,0.0,53.16455696202531,-0.8644154366184897
3309,0.3625,0.329559375,0.7767256956993133,0.0,53.16455696202531,-0.8644154366184897
2294,0.1125,0.31689375000000003,0.817094325984821,0.0,53.16455696202531,-0.8644154366184897
4930,0.625,0.3125,0.6752463558607397,0.0,53.16455696202531,-0.8644154366184897
15825,0.16463375,0.32075624999999997,0.8054451270931212,0.2222222222222222,53.1111111111111,-0.8650370164248146
3319,0.3625,0.29553124999999997,0.8865317431634743,1.0,53.1111111111111,-0.8650370164248146
2570,0.1125,0.278125,0.8796530538489338,0.3333333333333333,53.09999999999999,-0.8651663166774394
17241,0.3151125,0.302553125,0.8559089266353451,0.8888888888888888,53.09999999999999,-0.8651663166774394
17241,0.3151125,0.302553125,0.8559089266353451,0.1111111111111111,53.09999999999999,-0.8651663166774394
17241,0.3151125,0.302553125,0.8559089266353451,0.5555555555555556,53.09999999999999,-0.8651663166774394
17243,0.267775,0.30565000000000003,0.8480905914950007,0.7777777777777778,53.043478260869556,-0.8658244728514901
15824,0.18448875,0.322059375,0.8013853752559932,0.5555555555555556,52.99999999999999,-0.8663312153963039
2528,0.1125,0.309375,0.62643055053608,1.0,52.999999999999986,-0.8663312153963039
17265,0.19611874999999998,0.307196875,0.8440669798819419,0.2222222222222222,52.999999999999986,-0.8663312153963039
17245,0.3151625,0.308759375,0.8399349475966751,1.0,52.999999999999986,-0.8663312153963039
2270,0.1125,0.269728125,0.8990362606914829,0.2222222222222222,52.999999999999986,-0.8663312153963039
3571,0.3625,0.309375,0.789519335019877,0.7777777777777778,52.9391304347826,-0.8670413408313815
17336,0.4048,0.298234375,0.8663293579086857,0.0,52.91139240506328,-0.8673652081320551
17282,0.125,0.29628125,0.8848572461149259,0.1111111111111111,52.89999999999999,-0.8674982733355303
15849,0.12499999999999992,0.32128125,0.8192145524635586,0.5555555555555556,52.89999999999999,-0.8674982733355303
15849,0.12499999999999992,0.32128125,0.8192145524635586,0.3333333333333333,52.89999999999999,-0.8674982733355303
3151,0.125,0.28125,0.8804722322611732,0.2222222222222222,52.88888888888888,-0.8676280800730158
17347,0.6125,0.29628125,0.8848572461149259,0.2222222222222222,52.88888888888888,-0.8676280800730158
15972,0.3986,0.332190625,0.78382122635827,0.2222222222222222,52.88888888888888,-0.8676280800730158
17241,0.3151125,0.302553125,0.8559089266353451,0.3333333333333333,52.79999999999999,-0.8686674985145141
15816,0.12499999999999992,0.32128125,0.8038188170099987,0.8888888888888888,52.79999999999999,-0.8686674985145141
2294,0.1125,0.31689375000000003,0.817094325984821,1.0,52.777777777777764,-0.8689276214589057
3918,0.375,0.3125,0.6752463558607397,0.6666666666666666,52.73584905660376,-0.8694187123331464
17336,0.4048,0.298234375,0.8663293579086857,1.0,52.66666666666666,-0.8702298506262047
3102,0.125,0.275771875,0.9256113721238406,1.0,52.66666666666666,-0.8702298506262047
3152,0.125,0.28125,0.9023370678231537,0.4444444444444444,52.66272189349112,-0.8702761331591529
18649,0.375,0.2931125,0.8918564028430309,0.4444444444444444,52.66272189349112,-0.8702761331591529
3233,0.3625,0.3125,0.7872545476448619,0.4444444444444444,52.66272189349112,-0.8702761331591529
17257,0.21993625,0.305634375,0.8481146849777135,0.6666666666666666,52.641509433962256,-0.8705250692826245
3152,0.125,0.28125,0.9023370678231537,0.8888888888888888,52.59999999999999,-0.8710124828934669
15972,0.3986,0.332190625,0.78382122635827,1.0,52.55555555555554,-0.8715347787159881
2570,0.1125,0.278125,0.8796530538489338,1.0,52.55555555555554,-0.8715347787159881
17239,0.3625,0.299453125,0.8634501867244909,0.6666666666666666,52.54716981132074,-0.8716333737017742
2877,0.125,0.309375,0.7682568365257197,0.7777777777777778,52.51304347826086,-0.8720347717654644
17267,0.21418125,0.30213125,0.856944946392001,0.5555555555555556,52.49999999999999,-0.8721882583573618
4171,0.375,0.294746875,0.8743645343934465,0.8888888888888888,52.49999999999999,-0.8721882583573618
18617,0.398675,0.288434375,0.8880375858330322,0.3333333333333333,52.49999999999999,-0.8721882583573618
4171,0.375,0.294746875,0.8743645343934465,0.4444444444444444,52.46548323471399,-0.8725946082830129
18617,0.398675,0.288434375,0.8880375858330322,0.4444444444444444,52.46548323471399,-0.8725946082830129
15815,0.148845,0.32284375,0.7989037465365619,0.2222222222222222,52.444444444444436,-0.8728424169387451
3542,0.3625,0.3125,0.6752463558607397,0.5555555555555556,52.39999999999999,-0.8733662335895435
17267,0.21418125,0.30213125,0.856944946392001,0.3333333333333333,52.39999999999999,-0.8733662335895435
3571,0.3625,0.309375,0.789519335019877,0.4444444444444444,52.36686390532543,-0.8737570552160145
15825,0.16463375,0.32075624999999997,0.8054451270931212,1.0,52.33333333333332,-0.8741527765749584
5941,0.875,0.3125,0.6508384531984098,0.8888888888888888,52.29999999999999,-0.874546416836573
2907,0.125,0.3125,0.6996542585230695,0.4444444444444444,52.268244575936876,-0.874921652281443
5944,0.875,0.3125,0.62643055053608,0.4444444444444444,52.268244575936876,-0.874921652281443
17241,0.3151125,0.302553125,0.8559089266353451,0.4444444444444444,52.268244575936876,-0.874921652281443
18649,0.375,0.2931125,0.8918564028430309,0.7777777777777778,52.260869565217384,-0.8750088305177681
17248,0.24392624999999998,0.307209375,0.8440308396578725,0.7777777777777778,52.260869565217384,-0.8750088305177681
2905,0.125,0.3125,0.6508384531984098,0.2222222222222222,52.222222222222214,-0.875465868975687
2526,0.1125,0.309375,0.7059462715335502,0.2222222222222222,52.222222222222214,-0.875465868975687
2294,0.1125,0.31689375000000003,0.817094325984821,0.2222222222222222,52.222222222222214,-0.875465868975687
2524,0.1125,0.309375,0.65293579086857,0.3333333333333333,52.19999999999999,-0.8757288163914712
3543,0.3625,0.3125,0.6508384531984098,0.3333333333333333,52.19999999999999,-0.8757288163914712
4171,0.375,0.294746875,0.8743645343934465,0.3333333333333333,52.19999999999999,-0.8757288163914712
17267,0.21418125,0.30213125,0.856944946392001,0.1111111111111111,52.19999999999999,-0.8757288163914712
5944,0.875,0.3125,0.62643055053608,0.6666666666666666,52.16981132075471,-0.8760862039861066
15937,0.375,0.3337375,0.7784001927478615,0.4444444444444444,52.169625246548314,-0.8760884074480709
3171,0.125,0.26331875,0.9325864353692326,0.0,52.15189873417721,-0.8762983574325174
3544,0.3625,0.3125,0.62643055053608,1.0,52.1111111111111,-0.8767817055631567
2267,0.1125,0.26985625,0.9224189856643776,0.1111111111111111,52.09999999999999,-0.8769134405940681
17267,0.21418125,0.30213125,0.856944946392001,0.8888888888888888,52.09999999999999,-0.8769134405940681
3233,0.3625,0.3125,0.7872545476448619,0.6666666666666666,52.0943396226415,-0.8769805614915194
17254,0.333,0.31305312500000004,0.8281532345500542,0.6666666666666666,52.0754716981132,-0.8772043495080724
17267,0.21418125,0.30213125,0.856944946392001,0.4444444444444444,52.07100591715975,-0.8772573287290542
15936,0.375,0.31815625000000003,0.828538730273461,0.1111111111111111,51.99999999999999,-0.8781002978313558
2528,0.1125,0.309375,0.62643055053608,0.5555555555555556,51.99999999999999,-0.8781002978313558
4555,0.6125,0.3125,0.6508384531984098,0.1111111111111111,51.99999999999999,-0.8781002978313558
3166,0.125,0.269728125,0.8990362606914829,1.0,51.99999999999999,-0.8781002978313558
3542,0.3625,0.3125,0.6752463558607397,0.3333333333333333,51.99999999999999,-0.8781002978313558
3543,0.3625,0.3125,0.6508384531984098,0.1111111111111111,51.99999999999999,-0.8781002978313558
5944,0.875,0.3125,0.62643055053608,0.1111111111111111,51.99999999999999,-0.8781002978313558
17256,0.2737,0.3091625,0.8388507408745933,0.7777777777777778,51.91304347826086,-0.8791341692918081
15808,0.32305,0.334275,0.7600048186965426,0.8888888888888888,51.89999999999999,-0.8792893965378449
17343,0.6125,0.299453125,0.8634501867244909,0.0,51.89873417721518,-0.8793044628227176
2560,0.1125,0.309375,0.7682568365257197,0.0,51.89873417721518,-0.8793044628227176
17378,0.3988125,0.30096875,0.8740031321527526,0.6666666666666666,51.79245283018867,-0.8805707498530629
3543,0.3625,0.3125,0.6508384531984098,0.6666666666666666,51.79245283018867,-0.8805707498530629
17263,0.14864625,0.3103125,0.835742681604626,0.2222222222222222,51.777777777777764,-0.8807457957483307
3216,0.125,0.3125,0.7872545476448619,0.7777777777777778,51.7391304347826,-0.8812070191572489
4555,0.6125,0.3125,0.6508384531984098,0.8888888888888888,51.69999999999999,-0.881674352336223
17242,0.29137500000000005,0.30410312500000003,0.8520178291772075,0.1111111111111111,51.69999999999999,-0.881674352336223
18558,0.12500000000000017,0.2899875,0.8847729189254305,0.2222222222222222,51.66666666666666,-0.8820727247493511
17258,0.19628125000000002,0.30408124999999997,0.8520780628839898,0.2222222222222222,51.66666666666666,-0.8820727247493511
2285,0.1125,0.28125,0.8804722322611732,0.0,51.645569620253156,-0.8823249894980858
3542,0.3625,0.3125,0.6752463558607397,0.6666666666666666,51.60377358490565,-0.8828250579466946
17240,0.33875,0.30100625000000003,0.8597036501626311,0.6666666666666666,51.60377358490565,-0.8828250579466946
2530,0.1125,0.3125,0.6752463558607397,0.7777777777777778,51.56521739130434,-0.8832867157729075
18559,0.1486725,0.288434375,0.8880375858330322,0.2222222222222222,51.55555555555554,-0.8834024561368261
3151,0.125,0.28125,0.8804722322611732,1.0,51.55555555555554,-0.8834024561368261
17380,0.39865,0.3103125,0.8504397060595108,0.6666666666666666,51.50943396226414,-0.8839552459685982
17380,0.39865,0.3103125,0.8504397060595108,0.1111111111111111,51.49999999999999,-0.8840683764294079
2270,0.1125,0.269728125,0.8990362606914829,0.7777777777777778,51.47826086956521,-0.8843291457758337
17255,0.3032625,0.311103125,0.833586314901819,0.7777777777777778,51.47826086956521,-0.8843291457758337
17258,0.19628125000000002,0.30408124999999997,0.8520780628839898,1.0,51.444444444444436,-0.8847350017727226
15827,0.125,0.31815625000000003,0.8133477894229612,0.7777777777777778,51.304347826086946,-0.8864191977463087
2524,0.1125,0.309375,0.65293579086857,0.8888888888888888,51.29999999999999,-0.8864715380412758
17268,0.18441000000000002,0.300178125,0.8617034092278039,0.1111111111111111,51.29999999999999,-0.8864715380412758
2524,0.1125,0.309375,0.65293579086857,0.4444444444444444,51.28205128205127,-0.8866876555830847
17244,0.2915375,0.30720625,0.8440308396578725,0.6666666666666666,51.226415094339615,-0.8873580334508078
3101,0.125,0.28247187500000004,0.9134441633538127,0.8888888888888888,51.19999999999999,-0.8876765672664123
3543,0.3625,0.3125,0.6508384531984098,0.5555555555555556,51.19999999999999,-0.8876765672664123
4550,0.6125,0.309375,0.7059462715335502,0.2222222222222222,51.1111111111111,-0.8887496439265713
2910,0.125,0.309375,0.7059462715335502,0.8888888888888888,51.09999999999999,-0.8888839071913819
15815,0.148845,0.32284375,0.7989037465365619,0.5555555555555556,51.09999999999999,-0.8888839071913819
17242,0.29137500000000005,0.30410312500000003,0.8520178291772075,0.5555555555555556,51.09999999999999,-0.8888839071913819
3918,0.375,0.3125,0.6752463558607397,0.5555555555555556,51.09999999999999,-0.8888839071913819
15815,0.148845,0.32284375,0.7989037465365619,0.8888888888888888,51.09999999999999,-0.8888839071913819
15824,0.18448875,0.322059375,0.8013853752559932,0.4444444444444444,51.08481262327415,-0.8890674731267649
15824,0.18448875,0.322059375,0.8013853752559932,0.6666666666666666,51.037735849056595,-0.889636818341277
18615,0.375,0.2931125,0.8780026502830983,0.8888888888888888,50.99999999999999,-0.8900935666949625
15809,0.3033625,0.332984375,0.7646910010842067,0.2222222222222222,50.99999999999999,-0.8900935666949625
2528,0.1125,0.309375,0.62643055053608,0.3333333333333333,50.99999999999999,-0.8900935666949625
5941,0.875,0.3125,0.6508384531984098,0.1111111111111111,50.99999999999999,-0.8900935666949625
17242,0.29137500000000005,0.30410312500000003,0.8520178291772075,0.8888888888888888,50.99999999999999,-0.8900935666949625
2530,0.1125,0.3125,0.6752463558607397,0.4444444444444444,50.98619329388559,-0.890260763564199
15849,0.12499999999999992,0.32128125,0.8192145524635586,0.6666666666666666,50.94339622641508,-0.8907793110843427
17274,0.2733125,0.30213125,0.856944946392001,0.6666666666666666,50.849056603773576,-0.8919238807104696
17242,0.29137500000000005,0.30410312500000003,0.8520178291772075,0.3333333333333333,50.79999999999999,-0.8925198802098292
15815,0.148845,0.32284375,0.7989037465365619,0.3333333333333333,50.79999999999999,-0.8925198802098292
17262,0.125,0.31186250000000004,0.831478135164438,0.7777777777777778,50.782608695652165,-0.8927313065308032
17259,0.17249125,0.302521875,0.8559812070834839,1.0,50.777777777777764,-0.8927900486662139
18538,0.2914,0.282228125,0.900469822912902,0.2222222222222222,50.777777777777764,-0.8927900486662139
17303,0.15459,0.31305312500000004,0.8430068666425732,0.0,50.75949367088607,-0.8930124261327185
15814,0.17250749999999998,0.32439687500000003,0.793940489097699,0.0,50.75949367088607,-0.8930124261327185
2277,0.1125,0.2880625,0.8888085772798457,0.6666666666666666,50.75471698113207,-0.8930705347843438
17254,0.333,0.31305312500000004,0.8281532345500542,0.1111111111111111,50.69999999999999,-0.8937365522366227
15849,0.12499999999999992,0.32128125,0.8192145524635586,0.4444444444444444,50.69033530571991,-0.8938542645556876
2304,0.1125,0.3141625,0.8399349475966751,1.0,50.66666666666666,-0.8941426325976478
4550,0.6125,0.309375,0.7059462715335502,1.0,50.66666666666666,-0.8941426325976478
2525,0.1125,0.309375,0.67944103120106,0.2222222222222222,50.66666666666666,-0.8941426325976478
5568,0.8625,0.3125,0.62643055053608,0.0,50.632911392405056,-0.8945541202867939
4550,0.6125,0.309375,0.7059462715335502,0.0,50.632911392405056,-0.8945541202867939
4555,0.6125,0.3125,0.6508384531984098,0.3333333333333333,50.599999999999994,-0.8949555798738446
3918,0.375,0.3125,0.6752463558607397,0.3333333333333333,50.599999999999994,-0.8949555798738446
5941,0.875,0.3125,0.6508384531984098,0.6666666666666666,50.56603773584905,-0.8953701267414109
18542,0.338875,0.2884375,0.8880255390916757,0.7777777777777778,50.521739130434774,-0.8959112505525543
17249,0.21405875000000002,0.3091625,0.8388507408745933,0.6666666666666666,50.47169811320754,-0.8965230799622161
17260,0.14881,0.30096875,0.8598000240934827,0.2222222222222222,50.444444444444436,-0.8968565487733875
17250,0.18441875,0.311103125,0.833586314901819,0.1111111111111111,50.39999999999999,-0.8974007385894114
3099,0.125,0.29553124999999997,0.8865317431634743,0.4444444444444444,50.394477317554234,-0.897468392674848
15936,0.375,0.31815625000000003,0.828538730273461,0.4444444444444444,50.394477317554234,-0.897468392674848
18593,0.33294999999999997,0.291175,0.8960004818696542,0.0,50.37974683544303,-0.8976488799110897
15863,0.24375,0.32594687499999997,0.8046500421635947,0.0,50.37974683544303,-0.8976488799110897
18557,0.12499999999999992,0.27753125,0.9092398506204071,0.7777777777777778,50.347826086956516,-0.8980401708494586
18571,0.3625,0.2899875,0.8984941573304421,0.2222222222222222,50.33333333333332,-0.8982179062290284
17250,0.18441875,0.311103125,0.833586314901819,1.0,50.33333333333332,-0.8982179062290284
15823,0.20421874999999998,0.323353125,0.7972894831947956,0.8888888888888888,50.29999999999999,-0.8986268881063149
2528,0.1125,0.309375,0.62643055053608,0.4444444444444444,50.29585798816567,-0.898677726901011
4555,0.6125,0.3125,0.6508384531984098,0.4444444444444444,50.29585798816567,-0.898677726901011
17242,0.29137500000000005,0.30410312500000003,0.8520178291772075,0.4444444444444444,50.29585798816567,-0.898677726901011
3543,0.3625,0.3125,0.6508384531984098,0.4444444444444444,50.29585798816567,-0.898677726901011
2529,0.1125,0.3125,0.6996542585230695,0.0,50.25316455696202,-0.8992019827655482
4556,0.6125,0.3125,0.62643055053608,0.3333333333333333,50.19999999999999,-0.899855430111597
4556,0.6125,0.3125,0.62643055053608,0.8888888888888888,50.19999999999999,-0.899855430111597
15815,0.148845,0.32284375,0.7989037465365619,0.4444444444444444,50.19723865877711,-0.8998893883825276
4555,0.6125,0.3125,0.6508384531984098,0.6666666666666666,50.18867924528301,-0.8999946615081641
17269,0.15480125,0.298234375,0.8663293579086857,0.8888888888888888,50.099999999999994,-0.9010863739600603
18545,0.2141,0.287284375,0.8904228406216118,0.1111111111111111,50.099999999999994,-0.9010863739600603
5941,0.875,0.3125,0.6508384531984098,0.4444444444444444,50.09861932938855,-0.9011033860938596
18617,0.398675,0.288434375,0.8880375858330322,0.6666666666666666,50.0943396226415,-0.9011561220440205
17353,0.375,0.31186250000000004,0.8462594868088182,0.7777777777777778,50.086956521739125,-0.9012471094188603
2270,0.1125,0.269728125,0.8990362606914829,0.1111111111111111,49.99999999999999,-0.9023197290614813
17241,0.3151125,0.302553125,0.8559089266353451,0.6666666666666666,49.99999999999999,-0.9023197290614813
2570,0.1125,0.278125,0.8796530538489338,0.2222222222222222,49.99999999999999,-0.9023197290614813
3924,0.375,0.309375,0.65293579086857,1.0,49.99999999999999,-0.9023197290614813
3924,0.375,0.309375,0.65293579086857,0.2222222222222222,49.99999999999999,-0.9023197290614813
4556,0.6125,0.3125,0.62643055053608,0.1111111111111111,49.99999999999999,-0.9023197290614813
3541,0.3625,0.3125,0.6996542585230695,0.7777777777777778,49.99999999999999,-0.9023197290614813
2906,0.125,0.3125,0.6752463558607397,0.1111111111111111,49.99999999999999,-0.9023197290614813
17268,0.18441000000000002,0.300178125,0.8617034092278039,0.5555555555555556,49.99999999999999,-0.9023197290614813
17261,0.12499999999999992,0.29940625,0.8635586073966991,1.0,49.99999999999999,-0.9023197290614813
17259,0.17249125,0.302521875,0.8559812070834839,0.2222222222222222,49.99999999999999,-0.9023197290614813
2524,0.1125,0.309375,0.65293579086857,0.1111111111111111,49.99999999999999,-0.9023197290614813
3152,0.125,0.28125,0.9023370678231537,0.6666666666666666,49.99999999999999,-0.9023197290614813
3544,0.3625,0.3125,0.62643055053608,0.2222222222222222,49.99999999999999,-0.9023197290614813
17269,0.15480125,0.298234375,0.8663293579086857,0.5555555555555556,49.99999999999999,-0.9023197290614813
15822,0.22405,0.324653125,0.7931092639441031,0.7777777777777778,49.91304347826086,-0.9033941791139363
17268,0.18441000000000002,0.300178125,0.8617034092278039,0.3333333333333333,49.89999999999999,-0.9035555048810426
3556,0.3625,0.3390625,0.7157583423683893,0.2222222222222222,49.88888888888888,-0.9036929631455215
15816,0.12499999999999992,0.32128125,0.8038188170099987,0.6666666666666666,49.811320754716974,-0.9046534143793169
4555,0.6125,0.3125,0.6508384531984098,0.5555555555555556,49.79999999999999,-0.9047937109397689
17343,0.6125,0.299453125,0.8634501867244909,0.2222222222222222,49.777777777777764,-0.9050691988365045
18585,0.15476625,0.276359375,0.924587399108541,0.7777777777777778,49.7391304347826,-0.9055485955117585
18616,0.375,0.2899875,0.8847729189254305,0.4444444444444444,49.704142011834314,-0.9059829205554849
17268,0.18441000000000002,0.300178125,0.8617034092278039,0.8888888888888888,49.69999999999999,-0.9060343568149667
17269,0.15480125,0.298234375,0.8663293579086857,0.3333333333333333,49.69999999999999,-0.9060343568149667
17347,0.6125,0.29628125,0.8848572461149259,0.1111111111111111,49.69999999999999,-0.9060343568149667
2529,0.1125,0.3125,0.6996542585230695,1.0,49.66666666666666,-0.9064484492849694
17266,0.24375,0.304071875,0.8521021563667028,0.7777777777777778,49.65217391304347,-0.9066285744694175
3541,0.3625,0.3125,0.6996542585230695,0.8888888888888888,49.60999999999999,-0.9071530321070762
17268,0.18441000000000002,0.300178125,0.8617034092278039,0.4444444444444444,49.60552268244575,-0.9072087358674182
5944,0.875,0.3125,0.62643055053608,0.3333333333333333,49.599999999999994,-0.9072774521406682
3572,0.3625,0.309375,0.7682568365257197,0.5555555555555556,49.57999999999999,-0.9075263659916841
3278,0.3625,0.26331875,0.9325864353692326,1.0,49.55555555555554,-0.9078307277280668
2283,0.1125,0.307696875,0.8427538850740873,0.8888888888888888,49.49999999999999,-0.9085230066080828
5567,0.8625,0.3125,0.6508384531984098,0.3333333333333333,49.49999999999999,-0.9085230066080828
5568,0.8625,0.3125,0.62643055053608,0.3333333333333333,49.49999999999999,-0.9085230066080828
17377,0.4224875,0.302521875,0.8702565955908925,0.0,49.49367088607595,-0.9086019221409233
18535,0.3625,0.277578125,0.9091555234309118,1.0,49.444444444444436,-0.9092160474903219
15864,0.2240475,0.324653125,0.8087700277075051,0.2222222222222222,49.444444444444436,-0.9092160474903219
17247,0.3625,0.31186250000000004,0.831478135164438,1.0,49.444444444444436,-0.9092160474903219
18576,0.125,0.2899875,0.8984941573304421,0.0,49.36708860759493,-0.9101823134775567
4171,0.375,0.294746875,0.8743645343934465,0.6666666666666666,49.33962264150943,-0.9105257529547593
4172,0.375,0.30129375,0.8589928924225997,1.0,49.33333333333332,-0.9106044219844044
5567,0.8625,0.3125,0.6508384531984098,0.4444444444444444,49.30966469428007,-0.9109005663451073
4556,0.6125,0.3125,0.62643055053608,0.4444444444444444,49.30966469428007,-0.9109005663451073
17267,0.21418125,0.30213125,0.856944946392001,0.6666666666666666,49.245283018867916,-0.9117068217271603
3159,0.125,0.294746875,0.8743645343934465,0.2222222222222222,49.222222222222214,-0.9119958647119075
15809,0.3033625,0.332984375,0.7646910010842067,1.0,49.222222222222214,-0.9119958647119075
15937,0.375,0.3337375,0.7784001927478615,0.7777777777777778,49.21739130434782,-0.9120564320322316
15823,0.20421874999999998,0.323353125,0.7972894831947956,0.3333333333333333,49.19999999999999,-0.9122745226398656
17265,0.19611874999999998,0.307196875,0.8440669798819419,0.1111111111111111,49.19999999999999,-0.9122745226398656
2910,0.125,0.309375,0.7059462715335502,0.6666666666666666,49.15094339622641,-0.9128901101377253
3215,0.125,0.3125,0.7660281893747741,0.0,49.1139240506329,-0.9133550467113382
18552,0.27366250000000003,0.287284375,0.8904228406216118,0.0,49.1139240506329,-0.9133550467113382
19845,0.3625,0.2712375,0.9201421515480062,1.0,49.1111111111111,-0.9133903892641371
2856,0.125,0.27164062499999997,0.8892302132273219,1.0,49.1111111111111,-0.9133903892641371
18593,0.33294999999999997,0.291175,0.8960004818696542,1.0,49.1111111111111,-0.9133903892641371
15826,0.1448775,0.319459375,0.8094085049993975,0.5555555555555556,49.099999999999994,-0.9135300117456812
4556,0.6125,0.3125,0.62643055053608,0.6666666666666666,49.0566037735849,-0.9140756265451062
17269,0.15480125,0.298234375,0.8663293579086857,0.4444444444444444,49.01380670611439,-0.9146141716644524
2526,0.1125,0.309375,0.7059462715335502,0.1111111111111111,48.99999999999999,-0.914788009322906
2283,0.1125,0.307696875,0.8427538850740873,0.5555555555555556,48.99999999999999,-0.914788009322906
18650,0.375,0.2899875,0.8984941573304421,0.8888888888888888,48.99999999999999,-0.914788009322906
2528,0.1125,0.309375,0.62643055053608,0.1111111111111111,48.99999999999999,-0.914788009322906
15816,0.12499999999999992,0.32128125,0.8038188170099987,0.3333333333333333,48.99999999999999,-0.914788009322906
15816,0.12499999999999992,0.32128125,0.8038188170099987,0.5555555555555556,48.99999999999999,-0.914788009322906
18549,0.3625,0.2931125,0.8780026502830983,0.1111111111111111,48.99999999999999,-0.914788009322906
15837,0.29157500000000003,0.329084375,0.7783520057824359,0.2222222222222222,48.99999999999999,-0.914788009322906
19873,0.12499999999999992,0.25565625000000003,0.9560293940489097,1.0,48.99999999999999,-0.914788009322906
15826,0.1448775,0.319459375,0.8094085049993975,0.1111111111111111,48.99999999999999,-0.914788009322906
2905,0.125,0.3125,0.6508384531984098,0.1111111111111111,48.99999999999999,-0.914788009322906
19867,0.3625,0.26811250000000003,0.9382363570654136,1.0,48.99999999999999,-0.914788009322906
3569,0.3625,0.3390625,0.735933020118058,0.0,48.98734177215189,-0.914947428890271
15808,0.32305,0.334275,0.7600048186965426,0.6666666666666666,48.96226415094339,-0.9152633793552603
4556,0.6125,0.3125,0.62643055053608,0.5555555555555556,48.89999999999999,-0.9160485254154798
15823,0.20421874999999998,0.323353125,0.7972894831947956,0.5555555555555556,48.89999999999999,-0.9160485254154798
17264,0.17244125000000002,0.30874999999999997,0.8399469943380315,0.2222222222222222,48.88888888888888,-0.9161887386613425
4930,0.625,0.3125,0.6752463558607397,0.2222222222222222,48.88888888888888,-0.9161887386613425
15837,0.29157500000000003,0.329084375,0.7783520057824359,1.0,48.88888888888888,-0.9161887386613425
4554,0.6125,0.3125,0.6752463558607397,0.2222222222222222,48.88888888888888,-0.9161887386613425
18571,0.3625,0.2899875,0.8984941573304421,0.0,48.860759493670884,-0.9165438485536941
2294,0.1125,0.31689375000000003,0.817094325984821,0.4444444444444444,48.81656804733727,-0.9171021330870034
5567,0.8625,0.3125,0.6508384531984098,0.5555555555555556,48.79999999999999,-0.9173115701277871
17252,0.125,0.31498750000000003,0.8226478737501505,0.2222222222222222,48.77777777777777,-0.917592591144701
3572,0.3625,0.309375,0.7682568365257197,0.7777777777777778,48.747826086956515,-0.9179715571671947
18549,0.3625,0.2931125,0.8780026502830983,0.0,48.73417721518987,-0.9181443262277438
15826,0.1448775,0.319459375,0.8094085049993975,0.4444444444444444,48.71794871794871,-0.9183498102112473
15826,0.1448775,0.319459375,0.8094085049993975,0.3333333333333333,48.69999999999999,-0.9185771536251431
18559,0.1486725,0.288434375,0.8880375858330322,0.1111111111111111,48.69999999999999,-0.9185771536251431
17257,0.21993625,0.305634375,0.8481146849777135,0.7777777777777778,48.60869565217391,-0.9197349122926602
17240,0.33875,0.30100625000000003,0.8597036501626311,0.1111111111111111,48.599999999999994,-0.9198452861342864
2294,0.1125,0.31689375000000003,0.817094325984821,0.5555555555555556,48.599999999999994,-0.9198452861342864
17270,0.125,0.29628125,0.8708709794000722,0.8888888888888888,48.599999999999994,-0.9198452861342864
17265,0.19611874999999998,0.307196875,0.8440669798819419,1.0,48.55555555555554,-0.9204097214727986
15864,0.2240475,0.324653125,0.8087700277075051,1.0,48.55555555555554,-0.9204097214727986
3556,0.3625,0.3390625,0.7157583423683893,0.1111111111111111,48.49999999999999,-0.9211159779438718
18575,0.125,0.2931125,0.8918564028430309,0.5555555555555556,48.49999999999999,-0.9211159779438718
5944,0.875,0.3125,0.62643055053608,0.5555555555555556,48.49999999999999,-0.9211159779438718
2283,0.1125,0.307696875,0.8427538850740873,0.3333333333333333,48.49999999999999,-0.9211159779438718
17246,0.3389,0.310315625,0.8357306348632694,0.2222222222222222,48.444444444444436,-0.921823027516146
3139,0.125,0.3125,0.8297072641850378,1.0,48.444444444444436,-0.921823027516146
15826,0.1448775,0.319459375,0.8094085049993975,0.8888888888888888,48.39999999999999,-0.9223892394049734
18543,0.3625,0.2899875,0.8847729189254305,0.5555555555555556,48.39999999999999,-0.9223892394049734
18546,0.18443375,0.289225,0.8863871822671968,0.5555555555555556,48.39999999999999,-0.9223892394049734
17260,0.14881,0.30096875,0.8598000240934827,0.5555555555555556,48.39999999999999,-0.9223892394049734
15842,0.3625,0.321328125,0.8036742561137211,0.8888888888888888,48.39999999999999,-0.9223892394049734
17251,0.15458875,0.31305312500000004,0.8281532345500542,0.0,48.35443037974683,-0.9229703149385764
2560,0.1125,0.309375,0.7682568365257197,1.0,48.33333333333332,-0.9232395131033273
2266,0.1125,0.26331875,0.9325864353692326,1.0,48.33333333333332,-0.9232395131033273
18575,0.125,0.2931125,0.8918564028430309,0.4444444444444444,48.32347140039447,-0.9233653907858163
2910,0.125,0.309375,0.7059462715335502,0.4444444444444444,48.32347140039447,-0.9233653907858163
5568,0.8625,0.3125,0.62643055053608,0.4444444444444444,48.32347140039447,-0.9233653907858163
3101,0.125,0.28247187500000004,0.9134441633538127,0.6666666666666666,48.30188679245282,-0.9236409845050213
5568,0.8625,0.3125,0.62643055053608,0.5555555555555556,48.29999999999999,-0.9236650809315897
17245,0.3151625,0.308759375,0.8399349475966751,0.1111111111111111,48.29999999999999,-0.9236650809315897
15972,0.3986,0.332190625,0.78382122635827,0.5555555555555556,48.29999999999999,-0.9236650809315897
17336,0.4048,0.298234375,0.8663293579086857,0.5555555555555556,48.29999999999999,-0.9236650809315897
3572,0.3625,0.309375,0.7682568365257197,0.3333333333333333,48.26999999999999,-0.9240483380670579
3918,0.375,0.3125,0.6752463558607397,0.7777777777777778,48.260869565217384,-0.9241650278634553
15972,0.3986,0.332190625,0.78382122635827,0.4444444444444444,48.224852071005905,-0.9246255536793448
18615,0.375,0.2931125,0.8780026502830983,0.5555555555555556,48.19999999999999,-0.9249435130011552
17260,0.14881,0.30096875,0.8598000240934827,0.8888888888888888,48.19999999999999,-0.9249435130011552
15815,0.148845,0.32284375,0.7989037465365619,0.6666666666666666,48.1132075471698,-0.9260552036360011
3290,0.3625,0.294746875,0.8743645343934465,0.0,48.101265822784804,-0.926208314247504
17290,0.1486475,0.3103125,0.8504397060595108,0.0,48.101265822784804,-0.926208314247504
18546,0.18443375,0.289225,0.8863871822671968,0.8888888888888888,48.099999999999994,-0.9262245461550557
2294,0.1125,0.31689375000000003,0.817094325984821,0.3333333333333333,48.099999999999994,-0.9262245461550557
17245,0.3151625,0.308759375,0.8399349475966751,0.5555555555555556,48.099999999999994,-0.9262245461550557
18575,0.125,0.2931125,0.8918564028430309,0.3333333333333333,48.099999999999994,-0.9262245461550557
18552,0.27366250000000003,0.287284375,0.8904228406216118,0.5555555555555556,48.099999999999994,-0.9262245461550557
18552,0.27366250000000003,0.287284375,0.8904228406216118,0.8888888888888888,48.099999999999994,-0.9262245461550557
18546,0.18443375,0.289225,0.8863871822671968,0.3333333333333333,48.099999999999994,-0.9262245461550557
15823,0.20421874999999998,0.323353125,0.7972894831947956,0.1111111111111111,48.099999999999994,-0.9262245461550557
2907,0.125,0.3125,0.6996542585230695,0.7777777777777778,48.086956521739125,-0.92639182975289
3233,0.3625,0.3125,0.7872545476448619,0.7777777777777778,48.05217391304347,-0.9268381367557662
3556,0.3625,0.3390625,0.7157583423683893,0.4444444444444444,48.02761341222879,-0.9271534712275468
17242,0.29137500000000005,0.30410312500000003,0.8520178291772075,0.6666666666666666,48.018867924528294,-0.9272657934685559
5568,0.8625,0.3125,0.62643055053608,0.1111111111111111,47.99999999999999,-0.9275081909991509
17245,0.3151625,0.308759375,0.8399349475966751,0.3333333333333333,47.99999999999999,-0.9275081909991509
2277,0.1125,0.2880625,0.8888085772798457,0.2222222222222222,47.99999999999999,-0.9275081909991509
15825,0.16463375,0.32075624999999997,0.8054451270931212,0.1111111111111111,47.99999999999999,-0.9275081909991509
17260,0.14881,0.30096875,0.8598000240934827,0.3333333333333333,47.99999999999999,-0.9275081909991509
17262,0.125,0.31186250000000004,0.831478135164438,0.1111111111111111,47.99999999999999,-0.9275081909991509
17336,0.4048,0.298234375,0.8663293579086857,0.2222222222222222,47.99999999999999,-0.9275081909991509
5567,0.8625,0.3125,0.6508384531984098,0.1111111111111111,47.99999999999999,-0.9275081909991509
18543,0.3625,0.2899875,0.8847729189254305,0.8888888888888888,47.99999999999999,-0.9275081909991509
17336,0.4048,0.298234375,0.8663293579086857,0.4444444444444444,47.92899408284023,-0.9284212462570841
18615,0.375,0.2931125,0.8780026502830983,0.6666666666666666,47.92452830188678,-0.9284787153962378
17378,0.3988125,0.30096875,0.8740031321527526,0.7777777777777778,47.91304347826086,-0.9286265351261096
17254,0.333,0.31305312500000004,0.8281532345500542,0.7777777777777778,47.91304347826086,-0.9286265351261096
17239,0.3625,0.299453125,0.8634501867244909,0.7777777777777778,47.91304347826086,-0.9286265351261096
18575,0.125,0.2931125,0.8918564028430309,0.8888888888888888,47.89999999999999,-0.9287944582043004
18546,0.18443375,0.289225,0.8863871822671968,0.4444444444444444,47.830374753451665,-0.9296915791429062
17245,0.3151625,0.308759375,0.8399349475966751,0.8888888888888888,47.79999999999999,-0.9300833585068962
3309,0.3625,0.329559375,0.7767256956993133,0.2222222222222222,47.77777777777777,-0.9303701394628647
3921,0.375,0.309375,0.62643055053608,0.2222222222222222,47.77777777777777,-0.9303701394628647
3542,0.3625,0.3125,0.6752463558607397,0.7777777777777778,47.7391304347826,-0.9308692002859368
18607,0.6125,0.2931125,0.8780026502830983,0.0,47.72151898734177,-0.9310967516758097
2856,0.125,0.27164062499999997,0.8892302132273219,0.0,47.72151898734177,-0.9310967516758097
18552,0.27366250000000003,0.287284375,0.8904228406216118,0.3333333333333333,47.69999999999999,-0.9313749027094008
15972,0.3986,0.332190625,0.78382122635827,0.3333333333333333,47.69999999999999,-0.9313749027094008
2283,0.1125,0.307696875,0.8427538850740873,0.2222222222222222,47.66666666666666,-0.9318060068535584
17240,0.33875,0.30100625000000003,0.8597036501626311,0.7777777777777778,47.65217391304347,-0.9319935355453226
17245,0.3151625,0.308759375,0.8399349475966751,0.4444444444444444,47.63313609467455,-0.9322399599154771
17260,0.14881,0.30096875,0.8598000240934827,0.4444444444444444,47.63313609467455,-0.9322399599154771
18615,0.375,0.2931125,0.8780026502830983,0.3333333333333333,47.599999999999994,-0.9326691016808899
3102,0.125,0.275771875,0.9256113721238406,0.8888888888888888,47.599999999999994,-0.9326691016808899
2294,0.1125,0.31689375000000003,0.817094325984821,0.8888888888888888,47.599999999999994,-0.9326691016808899
3139,0.125,0.3125,0.8297072641850378,0.0,47.59493670886076,-0.9327347015536254
17380,0.39865,0.3103125,0.8504397060595108,0.7777777777777778,47.56521739130434,-0.9331198821389812
19843,0.15466125,0.269296875,0.9233224912661124,1.0,47.55555555555554,-0.9332451562297138
19846,0.332925,0.269296875,0.9233224912661124,1.0,47.55555555555554,-0.9332451562297138
4554,0.6125,0.3125,0.6752463558607397,1.0,47.55555555555554,-0.9332451562297138
18617,0.398675,0.288434375,0.8880375858330322,0.2222222222222222,47.55555555555554,-0.9332451562297138
17261,0.12499999999999992,0.29940625,0.8635586073966991,0.4444444444444444,47.534516765285986,-0.9335180286759069
17378,0.3988125,0.30096875,0.8740031321527526,0.1111111111111111,47.49999999999999,-0.9339659663576021
17336,0.4048,0.298234375,0.8663293579086857,0.8888888888888888,47.49999999999999,-0.9339659663576021
17327,0.40458750000000004,0.31305312500000004,0.8281532345500542,0.0,47.46835443037974,-0.9343769236060171
15823,0.20421874999999998,0.323353125,0.7972894831947956,0.6666666666666666,47.452830188679236,-0.934578623385551
2905,0.125,0.3125,0.6508384531984098,1.0,47.444444444444436,-0.9346876026290846
18543,0.3625,0.2899875,0.8847729189254305,0.3333333333333333,47.39999999999999,-0.9352655077434919
17270,0.125,0.29628125,0.8708709794000722,0.5555555555555556,47.39999999999999,-0.9352655077434919
15972,0.3986,0.332190625,0.78382122635827,0.8888888888888888,47.39999999999999,-0.9352655077434919
17270,0.125,0.29628125,0.8708709794000722,0.3333333333333333,47.39999999999999,-0.9352655077434919
18552,0.27366250000000003,0.287284375,0.8904228406216118,0.4444444444444444,47.33727810650887,-0.9360819756075829
3922,0.375,0.309375,0.7059462715335502,1.0,47.33333333333332,-0.9361333611930145
2907,0.125,0.3125,0.6996542585230695,0.2222222222222222,47.33333333333332,-0.9361333611930145
17244,0.2915375,0.30720625,0.8440308396578725,0.7777777777777778,47.304347826086946,-0.9365110622109062
3319,0.3625,0.29553124999999997,0.8865317431634743,0.8888888888888888,47.29999999999999,-0.936567736910791
17336,0.4048,0.298234375,0.8663293579086857,0.3333333333333333,47.29999999999999,-0.936567736910791
4244,0.6125,0.3125,0.8084809059149499,0.2222222222222222,47.222222222222214,-0.9375824471673908
2277,0.1125,0.2880625,0.8888085772798457,0.7777777777777778,47.21739130434782,-0.9376455266222291
15825,0.16463375,0.32075624999999997,0.8054451270931212,0.8888888888888888,47.19999999999999,-0.9378726650005743
17269,0.15480125,0.298234375,0.8663293579086857,0.6666666666666666,47.16981132075471,-0.9382671376130196
15849,0.12499999999999992,0.32128125,0.8192145524635586,0.7777777777777778,47.13043478260869,-0.9387820388043586
2524,0.1125,0.309375,0.65293579086857,0.6666666666666666,47.1132075471698,-0.9390074405530318
18576,0.125,0.2899875,0.8984941573304421,0.2222222222222222,47.1111111111111,-0.9390348759036078
3151,0.125,0.28125,0.8804722322611732,0.5555555555555556,47.099999999999994,-0.9391803032233315
18544,0.24392624999999998,0.28533437500000003,0.8943741717865318,0.0,47.088607594936704,-0.939329447131739
3158,0.125,0.2880625,0.8888085772798457,0.1111111111111111,46.99999999999999,-0.9404906628595447
2525,0.1125,0.309375,0.67944103120106,0.1111111111111111,46.99999999999999,-0.9404906628595447
3151,0.125,0.28125,0.8804722322611732,0.1111111111111111,46.99999999999999,-0.9404906628595447
2294,0.1125,0.31689375000000003,0.817094325984821,0.1111111111111111,46.99999999999999,-0.9404906628595447
3101,0.125,0.28247187500000004,0.9134441633538127,0.0,46.962025316455694,-0.9409889830897074
17274,0.2733125,0.30213125,0.856944946392001,0.7777777777777778,46.95652173913043,-0.9410612361454823
15824,0.18448875,0.322059375,0.8013853752559932,0.7777777777777778,46.95652173913043,-0.9410612361454823
15823,0.20421874999999998,0.323353125,0.7972894831947956,0.4444444444444444,46.94280078895463,-0.9412414061082618
2283,0.1125,0.307696875,0.8427538850740873,0.4444444444444444,46.94280078895463,-0.9412414061082618
3166,0.125,0.269728125,0.8990362606914829,0.8888888888888888,46.89999999999999,-0.9418037552602733
3172,0.125,0.26985625,0.9224189856643776,0.2222222222222222,46.88888888888888,-0.9419498236005512
18543,0.3625,0.2899875,0.8847729189254305,0.4444444444444444,46.844181459566066,-0.9425378969253599
5942,0.875,0.3125,0.6752463558607397,0.0,46.83544303797468,-0.9426529047186248
4584,0.6125,0.309375,0.7682568365257197,0.0,46.83544303797468,-0.9426529047186248
15845,0.3625,0.31815625000000003,0.828538730273461,0.0,46.83544303797468,-0.9426529047186248
3544,0.3625,0.3125,0.62643055053608,0.0,46.83544303797468,-0.9426529047186248
5566,0.8625,0.3125,0.6752463558607397,0.0,46.83544303797468,-0.9426529047186248
17277,0.3625,0.299453125,0.8775810143356222,0.1111111111111111,46.79999999999999,-0.943119591847743
3924,0.375,0.309375,0.65293579086857,0.5555555555555556,46.79999999999999,-0.943119591847743
17268,0.18441000000000002,0.300178125,0.8617034092278039,0.6666666666666666,46.79245283018867,-0.943219011961315
3151,0.125,0.28125,0.8804722322611732,0.4444444444444444,46.745562130177504,-0.9438370629069843
15825,0.16463375,0.32075624999999997,0.8054451270931212,0.5555555555555556,46.69999999999999,-0.9444381841159422
17258,0.19628125000000002,0.30408124999999997,0.8520780628839898,0.5555555555555556,46.69999999999999,-0.9444381841159422
17261,0.12499999999999992,0.29940625,0.8635586073966991,0.5555555555555556,46.69999999999999,-0.9444381841159422
15809,0.3033625,0.332984375,0.7646910010842067,0.1111111111111111,46.69999999999999,-0.9444381841159422
15825,0.16463375,0.32075624999999997,0.8054451270931212,0.3333333333333333,46.69999999999999,-0.9444381841159422
17261,0.12499999999999992,0.29940625,0.8635586073966991,0.3333333333333333,46.69999999999999,-0.9444381841159422
4930,0.625,0.3125,0.6752463558607397,1.0,46.66666666666666,-0.9448783292425303
2560,0.1125,0.309375,0.7682568365257197,0.2222222222222222,46.66666666666666,-0.9448783292425303
17249,0.21405875000000002,0.3091625,0.8388507408745933,0.7777777777777778,46.60869565217391,-0.9456445326567616
3541,0.3625,0.3125,0.6996542585230695,0.1111111111111111,46.599999999999994,-0.9457595436312242
15936,0.375,0.31815625000000003,0.828538730273461,0.5555555555555556,46.599999999999994,-0.9457595436312242
15814,0.17250749999999998,0.32439687500000003,0.793940489097699,1.0,46.55555555555554,-0.9463477058206029
17258,0.19628125000000002,0.30408124999999997,0.8520780628839898,0.3333333333333333,46.49999999999999,-0.947083682032917
3921,0.375,0.309375,0.62643055053608,1.0,46.444444444444436,-0.9478205195400005
2283,0.1125,0.307696875,0.8427538850740873,0.6666666666666666,46.415094339622634,-0.948210140578389
17258,0.19628125000000002,0.30408124999999997,0.8520780628839898,0.8888888888888888,46.39999999999999,-0.9484106110339373
17258,0.19628125000000002,0.30408124999999997,0.8520780628839898,0.1111111111111111,46.39999999999999,-0.9484106110339373
18617,0.398675,0.288434375,0.8880375858330322,0.7777777777777778,46.347826086956516,-0.9491040335466951
4244,0.6125,0.3125,0.8084809059149499,1.0,46.33333333333332,-0.9492967865186412
18541,0.31515,0.28688125000000003,0.8912420190338513,1.0,46.33333333333332,-0.9492967865186412
18560,0.17245125,0.286875,0.8912540657752078,0.0,46.32911392405063,-0.9493529155650741
2910,0.125,0.309375,0.7059462715335502,0.3333333333333333,46.29999999999999,-0.9497403424214124
17351,0.375,0.29940625,0.8776894350078304,0.4444444444444444,46.25246548323471,-0.9503734098941244
17258,0.19628125000000002,0.30408124999999997,0.8520780628839898,0.4444444444444444,46.25246548323471,-0.9503734098941244
4172,0.375,0.30129375,0.8589928924225997,0.4444444444444444,46.25246548323471,-0.9503734098941244
3537,0.3625,0.309375,0.67944103120106,0.0,46.202531645569614,-0.9510391179064283
17264,0.17244125000000002,0.30874999999999997,0.8399469943380315,0.1111111111111111,46.19999999999999,-0.9510728880573089
2524,0.1125,0.309375,0.65293579086857,0.7777777777777778,46.17391304347825,-0.951420972970594
17241,0.3151125,0.302553125,0.8559089266353451,0.7777777777777778,46.17391304347825,-0.951420972970594
3166,0.125,0.269728125,0.8990362606914829,0.3333333333333333,46.11999999999999,-0.9521409588442974
15816,0.12499999999999992,0.32128125,0.8038188170099987,0.7777777777777778,46.086956521739125,-0.9525826477981835
18615,0.375,0.2931125,0.8780026502830983,0.0,46.075949367088604,-0.952729848186464
3166,0.125,0.269728125,0.8990362606914829,0.5555555555555556,46.06999999999999,-0.9528094243258618
18650,0.375,0.2899875,0.8984941573304421,0.6666666666666666,46.037735849056595,-0.9532411507896976
18607,0.6125,0.2931125,0.8780026502830983,0.2222222222222222,45.99999999999999,-0.9537464699002434
4172,0.375,0.30129375,0.8589928924225997,0.5555555555555556,45.99999999999999,-0.9537464699002434
2570,0.1125,0.278125,0.8796530538489338,0.8888888888888888,45.99999999999999,-0.9537464699002434
3309,0.3625,0.329559375,0.7767256956993133,0.1111111111111111,45.99999999999999,-0.9537464699002434
2526,0.1125,0.309375,0.7059462715335502,1.0,45.99999999999999,-0.9537464699002434
3151,0.125,0.28125,0.8804722322611732,0.3333333333333333,45.99999999999999,-0.9537464699002434
17259,0.17249125,0.302521875,0.8559812070834839,0.5555555555555556,45.99999999999999,-0.9537464699002434
3544,0.3625,0.3125,0.62643055053608,0.3333333333333333,45.99999999999999,-0.9537464699002434
15810,0.283525,0.33168125000000004,0.7693289965064449,0.0,45.94936708860759,-0.9544251307883097
5944,0.875,0.3125,0.62643055053608,0.7777777777777778,45.91304347826086,-0.9549124472296489
3544,0.3625,0.3125,0.62643055053608,0.8888888888888888,45.89999999999999,-0.9550875302111576
15972,0.3986,0.332190625,0.78382122635827,0.1111111111111111,45.89999999999999,-0.9550875302111576
2910,0.125,0.309375,0.7059462715335502,0.5555555555555556,45.89999999999999,-0.9550875302111576
18578,0.125,0.27440625,0.9279604866883507,1.0,45.88888888888888,-0.9552367133839782
17270,0.125,0.29628125,0.8708709794000722,0.6666666666666666,45.849056603773576,-0.955771811664164
15842,0.3625,0.321328125,0.8036742561137211,0.6666666666666666,45.849056603773576,-0.955771811664164
2279,0.1125,0.30129375,0.8589928924225997,0.0,45.82278481012658,-0.9561249902925812
17259,0.17249125,0.302521875,0.8559812070834839,0.3333333333333333,45.79999999999999,-0.9564314529795488
18650,0.375,0.2899875,0.8984941573304421,0.5555555555555556,45.79999999999999,-0.9564314529795488
15809,0.3033625,0.332984375,0.7646910010842067,0.4444444444444444,45.759368836291905,-0.956978325048505
17259,0.17249125,0.302521875,0.8559812070834839,0.8888888888888888,45.69999999999999,-0.9577782504512387
4172,0.375,0.30129375,0.8589928924225997,0.3333333333333333,45.69999999999999,-0.9577782504512387
17250,0.18441875,0.311103125,0.833586314901819,0.5555555555555556,45.69999999999999,-0.9577782504512387
3094,0.125,0.325859375,0.8049271172147935,0.0,45.69620253164556,-0.957829451479521
18553,0.21993625,0.283759375,0.8974942777978557,0.0,45.69620253164556,-0.957829451479521
5562,0.8625,0.309375,0.7059462715335502,1.0,45.66666666666666,-0.958227823892649
18538,0.2914,0.282228125,0.900469822912902,0.1111111111111111,45.599999999999994,-0.9591279349508003
17250,0.18441875,0.311103125,0.833586314901819,0.3333333333333333,45.599999999999994,-0.9591279349508003
2304,0.1125,0.3141625,0.8399349475966751,0.0,45.56962025316455,-0.9595385393311654
3922,0.375,0.309375,0.7059462715335502,0.0,45.56962025316455,-0.9595385393311654
15826,0.1448775,0.319459375,0.8094085049993975,0.6666666666666666,45.56603773584905,-0.9595869773139987
15825,0.16463375,0.32075624999999997,0.8054451270931212,0.4444444444444444,45.56213017751478,-0.9596398143137217
5562,0.8625,0.309375,0.7059462715335502,0.2222222222222222,45.55555555555554,-0.959728724669996
17303,0.15459,0.31305312500000004,0.8430068666425732,0.2222222222222222,45.55555555555554,-0.959728724669996
2908,0.125,0.3125,0.62643055053608,0.2222222222222222,45.55555555555554,-0.959728724669996
4934,0.625,0.309375,0.7059462715335502,0.2222222222222222,45.55555555555554,-0.959728724669996
2867,0.125,0.278125,0.8796530538489338,0.2222222222222222,45.55555555555554,-0.959728724669996
3922,0.375,0.309375,0.7059462715335502,0.2222222222222222,45.55555555555554,-0.959728724669996
5942,0.875,0.3125,0.6752463558607397,0.2222222222222222,45.55555555555554,-0.959728724669996
2304,0.1125,0.3141625,0.8399349475966751,0.8888888888888888,45.49999999999999,-0.9604805188822341
17260,0.14881,0.30096875,0.8598000240934827,0.6666666666666666,45.47169811320754,-0.9608638537969331
17259,0.17249125,0.302521875,0.8559812070834839,0.4444444444444444,45.46351084812623,-0.9609747897479914
17250,0.18441875,0.311103125,0.833586314901819,0.4444444444444444,45.46351084812623,-0.9609747897479914
15814,0.17250749999999998,0.32439687500000003,0.793940489097699,0.2222222222222222,45.444444444444436,-0.9612332118325372
3290,0.3625,0.294746875,0.8743645343934465,0.2222222222222222,45.444444444444436,-0.9612332118325372
15865,0.20421499999999998,0.323353125,0.812853873027346,0.0,45.44303797468354,-0.9612522790335423
15836,0.3151875,0.330634375,0.7730032526201662,0.0,45.44303797468354,-0.9612522790335423
18646,0.6125,0.2899875,0.8984941573304421,0.0,45.44303797468354,-0.9612522790335423
3159,0.125,0.294746875,0.8743645343934465,0.1111111111111111,45.39999999999999,-0.9618360147296531
15864,0.2240475,0.324653125,0.8087700277075051,0.1111111111111111,45.39999999999999,-0.9618360147296531
15809,0.3033625,0.332984375,0.7646910010842067,0.5555555555555556,45.39999999999999,-0.9618360147296531
15936,0.375,0.31815625000000003,0.828538730273461,0.3333333333333333,45.39999999999999,-0.9618360147296531
4550,0.6125,0.309375,0.7059462715335502,0.8888888888888888,45.39999999999999,-0.9618360147296531
17267,0.21418125,0.30213125,0.856944946392001,0.7777777777777778,45.39130434782608,-0.9619540219604258
3152,0.125,0.28125,0.9023370678231537,0.7777777777777778,45.39130434782608,-0.9619540219604258
18546,0.18443375,0.289225,0.8863871822671968,0.6666666666666666,45.37735849056603,-0.9621433250316673
3924,0.375,0.309375,0.65293579086857,0.4444444444444444,45.364891518737664,-0.9623126016951747
3921,0.375,0.309375,0.62643055053608,0.4444444444444444,45.364891518737664,-0.9623126016951747
18614,0.40463749999999993,0.291175,0.882231056499217,0.0,45.316455696202524,-0.962970695978897
15973,0.42242499999999994,0.330628125,0.7891820262618962,0.0,45.316455696202524,-0.962970695978897
2528,0.1125,0.309375,0.62643055053608,0.7777777777777778,45.304347826086946,-0.9631353123218448
17250,0.18441875,0.311103125,0.833586314901819,0.8888888888888888,45.29999999999999,-0.9631944350579738
18615,0.375,0.2931125,0.8780026502830983,0.4444444444444444,45.2662721893491,-0.9636532622348056
4171,0.375,0.294746875,0.8743645343934465,0.7777777777777778,45.21739130434782,-0.964318823155174
3924,0.375,0.309375,0.65293579086857,0.3333333333333333,45.19999999999999,-0.9645557925136147
17381,0.4224375,0.30874999999999997,0.8545596916034212,0.0,45.189873417721515,-0.9646938157679501
18552,0.27366250000000003,0.287284375,0.8904228406216118,0.6666666666666666,45.18867924528301,-0.9647100940896701
3541,0.3625,0.3125,0.6996542585230695,0.6666666666666666,45.13207547169811,-0.9654821696958507
15808,0.32305,0.334275,0.7600048186965426,0.7777777777777778,45.13043478260869,-0.9655045628237808
17246,0.3389,0.310315625,0.8357306348632694,1.0,45.1111111111111,-0.9657683640543893
4934,0.625,0.309375,0.7059462715335502,1.0,45.1111111111111,-0.9657683640543893
3921,0.375,0.309375,0.62643055053608,0.5555555555555556,45.099999999999994,-0.9659200998252029
3569,0.3625,0.3390625,0.735933020118058,0.1111111111111111,45.099999999999994,-0.9659200998252029
17247,0.3625,0.31186250000000004,0.831478135164438,0.8888888888888888,45.099999999999994,-0.9659200998252029
3544,0.3625,0.3125,0.62643055053608,0.6666666666666666,45.0943396226415,-0.9659974132417433
18575,0.125,0.2931125,0.8918564028430309,0.6666666666666666,45.0943396226415,-0.9659974132417433
17270,0.125,0.29628125,0.8708709794000722,0.4444444444444444,45.069033530571986,-0.9663431777968425
18541,0.31515,0.28688125000000003,0.8912420190338513,0.0,45.0632911392405,-0.9664216642121868
15809,0.3033625,0.332984375,0.7646910010842067,0.3333333333333333,44.99999999999999,-0.9672873698042892
18650,0.375,0.2899875,0.8984941573304421,0.3333333333333333,44.99999999999999,-0.9672873698042892
17245,0.3151625,0.308759375,0.8399349475966751,0.6666666666666666,44.99999999999999,-0.9672873698042892
4550,0.6125,0.309375,0.7059462715335502,0.1111111111111111,44.99999999999999,-0.9672873698042892
4172,0.375,0.30129375,0.8589928924225997,0.8888888888888888,44.99999999999999,-0.9672873698042892
17263,0.14864625,0.3103125,0.835742681604626,0.1111111111111111,44.99999999999999,-0.9672873698042892
3102,0.125,0.275771875,0.9256113721238406,0.6666666666666666,44.99999999999999,-0.9672873698042892
18615,0.375,0.2931125,0.8780026502830983,0.7777777777777778,44.95652173913043,-0.9678827623573505
18543,0.3625,0.2899875,0.8847729189254305,0.6666666666666666,44.90566037735848,-0.9685799746063496
2906,0.125,0.3125,0.6752463558607397,0.5555555555555556,44.89999999999999,-0.9686576153460675
17278,0.3625,0.29628125,0.8848572461149259,0.2222222222222222,44.88888888888888,-0.9688100490904132
2294,0.1125,0.31689375000000003,0.817094325984821,0.6666666666666666,44.811320754716974,-0.9698752385438001
3923,0.375,0.309375,0.67944103120106,0.0,44.81012658227848,-0.9698916513799205
3278,0.3625,0.26331875,0.9325864353692326,0.8888888888888888,44.79999999999999,-0.9700308494301079
17259,0.17249125,0.302521875,0.8559812070834839,0.1111111111111111,44.79999999999999,-0.9700308494301079
3278,0.3625,0.26331875,0.9325864353692326,0.3333333333333333,44.79999999999999,-0.9700308494301079
3172,0.125,0.26985625,0.9224189856643776,0.1111111111111111,44.69999999999999,-0.9714070851210908
2906,0.125,0.3125,0.6752463558607397,0.3333333333333333,44.69999999999999,-0.9714070851210908
17297,0.333,0.31305312500000004,0.8430068666425732,0.0,44.68354430379746,-0.9716338428012465
17327,0.40458750000000004,0.31305312500000004,0.8281532345500542,1.0,44.66666666666666,-0.9718664996456284
15863,0.24375,0.32594687499999997,0.8046500421635947,0.2222222222222222,44.66666666666666,-0.9718664996456284
2529,0.1125,0.3125,0.6996542585230695,0.8888888888888888,44.61999999999999,-0.9725102436651342
3543,0.3625,0.3125,0.6508384531984098,0.7777777777777778,44.61739130434782,-0.97254624878764
5941,0.875,0.3125,0.6508384531984098,0.7777777777777778,44.60869565217391,-0.9726662807349951
2856,0.125,0.27164062499999997,0.8892302132273219,0.8888888888888888,44.599999999999994,-0.9727863355695556
18593,0.33294999999999997,0.291175,0.8960004818696542,0.5555555555555556,44.599999999999994,-0.9727863355695556
3166,0.125,0.269728125,0.8990362606914829,0.0,44.55696202531645,-0.9733808682782155
4169,0.375,0.307696875,0.8427538850740873,1.0,44.55555555555555,-0.9734003069277577
15972,0.3986,0.332190625,0.78382122635827,0.6666666666666666,44.52830188679245,-0.9737770951413302
17336,0.4048,0.298234375,0.8663293579086857,0.6666666666666666,44.52830188679245,-0.9737770951413302
18535,0.3625,0.277578125,0.9091555234309118,0.8888888888888888,44.49999999999999,-0.9741686140126529
3544,0.3625,0.3125,0.62643055053608,0.5555555555555556,44.49999999999999,-0.9741686140126529
3556,0.3625,0.3390625,0.7157583423683893,0.5555555555555556,44.49999999999999,-0.9741686140126529
15837,0.29157500000000003,0.329084375,0.7783520057824359,0.5555555555555556,44.49999999999999,-0.9741686140126529
18535,0.3625,0.277578125,0.9091555234309118,0.3333333333333333,44.49999999999999,-0.9741686140126529
5942,0.875,0.3125,0.6752463558607397,1.0,44.444444444444436,-0.9749378597747335
5566,0.8625,0.3125,0.6752463558607397,0.2222222222222222,44.444444444444436,-0.9749378597747335
2304,0.1125,0.3141625,0.8399349475966751,0.2222222222222222,44.444444444444436,-0.9749378597747335
4150,0.375,0.31689375000000003,0.817094325984821,0.0,44.430379746835435,-0.9751327547115785
18535,0.3625,0.277578125,0.9091555234309118,0.5555555555555556,44.39999999999999,-0.9755539337749082
17261,0.12499999999999992,0.29940625,0.8635586073966991,0.8888888888888888,44.39999999999999,-0.9755539337749082
17265,0.19611874999999998,0.307196875,0.8440669798819419,0.5555555555555556,44.39999999999999,-0.9755539337749082
3544,0.3625,0.3125,0.62643055053608,0.4444444444444444,44.378698224852066,-0.9758494256821671
15816,0.12499999999999992,0.32128125,0.8038188170099987,0.4444444444444444,44.378698224852066,-0.9758494256821671
3166,0.125,0.269728125,0.8990362606914829,0.4444444444444444,44.35897435897435,-0.9761231530049481
15815,0.148845,0.32284375,0.7989037465365619,0.7777777777777778,44.347826086956516,-0.9762779211041357
17242,0.29137500000000005,0.30410312500000003,0.8520178291772075,0.7777777777777778,44.347826086956516,-0.9762779211041357
15825,0.16463375,0.32075624999999997,0.8054451270931212,0.6666666666666666,44.33962264150943,-0.9763918313656803
3319,0.3625,0.29553124999999997,0.8865317431634743,0.6666666666666666,44.33962264150943,-0.9763918313656803
18553,0.21993625,0.283759375,0.8974942777978557,1.0,44.33333333333332,-0.9764791765247224
17377,0.4224875,0.302521875,0.8702565955908925,1.0,44.33333333333332,-0.9764791765247224
3569,0.3625,0.3390625,0.735933020118058,0.2222222222222222,44.33333333333332,-0.9764791765247224
18550,0.33294999999999997,0.291175,0.882231056499217,0.2222222222222222,44.33333333333332,-0.9764791765247224
3889,0.375,0.309375,0.7682568365257197,0.0,44.303797468354425,-0.9768895292272608
15816,0.12499999999999992,0.32128125,0.8038188170099987,0.0,44.303797468354425,-0.9768895292272608
4934,0.625,0.309375,0.7059462715335502,0.0,44.303797468354425,-0.9768895292272608
2908,0.125,0.3125,0.62643055053608,0.0,44.303797468354425,-0.9768895292272608
5562,0.8625,0.309375,0.7059462715335502,0.0,44.303797468354425,-0.9768895292272608
2304,0.1125,0.3141625,0.8399349475966751,0.3333333333333333,44.29999999999999,-0.9769423082689906
17265,0.19611874999999998,0.307196875,0.8440669798819419,0.3333333333333333,44.29999999999999,-0.9769423082689906
18593,0.33294999999999997,0.291175,0.8960004818696542,0.8888888888888888,44.29999999999999,-0.9769423082689906
15809,0.3033625,0.332984375,0.7646910010842067,0.8888888888888888,44.29999999999999,-0.9769423082689906
3278,0.3625,0.26331875,0.9325864353692326,0.5555555555555556,44.29999999999999,-0.9769423082689906
17265,0.19611874999999998,0.307196875,0.8440669798819419,0.4444444444444444,44.280078895463504,-0.9772192538657368
15864,0.2240475,0.324653125,0.8087700277075051,0.4444444444444444,44.280078895463504,-0.9772192538657368
3309,0.3625,0.329559375,0.7767256956993133,0.4444444444444444,44.280078895463504,-0.9772192538657368
15837,0.29157500000000003,0.329084375,0.7783520057824359,0.4444444444444444,44.280078895463504,-0.9772192538657368
3166,0.125,0.269728125,0.8990362606914829,0.6666666666666666,44.245283018867916,-0.9777032827416006
18593,0.33294999999999997,0.291175,0.8960004818696542,0.2222222222222222,44.222222222222214,-0.9780242756508951
15864,0.2240475,0.324653125,0.8087700277075051,0.3333333333333333,44.19999999999999,-0.9783337509964938
15864,0.2240475,0.324653125,0.8087700277075051,0.5555555555555556,44.19999999999999,-0.9783337509964938
2304,0.1125,0.3141625,0.8399349475966751,0.5555555555555556,44.19999999999999,-0.9783337509964938
19845,0.3625,0.2712375,0.9201421515480062,0.5555555555555556,44.19999999999999,-0.9783337509964938
15837,0.29157500000000003,0.329084375,0.7783520057824359,0.3333333333333333,44.19999999999999,-0.9783337509964938
18542,0.338875,0.2884375,0.8880255390916757,0.1111111111111111,44.19999999999999,-0.9783337509964938
19873,0.12499999999999992,0.25565625000000003,0.9560293940489097,0.8888888888888888,44.19999999999999,-0.9783337509964938
3538,0.3625,0.309375,0.7059462715335502,0.7777777777777778,44.14782608695651,-0.9790609436601325
2525,0.1125,0.309375,0.67944103120106,0.8888888888888888,44.13999999999999,-0.979170095035265
15863,0.24375,0.32594687499999997,0.8046500421635947,1.0,44.1111111111111,-0.9795731757627575
19845,0.3625,0.2712375,0.9201421515480062,0.3333333333333333,44.099999999999994,-0.979728275548723
19867,0.3625,0.26811250000000003,0.9382363570654136,0.8888888888888888,44.099999999999994,-0.979728275548723
2266,0.1125,0.26331875,0.9325864353692326,0.5555555555555556,44.099999999999994,-0.979728275548723
19845,0.3625,0.2712375,0.9201421515480062,0.8888888888888888,44.099999999999994,-0.979728275548723
3151,0.125,0.28125,0.8804722322611732,0.8888888888888888,44.099999999999994,-0.979728275548723
2529,0.1125,0.3125,0.6996542585230695,0.5555555555555556,43.99999999999999,-0.9811258956074924
4930,0.625,0.3125,0.6752463558607397,0.1111111111111111,43.99999999999999,-0.9811258956074924
15837,0.29157500000000003,0.329084375,0.7783520057824359,0.8888888888888888,43.99999999999999,-0.9811258956074924
4554,0.6125,0.3125,0.6752463558607397,0.1111111111111111,43.99999999999999,-0.9811258956074924
3544,0.3625,0.3125,0.62643055053608,0.1111111111111111,43.99999999999999,-0.9811258956074924
3921,0.375,0.309375,0.62643055053608,0.1111111111111111,43.99999999999999,-0.9811258956074924
2570,0.1125,0.278125,0.8796530538489338,0.1111111111111111,43.99999999999999,-0.9811258956074924
3924,0.375,0.309375,0.65293579086857,0.1111111111111111,43.99999999999999,-0.9811258956074924
17251,0.15458875,0.31305312500000004,0.8281532345500542,0.2222222222222222,43.99999999999999,-0.9811258956074924
19873,0.12499999999999992,0.25565625000000003,0.9560293940489097,0.5555555555555556,43.89999999999999,-0.9825266249459288
18543,0.3625,0.2899875,0.8847729189254305,0.2222222222222222,43.88888888888888,-0.9826824540713236
18593,0.33294999999999997,0.291175,0.8960004818696542,0.4444444444444444,43.88560157790926,-0.9827285647568916
17265,0.19611874999999998,0.307196875,0.8440669798819419,0.8888888888888888,43.79999999999999,-0.9839304774292876
18554,0.1962575,0.28220625,0.9005180098783278,1.0,43.77777777777777,-0.9842428701808927
4550,0.6125,0.309375,0.7059462715335502,0.6666666666666666,43.77358490566037,-0.9843018295945462
4554,0.6125,0.3125,0.6752463558607397,0.8888888888888888,43.69999999999999,-0.9853374670157758
15864,0.2240475,0.324653125,0.8087700277075051,0.8888888888888888,43.69999999999999,-0.9853374670157758
18535,0.3625,0.277578125,0.9091555234309118,0.4444444444444444,43.68836291913214,-0.9855014039499197
17258,0.19628125000000002,0.30408124999999997,0.8520780628839898,0.6666666666666666,43.67924528301886,-0.9856298781315161
4553,0.6125,0.3125,0.6996542585230695,0.0,43.67088607594936,-0.9857476885305835
15823,0.20421874999999998,0.323353125,0.7972894831947956,0.7777777777777778,43.65217391304347,-0.9860114881357992
4930,0.625,0.3125,0.6752463558607397,0.8888888888888888,43.599999999999994,-0.9867476077573847
2266,0.1125,0.26331875,0.9325864353692326,0.8888888888888888,43.599999999999994,-0.9867476077573847
15837,0.29157500000000003,0.329084375,0.7783520057824359,0.1111111111111111,43.599999999999994,-0.9867476077573847
4929,0.625,0.3125,0.6508384531984098,0.7777777777777778,43.59130434782608,-0.9868703780761794
19845,0.3625,0.2712375,0.9201421515480062,0.4444444444444444,43.589743589743584,-0.9868924163086081
18646,0.6125,0.2899875,0.8984941573304421,0.2222222222222222,43.55555555555555,-0.9873753521542936
18593,0.33294999999999997,0.291175,0.8960004818696542,0.3333333333333333,43.49999999999999,-0.9881609138007322
19873,0.12499999999999992,0.25565625000000003,0.9560293940489097,0.3333333333333333,43.49999999999999,-0.9881609138007322
15842,0.3625,0.321328125,0.8036742561137211,0.3333333333333333,43.49999999999999,-0.9881609138007322
2266,0.1125,0.26331875,0.9325864353692326,0.3333333333333333,43.49999999999999,-0.9881609138007322
3278,0.3625,0.26331875,0.9325864353692326,0.4444444444444444,43.49112426035502,-0.9882865085838097
17269,0.15480125,0.298234375,0.8663293579086857,0.7777777777777778,43.47826086956521,-0.9884685744850575
17252,0.125,0.31498750000000003,0.8226478737501505,1.0,43.444444444444436,-0.9889474567861469
3139,0.125,0.3125,0.8297072641850378,0.2222222222222222,43.444444444444436,-0.9889474567861469
17377,0.4224875,0.302521875,0.8702565955908925,0.2222222222222222,43.444444444444436,-0.9889474567861469
2856,0.125,0.27164062499999997,0.8892302132273219,0.5555555555555556,43.43999999999999,-0.9890104226922893
15842,0.3625,0.321328125,0.8036742561137211,0.5555555555555556,43.39999999999999,-0.9895773993879136
18578,0.125,0.27440625,0.9279604866883507,0.4444444444444444,43.39250493096646,-0.9896836944446187
17253,0.3625,0.31498750000000003,0.8226478737501505,1.0,43.33333333333332,-0.9905234966026599
4584,0.6125,0.309375,0.7682568365257197,0.2222222222222222,43.33333333333332,-0.9905234966026599
3138,0.125,0.31689375000000003,0.817094325984821,1.0,43.33333333333332,-0.9905234966026599
17264,0.17244125000000002,0.30874999999999997,0.8399469943380315,1.0,43.33333333333332,-0.9905234966026599
18552,0.27366250000000003,0.287284375,0.8904228406216118,0.2222222222222222,43.33333333333332,-0.9905234966026599
3324,0.3625,0.262071875,0.9472834598241175,1.0,43.33333333333332,-0.9905234966026599
3139,0.125,0.3125,0.8297072641850378,0.8888888888888888,43.29999999999999,-0.9909970788573634
3542,0.3625,0.3125,0.6752463558607397,0.4444444444444444,43.2938856015779,-0.9910839876513295
3924,0.375,0.309375,0.65293579086857,0.8888888888888888,43.24999999999999,-0.9917081208052566
19882,0.14869125,0.26655937500000004,0.9406457053367063,1.0,43.222222222222214,-0.992103491353849
17268,0.18441000000000002,0.300178125,0.8617034092278039,0.7777777777777778,43.21739130434782,-0.992172276799697
2570,0.1125,0.278125,0.8796530538489338,0.6666666666666666,43.20754716981131,-0.9923124666311572
3139,0.125,0.3125,0.8297072641850378,0.5555555555555556,43.19999999999999,-0.9924199666447262
15280,0.3625,0.34628125,0.7456993133357427,0.4444444444444444,43.19526627218934,-0.9924874020562502
2266,0.1125,0.26331875,0.9325864353692326,0.4444444444444444,43.18540433925048,-0.9926279156987233
17336,0.4048,0.298234375,0.8663293579086857,0.1111111111111111,43.099999999999994,-0.9938460772837372
2525,0.1125,0.309375,0.67944103120106,0.5555555555555556,43.099999999999994,-0.9938460772837372
2529,0.1125,0.3125,0.6996542585230695,0.3333333333333333,43.099999999999994,-0.9938460772837372
19867,0.3625,0.26811250000000003,0.9382363570654136,0.5555555555555556,43.099999999999994,-0.9938460772837372
19867,0.3625,0.26811250000000003,0.9382363570654136,0.3333333333333333,43.099999999999994,-0.9938460772837372
2283,0.1125,0.307696875,0.8427538850740873,0.7777777777777778,43.043478260869556,-0.9946535709585934
5256,0.8625,0.3125,0.8084809059149499,0.0,43.0379746835443,-0.9947322527684411
17259,0.17249125,0.302521875,0.8559812070834839,0.6666666666666666,43.018867924528294,-0.9950054886064316
15841,0.3387125,0.322884375,0.7987832791229972,1.0,42.99999999999999,-0.9952754254071126
3166,0.125,0.269728125,0.8990362606914829,0.1111111111111111,42.99999999999999,-0.9952754254071126
2560,0.1125,0.309375,0.7682568365257197,0.1111111111111111,42.99999999999999,-0.9952754254071126
18650,0.375,0.2899875,0.8984941573304421,0.7777777777777778,42.95652173913043,-0.9958978946401594
17302,0.18442125,0.31110000000000004,0.8483194795807734,0.0,42.91139240506329,-0.9965446534958389
3556,0.3625,0.3390625,0.7157583423683893,0.3333333333333333,42.89999999999999,-0.996708025747451
3921,0.375,0.309375,0.62643055053608,0.3333333333333333,42.89999999999999,-0.996708025747451
3139,0.125,0.3125,0.8297072641850378,0.3333333333333333,42.89999999999999,-0.996708025747451
19846,0.332925,0.269296875,0.9233224912661124,0.8888888888888888,42.89999999999999,-0.996708025747451
3537,0.3625,0.309375,0.67944103120106,0.2222222222222222,42.88888888888888,-0.9968674049605395
19873,0.12499999999999992,0.25565625000000003,0.9560293940489097,0.4444444444444444,42.8007889546351,-0.9981325519709712
19846,0.332925,0.269296875,0.9233224912661124,0.5555555555555556,42.79999999999999,-0.9981438931381448
2905,0.125,0.3125,0.6508384531984098,0.3333333333333333,42.79999999999999,-0.9981438931381448
19846,0.332925,0.269296875,0.9233224912661124,0.3333333333333333,42.79999999999999,-0.9981438931381448
19843,0.15466125,0.269296875,0.9233224912661124,0.3333333333333333,42.79999999999999,-0.9981438931381448
2856,0.125,0.27164062499999997,0.8892302132273219,0.3333333333333333,42.79999999999999,-0.9981438931381448
19843,0.15466125,0.269296875,0.9233224912661124,0.5555555555555556,42.79999999999999,-0.9981438931381448
19843,0.15466125,0.269296875,0.9233224912661124,0.8888888888888888,42.79999999999999,-0.9981438931381448
17263,0.14864625,0.3103125,0.835742681604626,1.0,42.77777777777777,-0.998463419954413
2304,0.1125,0.3141625,0.8399349475966751,0.6666666666666666,42.73584905660377,-0.9990667427084573
18578,0.125,0.27440625,0.9279604866883507,0.3333333333333333,42.699999999999996,-0.9995830425142997
4550,0.6125,0.309375,0.7059462715335502,0.3333333333333333,42.699999999999996,-0.9995830425142997
3166,0.125,0.269728125,0.8990362606914829,0.2222222222222222,42.66666666666666,-1.000063490899264
3103,0.125,0.26896875,0.9368871220334899,0.0,42.65822784810126,-1.00018518157957
18537,0.315125,0.280675,0.9034212745452354,0.0,42.65822784810126,-1.00018518157957
2301,0.1125,0.33147187499999997,0.7863028550777015,0.0,42.65822784810126,-1.00018518157957
17250,0.18441875,0.311103125,0.833586314901819,0.6666666666666666,42.641509433962256,-1.000426336365548
3922,0.375,0.309375,0.7059462715335502,0.8888888888888888,42.599999999999994,-1.001025488913671
18578,0.125,0.27440625,0.9279604866883507,0.5555555555555556,42.599999999999994,-1.001025488913671
4930,0.625,0.3125,0.6752463558607397,0.5555555555555556,42.599999999999994,-1.001025488913671
17260,0.14881,0.30096875,0.8598000240934827,0.1111111111111111,42.49999999999999,-1.0024712474776007
2525,0.1125,0.309375,0.67944103120106,0.3333333333333333,42.49999999999999,-1.0024712474776007
17247,0.3625,0.31186250000000004,0.831478135164438,0.6666666666666666,42.452830188679236,-1.0031543630680384
3278,0.3625,0.26331875,0.9325864353692326,0.6666666666666666,42.452830188679236,-1.0031543630680384
18544,0.24392624999999998,0.28533437500000003,0.8943741717865318,0.2222222222222222,42.444444444444436,-1.0032758834694666
5568,0.8625,0.3125,0.62643055053608,0.7777777777777778,42.43478260869565,-1.0034159251911168
2906,0.125,0.3125,0.6752463558607397,0.8888888888888888,42.42999999999999,-1.0034852573702098
2529,0.1125,0.3125,0.6996542585230695,0.4444444444444444,42.40631163708086,-1.0038287737324094
4550,0.6125,0.309375,0.7059462715335502,0.4444444444444444,42.40631163708086,-1.0038287737324094
2905,0.125,0.3125,0.6508384531984098,0.4444444444444444,42.40631163708086,-1.0038287737324094
4172,0.375,0.30129375,0.8589928924225997,0.6666666666666666,42.35849056603773,-1.0045228217200697
15842,0.3625,0.321328125,0.8036742561137211,0.7777777777777778,42.347826086956516,-1.0046777043267123
18541,0.31515,0.28688125000000003,0.8912420190338513,0.2222222222222222,42.33333333333332,-1.004888246906151
17280,0.125,0.31186250000000004,0.8462594868088182,0.4444444444444444,42.3076923076923,-1.0052609178717185
4930,0.625,0.3125,0.6752463558607397,0.3333333333333333,42.29999999999999,-1.005372762188194
4582,0.6125,0.309375,0.8107697867726779,0.0,42.278481012658226,-1.0056857486947792
15875,0.14884375,0.32284375,0.8144319961450427,0.0,42.278481012658226,-1.0056857486947792
2911,0.125,0.309375,0.67944103120106,0.0,42.278481012658226,-1.0056857486947792
2301,0.1125,0.33147187499999997,0.7863028550777015,1.0,42.222222222222214,-1.0065047499197437
18614,0.40463749999999993,0.291175,0.882231056499217,0.2222222222222222,42.222222222222214,-1.0065047499197437
3215,0.125,0.3125,0.7660281893747741,0.2222222222222222,42.222222222222214,-1.0065047499197437
3889,0.375,0.309375,0.7682568365257197,0.2222222222222222,42.222222222222214,-1.0065047499197437
19843,0.15466125,0.269296875,0.9233224912661124,0.4444444444444444,42.20907297830374,-1.0066963269786053
19846,0.332925,0.269296875,0.9233224912661124,0.4444444444444444,42.20907297830374,-1.0066963269786053
4244,0.6125,0.3125,0.8084809059149499,0.5555555555555556,42.199999999999996,-1.006828549144131
4550,0.6125,0.309375,0.7059462715335502,0.5555555555555556,42.199999999999996,-1.006828549144131
2905,0.125,0.3125,0.6508384531984098,0.5555555555555556,42.199999999999996,-1.006828549144131
18585,0.15476625,0.276359375,0.924587399108541,0.0,42.15189873417721,-1.0075300018526985
15908,0.375,0.3368625,0.750391519094085,0.0,42.15189873417721,-1.0075300018526985
2285,0.1125,0.28125,0.8804722322611732,0.2222222222222222,42.1111111111111,-1.0081254138208433
17303,0.15459,0.31305312500000004,0.8430068666425732,1.0,42.1111111111111,-1.0081254138208433
4584,0.6125,0.309375,0.7682568365257197,1.0,42.1111111111111,-1.0081254138208433
5946,0.875,0.309375,0.7059462715335502,1.0,42.1111111111111,-1.0081254138208433
15826,0.1448775,0.319459375,0.8094085049993975,0.7777777777777778,42.086956521739125,-1.0084782847474947
2867,0.125,0.278125,0.8796530538489338,0.1111111111111111,41.99999999999999,-1.009750260085033
2908,0.125,0.3125,0.62643055053608,0.1111111111111111,41.99999999999999,-1.009750260085033
3101,0.125,0.28247187500000004,0.9134441633538127,0.7777777777777778,41.99999999999999,-1.009750260085033
18535,0.3625,0.277578125,0.9091555234309118,0.6666666666666666,41.98113207547169,-1.010026594334781
17261,0.12499999999999992,0.29940625,0.8635586073966991,0.6666666666666666,41.98113207547169,-1.010026594334781
17260,0.14881,0.30096875,0.8598000240934827,0.7777777777777778,41.91304347826086,-1.0110248102731896
2560,0.1125,0.309375,0.7682568365257197,0.8888888888888888,41.90999999999999,-1.0110694662949071
18541,0.31515,0.28688125000000003,0.8912420190338513,0.5555555555555556,41.89999999999999,-1.0112162155271167
15814,0.17250749999999998,0.32439687500000003,0.793940489097699,0.8888888888888888,41.89999999999999,-1.0112162155271167
18615,0.375,0.2931125,0.8780026502830983,0.2222222222222222,41.88888888888888,-1.011379310354591
15929,0.394875,0.319459375,0.8094085049993975,1.0,41.88888888888888,-1.011379310354591
3537,0.3625,0.309375,0.67944103120106,0.8888888888888888,41.879999999999995,-1.011509816641294
5567,0.8625,0.3125,0.6508384531984098,0.7777777777777778,41.826086956521735,-1.0123019457576166
18546,0.18443375,0.289225,0.8863871822671968,0.7777777777777778,41.826086956521735,-1.0123019457576166
18541,0.31515,0.28688125000000003,0.8912420190338513,0.8888888888888888,41.79999999999999,-1.0126855921051892
4169,0.375,0.307696875,0.8427538850740873,0.8888888888888888,41.79999999999999,-1.0126855921051892
15809,0.3033625,0.332984375,0.7646910010842067,0.6666666666666666,41.79245283018867,-1.0127966277421834
3097,0.125,0.308090625,0.8562823756173954,1.0,41.77777777777777,-1.0130125864402169
18554,0.1962575,0.28220625,0.9005180098783278,0.0,41.77215189873417,-1.0130953967619678
4901,0.625,0.309375,0.7682568365257197,0.0,41.77215189873417,-1.0130953967619678
2525,0.1125,0.309375,0.67944103120106,1.0,41.74444444444443,-1.0135033965816962
17270,0.125,0.29628125,0.8708709794000722,0.7777777777777778,41.7391304347826,-1.013581677047659
18552,0.27366250000000003,0.287284375,0.8904228406216118,0.7777777777777778,41.7391304347826,-1.013581677047659
4244,0.6125,0.3125,0.8084809059149499,0.3333333333333333,41.699999999999996,-1.0141584058245865
19867,0.3625,0.26811250000000003,0.9382363570654136,0.6666666666666666,41.69811320754716,-1.0141862279044367
2856,0.125,0.27164062499999997,0.8892302132273219,0.6666666666666666,41.69811320754716,-1.0141862279044367
2910,0.125,0.309375,0.7059462715335502,0.7777777777777778,41.69565217391304,-1.0142225194215
18538,0.2914,0.282228125,0.900469822912902,1.0,41.66666666666666,-1.0146501103227854
18575,0.125,0.2931125,0.8918564028430309,0.7777777777777778,41.65217391304347,-1.0148640147168742
18650,0.375,0.2899875,0.8984941573304421,0.4444444444444444,41.61735700197238,-1.0153781887336002
2304,0.1125,0.3141625,0.8399349475966751,0.4444444444444444,41.61735700197238,-1.0153781887336002
19873,0.12499999999999992,0.25565625000000003,0.9560293940489097,0.6666666666666666,41.60377358490565,-1.0155789017258232
19845,0.3625,0.2712375,0.9201421515480062,0.6666666666666666,41.60377358490565,-1.0155789017258232
2525,0.1125,0.309375,0.67944103120106,0.6666666666666666,41.5754716981132,-1.0159973052706992
17245,0.3151625,0.308759375,0.8399349475966751,0.7777777777777778,41.565217391304344,-1.0161489694035557
2580,0.1125,0.27164062499999997,0.8892302132273219,1.0,41.55555555555555,-1.0162919041551217
4583,0.6125,0.309375,0.789519335019877,0.0,41.518987341772146,-1.0168331790537708
4331,0.6125,0.29553124999999997,0.8865317431634743,0.0,41.518987341772146,-1.0168331790537708
17263,0.14864625,0.3103125,0.835742681604626,0.4444444444444444,41.51873767258382,-1.0168368762036253
4554,0.6125,0.3125,0.6752463558607397,0.6666666666666666,41.50943396226415,-1.0169746628337555
3151,0.125,0.28125,0.8804722322611732,0.6666666666666666,41.50943396226415,-1.0169746628337555
18646,0.6125,0.2899875,0.8984941573304421,0.1111111111111111,41.49999999999999,-1.01711440927267
3102,0.125,0.275771875,0.9256113721238406,0.7777777777777778,41.47826086956521,-1.0174365518112625
3171,0.125,0.26331875,0.9325864353692326,0.2222222222222222,41.444444444444436,-1.0179379902637982
18560,0.17245125,0.286875,0.8912540657752078,0.2222222222222222,41.444444444444436,-1.0179379902637982
3923,0.375,0.309375,0.67944103120106,0.2222222222222222,41.444444444444436,-1.0179379902637982
2526,0.1125,0.309375,0.7059462715335502,0.4444444444444444,41.420118343195256,-1.0182989509316371
15837,0.29157500000000003,0.329084375,0.7783520057824359,0.6666666666666666,41.415094339622634,-1.0183735249464754
18593,0.33294999999999997,0.291175,0.8960004818696542,0.6666666666666666,41.415094339622634,-1.0183735249464754
15864,0.2240475,0.324653125,0.8087700277075051,0.6666666666666666,41.415094339622634,-1.0183735249464754
4244,0.6125,0.3125,0.8084809059149499,0.8888888888888888,41.39999999999999,-1.018597631579183
2277,0.1125,0.2880625,0.8888085772798457,0.1111111111111111,41.39999999999999,-1.018597631579183
18608,0.5829500000000001,0.291175,0.882231056499217,0.0,41.392405063291136,-1.0187104242665432
2294,0.1125,0.31689375000000003,0.817094325984821,0.7777777777777778,41.39130434782608,-1.0187267727093545
2856,0.125,0.27164062499999997,0.8892302132273219,0.4444444444444444,41.38067061143983,-1.018884732783393
17327,0.40458750000000004,0.31305312500000004,0.8281532345500542,0.2222222222222222,41.33333333333332,-1.0195883911509578
18551,0.3032375,0.289225,0.8863871822671968,1.0,41.33333333333332,-1.0195883911509578
3094,0.125,0.325859375,0.8049271172147935,0.2222222222222222,41.33333333333332,-1.0195883911509578
3103,0.125,0.26896875,0.9368871220334899,0.2222222222222222,41.33333333333332,-1.0195883911509578
4930,0.625,0.3125,0.6752463558607397,0.6666666666666666,41.32075471698113,-1.0197755018738632
17336,0.4048,0.298234375,0.8663293579086857,0.7777777777777778,41.30434782608695,-1.0200196429335322
2526,0.1125,0.309375,0.7059462715335502,0.8888888888888888,41.29999999999999,-1.0200843561848296
18541,0.31515,0.28688125000000003,0.8912420190338513,0.3333333333333333,41.29999999999999,-1.0200843561848296
15858,0.342625,0.319459375,0.8246837730393927,0.0,41.26582278481012,-1.02059328325924
2529,0.1125,0.3125,0.6996542585230695,0.6666666666666666,41.26415094339622,-1.0206181889208379
17265,0.19611874999999998,0.307196875,0.8440669798819419,0.6666666666666666,41.226415094339615,-1.021180607518256
3922,0.375,0.309375,0.7059462715335502,0.6666666666666666,41.226415094339615,-1.021180607518256
18541,0.31515,0.28688125000000003,0.8912420190338513,0.4444444444444444,41.22287968441814,-1.0212333253436217
17246,0.3389,0.310315625,0.8357306348632694,0.5555555555555556,41.199999999999996,-1.0215745996685643
18543,0.3625,0.2899875,0.8847729189254305,0.7777777777777778,41.13043478260869,-1.0226133750379365
15972,0.3986,0.332190625,0.78382122635827,0.7777777777777778,41.13043478260869,-1.0226133750379365
19867,0.3625,0.26811250000000003,0.9382363570654136,0.4444444444444444,41.12426035502958,-1.0227056568955217
5946,0.875,0.309375,0.7059462715335502,0.2222222222222222,41.1111111111111,-1.0229022281582425
17251,0.15458875,0.31305312500000004,0.8281532345500542,1.0,41.1111111111111,-1.0229022281582425
17246,0.3389,0.310315625,0.8357306348632694,0.3333333333333333,41.099999999999994,-1.0230683787273407
18578,0.125,0.27440625,0.9279604866883507,0.8888888888888888,41.099999999999994,-1.0230683787273407
15814,0.17250749999999998,0.32439687500000003,0.793940489097699,0.3333333333333333,41.099999999999994,-1.0230683787273407
15866,0.184485,0.322059375,0.8168533911576918,0.0,41.0126582278481,-1.0243759775924202
15929,0.394875,0.319459375,0.8094085049993975,0.0,41.0126582278481,-1.0243759775924202
15841,0.3387125,0.322884375,0.7987832791229972,0.0,41.0126582278481,-1.0243759775924202
5562,0.8625,0.309375,0.7059462715335502,0.8888888888888888,40.99999999999999,-1.0245657101772354
4244,0.6125,0.3125,0.8084809059149499,0.1111111111111111,40.99999999999999,-1.0245657101772354
3889,0.375,0.309375,0.7682568365257197,1.0,40.99999999999999,-1.0245657101772354
3094,0.125,0.325859375,0.8049271172147935,0.1111111111111111,40.99999999999999,-1.0245657101772354
2529,0.1125,0.3125,0.6996542585230695,0.2222222222222222,40.99999999999999,-1.0245657101772354
17290,0.1486475,0.3103125,0.8504397060595108,1.0,40.99999999999999,-1.0245657101772354
18607,0.6125,0.2931125,0.8780026502830983,0.1111111111111111,40.99999999999999,-1.0245657101772354
15814,0.17250749999999998,0.32439687500000003,0.793940489097699,0.5555555555555556,40.99999999999999,-1.0245657101772354
15825,0.16463375,0.32075624999999997,0.8054451270931212,0.7777777777777778,40.95652173913043,-1.0252178361577944
2266,0.1125,0.26331875,0.9325864353692326,0.6666666666666666,40.94339622641509,-1.02541483718111
3139,0.125,0.3125,0.8297072641850378,0.4444444444444444,40.92702169625246,-1.0256606892026598
4244,0.6125,0.3125,0.8084809059149499,0.4444444444444444,40.92702169625246,-1.0256606892026598
15863,0.24375,0.32594687499999997,0.8046500421635947,0.1111111111111111,40.89999999999999,-1.026066610954582
15919,0.592625,0.319459375,0.8094085049993975,1.0,40.88888888888888,-1.0262335987762594
4553,0.6125,0.3125,0.6996542585230695,1.0,40.88888888888888,-1.0262335987762594
4107,0.375,0.32008749999999997,0.822816528129141,0.0,40.88607594936708,-1.0262758812004205
15919,0.592625,0.319459375,0.8094085049993975,0.0,40.88607594936708,-1.0262758812004205
3166,0.125,0.269728125,0.8990362606914829,0.7777777777777778,40.8695652173913,-1.0265241179083924
17264,0.17244125000000002,0.30874999999999997,0.8399469943380315,0.4444444444444444,40.8284023668639,-1.0271434225036273
18544,0.24392624999999998,0.28533437500000003,0.8943741717865318,1.0,40.77777777777777,-1.0279059173634841
2906,0.125,0.3125,0.6752463558607397,0.7777777777777778,40.75652173913043,-1.02822634594184
4934,0.625,0.309375,0.7059462715335502,0.8888888888888888,40.699999999999996,-1.0290791888451722
18674,0.40463749999999993,0.291175,0.8960004818696542,1.0,40.66666666666666,-1.029582689534095
17246,0.3389,0.310315625,0.8357306348632694,0.4444444444444444,40.63116370808678,-1.030119405630385
3319,0.3625,0.29553124999999997,0.8865317431634743,0.7777777777777778,40.60869565217391,-1.0304593030804245
17246,0.3389,0.310315625,0.8357306348632694,0.8888888888888888,40.599999999999994,-1.0305909004427896
15280,0.3625,0.34628125,0.7456993133357427,0.5555555555555556,40.599999999999994,-1.0305909004427896
3139,0.125,0.3125,0.8297072641850378,0.6666666666666666,40.56603773584905,-1.0311051387037358
17343,0.6125,0.299453125,0.8634501867244909,1.0,40.55555555555555,-1.0312639390722902
17328,0.375,0.31498750000000003,0.8226478737501505,1.0,40.55555555555555,-1.0312639390722902
18545,0.2141,0.287284375,0.8904228406216118,1.0,40.55555555555555,-1.0312639390722902
15865,0.20421499999999998,0.323353125,0.812853873027346,0.2222222222222222,40.55555555555555,-1.0312639390722902
4110,0.375,0.301878125,0.8718226719672328,1.0,40.55555555555555,-1.0312639390722902
5946,0.875,0.309375,0.7059462715335502,0.0,40.506329113924046,-1.0320102339334605
5596,0.8625,0.309375,0.7682568365257197,0.0,40.506329113924046,-1.0320102339334605
17263,0.14864625,0.3103125,0.835742681604626,0.5555555555555556,40.49999999999999,-1.0321062503389755
15814,0.17250749999999998,0.32439687500000003,0.793940489097699,0.1111111111111111,40.49999999999999,-1.0321062503389755
3103,0.125,0.26896875,0.9368871220334899,0.1111111111111111,40.49999999999999,-1.0321062503389755
18617,0.398675,0.288434375,0.8880375858330322,0.1111111111111111,40.49999999999999,-1.0321062503389755
2905,0.125,0.3125,0.6508384531984098,0.8888888888888888,40.47999999999999,-1.0324097584566598
19846,0.332925,0.269296875,0.9233224912661124,0.6666666666666666,40.47169811320754,-1.0325357859403606
15810,0.283525,0.33168125000000004,0.7693289965064449,0.2222222222222222,40.444444444444436,-1.032949689953308
3290,0.3625,0.294746875,0.8743645343934465,1.0,40.444444444444436,-1.032949689953308
15810,0.283525,0.33168125000000004,0.7693289965064449,1.0,40.444444444444436,-1.032949689953308
17303,0.15459,0.31305312500000004,0.8430068666425732,0.1111111111111111,40.39999999999999,-1.0336252560888755
2907,0.125,0.3125,0.6996542585230695,0.1111111111111111,40.39999999999999,-1.0336252560888755
18570,0.27335000000000004,0.28025625,0.904216359474762,0.0,40.379746835443036,-1.0339333495945366
19843,0.15466125,0.269296875,0.9233224912661124,0.6666666666666666,40.37735849056603,-1.0339696913151586
17258,0.19628125000000002,0.30408124999999997,0.8520780628839898,0.7777777777777778,40.347826086956516,-1.034419238007388
3923,0.375,0.309375,0.67944103120106,0.8888888888888888,40.33999999999999,-1.034538421699187
15836,0.3151875,0.330634375,0.7730032526201662,0.2222222222222222,40.33333333333333,-1.0346399663454748
15973,0.42242499999999994,0.330628125,0.7891820262618962,0.2222222222222222,40.33333333333333,-1.0346399663454748
15280,0.3625,0.34628125,0.7456993133357427,0.3333333333333333,40.29999999999999,-1.0351479353749995
17263,0.14864625,0.3103125,0.835742681604626,0.3333333333333333,40.29999999999999,-1.0351479353749995
17327,0.40458750000000004,0.31305312500000004,0.8281532345500542,0.8888888888888888,40.29999999999999,-1.0351479353749995
3537,0.3625,0.309375,0.67944103120106,0.5555555555555556,40.29999999999999,-1.0351479353749995
2906,0.125,0.3125,0.6752463558607397,0.6666666666666666,40.27358490566037,-1.035550768132147
18674,0.40463749999999993,0.291175,0.8960004818696542,0.0,40.25316455696202,-1.0358623571632877
17264,0.17244125000000002,0.30874999999999997,0.8399469943380315,0.5555555555555556,40.199999999999996,-1.0366743060084587
3556,0.3625,0.3390625,0.7157583423683893,1.0,40.19999999999999,-1.036674306008459
2906,0.125,0.3125,0.6752463558607397,1.0,40.18888888888888,-1.0368441313845238
17279,0.125,0.31498750000000003,0.8376219732562342,0.0,40.12658227848101,-1.0377972928531216
17381,0.4224375,0.30874999999999997,0.8545596916034212,1.0,40.1111111111111,-1.0380341933145159
3290,0.3625,0.294746875,0.8743645343934465,0.1111111111111111,40.099999999999994,-1.0382043859302146
17264,0.17244125000000002,0.30874999999999997,0.8399469943380315,0.3333333333333333,40.099999999999994,-1.0382043859302146
3215,0.125,0.3125,0.7660281893747741,0.1111111111111111,39.99999999999999,-1.039738193212344
4934,0.625,0.309375,0.7059462715335502,0.1111111111111111,39.99999999999999,-1.039738193212344
5566,0.8625,0.3125,0.6752463558607397,0.1111111111111111,39.99999999999999,-1.039738193212344
17377,0.4224875,0.302521875,0.8702565955908925,0.8888888888888888,39.99999999999999,-1.039738193212344
17251,0.15458875,0.31305312500000004,0.8281532345500542,0.1111111111111111,39.99999999999999,-1.039738193212344
3922,0.375,0.309375,0.7059462715335502,0.1111111111111111,39.99999999999999,-1.039738193212344
15816,0.12499999999999992,0.32128125,0.8038188170099987,0.2222222222222222,39.99999999999999,-1.039738193212344
5942,0.875,0.3125,0.6752463558607397,0.1111111111111111,39.99999999999999,-1.039738193212344
17327,0.40458750000000004,0.31305312500000004,0.8281532345500542,0.5555555555555556,39.99999999999999,-1.039738193212344
15827,0.125,0.31815625000000003,0.8133477894229612,0.1111111111111111,39.99999999999999,-1.039738193212344
18553,0.21993625,0.283759375,0.8974942777978557,0.5555555555555556,39.99999999999999,-1.039738193212344
2526,0.1125,0.309375,0.7059462715335502,0.6666666666666666,39.99999999999999,-1.039738193212344
5562,0.8625,0.309375,0.7059462715335502,0.1111111111111111,39.99999999999999,-1.039738193212344
3320,0.3625,0.2890625,0.9004216359474762,1.0,39.99999999999999,-1.039738193212344
2267,0.1125,0.26985625,0.9224189856643776,1.0,39.99999999999999,-1.039738193212344
3918,0.375,0.3125,0.6752463558607397,0.4444444444444444,39.940828402366854,-1.0406475341819963
18553,0.21993625,0.283759375,0.8974942777978557,0.3333333333333333,39.89999999999999,-1.0412757460593198
5566,0.8625,0.3125,0.6752463558607397,0.5555555555555556,39.89999999999999,-1.0412757460593198
15863,0.24375,0.32594687499999997,0.8046500421635947,0.3333333333333333,39.89999999999999,-1.0412757460593198
2528,0.1125,0.309375,0.62643055053608,0.8888888888888888,39.88999999999999,-1.0414297080549382
18553,0.21993625,0.283759375,0.8974942777978557,0.8888888888888888,39.79999999999999,-1.0428170628093085
17377,0.4224875,0.302521875,0.8702565955908925,0.5555555555555556,39.79999999999999,-1.0428170628093085
3311,0.3625,0.3336,0.762462353933261,0.0,39.74683544303797,-1.043638035831577
15813,0.1963175,0.325959375,0.7888447175039152,0.0,39.74683544303797,-1.043638035831577
18543,0.3625,0.2899875,0.8847729189254305,0.0,39.74683544303797,-1.043638035831577
3215,0.125,0.3125,0.7660281893747741,0.4444444444444444,39.74358974358974,-1.0436881909725948
17259,0.17249125,0.302521875,0.8559812070834839,0.7777777777777778,39.7391304347826,-1.0437571062910866
2285,0.1125,0.28125,0.8804722322611732,0.1111111111111111,39.699999999999996,-1.0443621619354815
3537,0.3625,0.309375,0.67944103120106,0.3333333333333333,39.699999999999996,-1.0443621619354815
5566,0.8625,0.3125,0.6752463558607397,0.3333333333333333,39.699999999999996,-1.0443621619354815
17327,0.40458750000000004,0.31305312500000004,0.8281532345500542,0.3333333333333333,39.699999999999996,-1.0443621619354815
15863,0.24375,0.32594687499999997,0.8046500421635947,0.5555555555555556,39.699999999999996,-1.0443621619354815
17381,0.4224375,0.30874999999999997,0.8545596916034212,0.2222222222222222,39.66666666666666,-1.0448780387180847
2560,0.1125,0.309375,0.7682568365257197,0.6666666666666666,39.66037735849056,-1.044975421376688
17247,0.3625,0.31186250000000004,0.831478135164438,0.7777777777777778,39.65217391304347,-1.0451024648754934
3924,0.375,0.309375,0.65293579086857,0.6666666666666666,39.65094339622641,-1.0451215236114644
5562,0.8625,0.309375,0.7059462715335502,0.6666666666666666,39.622641509433954,-1.045560033840178
15943,0.394875,0.319459375,0.8246837730393927,0.0,39.62025316455696,-1.0455970529002858
3234,0.3625,0.3125,0.7660281893747741,0.5555555555555556,39.599999999999994,-1.0459110620473437
15863,0.24375,0.32594687499999997,0.8046500421635947,0.8888888888888888,39.599999999999994,-1.0459110620473437
4172,0.375,0.30129375,0.8589928924225997,0.7777777777777778,39.565217391304344,-1.046450704315599
2907,0.125,0.3125,0.6996542585230695,0.8888888888888888,39.559999999999995,-1.0465316905627937
2905,0.125,0.3125,0.6508384531984098,0.6666666666666666,39.5566037735849,-1.0465844136235152
4331,0.6125,0.29553124999999997,0.8865317431634743,0.2222222222222222,39.55555555555555,-1.0466006870647468
3539,0.3625,0.309375,0.7324515118660402,1.0,39.55555555555555,-1.0466006870647468
15863,0.24375,0.32594687499999997,0.8046500421635947,0.4444444444444444,39.54635108481261,-1.0467436032768334
15814,0.17250749999999998,0.32439687500000003,0.793940489097699,0.4444444444444444,39.54635108481261,-1.0467436032768334
18553,0.21993625,0.283759375,0.8974942777978557,0.4444444444444444,39.54635108481261,-1.0467436032768334
5942,0.875,0.3125,0.6752463558607397,0.8888888888888888,39.49999999999999,-1.0474637818920787
3924,0.375,0.309375,0.65293579086857,0.7777777777777778,39.47826086956521,-1.0478018369756061
3537,0.3625,0.309375,0.67944103120106,0.6666666666666666,39.452830188679236,-1.0481975281328442
18618,0.42245,0.286875,0.8912540657752078,1.0,39.444444444444436,-1.0483280614758939
15894,0.39885000000000004,0.32284375,0.7989037465365619,1.0,39.444444444444436,-1.0483280614758939
2279,0.1125,0.30129375,0.8589928924225997,0.2222222222222222,39.444444444444436,-1.0483280614758939
3234,0.3625,0.3125,0.7660281893747741,0.8888888888888888,39.40999999999999,-1.048864511230515
18554,0.1962575,0.28220625,0.9005180098783278,0.5555555555555556,39.39999999999999,-1.04902034035591
18554,0.1962575,0.28220625,0.9005180098783278,0.3333333333333333,39.39999999999999,-1.04902034035591
18554,0.1962575,0.28220625,0.9005180098783278,0.8888888888888888,39.39999999999999,-1.04902034035591
17250,0.18441875,0.311103125,0.833586314901819,0.7777777777777778,39.39130434782608,-1.0491558752994845
17286,0.24375,0.304071875,0.8664618720636067,0.0,39.36708860759493,-1.049533468210112
15814,0.17250749999999998,0.32439687500000003,0.793940489097699,0.6666666666666666,39.33962264150943,-1.0499620157274692
4934,0.625,0.309375,0.7059462715335502,0.6666666666666666,39.33962264150943,-1.0499620157274692
4169,0.375,0.307696875,0.8427538850740873,0.6666666666666666,39.33962264150943,-1.0499620157274692
15936,0.375,0.31815625000000003,0.828538730273461,1.0,39.33333333333333,-1.0500601879546805
4582,0.6125,0.309375,0.8107697867726779,0.2222222222222222,39.33333333333333,-1.0500601879546805
18577,0.12499999999999992,0.27753125,0.922527406336586,1.0,39.33333333333333,-1.0500601879546805
2304,0.1125,0.3141625,0.8399349475966751,0.7777777777777778,39.30434782608695,-1.050512831811662
2525,0.1125,0.309375,0.67944103120106,0.7777777777777778,39.30434782608695,-1.050512831811662
17252,0.125,0.31498750000000003,0.8226478737501505,0.1111111111111111,39.29999999999999,-1.050580756465479
3102,0.125,0.275771875,0.9256113721238406,0.3333333333333333,39.29999999999999,-1.050580756465479
18541,0.31515,0.28688125000000003,0.8912420190338513,0.6666666666666666,39.245283018867916,-1.051436208810074
18569,0.3031,0.278303125,0.9078303818817011,0.0,39.24050632911392,-1.0515109433844205
15973,0.42242499999999994,0.330628125,0.7891820262618962,1.0,39.222222222222214,-1.0517970927194606
18608,0.5829500000000001,0.291175,0.882231056499217,0.2222222222222222,39.222222222222214,-1.0517970927194606
3309,0.3625,0.329559375,0.7767256956993133,0.5555555555555556,39.199999999999996,-1.0521450493892417
18593,0.33294999999999997,0.291175,0.8960004818696542,0.1111111111111111,39.199999999999996,-1.0521450493892417
3324,0.3625,0.262071875,0.9472834598241175,0.8888888888888888,39.199999999999996,-1.0521450493892417
17377,0.4224875,0.302521875,0.8702565955908925,0.3333333333333333,39.199999999999996,-1.0521450493892417
4555,0.6125,0.3125,0.6508384531984098,0.7777777777777778,39.19130434782608,-1.0522812587089603
3278,0.3625,0.26331875,0.9325864353692326,0.7777777777777778,39.13043478260869,-1.0532355499050896
17288,0.1844075,0.300178125,0.8758703770630044,0.0,39.11392405063291,-1.0534946487995624
4172,0.375,0.30129375,0.8589928924225997,0.0,39.11392405063291,-1.0534946487995624
18551,0.3032375,0.289225,0.8863871822671968,0.0,39.11392405063291,-1.0534946487995624
3138,0.125,0.31689375000000003,0.817094325984821,0.8888888888888888,39.099999999999994,-1.0537132384388799
17253,0.3625,0.31498750000000003,0.8226478737501505,0.8888888888888888,39.099999999999994,-1.0537132384388799
3922,0.375,0.309375,0.7059462715335502,0.3333333333333333,39.099999999999994,-1.0537132384388799
4554,0.6125,0.3125,0.6752463558607397,0.5555555555555556,39.099999999999994,-1.0537132384388799
18537,0.315125,0.280675,0.9034212745452354,1.0,38.99999999999999,-1.0552853430707332
2856,0.125,0.27164062499999997,0.8892302132273219,0.2222222222222222,38.99999999999999,-1.0552853430707332
17252,0.125,0.31498750000000003,0.8226478737501505,0.8888888888888888,38.99999999999999,-1.0552853430707332
17264,0.17244125000000002,0.30874999999999997,0.8399469943380315,0.8888888888888888,38.99999999999999,-1.0552853430707332
2908,0.125,0.3125,0.62643055053608,1.0,38.99999999999999,-1.0552853430707332
18537,0.315125,0.280675,0.9034212745452354,0.2222222222222222,38.99999999999999,-1.0552853430707332
18578,0.125,0.27440625,0.9279604866883507,0.6666666666666666,38.96226415094339,-1.0558796117113045
18554,0.1962575,0.28220625,0.9005180098783278,0.4444444444444444,38.954635108481256,-1.0559998229704142
17327,0.40458750000000004,0.31305312500000004,0.8281532345500542,0.4444444444444444,38.954635108481256,-1.0559998229704142
19882,0.14869125,0.26655937500000004,0.9406457053367063,0.8888888888888888,38.89999999999999,-1.0568613828872462
19882,0.14869125,0.26655937500000004,0.9406457053367063,0.3333333333333333,38.89999999999999,-1.0568613828872462
3234,0.3625,0.3125,0.7660281893747741,0.3333333333333333,38.89999999999999,-1.0568613828872462
17297,0.333,0.31305312500000004,0.8430068666425732,0.2222222222222222,38.88888888888888,-1.0570367421915254
4901,0.625,0.309375,0.7682568365257197,0.2222222222222222,38.88888888888888,-1.0570367421915254
15845,0.3625,0.31815625000000003,0.828538730273461,0.2222222222222222,38.88888888888888,-1.0570367421915254
17290,0.1486475,0.3103125,0.8504397060595108,0.2222222222222222,38.88888888888888,-1.0570367421915254
2856,0.125,0.27164062499999997,0.8892302132273219,0.7777777777777778,38.8695652173913,-1.05734183127221
18561,0.19614375,0.285321875,0.8943982652692446,0.0,38.860759493670884,-1.0574809082555479
17301,0.21406,0.3091625,0.8534754848813396,0.0,38.860759493670884,-1.0574809082555479
15841,0.3387125,0.322884375,0.7987832791229972,0.8888888888888888,38.79999999999999,-1.0584413776384354
18552,0.27366250000000003,0.287284375,0.8904228406216118,0.1111111111111111,38.79999999999999,-1.0584413776384354
3102,0.125,0.275771875,0.9256113721238406,0.5555555555555556,38.79999999999999,-1.0584413776384354
3215,0.125,0.3125,0.7660281893747741,0.5555555555555556,38.79999999999999,-1.0584413776384354
17280,0.125,0.31186250000000004,0.8462594868088182,0.5555555555555556,38.79999999999999,-1.0584413776384354
17246,0.3389,0.310315625,0.8357306348632694,0.1111111111111111,38.79999999999999,-1.0584413776384354
19882,0.14869125,0.26655937500000004,0.9406457053367063,0.5555555555555556,38.79999999999999,-1.0584413776384354
18544,0.24392624999999998,0.28533437500000003,0.8943741717865318,0.1111111111111111,38.79999999999999,-1.0584413776384354
18535,0.3625,0.277578125,0.9091555234309118,0.7777777777777778,38.782608695652165,-1.0587165645212882
15865,0.20421499999999998,0.323353125,0.812853873027346,1.0,38.77777777777777,-1.0587930266718397
4583,0.6125,0.309375,0.789519335019877,0.2222222222222222,38.77777777777777,-1.0587930266718397
4244,0.6125,0.3125,0.8084809059149499,0.6666666666666666,38.77358490566037,-1.0588593975756007
17377,0.4224875,0.302521875,0.8702565955908925,0.4444444444444444,38.75739644970413,-1.0591157177738793
3097,0.125,0.308090625,0.8562823756173954,0.5555555555555556,38.699999999999996,-1.0600253472233747
2526,0.1125,0.309375,0.7059462715335502,0.3333333333333333,38.699999999999996,-1.0600253472233747
15836,0.3151875,0.330634375,0.7730032526201662,1.0,38.66666666666666,-1.0605542238424126
15809,0.3033625,0.332984375,0.7646910010842067,0.7777777777777778,38.60869565217391,-1.0614750687274934
2570,0.1125,0.278125,0.8796530538489338,0.7777777777777778,38.60869565217391,-1.0614750687274934
17280,0.125,0.31186250000000004,0.8462594868088182,0.0,38.60759493670886,-1.0614925661590735
15894,0.39885000000000004,0.32284375,0.7989037465365619,0.0,38.60759493670886,-1.0614925661590735
4554,0.6125,0.3125,0.6752463558607397,0.3333333333333333,38.599999999999994,-1.0616133116916988
17303,0.15459,0.31305312500000004,0.8430068666425732,0.3333333333333333,38.599999999999994,-1.0616133116916988
18553,0.21993625,0.283759375,0.8974942777978557,0.2222222222222222,38.55555555555555,-1.0623203612639731
4930,0.625,0.3125,0.6752463558607397,0.7777777777777778,38.521739130434774,-1.0628588661591132
3097,0.125,0.308090625,0.8562823756173954,0.3333333333333333,38.49999999999999,-1.0632052912451257
17303,0.15459,0.31305312500000004,0.8430068666425732,0.5555555555555556,38.49999999999999,-1.0632052912451257
15841,0.3387125,0.322884375,0.7987832791229972,0.5555555555555556,38.49999999999999,-1.0632052912451257
17335,0.4344125,0.300178125,0.8617034092278039,0.0,38.48101265822785,-1.0635080210744745
18618,0.42245,0.286875,0.8912540657752078,0.0,38.48101265822785,-1.0635080210744745
5562,0.8625,0.309375,0.7059462715335502,0.4444444444444444,38.46153846153845,-1.0638186644820855
17303,0.15459,0.31305312500000004,0.8430068666425732,0.4444444444444444,38.46153846153845,-1.0638186644820855
19873,0.12499999999999992,0.25565625000000003,0.9560293940489097,0.7777777777777778,38.43478260869565,-1.0642457116051587
19867,0.3625,0.26811250000000003,0.9382363570654136,0.7777777777777778,38.43478260869565,-1.0642457116051587
18593,0.33294999999999997,0.291175,0.8960004818696542,0.7777777777777778,38.43478260869565,-1.0642457116051587
2526,0.1125,0.309375,0.7059462715335502,0.5555555555555556,38.39999999999999,-1.0648013062389994
17280,0.125,0.31186250000000004,0.8462594868088182,0.3333333333333333,38.39999999999999,-1.0648013062389994
19882,0.14869125,0.26655937500000004,0.9406457053367063,0.4444444444444444,38.3629191321499,-1.0653941521871866
18550,0.33294999999999997,0.291175,0.882231056499217,0.0,38.35443037974683,-1.0655299482389888
17319,0.375,0.29940625,0.8635586073966991,1.0,38.33333333333333,-1.0658675682684973
15841,0.3387125,0.322884375,0.7987832791229972,0.3333333333333333,38.29999999999999,-1.0664013771838503
17263,0.14864625,0.3103125,0.835742681604626,0.8888888888888888,38.29999999999999,-1.0664013771838503
15837,0.29157500000000003,0.329084375,0.7783520057824359,0.7777777777777778,38.260869565217384,-1.0670286004579792
19845,0.3625,0.2712375,0.9201421515480062,0.7777777777777778,38.260869565217384,-1.0670286004579792
17252,0.125,0.31498750000000003,0.8226478737501505,0.3333333333333333,38.199999999999996,-1.068005524746978
17261,0.12499999999999992,0.29940625,0.8635586073966991,0.7777777777777778,38.17391304347826,-1.0684246710475638
17251,0.15458875,0.31305312500000004,0.8281532345500542,0.4444444444444444,38.165680473372774,-1.068557003957709
17343,0.6125,0.299453125,0.8634501867244909,0.4444444444444444,38.165680473372774,-1.068557003957709
2525,0.1125,0.309375,0.67944103120106,0.4444444444444444,38.165680473372774,-1.068557003957709
17246,0.3389,0.310315625,0.8357306348632694,0.6666666666666666,38.11320754716981,-1.0694011244406856
17252,0.125,0.31498750000000003,0.8226478737501505,0.5555555555555556,38.099999999999994,-1.0696137697540529
3922,0.375,0.309375,0.7059462715335502,0.5555555555555556,38.099999999999994,-1.0696137697540529
17265,0.19611874999999998,0.307196875,0.8440669798819419,0.7777777777777778,38.086956521739125,-1.0698238440187868
15836,0.3151875,0.330634375,0.7730032526201662,0.4444444444444444,38.06706114398421,-1.0701444079297113
2301,0.1125,0.33147187499999997,0.7863028550777015,0.8888888888888888,37.99999999999999,-1.0712261331907373
4584,0.6125,0.309375,0.7682568365257197,0.1111111111111111,37.99999999999999,-1.0712261331907373
18541,0.31515,0.28688125000000003,0.8912420190338513,0.1111111111111111,37.99999999999999,-1.0712261331907373
15864,0.2240475,0.324653125,0.8087700277075051,0.7777777777777778,37.99999999999999,-1.0712261331907373
3537,0.3625,0.309375,0.67944103120106,0.1111111111111111,37.99999999999999,-1.0712261331907373
15850,0.125,0.31815625000000003,0.828538730273461,0.1111111111111111,37.99999999999999,-1.0712261331907373
3539,0.3625,0.309375,0.7324515118660402,0.0,37.974683544303794,-1.0716349822816904
2913,0.125,0.309375,0.7324515118660402,0.0,37.974683544303794,-1.0716349822816904
3923,0.375,0.309375,0.67944103120106,0.6666666666666666,37.97169811320754,-1.0716832131222043
2266,0.1125,0.26331875,0.9325864353692326,0.7777777777777778,37.91304347826086,-1.0726315524750432
3537,0.3625,0.309375,0.67944103120106,0.7777777777777778,37.91304347826086,-1.0726315524750432
15865,0.20421499999999998,0.323353125,0.812853873027346,0.1111111111111111,37.89999999999999,-1.07284263620433
15929,0.394875,0.319459375,0.8094085049993975,0.8888888888888888,37.89999999999999,-1.07284263620433
17251,0.15458875,0.31305312500000004,0.8281532345500542,0.5555555555555556,37.89999999999999,-1.07284263620433
17302,0.18442125,0.31110000000000004,0.8483194795807734,0.2222222222222222,37.88888888888888,-1.0730225041038375
17277,0.3625,0.299453125,0.8775810143356222,1.0,37.88888888888888,-1.0730225041038375
15843,0.3625,0.3368625,0.7671364895795687,0.0,37.848101265822784,-1.0736832195399957
17327,0.40458750000000004,0.31305312500000004,0.8281532345500542,0.6666666666666666,37.830188679245275,-1.0739736033450304
17343,0.6125,0.299453125,0.8634501867244909,0.5555555555555556,37.79999999999999,-1.0744633001054291
17251,0.15458875,0.31305312500000004,0.8281532345500542,0.3333333333333333,37.79999999999999,-1.0744633001054291
3324,0.3625,0.262071875,0.9472834598241175,0.3333333333333333,37.79999999999999,-1.0744633001054291
17303,0.15459,0.31305312500000004,0.8430068666425732,0.8888888888888888,37.79999999999999,-1.0744633001054291
5596,0.8625,0.309375,0.7682568365257197,0.2222222222222222,37.77777777777777,-1.0748240148548796
3234,0.3625,0.3125,0.7660281893747741,0.4444444444444444,37.77120315581853,-1.0749307748215529
2267,0.1125,0.26985625,0.9224189856643776,0.4444444444444444,37.77120315581853,-1.0749307748215529
2883,0.125,0.3390625,0.735933020118058,0.0,37.72151898734177,-1.0757381416575977
3309,0.3625,0.329559375,0.7767256956993133,0.3333333333333333,37.699999999999996,-1.0760881463696192
2580,0.1125,0.27164062499999997,0.8892302132273219,0.5555555555555556,37.699999999999996,-1.0760881463696192
3324,0.3625,0.262071875,0.9472834598241175,0.5555555555555556,37.699999999999996,-1.0760881463696192
17279,0.125,0.31498750000000003,0.8376219732562342,0.2222222222222222,37.66666666666666,-1.076630694940842
2580,0.1125,0.27164062499999997,0.8892302132273219,0.8888888888888888,37.599999999999994,-1.0777171966391772
4934,0.625,0.309375,0.7059462715335502,0.3333333333333333,37.599999999999994,-1.0777171966391772
15831,0.3030125,0.322059375,0.8013853752559932,0.0,37.59493670886076,-1.0777997924123437
3097,0.125,0.308090625,0.8562823756173954,0.4444444444444444,37.573964497041416,-1.0781420205133194
4169,0.375,0.307696875,0.8427538850740873,0.7777777777777778,37.565217391304344,-1.07828481225386
2911,0.125,0.309375,0.67944103120106,0.2222222222222222,37.55555555555555,-1.0784425741133534
17377,0.4224875,0.302521875,0.8702565955908925,0.6666666666666666,37.54716981132075,-1.0785795315510447
18553,0.21993625,0.283759375,0.8974942777978557,0.6666666666666666,37.54716981132075,-1.0785795315510447
15863,0.24375,0.32594687499999997,0.8046500421635947,0.6666666666666666,37.54716981132075,-1.0785795315510447
18560,0.17245125,0.286875,0.8912540657752078,0.1111111111111111,37.49999999999999,-1.0793504727248031
18538,0.2914,0.282228125,0.900469822912902,0.5555555555555556,37.49999999999999,-1.0793504727248031
18538,0.2914,0.282228125,0.900469822912902,0.8888888888888888,37.49999999999999,-1.0793504727248031
4584,0.6125,0.309375,0.7682568365257197,0.8888888888888888,37.49999999999999,-1.0793504727248031
4934,0.625,0.309375,0.7059462715335502,0.4444444444444444,37.475345167652854,-1.0797538061005063
3922,0.375,0.309375,0.7059462715335502,0.4444444444444444,37.475345167652854,-1.0797538061005063
4553,0.6125,0.3125,0.6996542585230695,0.4444444444444444,37.475345167652854,-1.0797538061005063
4245,0.6125,0.3125,0.7872545476448619,0.0,37.46835443037974,-1.0798682160135316
5942,0.875,0.3125,0.6752463558607397,0.6666666666666666,37.452830188679236,-1.080122359027122
18536,0.33876249999999997,0.279128125,0.9063124924707866,1.0,37.444444444444436,-1.0802596823816344
18551,0.3032375,0.289225,0.8863871822671968,0.2222222222222222,37.444444444444436,-1.0802596823816344
2267,0.1125,0.26985625,0.9224189856643776,0.5555555555555556,37.39999999999999,-1.0809879966073717
15929,0.394875,0.319459375,0.8094085049993975,0.5555555555555556,37.39999999999999,-1.0809879966073717
3215,0.125,0.3125,0.7660281893747741,0.3333333333333333,37.39999999999999,-1.0809879966073717
4553,0.6125,0.3125,0.6996542585230695,0.5555555555555556,37.39999999999999,-1.0809879966073717
3097,0.125,0.308090625,0.8562823756173954,0.8888888888888888,37.39999999999999,-1.0809879966073717
15841,0.3387125,0.322884375,0.7987832791229972,0.4444444444444444,37.37672583826429,-1.0813697282941874
15961,0.3947125,0.335575,0.7718347187085892,0.0,37.34177215189873,-1.0819434571076003
3299,0.3625,0.28125,0.8367546078785688,1.0,37.33333333333333,-1.0820820500154775
15875,0.14884375,0.32284375,0.8144319961450427,1.0,37.33333333333333,-1.0820820500154775
4901,0.625,0.309375,0.7682568365257197,1.0,37.33333333333333,-1.0820820500154775
18614,0.40463749999999993,0.291175,0.882231056499217,1.0,37.33333333333333,-1.0820820500154775
2905,0.125,0.3125,0.6508384531984098,0.7777777777777778,37.30434782608695,-1.0825583190078876
19846,0.332925,0.269296875,0.9233224912661124,0.7777777777777778,37.30434782608695,-1.0825583190078876
18550,0.33294999999999997,0.291175,0.882231056499217,0.1111111111111111,37.29999999999999,-1.082629790439708
4583,0.6125,0.309375,0.789519335019877,1.0,37.222222222222214,-1.083909707548274
15875,0.14884375,0.32284375,0.8144319961450427,0.2222222222222222,37.222222222222214,-1.083909707548274
3139,0.125,0.3125,0.8297072641850378,0.7777777777777778,37.21739130434782,-1.0839892913918918
19843,0.15466125,0.269296875,0.9233224912661124,0.7777777777777778,37.21739130434782,-1.0839892913918918
3919,0.375,0.3125,0.6996542585230695,0.0,37.215189873417714,-1.0840255607839118
17343,0.6125,0.299453125,0.8634501867244909,0.3333333333333333,37.199999999999996,-1.0842758765483844
18538,0.2914,0.282228125,0.900469822912902,0.3333333333333333,37.199999999999996,-1.0842758765483844
18551,0.3032375,0.289225,0.8863871822671968,0.8888888888888888,37.199999999999996,-1.0842758765483844
5942,0.875,0.3125,0.6752463558607397,0.5555555555555556,37.199999999999996,-1.0842758765483844
3158,0.125,0.2880625,0.8888085772798457,0.5555555555555556,37.199999999999996,-1.0842758765483844
15815,0.148845,0.32284375,0.7989037465365619,0.1111111111111111,37.199999999999996,-1.0842758765483844
18554,0.1962575,0.28220625,0.9005180098783278,0.6666666666666666,37.16981132075471,-1.0847736550725384
4554,0.6125,0.3125,0.6752463558607397,0.7777777777777778,37.13043478260869,-1.085423523396898
2580,0.1125,0.27164062499999997,0.8892302132273219,0.3333333333333333,37.099999999999994,-1.0859262774355436
18551,0.3032375,0.289225,0.8863871822671968,0.5555555555555556,37.099999999999994,-1.0859262774355436
2580,0.1125,0.27164062499999997,0.8892302132273219,0.4444444444444444,37.08086785009861,-1.086242528215995
3324,0.3625,0.262071875,0.9472834598241175,0.6666666666666666,37.0754716981132,-1.0863317543035578
2529,0.1125,0.3125,0.6996542585230695,0.7777777777777778,37.04347826086956,-1.0868610299070407
3889,0.375,0.309375,0.7682568365257197,0.1111111111111111,36.99999999999999,-1.0875810157807442
17377,0.4224875,0.302521875,0.8702565955908925,0.1111111111111111,36.99999999999999,-1.0875810157807442
2304,0.1125,0.3141625,0.8399349475966751,0.1111111111111111,36.99999999999999,-1.0875810157807442
15973,0.42242499999999994,0.330628125,0.7891820262618962,0.1111111111111111,36.99999999999999,-1.0875810157807442
17297,0.333,0.31305312500000004,0.8430068666425732,0.1111111111111111,36.99999999999999,-1.0875810157807442
4582,0.6125,0.309375,0.8107697867726779,1.0,36.99999999999999,-1.0875810157807442
4553,0.6125,0.3125,0.6996542585230695,0.2222222222222222,36.99999999999999,-1.0875810157807442
5942,0.875,0.3125,0.6752463558607397,0.3333333333333333,36.99999999999999,-1.0875810157807442
2906,0.125,0.3125,0.6752463558607397,0.4444444444444444,36.98224852071005,-1.0878752113680346
17253,0.3625,0.31498750000000003,0.8226478737501505,0.6666666666666666,36.98113207547169,-1.0878937188306006
2580,0.1125,0.27164062499999997,0.8892302132273219,0.0,36.962025316455694,-1.088210538490688
17251,0.15458875,0.31305312500000004,0.8281532345500542,0.8888888888888888,36.89999999999999,-1.0892401144428288
17328,0.375,0.31498750000000003,0.8226478737501505,0.8888888888888888,36.89999999999999,-1.0892401144428288
15919,0.592625,0.319459375,0.8094085049993975,0.8888888888888888,36.89999999999999,-1.0892401144428288
15919,0.592625,0.319459375,0.8094085049993975,0.5555555555555556,36.89999999999999,-1.0892401144428288
3320,0.3625,0.2890625,0.9004216359474762,0.8888888888888888,36.89999999999999,-1.0892401144428288
15836,0.3151875,0.330634375,0.7730032526201662,0.5555555555555556,36.89999999999999,-1.0892401144428288
17290,0.1486475,0.3103125,0.8504397060595108,0.8888888888888888,36.89999999999999,-1.0892401144428288
2267,0.1125,0.26985625,0.9224189856643776,0.3333333333333333,36.89999999999999,-1.0892401144428288
5596,0.8625,0.309375,0.7682568365257197,1.0,36.88888888888888,-1.089424728893043
15908,0.375,0.3368625,0.750391519094085,0.2222222222222222,36.88888888888888,-1.089424728893043
3138,0.125,0.31689375000000003,0.817094325984821,0.6666666666666666,36.886792452830186,-1.0894595678792431
15865,0.20421499999999998,0.323353125,0.812853873027346,0.4444444444444444,36.88362919132149,-1.0895121392293838
3537,0.3625,0.309375,0.67944103120106,1.0,36.87777777777777,-1.089609397490332
18539,0.267775,0.283775,0.8974701843151427,0.0,36.83544303797468,-1.0903135049678845
18551,0.3032375,0.289225,0.8863871822671968,0.3333333333333333,36.79999999999999,-1.0909035964618217
15929,0.394875,0.319459375,0.8094085049993975,0.3333333333333333,36.79999999999999,-1.0909035964618217
4934,0.625,0.309375,0.7059462715335502,0.5555555555555556,36.79999999999999,-1.0909035964618217
18674,0.40463749999999993,0.291175,0.8960004818696542,0.5555555555555556,36.79999999999999,-1.0909035964618217
3099,0.125,0.29553124999999997,0.8865317431634743,0.1111111111111111,36.79999999999999,-1.0909035964618217
17252,0.125,0.31498750000000003,0.8226478737501505,0.6666666666666666,36.79245283018867,-1.0910293208188575
18538,0.2914,0.282228125,0.900469822912902,0.4444444444444444,36.785009861932934,-1.0911533339286865
