rank,node_number,x_n,y_n,z_n,t_n,score
1,3076,0.125,0.0625,0.62643055053608,0.13793103448275862,10454.96781098444
2,11636,0.3625,0.934375,0.62643055053608,0.8275862068965517,10289.232558139534
3,12642,0.6125,0.934375,0.7059462715335502,0.8275862068965517,7157.611295681063
4,4385,0.6125,0.0625,0.7059462715335502,0.13793103448275862,5619.056546535946
5,5099,0.625,0.0625,0.7059462715335502,0.13793103448275862,5397.835584347661
6,2532,0.1125,0.3125,0.62643055053608,0.13793103448275862,3582.096806702722
7,5944,0.875,0.3125,0.62643055053608,0.13793103448275862,3361.7833953184454
8,5568,0.8625,0.3125,0.62643055053608,0.13793103448275862,2980.791738216399
9,13024,0.625,0.9375,0.62643055053608,0.9655172413793103,2921.4918032786886
10,12185,0.375,0.684375,0.62643055053608,0.8275862068965517,2719.4651162790697
11,13193,0.625,0.684375,0.62643055053608,0.8275862068965517,2647.644518272425
12,2363,0.1125,0.0625,0.65293579086857,0.13793103448275862,2111.3870765991237
13,4085,0.375,0.0625,0.65293579086857,0.13793103448275862,1833.7200824252918
14,12188,0.375,0.684375,0.6508384531984098,0.6896551724137931,1682.2967959527825
15,1836,0.375,0.9375,0.6023370678231538,0.6896551724137931,1678.080944350759
16,13720,0.8625,0.73809375,0.8441633538127936,0.6896551724137931,1675.3827993254638
17,12967,0.625,0.86546875,0.8653294783760993,0.6896551724137931,1673.3591905564924
18,12222,0.375,0.814625,0.9998795325864354,0.6896551724137931,1673.0219224283305
19,12180,0.375,0.7107812499999999,0.7859414528370076,0.6896551724137931,1672.8532883642495
20,12753,0.6125,0.71346875,0.8046500421635947,0.6896551724137931,1672.5160202360878
21,20376,0.6125,0.8931250000000001,0.9382363570654136,0.6896551724137931,1672.0101180438448
22,11951,0.375,0.73809375,0.8441633538127936,0.6896551724137931,1671.841483979764
23,13230,0.625,0.814625,0.9998795325864354,0.6896551724137931,1671.672849915683
24,12382,0.6125,0.8883125,0.9325864353692326,0.6896551724137931,1670.3237774030354
25,11906,0.375,0.71346875,0.8046500421635947,0.6896551724137931,1666.6070826306914
26,13762,0.8625,0.7068125000000001,0.7915190940850501,0.6896551724137931,1664.5902192242834
27,63,0.8125,0.921875,0.62643055053608,0.8275862068965517,1659.8305647840532
28,1872,0.75,0.96875,0.6023370678231538,0.8275862068965517,1658.8338870431894
29,13525,0.8625,0.75,0.7088266473918805,0.8275862068965517,1657.0066445182724
30,10498,0.1125,0.75,0.7912179255511383,0.8275862068965517,1656.8405315614618
31,21648,0.375,0.85878125,0.9672328635104203,0.8275862068965517,1656.5083056478406
32,69,0.4375,0.921875,0.62643055053608,0.8275862068965517,1655.5116279069769
33,12423,0.6125,0.92053125,0.8865317431634743,0.8275862068965517,1655.0132890365448
34,10476,0.1125,0.715625,0.7952776773882665,0.8275862068965517,1654.3488372093022
35,11696,0.3625,0.86546875,0.8653294783760993,0.8275862068965517,1654.1827242524917
36,10731,0.1125,0.6718437500000001,0.7463052644259728,0.8275862068965517,1653.3521594684385
37,11965,0.375,0.8901562500000001,0.8770148174918684,0.8275862068965517,1653.0199335548173
38,13190,0.625,0.6875,0.67944103120106,0.8275862068965517,1649.8637873754153
39,12704,0.6125,0.86546875,0.8653294783760993,0.8275862068965517,1649.0332225913621
40,13196,0.625,0.684375,0.6508384531984098,0.6896551724137931,1648.9072512647556
41,12909,0.625,0.6875,0.789519335019877,0.8275862068965517,1648.8671096345515
42,11959,0.375,0.86546875,0.8653294783760993,0.8275862068965517,1648.8671096345515
43,10700,0.1125,0.71875,0.8796530538489338,0.8275862068965517,1648.0365448504983
44,12883,0.625,0.7693749999999999,0.8973135766775088,0.8275862068965517,1647.2059800664451
45,12222,0.375,0.814625,0.9998795325864354,0.8275862068965517,1646.2093023255813
46,11452,0.3625,0.66540625,0.7863028550777015,0.8275862068965517,1646.2093023255813
47,12786,0.6125,0.7693749999999999,0.8973135766775088,0.8275862068965517,1645.8770764119602
48,10584,0.1125,0.871875,0.6538959161546801,0.8275862068965517,1645.544850498339
49,14239,0.875,0.80725,0.9998795325864354,0.8275862068965517,1642.0564784053156
50,13484,0.8625,0.684375,0.62643055053608,0.6896551724137931,1640.4755480607082
51,13446,0.8625,0.814625,0.9998795325864354,0.8275862068965517,1640.3355481727574
52,11177,0.125,0.684375,0.62643055053608,0.6896551724137931,1639.4637436762225
53,4387,0.6125,0.0625,0.65293579086857,0.13793103448275862,1637.0792271468163
54,13468,0.8625,0.66540625,0.7863028550777015,0.9655172413793103,1626.7377049180327
55,11636,0.3625,0.934375,0.62643055053608,0.6896551724137931,1624.2866779089377
56,13288,0.625,0.89484375,0.9224189856643776,0.9655172413793103,1623.950819672131
57,10811,0.1125,0.78984375,0.9839657872545476,0.9655172413793103,1623.7868852459017
58,11233,0.125,0.68271875,0.8399349475966751,0.9655172413793103,1621.327868852459
59,23035,0.8625,0.8369375,0.9940127695458378,0.9655172413793103,1614.6065573770493
60,10685,0.1125,0.8525625,0.8764004336826888,0.6896551724137931,1609.777403035413
61,12438,0.6125,0.814625,0.9998795325864354,0.8275862068965517,1609.2724252491694
62,12325,0.375,0.9375,0.8084809059149499,0.8275862068965517,1602.0232558139535
63,21654,0.6125,0.8588125,0.9671967232863511,0.8275862068965517,1584.0232558139535
64,11479,0.3625,0.715625,0.6545717383447777,0.9655172413793103,1580.344262295082
65,13509,0.8625,0.725625,0.8127815925792072,0.8275862068965517,1576.8803986710964
66,20306,0.3625,0.8806875,0.9559691603421274,0.6896551724137931,1567.956155143339
67,13837,0.8625,0.8028437499999999,0.9873750150584266,0.6896551724137931,1564.4215851602023
68,10631,0.1125,0.9375,0.6508384531984098,0.9655172413793103,1557.0655737704917
69,11719,0.3625,0.6578125,0.6552355137935189,0.8275862068965517,1556.3421926910298
70,4406,0.6125,0.09375,0.655524635586074,0.0,1542.7118644067796
71,22360,0.625,0.7837500000000001,0.9813155041561258,0.8275862068965517,1540.8338870431894
72,11714,0.3625,0.6616875,0.6691205878809782,0.8275862068965517,1521.8970099667774
73,3053,0.125,0.114709375,0.8335742681604624,0.0,1519.6610169491526
74,12438,0.6125,0.814625,0.9998795325864354,0.6896551724137931,1513.655986509275
75,4154,0.375,0.329559375,0.7767256956993133,0.0,1505.2542372881355
76,5536,0.8625,0.25,0.62643055053608,0.0,1502.542372881356
77,10338,0.1125,0.82775,0.9854234429586796,0.6896551724137931,1495.787521079258
78,10379,0.1125,0.9262812500000001,0.8589928924225997,0.8275862068965517,1492.6611295681064
79,4066,0.375,0.09375,0.655524635586074,0.0,1492.3728813559321
80,6406,0.125,0.371875,0.6508384531984098,0.3448275862068966,1488.2089552238806
81,5948,0.875,0.309375,0.65293579086857,0.27586206896551724,1485.6497764530552
82,24265,0.6125,0.81190625,1.0,0.8275862068965517,1483.4186046511627
83,13747,0.8625,0.6756562500000001,0.8040477050957715,0.8275862068965517,1482.5880398671097
84,14158,0.875,0.75,0.6813612817732804,0.8275862068965517,1482.0897009966777
85,9997,0.8625,0.625,0.6508384531984098,0.3448275862068966,1481.1940298507463
86,13735,0.8625,0.6578125,0.6552355137935189,0.8275862068965517,1477.7109634551496
87,12504,0.6125,0.746875,0.6534465727020841,0.6896551724137931,1475.8819561551434
88,7599,0.375,0.6354062500000001,0.6938103842910492,0.6896551724137931,1475.2074198988196
89,12544,0.6125,0.78125,0.6509613299602457,0.6896551724137931,1474.7015177065766
90,2977,0.125,0.215625,0.6509613299602457,0.0,1474.5762711864406
91,11317,0.125,0.9375,0.8084809059149499,0.9655172413793103,1471.622950819672
92,15932,0.6125,0.31815625000000003,0.828538730273461,0.0,1470.8474576271187
93,12053,0.375,0.871875,0.62643055053608,0.8275862068965517,1467.3056478405315
94,21745,0.8625,0.8588125,0.9795446331767256,0.9655172413793103,1466.0819672131147
95,1976,0.375,1.0,0.6023370678231538,0.8275862068965517,1464.7541528239203
96,13822,0.8625,0.79409375,0.9318515841464884,0.8275862068965517,1464.6478405315615
97,12499,0.6125,0.71875,0.62643055053608,0.9655172413793103,1464.0819672131147
98,12428,0.6125,0.8870625000000001,0.9472834598241175,0.6896551724137931,1463.2344013490724
99,13975,0.875,0.86546875,0.8653294783760993,0.6896551724137931,1460.8735244519394
100,10707,0.1125,0.665625,0.6826466690760149,0.8275862068965517,1460.1029900332226
101,12915,0.625,0.70025,0.7775207806288399,0.9655172413793103,1459.5245901639344
102,11693,0.3625,0.8525625,0.8764004336826888,0.9655172413793103,1459.032786885246
103,5001,0.625,0.215625,0.6509613299602457,0.0,1458.8135593220338
104,11135,0.125,0.75,0.7088266473918805,0.8275862068965517,1457.7774086378738
105,1978,0.5,1.0,0.6023370678231538,0.8275862068965517,1457.2790697674418
106,11420,0.3625,0.8870625000000001,0.9472834598241175,0.9655172413793103,1456.7377049180327
107,11150,0.125,0.725625,0.8127815925792072,0.8275862068965517,1455.5116279069769
108,10839,0.125,0.79409375,0.9318515841464884,0.8275862068965517,1455.5116279069769
109,20334,0.3625,0.87753125,0.9599807252138296,0.6896551724137931,1455.1399662731872
110,6004,0.875,0.215625,0.62643055053608,0.0,1454.915254237288
111,12965,0.625,0.8525625,0.8764004336826888,0.9655172413793103,1453.4590163934427
112,12156,0.375,0.746875,0.6534465727020841,0.6896551724137931,1452.947723440135
113,2872,0.125,0.28339375,0.8046500421635947,0.0,1452.542372881356
114,12921,0.625,0.6718437500000001,0.7463052644259728,0.8275862068965517,1451.797342192691
115,11493,0.3625,0.725625,0.8127815925792072,0.8275862068965517,1448.8671096345515
116,3312,0.3625,0.336915625,0.7669437417178653,0.0,1448.135593220339
117,16024,0.625,0.31815625000000003,0.828538730273461,0.0,1447.2881355932204
118,4353,0.6125,0.1381875,0.9796651005902903,0.27586206896551724,1445.5603576751118
119,10658,0.1125,0.934375,0.8107697867726779,0.8275862068965517,1445.3189368770763
120,22897,0.125,0.849375,0.9868931454041681,0.6896551724137931,1444.8532883642495
121,1863,0.1875,0.96875,0.6023370678231538,0.8275862068965517,1443.5514950166114
122,3809,0.375,0.0818,0.7915190940850501,0.0,1443.3898305084747
123,4662,0.6125,0.0818,0.7915190940850501,0.0,1441.6949152542372
124,6116,0.875,0.059375,0.6508384531984098,0.13793103448275862,1440.4383718683407
125,19061,0.6125,0.915,0.8847729189254305,0.6896551724137931,1437.096121416526
126,19004,0.3625,0.9025624999999999,0.9224430791470907,0.8275862068965517,1436.8471760797343
127,14229,0.875,0.88009375,0.9567642452716538,0.6896551724137931,1436.0910623946038
128,13494,0.8625,0.7107812499999999,0.7859414528370076,0.9655172413793103,1435.2622950819673
129,12242,0.375,0.67678125,0.822816528129141,0.9655172413793103,1434.7704918032787
130,17925,0.3625,0.080703125,0.8960125286110107,0.0,1432.0338983050847
131,20938,0.3625,0.7618750000000001,0.9661366100469823,0.8275862068965517,1431.7574750830565
132,20444,0.625,0.8931250000000001,0.9382363570654136,0.6896551724137931,1431.699831365936
133,1875,0.9375,0.96875,0.6023370678231538,0.8275862068965517,1431.6976744186047
134,12266,0.375,0.9130625,0.8888085772798457,0.8275862068965517,1431.6976744186047
135,4821,0.625,0.0818,0.7915190940850501,0.27586206896551724,1431.5514157973175
136,19153,0.8625,0.9181250000000001,0.8918564028430309,0.8275862068965517,1428.4352159468438
137,13848,0.875,0.78984375,0.9839657872545476,0.8275862068965517,1427.936877076412
138,13270,0.625,0.92609375,0.8357908685700518,0.9655172413793103,1427.5573770491803
139,13745,0.8625,0.6673125,0.7767256956993133,0.8275862068965517,1425.7774086378738
140,15539,0.3625,0.65878125,0.7456993133357427,0.8275862068965517,1425.6112956810632
141,11732,0.3625,0.67996875,0.817094325984821,0.6896551724137931,1423.6053962900505
142,12265,0.375,0.9326874999999999,0.8427538850740873,0.8275862068965517,1422.6212624584718
143,13233,0.625,0.7924375,0.9969883146608842,0.6896551724137931,1420.7386172006745
144,5832,0.875,0.0625,0.7469943380315623,0.0,1420.0
145,20434,0.8625,0.87753125,0.9473196000481869,0.8275862068965517,1419.4651162790697
146,11121,0.125,0.778125,0.796928080954102,0.8275862068965517,1419.4053156146178
147,24332,0.625,0.81503125,0.9998554391037224,0.8275862068965517,1418.9667774086379
148,10926,0.125,0.6578125,0.6552355137935189,0.8275862068965517,1416.0830564784053
149,5829,0.875,0.0625,0.789519335019877,0.0,1415.593220338983
150,11592,0.3625,0.871875,0.6538959161546801,0.8275862068965517,1415.0863787375415
151,12229,0.375,0.7631875,0.9796651005902903,0.8275862068965517,1414.4817275747507
152,2470,0.1125,0.21875,0.8456330562582821,0.0,1410.5084745762713
153,10632,0.1125,0.9375,0.62643055053608,0.3448275862068966,1410.1492537313434
154,14032,0.875,0.9375,0.62643055053608,0.3448275862068966,1409.8507462686566
155,20447,0.8625,0.89625,0.933249006143838,0.8275862068965517,1408.8338870431894
156,19120,0.625,0.915,0.8847729189254305,0.8275862068965517,1407.1129568106312
157,1605,0.9375,0.6875,0.6023370678231538,0.8275862068965517,1407.0066445182724
158,12461,0.6125,0.65996875,0.7669437417178653,0.9655172413793103,1405.72131147541
159,10811,0.1125,0.78984375,0.9839657872545476,0.8275862068965517,1403.5182724252493
160,13282,0.625,0.89471875,0.8990362606914829,0.8275862068965517,1403.4584717607972
161,3539,0.3625,0.309375,0.7324515118660402,0.0,1403.3898305084747
162,11594,0.3625,0.871875,0.7088266473918805,0.8275862068965517,1403.2923588039866
163,13407,0.8625,0.9326874999999999,0.8427538850740873,0.6896551724137931,1401.8516020236088
164,4523,0.6125,0.25,0.6534465727020841,0.0,1398.9830508474577
165,13730,0.8625,0.6616875,0.6691205878809782,0.8275862068965517,1398.9734219269103
166,2643,0.1125,0.0625,0.789519335019877,0.0,1398.8135593220338
167,13137,0.625,0.778125,0.796928080954102,0.8275862068965517,1397.810631229236
168,10631,0.1125,0.9375,0.6508384531984098,0.6896551724137931,1395.7807757166947
169,14036,0.875,0.934375,0.65293579086857,0.9655172413793103,1395.5901639344263
170,13947,0.875,0.6578125,0.7157583423683893,0.8275862068965517,1395.544850498339
171,20264,0.125,0.89625,0.9201421515480062,0.8275862068965517,1394.156146179402
172,11936,0.375,0.665625,0.6826466690760149,0.8275862068965517,1392.827242524917
173,13028,0.625,0.934375,0.65293579086857,0.6896551724137931,1392.4080944350758
174,4019,0.375,0.17732187500000002,0.8788820624021202,0.0,1391.5254237288136
175,10632,0.1125,0.9375,0.62643055053608,0.6206896551724137,1387.5
176,11620,0.3625,0.90625,0.7671364895795687,0.9655172413793103,1387.3934426229507
177,14032,0.875,0.9375,0.62643055053608,0.6206896551724137,1387.0588235294117
178,11632,0.3625,0.934375,0.65293579086857,0.8275862068965517,1384.5215946843855
179,10723,0.1125,0.6756562500000001,0.8040477050957715,0.6896551724137931,1381.2849915682968
180,2645,0.1125,0.0625,0.7469943380315623,0.0,1380.3389830508474
181,13702,0.8625,0.8836562499999999,0.8647873750150584,0.8275862068965517,1379.7043189368771
182,12225,0.375,0.7924375,0.9969883146608842,0.6896551724137931,1377.0691399662733
183,14145,0.875,0.778125,0.796928080954102,0.8275862068965517,1376.607973421927
184,2387,0.1125,0.114709375,0.8335742681604624,0.0,1374.7457627118645
185,2532,0.1125,0.3125,0.62643055053608,0.0,1374.406779661017
186,12020,0.375,0.934375,0.65293579086857,0.9655172413793103,1370.311475409836
187,13951,0.875,0.6616875,0.6691205878809782,0.8275862068965517,1368.6345514950167
188,12989,0.625,0.9150625,0.7915190940850501,0.6896551724137931,1367.956155143339
189,22950,0.6125,0.8369375,0.9818817009998795,0.8275862068965517,1364.8139534883721
190,11457,0.3625,0.6546875,0.7468979641007107,0.8275862068965517,1364.7541528239203
191,5681,0.8625,0.0625,0.7469943380315623,0.0,1362.0338983050847
192,12116,0.375,0.78125,0.6509613299602457,0.6896551724137931,1361.0421585160202
193,11385,0.3625,0.9130625,0.8888085772798457,0.6896551724137931,1360.3676222596964
194,11272,0.125,0.89484375,0.9224189856643776,0.6896551724137931,1359.8684654300168
195,13678,0.8625,0.94575,0.733739308517046,0.8275862068965517,1358.0033222591362
196,11375,0.3625,0.89484375,0.9224189856643776,0.6896551724137931,1357.3389544688027
197,11247,0.125,0.94375,0.7455559571136007,0.8275862068965517,1357.0066445182724
198,13955,0.875,0.67796875,0.7209938561619081,0.8275862068965517,1354.016611295681
199,8438,0.625,0.371875,0.62643055053608,0.0,1353.2203389830509
200,1831,0.0625,0.9375,0.6023370678231538,0.9655172413793103,1351.327868852459
201,20343,0.375,0.89625,0.9201421515480062,0.8275862068965517,1348.3089700996677
202,12989,0.625,0.9150625,0.7915190940850501,0.9655172413793103,1347.72131147541
203,13443,0.8625,0.8368125,0.9940850499939766,0.6896551724137931,1345.8718381112985
204,12639,0.6125,0.929875,0.7440320443320082,0.8275862068965517,1343.717607973422
205,1947,0.0,0.890625,0.6023370678231538,0.8275862068965517,1342.8870431893688
206,22315,0.6125,0.7713125,0.9860619202505723,0.8275862068965517,1340.8338870431894
207,11851,0.375,0.7694062500000001,0.9116973858571257,0.8275862068965517,1340.7275747508306
208,3766,0.375,0.139959375,0.96883508011083,0.27586206896551724,1340.2816691505216
209,20373,0.375,0.88065625,0.9560293940489097,0.9655172413793103,1339.4918032786886
210,11158,0.125,0.71875,0.7718949524153716,0.6896551724137931,1339.4569983136594
211,4455,0.6125,0.163253125,0.8749909649439825,0.13793103448275862,1339.2986073321094
212,10973,0.125,0.9150625,0.7915190940850501,0.9655172413793103,1338.377049180328
213,11669,0.3625,0.9150625,0.7915190940850501,0.6896551724137931,1336.5969645868465
214,5674,0.8625,0.0818,0.7915190940850501,0.27586206896551724,1335.5126676602085
215,10519,0.1125,0.778125,0.62643055053608,0.8275862068965517,1335.3521594684385
216,2913,0.125,0.309375,0.7324515118660402,0.0,1333.2203389830509
217,10405,0.1125,0.9330937499999999,0.8562823756173954,0.8275862068965517,1332.5880398671097
218,11722,0.3625,0.6578125,0.7157583423683893,0.8275862068965517,1330.2624584717607
219,12829,0.6125,0.8028437499999999,0.9873750150584266,0.9655172413793103,1329.4918032786886
220,23614,0.375,0.79003125,0.9961450427659317,0.8275862068965517,1329.4318936877075
221,7603,0.375,0.6546875,0.7468979641007107,0.8275862068965517,1328.2691029900332
222,12116,0.375,0.78125,0.6509613299602457,0.9655172413793103,1328.049180327869
223,17761,0.6125,0.92128125,0.8708709794000722,0.8275862068965517,1327.6046511627908
224,5663,0.8625,0.059375,0.8084809059149499,0.27586206896551724,1326.48435171386
225,6043,0.875,0.17732187500000002,0.8788820624021202,0.0,1324.406779661017
226,12245,0.375,0.65996875,0.7669437417178653,0.6896551724137931,1324.1112984822935
227,12168,0.375,0.715625,0.62643055053608,0.8275862068965517,1323.7840531561462
228,11907,0.375,0.70025,0.7775207806288399,0.6896551724137931,1323.7740303541316
229,14054,0.875,0.903125,0.6846187206360679,0.8275862068965517,1323.4518272425248
230,19025,0.12499999999999992,0.90253125,0.922527406336586,0.8275862068965517,1322.7873754152824
231,14189,0.875,0.715625,0.6545717383447777,0.8275862068965517,1322.063122923588
232,23472,0.8625,0.49312500000000004,0.9997470184315143,0.3448275862068966,1321.4925373134329
233,12383,0.6125,0.89484375,0.9224189856643776,0.8275862068965517,1321.2923588039866
234,1582,0.4375,0.671875,0.6023370678231538,0.8275862068965517,1320.5681063122925
235,12572,0.6125,0.8195625,0.8788820624021202,0.6896551724137931,1320.239460370995
236,11373,0.3625,0.8816875,0.9419226599204914,0.8275862068965517,1319.6312292358805
237,12398,0.6125,0.92609375,0.8357908685700518,0.9655172413793103,1319.4918032786886
238,5897,0.875,0.258784375,0.8441633538127936,0.0,1319.4915254237287
239,13817,0.8625,0.7694062500000001,0.9116973858571257,0.8275862068965517,1319.2392026578073
240,14229,0.875,0.88009375,0.9567642452716538,0.9655172413793103,1316.704918032787
241,12457,0.6125,0.68271875,0.8399349475966751,0.9655172413793103,1315.9180327868853
242,21726,0.8625,0.8588125,0.9671967232863511,0.6896551724137931,1315.679595278246
243,13710,0.8625,0.8590312499999999,0.8712323816407661,0.8275862068965517,1313.4252491694351
244,11693,0.3625,0.8525625,0.8764004336826888,0.8275862068965517,1312.5946843853822
245,4236,0.625,0.126028125,0.8534754848813396,0.0,1310.8474576271187
246,996,0.375,0.0625,0.6023370678231538,0.0,1308.8135593220338
247,22374,0.8625,0.7713125,0.9738103842910492,0.8275862068965517,1306.8405315614618
248,3069,0.125,0.071603125,0.7551740754126008,0.0,1306.6101694915253
249,2519,0.1125,0.2861,0.7859414528370076,0.0,1306.1016949152543
250,13247,0.625,0.6950000000000001,0.8718226719672328,0.8275862068965517,1305.4518272425248
251,1845,0.9375,0.9375,0.6023370678231538,0.6896551724137931,1305.2242833052276
252,12157,0.375,0.746875,0.842561137212384,0.8275862068965517,1303.126245847176
253,5116,0.625,0.336915625,0.7669437417178653,0.27586206896551724,1301.7451564828614
254,17673,0.125,0.92128125,0.8708709794000722,0.6896551724137931,1301.514333895447
255,6004,0.875,0.215625,0.62643055053608,0.27586206896551724,1301.2354694485841
256,11715,0.3625,0.665625,0.6826466690760149,0.8275862068965517,1301.0265780730897
257,13731,0.8625,0.665625,0.6826466690760149,0.8275862068965517,1299.8637873754153
258,15711,0.625,0.65878125,0.7456993133357427,0.8275862068965517,1299.637873754153
259,13403,0.8625,0.9262812500000001,0.8589928924225997,0.8275862068965517,1298.6411960132891
260,4662,0.6125,0.0818,0.7915190940850501,0.27586206896551724,1297.956780923994
261,11720,0.3625,0.6578125,0.6754101915431876,0.8275862068965517,1297.1461794019933
262,23683,0.625,0.8087500000000001,0.9999638597759306,0.6896551724137931,1296.2866779089377
263,13035,0.625,0.929875,0.7440320443320082,0.8275862068965517,1294.8803986710964
264,3312,0.3625,0.336915625,0.7669437417178653,0.27586206896551724,1293.6974664679583
265,12751,0.6125,0.7005,0.8183471870858932,0.8275862068965517,1289.3388704318936
266,9608,0.875,0.59375,0.6545717383447777,0.3448275862068966,1289.1044776119404
267,10626,0.1125,0.934375,0.7059462715335502,0.48275862068965514,1288.1333333333334
268,10705,0.1125,0.7446875000000001,0.8525719792796047,0.8275862068965517,1287.5714285714287
269,11390,0.3625,0.92609375,0.8357908685700518,0.9655172413793103,1287.5573770491803
270,21869,0.6125,0.1587375,0.9813155041561258,0.0,1287.1186440677966
271,46,0.9375,0.9375,0.62643055053608,0.6896551724137931,1286.8431703204046
272,6602,0.125,0.6476875,0.6691205878809782,0.8275862068965517,1286.6810631229237
273,91,0.9375,0.890625,0.62643055053608,0.8275862068965517,1286.3488372093022
274,12262,0.375,0.92609375,0.8357908685700518,0.9655172413793103,1285.9180327868853
275,2532,0.1125,0.3125,0.62643055053608,0.27586206896551724,1285.7988077496275
276,1845,0.9375,0.9375,0.6023370678231538,0.9655172413793103,1285.2622950819673
277,12728,0.6125,0.6578125,0.6754101915431876,0.8275862068965517,1284.747508305648
278,5768,0.875,0.15625,0.8838935068064088,0.13793103448275862,1284.6761475325327
279,11694,0.3625,0.8590312499999999,0.8712323816407661,0.8275862068965517,1284.189368770764
280,2537,0.1125,0.3328,0.6612275629442236,0.13793103448275862,1283.3987999445583
281,23328,0.3625,0.49312500000000004,0.9997470184315143,0.3448275862068966,1283.134328358209
282,10208,0.8625,0.48734374999999996,0.9989157932779182,0.3448275862068966,1283.134328358209
283,13391,0.8625,0.89484375,0.9224189856643776,0.8275862068965517,1281.9235880398671
284,7136,0.1125,0.36146875,0.6938103842910492,0.0,1280.8474576271187
285,9414,0.875,0.502125,0.9998795325864354,0.48275862068965514,1280.6666666666667
286,4937,0.625,0.309375,0.7324515118660402,0.27586206896551724,1280.2220566318927
287,11968,0.375,0.8771875,0.8525719792796047,0.8275862068965517,1279.9302325581396
288,5829,0.875,0.0625,0.789519335019877,0.27586206896551724,1279.688524590164
289,6586,0.125,0.6404062500000001,0.6778038790507167,0.9655172413793103,1279.360655737705
290,1800,0.9375,0.890625,0.6023370678231538,0.8275862068965517,1279.2059800664451
291,11636,0.3625,0.934375,0.62643055053608,0.48275862068965514,1277.4666666666667
292,23539,0.125,0.79003125,0.9961450427659317,0.8275862068965517,1276.9401993355482
293,11134,0.125,0.75,0.6813612817732804,0.6896551724137931,1275.7200674536257
294,21712,0.625,0.8712500000000001,0.9547885796891941,0.8275862068965517,1274.9468438538206
295,12689,0.6125,0.88378125,0.8441633538127936,0.8275862068965517,1274.78073089701
296,14195,0.875,0.706,0.7761354053728465,0.6896551724137931,1271.1602023608768
297,3539,0.3625,0.309375,0.7324515118660402,0.27586206896551724,1269.4918032786886
298,17673,0.125,0.92128125,0.8708709794000722,0.9655172413793103,1269.360655737705
299,22106,0.375,0.47125000000000006,0.9934586194434405,0.3448275862068966,1267.7611940298507
300,46,0.9375,0.9375,0.62643055053608,0.9655172413793103,1267.5573770491803
301,10870,0.125,0.72715625,0.8990362606914829,0.8275862068965517,1267.3056478405315
302,12381,0.6125,0.8816875,0.9419226599204914,0.8275862068965517,1266.8073089700997
303,12557,0.6125,0.809375,0.8289001325141548,0.8275862068965517,1266.4152823920265
304,4961,0.625,0.25,0.6534465727020841,0.0,1266.2711864406779
305,5419,0.8625,0.09375,0.62643055053608,0.27586206896551724,1265.7660208643815
306,10666,0.1125,0.914875,0.8115046379954222,0.6896551724137931,1265.7639123102867
307,54,0.4375,0.9375,0.62643055053608,0.6896551724137931,1265.4266441821248
308,2643,0.1125,0.0625,0.789519335019877,0.27586206896551724,1264.7228017883756
309,13921,0.875,0.7068125000000001,0.7915190940850501,0.8275862068965517,1264.4817275747507
310,55,0.375,0.9375,0.62643055053608,0.6896551724137931,1263.9089376053962
311,15684,0.375,0.65878125,0.7625828213468256,0.6896551724137931,1263.9089376053962
312,2356,0.1125,0.059375,0.6508384531984098,0.13793103448275862,1263.3733882106978
313,23683,0.625,0.8087500000000001,0.9999638597759306,0.9655172413793103,1263.1311475409836
314,10813,0.1125,0.8028437499999999,0.9873750150584266,0.9655172413793103,1262.639344262295
315,11254,0.125,0.92609375,0.8357908685700518,0.9655172413793103,1261.950819672131
316,2470,0.1125,0.21875,0.8456330562582821,0.27586206896551724,1260.7615499254844
317,14132,0.875,0.78125,0.6509613299602457,0.9655172413793103,1259.688524590164
318,3007,0.125,0.17732187500000002,0.8788820624021202,0.27586206896551724,1258.612518628912
319,23402,0.375,0.49312500000000004,0.9997470184315143,0.3448275862068966,1257.6119402985075
320,11254,0.125,0.92609375,0.8357908685700518,0.6896551724137931,1257.1635750421585
321,12278,0.375,0.8816875,0.9419226599204914,0.8275862068965517,1254.3488372093022
322,4700,0.6125,0.131390625,0.8653294783760993,0.0,1254.2372881355932
323,47,0.875,0.9375,0.62643055053608,0.6896551724137931,1253.797639123103
324,5558,0.8625,0.300271875,0.7551740754126008,0.27586206896551724,1253.6944858420268
325,13341,0.8625,0.796375,0.9402361161305867,0.8275862068965517,1253.624584717608
326,4788,0.625,0.131390625,0.8653294783760993,0.0,1252.0338983050847
327,11448,0.3625,0.68878125,0.8562823756173954,0.9655172413793103,1250.1475409836066
328,10893,0.125,0.6875,0.789519335019877,0.6896551724137931,1249.743676222597
329,11621,0.3625,0.90625,0.7389965064450066,0.8275862068965517,1249.6976744186047
330,12456,0.6125,0.68878125,0.8562823756173954,0.9655172413793103,1249.655737704918
331,8443,0.625,0.375,0.7324515118660402,0.3448275862068966,1249.402985074627
332,13188,0.625,0.7107812499999999,0.7859414528370076,0.8275862068965517,1248.8671096345515
333,11950,0.375,0.7315625,0.8349837368991687,0.8275862068965517,1248.0365448504983
334,3081,0.125,0.059375,0.7240621611853992,0.0,1247.1186440677966
335,23402,0.375,0.49312500000000004,0.9997470184315143,0.6206896551724137,1246.4705882352941
336,10630,0.1125,0.9375,0.6752463558607397,0.9655172413793103,1246.049180327869
337,6946,0.1125,0.6546875,0.716781110709553,0.8275862068965517,1245.3189368770763
338,12427,0.6125,0.89396875,0.9368871220334899,0.8275862068965517,1244.7142857142858
339,3926,0.375,0.2861,0.7859414528370076,0.0,1244.5762711864406
340,13692,0.8625,0.927875,0.8251897361763642,0.8275862068965517,1244.2159468438538
341,15842,0.3625,0.321328125,0.8036742561137211,0.13793103448275862,1244.1189711313473
342,10483,0.1125,0.71875,0.62643055053608,0.6896551724137931,1244.0101180438448
343,8441,0.625,0.375,0.65293579086857,0.3448275862068966,1243.5820895522388
344,2645,0.1125,0.0625,0.7469943380315623,0.27586206896551724,1243.113263785395
345,14230,0.875,0.87303125,0.9653294783760993,0.6896551724137931,1242.8296795952783
346,23617,0.6125,0.7931874999999999,0.9972292494880134,0.8275862068965517,1241.0598006644518
347,11846,0.375,0.7898125,0.945319840983014,0.8275862068965517,1241.0598006644518
348,11746,0.3625,0.7068125000000001,0.7915190940850501,0.8275862068965517,1240.5016611295682
349,13480,0.8625,0.684375,0.6508384531984098,0.9655172413793103,1240.1475409836066
350,13647,0.8625,0.929875,0.7440320443320082,0.8275862068965517,1239.8970099667774
351,23584,0.375,0.805625,0.9877002770750511,0.8275862068965517,1239.3986710963454
352,22894,0.3625,0.8525,0.984652451511866,0.9655172413793103,1239.0
353,10379,0.1125,0.9262812500000001,0.8589928924225997,0.9655172413793103,1238.672131147541
354,11416,0.3625,0.9140625,0.9004216359474762,0.6896551724137931,1238.283305227656
355,14230,0.875,0.87303125,0.9653294783760993,0.9655172413793103,1238.016393442623
356,5403,0.8625,0.071603125,0.7551740754126008,0.27586206896551724,1237.5126676602085
357,2469,0.1125,0.215625,0.62643055053608,0.27586206896551724,1236.8539493293592
358,15613,0.125,0.65878125,0.7625828213468256,0.8275862068965517,1235.2458471760797
359,3933,0.375,0.28125,0.6827141308276111,0.0,1235.084745762712
360,12754,0.6125,0.7068125000000001,0.7915190940850501,0.8275862068965517,1234.687707641196
361,13620,0.8625,0.875,0.7344970485483676,0.8275862068965517,1234.5215946843855
362,10002,0.8625,0.621875,0.7059462715335502,0.8275862068965517,1233.6910299003323
363,10623,0.1125,0.929875,0.7440320443320082,0.8275862068965517,1233.0863787375415
364,12908,0.625,0.6875,0.7682568365257197,0.8275862068965517,1233.0265780730897
365,14188,0.875,0.715625,0.6827141308276111,0.6896551724137931,1231.8684654300168
366,2515,0.1125,0.28125,0.6827141308276111,0.27586206896551724,1231.253353204173
367,2950,0.125,0.246875,0.7088266473918805,0.13793103448275862,1230.87302462995
368,13782,0.8625,0.72703125,0.9224189856643776,0.8275862068965517,1230.2624584717607
369,3511,0.3625,0.25,0.6534465727020841,0.0,1229.322033898305
370,11447,0.3625,0.6950000000000001,0.8718226719672328,0.8275862068965517,1229.0398671096345
371,7995,0.3625,0.590625,0.655524635586074,0.3448275862068966,1228.955223880597
372,13528,0.8625,0.75,0.62643055053608,0.6896551724137931,1228.8397976391232
373,3531,0.3625,0.2861,0.7859414528370076,0.0,1228.135593220339
374,6407,0.125,0.371875,0.6752463558607397,0.48275862068965514,1228.1333333333334
375,2927,0.125,0.278125,0.7718949524153716,0.27586206896551724,1227.6766020864382
376,4351,0.6125,0.15274062500000002,0.9902300927599084,0.13793103448275862,1227.4107786499922
377,12572,0.6125,0.8195625,0.8788820624021202,0.8275862068965517,1227.046511627907
378,10677,0.1125,0.8771875,0.8525719792796047,0.8275862068965517,1226.8803986710964
379,4661,0.6125,0.08848125,0.8046500421635947,0.13793103448275862,1226.7279979024975
380,5673,0.8625,0.08848125,0.8046500421635947,0.13793103448275862,1226.366671696485
381,3395,0.3625,0.09375,0.62643055053608,0.0,1226.2711864406779
382,2951,0.125,0.246875,0.6813612817732804,0.0,1225.7627118644068
383,2702,0.1125,0.1755,0.8906396819660282,0.13793103448275862,1224.5430995105146
384,11614,0.3625,0.903125,0.6846187206360679,0.8275862068965517,1224.4485049833886
385,13914,0.875,0.702125,0.8743645343934465,0.8275862068965517,1224.2225913621262
386,5568,0.8625,0.3125,0.62643055053608,0.3448275862068966,1223.134328358209
387,4938,0.625,0.2861,0.7859414528370076,0.0,1223.050847457627
388,5138,0.625,0.189640625,0.9998795325864354,0.13793103448275862,1222.4947572680303
389,12165,0.375,0.71875,0.7428056860619202,0.8275862068965517,1222.2890365448504
390,10469,0.1125,0.706,0.7761354053728465,0.9655172413793103,1221.983606557377
391,7418,0.375,0.36146875,0.6938103842910492,0.0,1220.8474576271187
392,2798,0.125,0.08848125,0.8046500421635947,0.13793103448275862,1220.3582011185315
393,12241,0.375,0.68271875,0.8399349475966751,0.8275862068965517,1219.4053156146178
394,14226,0.875,0.90078125,0.9256113721238406,0.6896551724137931,1219.220910623946
395,14172,0.875,0.746875,0.6534465727020841,0.8275862068965517,1219.0730897009967
396,6581,0.125,0.625,0.6508384531984098,0.3448275862068966,1218.955223880597
397,12633,0.6125,0.90625,0.62643055053608,0.6896551724137931,1218.3777403035413
398,11900,0.375,0.6875,0.7682568365257197,0.8275862068965517,1218.0764119601329
399,5961,0.875,0.28125,0.62643055053608,0.13793103448275862,1218.0367465770494
400,11501,0.3625,0.746875,0.7885315022286471,0.8275862068965517,1217.8039867109635
401,13814,0.8625,0.7563125,0.9451270931213106,0.8275862068965517,1215.252491694352
402,9162,0.6125,0.3515625,0.6612275629442236,0.13793103448275862,1214.622842839576
403,3808,0.375,0.0625,0.7469943380315623,0.13793103448275862,1214.5745005970919
404,11486,0.3625,0.71875,0.7718949524153716,0.9655172413793103,1214.5737704918033
405,614,0.12500000000000006,0.359375,0.62643055053608,0.48275862068965514,1214.1333333333334
406,4546,0.6125,0.300271875,0.7551740754126008,0.27586206896551724,1214.1147540983607
407,8705,0.625,0.371875,0.8084809059149499,0.48275862068965514,1213.8666666666666
408,7973,0.3625,0.621875,0.62643055053608,0.6206896551724137,1213.6764705882354
409,5829,0.875,0.0625,0.789519335019877,0.13793103448275862,1213.0723829526034
410,1834,0.25,0.9375,0.6023370678231538,0.9655172413793103,1212.1147540983607
411,12925,0.625,0.684375,0.8084809059149499,0.8275862068965517,1211.9900332225914
412,5947,0.875,0.309375,0.67944103120106,0.13793103448275862,1211.706821457614
413,12485,0.6125,0.706,0.7761354053728465,0.9655172413793103,1211.4590163934427
414,1842,0.75,0.9375,0.6023370678231538,0.6896551724137931,1210.1214165261383
415,10445,0.1125,0.65996875,0.7669437417178653,0.6896551724137931,1209.777403035413
416,3545,0.3625,0.3125,0.7240621611853992,0.13793103448275862,1209.2488107666331
417,3378,0.3625,0.067015625,0.7440320443320082,0.13793103448275862,1208.5660300191385
418,11943,0.375,0.7446875000000001,0.8525719792796047,0.8275862068965517,1207.5049833887044
419,10427,0.1125,0.7777499999999999,0.9902300927599084,0.8275862068965517,1207.3388704318936
420,2404,0.1125,0.125,0.62643055053608,0.0,1207.2881355932204
421,12806,0.6125,0.7563125,0.9451270931213106,0.8275862068965517,1206.6744186046512
422,11056,0.125,0.8579062499999999,0.8598602578002649,0.6896551724137931,1205.5615514333895
423,10938,0.125,0.71875,0.8578604987350921,0.8275862068965517,1205.0132890365448
424,7168,0.1125,0.4725625,0.9940850499939766,0.3448275862068966,1203.8805970149253
425,13229,0.625,0.82203125,0.9989157932779182,0.6896551724137931,1203.2006745362564
426,5568,0.8625,0.3125,0.62643055053608,0.6206896551724137,1203.0882352941176
427,10454,0.1125,0.67396875,0.6938103842910492,0.9655172413793103,1202.9344262295083
428,1838,0.5,0.9375,0.6023370678231538,0.6896551724137931,1202.5328836424958
429,12172,0.375,0.715625,0.6827141308276111,0.9655172413793103,1201.327868852459
430,18000,0.375,0.0931125,0.9203228526683531,0.0,1200.1694915254238
431,4128,0.375,0.17483437500000001,0.9989157932779182,0.13793103448275862,1199.8747786936901
432,12641,0.6125,0.934375,0.67944103120106,0.8275862068965517,1199.637873754153
433,15542,0.3625,0.6775,0.8096373930851704,0.6896551724137931,1199.3220910623945
434,12208,0.375,0.9140625,0.9004216359474762,0.8275862068965517,1199.3056478405315
435,6337,0.125,0.59375,0.8367546078785688,0.48275862068965514,1198.1333333333334
436,11477,0.3625,0.706,0.7761354053728465,0.9655172413793103,1198.049180327869
437,12058,0.375,0.871875,0.7088266473918805,0.8275862068965517,1198.0365448504983
438,3241,0.3625,0.206659375,0.8878448379713287,0.0,1197.9661016949153
439,5614,0.8625,0.25866875,0.8647873750150584,0.13793103448275862,1197.5533241522082
440,19048,0.375,0.915,0.8847729189254305,0.8275862068965517,1197.3720930232557
441,4970,0.625,0.246875,0.8186844958438743,0.0,1197.2881355932204
442,5417,0.8625,0.09375,0.6846187206360679,0.0,1197.1186440677966
443,10454,0.1125,0.67396875,0.6938103842910492,0.6896551724137931,1196.9679595278246
444,2676,0.1125,0.131390625,0.8653294783760993,0.0,1196.2711864406779
445,6076,0.875,0.125,0.62643055053608,0.27586206896551724,1196.0819672131147
446,11171,0.125,0.706,0.7761354053728465,0.9655172413793103,1195.8852459016393
447,20916,0.125,0.7618750000000001,0.9661366100469823,0.9655172413793103,1194.9344262295083
448,8453,0.625,0.403125,0.7671364895795687,0.3448275862068966,1194.7761194029852
449,5233,0.625,0.19389375,0.8910372244307915,0.13793103448275862,1194.2276343217495
450,12517,0.6125,0.75,0.7088266473918805,0.8275862068965517,1193.717607973422
451,19436,0.125,0.42750000000000005,0.9544151307071437,0.3448275862068966,1192.5373134328358
452,5814,0.875,0.10855624999999999,0.9325864353692326,0.0,1191.6949152542372
453,23022,0.8625,0.8369375,0.9818817009998795,0.8275862068965517,1191.6644518272426
454,24223,0.6125,0.81190625,0.9879532586435369,0.8275862068965517,1191.3322259136212
455,4221,0.375,0.19389375,0.8910372244307915,0.13793103448275862,1190.540618285278
456,5230,0.625,0.206659375,0.8878448379713287,0.27586206896551724,1190.418777943368
457,18999,0.3625,0.9025624999999999,0.9091555234309118,0.6896551724137931,1189.379426644182
458,15777,0.842825,0.6600625,0.7673653776653414,0.8275862068965517,1188.9003322259136
459,6043,0.875,0.17732187500000002,0.8788820624021202,0.27586206896551724,1188.8658718330848
460,8614,0.625,0.6404062500000001,0.6778038790507167,0.9655172413793103,1188.5409836065573
461,1840,0.625,0.9375,0.6023370678231538,0.8275862068965517,1187.4053156146178
462,3959,0.375,0.246875,0.7912179255511383,0.13793103448275862,1187.2632706973036
463,20326,0.125,0.8931250000000001,0.9382363570654136,0.6896551724137931,1187.0118043844857
464,4391,0.6125,0.071603125,0.7551740754126008,0.27586206896551724,1186.183308494784
465,12355,0.6125,0.8341875,0.9831104686182388,0.6896551724137931,1185.1635750421585
466,12026,0.375,0.9252812499999999,0.7551740754126008,0.6896551724137931,1185.1568296795954
467,23689,0.8625,0.7931874999999999,0.9972292494880134,0.8275862068965517,1184.747508305648
468,7895,0.3625,0.36546875,0.7209938561619081,0.13793103448275862,1184.6687038568236
469,4255,0.6125,0.19389375,0.8910372244307915,0.13793103448275862,1184.3955915578258
470,862,0.5625,0.09375,0.62643055053608,0.13793103448275862,1184.3955915578258
471,913,0.1875,0.046875,0.62643055053608,0.13793103448275862,1183.439698511333
472,10464,0.1125,0.6875,0.62643055053608,0.6206896551724137,1182.7941176470588
473,13034,0.625,0.9252812499999999,0.7551740754126008,0.6896551724137931,1182.4654300168634
474,22027,0.3625,0.45881249999999996,0.9860619202505723,0.48275862068965514,1182.2666666666667
475,8848,0.6125,0.41465625,0.8990362606914829,0.48275862068965514,1181.7333333333333
476,5267,0.8625,0.19389375,0.8910372244307915,0.13793103448275862,1181.576254660832
477,5950,0.875,0.2861,0.7859414528370076,0.27586206896551724,1181.2652757078986
478,12060,0.375,0.871875,0.6538959161546801,0.8275862068965517,1181.0332225913621
479,322,0.5625,0.65625,0.62643055053608,0.8275862068965517,1180.8671096345515
480,11865,0.375,0.75,0.9027707505119864,0.8275862068965517,1180.700996677741
481,11735,0.3625,0.684375,0.8084809059149499,0.8275862068965517,1180.5348837209303
482,10495,0.1125,0.746875,0.842561137212384,0.8275862068965517,1180.0365448504983
483,11713,0.3625,0.7446875000000001,0.8525719792796047,0.8275862068965517,1179.7043189368771
484,5392,0.8625,0.059375,0.6508384531984098,0.13793103448275862,1177.343014026365
485,5800,0.875,0.131390625,0.8653294783760993,0.0,1177.2881355932204
486,4236,0.625,0.126028125,0.8534754848813396,0.27586206896551724,1177.154992548435
487,12675,0.6125,0.934375,0.789519335019877,0.8275862068965517,1176.8803986710964
488,2229,0.1125,0.206659375,0.8878448379713287,0.0,1176.7796610169491
489,10622,0.1125,0.9252812499999999,0.7551740754126008,0.6896551724137931,1176.387858347386
490,5983,0.875,0.246875,0.7912179255511383,0.13793103448275862,1176.338778737388
491,2903,0.125,0.3328,0.6612275629442236,0.13793103448275862,1176.338778737388
492,9287,0.6125,0.5064062500000001,0.8910372244307915,0.48275862068965514,1175.7333333333333
493,8984,0.6125,0.625,0.6752463558607397,0.6206896551724137,1175.4411764705883
494,9959,0.8625,0.590625,0.8796530538489338,0.48275862068965514,1174.4
495,6017,0.875,0.20159374999999996,0.8773762197325623,0.13793103448275862,1174.290436494904
496,4756,0.625,0.15625,0.8838935068064088,0.13793103448275862,1173.3345434484115
497,3224,0.375,0.126028125,0.8534754848813396,0.27586206896551724,1173.1311475409836
498,11683,0.3625,0.903125,0.8142633417660522,0.8275862068965517,1172.953488372093
499,5093,0.625,0.071603125,0.7551740754126008,0.27586206896551724,1172.919523099851
500,23093,0.12499999999999992,0.16815625,0.9851222744247681,0.13793103448275862,1172.8366610929
501,12954,0.625,0.71875,0.8578604987350921,0.8275862068965517,1172.455149501661
502,12461,0.6125,0.65996875,0.7669437417178653,0.8275862068965517,1171.8970099667774
503,11152,0.125,0.732625,0.8236477532827369,0.6896551724137931,1171.8347386172006
504,9413,0.875,0.50953125,0.9989157932779182,0.48275862068965514,1171.4666666666667
505,13767,0.8625,0.6875,0.789519335019877,0.9655172413793103,1171.327868852459
506,7427,0.375,0.375,0.65293579086857,0.6206896551724137,1170.5882352941176
507,15776,0.625,0.6775,0.8249126611251656,0.9655172413793103,1168.1803278688524
508,12882,0.625,0.76290625,0.9138296590772196,0.8275862068965517,1168.0764119601329
509,21598,0.3625,0.8712500000000001,0.9673292374412721,0.8275862068965517,1167.970099667774
510,13041,0.625,0.90625,0.62643055053608,0.9655172413793103,1166.5409836065573
511,2154,0.0,0.890625,0.62643055053608,0.8275862068965517,1166.4152823920265
512,11978,0.375,0.914875,0.8115046379954222,0.9655172413793103,1164.7704918032787
513,8150,0.3625,0.36146875,0.6938103842910492,0.27586206896551724,1164.3383010432192
514,13512,0.8625,0.746875,0.6534465727020841,0.9655172413793103,1163.9180327868853
515,5552,0.8625,0.28125,0.6545717383447777,0.27586206896551724,1163.295081967213
516,4942,0.625,0.300271875,0.7551740754126008,0.27586206896551724,1163.1460506706408
517,16681,0.6125,0.0743625,0.868027948439947,0.13793103448275862,1162.2734953389972
518,12221,0.375,0.82203125,0.9989157932779182,0.9655172413793103,1162.1475409836066
519,5165,0.625,0.325428125,0.7905914950006022,0.13793103448275862,1162.1369391894982
520,9494,0.875,0.4375,0.6813612817732804,0.48275862068965514,1162.0
521,6478,0.125,0.46875,0.6509613299602457,0.48275862068965514,1161.7333333333333
522,12457,0.6125,0.68271875,0.8399349475966751,0.8275862068965517,1161.6578073089702
523,5987,0.875,0.246875,0.6813612817732804,0.13793103448275862,1161.2293883854898
524,14344,0.875,0.796375,0.9402361161305867,0.8275862068965517,1160.9335548172758
525,7197,0.1125,0.63125,0.7455559571136007,0.48275862068965514,1160.4
526,11375,0.3625,0.89484375,0.9224189856643776,0.8275862068965517,1159.4983388704318
527,23041,0.8625,0.8525,0.984652451511866,0.6896551724137931,1158.849915682968
528,1789,0.25,0.890625,0.6023370678231538,0.8275862068965517,1158.1694352159468
529,2920,0.125,0.28125,0.6545717383447777,0.27586206896551724,1157.9299552906111
530,2328,0.1125,0.145440625,0.9854234429586796,0.13793103448275862,1157.3574739570354
531,2561,0.1125,0.29007499999999997,0.7915190940850501,0.0,1157.2881355932204
532,7135,0.1125,0.35646875,0.6778038790507167,0.13793103448275862,1156.8112493590395
533,340,0.375,0.640625,0.62643055053608,0.48275862068965514,1156.0
534,6969,0.1125,0.617375,0.7440320443320082,0.48275862068965514,1155.8666666666666
535,15672,0.6125,0.65878125,0.7625828213468256,0.6896551724137931,1155.6526138279933
536,4539,0.6125,0.28125,0.6827141308276111,0.27586206896551724,1154.9493293591654
537,4216,0.375,0.1875,0.979604866883508,0.13793103448275862,1154.4015809105429
538,11257,0.125,0.9326874999999999,0.8427538850740873,0.8275862068965517,1153.3521594684385
539,13442,0.8625,0.844125,0.9902300927599084,0.6896551724137931,1153.1163575042158
540,14210,0.875,0.67396875,0.6938103842910492,0.9655172413793103,1152.7704918032787
541,8987,0.6125,0.621875,0.62643055053608,0.48275862068965514,1152.4
542,15650,0.375,0.65878125,0.7456993133357427,0.8275862068965517,1152.2956810631229
543,5545,0.8625,0.278125,0.7718949524153716,0.27586206896551724,1151.7570789865872
544,13734,0.8625,0.67796875,0.7209938561619081,0.8275862068965517,1151.299003322259
545,6786,0.1125,0.47515625000000006,0.8868570051800987,0.48275862068965514,1150.6666666666667
546,17930,0.125,0.07753125000000001,0.8891699795205397,0.13793103448275862,1149.4855595285808
547,9121,0.6125,0.434375,0.7885315022286471,0.48275862068965514,1149.0666666666666
548,11258,0.125,0.9130625,0.8888085772798457,0.9655172413793103,1149.0
549,8402,0.625,0.48734374999999996,0.9989157932779182,0.48275862068965514,1148.6666666666667
550,10414,0.1125,0.87303125,0.9653294783760993,0.6896551724137931,1148.3946037099495
551,2875,0.125,0.303071875,0.7626671485363209,0.13793103448275862,1148.3931103325892
552,5265,0.8625,0.206659375,0.8878448379713287,0.0,1148.135593220339
553,5439,0.8625,0.125,0.6538959161546801,0.0,1147.7966101694915
554,7111,0.1125,0.403125,0.7671364895795687,0.3448275862068966,1147.7611940298507
555,3316,0.3625,0.3141625,0.8399349475966751,0.0,1147.457627118644
556,3502,0.3625,0.246875,0.8186844958438743,0.0,1145.7627118644068
557,14064,0.875,0.875,0.7344970485483676,0.8275862068965517,1145.2126245847176
558,2925,0.125,0.28125,0.62643055053608,0.48275862068965514,1144.6666666666667
559,10510,0.1125,0.778125,0.675142753885074,0.8275862068965517,1143.6578073089702
560,13653,0.8625,0.9375,0.6996542585230695,0.8275862068965517,1143.3853820598006
561,2636,0.1125,0.068996875,0.8251897361763642,0.27586206896551724,1142.7287630402384
562,6907,0.1125,0.57765625,0.8770148174918684,0.48275862068965514,1141.7333333333333
563,13526,0.8625,0.75,0.6813612817732804,0.9655172413793103,1141.655737704918
564,9671,0.875,0.57765625,0.8770148174918684,0.48275862068965514,1141.6
565,13484,0.8625,0.684375,0.62643055053608,0.48275862068965514,1141.4666666666667
566,8974,0.6125,0.6546875,0.716781110709553,0.8275862068965517,1141.392026578073
567,8612,0.625,0.63025,0.7092350319238645,0.8275862068965517,1140.2292358803986
568,3067,0.125,0.067015625,0.7440320443320082,0.13793103448275862,1139.8782868211708
569,3132,0.125,0.063784375,0.8562823756173954,0.13793103448275862,1139.653516764657
570,3575,0.3625,0.309375,0.7469943380315623,0.13793103448275862,1139.653516764657
571,5600,0.8625,0.303071875,0.7626671485363209,0.13793103448275862,1137.3320622231752
572,3297,0.3625,0.28125,0.8804722322611732,0.13793103448275862,1137.3320622231752
573,4559,0.6125,0.32289375,0.6938103842910492,0.48275862068965514,1135.4666666666667
574,3259,0.3625,0.20270937499999997,0.9400313215275267,0.13793103448275862,1133.5084900372046
575,2976,0.125,0.215625,0.6754909047102758,0.13793103448275862,1133.3235916452218
576,9999,0.8625,0.625,0.6996542585230695,0.48275862068965514,1133.2
577,4093,0.375,0.059375,0.7240621611853992,0.0,1132.542372881356
578,11160,0.125,0.715625,0.62643055053608,0.48275862068965514,1132.5333333333333
579,8887,0.6125,0.371875,0.8084809059149499,0.48275862068965514,1132.1333333333334
580,2363,0.1125,0.0625,0.65293579086857,0.0,1131.3559322033898
581,8782,0.625,0.47515625000000006,0.8868570051800987,0.48275862068965514,1130.5333333333333
582,13489,0.8625,0.6875,0.7324515118660402,0.8275862068965517,1130.0365448504983
583,23540,0.12499999999999992,0.79315625,0.9972172027466569,0.8275862068965517,1129.764119601329
584,3939,0.375,0.278125,0.7718949524153716,0.27586206896551724,1128.5707898658718
585,337,0.5625,0.640625,0.62643055053608,0.48275862068965514,1128.5333333333333
586,7580,0.375,0.59375,0.6545717383447777,0.3448275862068966,1128.0597014925372
587,23761,0.125,0.18690625,1.0,0.13793103448275862,1127.861345665264
588,21669,0.375,0.85878125,0.979580773400795,0.8275862068965517,1127.046511627907
589,7594,0.375,0.625,0.6752463558607397,0.6206896551724137,1126.1764705882354
590,2358,0.1125,0.059375,0.6996542585230695,0.27586206896551724,1126.123695976155
591,4788,0.625,0.131390625,0.8653294783760993,0.27586206896551724,1125.6766020864382
592,11007,0.125,0.9375,0.6996542585230695,0.9655172413793103,1125.2622950819673
593,5173,0.625,0.28125,0.8367546078785688,0.13793103448275862,1124.5839980772894
594,6160,0.875,0.1167875,0.9567642452716538,0.0,1124.5762711864406
595,6956,0.1125,0.625,0.6752463558607397,0.3448275862068966,1124.0298507462687
596,3217,0.125,0.3125,0.8084809059149499,0.27586206896551724,1123.5037257824142
597,1844,0.875,0.9375,0.6023370678231538,0.8275862068965517,1122.7873754152824
598,3659,0.3625,0.07712812499999999,0.8743645343934465,0.13793103448275862,1122.4474419277906
599,13909,0.875,0.715625,0.8804722322611732,0.8275862068965517,1122.3953488372092
600,3926,0.375,0.2861,0.7859414528370076,0.27586206896551724,1122.2488822652756
601,4598,0.6125,0.265309375,0.8349837368991687,0.13793103448275862,1122.1259873863085
602,15601,0.342825,0.6600625,0.7673653776653414,0.8275862068965517,1121.7308970099668
603,4754,0.625,0.15625,0.9501746777496686,0.13793103448275862,1121.7163189378116
604,8678,0.625,0.40625,0.8796530538489338,0.48275862068965514,1121.6
605,13265,0.625,0.90625,0.8367546078785688,0.8275862068965517,1121.2923588039866
606,7564,0.375,0.5625,0.62643055053608,0.48275862068965514,1120.2666666666667
607,12986,0.625,0.914875,0.8115046379954222,0.9655172413793103,1120.1803278688524
608,6692,0.125,0.375,0.8107697867726779,0.48275862068965514,1120.0
609,612,0.25,0.359375,0.62643055053608,0.48275862068965514,1119.8666666666666
610,13192,0.625,0.6875,0.62643055053608,0.48275862068965514,1119.7333333333333
611,10037,0.8625,0.559375,0.62643055053608,0.6206896551724137,1118.5294117647059
612,2383,0.1125,0.09375,0.62643055053608,0.0,1117.9661016949153
613,6923,0.1125,0.6025625,0.7915190940850501,0.3448275862068966,1117.7611940298507
614,20090,0.3625,0.5806250000000001,0.9382363570654136,0.48275862068965514,1117.3333333333333
615,4561,0.6125,0.3328,0.6612275629442236,0.13793103448275862,1116.9851959478328
616,13046,0.625,0.903125,0.6846187206360679,0.8275862068965517,1116.6411960132891
617,14127,0.875,0.809375,0.8795084929526562,0.8275862068965517,1115.6445182724253
618,9191,0.6125,0.50953125,0.9989157932779182,0.6206896551724137,1115.4411764705883
619,9870,0.8625,0.4210625,0.9325864353692326,0.48275862068965514,1114.8
620,14295,0.875,0.8883125,0.9325864353692326,0.9655172413793103,1114.4426229508197
621,5325,0.8625,0.3125,0.7448066498012287,0.13793103448275862,1114.2057307153698
622,13494,0.8625,0.7107812499999999,0.7859414528370076,0.8275862068965517,1113.8172757475083
623,6710,0.125,0.42768750000000005,0.9419226599204914,0.48275862068965514,1113.6
624,6109,0.875,0.0625,0.65293579086857,0.0,1113.2203389830509
625,15788,0.644675,0.6600625,0.7673653776653414,0.8275862068965517,1112.9269102990033
626,7520,0.375,0.5070625,0.8788820624021202,0.48275862068965514,1112.8
627,13024,0.625,0.9375,0.62643055053608,0.6206896551724137,1111.764705882353
628,3472,0.3625,0.215625,0.6754909047102758,0.13793103448275862,1111.2014954263932
629,2394,0.1125,0.121875,0.8155402963498374,0.0,1109.8305084745762
630,6154,0.875,0.16007812500000002,0.9940850499939766,0.0,1109.322033898305
631,5214,0.625,0.19840312499999999,0.955957113600771,0.13793103448275862,1108.9283831273954
632,14188,0.875,0.715625,0.6827141308276111,0.9655172413793103,1108.016393442623
633,19003,0.3625,0.89940625,0.9279604866883507,0.6896551724137931,1107.753794266442
634,5248,0.875,0.126028125,0.8534754848813396,0.27586206896551724,1107.408345752608
635,14322,0.875,0.82128125,0.9870015660763762,0.6896551724137931,1106.910623946037
636,14049,0.875,0.90625,0.62643055053608,0.6896551724137931,1106.7487352445194
637,6113,0.875,0.059375,0.62643055053608,0.48275862068965514,1106.2666666666667
638,13578,0.8625,0.8125,0.62643055053608,0.6896551724137931,1106.0674536256324
639,11620,0.3625,0.90625,0.7671364895795687,0.8275862068965517,1104.953488372093
640,12206,0.375,0.9268750000000001,0.8718226719672328,0.9655172413793103,1103.1311475409836
641,4163,0.375,0.28125,0.8804722322611732,0.13793103448275862,1101.9156772604651
642,8236,0.3625,0.5823437499999999,0.9224189856643776,0.48275862068965514,1101.7333333333333
643,6544,0.125,0.5625,0.7885315022286471,0.48275862068965514,1100.4
644,5710,0.8625,0.1443125,0.8764004336826888,0.0,1100.3389830508474
645,11286,0.125,0.8634375000000001,0.9629442235875195,0.6896551724137931,1098.654300168634
646,6610,0.125,0.621875,0.7682568365257197,0.6206896551724137,1098.5294117647059
647,11451,0.3625,0.671,0.8049271172147935,0.8275862068965517,1098.4750830564783
648,11861,0.375,0.7584375,0.9629442235875195,0.6896551724137931,1096.6306913996627
649,22838,0.625,0.536875,0.9868931454041681,0.6206896551724137,1095.8823529411766
650,6085,0.875,0.121875,0.842561137212384,0.13793103448275862,1095.4093243270001
651,10531,0.1125,0.78825,0.8749909649439825,0.8275862068965517,1095.3189368770763
652,19259,0.6125,0.11498749999999999,0.9416696783520058,0.13793103448275862,1094.6782013370212
653,9416,0.875,0.48734374999999996,0.9989157932779182,0.3448275862068966,1093.7313432835822
654,12189,0.375,0.684375,0.7240621611853992,0.48275862068965514,1093.4666666666667
655,8262,0.3625,0.50878125,0.9870015660763762,0.3448275862068966,1093.4328358208954
656,11083,0.125,0.8125,0.6517383447777376,0.8275862068965517,1093.0531561461794
657,2231,0.1125,0.19389375,0.8910372244307915,0.13793103448275862,1092.9513136360192
658,10453,0.1125,0.66896875,0.6778038790507167,0.6896551724137931,1092.58347386172
659,13738,0.8625,0.6578125,0.7157583423683893,0.8275862068965517,1092.5548172757476
660,7166,0.1125,0.48734374999999996,0.9989157932779182,0.6206896551724137,1092.2058823529412
661,12869,0.625,0.7584375,0.9629442235875195,0.6896551724137931,1091.4030354131535
662,1857,0.75,0.953125,0.6023370678231538,0.6896551724137931,1091.3962900505903
663,4052,0.375,0.125,0.62643055053608,0.0,1091.3559322033898
664,1002,0.75,0.0625,0.6023370678231538,0.0,1090.677966101695
665,13948,0.875,0.6578125,0.6955848692928562,0.8275862068965517,1090.3953488372092
666,21510,0.8625,0.5463125,0.9671967232863511,0.3448275862068966,1089.402985074627
667,94,0.75,0.890625,0.62643055053608,0.8275862068965517,1088.6744186046512
668,7937,0.3625,0.6025625,0.7915190940850501,0.6206896551724137,1088.0882352941176
669,10497,0.1125,0.75,0.8186844958438743,0.9655172413793103,1087.8524590163934
670,2610,0.1125,0.0529771875,0.7209938561619081,0.13793103448275862,1087.4890676560615
671,11210,0.125,0.844125,0.9902300927599084,0.9655172413793103,1086.2131147540983
672,11539,0.3625,0.78825,0.8749909649439825,0.8275862068965517,1085.9102990033223
673,102,0.25,0.890625,0.62643055053608,0.8275862068965517,1085.6843853820599
674,4428,0.6125,0.125,0.62643055053608,0.0,1085.2542372881355
675,7427,0.375,0.375,0.65293579086857,0.48275862068965514,1084.0
676,14176,0.875,0.732625,0.8236477532827369,0.9655172413793103,1083.950819672131
677,5417,0.8625,0.09375,0.6846187206360679,0.27586206896551724,1083.1162444113263
678,7496,0.375,0.48278125000000005,0.8773762197325623,0.48275862068965514,1081.0666666666666
679,15984,0.8625,0.3368625,0.750391519094085,0.13793103448275862,1079.9301371911356
680,11704,0.3625,0.73809375,0.8441633538127936,0.8275862068965517,1079.4318936877075
681,9624,0.875,0.625,0.62643055053608,0.48275862068965514,1078.8
682,5957,0.875,0.28125,0.6827141308276111,0.27586206896551724,1078.284649776453
683,19583,0.8625,0.42750000000000005,0.9544151307071437,0.6206896551724137,1077.6470588235295
684,10465,0.1125,0.6875,0.7324515118660402,0.8275862068965517,1077.6046511627908
685,11201,0.125,0.9074687499999999,0.9134441633538127,0.6896551724137931,1077.231028667791
686,21640,0.375,0.8712500000000001,0.9547885796891941,0.8275862068965517,1077.2126245847176
687,15769,0.8625,0.6775,0.8249126611251656,0.6896551724137931,1076.387858347386
688,23187,0.6125,0.168203125,0.9972292494880134,0.13793103448275862,1075.7452387991525
689,6974,0.1125,0.59375,0.7671364895795687,0.3448275862068966,1074.7761194029852
690,10372,0.1125,0.875,0.9504276593181543,0.8275862068965517,1074.3887043189368
691,11716,0.3625,0.66965625,0.6958065293338151,0.8275862068965517,1074.0564784053156
692,2711,0.1125,0.16485,0.9839657872545476,0.0,1072.7118644067796
693,13685,0.8625,0.9150625,0.7915190940850501,0.8275862068965517,1072.6212624584718
694,14242,0.875,0.7850625,0.9940850499939766,0.9655172413793103,1072.4754098360656
695,4362,0.6125,0.07634375,0.8865317431634743,0.13793103448275862,1072.0582227626812
696,2322,0.1125,0.189640625,0.9998795325864354,0.0,1072.0338983050847
697,4392,0.6125,0.07625937499999999,0.7658836284784966,0.13793103448275862,1072.009880520197
698,4785,0.625,0.1443125,0.8764004336826888,0.0,1071.864406779661
699,14215,0.875,0.6546875,0.7468979641007107,0.8275862068965517,1071.3986710963454
700,22386,0.625,0.76815625,0.9714251295024696,0.8275862068965517,1069.6312292358805
701,7533,0.375,0.528125,0.62643055053608,0.48275862068965514,1069.4666666666667
702,13120,0.625,0.78825,0.8749909649439825,0.8275862068965517,1068.1362126245847
703,6608,0.125,0.621875,0.8107697867726779,0.48275862068965514,1067.7333333333333
704,20933,0.125,0.765,0.9688591735935429,0.8275862068965517,1067.4119601328903
705,3517,0.3625,0.278125,0.655524635586074,0.13793103448275862,1066.4594206332245
706,12715,0.6125,0.71875,0.8578604987350921,0.8275862068965517,1064.920265780731
707,13033,0.625,0.920625,0.7658836284784966,0.8275862068965517,1062.5946843853822
708,3040,0.125,0.125,0.62643055053608,0.27586206896551724,1062.1028315946348
709,2381,0.1125,0.09375,0.6846187206360679,0.0,1062.0338983050847
710,8126,0.3625,0.403125,0.7389965064450066,0.48275862068965514,1061.6
711,11937,0.375,0.66965625,0.6958065293338151,0.8275862068965517,1060.7674418604652
712,4360,0.6125,0.089403125,0.9134441633538127,0.27586206896551724,1060.612518628912
713,5094,0.625,0.07625937499999999,0.7658836284784966,0.13793103448275862,1060.3143939057722
714,2835,0.125,0.11969062500000001,0.8525719792796047,0.13793103448275862,1060.266051663288
715,12032,0.375,0.90625,0.7671364895795687,0.8275862068965517,1059.3322259136212
716,5410,0.8625,0.090625,0.7389965064450066,0.13793103448275862,1058.4908217198017
717,6202,0.875,0.269728125,0.8990362606914829,0.0,1058.3050847457628
718,624,0.4375,0.34375,0.62643055053608,0.48275862068965514,1057.4666666666667
719,9474,0.875,0.40625,0.655524635586074,0.6206896551724137,1056.6176470588234
720,6242,0.875,0.206659375,0.8878448379713287,0.27586206896551724,1056.1415797317436
721,19507,0.6125,0.42750000000000005,0.9544151307071437,0.3448275862068966,1056.1194029850747
722,11149,0.125,0.746875,0.842561137212384,0.8275862068965517,1055.5116279069769
723,2363,0.1125,0.0625,0.65293579086857,0.27586206896551724,1055.3964232488822
724,10964,0.125,0.903125,0.8142633417660522,0.8275862068965517,1054.8471760797343
725,2402,0.1125,0.125,0.6813612817732804,0.13793103448275862,1054.1693671783198
726,11154,0.125,0.71875,0.655524635586074,0.9655172413793103,1053.2622950819673
727,17134,0.6125,0.68065625,0.8341284182628599,0.9655172413793103,1052.9344262295083
728,20776,0.375,0.449375,0.9661366100469823,0.6206896551724137,1051.9117647058824
729,13216,0.625,0.9140625,0.9004216359474762,0.6896551724137931,1051.5986509274874
730,10627,0.1125,0.934375,0.7324515118660402,0.8275862068965517,1051.1926910299003
731,6709,0.125,0.4210625,0.9325864353692326,0.48275862068965514,1048.8
732,5674,0.8625,0.0818,0.7915190940850501,0.13793103448275862,1048.658778955878
733,11617,0.3625,0.903125,0.7718949524153716,0.8275862068965517,1048.6411960132891
734,19507,0.6125,0.42750000000000005,0.9544151307071437,0.6206896551724137,1048.5294117647059
735,8343,0.625,0.5691875,0.9419226599204914,0.48275862068965514,1047.3333333333333
736,11204,0.125,0.8870625000000001,0.9472834598241175,0.9655172413793103,1047.032786885246
737,13047,0.625,0.903125,0.655524635586074,0.6896551724137931,1046.8768971332208
738,24231,0.375,0.81190625,0.9879532586435369,0.8275862068965517,1046.375415282392
739,3299,0.3625,0.28125,0.8367546078785688,0.13793103448275862,1045.9759982083833
740,5959,0.875,0.28125,0.7389965064450066,0.13793103448275862,1044.337324414396
741,1792,0.4375,0.890625,0.6023370678231538,0.8275862068965517,1043.9900332225914
742,10530,0.1125,0.78125,0.8717383447777376,0.8275862068965517,1043.8239202657808
743,11625,0.3625,0.90625,0.62643055053608,0.9655172413793103,1043.7868852459017
744,11036,0.125,0.89625,0.8127815925792072,0.9655172413793103,1043.7540983606557
745,3055,0.125,0.09375,0.6846187206360679,0.0,1043.050847457627
746,3270,0.3625,0.240546875,0.9451270931213106,0.13793103448275862,1042.5620944709099
747,13276,0.625,0.9262812500000001,0.8589928924225997,0.6896551724137931,1042.3237774030354
748,19439,0.3625,0.42750000000000005,0.9544151307071437,0.6206896551724137,1041.9117647058824
749,16025,0.625,0.3337375,0.7784001927478615,0.13793103448275862,1041.8309714809309
750,3370,0.3625,0.059375,0.6996542585230695,0.0,1041.6949152542372
751,4585,0.6125,0.29007499999999997,0.7915190940850501,0.0,1040.677966101695
752,2408,0.1125,0.146021875,0.8653776653415252,0.13793103448275862,1039.0116345839374
753,17137,0.375,0.68065625,0.8341284182628599,0.9655172413793103,1037.8852459016393
754,13047,0.625,0.903125,0.655524635586074,0.9655172413793103,1037.5573770491803
755,4161,0.375,0.28125,0.8367546078785688,0.13793103448275862,1037.324618547466
756,9194,0.6125,0.48734374999999996,0.9989157932779182,0.48275862068965514,1036.5333333333333
757,6378,0.125,0.4579375,0.9854234429586796,0.48275862068965514,1036.5333333333333
758,15782,0.8625,0.65878125,0.7625828213468256,0.8275862068965517,1036.3488372093022
759,10848,0.125,0.778125,0.8893988676063125,0.8275862068965517,1035.5182724252493
760,5468,0.8625,0.17028125,0.8773762197325623,0.13793103448275862,1035.461174696965
761,1950,0.0,0.9375,0.6023370678231538,0.8275862068965517,1034.9136212624585
762,11993,0.375,0.9439062500000001,0.7209938561619081,0.8275862068965517,1034.3554817275747
763,5936,0.875,0.3125,0.7240621611853992,0.48275862068965514,1034.1333333333334
764,8594,0.625,0.59375,0.6545717383447777,0.3448275862068966,1033.2835820895523
765,4411,0.6125,0.114709375,0.8335742681604624,0.13793103448275862,1033.0913779129987
766,4090,0.375,0.059375,0.6996542585230695,0.0,1032.8813559322034
767,98,0.5,0.890625,0.62643055053608,0.8275862068965517,1032.421926910299
768,10754,0.1125,0.69578125,0.8357908685700518,0.8275862068965517,1031.9235880398671
769,13251,0.625,0.671,0.8049271172147935,0.8275862068965517,1031.4252491694351
770,22503,0.375,0.22748749999999998,0.97237682206963,0.13793103448275862,1030.7699233715166
771,5668,0.8625,0.0531140625,0.7455559571136007,0.0,1030.677966101695
772,3573,0.3625,0.29007499999999997,0.7915190940850501,0.0,1030.0
773,2634,0.1125,0.0819875,0.8115046379954222,0.0,1029.6610169491526
774,12953,0.625,0.71875,0.8796530538489338,0.9655172413793103,1029.5245901639344
775,6114,0.875,0.059375,0.6996542585230695,0.13793103448275862,1029.1312495775294
776,24191,0.3625,0.8150625,0.9998554391037224,0.9655172413793103,1028.1803278688524
777,1850,0.3125,0.953125,0.6023370678231538,0.6896551724137931,1027.6526138279933
778,13150,0.625,0.75,0.6813612817732804,0.6896551724137931,1027.3220910623945
779,2531,0.1125,0.3125,0.6508384531984098,0.0,1026.7796610169491
780,6424,0.125,0.403125,0.7389965064450066,0.48275862068965514,1026.5333333333333
781,4418,0.6125,0.121875,0.8155402963498374,0.0,1025.7627118644068
782,3874,0.375,0.265309375,0.8349837368991687,0.13793103448275862,1025.0829073350453
783,13274,0.625,0.9130625,0.8888085772798457,0.9655172413793103,1024.9344262295083
784,12156,0.375,0.746875,0.6534465727020841,0.8275862068965517,1024.78073089701
785,6160,0.875,0.1167875,0.9567642452716538,0.27586206896551724,1024.397913561848
786,5439,0.8625,0.125,0.6538959161546801,0.27586206896551724,1023.8882265275707
787,22575,0.625,0.22748749999999998,0.97237682206963,0.13793103448275862,1023.3958912985739
788,6404,0.125,0.36146875,0.6938103842910492,0.27586206896551724,1023.2921013412816
789,3206,0.125,0.206659375,0.8878448379713287,0.27586206896551724,1022.8450074515648
790,4925,0.625,0.32289375,0.6938103842910492,0.48275862068965514,1022.6666666666666
791,13202,0.625,0.67396875,0.6938103842910492,0.6896551724137931,1021.4198988195616
792,1860,0.9375,0.953125,0.6023370678231538,0.9655172413793103,1020.672131147541
793,10765,0.1125,0.7205625,0.9114323575472835,0.8275862068965517,1020.1295681063123
794,1848,0.1875,0.953125,0.6023370678231538,0.6896551724137931,1020.0640809443507
795,2632,0.1125,0.0531140625,0.7455559571136007,0.0,1020.0
796,13407,0.8625,0.9326874999999999,0.8427538850740873,0.8275862068965517,1019.4651162790698
797,4866,0.625,0.106565625,0.8349837368991687,0.13793103448275862,1019.3475490560897
798,1006,0.0625,0.078125,0.6023370678231538,0.13793103448275862,1018.7529822156099
799,5443,0.8625,0.138959375,0.8598602578002649,0.0,1018.4745762711865
800,993,0.1875,0.0625,0.6023370678231538,0.27586206896551724,1017.9895678092399
801,4357,0.6125,0.109803125,0.9472834598241175,0.27586206896551724,1017.6915052160954
802,6951,0.1125,0.6354062500000001,0.6938103842910492,0.8275862068965517,1017.4717607973422
803,4966,0.625,0.25,0.7885315022286471,0.13793103448275862,1017.2992068136057
804,20640,0.625,0.12440625000000001,0.9533911576918442,0.13793103448275862,1017.2508645711215
805,4902,0.625,0.309375,0.789519335019877,0.0,1016.6101694915254
806,3419,0.3625,0.138959375,0.8598602578002649,0.0,1016.6101694915254
807,10262,0.8625,0.5691875,0.9419226599204914,0.48275862068965514,1016.2666666666667
808,20848,0.625,0.449375,0.9661366100469823,0.3448275862068966,1015.820895522388
809,8186,0.3625,0.44349999999999995,0.9729671123960967,0.3448275862068966,1015.820895522388
810,13527,0.8625,0.75,0.6538959161546801,0.8275862068965517,1015.8106312292359
811,4043,0.375,0.138959375,0.8598602578002649,0.0,1015.2542372881356
812,9264,0.6125,0.5509375000000001,0.9629442235875195,0.3448275862068966,1014.179104477612
813,1848,0.1875,0.953125,0.6023370678231538,0.9655172413793103,1013.7540983606557
814,5739,0.8625,0.169065625,0.8891097458137575,0.13793103448275862,1013.4272923851512
815,4018,0.375,0.17028125,0.8773762197325623,0.13793103448275862,1013.3390784781363
816,40,0.375,0.953125,0.62643055053608,0.9655172413793103,1011.983606557377
817,11485,0.3625,0.715625,0.62643055053608,0.48275862068965514,1011.8666666666667
818,7938,0.3625,0.6091249999999999,0.7775207806288399,0.48275862068965514,1011.8666666666667
819,17350,0.6125,0.31186250000000004,0.8462594868088182,0.0,1011.6949152542373
820,3529,0.3625,0.28125,0.62643055053608,0.13793103448275862,1011.5638485346501
821,14191,0.875,0.692,0.7440320443320082,0.8275862068965517,1010.9335548172758
822,5682,0.8625,0.07058125,0.8589928924225997,0.13793103448275862,1010.7445116376565
823,6590,0.125,0.6546875,0.716781110709553,0.8275862068965517,1010.2691029900333
824,11462,0.3625,0.67396875,0.6938103842910492,0.6896551724137931,1009.4468802698145
825,1856,0.6875,0.953125,0.6023370678231538,0.9655172413793103,1009.1967213114754
826,8831,0.6125,0.4459375,0.9629442235875195,0.3448275862068966,1009.1044776119403
827,21654,0.6125,0.8588125,0.9671967232863511,0.6896551724137931,1008.6037099494098
828,2931,0.125,0.278125,0.655524635586074,0.27586206896551724,1006.8986587183308
829,11015,0.125,0.90625,0.7952776773882665,0.6896551724137931,1006.7419898819561
830,7627,0.375,0.621875,0.7469943380315623,0.48275862068965514,1006.4
831,8578,0.625,0.5625,0.62643055053608,0.48275862068965514,1006.2666666666667
832,12945,0.625,0.66965625,0.6958065293338151,0.8275862068965517,1005.2857142857143
833,9585,0.875,0.5625,0.8155402963498374,0.48275862068965514,1004.6666666666666
834,22099,0.6125,0.45881249999999996,0.9860619202505723,0.6206896551724137,1004.2647058823529
835,608,0.5,0.359375,0.62643055053608,0.48275862068965514,1004.0
836,14293,0.875,0.9013125000000001,0.9114323575472835,0.9655172413793103,1003.7540983606557
837,9345,0.875,0.5509375000000001,0.9629442235875195,0.48275862068965514,1003.2
838,8171,0.3625,0.5533750000000001,0.9729671123960967,0.3448275862068966,1003.1343283582089
839,19034,0.125,0.89940625,0.9279604866883507,0.6896551724137931,1002.7015177065767
840,10214,0.8625,0.44349999999999995,0.9729671123960967,0.3448275862068966,1002.3880597014926
841,6559,0.125,0.590625,0.7718949524153716,0.6206896551724137,1002.2058823529412
842,19151,0.625,0.90253125,0.922527406336586,0.8275862068965517,1000.9667774086379
843,5662,0.8625,0.059375,0.7872545476448619,0.13793103448275862,1000.7759127242338
844,14293,0.875,0.9013125000000001,0.9114323575472835,0.6896551724137931,1000.5092748735244
845,6091,0.875,0.09375,0.6846187206360679,0.0,1000.3389830508474
846,11299,0.125,0.82775,0.9854234429586796,0.6896551724137931,1000.1652613827994
847,10426,0.1125,0.7850625,0.9940850499939766,0.6896551724137931,999.8279932546375
848,14255,0.875,0.6950000000000001,0.8718226719672328,0.8275862068965517,999.1993355481727
849,2547,0.1125,0.31889687499999997,0.7209938561619081,0.13793103448275862,999.0888966877624
850,7984,0.3625,0.59375,0.6545717383447777,0.3448275862068966,997.1641791044776
851,2533,0.1125,0.3125,0.7240621611853992,0.48275862068965514,996.9333333333333
852,5797,0.875,0.1443125,0.8764004336826888,0.27586206896551724,995.8703427719821
853,6560,0.125,0.590625,0.8009998795325863,0.48275862068965514,994.4
854,4313,0.6125,0.3125,0.7448066498012287,0.13793103448275862,993.5384368007899
855,1849,0.25,0.953125,0.6023370678231538,0.9655172413793103,992.9344262295082
856,1849,0.25,0.953125,0.6023370678231538,0.6896551724137931,992.4148397976392
857,21658,0.6125,0.85565625,0.9698831466088423,0.9655172413793103,992.311475409836
858,13042,0.625,0.903125,0.62643055053608,0.8275862068965517,991.5581395348837
859,11299,0.125,0.82775,0.9854234429586796,0.9655172413793103,990.9672131147541
860,7090,0.1125,0.4375,0.62643055053608,0.48275862068965514,990.9333333333333
861,22031,0.12499999999999992,0.45878125000000003,0.9860257800265027,0.48275862068965514,990.2666666666667
862,4881,0.625,0.26515625,0.8770148174918684,0.13793103448275862,990.2127469703312
863,7301,0.375,0.50878125,0.9870015660763762,0.6206896551724137,990.0
864,5412,0.8625,0.090625,0.7952776773882665,0.0,989.6610169491526
865,5119,0.625,0.32008749999999997,0.822816528129141,0.27586206896551724,989.0149031296572
866,10351,0.1125,0.8503437500000001,0.9739549451873267,0.9655172413793103,988.8360655737705
867,17353,0.375,0.31186250000000004,0.8462594868088182,0.0,988.8135593220339
868,5981,0.875,0.246875,0.62643055053608,0.13793103448275862,987.6181801298512
869,8331,0.625,0.5509375000000001,0.9629442235875195,0.3448275862068966,987.3134328358209
870,2150,0.0,0.953125,0.62643055053608,0.9655172413793103,985.7540983606557
871,331,0.9375,0.640625,0.62643055053608,0.48275862068965514,985.7333333333333
872,5681,0.8625,0.0625,0.7469943380315623,0.13793103448275862,985.4816239803523
873,16614,0.125,0.0712375,0.8605951090230093,0.13793103448275862,985.2967255883692
874,10199,0.8625,0.5533750000000001,0.9729671123960967,0.6206896551724137,983.6764705882352
875,9988,0.8625,0.6546875,0.716781110709553,0.8275862068965517,982.9202657807309
876,8963,0.6125,0.6314062500000001,0.7209938561619081,0.48275862068965514,982.6666666666666
877,2761,0.125,0.1443125,0.8764004336826888,0.27586206896551724,982.4575260804769
878,10439,0.1125,0.6950000000000001,0.8718226719672328,0.8275862068965517,982.0897009966777
879,10365,0.1125,0.8816875,0.9419226599204914,0.8275862068965517,981.7574750830565
880,2494,0.1125,0.25,0.7885315022286471,0.13793103448275862,981.6580517943819
881,11914,0.375,0.66559375,0.7470545717383447,0.8275862068965517,981.531561461794
882,12622,0.6125,0.903125,0.6846187206360679,0.8275862068965517,980.594684385382
883,23329,0.12499999999999992,0.48065625,0.9972172027466569,0.6206896551724137,980.4411764705883
884,3650,0.3625,0.0818,0.7915190940850501,0.13793103448275862,979.8344796084116
885,1828,0.8125,0.921875,0.6023370678231538,0.6896551724137931,978.7554806070826
886,1852,0.4375,0.953125,0.6023370678231538,0.6896551724137931,978.7554806070826
887,10939,0.125,0.71875,0.8360558968798939,0.8275862068965517,978.375415282392
888,897,0.25,0.0625,0.62643055053608,0.0,977.7966101694915
889,12354,0.6125,0.82775,0.9854234429586796,0.6896551724137931,977.5682967959527
890,10977,0.125,0.934375,0.7682568365257197,0.9655172413793103,977.5573770491803
891,14280,0.875,0.912875,0.8218527888206241,0.6896551724137931,977.2377740303541
892,1587,0.75,0.671875,0.6023370678231538,0.6896551724137931,977.2310286677908
893,2574,0.1125,0.265309375,0.8349837368991687,0.13793103448275862,977.1516988609169
894,11684,0.3625,0.8967499999999999,0.8250090350560174,0.8275862068965517,977.046511627907
895,2289,0.1125,0.3125,0.7448066498012287,0.13793103448275862,976.693688169936
896,104,0.12499999999999989,0.890625,0.62643055053608,0.8275862068965517,976.5481727574751
897,6070,0.875,0.125,0.6813612817732804,0.13793103448275862,976.1474635719402
898,13728,0.8625,0.7382187499999999,0.8647873750150584,0.9655172413793103,975.9180327868852
899,8638,0.625,0.621875,0.7682568365257197,0.3448275862068966,975.3731343283582
900,9969,0.8625,0.621875,0.7682568365257197,0.3448275862068966,975.3731343283582
901,13023,0.625,0.9375,0.6996542585230695,0.6896551724137931,974.8701517706577
902,12211,0.375,0.89396875,0.9368871220334899,0.9655172413793103,974.7704918032787
903,4052,0.375,0.125,0.62643055053608,0.27586206896551724,974.1117734724293
904,4975,0.625,0.246875,0.6813612817732804,0.0,973.8983050847457
905,4828,0.625,0.0531140625,0.7455559571136007,0.0,973.728813559322
906,3544,0.3625,0.3125,0.62643055053608,0.48275862068965514,973.4666666666667
907,12369,0.6125,0.8634375000000001,0.9629442235875195,0.9655172413793103,973.4262295081967
908,12267,0.375,0.91975,0.8743645343934465,0.9655172413793103,973.1311475409836
909,2296,0.1125,0.325428125,0.7905914950006022,0.0,972.8813559322034
910,2432,0.1125,0.17028125,0.8773762197325623,0.13793103448275862,972.7819020769507
911,11128,0.125,0.778125,0.8699915672810504,0.8275862068965517,972.3953488372093
912,3545,0.3625,0.3125,0.7240621611853992,0.48275862068965514,972.2666666666667
913,1852,0.4375,0.953125,0.6023370678231538,0.9655172413793103,972.1475409836065
914,8638,0.625,0.621875,0.7682568365257197,0.6206896551724137,971.9117647058823
915,6571,0.125,0.608125,0.7658836284784966,0.3448275862068966,971.7910447761194
916,9969,0.8625,0.621875,0.7682568365257197,0.6206896551724137,971.1764705882352
917,22239,0.3625,0.7713125,0.9738103842910492,0.6896551724137931,970.9983136593592
918,5825,0.875,0.07058125,0.8589928924225997,0.13793103448275862,969.3196560969931
919,14315,0.875,0.8190937500000001,0.9718949524153715,0.8275862068965517,968.9667774086379
920,2509,0.1125,0.278125,0.7718949524153716,0.27586206896551724,968.9582712369597
921,13355,0.8625,0.8189062500000001,0.8910372244307915,0.9655172413793103,968.8360655737705
922,3066,0.125,0.090625,0.7952776773882665,0.0,968.3050847457627
923,20807,0.375,0.43690625,0.9659559089266353,0.48275862068965514,968.1333333333333
924,12716,0.6125,0.71875,0.8796530538489338,0.9655172413793103,967.5245901639345
925,8602,0.625,0.621875,0.65293579086857,0.6206896551724137,967.5
926,41,0.3125,0.953125,0.62643055053608,0.6896551724137931,966.9443507588533
927,3375,0.3625,0.0625,0.65293579086857,0.27586206896551724,966.8718330849479
928,12526,0.6125,0.778125,0.675142753885074,0.8275862068965517,966.2491694352159
929,10487,0.1125,0.73971875,0.8335742681604624,0.8275862068965517,965.6445182724252
930,6578,0.125,0.621875,0.62643055053608,0.48275862068965514,965.2
931,7493,0.375,0.46875,0.62643055053608,0.48275862068965514,964.9333333333333
932,20374,0.375,0.87753125,0.9599807252138296,0.8275862068965517,964.5880398671096
933,20938,0.3625,0.7618750000000001,0.9661366100469823,0.9655172413793103,964.2786885245902
934,13564,0.8625,0.809375,0.803589928924226,0.8275862068965517,964.0897009966777
935,5025,0.625,0.184375,0.6770473436935309,0.13793103448275862,963.8574101170354
936,11708,0.3625,0.71875,0.8796530538489338,0.9655172413793103,962.4426229508197
937,20447,0.8625,0.89625,0.933249006143838,0.6896551724137931,961.548060708263
938,10009,0.8625,0.608125,0.7658836284784966,0.3448275862068966,961.1940298507462
939,2152,0.0,0.921875,0.62643055053608,0.9655172413793103,960.4754098360655
940,8602,0.625,0.621875,0.65293579086857,0.3448275862068966,960.4477611940298
941,6571,0.125,0.608125,0.7658836284784966,0.6206896551724137,960.4411764705883
942,3547,0.3625,0.32289375,0.6938103842910492,0.13793103448275862,960.2187363230481
943,1586,0.6875,0.671875,0.6023370678231538,0.6896551724137931,959.531197301855
944,6454,0.125,0.4375,0.62643055053608,0.6206896551724137,959.4117647058823
945,16020,0.8625,0.31815625000000003,0.828538730273461,0.27586206896551724,959.3576751117735
946,12184,0.375,0.6875,0.62643055053608,0.6896551724137931,959.193929173693
947,12317,0.375,0.8189062500000001,0.8910372244307915,0.6896551724137931,958.1821247892074
948,13487,0.8625,0.6875,0.65293579086857,0.6896551724137931,957.5008431703204
949,22878,0.125,0.849375,0.9746536561860017,0.6896551724137931,957.3389544688027
950,5102,0.625,0.059375,0.6996542585230695,0.27586206896551724,957.1222056631892
951,13478,0.8625,0.67396875,0.6938103842910492,0.9655172413793103,956.7377049180328
952,1859,0.875,0.953125,0.6023370678231538,0.9655172413793103,956.0819672131148
953,13430,0.8625,0.9268750000000001,0.8718226719672328,0.9655172413793103,955.9180327868852
954,4328,0.6125,0.3141625,0.8399349475966751,0.27586206896551724,955.843517138599
955,3515,0.3625,0.264246875,0.8236477532827369,0.27586206896551724,955.0357675111774
956,6693,0.125,0.375,0.789519335019877,0.48275862068965514,954.9333333333333
957,12294,0.375,0.8634375000000001,0.9629442235875195,0.9655172413793103,954.7704918032787
958,13629,0.8625,0.903125,0.655524635586074,0.8275862068965517,954.514950166113
959,10010,0.8625,0.61278125,0.7551740754126008,0.48275862068965514,953.3333333333334
960,18970,0.12499999999999992,0.90253125,0.9092398506204071,0.9655172413793103,952.9672131147541
961,10009,0.8625,0.608125,0.7658836284784966,0.6206896551724137,952.5
962,6572,0.125,0.61278125,0.7551740754126008,0.48275862068965514,952.4
963,4872,0.625,0.22104062500000002,0.8808095410191542,0.13793103448275862,952.1135812601265
964,11339,0.3625,0.8189062500000001,0.8910372244307915,0.9655172413793103,951.1639344262295
965,7576,0.375,0.59375,0.7671364895795687,0.6206896551724137,951.0294117647059
966,11387,0.3625,0.9262812500000001,0.8589928924225997,0.6896551724137931,950.5868465430017
967,8722,0.625,0.375,0.7682568365257197,0.48275862068965514,950.5333333333333
968,19692,0.6125,0.7275625,0.9233224912661124,0.8275862068965517,950.3621262458472
969,985,0.625,0.046875,0.6023370678231538,0.0,950.3389830508474
970,17677,0.3625,0.92128125,0.8708709794000722,0.9655172413793103,949.8524590163935
971,7624,0.375,0.621875,0.7682568365257197,0.3448275862068966,948.955223880597
972,22368,0.625,0.77128125,0.9737742440669798,0.6896551724137931,948.9072512647555
973,64,0.75,0.921875,0.62643055053608,0.9655172413793103,948.5081967213115
974,72,0.25,0.921875,0.62643055053608,0.9655172413793103,948.344262295082
975,3962,0.375,0.246875,0.7088266473918805,0.13793103448275862,946.9244475791667
976,20407,0.8625,0.89625,0.9201421515480062,0.9655172413793103,946.7377049180328
977,23584,0.375,0.805625,0.9877002770750511,0.9655172413793103,946.5737704918033
978,7123,0.1125,0.375,0.65293579086857,0.48275862068965514,946.0
979,2109,1.0,0.921875,0.62643055053608,0.6896551724137931,944.3473861720067
980,23188,0.6125,0.16503125000000002,0.9961450427659317,0.13793103448275862,944.241666831672
981,21738,0.625,0.85565625,0.9698831466088423,0.6896551724137931,943.8414839797639
982,3520,0.3625,0.278125,0.7428056860619202,0.13793103448275862,942.5546507952006
983,23597,0.6125,0.805625,0.9877002770750511,0.6896551724137931,942.1618887015177
984,5083,0.625,0.09375,0.62643055053608,0.27586206896551724,941.8345752608047
985,3573,0.3625,0.29007499999999997,0.7915190940850501,0.27586206896551724,940.7287630402385
986,2976,0.125,0.215625,0.6754909047102758,0.0,940.5084745762712
987,6568,0.125,0.59375,0.7952776773882665,0.48275862068965514,940.2666666666667
988,14001,0.875,0.934375,0.7682568365257197,0.6896551724137931,938.7892074198988
989,13700,0.8625,0.8967499999999999,0.8250090350560174,0.8275862068965517,938.5083056478405
990,14192,0.875,0.6875,0.7324515118660402,0.8275862068965517,938.0099667774086
991,2270,0.1125,0.269728125,0.8990362606914829,0.27586206896551724,937.2146050670641
992,3096,0.125,0.3141625,0.8399349475966751,0.0,936.9491525423729
993,5055,0.625,0.138959375,0.8598602578002649,0.27586206896551724,936.8539493293591
994,6102,0.875,0.090625,0.7952776773882665,0.27586206896551724,935.8107302533532
995,8984,0.6125,0.625,0.6752463558607397,0.48275862068965514,934.6666666666666
996,13070,0.625,0.8508437499999999,0.8653776653415252,0.6896551724137931,934.566610455312
997,20735,0.12499999999999992,0.43690625,0.9659559089266353,0.48275862068965514,934.5333333333333
998,4484,0.6125,0.215625,0.6754909047102758,0.13793103448275862,933.8633994697525
999,4728,0.6125,0.16265000000000002,0.8868570051800987,0.0,933.2203389830509
1000,3314,0.3625,0.325859375,0.8049271172147935,0.13793103448275862,932.4494957322789
1001,9095,0.6125,0.46875,0.62643055053608,0.48275862068965514,932.1333333333333
1002,5798,0.875,0.15083437500000002,0.8808095410191542,0.13793103448275862,931.9516133767673
1003,17061,0.3625,0.6838124999999999,0.8430309601252861,0.8275862068965517,931.7574750830565
1004,6993,0.1125,0.5625,0.8155402963498374,0.48275862068965514,931.6
1005,3419,0.3625,0.138959375,0.8598602578002649,0.27586206896551724,930.0611028315947
1006,4650,0.6125,0.059375,0.7872545476448619,0.0,929.3220338983051
1007,68,0.5,0.921875,0.62643055053608,0.6896551724137931,928.839797639123
1008,10724,0.1125,0.67996875,0.817094325984821,0.8275862068965517,928.7674418604652
1009,11729,0.3625,0.6673125,0.7767256956993133,0.8275862068965517,928.7076411960132
1010,10423,0.1125,0.80725,0.9998795325864354,0.6896551724137931,928.495784148398
1011,12039,0.375,0.903125,0.655524635586074,0.6896551724137931,927.8279932546375
1012,18918,0.8625,0.5900624999999999,0.9091555234309118,0.48275862068965514,927.4666666666667
1013,4949,0.625,0.28125,0.62643055053608,0.0,926.9491525423729
1014,9747,0.875,0.38990625,0.8288158053246596,0.48275862068965514,926.9333333333333
1015,31,0.9375,0.953125,0.62643055053608,0.9655172413793103,926.7377049180328
1016,5306,0.8625,0.269728125,0.8990362606914829,0.13793103448275862,925.8065866493149
1017,22368,0.625,0.77128125,0.9737742440669798,0.9655172413793103,924.6065573770492
1018,2530,0.1125,0.3125,0.6752463558607397,0.13793103448275862,924.5775813038244
1019,6418,0.125,0.38875000000000004,0.7658836284784966,0.48275862068965514,923.4666666666667
1020,23071,0.3625,0.168203125,0.9851343211661244,0.27586206896551724,923.1430700447094
1021,14338,0.875,0.83375,0.9009275990844476,0.8275862068965517,922.7275747508305
1022,2387,0.1125,0.114709375,0.8335742681604624,0.13793103448275862,922.4808968188562
1023,12812,0.6125,0.8026562500000001,0.9049150704734369,0.8275862068965517,922.2292358803986
1024,75,0.0625,0.921875,0.62643055053608,0.6896551724137931,921.5817875210793
1025,9626,0.875,0.63025,0.7092350319238645,0.6896551724137931,921.0758853288364
1026,23512,0.125,0.805625,0.9877002770750511,0.6896551724137931,920.9072512647555
1027,2921,0.125,0.28125,0.6827141308276111,0.0,920.8474576271186
1028,11540,0.3625,0.79528125,0.8773762197325623,0.8275862068965517,920.4617940199336
1029,2735,0.125,0.169065625,0.8891097458137575,0.13793103448275862,919.7981160713615
1030,4760,0.625,0.16265000000000002,0.8868570051800987,0.0,919.4915254237288
1031,2632,0.1125,0.0531140625,0.7455559571136007,0.27586206896551724,919.4798807749628
1032,7901,0.3625,0.40625,0.8796530538489338,0.48275862068965514,919.4666666666667
1033,21561,0.3625,0.85565625,0.9698831466088423,0.9655172413793103,919.1639344262295
1034,6248,0.875,0.200259375,0.9323936875075292,0.13793103448275862,918.9304369318837
1035,3414,0.3625,0.125,0.6813612817732804,0.13793103448275862,918.520768483387
1036,19781,0.625,0.72753125,0.9232502108179736,0.8275862068965517,917.6378737541528
1037,5336,0.8625,0.336915625,0.7669437417178653,0.13793103448275862,917.4283192873954
1038,12136,0.375,0.778125,0.8699915672810504,0.8275862068965517,917.4119601328904
1039,13292,0.625,0.84375,0.978279725334297,0.6896551724137931,917.3659359190557
1040,11256,0.125,0.912875,0.8218527888206241,0.9655172413793103,916.5737704918033
1041,9002,0.6125,0.59375,0.7671364895795687,0.3448275862068966,916.4179104477612
1042,10428,0.1125,0.7704375,0.9854234429586796,0.9655172413793103,916.2459016393443
1043,19150,0.625,0.915,0.8984941573304421,0.8275862068965517,916.0830564784053
1044,2508,0.1125,0.278125,0.7428056860619202,0.13793103448275862,915.7014315863933
1045,4418,0.6125,0.121875,0.8155402963498374,0.27586206896551724,915.6050670640834
1046,23976,0.12499999999999992,0.50253125,0.9998554391037224,0.6206896551724137,915.5882352941177
1047,61,0.9375,0.921875,0.62643055053608,0.6896551724137931,915.5109612141653
1048,13192,0.625,0.6875,0.62643055053608,0.9655172413793103,915.4262295081967
1049,5590,0.8625,0.3207375,0.733739308517046,0.48275862068965514,914.8
1050,990,0.9375,0.046875,0.6023370678231538,0.27586206896551724,914.7108792846498
1051,9616,0.875,0.621875,0.65293579086857,0.6206896551724137,913.8235294117648
1052,12148,0.375,0.75,0.62643055053608,0.6896551724137931,913.3254637436762
1053,315,0.0625,0.671875,0.62643055053608,0.9655172413793103,912.4754098360655
1054,12518,0.6125,0.75,0.6813612817732804,0.9655172413793103,912.4426229508197
1055,22027,0.3625,0.45881249999999996,0.9860619202505723,0.6206896551724137,912.2058823529412
1056,4634,0.6125,0.0529771875,0.7209938561619081,0.13793103448275862,912.1026294569367
1057,12188,0.375,0.684375,0.6508384531984098,0.8275862068965517,912.0963455149501
1058,37,0.5625,0.953125,0.62643055053608,0.9655172413793103,911.983606557377
1059,14209,0.875,0.66896875,0.6778038790507167,0.9655172413793103,910.672131147541
1060,75,0.0625,0.921875,0.62643055053608,0.9655172413793103,910.344262295082
1061,9616,0.875,0.621875,0.65293579086857,0.3448275862068966,910.1492537313433
1062,13730,0.8625,0.6616875,0.6691205878809782,0.9655172413793103,910.1475409836065
1063,11368,0.3625,0.84375,0.978279725334297,0.6896551724137931,910.114671163575
1064,15566,0.14490875,0.6761874999999999,0.8056499216961811,0.8275862068965517,909.7707641196014
1065,1826,0.6875,0.921875,0.6023370678231538,0.6896551724137931,908.7723440134907
1066,23750,0.3625,0.2024875,0.9855077701481749,0.13793103448275862,908.6005118124483
1067,1990,1.0,0.9375,0.6023370678231538,0.8275862068965517,908.4418604651163
1068,5971,0.875,0.264246875,0.8236477532827369,0.27586206896551724,908.0909090909091
1069,2234,0.1125,0.1875,0.9355860739669918,0.13793103448275862,907.8693888224695
1070,24117,0.8625,0.515,0.9975906517287073,0.3448275862068966,907.7611940298508
1071,11935,0.375,0.6616875,0.6691205878809782,0.9655172413793103,907.688524590164
1072,988,0.8125,0.046875,0.6023370678231538,0.0,907.6271186440678
1073,12714,0.6125,0.71875,0.8360558968798939,0.8275862068965517,907.0066445182724
1074,19647,0.3625,0.7275625,0.9233224912661124,0.8275862068965517,907.0066445182724
1075,5395,0.8625,0.059375,0.7240621611853992,0.13793103448275862,906.640383476979
1076,2656,0.1125,0.0840125,0.8218527888206241,0.0,906.4406779661017
1077,3715,0.3625,0.169065625,0.8891097458137575,0.13793103448275862,906.2790572709663
1078,20429,0.8625,0.8931250000000001,0.9252258764004336,0.6896551724137931,905.5682967959527
1079,24330,0.625,0.8306250000000001,0.9844837971328756,0.6896551724137931,905.5682967959527
1080,14278,0.875,0.92609375,0.8357908685700518,0.8275862068965517,905.0132890365448
1081,61,0.9375,0.921875,0.62643055053608,0.9655172413793103,904.4426229508197
1082,11191,0.125,0.6546875,0.7468979641007107,0.8275862068965517,904.3488372093024
1083,10345,0.1125,0.8190937500000001,0.9718949524153715,0.8275862068965517,904.2890365448505
1084,14224,0.875,0.9140625,0.9004216359474762,0.9655172413793103,904.1147540983607
1085,7610,0.375,0.6515625,0.6754101915431876,0.8275862068965517,903.624584717608
1086,1584,0.5625,0.671875,0.6023370678231538,0.6896551724137931,903.2074198988196
1087,5236,0.625,0.200259375,0.9323936875075292,0.13793103448275862,902.9533674405076
1088,6699,0.125,0.403125,0.8367546078785688,0.48275862068965514,902.9333333333333
1089,6131,0.875,0.32008749999999997,0.822816528129141,0.13793103448275862,902.5920412344949
1090,4387,0.6125,0.0625,0.65293579086857,0.48275862068965514,902.5333333333333
1091,3565,0.3625,0.314628125,0.7330092759908444,0.13793103448275862,902.455485084996
1092,1897,0.0,0.109375,0.6023370678231538,0.13793103448275862,901.7243620950171
1093,21438,0.6125,0.5463125,0.9671967232863511,0.6206896551724137,901.3235294117648
1094,12376,0.6125,0.84375,0.978279725334297,0.6896551724137931,901.1838111298482
1095,9413,0.875,0.50953125,0.9989157932779182,0.3448275862068966,901.044776119403
1096,10210,0.8625,0.4725625,0.9940850499939766,0.6206896551724137,901.0294117647059
1097,1017,0.75,0.078125,0.6023370678231538,0.13793103448275862,900.9533674405076
1098,3843,0.375,0.0529771875,0.7209938561619081,0.13793103448275862,900.6802551415097
1099,3562,0.3625,0.331240625,0.6826466690760149,0.13793103448275862,900.3588006000277
1100,12396,0.6125,0.912875,0.8218527888206241,0.9655172413793103,900.311475409836
1101,2873,0.125,0.29007499999999997,0.7915190940850501,0.27586206896551724,899.360655737705
1102,11819,0.3625,0.78984375,0.9839657872545476,0.6896551724137931,899.1534569983137
1103,4912,0.625,0.331240625,0.6826466690760149,0.13793103448275862,898.9050251980235
1104,12899,0.625,0.6891875,0.8427538850740873,0.8275862068965517,898.8671096345515
1105,13272,0.625,0.912875,0.8218527888206241,0.6896551724137931,898.141652613828
1106,10633,0.1125,0.9375,0.7240621611853992,0.8275862068965517,898.0365448504983
1107,10706,0.1125,0.6616875,0.6691205878809782,0.6896551724137931,897.973018549747
1108,6580,0.125,0.625,0.6752463558607397,0.6206896551724137,897.6470588235294
1109,11835,0.375,0.8028437499999999,0.9873750150584266,0.8275862068965517,897.5382059800664
1110,5565,0.8625,0.3125,0.6996542585230695,0.3448275862068966,897.3134328358209
1111,6926,0.1125,0.621875,0.7469943380315623,0.48275862068965514,896.1333333333333
1112,10177,0.8625,0.35646875,0.6778038790507167,0.0,896.1016949152543
1113,7467,0.375,0.4375,0.6538959161546801,0.48275862068965514,895.3333333333334
1114,12850,0.625,0.8069375000000001,0.8914468136369111,0.8275862068965517,895.3189368770765
1115,7390,0.375,0.4725625,0.9940850499939766,0.3448275862068966,894.9253731343283
1116,5567,0.8625,0.3125,0.6508384531984098,0.48275862068965514,894.1333333333333
1117,13292,0.625,0.84375,0.978279725334297,0.9655172413793103,894.1147540983607
1118,11591,0.3625,0.8649374999999999,0.8534513913986266,0.6896551724137931,893.5885328836425
1119,7387,0.375,0.49474999999999997,0.9998795325864354,0.3448275862068966,892.9850746268656
1120,3052,0.125,0.107628125,0.8236477532827369,0.27586206896551724,892.8032786885246
1121,9644,0.875,0.6476875,0.6691205878809782,0.8275862068965517,892.5548172757475
1122,11535,0.3625,0.78125,0.6754909047102758,0.6896551724137931,891.902192242833
1123,5565,0.8625,0.3125,0.6996542585230695,0.6206896551724137,891.6176470588235
1124,6001,0.875,0.21875,0.8212865919768702,0.13793103448275862,891.3460947330976
1125,14202,0.875,0.684375,0.6996542585230695,0.48275862068965514,891.2
1126,22999,0.8625,0.8525,0.97237682206963,0.6896551724137931,891.0657672849916
1127,1987,1.0,0.984375,0.6023370678231538,0.8275862068965517,890.8338870431894
1128,10631,0.1125,0.9375,0.6508384531984098,0.48275862068965514,890.8
1129,22999,0.8625,0.8525,0.97237682206963,0.9655172413793103,890.639344262295
1130,10519,0.1125,0.778125,0.62643055053608,0.6896551724137931,889.8785834738617
1131,22391,0.625,0.77128125,0.9860257800265027,0.6896551724137931,889.716694772344
1132,13766,0.8625,0.6875,0.8107697867726779,0.8275862068965517,889.6710963455149
1133,2704,0.1125,0.16265000000000002,0.8868570051800987,0.0,889.6610169491526
1134,1818,0.1875,0.921875,0.6023370678231538,0.9655172413793103,888.2131147540983
1135,5924,0.875,0.331240625,0.6826466690760149,0.13793103448275862,887.8439770886092
1136,7390,0.375,0.4725625,0.9940850499939766,0.6206896551724137,885.7352941176471
1137,6981,0.1125,0.590625,0.655524635586074,0.6206896551724137,885.2941176470588
1138,1819,0.25,0.921875,0.6023370678231538,0.9655172413793103,885.0655737704918
1139,14200,0.875,0.6875,0.62643055053608,0.9655172413793103,884.5737704918033
1140,9499,0.875,0.45146875,0.8598602578002649,0.48275862068965514,884.2666666666667
1141,9464,0.875,0.403125,0.6827141308276111,0.48275862068965514,883.8666666666667
1142,10661,0.1125,0.9150625,0.7915190940850501,0.8275862068965517,883.8571428571429
1143,10044,0.8625,0.559375,0.6538959161546801,0.6206896551724137,883.6764705882352
1144,1822,0.4375,0.921875,0.6023370678231538,0.9655172413793103,883.6229508196722
1145,21712,0.625,0.8712500000000001,0.9547885796891941,0.9655172413793103,883.6229508196722
1146,17677,0.3625,0.92128125,0.8708709794000722,0.6896551724137931,883.4704890387858
1147,3774,0.375,0.15083437500000002,0.8808095410191542,0.13793103448275862,883.28928191266
1148,11329,0.3625,0.9375,0.7872545476448619,0.8275862068965517,883.1926910299003
1149,3658,0.3625,0.07058125,0.8589928924225997,0.13793103448275862,882.7913995571485
1150,10899,0.125,0.70025,0.7775207806288399,0.8275862068965517,881.8637873754153
1151,13794,0.8625,0.7693749999999999,0.8973135766775088,0.6896551724137931,881.6155143338955
1152,4387,0.6125,0.0625,0.65293579086857,0.27586206896551724,881.2652757078987
1153,5506,0.8625,0.21875,0.8456330562582821,0.13793103448275862,881.104383520677
1154,13144,0.625,0.778125,0.8699915672810504,0.8275862068965517,881.0332225913621
1155,13073,0.625,0.8649374999999999,0.8534513913986266,0.9655172413793103,880.8032786885246
1156,6117,0.875,0.059375,0.7240621611853992,0.13793103448275862,880.3333888661674
1157,4621,0.6125,0.09375,0.8142633417660522,0.13793103448275862,880.3333888661674
1158,2190,0.0,0.328125,0.62643055053608,0.27586206896551724,879.5394932935917
1159,9196,0.6125,0.4725625,0.9940850499939766,0.6206896551724137,879.1176470588235
1160,4827,0.625,0.0819875,0.8115046379954222,0.27586206896551724,878.4962742175857
1161,3383,0.3625,0.090625,0.6545717383447777,0.0,877.9661016949152
1162,13169,0.625,0.73971875,0.8335742681604624,0.8275862068965517,877.8770764119602
1163,13635,0.8625,0.903125,0.62643055053608,0.9655172413793103,877.5245901639345
1164,6376,0.125,0.4725625,0.9940850499939766,0.3448275862068966,877.4626865671642
1165,13830,0.8625,0.78125,0.9501746777496686,0.8275862068965517,877.3787375415283
1166,6562,0.125,0.59375,0.7671364895795687,0.3448275862068966,877.0149253731344
1167,9030,0.6125,0.559375,0.6538959161546801,0.48275862068965514,876.4
1168,7596,0.375,0.625,0.62643055053608,0.48275862068965514,876.1333333333333
1169,19652,0.3625,0.74,0.9544151307071437,0.8275862068965517,875.5514950166113
1170,11535,0.3625,0.78125,0.6754909047102758,0.9655172413793103,875.0655737704918
1171,8589,0.625,0.590625,0.62643055053608,0.48275862068965514,874.2666666666667
1172,11500,0.3625,0.746875,0.7615106613661005,0.8275862068965517,872.2890365448505
1173,9153,0.6125,0.375,0.7059462715335502,0.13793103448275862,872.2765760457299
1174,303,0.8125,0.671875,0.62643055053608,0.9655172413793103,872.1147540983607
1175,9774,0.875,0.4459375,0.9629442235875195,0.3448275862068966,872.0895522388059
1176,13671,0.8625,0.9439062500000001,0.7209938561619081,0.8275862068965517,872.063122923588
1177,11470,0.3625,0.6875,0.67944103120106,0.9655172413793103,871.9508196721312
1178,6403,0.125,0.35646875,0.6778038790507167,0.0,871.6949152542373
1179,3957,0.375,0.246875,0.62643055053608,0.0,871.1864406779661
1180,3066,0.125,0.090625,0.7952776773882665,0.27586206896551724,869.5543964232489
1181,1823,0.5,0.921875,0.6023370678231538,0.6896551724137931,869.4806070826307
1182,4908,0.625,0.314628125,0.7330092759908444,0.13793103448275862,869.2723407567532
1183,4072,0.375,0.090625,0.62643055053608,0.13793103448275862,868.8626723082564
1184,11049,0.125,0.871875,0.7362920130104806,0.8275862068965517,868.8006644518273
1185,2469,0.1125,0.215625,0.62643055053608,0.13793103448275862,868.6777739162733
1186,5355,0.8625,0.21179687500000002,0.9940850499939766,0.13793103448275862,868.5412177667744
1187,4834,0.625,0.059375,0.7872545476448619,0.27586206896551724,867.3189269746647
1188,13299,0.625,0.86990625,0.9562703288760389,0.8275862068965517,867.3056478405316
1189,64,0.75,0.921875,0.62643055053608,0.6896551724137931,865.2580101180439
1190,72,0.25,0.921875,0.62643055053608,0.6896551724137931,865.089376053963
1191,3852,0.375,0.09375,0.8142633417660522,0.13793103448275862,864.854201730303
1192,9142,0.6125,0.403125,0.6827141308276111,0.48275862068965514,864.6666666666666
1193,5089,0.625,0.090625,0.6545717383447777,0.27586206896551724,863.9776453055141
1194,8636,0.625,0.621875,0.8107697867726779,0.48275862068965514,863.4666666666667
1195,20232,0.625,0.56503125,0.9599807252138296,0.48275862068965514,862.8
1196,18973,0.3625,0.89940625,0.9147693049030237,0.8275862068965517,862.6544850498339
1197,6982,0.1125,0.590625,0.8009998795325863,0.48275862068965514,862.4
1198,5296,0.8625,0.21875,0.978279725334297,0.13793103448275862,862.396191039322
1199,5421,0.8625,0.1006375,0.8127815925792072,0.13793103448275862,862.3079771323072
1200,8986,0.6125,0.625,0.62643055053608,0.6896551724137931,862.2225969645868
1201,20882,0.625,0.449375,0.9785086134200698,0.6206896551724137,861.9117647058823
1202,67,0.5625,0.921875,0.62643055053608,0.9655172413793103,861.4590163934427
1203,12314,0.375,0.83165625,0.8878448379713287,0.8275862068965517,861.1594684385382
1204,20775,0.375,0.4525,0.9688591735935429,0.48275862068965514,860.6666666666666
1205,2435,0.1125,0.184375,0.6770473436935309,0.13793103448275862,859.9865225908252
1206,7991,0.3625,0.590625,0.7718949524153716,0.3448275862068966,859.7014925373135
1207,13201,0.625,0.66896875,0.6778038790507167,0.6896551724137931,859.531197301855
1208,7985,0.3625,0.59375,0.6827141308276111,0.48275862068965514,859.4666666666667
1209,11878,0.375,0.72715625,0.8990362606914829,0.9655172413793103,859.360655737705
1210,5935,0.875,0.31775625,0.7092350319238645,0.48275862068965514,859.2
1211,10417,0.1125,0.8514375,0.9854234429586796,0.6896551724137931,858.5126475548061
1212,13190,0.625,0.6875,0.67944103120106,0.9655172413793103,858.5081967213115
1213,13059,0.625,0.875,0.8155402963498374,0.9655172413793103,858.1803278688525
1214,3897,0.375,0.31889687499999997,0.7209938561619081,0.13793103448275862,857.9381803483411
1215,4955,0.625,0.278125,0.655524635586074,0.0,857.457627118644
1216,14078,0.875,0.8508437499999999,0.8653776653415252,0.9655172413793103,857.1967213114754
1217,3529,0.3625,0.28125,0.62643055053608,0.27586206896551724,857.1222056631892
1218,5249,0.8625,0.126028125,0.8534754848813396,0.13793103448275862,857.1188434513474
1219,3129,0.125,0.0828125,0.9004216359474762,0.0,856.9491525423729
1220,23903,0.625,0.18690625,1.0,0.27586206896551724,856.0789865871833
1221,14120,0.875,0.809375,0.803589928924226,0.8275862068965517,855.9501661129568
1222,2631,0.1125,0.04685281249999999,0.7463052644259728,0.13793103448275862,855.2070573583622
1223,11980,0.375,0.90840625,0.8046500421635947,0.6896551724137931,853.9662731871838
1224,12278,0.375,0.8816875,0.9419226599204914,0.9655172413793103,853.9180327868852
1225,12755,0.6125,0.70025,0.7775207806288399,0.8275862068965517,853.624584717608
1226,14030,0.875,0.9375,0.6752463558607397,0.8275862068965517,853.624584717608
1227,11054,0.125,0.8508437499999999,0.8653776653415252,0.9655172413793103,853.5901639344262
1228,5216,0.625,0.18979375,0.9878207444886157,0.13793103448275862,853.2952712653771
1229,9521,0.875,0.46875,0.62643055053608,0.48275862068965514,853.0666666666667
1230,10660,0.1125,0.934375,0.7682568365257197,0.6896551724137931,852.9544688026981
1231,11778,0.3625,0.7693749999999999,0.8973135766775088,0.9655172413793103,852.9344262295082
1232,10382,0.1125,0.92609375,0.8357908685700518,0.8275862068965517,852.4617940199336
1233,23615,0.6125,0.8087500000000001,0.9999638597759306,0.8275862068965517,851.5249169435216
1234,2764,0.125,0.131390625,0.8653294783760993,0.13793103448275862,851.3351429299078
1235,3232,0.3625,0.3125,0.8084809059149499,0.0,850.8474576271186
1236,2803,0.125,0.0819875,0.8115046379954222,0.27586206896551724,850.3293591654248
1237,7594,0.375,0.625,0.6752463558607397,0.48275862068965514,849.7333333333333
1238,10220,0.8625,0.40190625,0.9134441633538127,0.48275862068965514,849.6
1239,10263,0.8625,0.5758125,0.9325864353692326,0.48275862068965514,849.6
1240,13450,0.8625,0.7850625,0.9940850499939766,0.9655172413793103,849.4918032786885
1241,17782,0.375,0.92128125,0.8848572461149259,0.8275862068965517,847.1461794019933
1242,12266,0.375,0.9130625,0.8888085772798457,0.6896551724137931,846.7150084317032
1243,22392,0.625,0.76815625,0.9837128056860619,0.8275862068965517,845.485049833887
1244,22733,0.6125,0.536875,0.9746536561860017,0.6206896551724137,844.4117647058823
1245,8009,0.3625,0.559375,0.62643055053608,0.6206896551724137,844.2647058823529
1246,19984,0.625,0.26811250000000003,0.9252258764004336,0.13793103448275862,844.2342231559628
1247,13751,0.8625,0.684375,0.8084809059149499,0.9655172413793103,844.0819672131148
1248,3304,0.3625,0.33128437499999996,0.7470545717383447,0.13793103448275862,843.824554707466
1249,11778,0.3625,0.7693749999999999,0.8973135766775088,0.6896551724137931,843.5109612141653
1250,12427,0.6125,0.89396875,0.9368871220334899,0.9655172413793103,842.639344262295
1251,7492,0.375,0.46875,0.6509613299602457,0.48275862068965514,842.5333333333333
1252,12886,0.625,0.72715625,0.8990362606914829,0.6896551724137931,842.3237774030354
1253,5951,0.875,0.28125,0.7952776773882665,0.0,841.5254237288135
1254,5921,0.875,0.31889687499999997,0.7209938561619081,0.0,841.5254237288135
1255,4045,0.375,0.125,0.6538959161546801,0.0,841.3559322033898
1256,11144,0.125,0.746875,0.7615106613661005,0.8275862068965517,841.1661129568106
1257,2297,0.1125,0.329559375,0.7767256956993133,0.0,841.0169491525423
1258,9925,0.8625,0.41921875000000003,0.8770148174918684,0.48275862068965514,840.9333333333333
1259,4939,0.625,0.28125,0.7952776773882665,0.13793103448275862,840.0493247639797
1260,5816,0.875,0.0840125,0.8218527888206241,0.27586206896551724,839.983606557377
1261,4347,0.6125,0.182234375,0.9998795325864354,0.13793103448275862,839.7762124649819
1262,12427,0.6125,0.89396875,0.9368871220334899,0.6896551724137931,839.4637436762226
1263,2536,0.1125,0.327909375,0.6778038790507167,0.13793103448275862,838.9568755679883
1264,11215,0.125,0.80725,0.9998795325864354,0.8275862068965517,838.9003322259136
1265,8192,0.3625,0.40190625,0.9134441633538127,0.48275862068965514,838.8
1266,17743,0.375,0.936875,0.831478135164438,0.8275862068965517,838.6744186046511
1267,12425,0.6125,0.9074687499999999,0.9134441633538127,0.8275862068965517,838.0099667774086
1268,13605,0.8625,0.8508437499999999,0.8653776653415252,0.6896551724137931,837.6087689713322
1269,12473,0.6125,0.684375,0.6752463558607397,0.8275862068965517,837.5714285714286
1270,3822,0.375,0.059375,0.7872545476448619,0.27586206896551724,837.301043219076
1271,19222,0.3625,0.09940625,0.9312251535959523,0.0,837.1186440677966
1272,11870,0.375,0.77584375,0.8808095410191542,0.8275862068965517,836.8471760797343
1273,12477,0.6125,0.6875,0.7059462715335502,0.8275862068965517,836.1827242524917
1274,2579,0.1125,0.26515625,0.8770148174918684,0.0,835.5932203389831
1275,15688,0.375,0.6743750000000001,0.8154559691603421,0.8275862068965517,835.578073089701
1276,5241,0.625,0.3125,0.8084809059149499,0.27586206896551724,835.2771982116244
1277,7294,0.375,0.51278125,0.8897964100710757,0.48275862068965514,835.0666666666667
1278,5571,0.8625,0.32289375,0.6938103842910492,0.13793103448275862,834.86019108302
1279,7436,0.375,0.403125,0.6827141308276111,0.48275862068965514,834.6666666666666
1280,20142,0.6125,0.5681875,0.9432478014697024,0.48275862068965514,834.0
1281,2378,0.1125,0.09375,0.7718949524153716,0.13793103448275862,833.4946295880305
1282,14081,0.875,0.8649374999999999,0.8534513913986266,0.6896551724137931,833.0489038785835
1283,11374,0.3625,0.8883125,0.9325864353692326,0.8275862068965517,833.0265780730897
1284,9286,0.6125,0.51278125,0.8897964100710757,0.48275862068965514,832.9333333333333
1285,5058,0.625,0.125,0.6813612817732804,0.13793103448275862,831.7193996445443
1286,5926,0.875,0.3390625,0.6552355137935189,0.13793103448275862,831.5345012525613
1287,2073,1.0,0.359375,0.62643055053608,0.48275862068965514,830.6666666666666
1288,3543,0.3625,0.3125,0.6508384531984098,0.27586206896551724,830.4456035767511
1289,13149,0.625,0.75,0.6538959161546801,0.8275862068965517,830.4285714285714
1290,13654,0.8625,0.9375,0.6752463558607397,0.8275862068965517,830.2624584717609
1291,22171,0.8625,0.45881249999999996,0.9860619202505723,0.3448275862068966,829.8507462686567
1292,22316,0.6125,0.76815625,0.9837128056860619,0.8275862068965517,828.873754152824
1293,9624,0.875,0.625,0.62643055053608,0.3448275862068966,828.8059701492538
1294,22886,0.125,0.8525,0.97237682206963,0.9655172413793103,828.672131147541
1295,4932,0.625,0.3125,0.62643055053608,0.6206896551724137,828.3823529411765
1296,4013,0.375,0.184375,0.6770473436935309,0.13793103448275862,828.0323836080729
1297,8104,0.3625,0.4375,0.62643055053608,0.3448275862068966,827.9104477611941
1298,12681,0.6125,0.90840625,0.8046500421635947,0.9655172413793103,827.8852459016393
1299,19728,0.375,0.74,0.9544151307071437,0.8275862068965517,827.2724252491695
1300,8129,0.3625,0.403125,0.6545717383447777,0.3448275862068966,827.1641791044776
1301,11473,0.3625,0.6875,0.7324515118660402,0.6896551724137931,826.9780775716695
1302,2579,0.1125,0.26515625,0.8770148174918684,0.27586206896551724,826.7198211624441
1303,9418,0.875,0.4725625,0.9940850499939766,0.48275862068965514,826.5333333333333
1304,22886,0.125,0.8525,0.97237682206963,0.6896551724137931,826.4789207419899
1305,14078,0.875,0.8508437499999999,0.8653776653415252,0.6896551724137931,826.310286677909
1306,3810,0.375,0.08848125,0.8046500421635947,0.0,825.2542372881356
1307,10581,0.1125,0.8508437499999999,0.8653776653415252,0.6896551724137931,824.7925801011804
1308,4390,0.6125,0.067015625,0.7440320443320082,0.0,824.7457627118644
1309,12736,0.6125,0.66328125,0.762462353933261,0.8275862068965517,824.3887043189369
1310,8880,0.6125,0.388,0.8183471870858932,0.48275862068965514,824.1333333333333
1311,2518,0.1125,0.28125,0.7952776773882665,0.0,822.8813559322034
1312,12400,0.6125,0.90625,0.9023370678231537,0.8275862068965517,822.4551495016611
1313,11885,0.375,0.72703125,0.9224189856643776,0.8275862068965517,822.2292358803986
1314,22719,0.375,0.54,0.97237682206963,0.48275862068965514,822.0
1315,13191,0.625,0.6875,0.7059462715335502,0.8275862068965517,821.9568106312292
1316,15805,0.125,0.3368625,0.750391519094085,0.13793103448275862,821.8390146381364
1317,10801,0.1125,0.8069375000000001,0.8914468136369111,0.8275862068965517,821.7906976744187
1318,12890,0.625,0.746875,0.906143838091796,0.8275862068965517,821.126245847176
1319,4516,0.6125,0.246875,0.62643055053608,0.0,820.5084745762712
1320,8104,0.3625,0.4375,0.62643055053608,0.6206896551724137,820.2941176470588
1321,7851,0.3625,0.403125,0.8367546078785688,0.48275862068965514,820.1333333333333
1322,6881,0.1125,0.36546875,0.7209938561619081,0.48275862068965514,819.6
1323,12398,0.6125,0.92609375,0.8357908685700518,0.8275862068965517,819.1328903654485
1324,11832,0.375,0.78984375,0.9839657872545476,0.9655172413793103,819.0
1325,5092,0.625,0.0625,0.7324515118660402,0.0,818.6440677966102
1326,4016,0.375,0.163253125,0.8749909649439825,0.0,818.4745762711865
1327,3791,0.375,0.11517812499999999,0.9419226599204914,0.13793103448275862,818.151998601665
1328,10234,0.8625,0.6420625,0.7767256956993133,0.48275862068965514,818.1333333333333
1329,3544,0.3625,0.3125,0.62643055053608,0.3448275862068966,817.4626865671642
1330,14235,0.875,0.8368125,0.9940850499939766,0.8275862068965517,817.0797342192691
1331,7163,0.1125,0.50953125,0.9989157932779182,0.3448275862068966,817.0149253731344
1332,17858,0.8625,0.9244375,0.8775810143356222,0.6896551724137931,814.5059021922428
1333,2901,0.125,0.32289375,0.6938103842910492,0.13793103448275862,814.4649825651936
1334,13698,0.8625,0.8903125,0.8349837368991687,0.8275862068965517,813.2591362126246
1335,13901,0.875,0.72703125,0.9224189856643776,0.8275862068965517,813.1528239202657
1336,2292,0.1125,0.33128437499999996,0.7470545717383447,0.13793103448275862,813.0994210702042
1337,11673,0.3625,0.90840625,0.8046500421635947,0.9655172413793103,812.7704918032787
1338,22711,0.6125,0.54,0.97237682206963,0.48275862068965514,812.4
1339,8125,0.3625,0.403125,0.7671364895795687,0.48275862068965514,811.8666666666667
1340,8989,0.6125,0.621875,0.67944103120106,0.48275862068965514,811.0666666666667
1341,12722,0.6125,0.6616875,0.6691205878809782,0.9655172413793103,810.639344262295
1342,13146,0.625,0.75,0.8461510661366101,0.8275862068965517,810.2691029900333
1343,11525,0.3625,0.778125,0.8456330562582821,0.8275862068965517,809.6046511627907
1344,4316,0.6125,0.33128437499999996,0.7470545717383447,0.13793103448275862,809.4124050337327
1345,10606,0.1125,0.903125,0.6846187206360679,0.9655172413793103,809.0327868852459
1346,22031,0.12499999999999992,0.45878125000000003,0.9860257800265027,0.6206896551724137,808.9705882352941
1347,5400,0.8625,0.0625,0.62643055053608,0.48275862068965514,808.9333333333333
1348,12722,0.6125,0.6616875,0.6691205878809782,0.6896551724137931,808.4283305227656
1349,2920,0.125,0.28125,0.6545717383447777,0.48275862068965514,808.2666666666667
1350,17854,0.625,0.92128125,0.8848572461149259,0.8275862068965517,808.0033222591362
1351,11164,0.125,0.715625,0.6827141308276111,0.6896551724137931,807.929173693086
1352,13490,0.8625,0.692,0.7440320443320082,0.6896551724137931,807.4232715008432
1353,5967,0.875,0.278125,0.655524635586074,0.13793103448275862,806.681282043754
1354,19369,0.625,0.09940625,0.9312251535959523,0.27586206896551724,806.451564828614
1355,7920,0.3625,0.584125,0.8892302132273219,0.48275862068965514,805.4666666666667
1356,9445,0.875,0.35646875,0.6778038790507167,0.27586206896551724,805.1728763040238
1357,2567,0.1125,0.29638437500000003,0.8183471870858932,0.13793103448275862,804.4963836517709
1358,14294,0.875,0.8816875,0.9419226599204914,0.9655172413793103,804.4426229508197
1359,21092,0.625,0.7618750000000001,0.9785086134200698,0.6896551724137931,803.5379426644182
1360,11939,0.375,0.67796875,0.7209938561619081,0.9655172413793103,803.2622950819672
1361,15537,0.12499999999999982,0.6743750000000001,0.7999638597759305,0.6896551724137931,803.2074198988196
1362,12208,0.375,0.9140625,0.9004216359474762,0.9655172413793103,803.1311475409836
1363,13608,0.8625,0.871875,0.6538959161546801,0.9655172413793103,803.0983606557377
1364,9006,0.6125,0.590625,0.7428056860619202,0.48275862068965514,802.1333333333333
1365,15848,0.125,0.3337375,0.7784001927478615,0.13793103448275862,802.03837296079
1366,4556,0.6125,0.3125,0.62643055053608,0.3448275862068966,801.1940298507462
1367,16704,0.375,0.0712375,0.8747861703409228,0.0,801.1864406779661
1368,2169,0.0,0.65625,0.62643055053608,0.6896551724137931,800.839797639123
1369,13886,0.875,0.77584375,0.8808095410191542,0.8275862068965517,800.5282392026578
1370,4828,0.625,0.0531140625,0.7455559571136007,0.27586206896551724,800.0432190760059
1371,5404,0.8625,0.07625937499999999,0.7658836284784966,0.0,799.6610169491526
1372,7421,0.375,0.371875,0.6752463558607397,0.6206896551724137,798.9705882352941
1373,9409,0.875,0.5389375000000001,0.9854234429586796,0.3448275862068966,797.9104477611941
1374,13992,0.875,0.927875,0.8251897361763642,0.9655172413793103,797.8852459016393
1375,13794,0.8625,0.7693749999999999,0.8973135766775088,0.9655172413793103,797.360655737705
1376,8073,0.3625,0.46875,0.6754909047102758,0.48275862068965514,797.0666666666667
1377,10862,0.125,0.77584375,0.8808095410191542,0.8275862068965517,796.6478405315614
1378,10073,0.8625,0.51409375,0.8773762197325623,0.3448275862068966,796.4179104477612
1379,19075,0.375,0.9181250000000001,0.8918564028430309,0.6896551724137931,796.2934232715008
1380,3649,0.3625,0.08848125,0.8046500421635947,0.0,796.271186440678
1381,11045,0.125,0.871875,0.62643055053608,0.9655172413793103,796.2131147540983
1382,15763,0.625,0.66190625,0.7740151788941092,0.9655172413793103,795.5901639344262
1383,12675,0.6125,0.934375,0.789519335019877,0.9655172413793103,795.5573770491803
1384,3386,0.3625,0.090625,0.7389965064450066,0.13793103448275862,794.2546724393503
1385,12639,0.6125,0.929875,0.7440320443320082,0.9655172413793103,793.0983606557377
1386,10167,0.8625,0.375,0.7059462715335502,0.3448275862068966,792.9850746268656
1387,11819,0.3625,0.78984375,0.9839657872545476,0.9655172413793103,792.9672131147541
1388,12242,0.375,0.67678125,0.822816528129141,0.8275862068965517,792.8870431893688
1389,12827,0.6125,0.78984375,0.9839657872545476,0.9655172413793103,791.983606557377
1390,7569,0.375,0.590625,0.655524635586074,0.48275862068965514,790.9333333333333
1391,6977,0.1125,0.590625,0.7718949524153716,0.3448275862068966,790.2985074626865
1392,21026,0.375,0.7618750000000001,0.9785086134200698,0.6896551724137931,790.0539629005059
1393,2928,0.125,0.278125,0.7428056860619202,0.0,789.6610169491526
1394,15538,0.125,0.6775,0.8096373930851704,0.9655172413793103,789.360655737705
1395,8143,0.3625,0.371875,0.6752463558607397,0.3448275862068966,789.2537313432836
1396,11541,0.3625,0.8023125,0.8788820624021202,0.6896551724137931,789.035413153457
1397,6177,0.875,0.325428125,0.7905914950006022,0.0,788.9830508474577
1398,7866,0.3625,0.388,0.8183471870858932,0.48275862068965514,788.1333333333333
1399,4931,0.625,0.3125,0.6996542585230695,0.6206896551724137,787.0588235294117
1400,4813,0.625,0.07058125,0.8589928924225997,0.27586206896551724,786.9910581222057
1401,14142,0.875,0.778125,0.62643055053608,0.9655172413793103,786.5737704918033
1402,5422,0.8625,0.107628125,0.8236477532827369,0.27586206896551724,786.4813710879284
1403,6428,0.125,0.40625,0.7718949524153716,0.3448275862068966,786.1194029850747
1404,8724,0.625,0.38309375,0.8589928924225997,0.48275862068965514,786.0
1405,8720,0.625,0.375,0.8107697867726779,0.48275862068965514,785.6
1406,9468,0.875,0.403125,0.7952776773882665,0.48275862068965514,785.3333333333334
1407,10505,0.1125,0.75,0.8461510661366101,0.8275862068965517,784.7475083056478
1408,6428,0.125,0.40625,0.7718949524153716,0.6206896551724137,784.7058823529412
1409,2866,0.125,0.278125,0.8578604987350921,0.13793103448275862,784.6075280674096
1410,17037,0.3625,0.68065625,0.819069991567281,0.8275862068965517,784.2491694352159
1411,15685,0.6125,0.6743750000000001,0.8154559691603421,0.8275862068965517,783.8571428571429
1412,3213,0.125,0.2045125,0.9166606432959884,0.13793103448275862,783.2419665724202
1413,13021,0.625,0.9375,0.6508384531984098,0.48275862068965514,782.1333333333333
1414,8713,0.625,0.388,0.8183471870858932,0.48275862068965514,782.1333333333333
1415,6185,0.875,0.28125,0.8367546078785688,0.13793103448275862,781.5549505359487
1416,7972,0.3625,0.625,0.62643055053608,0.48275862068965514,781.2
1417,2470,0.1125,0.21875,0.8456330562582821,0.13793103448275862,780.3259451904582
1418,11107,0.125,0.8023125,0.8788820624021202,0.6896551724137931,780.1045531197302
1419,13170,0.625,0.71875,0.655524635586074,0.9655172413793103,779.8196721311475
1420,11667,0.3625,0.934375,0.789519335019877,0.9655172413793103,779.655737704918
1421,12778,0.6125,0.746875,0.906143838091796,0.8275862068965517,779.5980066445183
1422,12495,0.6125,0.71875,0.7428056860619202,0.6896551724137931,778.9173693086003
1423,20343,0.375,0.89625,0.9201421515480062,0.6896551724137931,778.9173693086003
1424,20213,0.8625,0.5806250000000001,0.9252258764004336,0.48275862068965514,778.6666666666666
1425,5397,0.8625,0.0625,0.7059462715335502,0.48275862068965514,778.5333333333333
1426,10734,0.1125,0.7070000000000001,0.8115046379954222,0.8275862068965517,778.0431893687708
1427,11773,0.3625,0.7205625,0.9114323575472835,0.8275862068965517,777.3787375415283
1428,3804,0.375,0.0625,0.7682568365257197,0.13793103448275862,777.0485976024837
1429,11924,0.375,0.6756562500000001,0.8040477050957715,0.9655172413793103,776.8688524590164
1430,2966,0.125,0.21875,0.8456330562582821,0.13793103448275862,776.82382754597
1431,2278,0.1125,0.294746875,0.8743645343934465,0.13793103448275862,776.0044906489762
1432,3216,0.125,0.3125,0.7872545476448619,0.13793103448275862,775.5464799579953
1433,11169,0.125,0.69659375,0.7551740754126008,0.9655172413793103,775.2295081967213
1434,8474,0.625,0.434375,0.62643055053608,0.48275862068965514,775.0666666666667
1435,5614,0.8625,0.25866875,0.8647873750150584,0.0,774.5762711864406
1436,23761,0.125,0.18690625,1.0,0.0,774.5762711864406
1437,4556,0.6125,0.3125,0.62643055053608,0.6206896551724137,774.2647058823529
1438,22733,0.6125,0.536875,0.9746536561860017,0.3448275862068966,773.7313432835821
1439,5173,0.625,0.28125,0.8367546078785688,0.0,771.8644067796611
1440,13957,0.875,0.73171875,0.8770148174918684,0.6896551724137931,771.8347386172006
1441,2858,0.125,0.25866875,0.8647873750150584,0.0,770.6779661016949
1442,12327,0.375,0.80071875,0.9265992049150704,0.8275862068965517,769.2990033222592
1443,13335,0.625,0.80071875,0.9265992049150704,0.8275862068965517,769.2990033222592
1444,3870,0.375,0.25866875,0.8647873750150584,0.27586206896551724,768.2131147540983
1445,8610,0.625,0.625,0.62643055053608,0.48275862068965514,768.1333333333333
1446,12848,0.625,0.78125,0.8838935068064088,0.8275862068965517,768.0764119601329
1447,15764,0.8426500000000001,0.6761874999999999,0.8210095169256716,0.6896551724137931,767.7942664418213
1448,7612,0.375,0.63559375,0.7085905312612938,0.8275862068965517,767.4717607973422
1449,308,0.5,0.671875,0.62643055053608,0.9655172413793103,767.3934426229508
1450,12639,0.6125,0.929875,0.7440320443320082,0.6896551724137931,767.1129848229342
1451,11630,0.3625,0.9252812499999999,0.7551740754126008,0.8275862068965517,767.0797342192691
1452,12181,0.375,0.6875,0.65293579086857,0.48275862068965514,766.9333333333333
1453,6576,0.125,0.621875,0.7059462715335502,0.48275862068965514,766.9333333333333
1454,15535,0.125,0.65878125,0.7456993133357427,0.6896551724137931,766.7824620573356
1455,5492,0.8625,0.194553125,0.8788820624021202,0.13793103448275862,766.5821163335493
1456,4390,0.6125,0.067015625,0.7440320443320082,0.27586206896551724,766.5737704918033
1457,2976,0.125,0.215625,0.6754909047102758,0.27586206896551724,766.1266766020865
1458,11185,0.125,0.66896875,0.6778038790507167,0.6896551724137931,764.920741989882
1459,12690,0.6125,0.8903125,0.8349837368991687,0.8275862068965517,764.6478405315614
1460,7707,0.375,0.375,0.789519335019877,0.48275862068965514,764.2666666666667
1461,10554,0.1125,0.8125,0.62643055053608,0.9655172413793103,763.7868852459017
1462,13417,0.8625,0.9375,0.8297072641850378,0.8275862068965517,762.9867109634552
1463,4804,0.625,0.0840125,0.8218527888206241,0.27586206896551724,762.8479880774963
1464,11621,0.3625,0.90625,0.7389965064450066,0.9655172413793103,761.983606557377
1465,10938,0.125,0.71875,0.8578604987350921,0.9655172413793103,761.2950819672132
1466,5260,0.8625,0.2045125,0.9166606432959884,0.13793103448275862,759.1597420181224
1467,4427,0.6125,0.125,0.6538959161546801,0.27586206896551724,756.973174366617
1468,13038,0.625,0.90625,0.7108553186363088,0.8275862068965517,756.5083056478405
1469,7067,0.1125,0.46875,0.62643055053608,0.48275862068965514,756.2666666666667
1470,21024,0.375,0.74628125,0.9623298397783399,0.8275862068965517,756.0099667774086
1471,14043,0.875,0.929875,0.7440320443320082,0.6896551724137931,755.9831365935919
1472,11169,0.125,0.69659375,0.7551740754126008,0.6896551724137931,755.477234401349
1473,2295,0.1125,0.321203125,0.8040477050957715,0.27586206896551724,754.8002980625931
1474,20416,0.625,0.8931250000000001,0.9252258764004336,0.6896551724137931,753.6290050590219
1475,4016,0.375,0.163253125,0.8749909649439825,0.27586206896551724,753.24739195231
1476,3282,0.3625,0.269728125,0.8990362606914829,0.0,753.2203389830509
1477,2486,0.1125,0.246875,0.7088266473918805,0.13793103448275862,752.7899452341562
1478,18768,0.12499999999999992,0.59003125,0.9092398506204071,0.48275862068965514,752.5333333333333
1479,5903,0.875,0.278125,0.8796530538489338,0.0,752.3728813559322
1480,13656,0.8625,0.9375,0.62643055053608,0.6206896551724137,752.3529411764706
1481,5373,0.8625,0.0828125,0.9004216359474762,0.27586206896551724,752.1177347242921
1482,12061,0.375,0.871875,0.8461510661366101,0.8275862068965517,752.0232558139535
1483,10668,0.1125,0.927875,0.8251897361763642,0.9655172413793103,751.9508196721312
1484,12487,0.6125,0.715625,0.6545717383447777,0.48275862068965514,751.3333333333334
1485,5238,0.625,0.208765625,0.9009275990844476,0.13793103448275862,750.556704599689
1486,3924,0.375,0.309375,0.65293579086857,0.3448275862068966,750.1492537313433
1487,10888,0.125,0.715625,0.9023370678231537,0.8275862068965517,750.1362126245847
1488,20213,0.8625,0.5806250000000001,0.9252258764004336,0.3448275862068966,749.7014925373135
1489,6414,0.125,0.375,0.62643055053608,0.3448275862068966,749.4029850746268
1490,4540,0.6125,0.28125,0.6545717383447777,0.48275862068965514,749.3333333333334
1491,10057,0.8625,0.53125,0.8212865919768702,0.48275862068965514,748.9333333333333
1492,11436,0.3625,0.7704375,0.9854234429586796,0.9655172413793103,748.8360655737705
1493,13035,0.625,0.929875,0.7440320443320082,0.6896551724137931,748.7318718381113
1494,4600,0.6125,0.27175937499999997,0.8250090350560174,0.13793103448275862,748.6449185067039
1495,7125,0.1125,0.375,0.7059462715335502,0.6206896551724137,748.5294117647059
1496,20415,0.625,0.89625,0.9201421515480062,0.6896551724137931,748.3946037099494
1497,12165,0.375,0.71875,0.7428056860619202,0.6896551724137931,748.3946037099494
1498,11718,0.3625,0.67796875,0.7209938561619081,0.9655172413793103,748.0491803278688
1499,10740,0.1125,0.6938125,0.7626671485363209,0.8275862068965517,747.8704318936877
1500,12761,0.6125,0.6875,0.7469943380315623,0.8275862068965517,747.704318936877
1501,10894,0.125,0.6875,0.8107697867726779,0.6896551724137931,747.5514333895447
1502,9456,0.875,0.375,0.62643055053608,0.0,747.2881355932203
1503,3668,0.3625,0.0840125,0.8218527888206241,0.27586206896551724,746.75260804769
1504,4104,0.375,0.336915625,0.7669437417178653,0.13793103448275862,746.5965762642197
1505,22320,0.375,0.76815625,0.9837128056860619,0.8275862068965517,746.375415282392
1506,10502,0.1125,0.75,0.6813612817732804,0.9655172413793103,746.2131147540983
1507,7235,0.1125,0.54440625,0.96883508011083,0.3448275862068966,745.5223880597015
1508,4002,0.375,0.1875,0.8289001325141548,0.13793103448275862,745.2310147692303
1509,4529,0.6125,0.278125,0.655524635586074,0.13793103448275862,745.2310147692303
1510,11119,0.125,0.778125,0.8456330562582821,0.8275862068965517,744.6544850498339
1511,4890,0.625,0.278125,0.8578604987350921,0.13793103448275862,744.4116778722367
1512,7598,0.375,0.63025,0.7092350319238645,0.6896551724137931,744.1787521079258
1513,4324,0.6125,0.336915625,0.7669437417178653,0.13793103448275862,744.1385655732388
1514,2545,0.1125,0.3390625,0.6955848692928562,0.13793103448275862,744.050351666224
1515,12226,0.375,0.7850625,0.9940850499939766,0.9655172413793103,743.5901639344262
1516,11133,0.125,0.75,0.6538959161546801,0.6896551724137931,742.4991568296796
1517,14230,0.875,0.87303125,0.9653294783760993,0.8275862068965517,742.4950166112957
1518,4079,0.375,0.067015625,0.7440320443320082,0.27586206896551724,742.4307004470938
1519,2366,0.1125,0.067015625,0.7440320443320082,0.0,742.3728813559322
1520,10390,0.1125,0.94375,0.7455559571136007,0.9655172413793103,741.4918032786885
1521,6451,0.125,0.4375,0.7088266473918805,0.48275862068965514,739.6
1522,13527,0.8625,0.75,0.6538959161546801,0.6896551724137931,739.4637436762226
1523,4926,0.625,0.327909375,0.6778038790507167,0.13793103448275862,739.40744258326
1524,3032,0.125,0.146021875,0.8653776653415252,0.0,738.8135593220339
1525,5692,0.8625,0.0840125,0.8218527888206241,0.27586206896551724,738.7049180327868
1526,7974,0.3625,0.621875,0.7059462715335502,0.48275862068965514,738.5333333333333
1527,5964,0.875,0.278125,0.7428056860619202,0.13793103448275862,737.3591003407759
1528,11667,0.3625,0.934375,0.789519335019877,0.6896551724137931,737.1028667790894
1529,13238,0.625,0.756,0.9729671123960967,0.9655172413793103,737.0327868852459
1530,9454,0.875,0.375,0.67944103120106,0.48275862068965514,736.6666666666666
1531,17733,0.125,0.936875,0.8462594868088182,0.9655172413793103,736.5737704918033
1532,6936,0.1125,0.63559375,0.7085905312612938,0.8275862068965517,735.5182724252492
1533,6316,0.125,0.5758125,0.9325864353692326,0.48275862068965514,734.6666666666666
1534,11436,0.3625,0.7704375,0.9854234429586796,0.6896551724137931,734.2360876897134
1535,3914,0.375,0.327909375,0.6778038790507167,0.13793103448275862,734.169966659816
1536,14118,0.875,0.809375,0.8542103361040838,0.9655172413793103,733.5901639344262
1537,21883,0.6125,0.146328125,0.9860619202505723,0.0,733.3898305084746
1538,1843,0.8125,0.9375,0.6023370678231538,0.8275862068965517,733.1926910299003
1539,2189,0.0,0.34375,0.62643055053608,0.13793103448275862,732.9893035568098
1540,6896,0.1125,0.54,0.8973135766775088,0.48275862068965514,732.6666666666666
1541,10790,0.1125,0.7563125,0.9451270931213106,0.9655172413793103,732.1147540983607
1542,10150,0.8625,0.40625,0.7718949524153716,0.6206896551724137,731.7647058823529
1543,10721,0.1125,0.6673125,0.7767256956993133,0.6896551724137931,731.0252951096121
1544,13783,0.8625,0.7335625,0.9325864353692326,0.8275862068965517,730.7607973421927
1545,3583,0.3625,0.278125,0.8578604987350921,0.13793103448275862,730.5312928658288
1546,5404,0.8625,0.07625937499999999,0.7658836284784966,0.27586206896551724,730.4456035767511
1547,10517,0.1125,0.778125,0.8456330562582821,0.8275862068965517,730.2624584717609
1548,11157,0.125,0.71875,0.7428056860619202,0.6896551724137931,730.0202360876897
1549,12994,0.625,0.934375,0.789519335019877,0.9655172413793103,730.016393442623
1550,20450,0.8625,0.87753125,0.9599807252138296,0.8275862068965517,729.4318936877077
1551,2559,0.1125,0.309375,0.789519335019877,0.13793103448275862,729.2539452778542
1552,13907,0.875,0.6891875,0.8427538850740873,0.8275862068965517,729.0996677740864
1553,10578,0.1125,0.84375,0.650786652210577,0.8275862068965517,729.0398671096345
1554,4312,0.6125,0.28125,0.8148897723165883,0.13793103448275862,728.7077206798584
1555,10721,0.1125,0.6673125,0.7767256956993133,0.9655172413793103,728.7049180327868
1556,1771,0.0625,0.875,0.6023370678231538,0.8275862068965517,727.3787375415283
1557,2477,0.1125,0.21875,0.675142753885074,0.13793103448275862,726.5228222878753
1558,8016,0.3625,0.559375,0.6538959161546801,0.3448275862068966,726.4179104477612
1559,9884,0.8625,0.375,0.7682568365257197,0.48275862068965514,726.2666666666667
1560,20560,0.375,0.1368625,0.9661366100469823,0.13793103448275862,725.9765976898797
1561,3701,0.3625,0.12696875,0.9562703288760389,0.13793103448275862,725.9765976898797
1562,5163,0.625,0.3125,0.8297072641850378,0.13793103448275862,725.8400415403806
1563,11434,0.3625,0.7850625,0.9940850499939766,0.6896551724137931,725.1298482293423
1564,3067,0.125,0.067015625,0.7440320443320082,0.27586206896551724,725.080476900149
1565,21020,0.6125,0.74628125,0.9623298397783399,0.8275862068965517,724.7209302325581
1566,9414,0.875,0.502125,0.9998795325864354,0.3448275862068966,724.3283582089553
1567,5094,0.625,0.07625937499999999,0.7658836284784966,0.27586206896551724,723.5037257824143
1568,14002,0.875,0.934375,0.789519335019877,0.8275862068965517,722.953488372093
1569,3299,0.3625,0.28125,0.8367546078785688,0.27586206896551724,722.8450074515648
1570,3338,0.3625,0.16007812500000002,0.9940850499939766,0.0,722.7118644067797
1571,9059,0.6125,0.51409375,0.8773762197325623,0.6206896551724137,722.6470588235294
1572,5101,0.625,0.059375,0.62643055053608,0.6206896551724137,722.6470588235294
1573,9085,0.6125,0.48981250000000004,0.8788820624021202,0.48275862068965514,722.5333333333333
1574,4966,0.625,0.25,0.7885315022286471,0.27586206896551724,722.0134128166915
1575,13870,0.875,0.7563125,0.9451270931213106,0.6896551724137931,721.9190556492412
1576,13452,0.8625,0.7704375,0.9854234429586796,0.6896551724137931,721.5885328836425
1577,13193,0.625,0.684375,0.62643055053608,0.48275862068965514,721.4666666666667
1578,11263,0.125,0.875,0.9282857487049753,0.8275862068965517,721.2325581395348
1579,20088,0.125,0.56503125,0.9599807252138296,0.48275862068965514,721.2
1580,3533,0.3625,0.295615625,0.7658836284784966,0.0,721.1864406779661
1581,13452,0.8625,0.7704375,0.9854234429586796,0.9655172413793103,721.1639344262295
1582,18865,0.6125,0.5900624999999999,0.9224430791470907,0.48275862068965514,721.0666666666667
1583,2151,0.0,0.9375,0.62643055053608,0.8275862068965517,720.7342192691029
1584,7137,0.1125,0.366625,0.7092350319238645,0.0,720.6779661016949
1585,10013,0.8625,0.59375,0.6827141308276111,0.48275862068965514,720.5333333333333
1586,46,0.9375,0.9375,0.62643055053608,0.8275862068965517,719.9634551495017
1587,5014,0.625,0.1875,0.8289001325141548,0.13793103448275862,719.8799132049114
1588,11770,0.3625,0.746875,0.906143838091796,0.8275862068965517,719.6312292358804
1589,4952,0.625,0.278125,0.7428056860619202,0.0,718.9830508474577
1590,3643,0.3625,0.04685281249999999,0.7463052644259728,0.13793103448275862,717.9197848694421
1591,11561,0.3625,0.8125,0.6517383447777376,0.6896551724137931,716.5295109612142
1592,17413,0.8389,0.310315625,0.8357306348632694,0.13793103448275862,716.1445549259558
1593,10630,0.1125,0.9375,0.6752463558607397,0.8275862068965517,715.6445182724252
1594,11191,0.125,0.6546875,0.7468979641007107,0.6896551724137931,715.5177065767285
1595,11501,0.3625,0.746875,0.7885315022286471,0.9655172413793103,714.4098360655738
1596,11191,0.125,0.6546875,0.7468979641007107,0.9655172413793103,714.1147540983607
1597,9082,0.6125,0.47575,0.8749909649439825,0.48275862068965514,713.6
1598,13034,0.625,0.9252812499999999,0.7551740754126008,0.8275862068965517,713.485049833887
1599,13702,0.8625,0.8836562499999999,0.8647873750150584,0.9655172413793103,713.2622950819672
1600,10447,0.1125,0.6546875,0.6866642573183953,0.8275862068965517,713.2591362126246
1601,11475,0.3625,0.69659375,0.7551740754126008,0.8275862068965517,712.9269102990033
1602,19024,0.14878625,0.90409375,0.91972051560053,0.8275862068965517,712.3222591362127
1603,4082,0.375,0.07625937499999999,0.7658836284784966,0.0,710.5084745762712
1604,13772,0.8625,0.7088125,0.8888085772798457,0.8275862068965517,710.2691029900333
1605,19364,0.8625,0.1181125,0.9584507890615589,0.13793103448275862,709.9995281985035
1606,12629,0.6125,0.90625,0.7389965064450066,0.6896551724137931,709.1028667790894
1607,3918,0.375,0.3125,0.6752463558607397,0.0,708.9830508474577
1608,55,0.375,0.9375,0.62643055053608,0.8275862068965517,708.3355481727575
1609,9423,0.875,0.43634375,0.9653294783760993,0.3448275862068966,708.2089552238806
1610,3919,0.375,0.3125,0.6996542585230695,0.3448275862068966,708.0597014925373
1611,20568,0.375,0.12440625000000001,0.9533911576918442,0.27586206896551724,707.8554396423249
1612,10935,0.125,0.7446875000000001,0.8525719792796047,0.6896551724137931,707.5851602023608
1613,6249,0.875,0.2045125,0.9166606432959884,0.13793103448275862,707.5415175075225
1614,11386,0.3625,0.91975,0.8743645343934465,0.9655172413793103,707.360655737705
1615,2120,0.6875,1.0,0.62643055053608,0.8275862068965517,706.6146179401993
1616,21959,0.625,0.14628125,0.9860257800265027,0.13793103448275862,706.312512162032
1617,3886,0.375,0.2966375,0.7775207806288399,0.0,706.271186440678
1618,10554,0.1125,0.8125,0.62643055053608,0.6896551724137931,705.7369308600337
1619,7174,0.1125,0.42928125,0.9567642452716538,0.6206896551724137,705.7352941176471
1620,11614,0.3625,0.903125,0.6846187206360679,0.9655172413793103,705.5573770491803
1621,2810,0.125,0.059375,0.7872545476448619,0.27586206896551724,705.1728763040238
1622,13186,0.625,0.70125,0.7658836284784966,0.8275862068965517,705.1196013289036
1623,3302,0.3625,0.3187625,0.7455559571136007,0.13793103448275862,704.6738383680448
1624,5978,0.875,0.25,0.7885315022286471,0.27586206896551724,704.4277198211624
1625,9422,0.875,0.44349999999999995,0.9729671123960967,0.6206896551724137,704.4117647058823
1626,12696,0.6125,0.896625,0.8892302132273219,0.8275862068965517,704.2890365448505
1627,13503,0.8625,0.71875,0.7428056860619202,0.9655172413793103,704.2459016393443
1628,2515,0.1125,0.28125,0.6827141308276111,0.13793103448275862,704.127613770049
1629,13890,0.875,0.76290625,0.9138296590772196,0.9655172413793103,703.9180327868852
1630,8099,0.3625,0.4375,0.7088266473918805,0.48275862068965514,703.6
1631,1888,0.8125,0.984375,0.6023370678231538,0.8275862068965517,703.126245847176
1632,5498,0.8625,0.215625,0.7245512588844717,0.13793103448275862,702.4889399760617
1633,8130,0.3625,0.403125,0.7952776773882665,0.48275862068965514,702.4
1634,3542,0.3625,0.3125,0.6752463558607397,0.27586206896551724,702.3412816691505
1635,6109,0.875,0.0625,0.65293579086857,0.48275862068965514,701.8666666666667
1636,14041,0.875,0.920625,0.7658836284784966,0.9655172413793103,701.4918032786885
1637,9345,0.875,0.5509375000000001,0.9629442235875195,0.3448275862068966,701.1940298507462
1638,10958,0.125,0.8836562499999999,0.8647873750150584,0.9655172413793103,700.8032786885246
1639,4921,0.625,0.3421875,0.7468979641007107,0.27586206896551724,700.7883755588674
1640,5598,0.8625,0.2966375,0.7775207806288399,0.0,700.1694915254237
1641,7236,0.1125,0.5509375000000001,0.9629442235875195,0.6206896551724137,700.1470588235294
1642,8867,0.6125,0.38309375,0.8589928924225997,0.48275862068965514,699.6
1643,1572,0.75,0.65625,0.6023370678231538,0.8275862068965517,699.531561461794
1644,2485,0.1125,0.246875,0.6813612817732804,0.0,699.3220338983051
1645,6106,0.875,0.07625937499999999,0.7658836284784966,0.0,698.9830508474577
1646,6693,0.125,0.375,0.789519335019877,0.6206896551724137,698.9705882352941
1647,13729,0.8625,0.7446875000000001,0.8525719792796047,0.9655172413793103,698.5081967213115
1648,20408,0.832925,0.8943125000000001,0.9233224912661124,0.8275862068965517,698.3687707641196
1649,5438,0.8625,0.125,0.6813612817732804,0.0,697.6271186440678
1650,47,0.875,0.9375,0.62643055053608,0.8275862068965517,697.312292358804
1651,4655,0.6125,0.04685281249999999,0.7463052644259728,0.13793103448275862,697.0266939961041
1652,17063,0.125,0.68065625,0.8341284182628599,0.6896551724137931,696.9612141652614
1653,13747,0.8625,0.6756562500000001,0.8040477050957715,0.6896551724137931,696.6239460370995
1654,4548,0.6125,0.309375,0.65293579086857,0.3448275862068966,696.4179104477612
1655,4218,0.375,0.206659375,0.8878448379713287,0.13793103448275862,696.3922554910935
1656,7442,0.375,0.40625,0.7718949524153716,0.6206896551724137,696.3235294117648
1657,12177,0.375,0.69659375,0.7551740754126008,0.8275862068965517,695.485049833887
1658,10429,0.1125,0.7631875,0.9796651005902903,0.8275862068965517,695.3189368770765
1659,17994,0.375,0.08065625,0.8821346825683652,0.13793103448275862,695.2514640526178
1660,8604,0.625,0.621875,0.7059462715335502,0.48275862068965514,695.2
1661,17422,0.8625,0.31186250000000004,0.8462594868088182,0.27586206896551724,694.2935916542474
1662,11455,0.3625,0.6546875,0.6866642573183953,0.8275862068965517,693.6578073089701
1663,5375,0.8625,0.069996875,0.8718226719672328,0.27586206896551724,693.4858420268256
1664,2529,0.1125,0.3125,0.6996542585230695,0.3448275862068966,693.1343283582089
1665,9657,0.875,0.59590625,0.8046500421635947,0.48275862068965514,693.0666666666667
1666,7442,0.375,0.40625,0.7718949524153716,0.3448275862068966,692.8358208955224
1667,9894,0.8625,0.388,0.8183471870858932,0.48275862068965514,692.6666666666666
1668,2366,0.1125,0.067015625,0.7440320443320082,0.27586206896551724,692.6542473919523
1669,3953,0.375,0.25,0.7615106613661005,0.13793103448275862,692.5686833051232
1670,5520,0.8625,0.246875,0.6538959161546801,0.27586206896551724,691.9090909090909
1671,11269,0.125,0.9013125000000001,0.9114323575472835,0.6896551724137931,691.7335581787521
1672,4426,0.6125,0.125,0.6813612817732804,0.13793103448275862,691.4762341091316
1673,5932,0.875,0.3421875,0.716781110709553,0.13793103448275862,691.4278918666474
1674,4088,0.375,0.0625,0.62643055053608,0.48275862068965514,690.9333333333333
1675,12760,0.6125,0.6875,0.7682568365257197,0.9655172413793103,690.5081967213115
1676,2529,0.1125,0.3125,0.6996542585230695,0.6206896551724137,690.4411764705883
1677,2590,0.1125,0.22749999999999998,0.8973135766775088,0.0,689.8305084745763
1678,21098,0.8625,0.74628125,0.9623298397783399,0.8275862068965517,688.8405315614618
1679,4933,0.625,0.309375,0.62643055053608,0.48275862068965514,688.0
1680,4553,0.6125,0.3125,0.6996542585230695,0.6206896551724137,687.3529411764706
1681,13890,0.875,0.76290625,0.9138296590772196,0.6896551724137931,686.849915682968
1682,8479,0.625,0.4375,0.7088266473918805,0.48275862068965514,686.8
1683,11176,0.125,0.6875,0.62643055053608,0.6206896551724137,686.7647058823529
1684,12647,0.6125,0.9375,0.6508384531984098,0.48275862068965514,686.6666666666666
1685,8961,0.6125,0.6515625,0.735933020118058,0.48275862068965514,686.5333333333333
1686,13814,0.8625,0.7563125,0.9451270931213106,0.6896551724137931,686.3372681281619
1687,6150,0.875,0.189640625,0.9998795325864354,0.13793103448275862,686.1505442786729
1688,14201,0.875,0.684375,0.62643055053608,0.6896551724137931,685.6627318718381
1689,13466,0.8625,0.67678125,0.822816528129141,0.9655172413793103,685.4262295081967
1690,11786,0.3625,0.75,0.9248042404529574,0.8275862068965517,684.8538205980067
1691,16001,0.8625,0.321328125,0.8036742561137211,0.0,684.5762711864406
1692,8454,0.625,0.403125,0.7952776773882665,0.48275862068965514,684.5333333333333
1693,12178,0.375,0.70125,0.7658836284784966,0.8275862068965517,684.3554817275748
1694,4591,0.6125,0.29638437500000003,0.8183471870858932,0.13793103448275862,683.8290897371909
1695,9329,0.875,0.50878125,0.9870015660763762,0.3448275862068966,683.7313432835821
1696,11873,0.375,0.75646875,0.930333694735574,0.8275862068965517,683.5249169435216
1697,6978,0.1125,0.590625,0.7428056860619202,0.48275862068965514,683.0666666666667
1698,4355,0.6125,0.12385312499999998,0.9653294783760993,0.13793103448275862,682.9614105977131
1699,5977,0.875,0.25,0.7615106613661005,0.13793103448275862,682.7366405411993
1700,5903,0.875,0.278125,0.8796530538489338,0.27586206896551724,682.3710879284649
1701,8967,0.6125,0.6476875,0.6691205878809782,0.9655172413793103,681.1639344262295
1702,2899,0.125,0.31775625,0.7092350319238645,0.48275862068965514,680.4
1703,11452,0.3625,0.66540625,0.7863028550777015,0.6896551724137931,680.2664418212479
1704,21887,0.375,0.14628125,0.9860257800265027,0.13793103448275862,680.0055175512205
1705,6178,0.875,0.329559375,0.7767256956993133,0.0,680.0
1706,7392,0.375,0.4579375,0.9854234429586796,0.3448275862068966,679.4029850746268
1707,1571,0.6875,0.65625,0.6023370678231538,0.8275862068965517,678.7674418604652
1708,10614,0.1125,0.90625,0.7108553186363088,0.9655172413793103,678.3770491803278
1709,1238,0.5,0.3125,0.6023370678231538,0.27586206896551724,678.3472429210134
1710,13016,0.625,0.9375,0.7240621611853992,0.8275862068965517,678.1029900332226
1711,8184,0.3625,0.4579375,0.9854234429586796,0.3448275862068966,677.9104477611941
1712,21596,0.12499999999999992,0.85878125,0.979580773400795,0.8275862068965517,677.6046511627907
1713,13517,0.8625,0.746875,0.7885315022286471,0.6896551724137931,677.5682967959527
1714,17061,0.3625,0.6838124999999999,0.8430309601252861,0.9655172413793103,677.5245901639345
1715,13651,0.8625,0.934375,0.7324515118660402,0.9655172413793103,676.9016393442623
1716,4135,0.375,0.12385312499999998,0.9653294783760993,0.13793103448275862,676.8163838702608
1717,9609,0.875,0.59375,0.62643055053608,0.48275862068965514,676.8
1718,9611,0.875,0.59859375,0.7859414528370076,0.48275862068965514,675.8666666666667
1719,11817,0.3625,0.78125,0.8838935068064088,0.8275862068965517,675.7176079734219
1720,12954,0.625,0.71875,0.8578604987350921,0.9655172413793103,675.5901639344262
1721,7468,0.375,0.4375,0.62643055053608,0.3448275862068966,675.223880597015
1722,3904,0.375,0.3390625,0.6955848692928562,0.13793103448275862,675.0894961692586
1723,11886,0.375,0.7335625,0.9325864353692326,0.8275862068965517,674.9468438538206
1724,13443,0.8625,0.8368125,0.9940850499939766,0.8275862068965517,674.4485049833887
1725,9223,0.6125,0.64378125,0.7470545717383447,0.8275862068965517,674.3887043189369
1726,9165,0.6125,0.366625,0.7092350319238645,0.13793103448275862,673.5390362822861
1727,20199,0.625,0.58375,0.9201421515480062,0.48275862068965514,673.0666666666667
1728,4595,0.6125,0.278125,0.8578604987350921,0.13793103448275862,672.7680416277766
1729,4432,0.6125,0.146021875,0.8653776653415252,0.27586206896551724,672.4724292101341
1730,13915,0.875,0.7088125,0.8888085772798457,0.8275862068965517,672.2890365448505
1731,12162,0.375,0.71875,0.655524635586074,0.9655172413793103,671.6229508196722
1732,13692,0.8625,0.927875,0.8251897361763642,0.6896551724137931,670.6610455311973
1733,4569,0.6125,0.3390625,0.6955848692928562,0.13793103448275862,670.3100309367957
1734,12119,0.375,0.78125,0.7245512588844717,0.8275862068965517,670.1295681063123
1735,9382,0.875,0.63125,0.7455559571136007,0.8275862068965517,670.1295681063123
1736,4936,0.625,0.309375,0.65293579086857,0.6206896551724137,669.7058823529412
1737,12126,0.375,0.778125,0.62643055053608,0.9655172413793103,669.655737704918
1738,7895,0.3625,0.36546875,0.7209938561619081,0.48275862068965514,669.6
1739,13645,0.8625,0.920625,0.7658836284784966,0.9655172413793103,669.327868852459
1740,15732,0.842825,0.6600625,0.7506083604385013,0.9655172413793103,668.1803278688525
1741,12862,0.625,0.7563125,0.9451270931213106,0.9655172413793103,668.0491803278688
1742,11757,0.3625,0.715625,0.8367546078785688,0.6896551724137931,667.6256323777403
1743,14035,0.875,0.934375,0.67944103120106,0.8275862068965517,666.9734219269103
1744,10493,0.1125,0.746875,0.7885315022286471,0.6896551724137931,666.7824620573356
1745,11752,0.3625,0.6875,0.7682568365257197,0.9655172413793103,666.5409836065573
1746,7572,0.375,0.590625,0.7428056860619202,0.48275862068965514,666.5333333333333
1747,7833,0.3625,0.4212187500000001,0.8866401638356823,0.48275862068965514,666.4
1748,4929,0.625,0.3125,0.6508384531984098,0.0,666.271186440678
1749,12882,0.625,0.76290625,0.9138296590772196,0.9655172413793103,666.0491803278688
1750,20119,0.6125,0.58375,0.9201421515480062,0.48275862068965514,665.8666666666667
1751,10846,0.125,0.7563125,0.9451270931213106,0.6896551724137931,665.602023608769
1752,20590,0.6125,0.1368625,0.9785086134200698,0.13793103448275862,664.526330415356
1753,1570,0.625,0.65625,0.6023370678231538,0.8275862068965517,663.6511627906976
1754,12260,0.375,0.90625,0.9023370678231537,0.8275862068965517,663.1528239202657
1755,4392,0.6125,0.07625937499999999,0.7658836284784966,0.27586206896551724,662.9970193740686
1756,3380,0.3625,0.07625937499999999,0.7658836284784966,0.27586206896551724,661.655737704918
1757,9118,0.6125,0.4375,0.62643055053608,0.3448275862068966,661.3432835820895
1758,24189,0.3625,0.8306250000000001,0.9965787254547644,0.6896551724137931,660.8802698145025
1759,17023,0.3625,0.6838124999999999,0.8281652812914105,0.9655172413793103,660.639344262295
1760,2552,0.1125,0.33519375,0.6691205878809782,0.13793103448275862,660.3414320233729
1761,7002,0.1125,0.559375,0.6538959161546801,0.48275862068965514,660.2666666666667
1762,6521,0.125,0.53125,0.8212865919768702,0.48275862068965514,660.1333333333333
1763,11779,0.3625,0.76290625,0.9138296590772196,0.9655172413793103,659.5245901639345
1764,8209,0.3625,0.64378125,0.7470545717383447,0.8275862068965517,659.3322259136213
1765,5570,0.8625,0.31775625,0.7092350319238645,0.48275862068965514,658.8
1766,13768,0.8625,0.6875,0.7682568365257197,0.6896551724137931,658.5193929173693
1767,8426,0.625,0.3421875,0.716781110709553,0.13793103448275862,658.2447475384047
1768,13766,0.8625,0.6875,0.8107697867726779,0.9655172413793103,658.1803278688525
1769,9118,0.6125,0.4375,0.62643055053608,0.6206896551724137,657.9411764705883
1770,10407,0.1125,0.92053125,0.8865317431634743,0.9655172413793103,657.688524590164
1771,11753,0.3625,0.6875,0.7469943380315623,0.8275862068965517,657.2790697674419
1772,24189,0.3625,0.8306250000000001,0.9965787254547644,0.9655172413793103,656.2459016393443
1773,13641,0.8625,0.90625,0.62643055053608,0.8275862068965517,656.1760797342192
1774,12019,0.375,0.934375,0.67944103120106,0.6896551724137931,655.9831365935919
1775,2540,0.1125,0.3421875,0.716781110709553,0.13793103448275862,655.6985229404089
1776,5358,0.8625,0.189640625,0.9998795325864354,0.27586206896551724,655.5454545454545
1777,7396,0.375,0.42928125,0.9567642452716538,0.48275862068965514,655.4666666666667
1778,8983,0.6125,0.625,0.6508384531984098,0.8275862068965517,655.4518272425249
1779,12787,0.6125,0.76290625,0.9138296590772196,0.6896551724137931,654.9780775716695
1780,14076,0.875,0.871875,0.6538959161546801,0.9655172413793103,654.1147540983607
1781,11475,0.3625,0.69659375,0.7551740754126008,0.9655172413793103,653.7540983606557
1782,11767,0.3625,0.7335625,0.9325864353692326,0.8275862068965517,653.6843853820598
1783,13487,0.8625,0.6875,0.65293579086857,0.48275862068965514,653.6
1784,10625,0.1125,0.934375,0.67944103120106,0.8275862068965517,652.4617940199336
1785,6177,0.875,0.325428125,0.7905914950006022,0.27586206896551724,652.3532041728763
1786,1241,0.6875,0.3125,0.6023370678231538,0.27586206896551724,652.204172876304
1787,16627,0.3625,0.0712375,0.8747861703409228,0.27586206896551724,651.521609538003
1788,5961,0.875,0.28125,0.62643055053608,0.48275862068965514,651.4666666666667
1789,8628,0.625,0.64375,0.6826466690760149,0.8275862068965517,650.1960132890365
1790,17775,0.6125,0.9244375,0.8634501867244909,0.9655172413793103,650.1803278688525
1791,12608,0.6125,0.871875,0.62643055053608,0.6896551724137931,649.7504215851602
1792,11694,0.3625,0.8590312499999999,0.8712323816407661,0.6896551724137931,649.5817875210793
1793,2508,0.1125,0.278125,0.7428056860619202,0.0,648.8135593220339
1794,11780,0.3625,0.75646875,0.930333694735574,0.8275862068965517,648.5348837209302
1795,21310,0.8625,0.24623750000000003,0.9673292374412721,0.13793103448275862,647.3202555784894
1796,12719,0.6125,0.73171875,0.8770148174918684,0.6896551724137931,646.3709949409781
1797,19223,0.125,0.1181125,0.9584507890615589,0.0,645.5932203389831
1798,17061,0.3625,0.6838124999999999,0.8430309601252861,0.6896551724137931,645.3659359190557
1799,5897,0.875,0.258784375,0.8441633538127936,0.13793103448275862,644.091250232999
1800,11911,0.375,0.7070000000000001,0.8115046379954222,0.8275862068965517,643.8239202657808
1801,5882,0.875,0.22749999999999998,0.8973135766775088,0.27586206896551724,642.8152011922504
1802,14037,0.875,0.934375,0.7324515118660402,0.6896551724137931,642.4924114671163
1803,10658,0.1125,0.934375,0.8107697867726779,0.6896551724137931,641.6492411467117
1804,12321,0.375,0.8295,0.9166606432959884,0.8275862068965517,641.2259136212624
1805,7228,0.1125,0.5530625,0.9451270931213106,0.48275862068965514,641.2
1806,4519,0.6125,0.25,0.7615106613661005,0.13793103448275862,641.0386727015381
1807,12743,0.6125,0.684375,0.8084809059149499,0.9655172413793103,640.672131147541
1808,12598,0.6125,0.8579062499999999,0.8598602578002649,0.8275862068965517,640.6677740863787
1809,11895,0.375,0.715625,0.8367546078785688,0.9655172413793103,640.016393442623
1810,4518,0.6125,0.25,0.7885315022286471,0.27586206896551724,639.5365126676602
1811,12966,0.625,0.8590312499999999,0.8712323816407661,0.9655172413793103,637.7213114754098
1812,13773,0.8625,0.715625,0.8367546078785688,0.6896551724137931,637.6087689713322
1813,12966,0.625,0.8590312499999999,0.8712323816407661,0.6896551724137931,637.4401349072513
1814,9057,0.6125,0.5070625,0.8788820624021202,0.3448275862068966,637.3134328358209
1815,15849,0.12499999999999992,0.32128125,0.8192145524635586,0.0,637.2881355932203
1816,9153,0.6125,0.375,0.7059462715335502,0.0,636.271186440678
1817,9148,0.6125,0.38875000000000004,0.7658836284784966,0.3448275862068966,636.1194029850747
1818,9475,0.875,0.40625,0.62643055053608,0.48275862068965514,635.7333333333333
1819,120,0.0625,0.875,0.62643055053608,0.8275862068965517,635.6843853820598
1820,2385,0.1125,0.1006375,0.8127815925792072,0.0,635.4237288135594
1821,14046,0.875,0.90625,0.7108553186363088,0.6896551724137931,635.4165261382799
1822,11636,0.3625,0.934375,0.62643055053608,0.6206896551724137,635.2941176470588
1823,8409,0.625,0.43634375,0.9653294783760993,0.3448275862068966,635.0746268656717
1824,9143,0.6125,0.403125,0.6545717383447777,0.48275862068965514,635.0666666666667
1825,15961,0.3947125,0.335575,0.7718347187085892,0.13793103448275862,635.0302021235847
1826,4939,0.625,0.28125,0.7952776773882665,0.0,633.5593220338983
1827,9404,0.875,0.5745625000000001,0.9472834598241175,0.48275862068965514,633.4666666666667
1828,9861,0.8625,0.4212187500000001,0.8866401638356823,0.48275862068965514,633.2
1829,13451,0.8625,0.7777499999999999,0.9902300927599084,0.6896551724137931,632.8802698145025
1830,4529,0.6125,0.278125,0.655524635586074,0.27586206896551724,632.2965722801788
1831,13574,0.8625,0.8125,0.7276641368509817,0.8275862068965517,632.2558139534884
1832,12560,0.6125,0.809375,0.62643055053608,0.8275862068965517,632.1960132890365
1833,13790,0.8625,0.72715625,0.8990362606914829,0.6896551724137931,631.6998313659359
1834,1012,0.4375,0.078125,0.6023370678231538,0.0,631.5254237288135
1835,11013,0.125,0.934375,0.7324515118660402,0.9655172413793103,630.1803278688525
1836,4384,0.6125,0.059375,0.62643055053608,0.6206896551724137,629.8529411764706
1837,8014,0.3625,0.559375,0.7088266473918805,0.48275862068965514,629.4666666666667
1838,3979,0.375,0.21875,0.62643055053608,0.13793103448275862,629.3431860871133
1839,11629,0.3625,0.920625,0.7658836284784966,0.9655172413793103,629.327868852459
1840,12741,0.6125,0.684375,0.7660281893747741,0.8275862068965517,629.2059800664451
1841,2965,0.125,0.21875,0.8212865919768702,0.0,629.1525423728814
1842,10853,0.125,0.7584375,0.9629442235875195,0.8275862068965517,629.0398671096345
1843,11707,0.3625,0.71875,0.8578604987350921,0.9655172413793103,628.672131147541
1844,3943,0.375,0.278125,0.655524635586074,0.27586206896551724,628.5081967213115
1845,10939,0.125,0.71875,0.8360558968798939,0.6896551724137931,628.495784148398
1846,13447,0.8625,0.80725,0.9998795325864354,0.9655172413793103,628.3770491803278
1847,11492,0.3625,0.71875,0.8009998795325863,0.6896551724137931,628.1652613827994
1848,8630,0.625,0.6476875,0.6691205878809782,0.9655172413793103,627.8852459016393
1849,11511,0.3625,0.75,0.6538959161546801,0.6896551724137931,627.4839797639123
1850,12291,0.375,0.86990625,0.9562703288760389,0.6896551724137931,626.8094435075885
1851,10449,0.1125,0.6546875,0.7468979641007107,0.9655172413793103,626.7049180327868
1852,5938,0.875,0.327909375,0.6778038790507167,0.0,626.4406779661017
1853,9992,0.8625,0.625,0.7240621611853992,0.48275862068965514,626.2666666666667
1854,13252,0.625,0.66540625,0.7863028550777015,0.6896551724137931,625.9662731871838
1855,11592,0.3625,0.871875,0.6538959161546801,0.6896551724137931,625.29173693086
1856,6717,0.125,0.4212187500000001,0.8866401638356823,0.48275862068965514,624.8
1857,10659,0.1125,0.934375,0.789519335019877,0.8275862068965517,624.4485049833887
1858,5162,0.625,0.31689375000000003,0.817094325984821,0.27586206896551724,624.0372578241431
1859,14288,0.875,0.875,0.9504276593181543,0.9655172413793103,623.2950819672132
1860,22968,0.6125,0.849375,0.9868931454041681,0.8275862068965517,622.953488372093
1861,3858,0.375,0.22749999999999998,0.8973135766775088,0.27586206896551724,622.0134128166915
1862,14229,0.875,0.88009375,0.9567642452716538,0.8275862068965517,621.7906976744187
1863,11976,0.375,0.927875,0.8251897361763642,0.6896551724137931,621.7504215851602
1864,4495,0.6125,0.21875,0.8212865919768702,0.0,621.6949152542373
1865,8688,0.625,0.36546875,0.7209938561619081,0.48275862068965514,621.6
1866,2365,0.1125,0.0625,0.7324515118660402,0.0,621.5254237288135
1867,12949,0.625,0.73171875,0.8770148174918684,0.6896551724137931,620.9072512647555
1868,8684,0.625,0.3491875,0.6691205878809782,0.13793103448275862,620.8283625756948
1869,13540,0.8625,0.778125,0.8212865919768702,0.6896551724137931,620.2327150084317
1870,23328,0.3625,0.49312500000000004,0.9997470184315143,0.48275862068965514,619.4666666666667
1871,3325,0.3625,0.2550875,0.9567642452716538,0.13793103448275862,619.3262449312065
1872,9201,0.6125,0.43634375,0.9653294783760993,0.6206896551724137,619.1176470588235
1873,8651,0.625,0.57128125,0.8441633538127936,0.48275862068965514,618.2666666666667
1874,24249,0.375,0.81503125,0.9878086977472593,0.6896551724137931,618.2158516020236
1875,10455,0.1125,0.679125,0.7092350319238645,0.6896551724137931,618.0472175379426
1876,15793,0.8625,0.6743750000000001,0.8154559691603421,0.8275862068965517,617.8039867109635
1877,4141,0.375,0.0828125,0.9004216359474762,0.13793103448275862,617.3262449312065
1878,15599,0.14490625,0.6761874999999999,0.8210095169256716,0.6896551724137931,617.0286677908938
1879,9665,0.875,0.57128125,0.8441633538127936,0.48275862068965514,616.5333333333333
1880,10461,0.1125,0.6875,0.7059462715335502,0.6896551724137931,616.522765598651
1881,13263,0.625,0.94375,0.7455559571136007,0.9655172413793103,616.3770491803278
1882,5444,0.8625,0.146021875,0.8653776653415252,0.27586206896551724,616.1385991058122
1883,9623,0.875,0.625,0.6508384531984098,0.6206896551724137,615.5882352941177
1884,13033,0.625,0.920625,0.7658836284784966,0.6896551724137931,615.3423271500843
1885,10171,0.8625,0.371875,0.6752463558607397,0.3448275862068966,614.6268656716418
1886,9923,0.8625,0.36546875,0.7209938561619081,0.48275862068965514,614.4
1887,6726,0.125,0.44390625000000006,0.8653294783760993,0.48275862068965514,614.1333333333333
1888,13911,0.875,0.715625,0.8367546078785688,0.9655172413793103,614.0819672131148
1889,5082,0.625,0.09375,0.7718949524153716,0.0,613.8983050847457
1890,5703,0.8625,0.108721875,0.8866401638356823,0.13793103448275862,613.639228894735
1891,13795,0.8625,0.76290625,0.9138296590772196,0.9655172413793103,613.2622950819672
1892,3095,0.125,0.32008749999999997,0.822816528129141,0.0,612.8813559322034
1893,6919,0.1125,0.608875,0.8183471870858932,0.48275862068965514,612.8
1894,2290,0.1125,0.3187625,0.7455559571136007,0.13793103448275862,612.6349936057583
1895,3844,0.375,0.11320625,0.8647873750150584,0.13793103448275862,611.9522128582636
1896,4292,0.6125,0.256575,0.8742561137212383,0.13793103448275862,611.6791005592657
1897,5351,0.8625,0.2408875,0.9729671123960967,0.27586206896551724,610.6244411326378
1898,3591,0.3625,0.26515625,0.8770148174918684,0.27586206896551724,610.6244411326378
1899,13072,0.625,0.8579062499999999,0.8598602578002649,0.8275862068965517,610.3289036544851
1900,4870,0.625,0.22749999999999998,0.8973135766775088,0.27586206896551724,609.9418777943368
1901,9856,0.8625,0.44390625000000006,0.8653294783760993,0.48275862068965514,609.8666666666667
1902,12425,0.6125,0.9074687499999999,0.9134441633538127,0.9655172413793103,609.655737704918
1903,13861,0.875,0.78553125,0.9588001445608962,0.8275862068965517,609.2724252491695
1904,10716,0.1125,0.6639062499999999,0.7352017829177208,0.8275862068965517,609.2724252491695
1905,6587,0.125,0.6453125,0.6612275629442236,0.9655172413793103,609.1639344262295
1906,21725,0.8625,0.8712500000000001,0.9547885796891941,0.9655172413793103,609.0327868852459
1907,5892,0.875,0.27164062499999997,0.8892302132273219,0.13793103448275862,608.859763662272
1908,10233,0.8625,0.6379374999999999,0.7905914950006022,0.48275862068965514,608.5333333333333
1909,13974,0.875,0.8590312499999999,0.8712323816407661,0.9655172413793103,608.344262295082
1910,655,0.375,0.3125,0.62643055053608,0.13793103448275862,607.9920845227942
1911,12292,0.375,0.8503437500000001,0.9739549451873267,0.8275862068965517,607.8372093023256
1912,9461,0.875,0.3935,0.7761354053728465,0.48275862068965514,607.7333333333333
1913,20234,0.8625,0.5806250000000001,0.9382363570654136,0.6206896551724137,607.5
1914,10721,0.1125,0.6673125,0.7767256956993133,0.8275862068965517,607.3388704318937
1915,9736,0.875,0.375,0.7682568365257197,0.48275862068965514,607.3333333333334
1916,3124,0.125,0.1167875,0.9567642452716538,0.27586206896551724,607.2593144560358
1917,4062,0.375,0.1006375,0.8127815925792072,0.0,606.6101694915254
1918,1889,0.875,0.984375,0.6023370678231538,0.8275862068965517,606.5083056478405
1919,10468,0.1125,0.70125,0.7658836284784966,0.8275862068965517,605.9501661129568
1920,9173,0.6125,0.6325937500000001,0.822816528129141,0.48275862068965514,605.7333333333333
1921,24177,0.3625,0.8275,0.9855077701481749,0.6896551724137931,605.2242833052277
1922,3925,0.375,0.309375,0.7324515118660402,0.48275862068965514,605.0666666666667
1923,5323,0.8625,0.28125,0.8367546078785688,0.27586206896551724,604.9612518628912
1924,5080,0.625,0.09375,0.7137128056860619,0.13793103448275862,604.7630791773038
1925,8962,0.6125,0.627125,0.7330092759908444,0.8275862068965517,604.3488372093024
1926,8955,0.6125,0.621875,0.7682568365257197,0.48275862068965514,604.1333333333333
1927,5558,0.8625,0.300271875,0.7551740754126008,0.13793103448275862,603.6222877388282
1928,12949,0.625,0.73171875,0.8770148174918684,0.9655172413793103,603.4590163934427
1929,15930,0.375,0.31815625000000003,0.8133477894229612,0.13793103448275862,603.0760631408324
1930,12177,0.375,0.69659375,0.7551740754126008,0.6896551724137931,602.8701517706577
1931,7425,0.375,0.375,0.7059462715335502,0.0,602.7118644067797
1932,9524,0.875,0.48278125000000005,0.8773762197325623,0.6206896551724137,602.3529411764706
1933,2879,0.125,0.309375,0.8107697867726779,0.0,602.2033898305085
1934,5910,0.875,0.2966375,0.7775207806288399,0.27586206896551724,602.1296572280179
1935,5074,0.625,0.1006375,0.8127815925792072,0.0,601.6949152542373
1936,11187,0.125,0.679125,0.7092350319238645,0.48275862068965514,601.2
1937,4925,0.625,0.32289375,0.6938103842910492,0.27586206896551724,600.5529061102832
1938,20493,0.3625,0.1399875,0.9688591735935429,0.13793103448275862,600.1201700943399
1939,6656,0.125,0.3491875,0.6691205878809782,0.13793103448275862,600.0718278518557
1940,3178,0.125,0.240546875,0.9451270931213106,0.27586206896551724,599.2116244411326
1941,13174,0.625,0.71875,0.7718949524153716,0.48275862068965514,598.8
1942,5390,0.8625,0.048982187499999996,0.6938103842910492,0.13793103448275862,598.7062663568663
1943,10489,0.1125,0.746875,0.6804637995422238,0.9655172413793103,597.7213114754098
1944,3376,0.3625,0.0625,0.62643055053608,0.48275862068965514,597.3333333333334
1945,11170,0.125,0.70125,0.7658836284784966,0.6896551724137931,596.6306913996627
1946,11178,0.125,0.684375,0.6996542585230695,0.8275862068965517,596.4817275747508
1947,2498,0.1125,0.25,0.6804637995422238,0.13793103448275862,596.0234856093716
1948,1243,0.8125,0.3125,0.6023370678231538,0.27586206896551724,595.8703427719821
1949,1016,0.6875,0.078125,0.6023370678231538,0.27586206896551724,595.5722801788376
1950,4125,0.375,0.197040625,0.9989157932779182,0.13793103448275862,595.2041487123779
1951,7274,0.3625,0.50559375,0.8852547885796891,0.48275862068965514,595.0666666666667
1952,8084,0.3625,0.465625,0.8212865919768702,0.48275862068965514,594.9333333333333
1953,49,0.75,0.9375,0.62643055053608,0.8275862068965517,593.8239202657808
1954,23042,0.8625,0.849375,0.9868931454041681,0.8275862068965517,593.5514950166113
1955,3927,0.375,0.28125,0.7952776773882665,0.27586206896551724,593.4858420268256
1956,9405,0.875,0.56759375,0.9567642452716538,0.48275862068965514,592.9333333333333
1957,17100,0.6125,0.6838124999999999,0.8281652812914105,0.6896551724137931,592.4080944350759
1958,5600,0.8625,0.303071875,0.7626671485363209,0.48275862068965514,592.4
1959,24177,0.3625,0.8275,0.9855077701481749,0.9655172413793103,592.311475409836
1960,12337,0.6125,0.9375,0.7872545476448619,0.9655172413793103,591.983606557377
1961,12018,0.375,0.934375,0.7059462715335502,0.9655172413793103,591.983606557377
1962,10484,0.1125,0.71875,0.8009998795325863,0.9655172413793103,591.9508196721312
1963,2846,0.125,0.22749999999999998,0.8973135766775088,0.0,591.5254237288135
1964,4560,0.6125,0.327909375,0.6778038790507167,0.0,590.8474576271186
1965,9729,0.875,0.40096875,0.8046500421635947,0.48275862068965514,590.8
1966,12305,0.375,0.840625,0.9800385495723407,0.6896551724137931,590.5531197301855
1967,2394,0.1125,0.121875,0.8155402963498374,0.13793103448275862,590.424683479915
1968,9548,0.875,0.5070625,0.8788820624021202,0.6206896551724137,590.1470588235294
1969,12642,0.6125,0.934375,0.7059462715335502,0.6896551724137931,590.0539629005059
1970,20370,0.375,0.87753125,0.9473196000481869,0.8275862068965517,590.0033222591362
1971,3474,0.3625,0.215625,0.7245512588844717,0.13793103448275862,589.1956781344245
1972,2875,0.125,0.303071875,0.7626671485363209,0.48275862068965514,588.4
1973,634,0.75,0.328125,0.62643055053608,0.27586206896551724,587.822652757079
1974,4976,0.625,0.246875,0.6538959161546801,0.13793103448275862,587.6935604899362
1975,1779,0.5625,0.875,0.6023370678231538,0.8275862068965517,587.0730897009967
1976,11486,0.3625,0.71875,0.7718949524153716,0.48275862068965514,586.8
1977,15931,0.6125,0.321328125,0.8190820383086375,0.0,586.1016949152543
1978,5967,0.875,0.278125,0.655524635586074,0.0,585.9322033898305
1979,23040,0.625,0.83378125,0.9953860980604745,0.8275862068965517,585.6843853820598
1980,4326,0.6125,0.325859375,0.8049271172147935,0.0,585.4237288135594
1981,9659,0.875,0.608875,0.8183471870858932,0.48275862068965514,585.2
1982,3105,0.125,0.2550875,0.9567642452716538,0.13793103448275862,584.9140952574732
1983,1569,0.5625,0.65625,0.6023370678231538,0.8275862068965517,584.687707641196
1984,10320,0.1125,0.9375,0.8084809059149499,0.8275862068965517,584.0232558139535
1985,17341,0.5889,0.310315625,0.8357306348632694,0.13793103448275862,583.4119776129849
1986,24259,0.375,0.8275,0.9975906517287073,0.9655172413793103,582.311475409836
1987,8754,0.625,0.44390625000000006,0.8653294783760993,0.48275862068965514,582.2666666666667
1988,4055,0.375,0.121875,0.7885315022286471,0.13793103448275862,582.0947583604795
1989,11764,0.3625,0.709,0.8218527888206241,0.8275862068965517,581.8637873754153
1990,4542,0.6125,0.28125,0.7952776773882665,0.27586206896551724,581.2652757078987
1991,8070,0.3625,0.48278125000000005,0.8773762197325623,0.6206896551724137,581.1764705882352
1992,20227,0.8625,0.5681875,0.9559691603421274,0.6206896551724137,581.0294117647059
1993,12919,0.625,0.7070000000000001,0.8115046379954222,0.8275862068965517,580.4285714285714
1994,3928,0.375,0.29089062499999996,0.7761354053728465,0.48275862068965514,580.2666666666667
1995,6405,0.125,0.366625,0.7092350319238645,0.13793103448275862,580.0464161179955
1996,10001,0.8625,0.621875,0.62643055053608,0.6206896551724137,579.5588235294117
1997,2805,0.125,0.04685281249999999,0.7463052644259728,0.13793103448275862,578.680854623006
1998,12505,0.6125,0.746875,0.6804637995422238,0.8275862068965517,578.5415282392026
1999,10557,0.1125,0.82659375,0.8773762197325623,0.8275862068965517,577.3787375415283
2000,4816,0.625,0.0625,0.7682568365257197,0.0,577.1186440677966
2001,8368,0.625,0.63125,0.7455559571136007,0.8275862068965517,577.1063122923588
2002,2892,0.125,0.3390625,0.6955848692928562,0.13793103448275862,576.7690685300208
2003,17384,0.6486500000000001,0.3103125,0.835742681604626,0.13793103448275862,576.7690685300208
2004,5407,0.8625,0.090625,0.6545717383447777,0.27586206896551724,576.5588673621461
2005,4713,0.6125,0.12696875,0.9562703288760389,0.0,576.271186440678
2006,14205,0.875,0.684375,0.7240621611853992,0.9655172413793103,575.2622950819672
2007,24333,0.625,0.8275,0.9975906517287073,0.6896551724137931,575.2074198988196
2008,958,0.8125,0.015625,0.6023370678231538,0.13793103448275862,575.0820524935494
2009,13820,0.8625,0.8026562500000001,0.9049150704734369,0.6896551724137931,574.5328836424958
2010,2885,0.125,0.31889687499999997,0.7209938561619081,0.0,574.0677966101695
2011,13869,0.875,0.7606875,0.9339838573665823,0.8275862068965517,574.0564784053156
2012,8007,0.3625,0.5625,0.8155402963498374,0.3448275862068966,574.0298507462686
2013,7130,0.1125,0.371875,0.6508384531984098,0.0,573.8983050847457
2014,14234,0.875,0.844125,0.9902300927599084,0.8275862068965517,573.6179401993355
2015,13512,0.8625,0.746875,0.6534465727020841,0.8275862068965517,573.4518272425249
2016,6086,0.875,0.1006375,0.8127815925792072,0.27586206896551724,573.4292101341282
2017,7397,0.375,0.4223125,0.9472834598241175,0.3448275862068966,573.2835820895523
2018,14331,0.875,0.83803125,0.8851825081315503,0.8275862068965517,572.7873754152824
2019,6419,0.125,0.3935,0.7761354053728465,0.48275862068965514,571.8666666666667
2020,4150,0.375,0.31689375000000003,0.817094325984821,0.27586206896551724,571.7272727272727
2021,3659,0.3625,0.07712812499999999,0.8743645343934465,0.27586206896551724,571.7272727272727
2022,4484,0.6125,0.215625,0.6754909047102758,0.27586206896551724,571.6408345752608
2023,13185,0.625,0.69659375,0.7551740754126008,0.6896551724137931,571.335581787521
2024,11219,0.125,0.7777499999999999,0.9902300927599084,0.6896551724137931,571.335581787521
2025,14258,0.875,0.67678125,0.822816528129141,0.9655172413793103,571.327868852459
2026,10516,0.1125,0.778125,0.8212865919768702,0.9655172413793103,571.1639344262295
2027,12155,0.375,0.746875,0.6804637995422238,0.8275862068965517,571.0664451827242
2028,2818,0.125,0.0511375,0.733739308517046,0.0,571.0169491525423
2029,22378,0.8625,0.76815625,0.9714251295024696,0.8275862068965517,570.9601328903655
2030,4668,0.6125,0.0625,0.7682568365257197,0.27586206896551724,570.5976154992549
2031,5739,0.8625,0.169065625,0.8891097458137575,0.0,570.1694915254237
2032,360,0.0625,0.625,0.62643055053608,0.48275862068965514,570.0
2033,1883,0.5,0.984375,0.6023370678231538,0.8275862068965517,569.1328903654485
2034,23251,0.625,0.1837375,0.9999638597759306,0.27586206896551724,569.0447093889717
2035,13136,0.625,0.778125,0.8212865919768702,0.6896551724137931,568.637436762226
2036,4901,0.625,0.309375,0.7682568365257197,0.0,568.4745762711865
2037,14165,0.875,0.746875,0.62643055053608,0.6896551724137931,568.4620573355818
2038,8590,0.625,0.59375,0.7671364895795687,0.48275862068965514,568.4
2039,8690,0.625,0.3453125,0.6754101915431876,0.13793103448275862,568.3025872610865
2040,11051,0.125,0.871875,0.6813612817732804,0.8275862068965517,568.3023255813954
2041,20157,0.375,0.56815625,0.9560293940489097,0.6206896551724137,567.9411764705883
2042,13809,0.8625,0.778125,0.9116251054089869,0.8275862068965517,567.8039867109635
2043,5400,0.8625,0.0625,0.62643055053608,0.0,567.6271186440678
2044,10754,0.1125,0.69578125,0.8357908685700518,0.6896551724137931,567.4569983136594
2045,2974,0.125,0.215625,0.7245512588844717,0.13793103448275862,567.2983519721098
2046,7586,0.375,0.61278125,0.7551740754126008,0.3448275862068966,567.1641791044776
2047,115,0.375,0.875,0.62643055053608,0.8275862068965517,567.0797342192691
2048,6587,0.125,0.6453125,0.6612275629442236,0.8275862068965517,566.8073089700997
2049,14263,0.875,0.9375,0.8297072641850378,0.6896551724137931,565.9392917369308
2050,6993,0.1125,0.5625,0.8155402963498374,0.6206896551724137,565.5882352941177
2051,13149,0.625,0.75,0.6538959161546801,0.6896551724137931,565.433389544688
2052,12075,0.375,0.84375,0.62643055053608,0.8275862068965517,565.312292358804
2053,11756,0.3625,0.7088125,0.8888085772798457,0.8275862068965517,563.2591362126246
2054,19146,0.625,0.89940625,0.9147693049030237,0.6896551724137931,562.566610455312
2055,7575,0.375,0.590625,0.62643055053608,0.48275862068965514,562.2666666666667
2056,6418,0.125,0.38875000000000004,0.7658836284784966,0.3448275862068966,562.0895522388059
2057,3804,0.375,0.0625,0.7682568365257197,0.0,561.6949152542373
2058,5786,0.875,0.153125,0.9338392964703047,0.13793103448275862,561.5629936931542
2059,6572,0.125,0.61278125,0.7551740754126008,0.3448275862068966,561.1940298507462
2060,13136,0.625,0.778125,0.8212865919768702,0.9655172413793103,560.9672131147541
2061,12102,0.375,0.809375,0.8542103361040838,0.9655172413793103,560.8032786885246
2062,8996,0.6125,0.61278125,0.7551740754126008,0.6206896551724137,560.7352941176471
2063,2094,1.0,0.6875,0.62643055053608,0.9655172413793103,560.4754098360655
2064,15627,0.6125,0.6743750000000001,0.7999638597759305,0.6896551724137931,559.5244519392918
2065,8996,0.6125,0.61278125,0.7551740754126008,0.3448275862068966,559.1044776119403
2066,10206,0.8625,0.502125,0.9998795325864354,0.6206896551724137,558.8235294117648
2067,5583,0.8625,0.31889687499999997,0.7209938561619081,0.0,558.8135593220339
2068,19128,0.625,0.90253125,0.9092398506204071,0.9655172413793103,558.5409836065573
2069,4588,0.6125,0.303071875,0.7626671485363209,0.48275862068965514,558.4
2070,12532,0.6125,0.778125,0.8212865919768702,0.6896551724137931,558.3440134907252
2071,13390,0.8625,0.8883125,0.9325864353692326,0.6896551724137931,558.3440134907252
2072,9460,0.875,0.38875000000000004,0.7658836284784966,0.3448275862068966,558.2089552238806
2073,8439,0.625,0.375,0.7059462715335502,0.0,556.6101694915254
2074,10010,0.8625,0.61278125,0.7551740754126008,0.3448275862068966,556.4179104477612
2075,9987,0.8625,0.6546875,0.6866642573183953,0.8275862068965517,556.3421926910299
2076,21091,0.625,0.765,0.981195036742561,0.8275862068965517,556.1760797342192
2077,8344,0.625,0.5758125,0.9325864353692326,0.48275862068965514,556.0
2078,7557,0.375,0.5625,0.8155402963498374,0.3448275862068966,554.6268656716418
2079,3791,0.375,0.11517812499999999,0.9419226599204914,0.27586206896551724,554.290611028316
2080,3914,0.375,0.327909375,0.6778038790507167,0.27586206896551724,553.3964232488822
2081,6562,0.125,0.59375,0.7671364895795687,0.48275862068965514,552.4
2082,5421,0.8625,0.1006375,0.8127815925792072,0.27586206896551724,551.9061102831595
2083,3804,0.375,0.0625,0.7682568365257197,0.27586206896551724,551.8196721311475
2084,2604,0.1125,0.11320625,0.8647873750150584,0.13793103448275862,551.7309509292304
2085,2925,0.125,0.28125,0.62643055053608,0.13793103448275862,551.7309509292304
2086,11384,0.3625,0.875,0.8618600168654379,0.8275862068965517,551.6312292358804
2087,14050,0.875,0.903125,0.62643055053608,0.6896551724137931,551.4300168634064
2088,12758,0.6125,0.6875,0.8107697867726779,0.8275862068965517,551.2990033222592
2089,2926,0.125,0.278125,0.62643055053608,0.27586206896551724,551.2235469448584
2090,2879,0.125,0.309375,0.8107697867726779,0.13793103448275862,550.959956274721
2091,5339,0.8625,0.32008749999999997,0.822816528129141,0.27586206896551724,550.7764530551416
2092,6375,0.125,0.4799375,0.9969883146608842,0.6206896551724137,550.2941176470588
2093,11706,0.3625,0.71875,0.8360558968798939,0.9655172413793103,550.1803278688525
2094,7557,0.375,0.5625,0.8155402963498374,0.6206896551724137,549.8529411764706
2095,14193,0.875,0.69659375,0.7551740754126008,0.9655172413793103,549.8196721311475
2096,9195,0.6125,0.4799375,0.9969883146608842,0.6206896551724137,549.5588235294117
2097,10467,0.1125,0.69659375,0.7551740754126008,0.9655172413793103,549.0327868852459
2098,12532,0.6125,0.778125,0.8212865919768702,0.9655172413793103,549.0
2099,7121,0.1125,0.3935,0.7761354053728465,0.48275862068965514,548.9333333333333
2100,7401,0.375,0.3953125,0.9004216359474762,0.48275862068965514,548.4
2101,11175,0.125,0.6875,0.7059462715335502,0.9655172413793103,548.3770491803278
2102,12596,0.6125,0.84375,0.8699915672810504,0.8275862068965517,548.1428571428571
2103,2520,0.1125,0.29089062499999996,0.7761354053728465,0.48275862068965514,548.0
2104,5074,0.625,0.1006375,0.8127815925792072,0.27586206896551724,547.8822652757079
2105,7184,0.1125,0.36428125,0.822816528129141,0.48275862068965514,547.6
2106,20631,0.625,0.1399875,0.9688591735935429,0.27586206896551724,546.9016393442623
2107,12627,0.6125,0.903125,0.62643055053608,0.48275862068965514,546.5333333333333
2108,4889,0.625,0.278125,0.8360558968798939,0.13793103448275862,546.317047191757
2109,1876,0.0625,0.984375,0.6023370678231538,0.8275862068965517,546.1495016611295
2110,5933,0.875,0.3421875,0.7468979641007107,0.0,545.7627118644068
2111,15723,0.7913375,0.6696875,0.7847970124081436,0.8275862068965517,544.8205980066446
2112,10278,0.8625,0.5509375000000001,0.9629442235875195,0.48275862068965514,544.8
2113,3496,0.3625,0.246875,0.6538959161546801,0.0,544.2372881355932
2114,3143,0.125,0.3336,0.762462353933261,0.13793103448275862,544.0838065572898
2115,5429,0.8625,0.121875,0.7885315022286471,0.0,544.0677966101695
2116,2897,0.125,0.3421875,0.7468979641007107,0.13793103448275862,543.9472504077908
2117,6814,0.1125,0.44390625000000006,0.8653294783760993,0.48275862068965514,542.1333333333333
2118,2500,0.1125,0.25,0.62643055053608,0.13793103448275862,540.2602343713194
2119,3406,0.3625,0.121875,0.8155402963498374,0.13793103448275862,540.2602343713194
2120,3386,0.3625,0.090625,0.7389965064450066,0.27586206896551724,539.983606557377
2121,7652,0.375,0.55296875,0.8653294783760993,0.48275862068965514,539.8666666666667
2122,9233,0.6125,0.60696875,0.8288158053246596,0.48275862068965514,538.5333333333333
2123,12178,0.375,0.70125,0.7658836284784966,0.6896551724137931,538.1079258010118
2124,23670,0.8625,0.7931874999999999,0.9851343211661244,0.9655172413793103,538.016393442623
2125,2505,0.1125,0.278125,0.655524635586074,0.13793103448275862,537.8505659228225
2126,2889,0.125,0.33519375,0.6691205878809782,0.27586206896551724,537.8107302533532
2127,11949,0.375,0.725125,0.8250090350560174,0.8275862068965517,537.405315614618
2128,20265,0.3625,0.87753125,0.9473196000481869,0.9655172413793103,537.360655737705
2129,19066,0.6125,0.89940625,0.9147693049030237,0.6896551724137931,537.2715008431703
2130,11643,0.3625,0.94790625,0.6938103842910492,0.8275862068965517,537.2392026578073
2131,10393,0.1125,0.9375,0.8297072641850378,0.6896551724137931,536.7588532883642
2132,10676,0.1125,0.8967499999999999,0.8250090350560174,0.9655172413793103,536.7377049180328
2133,20442,0.625,0.87753125,0.9473196000481869,0.6896551724137931,535.4165261382799
2134,13396,0.8625,0.875,0.9504276593181543,0.8275862068965517,535.0199335548173
2135,1223,0.5,0.296875,0.6023370678231538,0.13793103448275862,534.9828867833448
2136,5547,0.8625,0.278125,0.62643055053608,0.0,534.9152542372881
2137,5542,0.8625,0.278125,0.6846187206360679,0.0,534.5762711864406
2138,14205,0.875,0.684375,0.7240621611853992,0.6896551724137931,534.566610455312
2139,2970,0.125,0.215625,0.8226719672328634,0.13793103448275862,534.4366621853491
2140,351,0.625,0.625,0.62643055053608,0.48275862068965514,533.6
2141,11527,0.3625,0.778125,0.62643055053608,0.9655172413793103,533.4262295081967
2142,7386,0.375,0.502125,0.9998795325864354,0.6206896551724137,533.0882352941177
2143,16001,0.8625,0.321328125,0.8036742561137211,0.13793103448275862,532.8862022983766
2144,9401,0.875,0.5949687499999999,0.9134441633538127,0.48275862068965514,532.6666666666666
2145,13938,0.875,0.6673125,0.7767256956993133,0.8275862068965517,532.5880398671096
2146,11804,0.3625,0.8026562500000001,0.9049150704734369,0.9655172413793103,532.4754098360655
2147,9547,0.875,0.5,0.8795084929526562,0.48275862068965514,531.8666666666667
2148,656,0.3125,0.3125,0.62643055053608,0.13793103448275862,531.793753102385
2149,7120,0.1125,0.38875000000000004,0.7658836284784966,0.6206896551724137,531.4705882352941
2150,9952,0.8625,0.5646875,0.8525719792796047,0.48275862068965514,531.3333333333334
2151,10263,0.8625,0.5758125,0.9325864353692326,0.6206896551724137,530.8823529411765
2152,3889,0.375,0.309375,0.7682568365257197,0.0,530.3389830508474
2153,10152,0.8625,0.403125,0.62643055053608,0.13793103448275862,529.3840846538882
2154,7194,0.1125,0.65003125,0.7478014697024454,0.8275862068965517,529.0398671096345
2155,5553,0.8625,0.28125,0.62643055053608,0.27586206896551724,528.4217585692995
2156,4901,0.625,0.309375,0.7682568365257197,0.27586206896551724,528.3591654247392
2157,12876,0.625,0.75,0.8586917238886881,0.8275862068965517,528.2093023255813
2158,5960,0.875,0.28125,0.7671364895795687,0.0,527.6271186440678
2159,4191,0.375,0.2361875,0.9339838573665823,0.13793103448275862,526.8777317204232
2160,5556,0.8625,0.29089062499999996,0.7761354053728465,0.48275862068965514,526.4
2161,10796,0.1125,0.8026562500000001,0.9049150704734369,0.6896551724137931,526.3035413153457
2162,13865,0.875,0.8026562500000001,0.9049150704734369,0.6896551724137931,525.4671163575042
2163,8178,0.3625,0.502125,0.9998795325864354,0.3448275862068966,524.9253731343283
2164,4543,0.6125,0.2861,0.7859414528370076,0.13793103448275862,524.3315071224274
2165,8970,0.6125,0.6515625,0.6955848692928562,0.8275862068965517,524.2823920265781
2166,14192,0.875,0.6875,0.7324515118660402,0.48275862068965514,523.8666666666667
2167,13749,0.8625,0.684375,0.7660281893747741,0.8275862068965517,523.1196013289036
2168,12722,0.6125,0.6616875,0.6691205878809782,0.48275862068965514,522.9333333333333
2169,15688,0.375,0.6743750000000001,0.8154559691603421,0.6896551724137931,522.256323777403
2170,20515,0.3625,0.1368625,0.9785086134200698,0.13793103448275862,521.9617103384612
2171,19154,0.8625,0.915,0.8984941573304421,0.8275862068965517,521.9568106312292
2172,3532,0.3625,0.29089062499999996,0.7761354053728465,0.48275862068965514,521.6
2173,10112,0.8625,0.465625,0.8212865919768702,0.48275862068965514,521.0666666666667
2174,7915,0.3625,0.55296875,0.8653294783760993,0.48275862068965514,520.9333333333333
2175,10037,0.8625,0.559375,0.62643055053608,0.48275862068965514,520.8
2176,1065,0.9375,0.125,0.6023370678231538,0.13793103448275862,520.7327049929708
2177,15637,0.572925,0.67490625,0.8016263100831226,0.8275862068965517,520.0697674418604
2178,8611,0.625,0.625,0.7240621611853992,0.8275862068965517,519.7973421926911
2179,7889,0.3625,0.3453125,0.6754101915431876,0.13793103448275862,519.3671434979814
2180,17728,0.12499999999999992,0.92440625,0.8776894350078304,0.6896551724137931,519.052276559865
2181,3269,0.3625,0.2361875,0.9339838573665823,0.13793103448275862,519.0058172919687
2182,10416,0.1125,0.8586874999999999,0.9796651005902903,0.6896551724137931,518.7217537942664
2183,14178,0.875,0.71875,0.655524635586074,0.9655172413793103,518.2131147540983
2184,9004,0.6125,0.590625,0.62643055053608,0.48275862068965514,517.7333333333333
2185,9343,0.875,0.5378437500000001,0.9739549451873267,0.3448275862068966,517.4626865671642
2186,23670,0.8625,0.7931874999999999,0.9851343211661244,0.6896551724137931,515.6863406408095
2187,5492,0.8625,0.194553125,0.8788820624021202,0.27586206896551724,515.6050670640834
2188,13042,0.625,0.903125,0.62643055053608,0.48275862068965514,515.3333333333334
2189,5881,0.875,0.23395937500000002,0.9138296590772196,0.13793103448275862,515.3188012554972
2190,5144,0.625,0.145440625,0.9854234429586796,0.0,515.2542372881356
2191,6036,0.875,0.184375,0.7023551379351886,0.13793103448275862,514.3629082090047
2192,3369,0.3625,0.059375,0.6752463558607397,0.27586206896551724,514.2637853949329
2193,12852,0.625,0.7876562500000001,0.8868570051800987,0.8275862068965517,514.1495016611295
2194,4546,0.6125,0.300271875,0.7551740754126008,0.13793103448275862,513.9048975180237
2195,6360,0.125,0.58828125,0.9256113721238406,0.48275862068965514,513.6
2196,3979,0.375,0.21875,0.62643055053608,0.0,512.8813559322034
2197,10704,0.1125,0.7382187499999999,0.8647873750150584,0.8275862068965517,512.7607973421927
2198,11159,0.125,0.71875,0.62643055053608,0.6896551724137931,511.8010118043845
2199,8123,0.3625,0.40625,0.62643055053608,0.6206896551724137,511.7647058823529
2200,17247,0.3625,0.31186250000000004,0.831478135164438,0.13793103448275862,510.900662229047
2201,15649,0.375,0.66190625,0.7574509095289723,0.9655172413793103,510.8360655737705
2202,9617,0.875,0.621875,0.67944103120106,0.48275862068965514,510.6666666666667
2203,13987,0.875,0.8967499999999999,0.8250090350560174,0.9655172413793103,510.6393442622951
2204,6662,0.125,0.3453125,0.6754101915431876,0.13793103448275862,510.40277987353534
2205,10460,0.1125,0.684375,0.62643055053608,0.6206896551724137,509.8529411764706
2206,10416,0.1125,0.8586874999999999,0.9796651005902903,0.9655172413793103,509.8196721311475
2207,6251,0.875,0.3125,0.7660281893747741,0.48275862068965514,509.46666666666664
2208,6422,0.125,0.403125,0.6827141308276111,0.48275862068965514,509.3333333333333
2209,9111,0.6125,0.4375,0.6538959161546801,0.3448275862068966,509.25373134328356
2210,5563,0.8625,0.309375,0.7324515118660402,0.48275862068965514,509.2
2211,20660,0.8625,0.12128125000000001,0.9623298397783399,0.13793103448275862,507.9447691825544
2212,3043,0.125,0.121875,0.7885315022286471,0.0,507.6271186440678
2213,4091,0.375,0.059375,0.6752463558607397,0.27586206896551724,507.55737704918033
2214,2029,1.0,0.328125,0.6023370678231538,0.13793103448275862,506.71576383706395
2215,10774,0.1125,0.7693125000000001,0.8764004336826888,0.8275862068965517,506.1760797342193
2216,12183,0.375,0.6875,0.7059462715335502,0.48275862068965514,506.0
2217,14171,0.875,0.746875,0.6804637995422238,0.6896551724137931,505.73693086003374
2218,3316,0.3625,0.3141625,0.8399349475966751,0.13793103448275862,505.6233146410724
2219,9111,0.6125,0.4375,0.6538959161546801,0.6206896551724137,505.44117647058823
2220,11086,0.125,0.8125,0.7276641368509817,0.8275862068965517,505.2857142857143
2221,10003,0.8625,0.621875,0.67944103120106,0.48275862068965514,505.2
2222,12169,0.375,0.715625,0.7671364895795687,0.8275862068965517,504.2890365448505
2223,13441,0.8625,0.8514375,0.9854234429586796,0.9655172413793103,504.24590163934425
2224,3930,0.375,0.300271875,0.7551740754126008,0.13793103448275862,503.71152854808724
2225,12847,0.625,0.78125,0.9722684013974219,0.8275862068965517,502.5215946843854
2226,23612,0.375,0.805625,0.9997470184315143,0.6896551724137931,501.5210792580101
2227,6580,0.125,0.625,0.6752463558607397,0.48275862068965514,501.3333333333333
2228,4595,0.6125,0.278125,0.8578604987350921,0.27586206896551724,501.1490312965723
2229,4615,0.6125,0.23395937500000002,0.9138296590772196,0.13793103448275862,501.0686194651232
2230,18696,0.625,0.27753125,0.9092398506204071,0.13793103448275862,500.2976248106137
