rank,node_number,x_n,y_n,z_n,t_n,score
1,3006,0.125,0.17028125,0.8773762197325623,0.0,29988.999199999995
2,2047,1.0,0.046875,0.6023370678231538,0.0,19995.999199999995
3,23205,0.3987375,0.17905625,0.9995904107938802,0.13793103448275862,10006.999199999998
4,717,0.25,0.25,0.62643055053608,0.13793103448275862,9997.299199999998
5,16657,0.3151125,0.06812812500000001,0.8672690037344898,0.0,7002.399299999999
6,13506,0.8625,0.71875,0.655524635586074,0.13793103448275862,5997.699299999999
7,18623,0.39878749999999996,0.279090625,0.9063847729189254,0.0,4958.599299999999
8,16914,0.375,0.37128125,0.8280327671364895,0.27586206896551724,3997.1992999999993
9,10985,0.125,0.9439062500000001,0.7209938561619081,0.6206896551724137,3000.2992999999997
10,16638,0.24375,0.063446875,0.8554029634983737,0.27586206896551724,3000.1992999999993
11,13654,0.8625,0.9375,0.6752463558607397,0.0,2999.1992999999993
12,9833,0.8625,0.49015624999999996,0.9049150704734369,0.3448275862068966,2727.544818181818
13,7349,0.375,0.59375,0.8804722322611732,0.3448275862068966,2726.908454545454
14,15282,0.3229875,0.348875,0.7554872906878689,0.48275862068965514,2437.31650406504
15,23910,0.7439250000000001,0.197834375,0.9987591856402842,1.0,2300.114137931034
16,22058,0.15475,0.47240624999999997,0.9940127695458378,1.0,2298.9647126436776
17,21875,0.5828375,0.1451,0.9729189254306709,1.0,2291.4934482758617
18,13427,0.8625,0.9450937500000001,0.822816528129141,0.6206896551724137,1999.8992999999996
19,17368,0.523325,0.30213125,0.8712082881580532,0.3448275862068966,1819.5448181818178
20,21873,0.5414749999999999,0.150971875,0.9769545837850862,0.9655172413793103,1664.666083333333
21,18678,0.5236625,0.287284375,0.904035658354415,0.9655172413793103,1661.166083333333
22,7302,0.375,0.51525,0.9854234429586796,0.6896551724137931,1503.8340601503758
23,4657,0.6125,0.059375,0.7448066498012287,0.8275862068965517,1116.2218333333333
24,19850,0.19624000000000003,0.26033125,0.9369232622575593,0.8275862068965517,1113.777388888889
25,5473,0.8625,0.184375,0.7276641368509817,0.13793103448275862,1000.6992999999998
26,14149,0.875,0.778125,0.6995000602337067,0.27586206896551724,1000.5992999999999
27,11296,0.125,0.840625,0.9141910613179135,0.3448275862068966,909.3629999999998
28,5765,0.875,0.15625,0.9280809541019153,0.48275862068965514,812.6335772357722
29,17926,0.3625,0.07753125000000001,0.8891699795205397,0.48275862068965514,808.820569105691
30,15225,0.644675,0.0350715625,0.7506083604385013,0.6206896551724137,801.2693999999999
31,11379,0.3625,0.9013125000000001,0.9114323575472835,0.3448275862068966,636.4176363636362
32,7452,0.375,0.434375,0.6534465727020841,1.0,570.2981609195401
33,14236,0.875,0.8294374999999998,0.9969883146608842,0.0,500.10939999999994
34,11059,0.125,0.84375,0.675142753885074,1.0,459.0567816091953
35,8644,0.625,0.602375,0.8115046379954222,0.13793103448275862,400.09939999999995
36,18396,0.6125,0.7056875,0.882231056499217,0.48275862068965514,325.1539837398374
37,13219,0.625,0.89396875,0.9368871220334899,0.48275862068965514,243.88569105691053
38,21242,0.375,0.24623750000000003,0.9673292374412721,1.0,140.57471264367814
39,21207,0.375,0.24936250000000001,0.9511866040236115,1.0,117.47126436781606
40,21206,0.4046875,0.24742187499999999,0.9534513913986267,1.0,115.74712643678158
41,19926,0.6125,0.25570312500000003,0.9432478014697024,1.0,113.79310344827584
42,21141,0.3625,0.24936250000000001,0.9511866040236115,1.0,113.6781609195402
43,4119,0.375,0.2408875,0.9729671123960967,1.0,112.96551724137929
44,19920,0.375,0.25565625000000003,0.9433080351764848,1.0,112.18390804597699
45,4336,0.6125,0.262071875,0.9472834598241175,1.0,109.85057471264365
46,3372,0.3625,0.059375,0.62643055053608,1.0,108.96551724137929
47,21194,0.33885,0.2446875,0.9690157812311769,1.0,108.62068965517238
48,2532,0.1125,0.3125,0.62643055053608,1.0,106.12643678160917
49,4384,0.6125,0.059375,0.62643055053608,1.0,105.51724137931032
50,19944,0.375,0.25253125,0.9599807252138296,1.0,105.28735632183906
51,5396,0.8625,0.059375,0.62643055053608,1.0,105.17241379310343
52,2360,0.1125,0.059375,0.62643055053608,1.0,104.367816091954
53,5101,0.625,0.059375,0.62643055053608,1.0,103.90804597701147
54,6113,0.875,0.059375,0.62643055053608,1.0,103.56321839080458
55,4089,0.375,0.059375,0.62643055053608,1.0,102.87356321839079
56,21261,0.3987,0.244684375,0.9690278279725333,1.0,101.60919540229882
57,3920,0.375,0.3125,0.62643055053608,0.27586206896551724,100.99999999999999
58,3077,0.125,0.059375,0.62643055053608,1.0,100.22988505747125
59,4089,0.375,0.059375,0.62643055053608,0.27586206896551724,99.99999999999999
60,3920,0.375,0.3125,0.62643055053608,0.13793103448275862,99.99999999999999
61,3544,0.3625,0.3125,0.62643055053608,0.13793103448275862,99.99999999999999
62,3372,0.3625,0.059375,0.62643055053608,0.27586206896551724,99.99999999999999
63,3372,0.3625,0.059375,0.62643055053608,0.6206896551724137,98.99999999999999
64,21242,0.375,0.24623750000000003,0.9673292374412721,0.6206896551724137,98.39999999999998
65,19949,0.4047375000000001,0.25448125,0.9575352367184676,1.0,97.81609195402297
66,19875,0.33276249999999996,0.25448125,0.9575352367184676,1.0,97.81609195402297
67,3920,0.375,0.3125,0.62643055053608,0.0,96.99999999999999
68,4384,0.6125,0.059375,0.62643055053608,0.6206896551724137,96.99999999999999
69,2532,0.1125,0.3125,0.62643055053608,0.27586206896551724,96.99999999999999
70,19870,0.3625,0.25253125,0.9599807252138296,1.0,96.78160919540228
71,5396,0.8625,0.059375,0.62643055053608,0.6206896551724137,95.99999999999999
72,2532,0.1125,0.3125,0.62643055053608,0.6206896551724137,94.99999999999999
73,2908,0.125,0.3125,0.62643055053608,1.0,94.43678160919538
74,5101,0.625,0.059375,0.62643055053608,0.6206896551724137,93.99999999999999
75,19951,0.5827625000000001,0.25448125,0.9575352367184676,1.0,93.56321839080458
76,6113,0.875,0.059375,0.62643055053608,0.6206896551724137,92.99999999999999
77,2532,0.1125,0.3125,0.62643055053608,0.0,92.99999999999999
78,21199,0.6125,0.24936250000000001,0.9511866040236115,1.0,92.98850574712641
79,4198,0.375,0.2384375,0.9629442235875195,1.0,92.97701149425285
80,4089,0.375,0.059375,0.62643055053608,0.6206896551724137,91.99999999999999
81,3544,0.3625,0.3125,0.62643055053608,0.27586206896551724,91.99999999999999
82,5944,0.875,0.3125,0.62643055053608,1.0,91.4942528735632
83,3917,0.375,0.3125,0.6508384531984098,1.0,91.47126436781608
84,3920,0.375,0.3125,0.62643055053608,0.6206896551724137,90.99999999999999
85,2307,0.1125,0.29553124999999997,0.8865317431634743,0.27586206896551724,90.99999999999999
86,2360,0.1125,0.059375,0.62643055053608,0.6206896551724137,90.99999999999999
87,2905,0.125,0.3125,0.6508384531984098,1.0,90.20689655172411
88,19919,0.398775,0.257215625,0.9412239489218166,1.0,90.11494252873561
89,2360,0.1125,0.059375,0.62643055053608,0.27586206896551724,89.99999999999999
90,3917,0.375,0.3125,0.6508384531984098,0.27586206896551724,89.99999999999999
91,4932,0.625,0.3125,0.62643055053608,0.13793103448275862,89.99999999999999
92,4932,0.625,0.3125,0.62643055053608,0.27586206896551724,89.99999999999999
93,3917,0.375,0.3125,0.6508384531984098,0.13793103448275862,89.99999999999999
94,4384,0.6125,0.059375,0.62643055053608,0.27586206896551724,89.99999999999999
95,3544,0.3625,0.3125,0.62643055053608,0.0,89.99999999999999
96,3543,0.3625,0.3125,0.6508384531984098,0.13793103448275862,89.99999999999999
97,6113,0.875,0.059375,0.62643055053608,0.27586206896551724,89.99999999999999
98,5100,0.625,0.0625,0.62643055053608,0.27586206896551724,89.99999999999999
99,5101,0.625,0.059375,0.62643055053608,0.27586206896551724,89.99999999999999
100,3077,0.125,0.059375,0.62643055053608,0.27586206896551724,89.99999999999999
101,3076,0.125,0.0625,0.62643055053608,0.27586206896551724,89.99999999999999
102,2532,0.1125,0.3125,0.62643055053608,0.13793103448275862,89.99999999999999
103,5396,0.8625,0.059375,0.62643055053608,0.27586206896551724,89.99999999999999
104,4556,0.6125,0.3125,0.62643055053608,0.13793103448275862,89.99999999999999
105,4556,0.6125,0.3125,0.62643055053608,0.27586206896551724,89.99999999999999
106,21238,0.6125,0.24623750000000003,0.9673292374412721,1.0,89.54022988505746
107,21242,0.375,0.24623750000000003,0.9673292374412721,0.48275862068965514,88.86178861788616
108,4088,0.375,0.0625,0.62643055053608,1.0,88.73563218390802
109,2778,0.125,0.10855624999999999,0.9325864353692326,1.0,88.29885057471263
110,19940,0.6125,0.25253125,0.9599807252138296,1.0,88.04597701149423
111,4556,0.6125,0.3125,0.62643055053608,0.0,87.99999999999999
112,5568,0.8625,0.3125,0.62643055053608,1.0,87.28735632183906
113,2532,0.1125,0.3125,0.62643055053608,0.3448275862068966,87.27272727272725
114,4932,0.625,0.3125,0.62643055053608,0.0,86.99999999999999
115,3077,0.125,0.059375,0.62643055053608,0.6206896551724137,86.99999999999999
116,3076,0.125,0.0625,0.62643055053608,1.0,86.55172413793102
117,21242,0.375,0.24623750000000003,0.9673292374412721,0.3448275862068966,86.45454545454544
118,5568,0.8625,0.3125,0.62643055053608,0.27586206896551724,85.99999999999999
119,2531,0.1125,0.3125,0.6508384531984098,0.27586206896551724,85.99999999999999
120,4556,0.6125,0.3125,0.62643055053608,0.6206896551724137,85.99999999999999
121,6112,0.875,0.0625,0.62643055053608,1.0,85.74712643678158
122,21200,0.5829,0.24742187499999999,0.9534513913986267,1.0,85.17241379310343
123,3368,0.3625,0.059375,0.6508384531984098,1.0,85.17241379310343
124,5100,0.625,0.0625,0.62643055053608,1.0,85.05747126436779
125,3917,0.375,0.3125,0.6508384531984098,0.0,84.99999999999999
126,21242,0.375,0.24623750000000003,0.9673292374412721,0.9655172413793103,84.41666666666666
127,2531,0.1125,0.3125,0.6508384531984098,1.0,84.26436781609193
128,2307,0.1125,0.29553124999999997,0.8865317431634743,0.0,83.99999999999999
129,2307,0.1125,0.29553124999999997,0.8865317431634743,0.13793103448275862,83.99999999999999
130,2908,0.125,0.3125,0.62643055053608,0.27586206896551724,83.99999999999999
131,3544,0.3625,0.3125,0.62643055053608,0.6206896551724137,83.99999999999999
132,5944,0.875,0.3125,0.62643055053608,0.27586206896551724,83.99999999999999
133,5568,0.8625,0.3125,0.62643055053608,0.0,83.99999999999999
134,5400,0.8625,0.0625,0.62643055053608,1.0,83.67816091954022
135,4388,0.6125,0.0625,0.62643055053608,1.0,83.56321839080458
136,3285,0.3625,0.25,0.9282857487049753,0.13793103448275862,83.39999999999999
137,21256,0.58885,0.2446875,0.9690157812311769,1.0,83.33333333333331
138,4088,0.375,0.0625,0.62643055053608,0.6206896551724137,82.99999999999999
139,4932,0.625,0.3125,0.62643055053608,0.6206896551724137,82.99999999999999
140,3543,0.3625,0.3125,0.6508384531984098,0.27586206896551724,82.99999999999999
141,3582,0.3625,0.278125,0.8796530538489338,0.27586206896551724,82.99999999999999
142,2531,0.1125,0.3125,0.6508384531984098,0.6206896551724137,82.99999999999999
143,2364,0.1125,0.0625,0.62643055053608,1.0,82.98850574712642
144,4380,0.6125,0.059375,0.6508384531984098,1.0,82.87356321839079
145,3376,0.3625,0.0625,0.62643055053608,1.0,82.87356321839079
146,2778,0.125,0.10855624999999999,0.9325864353692326,0.6206896551724137,82.76999999999998
147,3920,0.375,0.3125,0.62643055053608,0.3448275862068966,82.72727272727272
148,4555,0.6125,0.3125,0.6508384531984098,1.0,82.5287356321839
149,5392,0.8625,0.059375,0.6508384531984098,1.0,82.5287356321839
150,4290,0.6125,0.26331875,0.9325864353692326,1.0,82.47126436781608
151,17352,0.375,0.29628125,0.8848572461149259,1.0,82.41379310344826
152,4289,0.6125,0.256696875,0.9419226599204914,1.0,82.09195402298849
153,2908,0.125,0.3125,0.62643055053608,0.6206896551724137,81.99999999999999
154,5944,0.875,0.3125,0.62643055053608,0.0,81.99999999999999
155,2531,0.1125,0.3125,0.6508384531984098,0.0,81.99999999999999
156,18650,0.375,0.2899875,0.8984941573304421,0.6206896551724137,81.79999999999998
157,3372,0.3625,0.059375,0.62643055053608,0.9655172413793103,81.66666666666666
158,5104,0.625,0.059375,0.6508384531984098,1.0,81.60919540229884
159,2532,0.1125,0.3125,0.62643055053608,0.9655172413793103,81.41666666666666
160,2778,0.125,0.10855624999999999,0.9325864353692326,0.3448275862068966,81.20909090909089
161,21279,0.625,0.24936250000000001,0.9511866040236115,1.0,81.14942528735631
162,3543,0.3625,0.3125,0.6508384531984098,1.0,81.02298850574711
163,2908,0.125,0.3125,0.62643055053608,0.0,80.99999999999999
164,5568,0.8625,0.3125,0.62643055053608,0.6206896551724137,80.99999999999999
165,6116,0.875,0.059375,0.6508384531984098,1.0,80.91954022988504
166,4092,0.375,0.059375,0.6508384531984098,1.0,80.8045977011494
167,3570,0.3625,0.309375,0.8107697867726779,1.0,80.78160919540228
168,2356,0.1125,0.059375,0.6508384531984098,1.0,80.68965517241378
169,4183,0.375,0.26331875,0.9325864353692326,1.0,80.26436781609193
170,3582,0.3625,0.278125,0.8796530538489338,1.0,80.19540229885055
171,4556,0.6125,0.3125,0.62643055053608,0.3448275862068966,79.99999999999999
172,4088,0.375,0.0625,0.62643055053608,0.13793103448275862,79.99999999999999
173,4088,0.375,0.0625,0.62643055053608,0.27586206896551724,79.99999999999999
174,4092,0.375,0.059375,0.6508384531984098,0.27586206896551724,79.99999999999999
175,2360,0.1125,0.059375,0.62643055053608,0.13793103448275862,79.99999999999999
176,4380,0.6125,0.059375,0.6508384531984098,0.27586206896551724,79.99999999999999
177,4929,0.625,0.3125,0.6508384531984098,0.13793103448275862,79.99999999999999
178,2364,0.1125,0.0625,0.62643055053608,0.27586206896551724,79.99999999999999
179,4384,0.6125,0.059375,0.62643055053608,0.13793103448275862,79.99999999999999
180,2908,0.125,0.3125,0.62643055053608,0.13793103448275862,79.99999999999999
181,4388,0.6125,0.0625,0.62643055053608,0.13793103448275862,79.99999999999999
182,4388,0.6125,0.0625,0.62643055053608,0.27586206896551724,79.99999999999999
183,3543,0.3625,0.3125,0.6508384531984098,0.0,79.99999999999999
184,6113,0.875,0.059375,0.62643055053608,0.13793103448275862,79.99999999999999
185,6112,0.875,0.0625,0.62643055053608,0.13793103448275862,79.99999999999999
186,6112,0.875,0.0625,0.62643055053608,0.27586206896551724,79.99999999999999
187,6116,0.875,0.059375,0.6508384531984098,0.27586206896551724,79.99999999999999
188,5100,0.625,0.0625,0.62643055053608,0.13793103448275862,79.99999999999999
189,5567,0.8625,0.3125,0.6508384531984098,0.13793103448275862,79.99999999999999
190,3368,0.3625,0.059375,0.6508384531984098,0.13793103448275862,79.99999999999999
191,3368,0.3625,0.059375,0.6508384531984098,0.27586206896551724,79.99999999999999
192,5944,0.875,0.3125,0.62643055053608,0.13793103448275862,79.99999999999999
193,5568,0.8625,0.3125,0.62643055053608,0.13793103448275862,79.99999999999999
194,5400,0.8625,0.0625,0.62643055053608,0.13793103448275862,79.99999999999999
195,5400,0.8625,0.0625,0.62643055053608,0.27586206896551724,79.99999999999999
196,3372,0.3625,0.059375,0.62643055053608,0.0,79.99999999999999
197,3372,0.3625,0.059375,0.62643055053608,0.13793103448275862,79.99999999999999
198,2531,0.1125,0.3125,0.6508384531984098,0.13793103448275862,79.99999999999999
199,5396,0.8625,0.059375,0.62643055053608,0.13793103448275862,79.99999999999999
200,3376,0.3625,0.0625,0.62643055053608,0.27586206896551724,79.99999999999999
201,4555,0.6125,0.3125,0.6508384531984098,0.13793103448275862,79.99999999999999
202,4555,0.6125,0.3125,0.6508384531984098,0.27586206896551724,79.99999999999999
203,5392,0.8625,0.059375,0.6508384531984098,0.13793103448275862,79.99999999999999
204,5392,0.8625,0.059375,0.6508384531984098,0.27586206896551724,79.99999999999999
205,2867,0.125,0.278125,0.8796530538489338,0.6206896551724137,79.89999999999999
206,2778,0.125,0.10855624999999999,0.9325864353692326,0.48275862068965514,79.69105691056909
207,2532,0.1125,0.3125,0.62643055053608,0.48275862068965514,79.67479674796746
208,3544,0.3625,0.3125,0.62643055053608,0.3448275862068966,79.09090909090908
209,3917,0.375,0.3125,0.6508384531984098,0.6206896551724137,78.99999999999999
210,4929,0.625,0.3125,0.6508384531984098,0.27586206896551724,78.99999999999999
211,6112,0.875,0.0625,0.62643055053608,0.6206896551724137,78.99999999999999
212,5944,0.875,0.3125,0.62643055053608,0.6206896551724137,78.99999999999999
213,5100,0.625,0.0625,0.62643055053608,0.6206896551724137,78.99999999999999
214,5567,0.8625,0.3125,0.6508384531984098,1.0,78.86206896551722
215,4929,0.625,0.3125,0.6508384531984098,1.0,78.65517241379308
216,3920,0.375,0.3125,0.62643055053608,0.9655172413793103,78.49999999999999
217,4384,0.6125,0.059375,0.62643055053608,0.9655172413793103,78.33333333333331
218,19831,0.3625,0.25570312500000003,0.9432478014697024,1.0,78.2758620689655
219,3080,0.125,0.059375,0.6508384531984098,1.0,78.2758620689655
220,3372,0.3625,0.059375,0.62643055053608,0.48275862068965514,78.04878048780486
221,3285,0.3625,0.25,0.9282857487049753,0.27586206896551724,77.79999999999998
222,5396,0.8625,0.059375,0.62643055053608,0.9655172413793103,77.49999999999999
223,2307,0.1125,0.29553124999999997,0.8865317431634743,1.0,77.24137931034481
224,4388,0.6125,0.0625,0.62643055053608,0.6206896551724137,76.99999999999999
225,3368,0.3625,0.059375,0.6508384531984098,0.6206896551724137,76.99999999999999
226,5400,0.8625,0.0625,0.62643055053608,0.6206896551724137,76.99999999999999
227,4555,0.6125,0.3125,0.6508384531984098,0.0,76.99999999999999
228,2532,0.1125,0.3125,0.62643055053608,0.6896551724137931,76.84210526315789
229,4932,0.625,0.3125,0.62643055053608,0.3448275862068966,76.36363636363635
230,5568,0.8625,0.3125,0.62643055053608,0.3448275862068966,76.36363636363635
231,3372,0.3625,0.059375,0.62643055053608,0.3448275862068966,76.36363636363635
232,21242,0.375,0.24623750000000003,0.9673292374412721,0.6896551724137931,76.16541353383458
233,4929,0.625,0.3125,0.6508384531984098,0.0,75.99999999999999
234,3376,0.3625,0.0625,0.62643055053608,0.6206896551724137,75.99999999999999
235,19875,0.33276249999999996,0.25448125,0.9575352367184676,0.13793103448275862,75.99999999999999
236,6113,0.875,0.059375,0.62643055053608,0.9655172413793103,75.83333333333333
237,5101,0.625,0.059375,0.62643055053608,0.9655172413793103,75.83333333333333
238,4384,0.6125,0.059375,0.62643055053608,0.48275862068965514,75.60975609756096
239,2908,0.125,0.3125,0.62643055053608,0.3448275862068966,75.45454545454544
240,2531,0.1125,0.3125,0.6508384531984098,0.3448275862068966,75.45454545454544
241,21163,0.3625,0.24623750000000003,0.9673292374412721,1.0,75.4022988505747
242,2879,0.125,0.309375,0.8107697867726779,1.0,75.32183908045975
243,17352,0.375,0.29628125,0.8848572461149259,0.6206896551724137,75.29999999999998
244,5941,0.875,0.3125,0.6508384531984098,1.0,75.26436781609193
245,18650,0.375,0.2899875,0.8984941573304421,1.0,75.0574712643678
246,4089,0.375,0.059375,0.62643055053608,0.9655172413793103,74.99999999999999
247,4380,0.6125,0.059375,0.6508384531984098,0.6206896551724137,74.99999999999999
248,2905,0.125,0.3125,0.6508384531984098,0.27586206896551724,74.99999999999999
249,3582,0.3625,0.278125,0.8796530538489338,0.13793103448275862,74.99999999999999
250,5567,0.8625,0.3125,0.6508384531984098,0.27586206896551724,74.99999999999999
251,17282,0.125,0.29628125,0.8848572461149259,0.13793103448275862,74.99999999999999
252,5392,0.8625,0.059375,0.6508384531984098,0.6206896551724137,74.99999999999999
253,3920,0.375,0.3125,0.62643055053608,0.48275862068965514,74.79674796747966
254,5396,0.8625,0.059375,0.62643055053608,0.48275862068965514,74.79674796747966
255,17282,0.125,0.29628125,0.8848572461149259,0.27586206896551724,74.59999999999998
256,4384,0.6125,0.059375,0.62643055053608,0.3448275862068966,74.54545454545453
257,4198,0.375,0.2384375,0.9629442235875195,0.6206896551724137,74.47999999999999
258,21142,0.33290000000000003,0.24742187499999999,0.9534513913986267,1.0,74.25287356321837
259,2360,0.1125,0.059375,0.62643055053608,0.9655172413793103,74.16666666666666
260,3543,0.3625,0.3125,0.6508384531984098,0.6206896551724137,73.99999999999999
261,4555,0.6125,0.3125,0.6508384531984098,0.6206896551724137,73.99999999999999
262,21194,0.33885,0.2446875,0.9690157812311769,0.6206896551724137,73.79999999999998
263,5396,0.8625,0.059375,0.62643055053608,0.3448275862068966,73.63636363636363
264,2307,0.1125,0.29553124999999997,0.8865317431634743,0.48275862068965514,73.41463414634146
265,3920,0.375,0.3125,0.62643055053608,0.6896551724137931,73.38345864661653
266,4198,0.375,0.2384375,0.9629442235875195,0.48275862068965514,73.33333333333333
267,6113,0.875,0.059375,0.62643055053608,0.48275862068965514,73.17073170731706
268,5101,0.625,0.059375,0.62643055053608,0.48275862068965514,73.17073170731706
269,2908,0.125,0.3125,0.62643055053608,0.9655172413793103,73.16666666666666
270,3570,0.3625,0.309375,0.8107697867726779,0.27586206896551724,72.99999999999999
271,2905,0.125,0.3125,0.6508384531984098,0.6206896551724137,72.99999999999999
272,6116,0.875,0.059375,0.6508384531984098,0.6206896551724137,72.99999999999999
273,5941,0.875,0.3125,0.6508384531984098,0.27586206896551724,72.99999999999999
274,5104,0.625,0.059375,0.6508384531984098,0.6206896551724137,72.99999999999999
275,3076,0.125,0.0625,0.62643055053608,0.6206896551724137,72.99999999999999
276,21314,0.625,0.24623750000000003,0.9673292374412721,1.0,72.75862068965516
277,5944,0.875,0.3125,0.62643055053608,0.3448275862068966,72.72727272727272
278,4089,0.375,0.059375,0.62643055053608,0.48275862068965514,72.35772357723576
279,2867,0.125,0.278125,0.8796530538489338,0.48275862068965514,72.03252032520324
280,3570,0.3625,0.309375,0.8107697867726779,0.13793103448275862,71.99999999999999
281,4092,0.375,0.059375,0.6508384531984098,0.6206896551724137,71.99999999999999
282,4929,0.625,0.3125,0.6508384531984098,0.6206896551724137,71.99999999999999
283,2905,0.125,0.3125,0.6508384531984098,0.0,71.99999999999999
284,5567,0.8625,0.3125,0.6508384531984098,0.0,71.99999999999999
285,18650,0.375,0.2899875,0.8984941573304421,0.3448275862068966,71.90909090909089
286,4336,0.6125,0.262071875,0.9472834598241175,0.48275862068965514,71.86991869918698
287,3917,0.375,0.3125,0.6508384531984098,0.3448275862068966,71.81818181818181
288,2867,0.125,0.278125,0.8796530538489338,1.0,71.54022988505746
289,4556,0.6125,0.3125,0.62643055053608,0.9655172413793103,71.49999999999999
290,3570,0.3625,0.309375,0.8107697867726779,0.6206896551724137,71.09999999999998
291,2356,0.1125,0.059375,0.6508384531984098,0.6206896551724137,70.99999999999999
292,3922,0.375,0.309375,0.7059462715335502,0.13793103448275862,70.99999999999999
293,3538,0.3625,0.309375,0.7059462715335502,0.27586206896551724,70.99999999999999
294,5941,0.875,0.3125,0.6508384531984098,0.0,70.99999999999999
295,17351,0.375,0.29940625,0.8776894350078304,1.0,70.91954022988504
296,4932,0.625,0.3125,0.62643055053608,0.9655172413793103,70.91666666666666
297,2531,0.1125,0.3125,0.6508384531984098,0.9655172413793103,70.91666666666666
298,6113,0.875,0.059375,0.62643055053608,0.3448275862068966,70.90909090909089
299,5101,0.625,0.059375,0.62643055053608,0.3448275862068966,70.90909090909089
300,21261,0.3987,0.244684375,0.9690278279725333,0.6206896551724137,70.89999999999999
301,3077,0.125,0.059375,0.62643055053608,0.9655172413793103,70.83333333333333
302,2360,0.1125,0.059375,0.62643055053608,0.48275862068965514,70.73170731707316
303,3544,0.3625,0.3125,0.62643055053608,0.48275862068965514,70.73170731707316
304,19927,0.5887875,0.25725312499999997,0.9411757619563906,1.0,70.45977011494251
305,3299,0.3625,0.28125,0.8367546078785688,1.0,70.16091954022987
306,4089,0.375,0.059375,0.62643055053608,0.3448275862068966,69.99999999999999
307,4089,0.375,0.059375,0.62643055053608,0.13793103448275862,69.99999999999999
308,4088,0.375,0.0625,0.62643055053608,0.0,69.99999999999999
309,4089,0.375,0.059375,0.62643055053608,0.0,69.99999999999999
310,2356,0.1125,0.059375,0.6508384531984098,0.13793103448275862,69.99999999999999
311,2356,0.1125,0.059375,0.6508384531984098,0.27586206896551724,69.99999999999999
312,4092,0.375,0.059375,0.6508384531984098,0.13793103448275862,69.99999999999999
313,2360,0.1125,0.059375,0.62643055053608,0.0,69.99999999999999
314,4380,0.6125,0.059375,0.6508384531984098,0.13793103448275862,69.99999999999999
315,2879,0.125,0.309375,0.8107697867726779,0.27586206896551724,69.99999999999999
316,4384,0.6125,0.059375,0.62643055053608,0.0,69.99999999999999
317,2905,0.125,0.3125,0.6508384531984098,0.13793103448275862,69.99999999999999
318,3582,0.3625,0.278125,0.8796530538489338,0.0,69.99999999999999
319,6113,0.875,0.059375,0.62643055053608,0.0,69.99999999999999
320,6116,0.875,0.059375,0.6508384531984098,0.13793103448275862,69.99999999999999
321,3538,0.3625,0.309375,0.7059462715335502,0.13793103448275862,69.99999999999999
322,5101,0.625,0.059375,0.62643055053608,0.13793103448275862,69.99999999999999
323,5941,0.875,0.3125,0.6508384531984098,0.13793103448275862,69.99999999999999
324,5567,0.8625,0.3125,0.6508384531984098,0.6206896551724137,69.99999999999999
325,5104,0.625,0.059375,0.6508384531984098,0.13793103448275862,69.99999999999999
326,5104,0.625,0.059375,0.6508384531984098,0.27586206896551724,69.99999999999999
327,3080,0.125,0.059375,0.6508384531984098,0.27586206896551724,69.99999999999999
328,3077,0.125,0.059375,0.62643055053608,0.0,69.99999999999999
329,3076,0.125,0.0625,0.62643055053608,0.13793103448275862,69.99999999999999
330,5396,0.8625,0.059375,0.62643055053608,0.0,69.99999999999999
331,3376,0.3625,0.0625,0.62643055053608,0.13793103448275862,69.99999999999999
332,3372,0.3625,0.059375,0.62643055053608,0.6896551724137931,69.92481203007517
333,2908,0.125,0.3125,0.62643055053608,0.48275862068965514,69.91869918699186
334,2531,0.1125,0.3125,0.6508384531984098,0.48275862068965514,69.91869918699186
335,4556,0.6125,0.3125,0.62643055053608,0.48275862068965514,69.91869918699186
336,3544,0.3625,0.3125,0.62643055053608,0.9655172413793103,69.91666666666666
337,21206,0.4046875,0.24742187499999999,0.9534513913986267,0.6206896551724137,69.89999999999999
338,19926,0.6125,0.25570312500000003,0.9432478014697024,0.6206896551724137,69.79999999999998
339,21333,0.6487,0.244684375,0.9690278279725333,1.0,69.65517241379308
340,3583,0.3625,0.278125,0.8578604987350921,1.0,69.21839080459769
341,3299,0.3625,0.28125,0.8367546078785688,0.27586206896551724,68.99999999999999
342,3922,0.375,0.309375,0.7059462715335502,0.27586206896551724,68.99999999999999
343,2364,0.1125,0.0625,0.62643055053608,0.6206896551724137,68.99999999999999
344,3583,0.3625,0.278125,0.8578604987350921,0.27586206896551724,68.99999999999999
345,2867,0.125,0.278125,0.8796530538489338,0.3448275862068966,68.81818181818181
346,2908,0.125,0.3125,0.62643055053608,0.6896551724137931,68.79699248120299
347,3917,0.375,0.3125,0.6508384531984098,0.9655172413793103,68.58333333333333
348,19913,0.3986875,0.26655937500000004,0.9276713648957956,1.0,68.50574712643677
349,17282,0.125,0.29628125,0.8848572461149259,0.0,68.39999999999999
350,2360,0.1125,0.059375,0.62643055053608,0.3448275862068966,68.18181818181817
351,3543,0.3625,0.3125,0.6508384531984098,0.3448275862068966,68.18181818181817
352,5568,0.8625,0.3125,0.62643055053608,0.9655172413793103,67.99999999999999
353,5941,0.875,0.3125,0.6508384531984098,0.6206896551724137,67.99999999999999
354,3080,0.125,0.059375,0.6508384531984098,0.6206896551724137,67.99999999999999
355,4556,0.6125,0.3125,0.62643055053608,0.6896551724137931,67.74436090225564
356,4384,0.6125,0.059375,0.62643055053608,0.6896551724137931,67.66917293233082
357,4088,0.375,0.0625,0.62643055053608,0.9655172413793103,67.58333333333333
358,4932,0.625,0.3125,0.62643055053608,0.48275862068965514,67.47967479674796
359,3077,0.125,0.059375,0.62643055053608,0.48275862068965514,67.47967479674796
360,5944,0.875,0.3125,0.62643055053608,0.9655172413793103,67.41666666666666
361,21207,0.375,0.24936250000000001,0.9511866040236115,0.6206896551724137,67.29999999999998
362,2905,0.125,0.3125,0.6508384531984098,0.3448275862068966,67.27272727272727
363,4555,0.6125,0.3125,0.6508384531984098,0.3448275862068966,67.27272727272727
364,3538,0.3625,0.309375,0.7059462715335502,0.0,66.99999999999999
365,5396,0.8625,0.059375,0.62643055053608,0.6896551724137931,66.9172932330827
366,19944,0.375,0.25253125,0.9599807252138296,0.6206896551724137,66.79999999999998
367,19875,0.33276249999999996,0.25448125,0.9575352367184676,0.6206896551724137,66.69999999999999
368,5568,0.8625,0.3125,0.62643055053608,0.48275862068965514,66.66666666666666
369,4932,0.625,0.3125,0.62643055053608,0.6896551724137931,66.61654135338345
370,17351,0.375,0.29940625,0.8776894350078304,0.6206896551724137,66.6
371,21141,0.3625,0.24936250000000001,0.9511866040236115,0.6206896551724137,66.6
372,21207,0.375,0.24936250000000001,0.9511866040236115,0.9655172413793103,66.58333333333333
373,19926,0.6125,0.25570312500000003,0.9432478014697024,0.9655172413793103,66.58333333333333
374,2531,0.1125,0.3125,0.6508384531984098,0.6896551724137931,66.54135338345864
375,3544,0.3625,0.3125,0.62643055053608,0.6896551724137931,66.39097744360902
376,4929,0.625,0.3125,0.6508384531984098,0.3448275862068966,66.36363636363636
377,21194,0.33885,0.2446875,0.9690157812311769,0.48275862068965514,66.17886178861788
378,2867,0.125,0.278125,0.8796530538489338,0.27586206896551724,65.99999999999999
379,3299,0.3625,0.28125,0.8367546078785688,0.13793103448275862,65.99999999999999
380,3922,0.375,0.309375,0.7059462715335502,0.0,65.99999999999999
381,4336,0.6125,0.262071875,0.9472834598241175,0.6206896551724137,65.99999999999999
382,3917,0.375,0.3125,0.6508384531984098,0.48275862068965514,65.85365853658536
383,3571,0.3625,0.309375,0.789519335019877,1.0,65.75862068965516
384,4198,0.375,0.2384375,0.9629442235875195,0.3448275862068966,65.61818181818181
385,21194,0.33885,0.2446875,0.9690157812311769,0.9655172413793103,65.49999999999999
386,2879,0.125,0.309375,0.8107697867726779,0.6206896551724137,65.49999999999999
387,21206,0.4046875,0.24742187499999999,0.9534513913986267,0.48275862068965514,65.4471544715447
388,3099,0.125,0.29553124999999997,0.8865317431634743,0.27586206896551724,65.39999999999999
389,17352,0.375,0.29628125,0.8848572461149259,0.3448275862068966,65.36363636363636
390,20016,0.625,0.25253125,0.9599807252138296,1.0,65.28735632183907
391,2905,0.125,0.3125,0.6508384531984098,0.9655172413793103,65.08333333333333
392,4088,0.375,0.0625,0.62643055053608,0.48275862068965514,65.04065040650406
393,3570,0.3625,0.309375,0.8107697867726779,0.0,64.99999999999999
394,2879,0.125,0.309375,0.8107697867726779,0.13793103448275862,64.99999999999999
395,3285,0.3625,0.25,0.9282857487049753,0.0,64.99999999999999
396,2910,0.125,0.309375,0.7059462715335502,0.27586206896551724,64.99999999999999
397,3583,0.3625,0.278125,0.8578604987350921,0.13793103448275862,64.99999999999999
398,18649,0.375,0.2931125,0.8918564028430309,0.6206896551724137,64.89999999999999
399,17319,0.375,0.29940625,0.8635586073966991,1.0,64.82758620689654
400,21206,0.4046875,0.24742187499999999,0.9534513913986267,0.9655172413793103,64.74999999999999
401,19875,0.33276249999999996,0.25448125,0.9575352367184676,0.27586206896551724,64.69999999999999
402,5101,0.625,0.059375,0.62643055053608,0.6896551724137931,64.66165413533834
403,21194,0.33885,0.2446875,0.9690157812311769,0.3448275862068966,64.63636363636363
404,18650,0.375,0.2899875,0.8984941573304421,0.27586206896551724,64.6
405,5568,0.8625,0.3125,0.62643055053608,0.6896551724137931,64.58646616541353
406,5567,0.8625,0.3125,0.6508384531984098,0.3448275862068966,64.54545454545453
407,3077,0.125,0.059375,0.62643055053608,0.3448275862068966,64.54545454545453
408,19920,0.375,0.25565625000000003,0.9433080351764848,0.9655172413793103,64.49999999999999
409,19925,0.6125,0.26811250000000003,0.9252258764004336,1.0,64.36781609195401
410,5944,0.875,0.3125,0.62643055053608,0.48275862068965514,64.22764227642276
411,19926,0.6125,0.25570312500000003,0.9432478014697024,0.48275862068965514,64.22764227642276
412,4182,0.375,0.256696875,0.9419226599204914,1.0,64.02298850574711
413,4934,0.625,0.309375,0.7059462715335502,0.13793103448275862,63.999999999999986
414,4934,0.625,0.309375,0.7059462715335502,0.27586206896551724,63.999999999999986
415,3099,0.125,0.29553124999999997,0.8865317431634743,0.13793103448275862,63.999999999999986
416,4550,0.6125,0.309375,0.7059462715335502,0.27586206896551724,63.999999999999986
417,3584,0.3625,0.278125,0.8360558968798939,1.0,63.999999999999986
418,4111,0.375,0.29553124999999997,0.8865317431634743,1.0,63.94252873563217
419,5100,0.625,0.0625,0.62643055053608,0.9655172413793103,63.91666666666666
420,4089,0.375,0.059375,0.62643055053608,0.6896551724137931,63.90977443609022
421,2360,0.1125,0.059375,0.62643055053608,0.6896551724137931,63.90977443609022
422,6113,0.875,0.059375,0.62643055053608,0.6896551724137931,63.90977443609022
423,21193,0.31515,0.24313125000000002,0.9706661847970124,1.0,63.90804597701148
424,3917,0.375,0.3125,0.6508384531984098,0.6896551724137931,63.834586466165405
425,21141,0.3625,0.24936250000000001,0.9511866040236115,0.9655172413793103,63.83333333333332
426,4087,0.375,0.0625,0.7059462715335502,1.0,63.67816091954022
427,4088,0.375,0.0625,0.62643055053608,0.3448275862068966,63.636363636363626
428,21242,0.375,0.24623750000000003,0.9673292374412721,0.8275862068965517,63.388888888888886
429,6112,0.875,0.0625,0.62643055053608,0.9655172413793103,63.33333333333332
430,2778,0.125,0.10855624999999999,0.9325864353692326,0.9655172413793103,63.316666666666656
431,5944,0.875,0.3125,0.62643055053608,0.6896551724137931,63.30827067669172
432,3922,0.375,0.309375,0.7059462715335502,0.6206896551724137,62.999999999999986
433,4550,0.6125,0.309375,0.7059462715335502,0.13793103448275862,62.999999999999986
434,3368,0.3625,0.059375,0.6508384531984098,0.9655172413793103,62.91666666666666
435,19919,0.398775,0.257215625,0.9412239489218166,0.6206896551724137,62.89999999999999
436,5941,0.875,0.3125,0.6508384531984098,0.3448275862068966,62.72727272727272
437,3149,0.125,0.28125,0.8367546078785688,0.6206896551724137,62.69999999999999
438,5100,0.625,0.0625,0.62643055053608,0.48275862068965514,62.601626016260155
439,18558,0.12500000000000017,0.2899875,0.8847729189254305,1.0,62.528735632183896
440,21261,0.3987,0.244684375,0.9690278279725333,0.9655172413793103,62.49999999999999
441,18650,0.375,0.2899875,0.8984941573304421,0.48275862068965514,62.439024390243894
442,4119,0.375,0.2408875,0.9729671123960967,0.48275862068965514,62.35772357723576
443,2307,0.1125,0.29553124999999997,0.8865317431634743,0.9655172413793103,62.33333333333332
444,21261,0.3987,0.244684375,0.9690278279725333,0.48275862068965514,62.27642276422763
445,2867,0.125,0.278125,0.8796530538489338,0.13793103448275862,61.999999999999986
446,3298,0.3625,0.28125,0.8586073966991927,0.27586206896551724,61.999999999999986
447,2879,0.125,0.309375,0.8107697867726779,0.0,61.999999999999986
448,2910,0.125,0.309375,0.7059462715335502,0.0,61.999999999999986
449,2910,0.125,0.309375,0.7059462715335502,0.6206896551724137,61.999999999999986
450,3538,0.3625,0.309375,0.7059462715335502,0.6206896551724137,61.999999999999986
451,19946,0.375,0.26811250000000003,0.9382363570654136,0.13793103448275862,61.999999999999986
452,19832,0.3387875,0.25725312499999997,0.9411757619563906,1.0,61.954022988505734
453,4555,0.6125,0.3125,0.6508384531984098,0.9655172413793103,61.91666666666666
454,19926,0.6125,0.25570312500000003,0.9432478014697024,0.3448275862068966,61.9090909090909
455,3075,0.125,0.0625,0.7059462715335502,1.0,61.8390804597701
456,4929,0.625,0.3125,0.6508384531984098,0.9655172413793103,61.83333333333332
457,2905,0.125,0.3125,0.6508384531984098,0.48275862068965514,61.788617886178855
458,6112,0.875,0.0625,0.62643055053608,0.48275862068965514,61.788617886178855
459,3099,0.125,0.29553124999999997,0.8865317431634743,0.6206896551724137,61.69999999999999
460,17319,0.375,0.29940625,0.8635586073966991,0.6206896551724137,61.69999999999999
461,5400,0.8625,0.0625,0.62643055053608,0.9655172413793103,61.66666666666666
462,21261,0.3987,0.244684375,0.9690278279725333,0.3448275862068966,61.636363636363626
463,3376,0.3625,0.0625,0.62643055053608,0.9655172413793103,61.58333333333332
464,4388,0.6125,0.0625,0.62643055053608,0.9655172413793103,61.49999999999999
465,18650,0.375,0.2899875,0.8984941573304421,0.0,61.499999999999986
466,21206,0.4046875,0.24742187499999999,0.9534513913986267,0.3448275862068966,61.454545454545446
467,4380,0.6125,0.059375,0.6508384531984098,0.9655172413793103,61.41666666666666
468,3543,0.3625,0.3125,0.6508384531984098,0.9655172413793103,61.41666666666666
469,3298,0.3625,0.28125,0.8586073966991927,1.0,61.4022988505747
470,5099,0.625,0.0625,0.7059462715335502,1.0,61.37931034482757
471,3285,0.3625,0.25,0.9282857487049753,0.6206896551724137,61.14999999999999
472,4934,0.625,0.309375,0.7059462715335502,0.0,60.999999999999986
473,3584,0.3625,0.278125,0.8360558968798939,0.27586206896551724,60.999999999999986
474,2526,0.1125,0.309375,0.7059462715335502,0.27586206896551724,60.999999999999986
475,4550,0.6125,0.309375,0.7059462715335502,0.0,60.999999999999986
476,3543,0.3625,0.3125,0.6508384531984098,0.48275862068965514,60.975609756097555
477,19944,0.375,0.25253125,0.9599807252138296,0.48275862068965514,60.975609756097555
478,3368,0.3625,0.059375,0.6508384531984098,0.48275862068965514,60.975609756097555
479,4385,0.6125,0.0625,0.7059462715335502,1.0,60.919540229885044
480,2905,0.125,0.3125,0.6508384531984098,0.6896551724137931,60.827067669172926
481,3373,0.3625,0.0625,0.7059462715335502,1.0,60.80459770114941
482,5392,0.8625,0.059375,0.6508384531984098,0.9655172413793103,60.74999999999999
483,18593,0.33294999999999997,0.291175,0.8960004818696542,1.0,60.68965517241378
484,5397,0.8625,0.0625,0.7059462715335502,1.0,60.68965517241378
485,3125,0.125,0.109803125,0.9472834598241175,0.6206896551724137,60.59999999999999
486,3076,0.125,0.0625,0.62643055053608,0.9655172413793103,60.58333333333332
487,3570,0.3625,0.309375,0.8107697867726779,0.3448275862068966,60.54545454545453
488,6111,0.875,0.0625,0.7059462715335502,1.0,60.34482758620688
489,21207,0.375,0.24936250000000001,0.9511866040236115,0.6896551724137931,60.30075187969924
490,17283,0.3327,0.298234375,0.8803999518130344,1.0,60.22988505747125
491,4388,0.6125,0.0625,0.62643055053608,0.48275862068965514,60.162601626016254
492,5400,0.8625,0.0625,0.62643055053608,0.48275862068965514,60.162601626016254
493,3376,0.3625,0.0625,0.62643055053608,0.48275862068965514,60.162601626016254
494,4555,0.6125,0.3125,0.6508384531984098,0.48275862068965514,60.162601626016254
495,6112,0.875,0.0625,0.62643055053608,0.3448275862068966,59.99999999999999
496,5100,0.625,0.0625,0.62643055053608,0.3448275862068966,59.99999999999999
497,3368,0.3625,0.059375,0.6508384531984098,0.3448275862068966,59.99999999999999
498,4087,0.375,0.0625,0.7059462715335502,0.13793103448275862,59.999999999999986
499,4087,0.375,0.0625,0.7059462715335502,0.27586206896551724,59.999999999999986
500,3571,0.3625,0.309375,0.789519335019877,0.13793103448275862,59.999999999999986
501,3571,0.3625,0.309375,0.789519335019877,0.27586206896551724,59.999999999999986
502,4092,0.375,0.059375,0.6508384531984098,0.0,59.999999999999986
503,3299,0.3625,0.28125,0.8367546078785688,0.0,59.999999999999986
504,4380,0.6125,0.059375,0.6508384531984098,0.0,59.999999999999986
505,17351,0.375,0.29940625,0.8776894350078304,0.27586206896551724,59.999999999999986
506,2364,0.1125,0.0625,0.62643055053608,0.0,59.999999999999986
507,2364,0.1125,0.0625,0.62643055053608,0.13793103448275862,59.999999999999986
508,4385,0.6125,0.0625,0.7059462715335502,0.27586206896551724,59.999999999999986
509,4385,0.6125,0.0625,0.7059462715335502,0.13793103448275862,59.999999999999986
510,4388,0.6125,0.0625,0.62643055053608,0.0,59.999999999999986
511,5562,0.8625,0.309375,0.7059462715335502,0.27586206896551724,59.999999999999986
512,6109,0.875,0.0625,0.65293579086857,0.13793103448275862,59.999999999999986
513,6111,0.875,0.0625,0.7059462715335502,0.13793103448275862,59.999999999999986
514,6112,0.875,0.0625,0.62643055053608,0.0,59.999999999999986
515,5100,0.625,0.0625,0.62643055053608,0.0,59.999999999999986
516,3583,0.3625,0.278125,0.8578604987350921,0.0,59.999999999999986
517,5101,0.625,0.059375,0.62643055053608,0.0,59.999999999999986
518,3368,0.3625,0.059375,0.6508384531984098,0.0,59.999999999999986
519,5104,0.625,0.059375,0.6508384531984098,0.0,59.999999999999986
520,3080,0.125,0.059375,0.6508384531984098,0.13793103448275862,59.999999999999986
521,3077,0.125,0.059375,0.62643055053608,0.13793103448275862,59.999999999999986
522,5397,0.8625,0.0625,0.7059462715335502,0.13793103448275862,59.999999999999986
523,5397,0.8625,0.0625,0.7059462715335502,0.27586206896551724,59.999999999999986
524,3076,0.125,0.0625,0.62643055053608,0.0,59.999999999999986
525,3373,0.3625,0.0625,0.7059462715335502,0.27586206896551724,59.999999999999986
526,3376,0.3625,0.0625,0.62643055053608,0.0,59.999999999999986
527,3937,0.375,0.28125,0.62643055053608,0.27586206896551724,59.999999999999986
528,2779,0.125,0.11517812499999999,0.9419226599204914,0.6206896551724137,59.97999999999999
529,19875,0.33276249999999996,0.25448125,0.9575352367184676,0.9655172413793103,59.91666666666666
530,19944,0.375,0.25253125,0.9599807252138296,0.9655172413793103,59.83333333333332
531,4550,0.6125,0.309375,0.7059462715335502,1.0,59.81609195402297
532,3099,0.125,0.29553124999999997,0.8865317431634743,0.0,59.79999999999999
533,2779,0.125,0.11517812499999999,0.9419226599204914,0.3448275862068966,59.7090909090909
534,19949,0.4047375000000001,0.25448125,0.9575352367184676,0.6206896551724137,59.69999999999999
535,3319,0.3625,0.29553124999999997,0.8865317431634743,1.0,59.597701149425276
536,21141,0.3625,0.24936250000000001,0.9511866040236115,0.48275862068965514,59.59349593495934
537,5104,0.625,0.059375,0.6508384531984098,0.9655172413793103,59.49999999999999
538,17352,0.375,0.29628125,0.8848572461149259,0.9655172413793103,59.41666666666666
539,3077,0.125,0.059375,0.62643055053608,0.6896551724137931,59.398496240601496
540,4380,0.6125,0.059375,0.6508384531984098,0.48275862068965514,59.349593495934954
541,4929,0.625,0.3125,0.6508384531984098,0.48275862068965514,59.349593495934954
542,19926,0.6125,0.25570312500000003,0.9432478014697024,0.6896551724137931,59.323308270676684
543,4119,0.375,0.2408875,0.9729671123960967,0.6206896551724137,59.19999999999999
544,19946,0.375,0.26811250000000003,0.9382363570654136,0.27586206896551724,59.19999999999999
545,2307,0.1125,0.29553124999999997,0.8865317431634743,0.6206896551724137,59.08999999999999
546,6116,0.875,0.059375,0.6508384531984098,0.9655172413793103,58.99999999999999
547,4087,0.375,0.0625,0.7059462715335502,0.6206896551724137,58.999999999999986
548,5562,0.8625,0.309375,0.7059462715335502,0.13793103448275862,58.999999999999986
549,6111,0.875,0.0625,0.7059462715335502,0.27586206896551724,58.999999999999986
550,3149,0.125,0.28125,0.8367546078785688,0.27586206896551724,58.999999999999986
551,5099,0.625,0.0625,0.7059462715335502,0.27586206896551724,58.999999999999986
552,2526,0.1125,0.309375,0.7059462715335502,0.0,58.999999999999986
553,21141,0.3625,0.24936250000000001,0.9511866040236115,0.3448275862068966,58.9090909090909
554,18624,0.375,0.27753125,0.9092398506204071,0.27586206896551724,58.89999999999999
555,21194,0.33885,0.2446875,0.9690157812311769,0.6896551724137931,58.87218045112781
556,21207,0.375,0.24936250000000001,0.9511866040236115,0.3448275862068966,58.818181818181806
557,19944,0.375,0.25253125,0.9599807252138296,0.3448275862068966,58.818181818181806
558,19876,0.3031125,0.256428125,0.9550174677749668,1.0,58.73563218390803
559,4092,0.375,0.059375,0.6508384531984098,0.9655172413793103,58.66666666666666
560,21206,0.4046875,0.24742187499999999,0.9534513913986267,0.6896551724137931,58.646616541353374
561,19875,0.33276249999999996,0.25448125,0.9575352367184676,0.3448275862068966,58.636363636363626
562,2517,0.1125,0.28125,0.62643055053608,1.0,58.63218390804597
563,21278,0.6546875,0.24742187499999999,0.9534513913986267,1.0,58.6206896551724
564,19875,0.33276249999999996,0.25448125,0.9575352367184676,0.48275862068965514,58.61788617886178
565,3319,0.3625,0.29553124999999997,0.8865317431634743,0.27586206896551724,58.59999999999999
566,19875,0.33276249999999996,0.25448125,0.9575352367184676,0.0,58.59999999999999
567,19991,0.648775,0.257215625,0.9412239489218166,1.0,58.505747126436766
568,18649,0.375,0.2931125,0.8918564028430309,1.0,58.505747126436766
569,2361,0.1125,0.0625,0.7059462715335502,1.0,58.390804597701134
570,4085,0.375,0.0625,0.65293579086857,1.0,58.2758620689655
571,4555,0.6125,0.3125,0.6508384531984098,0.6896551724137931,58.270676691729314
572,4339,0.6125,0.2408875,0.9729671123960967,1.0,58.19540229885056
573,4380,0.6125,0.059375,0.6508384531984098,0.3448275862068966,58.18181818181817
574,3922,0.375,0.309375,0.7059462715335502,0.3448275862068966,58.18181818181817
575,2356,0.1125,0.059375,0.6508384531984098,0.9655172413793103,58.16666666666666
576,4336,0.6125,0.262071875,0.9472834598241175,0.3448275862068966,58.09090909090908
577,18548,0.125,0.2931125,0.8780026502830983,1.0,58.04597701149424
578,21194,0.33885,0.2446875,0.9690157812311769,0.13793103448275862,57.99999999999999
579,4934,0.625,0.309375,0.7059462715335502,0.6206896551724137,57.99999999999999
580,3298,0.3625,0.28125,0.8586073966991927,0.13793103448275862,57.99999999999999
581,5562,0.8625,0.309375,0.7059462715335502,0.0,57.99999999999999
582,5946,0.875,0.309375,0.7059462715335502,0.27586206896551724,57.99999999999999
583,5946,0.875,0.309375,0.7059462715335502,0.13793103448275862,57.99999999999999
584,3584,0.3625,0.278125,0.8360558968798939,0.13793103448275862,57.99999999999999
585,18650,0.375,0.2899875,0.8984941573304421,0.13793103448275862,57.99999999999999
586,4550,0.6125,0.309375,0.7059462715335502,0.6206896551724137,57.99999999999999
587,3937,0.375,0.28125,0.62643055053608,0.13793103448275862,57.99999999999999
588,21141,0.3625,0.24936250000000001,0.9511866040236115,0.6896551724137931,57.969924812030065
589,5946,0.875,0.309375,0.7059462715335502,1.0,57.919540229885044
590,3125,0.125,0.109803125,0.9472834598241175,0.3448275862068966,57.89999999999999
591,4088,0.375,0.0625,0.62643055053608,0.6896551724137931,57.89473684210525
592,3543,0.3625,0.3125,0.6508384531984098,0.6896551724137931,57.89473684210525
593,3570,0.3625,0.309375,0.8107697867726779,0.48275862068965514,57.88617886178861
594,5941,0.875,0.3125,0.6508384531984098,0.9655172413793103,57.83333333333332
595,21256,0.58885,0.2446875,0.9690157812311769,0.6206896551724137,57.79999999999999
596,19870,0.3625,0.25253125,0.9599807252138296,0.6206896551724137,57.79999999999999
597,3891,0.375,0.309375,0.8107697867726779,1.0,57.77011494252872
598,4929,0.625,0.3125,0.6508384531984098,0.6896551724137931,57.74436090225563
599,2866,0.125,0.278125,0.8578604987350921,1.0,57.72413793103447
600,5104,0.625,0.059375,0.6508384531984098,0.48275862068965514,57.723577235772346
601,5392,0.8625,0.059375,0.6508384531984098,0.48275862068965514,57.723577235772346
602,2867,0.125,0.278125,0.8796530538489338,0.9655172413793103,57.68333333333332
603,5567,0.8625,0.3125,0.6508384531984098,0.9655172413793103,57.58333333333332
604,19920,0.375,0.25565625000000003,0.9433080351764848,0.6896551724137931,57.51879699248119
605,17319,0.375,0.29940625,0.8635586073966991,0.27586206896551724,57.39999999999999
606,19951,0.5827625000000001,0.25448125,0.9575352367184676,0.6206896551724137,57.29999999999999
607,4388,0.6125,0.0625,0.62643055053608,0.3448275862068966,57.272727272727266
608,5400,0.8625,0.0625,0.62643055053608,0.3448275862068966,57.272727272727266
609,3376,0.3625,0.0625,0.62643055053608,0.3448275862068966,57.272727272727266
610,5392,0.8625,0.059375,0.6508384531984098,0.3448275862068966,57.272727272727266
611,4111,0.375,0.29553124999999997,0.8865317431634743,0.27586206896551724,57.19999999999999
612,3932,0.375,0.28125,0.6545717383447777,1.0,57.183908045977
613,2526,0.1125,0.309375,0.7059462715335502,1.0,57.13793103448275
614,3073,0.125,0.0625,0.65293579086857,1.0,57.126436781609186
615,2779,0.125,0.11517812499999999,0.9419226599204914,0.48275862068965514,57.01626016260162
616,3932,0.375,0.28125,0.6545717383447777,0.27586206896551724,56.99999999999999
617,2878,0.125,0.309375,0.789519335019877,0.27586206896551724,56.99999999999999
618,6109,0.875,0.0625,0.65293579086857,0.27586206896551724,56.99999999999999
619,2910,0.125,0.309375,0.7059462715335502,0.13793103448275862,56.99999999999999
620,18624,0.375,0.27753125,0.9092398506204071,0.13793103448275862,56.99999999999999
621,2526,0.1125,0.309375,0.7059462715335502,0.6206896551724137,56.99999999999999
622,3073,0.125,0.0625,0.65293579086857,0.27586206896551724,56.99999999999999
623,4092,0.375,0.059375,0.6508384531984098,0.48275862068965514,56.910569105691046
624,6116,0.875,0.059375,0.6508384531984098,0.48275862068965514,56.910569105691046
625,5567,0.8625,0.3125,0.6508384531984098,0.48275862068965514,56.910569105691046
626,3076,0.125,0.0625,0.62643055053608,0.48275862068965514,56.910569105691046
627,19949,0.4047375000000001,0.25448125,0.9575352367184676,0.48275862068965514,56.82926829268292
628,19920,0.375,0.25565625000000003,0.9433080351764848,0.6206896551724137,56.79999999999999
629,2364,0.1125,0.0625,0.62643055053608,0.9655172413793103,56.58333333333332
630,19870,0.3625,0.25253125,0.9599807252138296,0.9655172413793103,56.58333333333332
631,6109,0.875,0.0625,0.65293579086857,1.0,56.551724137931025
632,4336,0.6125,0.262071875,0.9472834598241175,0.9655172413793103,56.533333333333324
633,2778,0.125,0.10855624999999999,0.9325864353692326,0.6896551724137931,56.52631578947368
634,2879,0.125,0.309375,0.8107697867726779,0.48275862068965514,56.504065040650396
635,19919,0.398775,0.257215625,0.9412239489218166,0.48275862068965514,56.504065040650396
636,19882,0.14869125,0.26655937500000004,0.9406457053367063,1.0,56.43678160919539
637,17351,0.375,0.29940625,0.8776894350078304,0.3448275862068966,56.36363636363635
638,2910,0.125,0.309375,0.7059462715335502,0.3448275862068966,56.36363636363635
639,3538,0.3625,0.309375,0.7059462715335502,0.3448275862068966,56.36363636363635
640,2558,0.1125,0.309375,0.8107697867726779,1.0,56.32183908045976
641,3582,0.3625,0.278125,0.8796530538489338,0.6206896551724137,56.29999999999999
642,3572,0.3625,0.309375,0.7682568365257197,1.0,56.034482758620676
643,21207,0.375,0.24936250000000001,0.9511866040236115,0.13793103448275862,55.99999999999999
644,4085,0.375,0.0625,0.65293579086857,0.27586206896551724,55.99999999999999
645,2866,0.125,0.278125,0.8578604987350921,0.27586206896551724,55.99999999999999
646,17351,0.375,0.29940625,0.8776894350078304,0.0,55.99999999999999
647,17351,0.375,0.29940625,0.8776894350078304,0.13793103448275862,55.99999999999999
648,2867,0.125,0.278125,0.8796530538489338,0.0,55.99999999999999
649,2361,0.1125,0.0625,0.7059462715335502,0.27586206896551724,55.99999999999999
650,4111,0.375,0.29553124999999997,0.8865317431634743,0.13793103448275862,55.99999999999999
651,6111,0.875,0.0625,0.7059462715335502,0.6206896551724137,55.99999999999999
652,5097,0.625,0.0625,0.65293579086857,0.27586206896551724,55.99999999999999
653,5946,0.875,0.309375,0.7059462715335502,0.0,55.99999999999999
654,5099,0.625,0.0625,0.7059462715335502,0.6206896551724137,55.99999999999999
655,19900,0.3387875,0.25725312499999997,0.9539332610528852,0.13793103448275862,55.99999999999999
656,3075,0.125,0.0625,0.7059462715335502,0.27586206896551724,55.99999999999999
657,19901,0.315125,0.25880000000000003,0.9518491747982171,0.13793103448275862,55.99999999999999
658,3937,0.375,0.28125,0.62643055053608,0.0,55.99999999999999
659,2516,0.1125,0.28125,0.6545717383447777,1.0,55.988505747126425
660,2530,0.1125,0.3125,0.6752463558607397,1.0,55.977011494252864
661,4297,0.6125,0.25,0.9282857487049753,0.6206896551724137,55.84999999999999
662,3125,0.125,0.109803125,0.9472834598241175,0.48275862068965514,55.77235772357723
663,5097,0.625,0.0625,0.65293579086857,1.0,55.7471264367816
664,2307,0.1125,0.29553124999999997,0.8865317431634743,0.6896551724137931,55.71428571428571
665,18548,0.125,0.2931125,0.8780026502830983,0.27586206896551724,55.69999999999999
666,2879,0.125,0.309375,0.8107697867726779,0.3448275862068966,55.636363636363626
667,3285,0.3625,0.25,0.9282857487049753,0.48275862068965514,55.60975609756097
668,19919,0.398775,0.257215625,0.9412239489218166,0.9655172413793103,55.58333333333332
669,3867,0.375,0.246875,0.9248042404529574,1.0,55.54022988505746
670,3080,0.125,0.059375,0.6508384531984098,0.9655172413793103,55.49999999999999
671,3299,0.3625,0.28125,0.8367546078785688,0.6206896551724137,55.49999999999999
672,5104,0.625,0.059375,0.6508384531984098,0.3448275862068966,55.454545454545446
673,18649,0.375,0.2931125,0.8918564028430309,0.3448275862068966,55.454545454545446
674,3342,0.3625,0.13098749999999998,0.9729671123960967,0.6206896551724137,55.43999999999999
675,21261,0.3987,0.244684375,0.9690278279725333,0.6896551724137931,55.33834586466165
676,2356,0.1125,0.059375,0.6508384531984098,0.48275862068965514,55.284552845528445
677,5941,0.875,0.3125,0.6508384531984098,0.48275862068965514,55.284552845528445
678,19831,0.3625,0.25570312500000003,0.9432478014697024,0.6206896551724137,55.19999999999999
679,5399,0.8625,0.0625,0.65293579086857,1.0,55.057471264367805
680,4298,0.6125,0.25,0.906143838091796,1.0,55.057471264367805
681,3932,0.375,0.28125,0.6545717383447777,0.13793103448275862,54.99999999999999
682,21207,0.375,0.24936250000000001,0.9511866040236115,0.27586206896551724,54.99999999999999
683,4085,0.375,0.0625,0.65293579086857,0.6206896551724137,54.99999999999999
684,3319,0.3625,0.29553124999999997,0.8865317431634743,0.13793103448275862,54.99999999999999
685,3571,0.3625,0.309375,0.789519335019877,0.0,54.99999999999999
686,21194,0.33885,0.2446875,0.9690157812311769,0.27586206896551724,54.99999999999999
687,4385,0.6125,0.0625,0.7059462715335502,0.6206896551724137,54.99999999999999
688,3149,0.125,0.28125,0.8367546078785688,0.13793103448275862,54.99999999999999
689,3373,0.3625,0.0625,0.7059462715335502,0.6206896551724137,54.99999999999999
690,5397,0.8625,0.0625,0.7059462715335502,0.6206896551724137,54.99999999999999
691,3604,0.3625,0.24041562500000002,0.930333694735574,0.13793103448275862,54.99999999999999
692,4119,0.375,0.2408875,0.9729671123960967,0.9655172413793103,54.974999999999994
693,18650,0.375,0.2899875,0.8984941573304421,0.9655172413793103,54.91666666666666
694,3918,0.375,0.3125,0.6752463558607397,1.0,54.82758620689654
695,2363,0.1125,0.0625,0.65293579086857,1.0,54.71264367816091
696,5100,0.625,0.0625,0.62643055053608,0.6896551724137931,54.66165413533834
697,2753,0.125,0.13343750000000001,0.9629442235875195,0.6206896551724137,54.62999999999999
698,4387,0.6125,0.0625,0.65293579086857,1.0,54.597701149425276
699,19949,0.4047375000000001,0.25448125,0.9575352367184676,0.9655172413793103,54.58333333333333
700,4092,0.375,0.059375,0.6508384531984098,0.3448275862068966,54.54545454545454
701,6116,0.875,0.059375,0.6508384531984098,0.3448275862068966,54.54545454545454
702,19919,0.398775,0.257215625,0.9412239489218166,0.3448275862068966,54.54545454545454
703,3076,0.125,0.0625,0.62643055053608,0.3448275862068966,54.54545454545454
704,6112,0.875,0.0625,0.62643055053608,0.6896551724137931,54.511278195488714
705,19875,0.33276249999999996,0.25448125,0.9575352367184676,0.6896551724137931,54.511278195488714
706,2906,0.125,0.3125,0.6752463558607397,1.0,54.482758620689644
707,2532,0.1125,0.3125,0.62643055053608,0.8275862068965517,54.44444444444444
708,5567,0.8625,0.3125,0.6508384531984098,0.6896551724137931,54.36090225563909
709,19951,0.5827625000000001,0.25448125,0.9575352367184676,0.48275862068965514,54.227642276422756
710,3368,0.3625,0.059375,0.6508384531984098,0.6896551724137931,54.210526315789465
711,3375,0.3625,0.0625,0.65293579086857,1.0,54.13793103448275
712,5941,0.875,0.3125,0.6508384531984098,0.6896551724137931,54.13533834586465
713,4342,0.6125,0.21913437499999996,0.9902300927599084,0.6206896551724137,54.11999999999999
714,3319,0.3625,0.29553124999999997,0.8865317431634743,0.0,54.09999999999999
715,4111,0.375,0.29553124999999997,0.8865317431634743,0.0,54.09999999999999
716,2910,0.125,0.309375,0.7059462715335502,0.9655172413793103,54.08333333333333
717,3298,0.3625,0.28125,0.8586073966991927,0.0,53.99999999999999
718,5562,0.8625,0.309375,0.7059462715335502,0.6206896551724137,53.99999999999999
719,4387,0.6125,0.0625,0.65293579086857,0.27586206896551724,53.99999999999999
720,5946,0.875,0.309375,0.7059462715335502,0.6206896551724137,53.99999999999999
721,5399,0.8625,0.0625,0.65293579086857,0.27586206896551724,53.99999999999999
722,4594,0.6125,0.278125,0.8796530538489338,0.27586206896551724,53.99999999999999
723,17319,0.375,0.29940625,0.8635586073966991,0.13793103448275862,53.99999999999999
724,3099,0.125,0.29553124999999997,0.8865317431634743,0.48275862068965514,53.98373983739837
725,3186,0.125,0.2384375,0.9629442235875195,1.0,53.87356321839079
726,18548,0.125,0.2931125,0.8780026502830983,0.6206896551724137,53.79999999999999
727,2753,0.125,0.13343750000000001,0.9629442235875195,0.3448275862068966,53.76363636363635
728,19944,0.375,0.25253125,0.9599807252138296,0.6896551724137931,53.68421052631578
729,17289,0.1548,0.298234375,0.8803999518130344,1.0,53.67816091954022
730,3319,0.3625,0.29553124999999997,0.8865317431634743,0.6206896551724137,53.65999999999999
731,2364,0.1125,0.0625,0.62643055053608,0.48275862068965514,53.658536585365844
732,3080,0.125,0.059375,0.6508384531984098,0.48275862068965514,53.658536585365844
733,2877,0.125,0.309375,0.7682568365257197,1.0,53.65517241379309
734,2356,0.1125,0.059375,0.6508384531984098,0.3448275862068966,53.636363636363626
735,4934,0.625,0.309375,0.7059462715335502,0.3448275862068966,53.636363636363626
736,3149,0.125,0.28125,0.8367546078785688,0.48275862068965514,53.57723577235772
737,4336,0.6125,0.262071875,0.9472834598241175,0.6896551724137931,53.563909774436084
738,3159,0.125,0.294746875,0.8743645343934465,1.0,53.563218390804586
739,21241,0.375,0.24936250000000001,0.9637754487411154,0.6206896551724137,53.49999999999999
740,4119,0.375,0.2408875,0.9729671123960967,0.3448275862068966,53.454545454545446
741,19889,0.332925,0.269296875,0.936369112155162,1.0,53.448275862068954
742,21207,0.375,0.24936250000000001,0.9511866040236115,0.48275862068965514,53.414634146341456
743,4903,0.625,0.309375,0.8107697867726779,1.0,53.39080459770114
744,3149,0.125,0.28125,0.8367546078785688,0.3448275862068966,53.36363636363635
745,3372,0.3625,0.059375,0.62643055053608,0.8275862068965517,53.333333333333336
746,19998,0.8625,0.25570312500000003,0.9432478014697024,1.0,53.33333333333332
747,19913,0.3986875,0.26655937500000004,0.9276713648957956,0.6206896551724137,53.29999999999999
748,3099,0.125,0.29553124999999997,0.8865317431634743,1.0,53.28735632183907
749,17352,0.375,0.29628125,0.8848572461149259,0.6896551724137931,53.157894736842096
750,3126,0.125,0.10290625,0.9368871220334899,1.0,53.11494252873562
751,3342,0.3625,0.13098749999999998,0.9729671123960967,0.3448275862068966,53.063636363636355
752,3538,0.3625,0.309375,0.7059462715335502,0.9655172413793103,52.99999999999999
753,3325,0.3625,0.2550875,0.9567642452716538,0.13793103448275862,52.99999999999999
754,3918,0.375,0.3125,0.6752463558607397,0.27586206896551724,52.99999999999999
755,3572,0.3625,0.309375,0.7682568365257197,0.13793103448275862,52.99999999999999
756,3572,0.3625,0.309375,0.7682568365257197,0.27586206896551724,52.99999999999999
757,2878,0.125,0.309375,0.789519335019877,0.13793103448275862,52.99999999999999
758,2866,0.125,0.278125,0.8578604987350921,0.13793103448275862,52.99999999999999
759,17270,0.125,0.29628125,0.8708709794000722,0.13793103448275862,52.99999999999999
760,2363,0.1125,0.0625,0.65293579086857,0.27586206896551724,52.99999999999999
761,3286,0.3625,0.25,0.906143838091796,0.13793103448275862,52.99999999999999
762,3584,0.3625,0.278125,0.8360558968798939,0.0,52.99999999999999
763,2517,0.1125,0.28125,0.62643055053608,0.27586206896551724,52.99999999999999
764,2526,0.1125,0.309375,0.7059462715335502,0.13793103448275862,52.99999999999999
765,3075,0.125,0.0625,0.7059462715335502,0.6206896551724137,52.99999999999999
766,3521,0.3625,0.278125,0.7718949524153716,0.13793103448275862,52.99999999999999
767,3521,0.3625,0.278125,0.7718949524153716,0.27586206896551724,52.99999999999999
768,3937,0.375,0.28125,0.62643055053608,0.6206896551724137,52.99999999999999
769,17351,0.375,0.29940625,0.8776894350078304,0.48275862068965514,52.92682926829268
770,19949,0.4047375000000001,0.25448125,0.9575352367184676,0.3448275862068966,52.9090909090909
771,3584,0.3625,0.278125,0.8360558968798939,0.6206896551724137,52.89999999999999
772,4380,0.6125,0.059375,0.6508384531984098,0.6896551724137931,52.85714285714285
773,3922,0.375,0.309375,0.7059462715335502,0.48275862068965514,52.845528455284544
774,3149,0.125,0.28125,0.8367546078785688,1.0,52.73563218390804
775,4550,0.6125,0.309375,0.7059462715335502,0.3448275862068966,52.72727272727272
776,18615,0.375,0.2931125,0.8780026502830983,1.0,52.64367816091953
777,3099,0.125,0.29553124999999997,0.8865317431634743,0.3448275862068966,52.636363636363626
778,19920,0.375,0.25565625000000003,0.9433080351764848,0.3448275862068966,52.636363636363626
779,17319,0.375,0.29940625,0.8635586073966991,0.3448275862068966,52.54545454545454
780,18535,0.3625,0.277578125,0.9091555234309118,0.27586206896551724,52.39999999999999
781,5392,0.8625,0.059375,0.6508384531984098,0.6896551724137931,52.33082706766917
782,19945,0.375,0.2712375,0.933249006143838,1.0,52.29885057471263
783,19920,0.375,0.25565625000000003,0.9433080351764848,0.48275862068965514,52.11382113821137
784,18548,0.125,0.2931125,0.8780026502830983,0.0,52.09999999999999
785,2312,0.1125,0.262071875,0.9472834598241175,1.0,52.080459770114935
786,3542,0.3625,0.3125,0.6752463558607397,1.0,52.080459770114935
787,2879,0.125,0.309375,0.8107697867726779,0.9655172413793103,52.05833333333332
788,2910,0.125,0.309375,0.7059462715335502,0.48275862068965514,52.032520325203244
789,5400,0.8625,0.0625,0.62643055053608,0.6896551724137931,52.03007518796992
790,3521,0.3625,0.278125,0.7718949524153716,1.0,52.022988505747115
791,3918,0.375,0.3125,0.6752463558607397,0.13793103448275862,51.99999999999999
792,6109,0.875,0.0625,0.65293579086857,0.6206896551724137,51.99999999999999
793,5097,0.625,0.0625,0.65293579086857,0.6206896551724137,51.99999999999999
794,3150,0.125,0.28125,0.8586073966991927,0.27586206896551724,51.99999999999999
795,3891,0.375,0.309375,0.8107697867726779,0.27586206896551724,51.99999999999999
796,4582,0.6125,0.309375,0.8107697867726779,0.27586206896551724,51.99999999999999
797,17281,0.12499999999999992,0.29940625,0.8776894350078304,0.13793103448275862,51.99999999999999
798,17281,0.12499999999999992,0.29940625,0.8776894350078304,0.27586206896551724,51.99999999999999
799,3922,0.375,0.309375,0.7059462715335502,0.9655172413793103,51.91666666666666
800,19951,0.5827625000000001,0.25448125,0.9575352367184676,0.9655172413793103,51.91666666666666
801,19870,0.3625,0.25253125,0.9599807252138296,0.3448275862068966,51.9090909090909
802,18649,0.375,0.2931125,0.8918564028430309,0.27586206896551724,51.89999999999999
803,18548,0.125,0.2931125,0.8780026502830983,0.13793103448275862,51.89999999999999
804,4582,0.6125,0.309375,0.8107697867726779,1.0,51.89655172413792
805,3376,0.3625,0.0625,0.62643055053608,0.6896551724137931,51.879699248120296
806,20023,0.8327625000000001,0.25448125,0.9575352367184676,1.0,51.8390804597701
807,18616,0.375,0.2899875,0.8847729189254305,1.0,51.8390804597701
808,2867,0.125,0.278125,0.8796530538489338,0.6896551724137931,51.827067669172926
809,3080,0.125,0.059375,0.6508384531984098,0.3448275862068966,51.81818181818181
810,2526,0.1125,0.309375,0.7059462715335502,0.3448275862068966,51.81818181818181
811,3319,0.3625,0.29553124999999997,0.8865317431634743,0.48275862068965514,51.788617886178855
812,3694,0.3625,0.13343750000000001,0.9629442235875195,0.6206896551724137,51.75999999999999
813,4388,0.6125,0.0625,0.62643055053608,0.6896551724137931,51.72932330827067
814,3076,0.125,0.0625,0.62643055053608,0.6896551724137931,51.72932330827067
815,19992,0.625,0.25565625000000003,0.9433080351764848,1.0,51.72413793103447
816,3920,0.375,0.3125,0.62643055053608,0.8275862068965517,51.666666666666664
817,19926,0.6125,0.25570312500000003,0.9432478014697024,0.8275862068965517,51.666666666666664
818,19901,0.315125,0.25880000000000003,0.9518491747982171,0.27586206896551724,51.29999999999999
819,17319,0.375,0.29940625,0.8635586073966991,0.0,51.29999999999999
820,18602,0.338875,0.2884375,0.9016985905312612,1.0,51.26436781609194
821,2526,0.1125,0.309375,0.7059462715335502,0.9655172413793103,51.24999999999999
822,3538,0.3625,0.309375,0.7059462715335502,0.48275862068965514,51.21951219512194
823,4384,0.6125,0.059375,0.62643055053608,0.8275862068965517,51.111111111111114
824,19948,0.43438750000000004,0.256428125,0.9550174677749668,1.0,51.034482758620676
825,3932,0.375,0.28125,0.6545717383447777,0.0,50.99999999999999
826,2865,0.125,0.278125,0.8360558968798939,0.27586206896551724,50.99999999999999
827,3290,0.3625,0.294746875,0.8743645343934465,0.27586206896551724,50.99999999999999
828,3542,0.3625,0.3125,0.6752463558607397,0.27586206896551724,50.99999999999999
829,19946,0.375,0.26811250000000003,0.9382363570654136,0.0,50.99999999999999
830,3149,0.125,0.28125,0.8367546078785688,0.0,50.99999999999999
831,19943,0.375,0.25565625000000003,0.9560293940489097,0.13793103448275862,50.99999999999999
832,18624,0.375,0.27753125,0.9092398506204071,0.0,50.99999999999999
833,2517,0.1125,0.28125,0.62643055053608,0.6206896551724137,50.99999999999999
834,5399,0.8625,0.0625,0.65293579086857,0.6206896551724137,50.99999999999999
835,19900,0.3387875,0.25725312499999997,0.9539332610528852,0.27586206896551724,50.99999999999999
836,19898,0.3388625,0.2665625,0.9406336585953499,0.27586206896551724,50.99999999999999
837,4594,0.6125,0.278125,0.8796530538489338,0.13793103448275862,50.99999999999999
838,3604,0.3625,0.24041562500000002,0.930333694735574,0.27586206896551724,50.99999999999999
839,19870,0.3625,0.25253125,0.9599807252138296,0.6896551724137931,50.97744360902255
840,21256,0.58885,0.2446875,0.9690157812311769,0.9655172413793103,50.91666666666666
841,2364,0.1125,0.0625,0.62643055053608,0.3448275862068966,50.9090909090909
842,4119,0.375,0.2408875,0.9729671123960967,0.6896551724137931,50.827067669172926
843,3285,0.3625,0.25,0.9282857487049753,0.3448275862068966,50.73636363636363
844,2910,0.125,0.309375,0.7059462715335502,0.6896551724137931,50.60150375939849
845,5104,0.625,0.059375,0.6508384531984098,0.6896551724137931,50.60150375939849
846,21256,0.58885,0.2446875,0.9690157812311769,0.48275862068965514,50.569105691056905
847,5396,0.8625,0.059375,0.62643055053608,0.8275862068965517,50.55555555555556
848,19951,0.5827625000000001,0.25448125,0.9575352367184676,0.3448275862068966,50.54545454545454
849,3922,0.375,0.309375,0.7059462715335502,1.0,50.540229885057464
850,3342,0.3625,0.13098749999999998,0.9729671123960967,1.0,50.47126436781608
851,21207,0.375,0.24936250000000001,0.9511866040236115,0.8275862068965517,50.45
852,21238,0.6125,0.24623750000000003,0.9673292374412721,0.6206896551724137,50.29999999999999
853,19913,0.3986875,0.26655937500000004,0.9276713648957956,0.27586206896551724,50.29999999999999
854,21256,0.58885,0.2446875,0.9690157812311769,0.3448275862068966,50.272727272727266
855,4111,0.375,0.29553124999999997,0.8865317431634743,0.9655172413793103,50.191666666666656
856,21238,0.6125,0.24623750000000003,0.9673292374412721,0.48275862068965514,50.162601626016254
857,18649,0.375,0.2931125,0.8918564028430309,0.48275862068965514,50.162601626016254
858,3937,0.375,0.28125,0.62643055053608,1.0,50.16091954022988
859,6116,0.875,0.059375,0.6508384531984098,0.6896551724137931,50.15037593984962
860,19868,0.3625,0.2712375,0.933249006143838,1.0,50.114942528735625
861,2927,0.125,0.278125,0.7718949524153716,1.0,50.011494252873554
862,6113,0.875,0.059375,0.62643055053608,0.8275862068965517,50.0
863,5101,0.625,0.059375,0.62643055053608,0.8275862068965517,50.0
864,2356,0.1125,0.059375,0.6508384531984098,0.6896551724137931,49.99999999999999
865,3342,0.3625,0.13098749999999998,0.9729671123960967,0.48275862068965514,49.99999999999999
866,19870,0.3625,0.25253125,0.9599807252138296,0.48275862068965514,49.99999999999999
867,19940,0.6125,0.25253125,0.9599807252138296,0.9655172413793103,49.99999999999999
868,4085,0.375,0.0625,0.65293579086857,0.13793103448275862,49.99999999999999
869,2356,0.1125,0.059375,0.6508384531984098,0.0,49.99999999999999
870,3324,0.3625,0.262071875,0.9472834598241175,0.13793103448275862,49.99999999999999
871,3297,0.3625,0.28125,0.8804722322611732,0.27586206896551724,49.99999999999999
872,2878,0.125,0.309375,0.789519335019877,0.0,49.99999999999999
873,4387,0.6125,0.0625,0.65293579086857,0.13793103448275862,49.99999999999999
874,4387,0.6125,0.0625,0.65293579086857,0.6206896551724137,49.99999999999999
875,6116,0.875,0.059375,0.6508384531984098,0.0,49.99999999999999
876,5097,0.625,0.0625,0.65293579086857,0.13793103448275862,49.99999999999999
877,5099,0.625,0.0625,0.7059462715335502,0.13793103448275862,49.99999999999999
878,5400,0.8625,0.0625,0.62643055053608,0.0,49.99999999999999
879,3080,0.125,0.059375,0.6508384531984098,0.0,49.99999999999999
880,5399,0.8625,0.0625,0.65293579086857,0.13793103448275862,49.99999999999999
881,3075,0.125,0.0625,0.7059462715335502,0.13793103448275862,49.99999999999999
882,3373,0.3625,0.0625,0.7059462715335502,0.13793103448275862,49.99999999999999
883,3073,0.125,0.0625,0.65293579086857,0.13793103448275862,49.99999999999999
884,3375,0.3625,0.0625,0.65293579086857,0.27586206896551724,49.99999999999999
885,3375,0.3625,0.0625,0.65293579086857,0.6206896551724137,49.99999999999999
886,4582,0.6125,0.309375,0.8107697867726779,0.13793103448275862,49.99999999999999
887,5392,0.8625,0.059375,0.6508384531984098,0.0,49.99999999999999
888,19870,0.3625,0.25253125,0.9599807252138296,0.13793103448275862,49.99999999999999
889,18593,0.33294999999999997,0.291175,0.8960004818696542,0.6206896551724137,49.89999999999999
890,3891,0.375,0.309375,0.8107697867726779,0.6206896551724137,49.89999999999999
891,3297,0.3625,0.28125,0.8804722322611732,1.0,49.89655172413792
892,4092,0.375,0.059375,0.6508384531984098,0.6896551724137931,49.84962406015037
893,4554,0.6125,0.3125,0.6752463558607397,1.0,49.77011494252873
894,18641,0.4047625,0.276359375,0.9113359836164318,1.0,49.77011494252873
895,19940,0.6125,0.25253125,0.9599807252138296,0.6206896551724137,49.69999999999999
896,3150,0.125,0.28125,0.8586073966991927,0.6206896551724137,49.69999999999999
897,17352,0.375,0.29628125,0.8848572461149259,0.48275862068965514,49.67479674796747
898,21206,0.4046875,0.24742187499999999,0.9534513913986267,0.8275862068965517,49.666666666666664
899,19918,0.42247500000000004,0.258771875,0.939103722443079,1.0,49.655172413793096
900,18549,0.3625,0.2931125,0.8780026502830983,0.27586206896551724,49.599999999999994
901,21199,0.6125,0.24936250000000001,0.9511866040236115,0.9655172413793103,49.58333333333333
902,3538,0.3625,0.309375,0.7059462715335502,0.6896551724137931,49.54887218045112
903,21262,0.42246249999999996,0.24312499999999998,0.9706782315383687,1.0,49.540229885057464
904,21199,0.6125,0.24936250000000001,0.9511866040236115,0.6206896551724137,49.49999999999999
905,4171,0.375,0.294746875,0.8743645343934465,0.27586206896551724,49.49999999999999
906,3299,0.3625,0.28125,0.8367546078785688,0.9655172413793103,49.48333333333333
907,19919,0.398775,0.257215625,0.9412239489218166,0.6896551724137931,49.47368421052631
908,4089,0.375,0.059375,0.62643055053608,0.8275862068965517,49.44444444444444
909,4556,0.6125,0.3125,0.62643055053608,0.8275862068965517,49.44444444444444
910,17308,0.33875,0.30100625000000003,0.873906758221901,1.0,49.42528735632183
911,18650,0.375,0.2899875,0.8984941573304421,0.6896551724137931,49.323308270676684
912,4311,0.6125,0.28125,0.8367546078785688,1.0,49.3103448275862
913,19890,0.30322499999999997,0.26735000000000003,0.9394289844597036,1.0,49.3103448275862
914,2558,0.1125,0.309375,0.8107697867726779,0.6206896551724137,49.29999999999999
915,3126,0.125,0.10290625,0.9368871220334899,0.48275862068965514,49.26016260162601
916,3286,0.3625,0.25,0.906143838091796,0.27586206896551724,49.19999999999999
917,5562,0.8625,0.309375,0.7059462715335502,0.3448275862068966,49.09090909090908
918,5946,0.875,0.309375,0.7059462715335502,0.3448275862068966,49.09090909090908
919,17278,0.3625,0.29628125,0.8848572461149259,1.0,49.080459770114935
920,3234,0.3625,0.3125,0.7660281893747741,1.0,49.011494252873554
921,4934,0.625,0.309375,0.7059462715335502,0.9655172413793103,48.99999999999999
922,3932,0.375,0.28125,0.6545717383447777,0.6206896551724137,48.99999999999999
923,21194,0.33885,0.2446875,0.9690157812311769,0.0,48.99999999999999
924,3918,0.375,0.3125,0.6752463558607397,0.0,48.99999999999999
925,2865,0.125,0.278125,0.8360558968798939,0.6206896551724137,48.99999999999999
926,2866,0.125,0.278125,0.8578604987350921,0.0,48.99999999999999
927,2361,0.1125,0.0625,0.7059462715335502,0.6206896551724137,48.99999999999999
928,21242,0.375,0.24623750000000003,0.9673292374412721,0.13793103448275862,48.99999999999999
929,3290,0.3625,0.294746875,0.8743645343934465,0.13793103448275862,48.99999999999999
930,4903,0.625,0.309375,0.8107697867726779,0.27586206896551724,48.99999999999999
931,3150,0.125,0.28125,0.8586073966991927,0.13793103448275862,48.99999999999999
932,3593,0.3625,0.278125,0.9014576557041319,0.27586206896551724,48.99999999999999
933,18576,0.125,0.2899875,0.8984941573304421,0.13793103448275862,48.99999999999999
934,2516,0.1125,0.28125,0.6545717383447777,0.27586206896551724,48.99999999999999
935,18649,0.375,0.2931125,0.8918564028430309,0.0,48.99999999999999
936,2517,0.1125,0.28125,0.62643055053608,0.0,48.99999999999999
937,2530,0.1125,0.3125,0.6752463558607397,0.27586206896551724,48.99999999999999
938,3521,0.3625,0.278125,0.7718949524153716,0.0,48.99999999999999
939,2558,0.1125,0.309375,0.8107697867726779,0.13793103448275862,48.99999999999999
940,2568,0.1125,0.302878125,0.8251897361763642,0.13793103448275862,48.99999999999999
941,19920,0.375,0.25565625000000003,0.9433080351764848,0.8275862068965517,48.888888888888886
942,19914,0.42246249999999996,0.265,0.9300686664257317,1.0,48.85057471264367
943,17351,0.375,0.29940625,0.8776894350078304,0.9655172413793103,48.83333333333333
944,2559,0.1125,0.309375,0.789519335019877,1.0,48.80459770114941
945,19876,0.3031125,0.256428125,0.9550174677749668,0.13793103448275862,48.79999999999999
946,4550,0.6125,0.309375,0.7059462715335502,0.9655172413793103,48.74999999999999
947,19949,0.4047375000000001,0.25448125,0.9575352367184676,0.6896551724137931,48.72180451127819
948,3694,0.3625,0.13343750000000001,0.9629442235875195,0.3448275862068966,48.709090909090904
949,3922,0.375,0.309375,0.7059462715335502,0.6896551724137931,48.57142857142856
950,3104,0.125,0.262071875,0.9472834598241175,0.6206896551724137,48.419999999999995
951,18558,0.12500000000000017,0.2899875,0.8847729189254305,0.6206896551724137,48.39999999999999
952,4932,0.625,0.3125,0.62643055053608,0.8275862068965517,48.333333333333336
953,2360,0.1125,0.059375,0.62643055053608,0.8275862068965517,48.333333333333336
954,4582,0.6125,0.309375,0.8107697867726779,0.6206896551724137,48.29999999999999
955,5196,0.625,0.26985625,0.9224189856643776,1.0,48.22988505747126
956,18604,0.33876249999999997,0.279128125,0.9196482351523912,1.0,48.045977011494244
957,4930,0.625,0.3125,0.6752463558607397,1.0,48.045977011494244
958,2526,0.1125,0.309375,0.7059462715335502,0.6896551724137931,48.04511278195488
959,2877,0.125,0.309375,0.7682568365257197,0.27586206896551724,47.99999999999999
960,17270,0.125,0.29628125,0.8708709794000722,0.27586206896551724,47.99999999999999
961,2865,0.125,0.278125,0.8360558968798939,0.13793103448275862,47.99999999999999
962,4903,0.625,0.309375,0.8107697867726779,0.6206896551724137,47.99999999999999
963,3542,0.3625,0.3125,0.6752463558607397,0.13793103448275862,47.99999999999999
964,18615,0.375,0.2931125,0.8780026502830983,0.6206896551724137,47.99999999999999
965,19943,0.375,0.25565625000000003,0.9560293940489097,0.27586206896551724,47.99999999999999
966,5606,0.8625,0.278125,0.8796530538489338,0.27586206896551724,47.99999999999999
967,2516,0.1125,0.28125,0.6545717383447777,0.6206896551724137,47.99999999999999
968,2517,0.1125,0.28125,0.62643055053608,0.13793103448275862,47.99999999999999
969,20502,0.12500000000000006,0.1368625,0.9661366100469823,0.6206896551724137,47.99999999999999
970,18535,0.3625,0.277578125,0.9091555234309118,0.13793103448275862,47.99999999999999
971,2570,0.1125,0.278125,0.8796530538489338,0.6206896551724137,47.99999999999999
972,17281,0.12499999999999992,0.29940625,0.8776894350078304,0.0,47.99999999999999
973,2526,0.1125,0.309375,0.7059462715335502,0.48275862068965514,47.96747967479674
974,19897,0.31515,0.26500625,0.9429827731598602,0.27586206896551724,47.89999999999999
975,17319,0.375,0.29940625,0.8635586073966991,0.9655172413793103,47.83333333333333
976,2558,0.1125,0.309375,0.8107697867726779,0.27586206896551724,47.79999999999999
977,19889,0.332925,0.269296875,0.936369112155162,0.6206896551724137,47.79999999999999
978,2908,0.125,0.3125,0.62643055053608,0.8275862068965517,47.77777777777778
979,3544,0.3625,0.3125,0.62643055053608,0.8275862068965517,47.77777777777778
980,4087,0.375,0.0625,0.7059462715335502,0.9655172413793103,47.74999999999999
981,18548,0.125,0.2931125,0.8780026502830983,0.48275862068965514,47.72357723577235
982,18616,0.375,0.2899875,0.8847729189254305,0.27586206896551724,47.69999999999999
983,18623,0.39878749999999996,0.279090625,0.9063847729189254,0.27586206896551724,47.599999999999994
984,19831,0.3625,0.25570312500000003,0.9432478014697024,0.3448275862068966,47.54545454545454
985,2364,0.1125,0.0625,0.62643055053608,0.6896551724137931,47.5187969924812
986,2307,0.1125,0.29553124999999997,0.8865317431634743,0.3448275862068966,47.5090909090909
987,3119,0.125,0.15274062500000002,0.9902300927599084,1.0,47.50574712643677
988,4297,0.6125,0.25,0.9282857487049753,0.3448275862068966,47.463636363636354
989,17289,0.1548,0.298234375,0.8803999518130344,0.27586206896551724,47.39999999999999
990,18617,0.398675,0.288434375,0.8880375858330322,1.0,47.35632183908045
991,21194,0.33885,0.2446875,0.9690157812311769,0.8275862068965517,47.333333333333336
992,2531,0.1125,0.3125,0.6508384531984098,0.8275862068965517,47.333333333333336
993,3580,0.3625,0.302878125,0.8251897361763642,0.27586206896551724,47.29999999999999
994,4111,0.375,0.29553124999999997,0.8865317431634743,0.6206896551724137,47.279999999999994
995,3937,0.375,0.28125,0.62643055053608,0.3448275862068966,47.272727272727266
996,21238,0.6125,0.24623750000000003,0.9673292374412721,0.9655172413793103,47.24999999999999
997,3149,0.125,0.28125,0.8367546078785688,0.9655172413793103,47.24999999999999
998,3150,0.125,0.28125,0.8586073966991927,1.0,47.22988505747126
999,5568,0.8625,0.3125,0.62643055053608,0.8275862068965517,47.22222222222222
1000,18576,0.125,0.2899875,0.8984941573304421,0.27586206896551724,47.19999999999999
1001,19902,0.2914125,0.260353125,0.9497048548367667,0.13793103448275862,47.19999999999999
1002,4934,0.625,0.309375,0.7059462715335502,0.48275862068965514,47.15447154471544
1003,3080,0.125,0.059375,0.6508384531984098,0.6896551724137931,47.14285714285714
1004,21128,0.3388,0.235378125,0.9658113480303577,1.0,47.126436781609186
1005,4583,0.6125,0.309375,0.789519335019877,1.0,47.06896551724137
1006,2879,0.125,0.309375,0.8107697867726779,0.6896551724137931,47.06766917293233
1007,20012,0.8625,0.25253125,0.9599807252138296,1.0,47.011494252873554
1008,19896,0.2915,0.26345625,0.9452837007589447,1.0,47.011494252873554
1009,21141,0.3625,0.24936250000000001,0.9511866040236115,0.8275862068965517,47.0
1010,20502,0.12500000000000006,0.1368625,0.9661366100469823,0.3448275862068966,46.99999999999999
1011,21207,0.375,0.24936250000000001,0.9511866040236115,0.0,46.99999999999999
1012,3572,0.3625,0.309375,0.7682568365257197,0.0,46.99999999999999
1013,4930,0.625,0.3125,0.6752463558607397,0.27586206896551724,46.99999999999999
1014,3297,0.3625,0.28125,0.8804722322611732,0.13793103448275862,46.99999999999999
1015,4336,0.6125,0.262071875,0.9472834598241175,0.13793103448275862,46.99999999999999
1016,4171,0.375,0.294746875,0.8743645343934465,0.13793103448275862,46.99999999999999
1017,4311,0.6125,0.28125,0.8367546078785688,0.27586206896551724,46.99999999999999
1018,19919,0.398775,0.257215625,0.9412239489218166,0.13793103448275862,46.99999999999999
1019,2530,0.1125,0.3125,0.6752463558607397,0.13793103448275862,46.99999999999999
1020,3073,0.125,0.0625,0.65293579086857,0.6206896551724137,46.99999999999999
1021,4554,0.6125,0.3125,0.6752463558607397,0.27586206896551724,46.99999999999999
1022,18579,0.3327375,0.276359375,0.924587399108541,0.27586206896551724,46.89999999999999
1023,3285,0.3625,0.25,0.9282857487049753,1.0,46.85057471264367
1024,19831,0.3625,0.25570312500000003,0.9432478014697024,0.48275862068965514,46.82926829268292
1025,3319,0.3625,0.29553124999999997,0.8865317431634743,0.9655172413793103,46.824999999999996
1026,5594,0.8625,0.309375,0.8107697867726779,1.0,46.78160919540229
1027,4111,0.375,0.29553124999999997,0.8865317431634743,0.48275862068965514,46.74796747967479
1028,3582,0.3625,0.278125,0.8796530538489338,0.9655172413793103,46.73333333333333
1029,3299,0.3625,0.28125,0.8367546078785688,0.3448275862068966,46.72727272727272
1030,18548,0.125,0.2931125,0.8780026502830983,0.3448275862068966,46.72727272727272
1031,4594,0.6125,0.278125,0.8796530538489338,1.0,46.67816091954022
1032,5562,0.8625,0.309375,0.7059462715335502,1.0,46.586206896551715
1033,4290,0.6125,0.26331875,0.9325864353692326,0.48275862068965514,46.58536585365853
1034,19944,0.375,0.25253125,0.9599807252138296,0.8275862068965517,46.55555555555556
1035,2753,0.125,0.13343750000000001,0.9629442235875195,0.48275862068965514,46.5040650406504
1036,3325,0.3625,0.2550875,0.9567642452716538,0.27586206896551724,46.39999999999999
1037,3580,0.3625,0.302878125,0.8251897361763642,1.0,46.35632183908045
1038,4087,0.375,0.0625,0.7059462715335502,0.48275862068965514,46.34146341463414
1039,4550,0.6125,0.309375,0.7059462715335502,0.48275862068965514,46.34146341463414
1040,17337,0.375,0.29628125,0.8708709794000722,1.0,46.32183908045976
1041,4291,0.6125,0.26985625,0.9224189856643776,1.0,46.3103448275862
1042,19898,0.3388625,0.2665625,0.9406336585953499,0.0,46.29999999999999
1043,19889,0.332925,0.269296875,0.936369112155162,0.27586206896551724,46.29999999999999
1044,3582,0.3625,0.278125,0.8796530538489338,0.3448275862068966,46.272727272727266
1045,21197,0.31513749999999996,0.236925,0.9767738826647391,1.0,46.20689655172413
1046,3290,0.3625,0.294746875,0.8743645343934465,0.0,46.19999999999999
1047,19897,0.31515,0.26500625,0.9429827731598602,0.13793103448275862,46.19999999999999
1048,5348,0.8625,0.262071875,0.9472834598241175,0.6206896551724137,46.13999999999999
1049,5944,0.875,0.3125,0.62643055053608,0.8275862068965517,46.111111111111114
1050,3077,0.125,0.059375,0.62643055053608,0.8275862068965517,46.111111111111114
1051,18722,0.625,0.2899875,0.8984941573304421,0.27586206896551724,46.099999999999994
1052,18558,0.12500000000000017,0.2899875,0.8847729189254305,0.27586206896551724,46.099999999999994
1053,18667,0.39878749999999996,0.279090625,0.91972051560053,1.0,46.091954022988496
1054,19951,0.5827625000000001,0.25448125,0.9575352367184676,0.6896551724137931,46.09022556390977
1055,2878,0.125,0.309375,0.789519335019877,0.9655172413793103,46.06666666666666
1056,4934,0.625,0.309375,0.7059462715335502,0.6896551724137931,46.01503759398496
1057,21185,0.33290000000000003,0.24742187499999999,0.9660040958920612,0.13793103448275862,45.99999999999999
1058,21185,0.33290000000000003,0.24742187499999999,0.9660040958920612,0.6206896551724137,45.99999999999999
1059,4930,0.625,0.3125,0.6752463558607397,0.13793103448275862,45.99999999999999
1060,4949,0.625,0.28125,0.62643055053608,0.27586206896551724,45.99999999999999
1061,4336,0.6125,0.262071875,0.9472834598241175,0.27586206896551724,45.99999999999999
1062,3542,0.3625,0.3125,0.6752463558607397,0.0,45.99999999999999
1063,19944,0.375,0.25253125,0.9599807252138296,0.13793103448275862,45.99999999999999
1064,3150,0.125,0.28125,0.8586073966991927,0.0,45.99999999999999
1065,2927,0.125,0.278125,0.7718949524153716,0.27586206896551724,45.99999999999999
1066,17289,0.1548,0.298234375,0.8803999518130344,0.13793103448275862,45.99999999999999
1067,19927,0.5887875,0.25725312499999997,0.9411757619563906,0.6206896551724137,45.99999999999999
1068,19926,0.6125,0.25570312500000003,0.9432478014697024,0.13793103448275862,45.99999999999999
1069,19913,0.3986875,0.26655937500000004,0.9276713648957956,0.13793103448275862,45.99999999999999
1070,2516,0.1125,0.28125,0.6545717383447777,0.0,45.99999999999999
1071,2516,0.1125,0.28125,0.6545717383447777,0.13793103448275862,45.99999999999999
1072,3891,0.375,0.309375,0.8107697867726779,0.13793103448275862,45.99999999999999
1073,3891,0.375,0.309375,0.8107697867726779,0.0,45.99999999999999
1074,4594,0.6125,0.278125,0.8796530538489338,0.0,45.99999999999999
1075,2530,0.1125,0.3125,0.6752463558607397,0.0,45.99999999999999
1076,4583,0.6125,0.309375,0.789519335019877,0.27586206896551724,45.99999999999999
1077,4554,0.6125,0.3125,0.6752463558607397,0.13793103448275862,45.99999999999999
1078,2568,0.1125,0.302878125,0.8251897361763642,0.27586206896551724,45.99999999999999
1079,4297,0.6125,0.25,0.9282857487049753,0.13793103448275862,45.99999999999999
1080,5099,0.625,0.0625,0.7059462715335502,0.9655172413793103,45.91666666666666
1081,21238,0.6125,0.24623750000000003,0.9673292374412721,0.3448275862068966,45.9090909090909
1082,19925,0.6125,0.26811250000000003,0.9252258764004336,0.6206896551724137,45.89999999999999
1083,18642,0.375,0.27440625,0.9147693049030237,0.27586206896551724,45.89999999999999
1084,3694,0.3625,0.13343750000000001,0.9629442235875195,0.48275862068965514,45.85365853658536
1085,2335,0.1125,0.096103125,0.9256113721238406,1.0,45.8390804597701
1086,18616,0.375,0.2899875,0.8847729189254305,0.6206896551724137,45.79999999999999
1087,21261,0.3987,0.244684375,0.9690278279725333,0.8275862068965517,45.77777777777778
1088,5562,0.8625,0.309375,0.7059462715335502,0.9655172413793103,45.74999999999999
1089,3298,0.3625,0.28125,0.8586073966991927,0.6206896551724137,45.72999999999999
1090,3319,0.3625,0.29553124999999997,0.8865317431634743,0.3448275862068966,45.71818181818181
1091,4550,0.6125,0.309375,0.7059462715335502,0.6896551724137931,45.71428571428571
1092,18549,0.3625,0.2931125,0.8780026502830983,0.0,45.69999999999999
1093,3299,0.3625,0.28125,0.8367546078785688,0.48275862068965514,45.60975609756097
1094,19919,0.398775,0.257215625,0.9412239489218166,0.27586206896551724,45.599999999999994
1095,3917,0.375,0.3125,0.6508384531984098,0.8275862068965517,45.55555555555556
1096,21191,0.15468500000000002,0.24742187499999999,0.9660040958920612,1.0,45.517241379310335
1097,3890,0.375,0.309375,0.789519335019877,1.0,45.517241379310335
1098,21193,0.31515,0.24313125000000002,0.9706661847970124,0.6206896551724137,45.49999999999999
1099,19901,0.315125,0.25880000000000003,0.9518491747982171,0.0,45.49999999999999
1100,4087,0.375,0.0625,0.7059462715335502,0.3448275862068966,45.454545454545446
1101,2517,0.1125,0.28125,0.62643055053608,0.3448275862068966,45.454545454545446
1102,3937,0.375,0.28125,0.62643055053608,0.9655172413793103,45.41666666666666
1103,18593,0.33294999999999997,0.291175,0.8960004818696542,0.27586206896551724,45.29999999999999
1104,2568,0.1125,0.302878125,0.8251897361763642,0.6206896551724137,45.29999999999999
1105,4289,0.6125,0.256696875,0.9419226599204914,0.48275862068965514,45.20325203252032
1106,21206,0.4046875,0.24742187499999999,0.9534513913986267,0.27586206896551724,45.19999999999999
1107,21209,0.3987,0.244684375,0.9565112637031683,0.6206896551724137,45.19999999999999
1108,19898,0.3388625,0.2665625,0.9406336585953499,0.13793103448275862,45.19999999999999
1109,18535,0.3625,0.277578125,0.9091555234309118,0.0,45.19999999999999
1110,2560,0.1125,0.309375,0.7682568365257197,1.0,45.149425287356316
1111,18602,0.338875,0.2884375,0.9016985905312612,0.6206896551724137,45.099999999999994
1112,19876,0.3031125,0.256428125,0.9550174677749668,0.27586206896551724,45.099999999999994
1113,21200,0.5829,0.24742187499999999,0.9534513913986267,0.48275862068965514,45.04065040650406
1114,4584,0.6125,0.309375,0.7682568365257197,1.0,45.03448275862068
1115,4902,0.625,0.309375,0.789519335019877,1.0,45.022988505747115
1116,4385,0.6125,0.0625,0.7059462715335502,0.9655172413793103,44.99999999999999
1117,5946,0.875,0.309375,0.7059462715335502,0.9655172413793103,44.99999999999999
1118,21206,0.4046875,0.24742187499999999,0.9534513913986267,0.13793103448275862,44.99999999999999
1119,4087,0.375,0.0625,0.7059462715335502,0.0,44.99999999999999
1120,2868,0.125,0.302878125,0.8251897361763642,0.13793103448275862,44.99999999999999
1121,21185,0.33290000000000003,0.24742187499999999,0.9660040958920612,0.27586206896551724,44.99999999999999
1122,2363,0.1125,0.0625,0.65293579086857,0.6206896551724137,44.99999999999999
1123,4949,0.625,0.28125,0.62643055053608,0.13793103448275862,44.99999999999999
1124,2906,0.125,0.3125,0.6752463558607397,0.27586206896551724,44.99999999999999
1125,4903,0.625,0.309375,0.8107697867726779,0.13793103448275862,44.99999999999999
1126,19946,0.375,0.26811250000000003,0.9382363570654136,0.6206896551724137,44.99999999999999
1127,2927,0.125,0.278125,0.7718949524153716,0.6206896551724137,44.99999999999999
1128,5594,0.8625,0.309375,0.8107697867726779,0.27586206896551724,44.99999999999999
1129,4311,0.6125,0.28125,0.8367546078785688,0.13793103448275862,44.99999999999999
1130,5128,0.625,0.262071875,0.9472834598241175,0.13793103448275862,44.99999999999999
1131,3593,0.3625,0.278125,0.9014576557041319,0.13793103448275862,44.99999999999999
1132,19900,0.3387875,0.25725312499999997,0.9539332610528852,0.0,44.99999999999999
1133,4595,0.6125,0.278125,0.8578604987350921,0.27586206896551724,44.99999999999999
1134,3521,0.3625,0.278125,0.7718949524153716,0.6206896551724137,44.99999999999999
1135,4583,0.6125,0.309375,0.789519335019877,0.13793103448275862,44.99999999999999
1136,4582,0.6125,0.309375,0.8107697867726779,0.0,44.99999999999999
1137,5348,0.8625,0.262071875,0.9472834598241175,0.13793103448275862,44.99999999999999
1138,5348,0.8625,0.262071875,0.9472834598241175,0.27586206896551724,44.99999999999999
1139,21196,0.3388,0.235378125,0.9781833514034453,1.0,44.94252873563217
1140,17283,0.3327,0.298234375,0.8803999518130344,0.9655172413793103,44.91666666666666
1141,4195,0.375,0.24490625000000002,0.9562703288760389,0.48275862068965514,44.878048780487795
1142,4111,0.375,0.29553124999999997,0.8865317431634743,0.6896551724137931,44.84210526315789
1143,3584,0.3625,0.278125,0.8360558968798939,0.3448275862068966,44.81818181818181
1144,5128,0.625,0.262071875,0.9472834598241175,0.27586206896551724,44.79999999999999
1145,21314,0.625,0.24623750000000003,0.9673292374412721,0.6206896551724137,44.79999999999999
1146,4183,0.375,0.26331875,0.9325864353692326,0.48275862068965514,44.79674796747967
1147,3122,0.125,0.13098749999999998,0.9729671123960967,0.3448275862068966,44.76363636363636
1148,5397,0.8625,0.0625,0.7059462715335502,0.9655172413793103,44.74999999999999
1149,6111,0.875,0.0625,0.7059462715335502,0.9655172413793103,44.74999999999999
1150,5961,0.875,0.28125,0.62643055053608,1.0,44.73563218390804
1151,5099,0.625,0.0625,0.7059462715335502,0.48275862068965514,44.71544715447154
1152,19913,0.3986875,0.26655937500000004,0.9276713648957956,0.48275862068965514,44.71544715447154
1153,21199,0.6125,0.24936250000000001,0.9511866040236115,0.6896551724137931,44.66165413533834
1154,4942,0.625,0.300271875,0.7551740754126008,1.0,44.63218390804597
1155,4342,0.6125,0.21913437499999996,0.9902300927599084,0.3448275862068966,44.61818181818181
1156,19940,0.6125,0.25253125,0.9599807252138296,0.6896551724137931,44.586466165413526
1157,19913,0.3986875,0.26655937500000004,0.9276713648957956,0.3448275862068966,44.54545454545454
1158,4085,0.375,0.0625,0.65293579086857,0.9655172413793103,44.49999999999999
1159,18604,0.33876249999999997,0.279128125,0.9196482351523912,0.27586206896551724,44.49999999999999
1160,18722,0.625,0.2899875,0.8984941573304421,0.6206896551724137,44.49999999999999
1161,18574,0.3625,0.27440625,0.9279604866883507,0.27586206896551724,44.49999999999999
1162,4088,0.375,0.0625,0.62643055053608,0.8275862068965517,44.44444444444444
1163,3373,0.3625,0.0625,0.7059462715335502,0.9655172413793103,44.41666666666666
1164,21256,0.58885,0.2446875,0.9690157812311769,0.6896551724137931,44.36090225563909
1165,17289,0.1548,0.298234375,0.8803999518130344,0.0,44.29999999999999
1166,19882,0.14869125,0.26655937500000004,0.9406457053367063,0.6206896551724137,44.29999999999999
1167,21261,0.3987,0.244684375,0.9690278279725333,0.13793103448275862,44.29999999999999
1168,17271,0.3625,0.29628125,0.8708709794000722,0.6206896551724137,44.29999999999999
1169,18572,0.3625,0.2931125,0.8918564028430309,1.0,44.25287356321838
1170,17364,0.4048,0.298234375,0.8803999518130344,1.0,44.25287356321838
1171,19902,0.2914125,0.260353125,0.9497048548367667,0.27586206896551724,44.19999999999999
1172,3286,0.3625,0.25,0.906143838091796,1.0,44.19540229885057
1173,3299,0.3625,0.28125,0.8367546078785688,0.6896551724137931,44.18796992481202
1174,21314,0.625,0.24623750000000003,0.9673292374412721,0.9655172413793103,44.16666666666666
1175,19913,0.3986875,0.26655937500000004,0.9276713648957956,0.9655172413793103,44.16666666666666
1176,3122,0.125,0.13098749999999998,0.9729671123960967,1.0,44.13793103448275
1177,18604,0.33876249999999997,0.279128125,0.9196482351523912,0.13793103448275862,44.099999999999994
1178,18558,0.12500000000000017,0.2899875,0.8847729189254305,0.0,44.099999999999994
1179,21199,0.6125,0.24936250000000001,0.9511866040236115,0.3448275862068966,44.090909090909086
1180,6095,0.875,0.09375,0.62643055053608,1.0,44.022988505747115
1181,3584,0.3625,0.278125,0.8360558968798939,0.9655172413793103,44.008333333333326
1182,4297,0.6125,0.25,0.9282857487049753,0.27586206896551724,43.99999999999999
1183,4584,0.6125,0.309375,0.7682568365257197,0.13793103448275862,43.99999999999999
1184,2865,0.125,0.278125,0.8360558968798939,0.0,43.99999999999999
1185,2877,0.125,0.309375,0.7682568365257197,0.0,43.99999999999999
1186,4949,0.625,0.28125,0.62643055053608,0.6206896551724137,43.99999999999999
1187,3930,0.375,0.300271875,0.7551740754126008,0.27586206896551724,43.99999999999999
1188,3373,0.3625,0.0625,0.7059462715335502,0.0,43.99999999999999
1189,4584,0.6125,0.309375,0.7682568365257197,0.27586206896551724,43.99999999999999
1190,21242,0.375,0.24623750000000003,0.9673292374412721,0.27586206896551724,43.99999999999999
1191,3297,0.3625,0.28125,0.8804722322611732,0.0,43.99999999999999
1192,4903,0.625,0.309375,0.8107697867726779,0.0,43.99999999999999
1193,5566,0.8625,0.3125,0.6752463558607397,0.27586206896551724,43.99999999999999
1194,4944,0.625,0.28125,0.6545717383447777,0.27586206896551724,43.99999999999999
1195,4171,0.375,0.294746875,0.8743645343934465,0.0,43.99999999999999
1196,18616,0.375,0.2899875,0.8847729189254305,0.13793103448275862,43.99999999999999
1197,5606,0.8625,0.278125,0.8796530538489338,0.13793103448275862,43.99999999999999
1198,21142,0.33290000000000003,0.24742187499999999,0.9534513913986267,0.6206896551724137,43.99999999999999
1199,19926,0.6125,0.25570312500000003,0.9432478014697024,0.27586206896551724,43.99999999999999
1200,18642,0.375,0.27440625,0.9147693049030237,0.13793103448275862,43.99999999999999
1201,3582,0.3625,0.278125,0.8796530538489338,0.48275862068965514,43.98373983739837
1202,3937,0.375,0.28125,0.62643055053608,0.48275862068965514,43.90243902439024
1203,5397,0.8625,0.0625,0.7059462715335502,0.48275862068965514,43.90243902439024
1204,5562,0.8625,0.309375,0.7059462715335502,0.48275862068965514,43.90243902439024
1205,4944,0.625,0.28125,0.6545717383447777,1.0,43.86896551724137
1206,5942,0.875,0.3125,0.6752463558607397,1.0,43.85057471264367
1207,21241,0.375,0.24936250000000001,0.9637754487411154,0.3448275862068966,43.81818181818181
1208,19940,0.6125,0.25253125,0.9599807252138296,0.3448275862068966,43.81818181818181
1209,21200,0.5829,0.24742187499999999,0.9534513913986267,0.6206896551724137,43.79999999999999
1210,18579,0.3327375,0.276359375,0.924587399108541,0.13793103448275862,43.79999999999999
1211,2517,0.1125,0.28125,0.62643055053608,0.9655172413793103,43.74999999999999
1212,3930,0.375,0.300271875,0.7551740754126008,1.0,43.73563218390804
1213,17270,0.125,0.29628125,0.8708709794000722,0.0,43.69999999999999
1214,19890,0.30322499999999997,0.26735000000000003,0.9394289844597036,0.6206896551724137,43.69999999999999
1215,5566,0.8625,0.3125,0.6752463558607397,1.0,43.67816091954022
1216,3075,0.125,0.0625,0.7059462715335502,0.9655172413793103,43.66666666666666
1217,21199,0.6125,0.24936250000000001,0.9511866040236115,0.48275862068965514,43.658536585365844
1218,5099,0.625,0.0625,0.7059462715335502,0.3448275862068966,43.636363636363626
1219,19945,0.375,0.2712375,0.933249006143838,0.6206896551724137,43.599999999999994
1220,18722,0.625,0.2899875,0.8984941573304421,0.0,43.599999999999994
1221,2570,0.1125,0.278125,0.8796530538489338,0.48275862068965514,43.57723577235772
1222,3584,0.3625,0.278125,0.8360558968798939,0.48275862068965514,43.57723577235772
1223,21241,0.375,0.24936250000000001,0.9637754487411154,1.0,43.563218390804586
1224,19899,0.267775,0.2619,0.9475243946512467,1.0,43.563218390804586
1225,22431,0.3625,0.22436249999999996,0.9746536561860017,1.0,43.563218390804586
1226,3867,0.375,0.246875,0.9248042404529574,0.6206896551724137,43.51999999999999
1227,2868,0.125,0.302878125,0.8251897361763642,0.6206896551724137,43.49999999999999
1228,17278,0.3625,0.29628125,0.8848572461149259,0.48275862068965514,43.49593495934959
1229,19949,0.4047375000000001,0.25448125,0.9575352367184676,0.8275862068965517,43.44444444444444
1230,21279,0.625,0.24936250000000001,0.9511866040236115,0.6206896551724137,43.39999999999999
1231,17364,0.4048,0.298234375,0.8803999518130344,0.6206896551724137,43.39999999999999
1232,17351,0.375,0.29940625,0.8776894350078304,0.6896551724137931,43.38345864661653
1233,19831,0.3625,0.25570312500000003,0.9432478014697024,0.9655172413793103,43.33333333333333
1234,21205,0.43445,0.24547500000000003,0.9556438983255029,1.0,43.33333333333332
1235,5594,0.8625,0.309375,0.8107697867726779,0.6206896551724137,43.29999999999999
1236,17283,0.3327,0.298234375,0.8803999518130344,0.6206896551724137,43.29999999999999
1237,3880,0.375,0.302878125,0.8251897361763642,1.0,43.28735632183907
1238,2558,0.1125,0.309375,0.8107697867726779,0.48275862068965514,43.252032520325194
1239,21163,0.3625,0.24623750000000003,0.9673292374412721,0.9655172413793103,43.24999999999999
1240,5083,0.625,0.09375,0.62643055053608,1.0,43.21839080459769
1241,17239,0.3625,0.299453125,0.8634501867244909,1.0,43.21839080459769
1242,19897,0.31515,0.26500625,0.9429827731598602,0.0,43.19999999999999
1243,18601,0.31515,0.28688125000000003,0.9048427900252981,1.0,43.10344827586206
1244,18605,0.315125,0.280675,0.9168172509336224,1.0,43.10344827586206
1245,5915,0.875,0.309375,0.8107697867726779,1.0,43.10344827586206
1246,20021,0.6547375,0.25448125,0.9575352367184676,1.0,43.10344827586206
1247,2311,0.1125,0.26896875,0.9368871220334899,0.6206896551724137,43.08999999999999
1248,3373,0.3625,0.0625,0.7059462715335502,0.48275862068965514,43.08943089430894
1249,4385,0.6125,0.0625,0.7059462715335502,0.48275862068965514,43.08943089430894
1250,2517,0.1125,0.28125,0.62643055053608,0.48275862068965514,43.08943089430894
1251,5946,0.875,0.309375,0.7059462715335502,0.48275862068965514,43.08943089430894
1252,6111,0.875,0.0625,0.7059462715335502,0.48275862068965514,43.08943089430894
1253,2307,0.1125,0.29553124999999997,0.8865317431634743,0.8275862068965517,43.0
1254,21279,0.625,0.24936250000000001,0.9511866040236115,0.9655172413793103,42.99999999999999
1255,3891,0.375,0.309375,0.8107697867726779,0.3448275862068966,42.99999999999999
1256,18543,0.3625,0.2899875,0.8847729189254305,0.27586206896551724,42.99999999999999
1257,2927,0.125,0.278125,0.7718949524153716,0.0,42.99999999999999
1258,5099,0.625,0.0625,0.7059462715335502,0.0,42.99999999999999
1259,19870,0.3625,0.25253125,0.9599807252138296,0.27586206896551724,42.99999999999999
1260,3073,0.125,0.0625,0.65293579086857,0.0,42.99999999999999
1261,3890,0.375,0.309375,0.789519335019877,0.27586206896551724,42.99999999999999
1262,5594,0.8625,0.309375,0.8107697867726779,0.13793103448275862,42.99999999999999
1263,4949,0.625,0.28125,0.62643055053608,0.0,42.99999999999999
1264,19944,0.375,0.25253125,0.9599807252138296,0.27586206896551724,42.99999999999999
1265,2877,0.125,0.309375,0.7682568365257197,0.13793103448275862,42.99999999999999
1266,4930,0.625,0.3125,0.6752463558607397,0.0,42.99999999999999
1267,5397,0.8625,0.0625,0.7059462715335502,0.0,42.99999999999999
1268,18649,0.375,0.2931125,0.8918564028430309,0.13793103448275862,42.99999999999999
1269,3925,0.375,0.309375,0.7324515118660402,0.13793103448275862,42.99999999999999
1270,3925,0.375,0.309375,0.7324515118660402,0.27586206896551724,42.99999999999999
1271,4902,0.625,0.309375,0.789519335019877,0.27586206896551724,42.99999999999999
1272,4554,0.6125,0.3125,0.6752463558607397,0.0,42.99999999999999
1273,2906,0.125,0.3125,0.6752463558607397,0.13793103448275862,42.99999999999999
1274,4385,0.6125,0.0625,0.7059462715335502,0.0,42.99999999999999
1275,3539,0.3625,0.309375,0.7324515118660402,0.27586206896551724,42.99999999999999
1276,5566,0.8625,0.3125,0.6752463558607397,0.13793103448275862,42.99999999999999
1277,18575,0.125,0.2931125,0.8918564028430309,0.13793103448275862,42.99999999999999
1278,4944,0.625,0.28125,0.6545717383447777,0.13793103448275862,42.99999999999999
1279,6111,0.875,0.0625,0.7059462715335502,0.0,42.99999999999999
1280,5562,0.8625,0.309375,0.7059462715335502,0.6896551724137931,42.932330827067666
1281,4297,0.6125,0.25,0.9282857487049753,0.48275862068965514,42.92682926829268
1282,2865,0.125,0.278125,0.8360558968798939,0.48275862068965514,42.92682926829268
1283,3152,0.125,0.28125,0.9023370678231537,0.48275862068965514,42.92682926829268
1284,21200,0.5829,0.24742187499999999,0.9534513913986267,0.9655172413793103,42.91666666666666
1285,2558,0.1125,0.309375,0.8107697867726779,0.0,42.89999999999999
1286,4311,0.6125,0.28125,0.8367546078785688,0.6206896551724137,42.89999999999999
1287,6135,0.875,0.29553124999999997,0.8865317431634743,0.27586206896551724,42.89999999999999
1288,2859,0.125,0.278125,0.9014576557041319,0.6206896551724137,42.89999999999999
1289,19876,0.3031125,0.256428125,0.9550174677749668,0.6206896551724137,42.89999999999999
1290,19913,0.3986875,0.26655937500000004,0.9276713648957956,0.0,42.89999999999999
1291,19970,0.40466250000000004,0.269296875,0.936369112155162,1.0,42.87356321839079
1292,4118,0.375,0.248021875,0.9653294783760993,0.48275862068965514,42.86178861788617
1293,2778,0.125,0.10855624999999999,0.9325864353692326,0.8275862068965517,42.85
1294,18593,0.33294999999999997,0.291175,0.8960004818696542,0.9655172413793103,42.83333333333333
1295,4595,0.6125,0.278125,0.8578604987350921,1.0,42.81609195402298
1296,4533,0.6125,0.278125,0.7718949524153716,1.0,42.79999999999999
1297,2905,0.125,0.3125,0.6508384531984098,0.8275862068965517,42.77777777777778
1298,3150,0.125,0.28125,0.8586073966991927,0.48275862068965514,42.76422764227642
1299,18647,0.375,0.27753125,0.922527406336586,1.0,42.75862068965516
1300,19908,0.46412499999999995,0.265409375,0.9294422358751956,1.0,42.75862068965516
1301,3324,0.3625,0.262071875,0.9472834598241175,0.6206896551724137,42.72999999999999
1302,4385,0.6125,0.0625,0.7059462715335502,0.3448275862068966,42.72727272727272
1303,2516,0.1125,0.28125,0.6545717383447777,0.3448275862068966,42.72727272727272
1304,3932,0.375,0.28125,0.6545717383447777,0.3448275862068966,42.72727272727272
1305,3122,0.125,0.13098749999999998,0.9729671123960967,0.6206896551724137,42.71999999999999
1306,17319,0.375,0.29940625,0.8635586073966991,0.6896551724137931,42.70676691729323
1307,18623,0.39878749999999996,0.279090625,0.9063847729189254,0.13793103448275862,42.699999999999996
1308,4198,0.375,0.2384375,0.9629442235875195,0.9655172413793103,42.67499999999999
1309,2312,0.1125,0.262071875,0.9472834598241175,0.6206896551724137,42.64999999999999
1310,19902,0.2914125,0.260353125,0.9497048548367667,1.0,42.64367816091953
1311,18623,0.39878749999999996,0.279090625,0.9063847729189254,1.0,42.64367816091953
1312,3149,0.125,0.28125,0.8367546078785688,0.6896551724137931,42.586466165413526
1313,4556,0.6125,0.3125,0.62643055053608,1.0,42.517241379310335
1314,18653,0.4047625,0.276359375,0.924587399108541,0.27586206896551724,42.49999999999999
1315,18593,0.33294999999999997,0.291175,0.8960004818696542,0.0,42.49999999999999
1316,5348,0.8625,0.262071875,0.9472834598241175,0.48275862068965514,42.479674796747965
1317,3343,0.3625,0.12385312499999998,0.9653294783760993,0.6206896551724137,42.42999999999999
1318,5419,0.8625,0.09375,0.62643055053608,1.0,42.41379310344827
1319,19924,0.5888625000000001,0.2665625,0.9276593181544391,1.0,42.41379310344827
1320,18594,0.3032375,0.289225,0.9000843271894953,1.0,42.41379310344827
1321,5946,0.875,0.309375,0.7059462715335502,0.6896551724137931,42.40601503759398
1322,18579,0.3327375,0.276359375,0.924587399108541,0.0,42.39999999999999
1323,4555,0.6125,0.3125,0.6508384531984098,0.8275862068965517,42.333333333333336
1324,19927,0.5887875,0.25725312499999997,0.9411757619563906,0.9655172413793103,42.33333333333333
1325,21238,0.6125,0.24623750000000003,0.9673292374412721,0.6896551724137931,42.33082706766917
1326,4118,0.375,0.248021875,0.9653294783760993,0.6206896551724137,42.32999999999999
1327,4901,0.625,0.309375,0.7682568365257197,1.0,42.3103448275862
1328,4085,0.375,0.0625,0.65293579086857,0.48275862068965514,42.27642276422764
1329,4929,0.625,0.3125,0.6508384531984098,0.8275862068965517,42.22222222222222
1330,3571,0.3625,0.309375,0.789519335019877,0.9655172413793103,42.199999999999996
1331,18549,0.3625,0.2931125,0.8780026502830983,0.13793103448275862,42.199999999999996
1332,19910,0.40466250000000004,0.269296875,0.9233224912661124,0.27586206896551724,42.199999999999996
1333,17424,0.625,0.29628125,0.8848572461149259,0.6206896551724137,42.199999999999996
1334,18543,0.3625,0.2899875,0.8847729189254305,0.13793103448275862,42.199999999999996
1335,18593,0.33294999999999997,0.291175,0.8960004818696542,0.3448275862068966,42.18181818181817
1336,19875,0.33276249999999996,0.25448125,0.9575352367184676,0.8275862068965517,42.166666666666664
1337,19940,0.6125,0.25253125,0.9599807252138296,0.48275862068965514,42.11382113821138
1338,18722,0.625,0.2899875,0.8984941573304421,0.13793103448275862,42.099999999999994
1339,3150,0.125,0.28125,0.8586073966991927,0.3448275862068966,42.090909090909086
1340,6109,0.875,0.0625,0.65293579086857,0.9655172413793103,42.08333333333333
1341,4407,0.6125,0.09375,0.62643055053608,1.0,42.068965517241374
1342,19951,0.5827625000000001,0.25448125,0.9575352367184676,0.8275862068965517,42.05555555555556
1343,17319,0.375,0.29940625,0.8635586073966991,0.48275862068965514,42.032520325203244
1344,3319,0.3625,0.29553124999999997,0.8865317431634743,0.6896551724137931,42.00751879699248
1345,2865,0.125,0.278125,0.8360558968798939,0.3448275862068966,41.99999999999999
1346,2558,0.1125,0.309375,0.8107697867726779,0.3448275862068966,41.99999999999999
1347,4595,0.6125,0.278125,0.8578604987350921,0.13793103448275862,41.99999999999999
1348,5595,0.8625,0.309375,0.789519335019877,0.27586206896551724,41.99999999999999
1349,18630,0.6125,0.277578125,0.9091555234309118,0.13793103448275862,41.99999999999999
1350,18630,0.6125,0.277578125,0.9091555234309118,0.27586206896551724,41.99999999999999
1351,2906,0.125,0.3125,0.6752463558607397,0.0,41.99999999999999
1352,2927,0.125,0.278125,0.7718949524153716,0.13793103448275862,41.99999999999999
1353,5097,0.625,0.0625,0.65293579086857,0.0,41.99999999999999
1354,3593,0.3625,0.278125,0.9014576557041319,0.0,41.99999999999999
1355,19831,0.3625,0.25570312500000003,0.9432478014697024,0.13793103448275862,41.99999999999999
1356,5956,0.875,0.28125,0.6545717383447777,1.0,41.93103448275861
1357,20487,0.3625,0.1368625,0.9661366100469823,0.6206896551724137,41.89999999999999
1358,3937,0.375,0.28125,0.62643055053608,0.6896551724137931,41.879699248120296
1359,4310,0.6125,0.28125,0.8586073966991927,1.0,41.85057471264367
1360,3932,0.375,0.28125,0.6545717383447777,0.9655172413793103,41.83333333333333
1361,5097,0.625,0.0625,0.65293579086857,0.9655172413793103,41.83333333333333
1362,3373,0.3625,0.0625,0.7059462715335502,0.3448275862068966,41.81818181818181
1363,5397,0.8625,0.0625,0.7059462715335502,0.3448275862068966,41.81818181818181
1364,4085,0.375,0.0625,0.65293579086857,0.3448275862068966,41.81818181818181
1365,6111,0.875,0.0625,0.7059462715335502,0.3448275862068966,41.81818181818181
1366,2867,0.125,0.278125,0.8796530538489338,0.8275862068965517,41.8
1367,18615,0.375,0.2931125,0.8780026502830983,0.27586206896551724,41.79999999999999
1368,19927,0.5887875,0.25725312499999997,0.9411757619563906,0.48275862068965514,41.788617886178855
1369,2311,0.1125,0.26896875,0.9368871220334899,0.48275862068965514,41.788617886178855
1370,4546,0.6125,0.300271875,0.7551740754126008,1.0,41.77011494252873
1371,2570,0.1125,0.278125,0.8796530538489338,0.3448275862068966,41.72727272727272
1372,19206,0.125,0.11498749999999999,0.9416696783520058,1.0,41.72413793103448
1373,19896,0.2915,0.26345625,0.9452837007589447,0.6206896551724137,41.699999999999996
1374,3572,0.3625,0.309375,0.7682568365257197,0.6206896551724137,41.699999999999996
1375,21266,0.4046875,0.24742187499999999,0.9660040958920612,0.6206896551724137,41.699999999999996
1376,5100,0.625,0.0625,0.62643055053608,0.8275862068965517,41.666666666666664
1377,6112,0.875,0.0625,0.62643055053608,0.8275862068965517,41.666666666666664
1378,21142,0.33290000000000003,0.24742187499999999,0.9534513913986267,0.9655172413793103,41.66666666666666
1379,18615,0.375,0.2931125,0.8780026502830983,0.3448275862068966,41.636363636363626
1380,19870,0.3625,0.25253125,0.9599807252138296,0.8275862068965517,41.611111111111114
1381,18585,0.15476625,0.276359375,0.924587399108541,1.0,41.609195402298845
1382,3286,0.3625,0.25,0.906143838091796,0.0,41.599999999999994
1383,18607,0.6125,0.2931125,0.8780026502830983,0.27586206896551724,41.599999999999994
1384,19913,0.3986875,0.26655937500000004,0.9276713648957956,0.6896551724137931,41.57894736842105
1385,3582,0.3625,0.278125,0.8796530538489338,0.6896551724137931,41.533834586466156
1386,18653,0.4047625,0.276359375,0.924587399108541,0.13793103448275862,41.49999999999999
1387,18576,0.125,0.2899875,0.8984941573304421,0.0,41.49999999999999
1388,21141,0.3625,0.24936250000000001,0.9511866040236115,0.13793103448275862,41.49999999999999
1389,4119,0.375,0.2408875,0.9729671123960967,0.8275862068965517,41.46666666666667
1390,3075,0.125,0.0625,0.7059462715335502,0.48275862068965514,41.46341463414633
1391,2878,0.125,0.309375,0.789519335019877,0.6896551724137931,41.45864661654135
1392,3543,0.3625,0.3125,0.6508384531984098,0.8275862068965517,41.44444444444444
1393,19919,0.398775,0.257215625,0.9412239489218166,0.8275862068965517,41.44444444444444
1394,2568,0.1125,0.302878125,0.8251897361763642,0.0,41.39999999999999
1395,20502,0.12500000000000006,0.1368625,0.9661366100469823,0.48275862068965514,41.382113821138205
1396,21142,0.33290000000000003,0.24742187499999999,0.9534513913986267,0.48275862068965514,41.382113821138205
1397,19985,0.6486875000000001,0.26655937500000004,0.9276713648957956,1.0,41.37931034482758
1398,6135,0.875,0.29553124999999997,0.8865317431634743,1.0,41.37931034482758
1399,21173,0.2734,0.23650312499999998,0.977159378388146,1.0,41.37931034482758
1400,4331,0.6125,0.29553124999999997,0.8865317431634743,0.27586206896551724,41.29999999999999
1401,19889,0.332925,0.269296875,0.936369112155162,0.0,41.29999999999999
1402,19896,0.2915,0.26345625,0.9452837007589447,0.27586206896551724,41.29999999999999
1403,21213,0.446225,0.23845312500000002,0.9629201301048066,1.0,41.26436781609195
1404,5954,0.875,0.300271875,0.7551740754126008,1.0,41.22988505747126
1405,19882,0.14869125,0.26655937500000004,0.9406457053367063,0.48275862068965514,41.21951219512194
1406,2570,0.1125,0.278125,0.8796530538489338,1.0,41.20689655172413
1407,18543,0.3625,0.2899875,0.8847729189254305,0.0,41.199999999999996
1408,19901,0.315125,0.25880000000000003,0.9518491747982171,0.6206896551724137,41.199999999999996
1409,3234,0.3625,0.3125,0.7660281893747741,0.6206896551724137,41.199999999999996
1410,4540,0.6125,0.28125,0.6545717383447777,1.0,41.16091954022988
1411,4071,0.375,0.09375,0.62643055053608,1.0,41.149425287356316
1412,3595,0.3625,0.246875,0.9027707505119864,1.0,41.149425287356316
1413,17282,0.125,0.29628125,0.8848572461149259,0.48275862068965514,41.138211382113816
1414,3368,0.3625,0.059375,0.6508384531984098,0.8275862068965517,41.111111111111114
1415,2516,0.1125,0.28125,0.6545717383447777,0.9655172413793103,41.08333333333333
1416,19940,0.6125,0.25253125,0.9599807252138296,0.8275862068965517,41.05555555555556
1417,4298,0.6125,0.25,0.906143838091796,0.6206896551724137,41.03999999999999
1418,3059,0.125,0.09375,0.62643055053608,0.27586206896551724,40.99999999999999
1419,4583,0.6125,0.309375,0.789519335019877,0.0,40.99999999999999
1420,3098,0.125,0.301878125,0.8718226719672328,0.27586206896551724,40.99999999999999
1421,5595,0.8625,0.309375,0.789519335019877,0.13793103448275862,40.99999999999999
1422,6135,0.875,0.29553124999999997,0.8865317431634743,0.13793103448275862,40.99999999999999
1423,4901,0.625,0.309375,0.7682568365257197,0.13793103448275862,40.99999999999999
1424,2559,0.1125,0.309375,0.789519335019877,0.27586206896551724,40.99999999999999
1425,4901,0.625,0.309375,0.7682568365257197,0.27586206896551724,40.99999999999999
1426,4902,0.625,0.309375,0.789519335019877,0.13793103448275862,40.99999999999999
1427,5942,0.875,0.3125,0.6752463558607397,0.13793103448275862,40.99999999999999
1428,5942,0.875,0.3125,0.6752463558607397,0.27586206896551724,40.99999999999999
1429,3604,0.3625,0.24041562500000002,0.930333694735574,0.0,40.99999999999999
1430,3539,0.3625,0.309375,0.7324515118660402,0.13793103448275862,40.99999999999999
1431,3890,0.375,0.309375,0.789519335019877,0.13793103448275862,40.99999999999999
1432,5606,0.8625,0.278125,0.8796530538489338,0.0,40.99999999999999
1433,4944,0.625,0.28125,0.6545717383447777,0.0,40.99999999999999
1434,6109,0.875,0.0625,0.65293579086857,0.0,40.99999999999999
1435,5961,0.875,0.28125,0.62643055053608,0.27586206896551724,40.99999999999999
1436,3889,0.375,0.309375,0.7682568365257197,0.13793103448275862,40.99999999999999
1437,4085,0.375,0.0625,0.65293579086857,0.0,40.99999999999999
1438,3933,0.375,0.28125,0.6827141308276111,0.27586206896551724,40.99999999999999
1439,3891,0.375,0.309375,0.8107697867726779,0.9655172413793103,40.99166666666666
1440,4087,0.375,0.0625,0.7059462715335502,0.6896551724137931,40.97744360902255
1441,21279,0.625,0.24936250000000001,0.9511866040236115,0.48275862068965514,40.975609756097555
1442,3152,0.125,0.28125,0.9023370678231537,0.6206896551724137,40.949999999999996
1443,5553,0.8625,0.28125,0.62643055053608,1.0,40.94252873563217
1444,5558,0.8625,0.300271875,0.7551740754126008,1.0,40.91954022988505
1445,21271,0.8625,0.24936250000000001,0.9511866040236115,1.0,40.91954022988505
1446,19972,0.582925,0.269296875,0.936369112155162,1.0,40.91954022988505
1447,3580,0.3625,0.302878125,0.8251897361763642,0.0,40.89999999999999
1448,4596,0.6125,0.278125,0.8360558968798939,1.0,40.88505747126436
1449,4594,0.6125,0.278125,0.8796530538489338,0.6206896551724137,40.79999999999999
1450,2753,0.125,0.13343750000000001,0.9629442235875195,1.0,40.78160919540229
1451,3701,0.3625,0.12696875,0.9562703288760389,0.6206896551724137,40.74999999999999
1452,19900,0.3387875,0.25725312499999997,0.9539332610528852,0.6206896551724137,40.699999999999996
1453,21333,0.6487,0.244684375,0.9690278279725333,0.6206896551724137,40.699999999999996
1454,19876,0.3031125,0.256428125,0.9550174677749668,0.0,40.699999999999996
1455,3325,0.3625,0.2550875,0.9567642452716538,0.0,40.699999999999996
1456,2517,0.1125,0.28125,0.62643055053608,0.6896551724137931,40.6766917293233
1457,5097,0.625,0.0625,0.65293579086857,0.48275862068965514,40.65040650406503
1458,2516,0.1125,0.28125,0.6545717383447777,0.48275862068965514,40.65040650406503
1459,6109,0.875,0.0625,0.65293579086857,0.48275862068965514,40.65040650406503
1460,18616,0.375,0.2899875,0.8847729189254305,0.0,40.599999999999994
1461,19914,0.42246249999999996,0.265,0.9300686664257317,0.6206896551724137,40.599999999999994
1462,19895,0.1546625,0.269296875,0.936369112155162,1.0,40.574712643678154
1463,4388,0.6125,0.0625,0.62643055053608,0.8275862068965517,40.55555555555556
1464,3376,0.3625,0.0625,0.62643055053608,0.8275862068965517,40.55555555555556
1465,5400,0.8625,0.0625,0.62643055053608,0.8275862068965517,40.55555555555556
1466,2334,0.1125,0.10290625,0.9368871220334899,0.6206896551724137,40.54999999999999
1467,4903,0.625,0.309375,0.8107697867726779,0.3448275862068966,40.54545454545454
1468,17283,0.3327,0.298234375,0.8803999518130344,0.6896551724137931,40.52631578947368
1469,4111,0.375,0.29553124999999997,0.8865317431634743,0.3448275862068966,40.51818181818181
1470,3103,0.125,0.26896875,0.9368871220334899,0.6206896551724137,40.49999999999999
1471,3580,0.3625,0.302878125,0.8251897361763642,0.6206896551724137,40.49999999999999
1472,4339,0.6125,0.2408875,0.9729671123960967,0.48275862068965514,40.48780487804878
1473,21216,0.375,0.23378125,0.9672328635104203,1.0,40.45977011494252
1474,2522,0.1125,0.300271875,0.7551740754126008,1.0,40.45977011494252
1475,19224,0.125,0.11498749999999999,0.9544151307071437,1.0,40.45977011494252
1476,4582,0.6125,0.309375,0.8107697867726779,0.3448275862068966,40.454545454545446
1477,5399,0.8625,0.0625,0.65293579086857,0.9655172413793103,40.41666666666666
1478,2558,0.1125,0.309375,0.8107697867726779,0.9655172413793103,40.33333333333333
1479,19918,0.42247500000000004,0.258771875,0.939103722443079,0.6206896551724137,40.29999999999999
1480,2361,0.1125,0.0625,0.7059462715335502,0.9655172413793103,40.24999999999999
1481,3375,0.3625,0.0625,0.65293579086857,0.9655172413793103,40.24999999999999
1482,18649,0.375,0.2931125,0.8918564028430309,0.9655172413793103,40.24999999999999
1483,3891,0.375,0.309375,0.8107697867726779,0.48275862068965514,40.24390243902438
1484,18642,0.375,0.27440625,0.9147693049030237,1.0,40.22988505747126
1485,21198,0.29143749999999996,0.238475,0.975316226960607,1.0,40.22988505747126
1486,19224,0.125,0.11498749999999999,0.9544151307071437,0.6206896551724137,40.199999999999996
1487,18558,0.12500000000000017,0.2899875,0.8847729189254305,0.3448275862068966,40.18181818181817
1488,19882,0.14869125,0.26655937500000004,0.9406457053367063,0.3448275862068966,40.18181818181817
1489,5596,0.8625,0.309375,0.7682568365257197,1.0,40.17241379310344
1490,21241,0.375,0.24936250000000001,0.9637754487411154,0.9655172413793103,40.16666666666666
1491,18548,0.125,0.2931125,0.8780026502830983,0.9655172413793103,40.16666666666666
1492,4337,0.6125,0.2550875,0.9567642452716538,0.48275862068965514,40.162601626016254
1493,21193,0.31515,0.24313125000000002,0.9706661847970124,0.48275862068965514,40.162601626016254
1494,2568,0.1125,0.302878125,0.8251897361763642,1.0,40.13793103448275
1495,17318,0.3988125,0.30096875,0.8598000240934827,1.0,40.114942528735625
1496,18617,0.398675,0.288434375,0.8880375858330322,0.6206896551724137,40.099999999999994
1497,5128,0.625,0.262071875,0.9472834598241175,0.6206896551724137,40.099999999999994
1498,2868,0.125,0.302878125,0.8251897361763642,0.27586206896551724,40.099999999999994
1499,18605,0.315125,0.280675,0.9168172509336224,0.27586206896551724,40.099999999999994
1500,4387,0.6125,0.0625,0.65293579086857,0.9655172413793103,40.08333333333333
1501,3933,0.375,0.28125,0.6827141308276111,1.0,40.057471264367805
1502,4380,0.6125,0.059375,0.6508384531984098,0.8275862068965517,40.0
1503,19889,0.332925,0.269296875,0.936369112155162,0.3448275862068966,39.99999999999999
1504,3075,0.125,0.0625,0.7059462715335502,0.3448275862068966,39.99999999999999
1505,2927,0.125,0.278125,0.7718949524153716,0.3448275862068966,39.99999999999999
1506,4407,0.6125,0.09375,0.62643055053608,0.13793103448275862,39.99999999999999
1507,18607,0.6125,0.2931125,0.8780026502830983,0.13793103448275862,39.99999999999999
1508,5596,0.8625,0.309375,0.7682568365257197,0.13793103448275862,39.99999999999999
1509,5594,0.8625,0.309375,0.8107697867726779,0.0,39.99999999999999
1510,3075,0.125,0.0625,0.7059462715335502,0.0,39.99999999999999
1511,19925,0.6125,0.26811250000000003,0.9252258764004336,0.13793103448275862,39.99999999999999
1512,4071,0.375,0.09375,0.62643055053608,0.13793103448275862,39.99999999999999
1513,4071,0.375,0.09375,0.62643055053608,0.27586206896551724,39.99999999999999
1514,19897,0.31515,0.26500625,0.9429827731598602,0.6206896551724137,39.99999999999999
1515,4311,0.6125,0.28125,0.8367546078785688,0.0,39.99999999999999
1516,19943,0.375,0.25565625000000003,0.9560293940489097,0.0,39.99999999999999
