rank,node_number,x_n,y_n,z_n,t_n,score
1,5399,0.8625,0.0625,0.65293579086857,0.13793103448275862,88363.64646464646
2,5085,0.625,0.090625,0.7671364895795687,0.13793103448275862,76858.59595959596
3,2526,0.1125,0.309375,0.7059462715335502,0.13793103448275862,75202.0303030303
4,2910,0.125,0.309375,0.7059462715335502,0.13793103448275862,74020.21212121213
5,5394,0.8625,0.059375,0.6996542585230695,0.13793103448275862,56838.393939393936
6,4816,0.625,0.0625,0.7682568365257197,0.13793103448275862,55686.878787878784
7,4668,0.6125,0.0625,0.7682568365257197,0.13793103448275862,54585.868686868685
8,3937,0.375,0.28125,0.62643055053608,0.13793103448275862,54303.0404040404
9,3370,0.3625,0.059375,0.6996542585230695,0.13793103448275862,54202.030303030304
10,5397,0.8625,0.0625,0.7059462715335502,0.13793103448275862,53888.89898989899
11,4941,0.625,0.295615625,0.7658836284784966,0.13793103448275862,49757.58585858586
12,4556,0.6125,0.3125,0.62643055053608,0.0,49462.75826446281
13,5399,0.8625,0.0625,0.65293579086857,0.0,45206.663223140495
14,5944,0.875,0.3125,0.62643055053608,0.0,43326.4979338843
15,4933,0.625,0.309375,0.62643055053608,0.13793103448275862,38777.767676767675
16,2926,0.125,0.278125,0.62643055053608,0.13793103448275862,38585.868686868685
17,5547,0.8625,0.278125,0.62643055053608,0.13793103448275862,38323.22222222222
18,4131,0.375,0.15274062500000002,0.9902300927599084,0.13793103448275862,38050.49494949495
19,4943,0.625,0.30485937500000004,0.7440320443320082,0.13793103448275862,37686.85858585859
20,4351,0.6125,0.15274062500000002,0.9902300927599084,0.13793103448275862,37121.22222222222
21,2523,0.1125,0.30485937500000004,0.7440320443320082,0.13793103448275862,35131.32323232323
22,2364,0.1125,0.0625,0.62643055053608,0.0,33119.78305785124
23,5962,0.875,0.278125,0.62643055053608,0.13793103448275862,32494.959595959597
24,4391,0.6125,0.071603125,0.7551740754126008,0.13793103448275862,32050.515151515152
25,11008,0.125,0.9375,0.62643055053608,0.6896551724137931,31556.86274509804
26,4087,0.375,0.0625,0.7059462715335502,0.27586206896551724,31529.166666666668
27,3069,0.125,0.071603125,0.7551740754126008,0.13793103448275862,31313.121212121212
28,13656,0.8625,0.9375,0.62643055053608,0.9655172413793103,31162.962962962964
29,5372,0.8625,0.089403125,0.9134441633538127,0.13793103448275862,29010.090909090908
30,4535,0.6125,0.278125,0.62643055053608,0.13793103448275862,28949.484848484848
31,4072,0.375,0.090625,0.62643055053608,0.13793103448275862,28797.969696969696
32,7424,0.375,0.371875,0.62643055053608,0.48275862068965514,28700.0
33,12183,0.375,0.6875,0.7059462715335502,0.8275862068965517,28473.333333333332
34,11639,0.3625,0.9375,0.6508384531984098,0.8275862068965517,27723.333333333332
35,4380,0.6125,0.059375,0.6508384531984098,0.13793103448275862,27575.76767676768
36,3059,0.125,0.09375,0.62643055053608,0.13793103448275862,27515.141414141413
37,4092,0.375,0.059375,0.6508384531984098,0.27586206896551724,27062.5
38,9155,0.6125,0.371875,0.62643055053608,0.48275862068965514,26660.0
39,3060,0.125,0.090625,0.62643055053608,0.13793103448275862,26020.21212121212
40,2920,0.125,0.28125,0.6545717383447777,0.13793103448275862,25595.949494949495
41,3080,0.125,0.059375,0.6508384531984098,0.27586206896551724,25487.5
42,8438,0.625,0.371875,0.62643055053608,0.48275862068965514,24760.0
43,6096,0.875,0.090625,0.62643055053608,0.13793103448275862,24242.41414141414
44,20659,0.8625,0.12445312500000001,0.9660040958920612,0.13793103448275862,24030.29292929293
45,8988,0.6125,0.621875,0.7059462715335502,0.48275862068965514,23613.333333333332
46,6958,0.1125,0.625,0.62643055053608,0.48275862068965514,23523.333333333332
47,4937,0.625,0.309375,0.7324515118660402,0.13793103448275862,23494.939393939392
48,4929,0.625,0.3125,0.6508384531984098,0.0,22861.51859504132
49,9620,0.875,0.621875,0.62643055053608,0.48275862068965514,22616.666666666668
50,9624,0.875,0.625,0.62643055053608,0.48275862068965514,22413.333333333332
51,10001,0.8625,0.621875,0.62643055053608,0.48275862068965514,22313.333333333332
52,4556,0.6125,0.3125,0.62643055053608,0.27586206896551724,22220.833333333332
53,2683,0.1125,0.139959375,0.96883508011083,0.13793103448275862,21959.60606060606
54,4951,0.625,0.278125,0.7718949524153716,0.13793103448275862,21777.76767676768
55,10624,0.1125,0.934375,0.65293579086857,0.8275862068965517,21776.666666666668
56,6095,0.875,0.09375,0.62643055053608,0.0,21436.002066115703
57,20587,0.6125,0.12445312500000001,0.9660040958920612,0.13793103448275862,20959.60606060606
58,12018,0.375,0.934375,0.7059462715335502,0.8275862068965517,20786.666666666668
59,3939,0.375,0.278125,0.7718949524153716,0.13793103448275862,20777.78787878788
60,5839,0.875,0.0819875,0.8115046379954222,0.13793103448275862,20474.737373737375
61,5563,0.8625,0.309375,0.7324515118660402,0.13793103448275862,20414.151515151516
62,5417,0.8625,0.09375,0.6846187206360679,0.13793103448275862,20333.343434343435
63,3419,0.3625,0.138959375,0.8598602578002649,0.13793103448275862,19838.37373737374
64,2634,0.1125,0.0819875,0.8115046379954222,0.13793103448275862,19757.565656565657
65,2381,0.1125,0.09375,0.6846187206360679,0.13793103448275862,19696.9797979798
66,4658,0.6125,0.0819875,0.8115046379954222,0.13793103448275862,19202.010101010103
67,2407,0.1125,0.138959375,0.8598602578002649,0.13793103448275862,19151.52525252525
68,2509,0.1125,0.278125,0.7718949524153716,0.13793103448275862,19040.39393939394
69,5104,0.625,0.059375,0.6508384531984098,0.13793103448275862,18848.49494949495
70,5097,0.625,0.0625,0.65293579086857,0.27586206896551724,18616.666666666668
71,5467,0.8625,0.163253125,0.8749909649439825,0.13793103448275862,18484.838383838385
72,8438,0.625,0.371875,0.62643055053608,0.3448275862068966,18200.0
73,10626,0.1125,0.934375,0.7059462715335502,0.8275862068965517,17433.333333333332
74,8438,0.625,0.371875,0.62643055053608,0.6206896551724137,16728.0
75,11010,0.125,0.934375,0.7059462715335502,0.8275862068965517,16713.333333333332
76,14184,0.875,0.715625,0.62643055053608,0.8275862068965517,16233.333333333334
77,5402,0.8625,0.067015625,0.7440320443320082,0.13793103448275862,16212.111111111111
78,6958,0.1125,0.625,0.62643055053608,0.6206896551724137,15916.0
79,8610,0.625,0.625,0.62643055053608,0.6206896551724137,15772.0
80,4360,0.6125,0.089403125,0.9134441633538127,0.13793103448275862,15666.656565656565
81,5814,0.875,0.10855624999999999,0.9325864353692326,0.13793103448275862,15656.555555555555
82,13176,0.625,0.715625,0.62643055053608,0.8275862068965517,15476.666666666666
83,4456,0.6125,0.17028125,0.8773762197325623,0.13793103448275862,15404.030303030304
84,3542,0.3625,0.3125,0.6752463558607397,0.13793103448275862,15222.232323232323
85,11485,0.3625,0.715625,0.62643055053608,0.8275862068965517,15206.666666666666
86,9624,0.875,0.625,0.62643055053608,0.6206896551724137,15152.0
87,2658,0.1125,0.10201875,0.9224189856643776,0.13793103448275862,15151.525252525253
88,4405,0.6125,0.09375,0.6846187206360679,0.13793103448275862,15030.29292929293
89,6068,0.875,0.146021875,0.8653776653415252,0.13793103448275862,15030.29292929293
90,12185,0.375,0.684375,0.62643055053608,0.6896551724137931,14501.960784313726
91,2659,0.1125,0.10855624999999999,0.9325864353692326,0.13793103448275862,14333.343434343435
92,13501,0.8625,0.715625,0.62643055053608,0.8275862068965517,14133.333333333334
93,3376,0.3625,0.0625,0.62643055053608,0.27586206896551724,13937.5
94,4930,0.625,0.3125,0.6752463558607397,0.13793103448275862,13767.68686868687
95,11468,0.3625,0.684375,0.62643055053608,0.9655172413793103,13440.74074074074
96,13484,0.8625,0.684375,0.62643055053608,0.9655172413793103,13403.703703703704
97,2873,0.125,0.29007499999999997,0.7915190940850501,0.13793103448275862,13242.434343434343
98,5100,0.625,0.0625,0.62643055053608,0.27586206896551724,13100.0
99,11177,0.125,0.684375,0.62643055053608,0.6896551724137931,13086.274509803921
100,5597,0.8625,0.29007499999999997,0.7915190940850501,0.13793103448275862,13030.29292929293
101,6156,0.875,0.145440625,0.9854234429586796,0.13793103448275862,12858.575757575758
102,4357,0.6125,0.109803125,0.9472834598241175,0.13793103448275862,12515.161616161617
103,3377,0.3625,0.0625,0.7324515118660402,0.0,12313.997933884297
104,3991,0.375,0.194553125,0.8788820624021202,0.13793103448275862,11959.585858585859
105,13314,0.625,0.82128125,0.9870015660763762,0.8275862068965517,11673.333333333334
106,4384,0.6125,0.059375,0.62643055053608,0.0,11590.960743801654
107,8983,0.6125,0.625,0.6508384531984098,0.48275862068965514,11456.666666666666
108,4901,0.625,0.309375,0.7682568365257197,0.13793103448275862,11404.030303030304
109,2330,0.1125,0.13098749999999998,0.9729671123960967,0.13793103448275862,11151.525252525253
110,3345,0.3625,0.109803125,0.9472834598241175,0.13793103448275862,11121.20202020202
111,19221,0.3625,0.102578125,0.936369112155162,0.13793103448275862,10575.747474747475
112,5401,0.8625,0.0625,0.7324515118660402,0.0,10557.799586776859
113,17995,0.6125,0.0931125,0.9203228526683531,0.13793103448275862,10333.343434343435
114,3900,0.375,0.331240625,0.6826466690760149,0.0,10322.36570247934
115,2333,0.1125,0.109803125,0.9472834598241175,0.0,10314.101239669422
116,4669,0.6125,0.0625,0.7469943380315623,0.0,10311.002066115703
117,5170,0.625,0.325021875,0.7463052644259728,0.0,10309.969008264463
118,5493,0.8625,0.20159374999999996,0.8773762197325623,0.0,10289.30785123967
119,19298,0.375,0.10253125,0.9362968317070233,0.13793103448275862,10242.434343434343
120,3346,0.3625,0.10290625,0.9368871220334899,0.13793103448275862,10202.0101010101
121,4138,0.375,0.10290625,0.9368871220334899,0.13793103448275862,10202.0101010101
122,18000,0.375,0.0931125,0.9203228526683531,0.13793103448275862,10202.0101010101
123,10167,0.8625,0.375,0.7059462715335502,0.0,10151.80785123967
124,4560,0.6125,0.327909375,0.6778038790507167,0.0,10137.345041322315
125,7969,0.3625,0.625,0.6508384531984098,0.48275862068965514,10136.666666666666
126,16627,0.3625,0.0712375,0.8747861703409228,0.13793103448275862,10099.0
127,828,0.8125,0.125,0.62643055053608,0.13793103448275862,10095.969696969696
128,8899,0.6125,0.36974999999999997,0.7330092759908444,0.13793103448275862,10091.929292929293
129,1140,0.9375,0.203125,0.6023370678231538,0.13793103448275862,10088.89898989899
130,2301,0.1125,0.33147187499999997,0.7863028550777015,0.13793103448275862,10080.818181818182
131,5740,0.8625,0.16265000000000002,0.8868570051800987,0.13793103448275862,10064.656565656565
132,4945,0.625,0.28125,0.6827141308276111,0.0,9948.295454545454
133,6081,0.875,0.121875,0.7344970485483676,0.0,9924.535123966942
134,2990,0.125,0.1875,0.8289001325141548,0.0,9922.572314049587
135,5423,0.8625,0.114709375,0.8335742681604624,0.0,9902.944214876034
136,9469,0.875,0.403125,0.62643055053608,0.13793103448275862,9886.878787878788
137,4381,0.6125,0.059375,0.6752463558607397,0.0,9814.101239669422
138,874,0.75,0.078125,0.62643055053608,0.13793103448275862,9807.060606060606
139,2626,0.1125,0.059375,0.7872545476448619,0.13793103448275862,9793.949494949495
140,23225,0.6487375,0.17905625,0.9875316226960605,0.13793103448275862,9707.080808080807
141,7885,0.3625,0.36974999999999997,0.7330092759908444,0.13793103448275862,9690.919191919193
142,11632,0.3625,0.934375,0.65293579086857,0.6896551724137931,9674.509803921568
143,4089,0.375,0.059375,0.62643055053608,0.0,9638.481404958678
144,23751,0.3625,0.19007812500000001,0.9877966510059029,0.0,9617.71694214876
145,876,0.625,0.078125,0.62643055053608,0.13793103448275862,9592.939393939394
146,8461,0.625,0.40625,0.62643055053608,0.48275862068965514,9573.333333333334
147,3139,0.125,0.3125,0.8297072641850378,0.0,9523.70867768595
148,4312,0.6125,0.28125,0.8148897723165883,0.0,9500.051652892562
149,10628,0.1125,0.934375,0.62643055053608,0.8275862068965517,9363.333333333334
150,8144,0.3625,0.371875,0.6508384531984098,0.48275862068965514,9320.0
151,5836,0.875,0.06880312499999999,0.7626671485363209,0.0,9319.163223140496
152,2845,0.125,0.23395937500000002,0.9138296590772196,0.0,9307.799586776859
153,4002,0.375,0.1875,0.8289001325141548,0.0,9302.63429752066
154,20624,0.832825,0.138040625,0.9671846765449945,0.0,9294.369834710744
155,3507,0.3625,0.25,0.7615106613661005,0.0,9257.179752066115
156,1232,0.125,0.3125,0.6023370678231538,0.0,9229.287190082645
157,3132,0.125,0.063784375,0.8562823756173954,0.0,9229.287190082645
158,5078,0.625,0.09375,0.655524635586074,0.0,9222.15909090909
159,5667,0.8625,0.04685281249999999,0.7463052644259728,0.0,9221.126033057852
160,3857,0.375,0.23395937500000002,0.9138296590772196,0.0,9216.890495867769
161,3308,0.3625,0.325428125,0.7905914950006022,0.0,9190.030991735537
162,10151,0.8625,0.40625,0.62643055053608,0.48275862068965514,9176.666666666666
163,4926,0.625,0.327909375,0.6778038790507167,0.0,9174.638429752065
164,23791,0.6125,0.18690625,0.9879532586435369,0.0,9171.539256198346
165,2547,0.1125,0.31889687499999997,0.7209938561619081,0.0,9170.506198347108
166,3765,0.375,0.13343750000000001,0.9629442235875195,0.0,9158.006198347108
167,5538,0.8625,0.257165625,0.8335742681604624,0.0,9154.907024793389
168,2457,0.1125,0.20159374999999996,0.8773762197325623,0.0,9128.150826446281
169,6174,0.875,0.31689375000000003,0.817094325984821,0.0,9125.051652892562
170,19221,0.3625,0.102578125,0.936369112155162,0.0,9123.915289256198
171,2325,0.1125,0.16744375,0.9969883146608842,0.0,9107.386363636364
172,18549,0.3625,0.2931125,0.8780026502830983,0.13793103448275862,9096.979797979799
173,20520,0.125,0.1368625,0.9785086134200698,0.13793103448275862,9083.828282828283
174,5981,0.875,0.246875,0.62643055053608,0.0,9076.497933884297
175,10167,0.8625,0.375,0.7059462715335502,0.13793103448275862,9075.767676767677
176,2468,0.1125,0.215625,0.8717383447777376,0.0,9073.398760330578
177,8434,0.625,0.371875,0.6508384531984098,0.48275862068965514,9070.0
178,20562,0.42247500000000004,0.13374999999999998,0.9632453921214311,0.13793103448275862,9067.666666666666
179,3341,0.3625,0.1381875,0.9796651005902903,0.13793103448275862,9063.626262626263
180,12499,0.6125,0.71875,0.62643055053608,0.8275862068965517,9063.333333333334
181,2257,0.1125,0.2361875,0.9339838573665823,0.0,9061.931818181818
182,3910,0.375,0.3421875,0.6264305505360801,0.13793103448275862,9060.59595959596
183,4722,0.6125,0.16909687499999998,0.9318515841464884,0.13793103448275862,9060.59595959596
184,5542,0.8625,0.278125,0.6846187206360679,0.0,9046.435950413223
185,19308,0.40478749999999997,0.11616562500000001,0.955957113600771,0.0,9045.402892561984
186,7969,0.3625,0.625,0.6508384531984098,0.13793103448275862,9038.39393939394
187,3053,0.125,0.114709375,0.8335742681604624,0.0,9016.477272727272
188,8697,0.625,0.36974999999999997,0.7330092759908444,0.13793103448275862,9010.111111111111
189,21862,0.42246249999999996,0.14939375,0.9759306107697867,0.13793103448275862,9005.060606060606
190,5838,0.875,0.075490625,0.8183471870858932,0.13793103448275862,9005.040404040405
191,3809,0.375,0.0818,0.7915190940850501,0.13793103448275862,9004.050505050505
192,3817,0.375,0.04685281249999999,0.7463052644259728,0.0,9001.084710743802
193,7125,0.1125,0.375,0.7059462715335502,0.0,8999.948347107438
194,4939,0.625,0.28125,0.7952776773882665,0.13793103448275862,8988.878787878788
195,11176,0.125,0.6875,0.62643055053608,0.0,8981.456611570247
196,7690,0.375,0.371875,0.7872545476448619,0.13793103448275862,8974.757575757576
197,1236,0.375,0.3125,0.6023370678231538,0.0,8965.960743801654
198,23222,0.6547375,0.18179375,0.9877966510059029,0.13793103448275862,8955.565656565657
199,21233,0.404725,0.23260625,0.9682568365257197,0.13793103448275862,8953.545454545454
200,3673,0.3625,0.121875,0.884001927478617,0.13793103448275862,8951.525252525253
201,3236,0.3625,0.2045125,0.9166606432959884,0.0,8948.398760330578
202,2566,0.1125,0.28988749999999996,0.8115046379954222,0.13793103448275862,8946.454545454546
203,18647,0.375,0.27753125,0.922527406336586,0.13793103448275862,8938.39393939394
204,1958,0.6875,0.0,0.6023370678231538,0.0,8920.506198347108
205,4341,0.6125,0.22643437500000002,0.9854234429586796,0.0,8909.039256198346
206,2468,0.1125,0.215625,0.8717383447777376,0.13793103448275862,8908.070707070707
207,11464,0.3625,0.684375,0.6508384531984098,0.13793103448275862,8908.070707070707
208,19265,0.5828875,0.10135000000000001,0.9213227322009396,0.0,8905.940082644629
209,5170,0.625,0.325021875,0.7463052644259728,0.13793103448275862,8896.979797979799
210,2888,0.125,0.331240625,0.6826466690760149,0.0,8896.642561983472
211,19997,0.8625,0.26811250000000003,0.9252258764004336,0.0,8886.311983471074
212,4514,0.6125,0.246875,0.8186844958438743,0.0,8882.28305785124
213,3062,0.125,0.090625,0.7389965064450066,0.0,8880.113636363636
214,14029,0.875,0.9375,0.6508384531984098,0.13793103448275862,8878.777777777777
215,13652,0.8625,0.934375,0.62643055053608,0.8275862068965517,8876.666666666666
216,2769,0.125,0.108721875,0.8866401638356823,0.0,8871.849173553719
217,2072,1.0,0.34375,0.62643055053608,0.13793103448275862,8861.60606060606
218,838,0.1875,0.125,0.62643055053608,0.13793103448275862,8857.585858585859
219,3614,0.3625,0.10023437500000001,0.8892302132273219,0.13793103448275862,8857.565656565657
220,2726,0.125,0.171346875,0.9860498735092157,0.0,8856.456611570247
221,1066,0.0625,0.140625,0.6023370678231538,0.13793103448275862,8855.565656565657
222,4247,0.6125,0.208765625,0.9009275990844476,0.0,8853.357438016528
223,4349,0.6125,0.16744375,0.9969883146608842,0.13793103448275862,8846.474747474747
224,5466,0.8625,0.15625,0.8717383447777376,0.0,8836.828512396694
225,4967,0.625,0.25,0.8155402963498374,0.0,8832.696280991735
226,2655,0.1125,0.07740312499999999,0.8288158053246596,0.13793103448275862,8831.323232323231
227,10168,0.8625,0.375,0.62643055053608,0.13793103448275862,8824.232323232323
228,6433,0.125,0.40625,0.62643055053608,0.48275862068965514,8823.333333333334
229,5653,0.8625,0.045029374999999996,0.7344705457173835,0.13793103448275862,8823.242424242424
230,1046,0.6875,0.109375,0.6023370678231538,0.0,8818.23347107438
231,1012,0.4375,0.078125,0.6023370678231538,0.13793103448275862,8816.151515151516
232,1139,0.875,0.203125,0.6023370678231538,0.13793103448275862,8815.161616161617
233,4915,0.625,0.3390625,0.6754101915431876,0.0,8812.964876033058
234,16772,0.8625,0.0743625,0.8820624021202265,0.13793103448275862,8806.070707070707
235,5628,0.8625,0.24041562500000002,0.930333694735574,0.13793103448275862,8800.0101010101
236,4884,0.625,0.252184375,0.8525719792796047,0.13793103448275862,8791.90909090909
237,19382,0.8328,0.11616562500000001,0.955957113600771,0.0,8789.204545454546
238,2768,0.125,0.1153,0.8742561137212383,0.13793103448275862,8783.828282828283
239,2805,0.125,0.04685281249999999,0.7463052644259728,0.0,8776.911157024793
240,1038,0.1875,0.109375,0.6023370678231538,0.0,8762.448347107438
241,2220,0.1125,0.3125,0.8084809059149499,0.13793103448275862,8757.585858585859
242,1077,0.75,0.140625,0.6023370678231538,0.13793103448275862,8752.515151515152
243,23871,0.625,0.18690625,0.9879532586435369,0.0,8751.084710743802
244,3649,0.3625,0.08848125,0.8046500421635947,0.13793103448275862,8735.343434343435
245,993,0.1875,0.0625,0.6023370678231538,0.0,8729.287190082645
246,2931,0.125,0.278125,0.655524635586074,0.0,8726.188016528926
247,16744,0.8625,0.055655625,0.819069991567281,0.13793103448275862,8723.222222222223
248,23096,0.17246875,0.1775,0.9873147813516442,0.13793103448275862,8721.20202020202
249,2267,0.1125,0.26985625,0.9224189856643776,0.0,8721.022727272728
250,3375,0.3625,0.0625,0.65293579086857,0.13793103448275862,8717.181818181818
251,3005,0.125,0.15625,0.8717383447777376,0.0,8716.993801652892
252,4736,0.6125,0.171346875,0.9860498735092157,0.0,8716.890495867769
253,2462,0.1125,0.215625,0.7245512588844717,0.13793103448275862,8713.141414141413
254,4559,0.6125,0.32289375,0.6938103842910492,0.13793103448275862,8708.070707070707
255,21855,0.375,0.1618625,0.9827611131189014,0.0,8706.559917355371
256,15495,0.625,0.34628125,0.7625828213468256,0.13793103448275862,8704.030303030304
257,894,0.4375,0.0625,0.62643055053608,0.0,8701.394628099173
258,2891,0.125,0.3390625,0.6754101915431876,0.0,8694.26652892562
259,1131,0.375,0.203125,0.6023370678231538,0.13793103448275862,8692.919191919193
260,2792,0.125,0.0625,0.7682568365257197,0.0,8691.167355371901
261,4935,0.625,0.309375,0.67944103120106,0.13793103448275862,8690.919191919193
262,2893,0.125,0.3390625,0.7157583423683893,0.0,8690.030991735537
263,4536,0.6125,0.28125,0.7671364895795687,0.0,8685.898760330578
264,2747,0.125,0.12696875,0.9562703288760389,0.13793103448275862,8673.747474747475
265,5877,0.875,0.100115625,0.8250090350560174,0.13793103448275862,8668.676767676769
266,3849,0.375,0.09375,0.8796530538489338,0.13793103448275862,8667.666666666666
267,1079,0.875,0.140625,0.6023370678231538,0.13793103448275862,8665.666666666666
268,3710,0.3625,0.16909687499999998,0.9318515841464884,0.13793103448275862,8661.626262626263
269,2460,0.1125,0.215625,0.6754909047102758,0.13793103448275862,8660.61616161616
270,20648,0.81515,0.12755,0.956896759426575,0.13793103448275862,8657.565656565657
271,5692,0.8625,0.0840125,0.8218527888206241,0.13793103448275862,8656.575757575758
272,4763,0.625,0.16909687499999998,0.9318515841464884,0.13793103448275862,8651.505050505051
273,2790,0.125,0.07712812499999999,0.8743645343934465,0.0,8643.646694214876
274,18624,0.375,0.27753125,0.9092398506204071,0.13793103448275862,8638.39393939394
275,1041,0.375,0.109375,0.6023370678231538,0.0,8622.985537190083
276,895,0.375,0.0625,0.62643055053608,0.13793103448275862,8621.222222222223
277,3706,0.3625,0.14876562499999998,0.9005421033610408,0.13793103448275862,8620.191919191919
278,19365,0.8625,0.102578125,0.936369112155162,0.0,8609.452479338843
279,20529,0.15464,0.123225,0.9646066738947114,0.0,8608.419421487602
280,18024,0.588875,0.082246875,0.8992410552945428,0.13793103448275862,8595.969696969696
281,2298,0.1125,0.33754375,0.7478014697024454,0.13793103448275862,8590.919191919193
282,3403,0.3625,0.121875,0.7344970485483676,0.0,8588.894628099173
283,4181,0.375,0.27630625000000003,0.9114323575472835,0.13793103448275862,8584.858585858587
284,4364,0.6125,0.063784375,0.8562823756173954,0.13793103448275862,8575.767676767677
285,3346,0.3625,0.10290625,0.9368871220334899,0.0,8568.23347107438
286,4133,0.375,0.1381875,0.9796651005902903,0.13793103448275862,8563.646464646465
287,9623,0.875,0.625,0.6508384531984098,0.13793103448275862,8555.565656565657
288,21884,0.6125,0.14315625,0.9837128056860619,0.13793103448275862,8544.454545454546
289,2640,0.1125,0.06880312499999999,0.7626671485363209,0.0,8531.043388429753
290,18629,0.6125,0.2899875,0.8847729189254305,0.13793103448275862,8524.252525252525
291,11008,0.125,0.9375,0.62643055053608,0.8275862068965517,8523.333333333334
292,2854,0.125,0.246875,0.9027707505119864,0.13793103448275862,8504.030303030304
293,1043,0.5,0.109375,0.6023370678231538,0.0,8503.150826446281
294,647,0.875,0.3125,0.62643055053608,0.0,8502.11776859504
295,2725,0.125,0.158371875,0.9811348030357788,0.0,8502.11776859504
296,1013,0.5,0.078125,0.6023370678231538,0.13793103448275862,8502.030303030304
297,3595,0.3625,0.246875,0.9027707505119864,0.13793103448275862,8499.0
298,10460,0.1125,0.684375,0.62643055053608,0.13793103448275862,8497.9898989899
299,3935,0.375,0.28125,0.7389965064450066,0.13793103448275862,8497.9898989899
300,2981,0.125,0.20159374999999996,0.8773762197325623,0.13793103448275862,8493.929292929293
301,2403,0.1125,0.125,0.6538959161546801,0.13793103448275862,8491.929292929293
302,6657,0.125,0.353125,0.6826466690760149,0.13793103448275862,8490.919191919193
303,4909,0.625,0.31889687499999997,0.7209938561619081,0.13793103448275862,8482.818181818182
304,7893,0.3625,0.35715625,0.6958065293338151,0.13793103448275862,8476.757575757576
305,5815,0.875,0.11517812499999999,0.9419226599204914,0.13793103448275862,8474.737373737375
306,4807,0.625,0.064178125,0.8427538850740873,0.0,8438.068181818182
307,6117,0.875,0.059375,0.7240621611853992,0.13793103448275862,8434.353535353535
308,17995,0.6125,0.0931125,0.9203228526683531,0.0,8426.601239669422
309,2635,0.1125,0.075490625,0.8183471870858932,0.13793103448275862,8426.272727272728
310,3817,0.375,0.04685281249999999,0.7463052644259728,0.13793103448275862,8422.212121212122
311,4682,0.6125,0.10201875,0.9224189856643776,0.13793103448275862,8422.212121212122
312,3481,0.3625,0.215625,0.62643055053608,0.0,8415.34090909091
313,4129,0.375,0.16744375,0.9969883146608842,0.13793103448275862,8406.070707070707
314,2772,0.125,0.121875,0.8618600168654379,0.13793103448275862,8406.050505050505
315,4568,0.6125,0.3390625,0.7157583423683893,0.0,8400.77479338843
316,4158,0.375,0.325021875,0.7463052644259728,0.13793103448275862,8393.929292929293
317,2752,0.125,0.153125,0.978279725334297,0.0,8390.547520661157
318,9165,0.6125,0.366625,0.7092350319238645,0.0,8389.514462809917
319,765,0.0625,0.203125,0.62643055053608,0.13793103448275862,8388.89898989899
320,3300,0.3625,0.28125,0.8148897723165883,0.0,8384.349173553719
321,10229,0.8625,0.34746875,0.7669437417178653,0.13793103448275862,8378.777777777777
322,4354,0.6125,0.13098749999999998,0.9729671123960967,0.0,8378.047520661157
323,23810,0.398725,0.20093125,0.9859414528370076,0.13793103448275862,8369.70707070707
324,3958,0.375,0.246875,0.8186844958438743,0.0,8366.787190082645
325,5676,0.8625,0.06880312499999999,0.7626671485363209,0.13793103448275862,8362.636363636364
326,5274,0.8625,0.20273750000000001,0.9854234429586796,0.13793103448275862,8360.59595959596
327,5006,0.625,0.208621875,0.8749909649439825,0.13793103448275862,8358.59595959596
328,909,0.4375,0.046875,0.62643055053608,0.13793103448275862,8358.575757575758
329,5407,0.8625,0.090625,0.6545717383447777,0.13793103448275862,8356.555555555555
330,19854,0.125,0.26811250000000003,0.9252258764004336,0.0,8347.055785123966
331,2492,0.1125,0.246875,0.62643055053608,0.13793103448275862,8333.343434343435
332,21847,0.6125,0.1618625,0.9827611131189014,0.0,8332.696280991735
333,5029,0.625,0.15625,0.8717383447777376,0.13793103448275862,8328.29292929293
334,21817,0.12499999999999992,0.14628125,0.9860257800265027,0.0,8326.497933884297
335,845,0.6875,0.109375,0.62643055053608,0.0,8316.064049586777
336,20634,0.672475,0.13374999999999998,0.9632453921214311,0.13793103448275862,8311.10101010101
337,22496,0.5828875,0.22554687499999998,0.9738103842910492,0.13793103448275862,8306.070707070707
338,5817,0.875,0.07740312499999999,0.8288158053246596,0.0,8304.803719008265
339,19261,0.5888625000000001,0.104121875,0.9257920732441873,0.0,8290.237603305784
340,2473,0.1125,0.21875,0.7725695699313335,0.13793103448275862,8288.878787878788
341,19271,0.4046125,0.10135000000000001,0.9213227322009396,0.0,8286.20867768595
342,5363,0.8625,0.15274062500000002,0.9902300927599084,0.0,8284.142561983472
343,17247,0.3625,0.31186250000000004,0.831478135164438,0.0,8280.010330578512
344,5816,0.875,0.0840125,0.8218527888206241,0.0,8277.944214876034
345,17327,0.40458750000000004,0.31305312500000004,0.8281532345500542,0.13793103448275862,8262.61616161616
346,11468,0.3625,0.684375,0.62643055053608,0.13793103448275862,8257.565656565657
347,5970,0.875,0.25,0.842561137212384,0.0,8248.915289256198
348,20590,0.6125,0.1368625,0.9785086134200698,0.13793103448275862,8248.494949494949
349,3046,0.125,0.121875,0.7074798217082279,0.13793103448275862,8244.454545454546
350,3268,0.3625,0.231828125,0.922840621611854,0.0,8236.621900826447
351,2666,0.1125,0.102146875,0.8990362606914829,0.13793103448275862,8229.30303030303
352,15317,0.125,0.34628125,0.7625828213468256,0.13793103448275862,8223.222222222223
353,5227,0.625,0.1875,0.9575954704252498,0.0,8211.828512396694
354,4761,0.625,0.16053125,0.9588001445608962,0.0,8204.493801652892
355,5354,0.8625,0.21913437499999996,0.9902300927599084,0.0,8195.196280991735
356,6051,0.875,0.15625,0.8226719672328634,0.13793103448275862,8192.919191919193
357,6156,0.875,0.145440625,0.9854234429586796,0.0,8189.101239669421
358,6239,0.875,0.1875,0.9575954704252498,0.0,8186.002066115702
359,3334,0.3625,0.189640625,0.9998795325864354,0.0,8184.865702479339
360,851,0.3125,0.109375,0.62643055053608,0.0,8139.514462809917
361,23215,0.8625,0.1837375,0.9879171184194675,0.13793103448275862,8126.272727272727
362,3833,0.375,0.057245937499999996,0.7330092759908444,0.13793103448275862,8124.252525252526
363,4290,0.6125,0.26331875,0.9325864353692326,0.13793103448275862,8124.232323232323
364,5060,0.625,0.125,0.7362920130104806,0.0,8119.783057851239
365,5463,0.8625,0.15625,0.6754909047102758,0.13793103448275862,8101.0
366,19207,0.14877125,0.11342812499999999,0.9395494518732683,0.13793103448275862,8095.969696969697
367,5195,0.625,0.26331875,0.9325864353692326,0.13793103448275862,8083.828282828283
368,5743,0.8625,0.15625,0.9280809541019153,0.0,8081.663223140496
369,8450,0.625,0.403125,0.6827141308276111,0.13793103448275862,8080.79797979798
370,4218,0.375,0.206659375,0.8878448379713287,0.13793103448275862,8069.686868686868
371,1024,0.25,0.09375,0.6023370678231538,0.13793103448275862,8066.676767676768
372,4785,0.625,0.1443125,0.8764004336826888,0.13793103448275862,8063.626262626262
373,5090,0.625,0.090625,0.7952776773882665,0.13793103448275862,8059.606060606061
374,1891,0.0,0.015625,0.6023370678231538,0.13793103448275862,8055.545454545455
375,4091,0.375,0.059375,0.6752463558607397,0.0,8047.572314049587
376,3480,0.3625,0.215625,0.8717383447777376,0.13793103448275862,8045.464646464647
377,897,0.25,0.0625,0.62643055053608,0.0,8041.270661157025
378,5241,0.625,0.3125,0.8084809059149499,0.0,8037.24173553719
379,9918,0.8625,0.3453125,0.6552355137935189,0.0,8031.9731404958675
380,1220,0.3125,0.296875,0.6023370678231538,0.13793103448275862,8027.282828282829
381,3877,0.375,0.278125,0.8360558968798939,0.0,8022.778925619835
382,9446,0.875,0.36146875,0.6938103842910492,0.0,8005.113636363636
383,21941,0.8625,0.1587375,0.9813155041561258,0.0,8005.113636363636
384,9150,0.6125,0.39828125000000003,0.7859414528370076,0.13793103448275862,8000.010101010101
385,5710,0.8625,0.1443125,0.8764004336826888,0.13793103448275862,7994.959595959596
386,4788,0.625,0.131390625,0.8653294783760993,0.13793103448275862,7994.939393939394
387,3737,0.375,0.158371875,0.9811348030357788,0.0,7973.19214876033
388,4569,0.6125,0.3390625,0.6955848692928562,0.0,7971.126033057852
389,18049,0.8625,0.0962375,0.9126249849415733,0.0,7966.890495867769
390,4911,0.625,0.32720625000000003,0.6958065293338151,0.0,7958.729338842975
391,2054,1.0,0.0625,0.62643055053608,0.0,7957.592975206611
392,3966,0.375,0.225853125,0.8653776653415252,0.13793103448275862,7954.535353535353
393,3369,0.3625,0.059375,0.6752463558607397,0.13793103448275862,7949.50505050505
394,5923,0.875,0.32720625000000003,0.6958065293338151,0.0,7938.068181818182
395,3144,0.125,0.33754375,0.7478014697024454,0.13793103448275862,7936.373737373738
396,4350,0.6125,0.16007812500000002,0.9940850499939766,0.0,7914.30785123967
397,15408,0.375,0.34628125,0.7625828213468256,0.13793103448275862,7914.151515151515
398,4578,0.6125,0.3207375,0.733739308517046,0.13793103448275862,7910.111111111111
399,18718,0.8625,0.2899875,0.8984941573304421,0.13793103448275862,7910.090909090909
400,6066,0.875,0.125,0.8461510661366101,0.0,7893.543388429752
401,3045,0.125,0.121875,0.7344970485483676,0.0,7891.580578512397
402,18070,0.8625,0.07753125000000001,0.8891699795205397,0.0,7885.278925619835
403,5017,0.625,0.184375,0.62643055053608,0.0,7877.014462809917
404,2471,0.1125,0.21875,0.8212865919768702,0.13793103448275862,7876.777777777777
405,2193,0.0,0.28125,0.62643055053608,0.13793103448275862,7869.686868686868
406,3764,0.375,0.153125,0.978279725334297,0.0,7860.485537190083
407,5031,0.625,0.17732187500000002,0.8788820624021202,0.0,7854.390495867769
408,3608,0.3625,0.113090625,0.8441633538127936,0.0,7846.126033057852
409,3276,0.3625,0.21875,0.8893988676063125,0.13793103448275862,7843.424242424242
410,7871,0.3625,0.34684375,0.7478014697024454,0.13793103448275862,7840.414141414141
411,3562,0.3625,0.331240625,0.6826466690760149,0.13793103448275862,7833.343434343435
412,3592,0.3625,0.27164062499999997,0.8892302132273219,0.0,7828.5640495867765
413,2791,0.125,0.0838125,0.8888085772798457,0.0,7825.464876033057
414,5937,0.875,0.32289375,0.6938103842910492,0.13793103448275862,7817.161616161616
415,6871,0.1125,0.36974999999999997,0.7330092759908444,0.13793103448275862,7817.161616161616
416,5607,0.8625,0.278125,0.8578604987350921,0.0,7815.030991735537
417,3123,0.125,0.12385312499999998,0.9653294783760993,0.0,7804.803719008264
418,19940,0.6125,0.25253125,0.9599807252138296,0.13793103448275862,7803.040404040404
419,5966,0.875,0.278125,0.6846187206360679,0.0,7801.704545454545
420,8423,0.625,0.34746875,0.7669437417178653,0.13793103448275862,7792.919191919192
421,3433,0.3625,0.15625,0.8226719672328634,0.13793103448275862,7790.919191919192
422,2973,0.125,0.215625,0.7490784242862305,0.13793103448275862,7789.909090909091
423,6118,0.875,0.03431375,0.6440983014094687,0.13793103448275862,7787.868686868687
424,4338,0.6125,0.248021875,0.9653294783760993,0.0,7785.175619834711
425,2875,0.125,0.303071875,0.7626671485363209,0.13793103448275862,7783.848484848485
426,4505,0.6125,0.225853125,0.8653776653415252,0.13793103448275862,7775.767676767677
427,1246,0.0625,0.328125,0.6023370678231538,0.13793103448275862,7774.757575757576
428,2655,0.1125,0.07740312499999999,0.8288158053246596,0.0,7767.613636363636
429,6107,0.875,0.080984375,0.7761354053728465,0.13793103448275862,7766.676767676768
430,19870,0.3625,0.25253125,0.9599807252138296,0.13793103448275862,7762.616161616162
431,20680,0.8388,0.135309375,0.9771111914227201,0.13793103448275862,7738.393939393939
432,5140,0.625,0.17483437500000001,0.9989157932779182,0.0,7734.555785123967
433,2445,0.1125,0.1875,0.8542103361040838,0.13793103448275862,7734.333333333333
434,19872,0.125,0.26811250000000003,0.9382363570654136,0.13793103448275862,7733.343434343435
435,4777,0.625,0.13343750000000001,0.9629442235875195,0.13793103448275862,7733.323232323232
436,7982,0.3625,0.61278125,0.7551740754126008,0.48275862068965514,7706.666666666667
437,2380,0.1125,0.09375,0.7137128056860619,0.13793103448275862,7703.040404040404
438,1253,0.5,0.328125,0.6023370678231538,0.13793103448275862,7701.020202020202
439,15913,0.6125,0.321328125,0.8036742561137211,0.13793103448275862,7694.939393939394
440,7891,0.3625,0.3491875,0.6691205878809782,0.0,7694.26652892562
441,4154,0.375,0.329559375,0.7767256956993133,0.0,7684.865702479339
442,5015,0.625,0.1875,0.8542103361040838,0.13793103448275862,7684.858585858586
443,5734,0.8625,0.16909687499999998,0.9318515841464884,0.13793103448275862,7684.838383838384
444,3873,0.375,0.258784375,0.8441633538127936,0.13793103448275862,7669.686868686868
445,5106,0.625,0.03431375,0.6440983014094687,0.13793103448275862,7660.595959595959
446,6174,0.875,0.31689375000000003,0.817094325984821,0.13793103448275862,7658.595959595959
447,8684,0.625,0.3491875,0.6691205878809782,0.0,7658.006198347108
448,20559,0.375,0.1399875,0.9688591735935429,0.0,7646.745867768595
449,4597,0.6125,0.258784375,0.8441633538127936,0.13793103448275862,7646.454545454545
450,4047,0.375,0.125,0.7088266473918805,0.13793103448275862,7642.434343434344
451,6204,0.875,0.256575,0.8742561137212383,0.13793103448275862,7632.313131313132
452,2447,0.1125,0.1875,0.803589928924226,0.13793103448275862,7631.323232323232
453,3971,0.375,0.21875,0.675142753885074,0.13793103448275862,7615.141414141414
454,5521,0.8625,0.246875,0.6813612817732804,0.0,7613.584710743801
455,3305,0.3625,0.3125,0.8297072641850378,0.13793103448275862,7612.131313131313
456,5672,0.8625,0.068996875,0.8251897361763642,0.13793103448275862,7594.959595959596
457,4661,0.6125,0.08848125,0.8046500421635947,0.0,7581.559917355372
458,7428,0.375,0.375,0.62643055053608,0.13793103448275862,7574.757575757576
459,2323,0.1125,0.182234375,0.9998795325864354,0.0,7569.163223140496
460,2069,1.0,0.296875,0.62643055053608,0.0,7568.23347107438
461,2881,0.125,0.326846875,0.7344705457173835,0.0,7558.9359504132235
462,4425,0.6125,0.125,0.7088266473918805,0.13793103448275862,7548.474747474747
463,19839,0.3625,0.26811250000000003,0.9252258764004336,0.13793103448275862,7545.464646464647
464,5738,0.8625,0.1755,0.8906396819660282,0.13793103448275862,7545.444444444444
465,21863,0.39871249999999997,0.1478375,0.974870497530418,0.13793103448275862,7543.424242424242
466,4375,0.6125,0.03431375,0.6440983014094687,0.13793103448275862,7542.414141414141
467,2769,0.125,0.108721875,0.8866401638356823,0.13793103448275862,7539.404040404041
468,7969,0.3625,0.625,0.6508384531984098,0.6206896551724137,7528.0
469,3741,0.375,0.15625,0.9280809541019153,0.13793103448275862,7518.171717171717
470,3739,0.375,0.17785625,0.9873750150584266,0.0,7516.477272727273
471,9440,0.875,0.3421875,0.716781110709553,0.0,7512.448347107438
472,4516,0.6125,0.246875,0.62643055053608,0.0,7509.245867768595
473,16591,0.3625,0.058826875,0.8281652812914105,0.13793103448275862,7503.040404040404
474,811,0.9375,0.140625,0.62643055053608,0.13793103448275862,7502.030303030303
475,21798,0.125,0.1587375,0.9813155041561258,0.0,7502.014462809917
476,2555,0.1125,0.326846875,0.7344705457173835,0.0,7491.787190082645
477,2042,1.0,0.125,0.6023370678231538,0.0,7489.6177685950415
478,17275,0.3625,0.31186250000000004,0.8462594868088182,0.13793103448275862,7487.868686868687
479,6129,0.875,0.33147187499999997,0.7863028550777015,0.0,7487.6549586776855
480,3064,0.125,0.090625,0.6827141308276111,0.13793103448275862,7486.878787878788
481,7409,0.375,0.34746875,0.7669437417178653,0.13793103448275862,7478.79797979798
482,3963,0.375,0.246875,0.6813612817732804,0.13793103448275862,7474.757575757576
483,976,0.0625,0.046875,0.6023370678231538,0.0,7474.121900826446
484,3893,0.375,0.326846875,0.7344705457173835,0.0,7456.559917355372
485,23237,0.8625,0.1806125,0.9877002770750511,0.13793103448275862,7440.393939393939
486,16745,0.8329625,0.05759375,0.8246717262980364,0.13793103448275862,7431.30303030303
487,22453,0.154705,0.210728125,0.9824478978436332,0.13793103448275862,7428.272727272727
488,4482,0.6125,0.208621875,0.8749909649439825,0.13793103448275862,7420.212121212121
489,6242,0.875,0.206659375,0.8878448379713287,0.13793103448275862,7415.161616161616
490,3812,0.375,0.06880312499999999,0.7626671485363209,0.0,7407.076446280992
491,22431,0.3625,0.22436249999999996,0.9746536561860017,0.13793103448275862,7404.030303030303
492,5350,0.8625,0.248021875,0.9653294783760993,0.0,7394.679752066116
493,2725,0.125,0.158371875,0.9811348030357788,0.13793103448275862,7387.888888888889
494,5182,0.625,0.2880625,0.8888085772798457,0.0,7387.3450413223145
495,4411,0.6125,0.114709375,0.8335742681604624,0.0,7375.981404958678
496,2954,0.125,0.225853125,0.8653776653415252,0.13793103448275862,7373.747474747474
497,2685,0.1125,0.153125,0.9116251054089869,0.0,7364.721074380165
498,2031,1.0,0.296875,0.6023370678231538,0.0,7363.584710743801
499,3240,0.3625,0.21301874999999998,0.8851825081315503,0.0,7354.287190082645
500,8427,0.625,0.3421875,0.7468979641007107,0.13793103448275862,7349.50505050505
501,5699,0.8625,0.121875,0.9282857487049753,0.13793103448275862,7347.484848484848
502,9919,0.8625,0.3491875,0.6691205878809782,0.0,7341.993801652892
503,3336,0.3625,0.17483437500000001,0.9989157932779182,0.0,7339.927685950413
504,3725,0.3625,0.17785625,0.9873750150584266,0.0,7338.894628099173
505,2139,0.5,0.0,0.62643055053608,0.13793103448275862,7333.343434343435
506,20552,0.5828249999999999,0.138040625,0.9671846765449945,0.13793103448275862,7331.323232323232
507,3904,0.375,0.3390625,0.6955848692928562,0.0,7328.5640495867765
508,5373,0.8625,0.0828125,0.9004216359474762,0.0,7324.328512396694
509,4478,0.6125,0.1875,0.62643055053608,0.13793103448275862,7324.252525252526
510,2401,0.1125,0.125,0.7088266473918805,0.0,7317.2004132231405
511,5892,0.875,0.27164062499999997,0.8892302132273219,0.0,7304.803719008264
512,5077,0.625,0.114709375,0.8335742681604624,0.0,7303.667355371901
513,5303,0.8625,0.26985625,0.9224189856643776,0.13793103448275862,7303.040404040404
514,985,0.625,0.046875,0.6023370678231538,0.0,7299.638429752066
515,4424,0.6125,0.125,0.7362920130104806,0.0,7286.2086776859505
516,21165,0.3625,0.233828125,0.9795446331767256,0.13793103448275862,7276.777777777777
517,886,0.9375,0.0625,0.62643055053608,0.13793103448275862,7274.757575757576
518,2234,0.1125,0.1875,0.9355860739669918,0.13793103448275862,7273.727272727273
519,994,0.25,0.0625,0.6023370678231538,0.13793103448275862,7270.69696969697
520,2056,1.0,0.09375,0.62643055053608,0.13793103448275862,7260.595959595959
521,3461,0.3625,0.1875,0.752969521744368,0.13793103448275862,7258.575757575758
522,9119,0.6125,0.434375,0.62643055053608,0.13793103448275862,7246.474747474747
523,4460,0.6125,0.184375,0.7023551379351886,0.13793103448275862,7244.454545454545
524,6045,0.875,0.15625,0.6754909047102758,0.13793103448275862,7240.414141414141
525,7694,0.375,0.35309375,0.7470545717383447,0.13793103448275862,7240.414141414141
526,5339,0.8625,0.32008749999999997,0.822816528129141,0.0,7239.6177685950415
527,3087,0.125,0.05412,0.7092350319238645,0.0,7232.386363636364
528,4343,0.6125,0.21179687500000002,0.9940850499939766,0.13793103448275862,7220.212121212121
529,20523,0.3328625,0.123225,0.9646066738947114,0.13793103448275862,7209.080808080808
530,3005,0.125,0.15625,0.8717383447777376,0.13793103448275862,7208.070707070707
531,3197,0.125,0.215625,0.9800385495723407,0.0,7196.332644628099
532,927,0.25,0.03125,0.62643055053608,0.0,7191.0640495867765
533,5509,0.8625,0.21875,0.7725695699313335,0.0,7182.7995867768595
534,1002,0.75,0.0625,0.6023370678231538,0.13793103448275862,7179.787878787879
535,5990,0.875,0.225853125,0.8653776653415252,0.13793103448275862,7176.777777777777
536,22537,0.375,0.22748749999999998,0.984652451511866,0.13793103448275862,7166.656565656565
537,3810,0.375,0.08848125,0.8046500421635947,0.0,7164.204545454545
538,23243,0.832825,0.166978125,0.9847367787013611,0.13793103448275862,7162.636363636364
539,21245,0.404725,0.23260625,0.9805926996747379,0.13793103448275862,7158.595959595959
540,2238,0.1125,0.20273750000000001,0.9854234429586796,0.13793103448275862,7148.474747474747
541,3468,0.3625,0.194553125,0.8788820624021202,0.0,7142.510330578512
542,5069,0.625,0.121875,0.7344970485483676,0.0,7141.477272727273
543,15820,0.1960775,0.329075,0.7783881460065053,0.13793103448275862,7139.404040404041
544,10000,0.8625,0.625,0.62643055053608,0.13793103448275862,7136.373737373738
545,8609,0.625,0.625,0.6508384531984098,0.6206896551724137,7132.0
546,6088,0.875,0.107628125,0.8236477532827369,0.0,7131.25
547,752,0.875,0.203125,0.62643055053608,0.13793103448275862,7121.20202020202
548,23860,0.5828125,0.188853125,0.9999277195518612,0.13793103448275862,7118.19191919192
549,6092,0.875,0.09375,0.7137128056860619,0.13793103448275862,7116.151515151515
550,5988,0.875,0.246875,0.6538959161546801,0.13793103448275862,7114.151515151515
551,4064,0.375,0.107628125,0.8236477532827369,0.0,7113.688016528926
552,2871,0.125,0.309375,0.8320322852668354,0.13793103448275862,7110.111111111111
553,3629,0.3625,0.045029374999999996,0.7344705457173835,0.13793103448275862,7106.050505050505
554,21239,0.375,0.23378125,0.979580773400795,0.13793103448275862,7084.838383838384
555,4560,0.6125,0.327909375,0.6778038790507167,0.13793103448275862,7082.838383838384
556,3903,0.375,0.3390625,0.6754101915431876,0.13793103448275862,7074.737373737374
557,2637,0.1125,0.08848125,0.8046500421635947,0.13793103448275862,7071.707070707071
558,9467,0.875,0.403125,0.7671364895795687,0.13793103448275862,7055.565656565656
559,3985,0.375,0.215625,0.7490784242862305,0.13793103448275862,7045.464646464647
560,4935,0.625,0.309375,0.67944103120106,0.0,7045.402892561983
561,2495,0.1125,0.25,0.7615106613661005,0.0,7042.407024793389
562,3485,0.3625,0.21875,0.7725695699313335,0.0,7039.30785123967
563,4820,0.625,0.0625,0.7469943380315623,0.13793103448275862,7037.383838383838
564,5968,0.875,0.278125,0.8009998795325863,0.13793103448275862,7037.383838383838
565,20623,0.8625,0.1399875,0.9688591735935429,0.0,7033.006198347108
566,4998,0.625,0.215625,0.7245512588844717,0.0,7014.411157024793
567,21331,0.6487625,0.235340625,0.9782194916275146,0.13793103448275862,7009.10101010101
568,3372,0.3625,0.059375,0.62643055053608,0.0,6993.75
569,12183,0.375,0.6875,0.7059462715335502,0.13793103448275862,6974.757575757576
570,23077,0.31513749999999996,0.17750625,0.9873147813516442,0.13793103448275862,6974.757575757576
571,3870,0.375,0.25866875,0.8647873750150584,0.0,6972.055785123967
572,2208,0.0,0.046875,0.62643055053608,0.13793103448275862,6968.69696969697
573,19227,0.3328875,0.10135000000000001,0.9344054933140584,0.0,6959.659090909091
574,16763,0.6488125,0.069675,0.8567762920130104,0.13793103448275862,6953.545454545455
575,19869,0.3625,0.25570312500000003,0.9559691603421274,0.0,6950.361570247934
576,19361,0.6486875000000001,0.104084375,0.925731839537405,0.0,6948.398760330579
577,10461,0.1125,0.6875,0.7059462715335502,0.13793103448275862,6929.30303030303
578,3803,0.375,0.0838125,0.8888085772798457,0.13793103448275862,6928.292929292929
579,7115,0.1125,0.403125,0.6545717383447777,0.13793103448275862,6913.121212121212
580,23224,0.625,0.1806125,0.9877002770750511,0.13793103448275862,6907.060606060606
581,6023,0.875,0.1875,0.752969521744368,0.13793103448275862,6904.050505050505
582,5129,0.625,0.2550875,0.9567642452716538,0.0,6897.778925619835
583,10166,0.8625,0.375,0.67944103120106,0.13793103448275862,6896.959595959596
584,5746,0.8625,0.158371875,0.9811348030357788,0.13793103448275862,6895.949494949495
585,948,0.1875,0.015625,0.6023370678231538,0.0,6892.510330578512
586,14200,0.875,0.6875,0.62643055053608,0.0,6890.547520661157
587,5807,0.875,0.09556875000000001,0.9114323575472835,0.0,6881.25
588,9475,0.875,0.40625,0.62643055053608,0.48275862068965514,6866.666666666667
589,2271,0.1125,0.27630625000000003,0.9114323575472835,0.0,6863.584710743801
590,2552,0.1125,0.33519375,0.6691205878809782,0.13793103448275862,6862.616161616162
591,4117,0.375,0.2550875,0.9567642452716538,0.0,6859.555785123967
592,20012,0.8625,0.25253125,0.9599807252138296,0.13793103448275862,6855.565656565656
593,4940,0.625,0.29089062499999996,0.7761354053728465,0.13793103448275862,6852.535353535353
594,5748,0.8625,0.171346875,0.9860498735092157,0.13793103448275862,6846.474747474747
595,2421,0.1125,0.15625,0.8226719672328634,0.13793103448275862,6845.464646464647
596,3603,0.3625,0.23395937500000002,0.9138296590772196,0.13793103448275862,6843.444444444444
597,3117,0.125,0.16744375,0.9969883146608842,0.13793103448275862,6833.343434343435
598,2301,0.1125,0.33147187499999997,0.7863028550777015,0.0,6829.493801652892
599,21833,0.3328375,0.15991875,0.9940127695458378,0.0,6827.530991735537
600,5897,0.875,0.258784375,0.8441633538127936,0.13793103448275862,6827.282828282829
601,6100,0.875,0.090625,0.6827141308276111,0.13793103448275862,6818.171717171717
602,4074,0.375,0.090625,0.7389965064450066,0.0,6805.836776859504
603,4191,0.375,0.2361875,0.9339838573665823,0.13793103448275862,6799.989898989899
604,2486,0.1125,0.246875,0.7088266473918805,0.13793103448275862,6796.959595959596
605,5333,0.8625,0.329559375,0.7767256956993133,0.0,6790.340909090909
606,3107,0.125,0.2408875,0.9729671123960967,0.13793103448275862,6788.878787878788
607,5610,0.8625,0.265309375,0.8349837368991687,0.13793103448275862,6788.878787878788
608,9439,0.875,0.3421875,0.6866642573183953,0.13793103448275862,6782.838383838384
609,21247,0.582775,0.23260625,0.9805926996747379,0.13793103448275862,6782.818181818182
610,5430,0.8625,0.121875,0.8155402963498374,0.0,6774.8450413223145
611,2546,0.1125,0.3390625,0.6754101915431876,0.13793103448275862,6770.717171717171
612,5824,0.875,0.090625,0.9023370678231537,0.13793103448275862,6770.69696969697
613,958,0.8125,0.015625,0.6023370678231538,0.0,6765.547520661157
614,16691,0.3988125,0.069675,0.8567762920130104,0.13793103448275862,6760.616161616162
615,19920,0.375,0.25565625000000003,0.9433080351764848,0.13793103448275862,6757.585858585859
616,12477,0.6125,0.6875,0.7059462715335502,0.13793103448275862,6756.575757575758
617,21311,0.625,0.23378125,0.979580773400795,0.13793103448275862,6749.50505050505
618,23829,0.6125,0.2024875,0.9975906517287073,0.0,6749.018595041322
619,21294,0.8625,0.233828125,0.9671967232863511,0.0,6742.820247933884
620,2856,0.125,0.27164062499999997,0.8892302132273219,0.0,6741.68388429752
621,5887,0.875,0.240484375,0.8653294783760993,0.13793103448275862,6740.414141414141
622,815,0.6875,0.140625,0.62643055053608,0.13793103448275862,6739.404040404041
623,1249,0.25,0.328125,0.6023370678231538,0.0,6736.621900826446
624,2579,0.1125,0.26515625,0.8770148174918684,0.13793103448275862,6725.262626262626
625,10172,0.8625,0.371875,0.6508384531984098,0.13793103448275862,6719.181818181818
626,3722,0.3625,0.158371875,0.9811348030357788,0.13793103448275862,6717.181818181818
627,3575,0.3625,0.309375,0.7469943380315623,0.13793103448275862,6714.131313131313
628,1072,0.4375,0.140625,0.6023370678231538,0.13793103448275862,6711.121212121212
629,2953,0.125,0.246875,0.8461510661366101,0.13793103448275862,6703.020202020202
630,16000,0.8387125000000001,0.322884375,0.7987832791229972,0.13793103448275862,6695.949494949495
631,4509,0.6125,0.246875,0.6813612817732804,0.13793103448275862,6676.757575757576
632,19387,0.6546125,0.10135000000000001,0.9344054933140584,0.0,6669.4731404958675
633,3611,0.3625,0.09375,0.8578604987350921,0.13793103448275862,6665.646464646465
634,2665,0.1125,0.09556875000000001,0.9114323575472835,0.0,6649.74173553719
635,5470,0.8625,0.184375,0.6517383447777376,0.0,6649.74173553719
636,21919,0.8625,0.1618625,0.9827611131189014,0.0,6647.675619834711
637,2891,0.125,0.3390625,0.6754101915431876,0.13793103448275862,6643.444444444444
638,5211,0.625,0.21131875,0.908167690639682,0.13793103448275862,6629.30303030303
639,16666,0.5887374999999999,0.06968125,0.8567883387543669,0.13793103448275862,6621.20202020202
640,4893,0.625,0.29638437500000003,0.8183471870858932,0.13793103448275862,6616.151515151515
641,4312,0.6125,0.28125,0.8148897723165883,0.13793103448275862,6614.131313131313
642,20511,0.3625,0.12128125000000001,0.9497048548367667,0.13793103448275862,6603.020202020202
643,3732,0.375,0.184375,0.9436453439344656,0.13793103448275862,6599.989898989899
644,3314,0.3625,0.325859375,0.8049271172147935,0.0,6590.857438016529
645,5691,0.8625,0.07740312499999999,0.8288158053246596,0.13793103448275862,6589.909090909091
646,4707,0.6125,0.139959375,0.96883508011083,0.13793103448275862,6588.878787878788
647,5128,0.625,0.262071875,0.9472834598241175,0.13793103448275862,6578.777777777777
648,4168,0.375,0.2878625,0.8218527888206241,0.0,6571.332644628099
649,19195,0.1547875,0.11616562500000001,0.943235754728346,0.0,6559.969008264463
650,5024,0.625,0.184375,0.7023551379351886,0.0,6559.865702479339
651,4281,0.6125,0.2361875,0.9339838573665823,0.13793103448275862,6524.232323232323
652,8689,0.625,0.3453125,0.6552355137935189,0.13793103448275862,6513.121212121212
653,2970,0.125,0.215625,0.8226719672328634,0.13793103448275862,6510.090909090909
654,16668,0.6125,0.058826875,0.8281652812914105,0.13793103448275862,6505.060606060606
655,23844,0.3987375,0.1915875,0.9997229249488012,0.13793103448275862,6499.0
656,3942,0.375,0.278125,0.6846187206360679,0.0,6494.783057851239
657,4190,0.375,0.240546875,0.9451270931213106,0.13793103448275862,6481.828282828283
658,5063,0.625,0.125,0.8186844958438743,0.13793103448275862,6480.818181818182
659,4070,0.375,0.09375,0.7718949524153716,0.0,6480.320247933884
660,2307,0.1125,0.29553124999999997,0.8865317431634743,0.0,6463.894628099173
661,4353,0.6125,0.1381875,0.9796651005902903,0.0,6462.75826446281
662,15827,0.125,0.31815625000000003,0.8133477894229612,0.13793103448275862,6462.616161616162
663,4818,0.625,0.0625,0.8107697867726779,0.0,6461.725206611571
664,3669,0.3625,0.090625,0.8148897723165883,0.13793103448275862,6461.626262626262
665,4308,0.6125,0.28125,0.9023370678231537,0.0,6460.69214876033
666,3803,0.375,0.0838125,0.8888085772798457,0.0,6456.559917355372
667,3824,0.375,0.059375,0.8297072641850378,0.13793103448275862,6435.343434343435
668,15930,0.375,0.31815625000000003,0.8133477894229612,0.13793103448275862,6427.282828282829
669,3890,0.375,0.309375,0.789519335019877,0.0,6419.369834710744
670,2539,0.1125,0.3421875,0.7468979641007107,0.0,6398.7086776859505
671,3515,0.3625,0.264246875,0.8236477532827369,0.0,6394.576446280992
672,5572,0.8625,0.327909375,0.6778038790507167,0.13793103448275862,6382.838383838384
673,4003,0.375,0.1875,0.8542103361040838,0.0,6377.014462809917
674,6233,0.875,0.215625,0.9800385495723407,0.13793103448275862,6375.747474747474
675,2715,0.1125,0.184375,0.92149138657993,0.0,6374.948347107438
676,3381,0.3625,0.080984375,0.7761354053728465,0.13793103448275862,6372.737373737374
677,2340,0.1125,0.063784375,0.8562823756173954,0.0,6366.787190082645
678,2855,0.125,0.246875,0.9248042404529574,0.13793103448275862,6363.646464646465
679,7140,0.1125,0.3421875,0.6565474039272376,0.13793103448275862,6353.525252525253
680,2657,0.1125,0.090625,0.8148897723165883,0.13793103448275862,6351.525252525253
681,4073,0.375,0.090625,0.7671364895795687,0.0,6350.25826446281
682,859,0.75,0.09375,0.62643055053608,0.13793103448275862,6348.49494949495
683,2920,0.125,0.28125,0.6545717383447777,0.0,6348.088842975207
684,3008,0.125,0.15625,0.6509613299602457,0.13793103448275862,6337.383838383838
685,23226,0.672475,0.1775,0.9873147813516442,0.13793103448275862,6333.343434343435
686,18650,0.375,0.2899875,0.8984941573304421,0.13793103448275862,6329.30303030303
687,2032,1.0,0.28125,0.6023370678231538,0.13793103448275862,6324.232323232323
688,8144,0.3625,0.371875,0.6508384531984098,0.6206896551724137,6308.0
689,1223,0.5,0.296875,0.6023370678231538,0.0,6295.506198347108
690,1062,0.75,0.125,0.6023370678231538,0.0,6290.340909090909
691,21893,0.40466250000000004,0.1451,0.9851825081315504,0.0,6286.2086776859505
692,5320,0.8625,0.28125,0.9023370678231537,0.0,6285.072314049587
693,11008,0.125,0.9375,0.62643055053608,0.0,6273.811983471074
694,951,0.375,0.015625,0.6023370678231538,0.0,6272.778925619835
695,6581,0.125,0.625,0.6508384531984098,0.6206896551724137,6268.0
696,2781,0.125,0.07740312499999999,0.8288158053246596,0.13793103448275862,6267.686868686868
697,4378,0.6125,0.048982187499999996,0.6938103842910492,0.0,6267.613636363636
698,6405,0.125,0.366625,0.7092350319238645,0.13793103448275862,6263.646464646465
699,5369,0.8625,0.109803125,0.9472834598241175,0.0,6262.448347107438
700,17348,0.6125,0.299453125,0.8775810143356222,0.0,6254.18388429752
701,916,0.9375,0.03125,0.62643055053608,0.0,6253.047520661157
702,7141,0.1125,0.3421875,0.7468979641007107,0.13793103448275862,6235.343434343435
703,983,0.5,0.046875,0.6023370678231538,0.0,6231.456611570248
704,4954,0.625,0.278125,0.6846187206360679,0.13793103448275862,6228.292929292929
705,813,0.8125,0.140625,0.62643055053608,0.13793103448275862,6225.242424242424
706,19326,0.5887875,0.11343125000000001,0.9523310444524755,0.0,6224.121900826446
707,5390,0.8625,0.048982187499999996,0.6938103842910492,0.0,6218.956611570248
708,1085,0.3125,0.15625,0.6023370678231538,0.13793103448275862,6209.10101010101
709,1093,0.8125,0.15625,0.6023370678231538,0.13793103448275862,6208.070707070707
710,4899,0.625,0.303071875,0.7626671485363209,0.13793103448275862,6204.050505050505
711,8144,0.3625,0.371875,0.6508384531984098,0.3448275862068966,6204.0
712,4582,0.6125,0.309375,0.8107697867726779,0.13793103448275862,6184.858585858586
713,23837,0.404725,0.20366875,0.9972292494880134,0.13793103448275862,6181.80808080808
714,18048,0.625,0.07753125000000001,0.8752680399951813,0.13793103448275862,6177.767676767677
715,3604,0.3625,0.24041562500000002,0.930333694735574,0.0,6166.373966942148
716,1035,0.9375,0.09375,0.6023370678231538,0.0,6162.138429752066
717,2730,0.125,0.15625,0.9501746777496686,0.13793103448275862,6160.595959595959
718,3252,0.3625,0.215625,0.9141910613179135,0.0,6158.109504132231
719,4199,0.375,0.21131875,0.908167690639682,0.13793103448275862,6155.565656565656
720,4783,0.625,0.125,0.9468497771352848,0.13793103448275862,6146.474747474747
721,2869,0.125,0.29638437500000003,0.8183471870858932,0.13793103448275862,6143.424242424242
722,947,0.125,0.015625,0.6023370678231538,0.0,6142.613636363636
723,5516,0.8625,0.21875,0.8699915672810504,0.13793103448275862,6142.434343434344
724,6115,0.875,0.059375,0.6752463558607397,0.13793103448275862,6141.404040404041
725,2876,0.125,0.309375,0.7469943380315623,0.13793103448275862,6140.393939393939
726,863,0.5,0.09375,0.62643055053608,0.13793103448275862,6139.404040404041
727,2456,0.1125,0.194553125,0.8788820624021202,0.0,6137.448347107438
728,4651,0.6125,0.059375,0.8084809059149499,0.13793103448275862,6113.121212121212
729,2058,1.0,0.125,0.62643055053608,0.0,6112.6549586776855
730,3192,0.125,0.18979375,0.9878207444886157,0.13793103448275862,6109.10101010101
731,5689,0.8625,0.064178125,0.8427538850740873,0.0,6108.522727272727
732,3697,0.3625,0.153125,0.9116251054089869,0.0,6098.088842975207
733,5697,0.8625,0.121875,0.884001927478617,0.0,6098.088842975207
734,4586,0.6125,0.2966375,0.7775207806288399,0.13793103448275862,6091.929292929293
735,1231,0.0625,0.3125,0.6023370678231538,0.13793103448275862,6081.828282828283
736,4659,0.6125,0.075490625,0.8183471870858932,0.13793103448275862,6078.777777777777
737,17925,0.3625,0.080703125,0.8960125286110107,0.0,6069.26652892562
738,4116,0.375,0.262071875,0.9472834598241175,0.13793103448275862,6066.656565656565
739,21981,0.6487499999999999,0.15718125,0.9926876279966268,0.0,6049.535123966943
740,4573,0.6125,0.32720625000000003,0.6958065293338151,0.13793103448275862,6049.484848484848
741,3922,0.375,0.309375,0.7059462715335502,0.0,6044.4731404958675
742,16021,0.8625,0.3368625,0.7671364895795687,0.13793103448275862,6039.404040404041
743,4774,0.625,0.153125,0.9338392964703047,0.0,6039.30785123967
744,4563,0.6125,0.3421875,0.7468979641007107,0.13793103448275862,6037.383838383838
745,5539,0.8625,0.264246875,0.8236477532827369,0.0,6034.039256198347
746,3975,0.375,0.21875,0.7725695699313335,0.0,6031.9731404958675
747,5823,0.875,0.090625,0.8367546078785688,0.0,6031.9731404958675
748,22605,0.8625,0.22748749999999998,0.984652451511866,0.13793103448275862,6031.323232323232
749,21184,0.14875750000000001,0.235340625,0.9782194916275146,0.13793103448275862,6025.262626262626
750,21208,0.375,0.24623750000000003,0.9547885796891941,0.13793103448275862,6013.141414141414
751,7889,0.3625,0.3453125,0.6754101915431876,0.0,5999.018595041322
752,20608,0.5888,0.135309375,0.9771111914227201,0.0,5991.787190082645
753,959,0.875,0.015625,0.6023370678231538,0.0,5990.650826446281
754,23826,0.375,0.20561249999999998,0.9844837971328756,0.13793103448275862,5972.717171717171
755,1265,0.3125,0.34375,0.6023370678231538,0.13793103448275862,5968.69696969697
756,4826,0.625,0.075490625,0.8183471870858932,0.13793103448275862,5956.575757575758
757,2143,0.75,0.0,0.62643055053608,0.0,5948.398760330579
758,6240,0.875,0.1875,0.979604866883508,0.0,5938.068181818182
759,2041,1.0,0.140625,0.6023370678231538,0.0,5937.964876033057
760,18576,0.125,0.2899875,0.8984941573304421,0.0,5937.964876033057
761,21936,0.625,0.14628125,0.9737742440669798,0.0,5935.898760330579
762,23833,0.375,0.2024875,0.9975906517287073,0.0,5933.9359504132235
763,2783,0.125,0.064178125,0.8427538850740873,0.0,5933.832644628099
764,21904,0.5888,0.157184375,0.9926876279966268,0.0,5927.737603305785
765,23109,0.3625,0.168203125,0.9972292494880134,0.13793103448275862,5922.232323232323
766,15839,0.2913375,0.32598125,0.7887724370557764,0.13793103448275862,5905.040404040404
767,23849,0.5888125,0.191625,0.9997229249488012,0.13793103448275862,5903.020202020202
768,3165,0.125,0.25,0.8618600168654379,0.0,5898.7086776859505
769,5117,0.625,0.33147187499999997,0.7863028550777015,0.13793103448275862,5894.959595959596
770,17329,0.6125,0.29628125,0.8708709794000722,0.13793103448275862,5893.929292929293
771,4921,0.625,0.3421875,0.7468979641007107,0.13793103448275862,5891.929292929293
772,2782,0.125,0.070790625,0.8357908685700518,0.13793103448275862,5888.89898989899
773,22587,0.8151375,0.22125625,0.9767256956993133,0.13793103448275862,5877.767676767677
774,8717,0.625,0.38775,0.7775207806288399,0.13793103448275862,5871.707070707071
775,5414,0.8625,0.09375,0.7718949524153716,0.13793103448275862,5870.69696969697
776,23761,0.125,0.18690625,1.0,0.0,5863.584710743801
777,8877,0.6125,0.38775,0.7775207806288399,0.13793103448275862,5862.616161616162
778,4421,0.6125,0.125,0.8186844958438743,0.13793103448275862,5855.565656565656
779,4605,0.6125,0.278125,0.9014576557041319,0.0,5853.254132231405
780,5473,0.8625,0.184375,0.7276641368509817,0.13793103448275862,5850.515151515152
781,3070,0.125,0.07625937499999999,0.7658836284784966,0.0,5843.956611570248
782,4133,0.375,0.1381875,0.9796651005902903,0.0,5841.890495867769
783,5431,0.8625,0.121875,0.842561137212384,0.13793103448275862,5839.383838383838
784,5497,0.8625,0.215625,0.7000216841344417,0.0,5832.592975206611
785,7110,0.1125,0.403125,0.62643055053608,0.0,5828.460743801653
786,5241,0.625,0.3125,0.8084809059149499,0.13793103448275862,5815.141414141414
787,1052,0.125,0.125,0.6023370678231538,0.0,5814.101239669421
788,15983,0.625,0.32128125,0.8038188170099987,0.13793103448275862,5813.141414141414
789,2549,0.1125,0.32720625000000003,0.6958065293338151,0.13793103448275862,5804.030303030303
790,824,0.12499999999999989,0.140625,0.62643055053608,0.13793103448275862,5802.030303030303
791,5639,0.8625,0.10671875,0.8770148174918684,0.0,5796.4359504132235
792,5103,0.625,0.059375,0.6752463558607397,0.13793103448275862,5777.767676767677
793,3980,0.375,0.215625,0.62643055053608,0.13793103448275862,5774.737373737374
794,4325,0.6125,0.33147187499999997,0.7863028550777015,0.13793103448275862,5759.606060606061
795,23911,0.8328749999999999,0.20366875,0.9972292494880134,0.13793103448275862,5745.464646464647
796,6406,0.125,0.371875,0.6508384531984098,0.6206896551724137,5736.0
797,2358,0.1125,0.059375,0.6996542585230695,0.0,5735.485537190083
798,5460,0.8625,0.15625,0.7490784242862305,0.13793103448275862,5732.333333333333
799,4248,0.6125,0.2045125,0.9166606432959884,0.13793103448275862,5731.30303030303
800,12472,0.6125,0.684375,0.6508384531984098,0.9655172413793103,5729.62962962963
801,2273,0.1125,0.25,0.9282857487049753,0.13793103448275862,5729.30303030303
802,2392,0.1125,0.121875,0.7615106613661005,0.0,5728.357438016529
803,2258,0.1125,0.240546875,0.9451270931213106,0.13793103448275862,5726.272727272727
804,23839,0.582875,0.20366875,0.9972292494880134,0.13793103448275862,5724.252525252526
805,2147,0.0,0.0,0.62643055053608,0.0,5719.989669421488
806,6025,0.875,0.1875,0.803589928924226,0.0,5716.993801652892
807,9898,0.8625,0.35309375,0.7470545717383447,0.13793103448275862,5704.050505050505
808,4601,0.6125,0.252184375,0.8525719792796047,0.0,5691.167355371901
809,21215,0.3987625,0.235340625,0.9658474882544271,0.13793103448275862,5687.888888888889
810,3657,0.3625,0.0625,0.7469943380315623,0.13793103448275862,5681.828282828283
811,4327,0.6125,0.32008749999999997,0.822816528129141,0.13793103448275862,5672.717171717171
812,5844,0.875,0.059375,0.7448066498012287,0.13793103448275862,5663.626262626262
813,5831,0.875,0.0625,0.8320322852668354,0.13793103448275862,5639.404040404041
814,15912,0.5887125,0.322884375,0.7987832791229972,0.13793103448275862,5625.242424242424
815,3002,0.125,0.184375,0.6517383447777376,0.0,5623.915289256199
816,6681,0.125,0.35934374999999996,0.7463052644259728,0.0,5619.783057851239
817,2893,0.125,0.3390625,0.7157583423683893,0.13793103448275862,5618.171717171717
818,4607,0.6125,0.246875,0.9027707505119864,0.0,5612.6549586776855
819,19911,0.375,0.2712375,0.9201421515480062,0.13793103448275862,5612.111111111111
820,16031,0.6448750000000001,0.319459375,0.8246837730393927,0.0,5611.518595041322
821,21221,0.6125,0.24623750000000003,0.9547885796891941,0.13793103448275862,5611.121212121212
822,16020,0.8625,0.31815625000000003,0.828538730273461,0.0,5609.452479338843
823,18616,0.375,0.2899875,0.8847729189254305,0.0,5602.221074380165
824,3970,0.375,0.21875,0.650786652210577,0.0,5597.159090909091
825,2282,0.1125,0.30108437499999996,0.8357908685700518,0.13793103448275862,5595.969696969697
826,807,0.25,0.15625,0.62643055053608,0.13793103448275862,5588.878787878788
827,9447,0.875,0.366625,0.7092350319238645,0.13793103448275862,5582.838383838384
828,1255,0.625,0.328125,0.6023370678231538,0.0,5582.592975206611
829,5950,0.875,0.2861,0.7859414528370076,0.13793103448275862,5567.666666666667
830,4383,0.6125,0.059375,0.7240621611853992,0.0,5562.035123966943
831,15998,0.7913375,0.32598125,0.7887724370557764,0.13793103448275862,5558.575757575758
832,4988,0.625,0.21875,0.796928080954102,0.13793103448275862,5548.49494949495
833,4836,0.625,0.059375,0.8297072641850378,0.0,5515.547520661157
834,11464,0.3625,0.684375,0.6508384531984098,0.9655172413793103,5503.7037037037035
835,849,0.4375,0.109375,0.62643055053608,0.13793103448275862,5503.040404040404
836,971,0.6875,0.03125,0.6023370678231538,0.13793103448275862,5498.979797979798
837,12642,0.6125,0.934375,0.7059462715335502,0.13793103448275862,5495.969696969697
838,3911,0.375,0.31775625,0.7092350319238645,0.13793103448275862,5493.929292929293
839,5989,0.875,0.246875,0.8461510661366101,0.13793103448275862,5480.79797979798
840,3858,0.375,0.22749999999999998,0.8973135766775088,0.13793103448275862,5474.757575757576
841,15928,0.4146375,0.32075624999999997,0.8054451270931212,0.13793103448275862,5469.686868686868
842,21242,0.375,0.24623750000000003,0.9673292374412721,0.13793103448275862,5460.616161616162
843,4676,0.6125,0.090625,0.9023370678231537,0.0,5450.464876033057
844,23242,0.8625,0.16503125000000002,0.9840380677026864,0.0,5447.262396694215
845,3270,0.3625,0.240546875,0.9451270931213106,0.13793103448275862,5446.454545454545
846,2813,0.125,0.038275312500000006,0.762462353933261,0.13793103448275862,5442.414141414141
847,1224,0.5625,0.296875,0.6023370678231538,0.0,5437.964876033057
848,3909,0.375,0.3421875,0.7468979641007107,0.13793103448275862,5435.343434343435
849,3554,0.3625,0.3421875,0.6565474039272376,0.13793103448275862,5429.30303030303
850,21842,0.3388,0.157184375,0.9926876279966268,0.0,5427.634297520661
851,14200,0.875,0.6875,0.62643055053608,0.48275862068965514,5426.666666666667
852,1024,0.25,0.09375,0.6023370678231538,0.0,5424.638429752066
853,1032,0.75,0.09375,0.6023370678231538,0.0,5423.605371900827
854,8149,0.3625,0.35646875,0.6778038790507167,0.13793103448275862,5419.181818181818
855,3151,0.125,0.28125,0.8804722322611732,0.13793103448275862,5419.181818181818
856,23846,0.398725,0.20093125,0.99802433441754,0.13793103448275862,5410.090909090909
857,907,0.5625,0.046875,0.62643055053608,0.0,5409.039256198347
858,21801,0.19621625,0.154065625,0.9788218286953378,0.13793103448275862,5394.939393939394
859,4051,0.375,0.125,0.8186844958438743,0.13793103448275862,5389.888888888889
860,5147,0.625,0.12385312499999998,0.9653294783760993,0.0,5388.481404958678
861,960,0.9375,0.015625,0.6023370678231538,0.0,5386.311983471074
862,683,0.5,0.28125,0.62643055053608,0.13793103448275862,5377.767676767677
863,4880,0.625,0.27164062499999997,0.8892302132273219,0.13793103448275862,5376.757575757576
864,16023,0.625,0.32128125,0.8192145524635586,0.0,5353.254132231405
865,17261,0.12499999999999992,0.29940625,0.8635586073966991,0.0,5344.059917355372
866,5682,0.8625,0.07058125,0.8589928924225997,0.13793103448275862,5343.444444444444
867,4349,0.6125,0.16744375,0.9969883146608842,0.0,5333.626033057852
868,23216,0.83285,0.18179375,0.9877966510059029,0.13793103448275862,5330.313131313132
869,663,0.8125,0.296875,0.62643055053608,0.0,5326.394628099173
870,20680,0.8388,0.135309375,0.9771111914227201,0.0,5323.295454545455
871,4211,0.375,0.20273750000000001,0.9854234429586796,0.0,5321.229338842975
872,2480,0.1125,0.21875,0.8699915672810504,0.13793103448275862,5309.10101010101
873,5936,0.875,0.3125,0.7240621611853992,0.13793103448275862,5308.070707070707
874,860,0.6875,0.09375,0.62643055053608,0.13793103448275862,5305.040404040404
875,10000,0.8625,0.625,0.62643055053608,0.0,5304.803719008264
876,5393,0.8625,0.059375,0.6752463558607397,0.13793103448275862,5303.040404040404
877,3003,0.125,0.184375,0.8795084929526562,0.0,5299.535123966943
878,6428,0.125,0.40625,0.7718949524153716,0.13793103448275862,5297.989898989899
879,4584,0.6125,0.309375,0.7682568365257197,0.0,5289.204545454545
880,20650,0.8625,0.12128125000000001,0.9497048548367667,0.13793103448275862,5282.838383838384
881,2843,0.125,0.113090625,0.8441633538127936,0.13793103448275862,5279.787878787879
882,901,0.9375,0.046875,0.62643055053608,0.0,5273.811983471074
883,23829,0.6125,0.2024875,0.9975906517287073,0.13793103448275862,5272.717171717171
884,15321,0.3625,0.34943749999999996,0.7741838332730996,0.13793103448275862,5259.606060606061
885,3113,0.125,0.197040625,0.9989157932779182,0.13793103448275862,5259.585858585859
886,805,0.375,0.15625,0.62643055053608,0.13793103448275862,5253.525252525253
887,3943,0.375,0.278125,0.655524635586074,0.0,5247.8822314049585
888,23757,0.3625,0.18690625,1.0,0.13793103448275862,5240.414141414141
889,3449,0.3625,0.184375,0.7276641368509817,0.13793103448275862,5235.363636363636
890,2753,0.125,0.13343750000000001,0.9629442235875195,0.13793103448275862,5232.333333333333
891,2860,0.125,0.252184375,0.8525719792796047,0.0,5231.353305785124
892,4112,0.375,0.2890625,0.9004216359474762,0.0,5229.287190082645
893,5968,0.875,0.278125,0.8009998795325863,0.0,5227.324380165289
894,7121,0.1125,0.3935,0.7761354053728465,0.13793103448275862,5224.232323232323
895,17997,0.6125,0.080703125,0.8960125286110107,0.13793103448275862,5223.242424242424
896,17975,0.40458750000000004,0.079471875,0.8795687266594386,0.13793103448275862,5222.232323232323
897,23189,0.6125,0.1837375,0.9999638597759306,0.13793103448275862,5221.20202020202
898,5344,0.8625,0.2890625,0.9004216359474762,0.13793103448275862,5220.212121212121
899,2975,0.125,0.215625,0.7000216841344417,0.0,5213.894628099173
900,5994,0.875,0.21875,0.650786652210577,0.0,5213.7913223140495
901,3233,0.3625,0.3125,0.7872545476448619,0.13793103448275862,5204.050505050505
902,20615,0.446225,0.132190625,0.9741476930490303,0.13793103448275862,5204.030303030303
903,4429,0.6125,0.125,0.8461510661366101,0.13793103448275862,5191.929292929293
904,3472,0.3625,0.215625,0.6754909047102758,0.13793103448275862,5191.929292929293
905,3640,0.3625,0.059375,0.8297072641850378,0.0,5190.134297520661
906,3432,0.3625,0.15625,0.8471991326346222,0.0,5184.865702479339
907,3100,0.125,0.2890625,0.9004216359474762,0.0,5174.535123966943
908,23879,0.8151375,0.193175,0.9874834357306348,0.13793103448275862,5169.686868686868
909,1044,0.5625,0.109375,0.6023370678231538,0.13793103448275862,5167.686868686868
910,20373,0.375,0.88065625,0.9560293940489097,0.8275862068965517,5163.333333333333
911,5655,0.8625,0.057245937499999996,0.7330092759908444,0.0,5152.944214876033
912,5449,0.8625,0.153125,0.7482110589085652,0.13793103448275862,5151.525252525253
913,2378,0.1125,0.09375,0.7718949524153716,0.0,5150.774793388429
914,3515,0.3625,0.264246875,0.8236477532827369,0.13793103448275862,5148.474747474747
915,23909,0.654725,0.20366875,0.9972292494880134,0.13793103448275862,5147.484848484848
916,828,0.8125,0.125,0.62643055053608,0.0,5145.712809917355
917,8150,0.3625,0.36146875,0.6938103842910492,0.13793103448275862,5142.414141414141
918,18050,0.832775,0.0942875,0.909131429948199,0.13793103448275862,5141.424242424242
919,1225,0.625,0.296875,0.6023370678231538,0.0,5140.444214876033
920,5435,0.8625,0.125,0.763763401999759,0.13793103448275862,5138.393939393939
921,21787,0.15475,0.15991875,0.9818817009998795,0.13793103448275862,5134.333333333333
922,13651,0.8625,0.934375,0.7324515118660402,0.8275862068965517,5133.333333333333
923,5966,0.875,0.278125,0.6846187206360679,0.13793103448275862,5130.292929292929
924,3955,0.375,0.25,0.8155402963498374,0.13793103448275862,5124.252525252526
925,4015,0.375,0.184375,0.8795084929526562,0.0,5123.915289256199
926,4221,0.375,0.19389375,0.8910372244307915,0.0,5118.853305785124
927,5880,0.875,0.24041562500000002,0.930333694735574,0.0,5115.754132231405
928,8882,0.6125,0.365625,0.7455559571136007,0.13793103448275862,5115.141414141414
929,5336,0.8625,0.336915625,0.7669437417178653,0.13793103448275862,5097.969696969697
930,22475,0.172465,0.22125,0.9889410914347668,0.13793103448275862,5092.919191919192
931,21885,0.6125,0.1618625,0.9948801349235032,0.13793103448275862,5087.868686868687
932,21169,0.12499999999999992,0.23378125,0.979580773400795,0.13793103448275862,5083.848484848485
933,3335,0.3625,0.182234375,0.9998795325864354,0.13793103448275862,5083.828282828283
934,2469,0.1125,0.215625,0.62643055053608,0.0,5073.398760330579
935,2695,0.1125,0.153125,0.8893988676063125,0.13793103448275862,5072.717171717171
936,4200,0.375,0.207015625,0.9241055294542827,0.13793103448275862,5067.686868686868
937,5393,0.8625,0.059375,0.6752463558607397,0.0,5061.931818181818
938,5141,0.625,0.16744375,0.9969883146608842,0.0,5061.931818181818
939,18002,0.375,0.08065625,0.8959161546801591,0.0,5054.803719008264
940,2719,0.125,0.184375,0.9657872545476448,0.0,5047.469008264463
941,4089,0.375,0.059375,0.62643055053608,0.27586206896551724,5045.833333333333
942,4077,0.375,0.090625,0.6545717383447777,0.0,5044.4731404958675
943,10892,0.125,0.6875,0.7682568365257197,0.8275862068965517,5043.333333333333
944,10140,0.8625,0.434375,0.6534465727020841,0.13793103448275862,5038.393939393939
945,5289,0.8625,0.2384375,0.9629442235875195,0.13793103448275862,5036.373737373738
946,859,0.75,0.09375,0.62643055053608,0.0,5035.072314049587
947,5506,0.8625,0.21875,0.8456330562582821,0.0,5034.142561983471
948,3092,0.125,0.336915625,0.7669437417178653,0.0,5028.977272727273
949,5094,0.625,0.07625937499999999,0.7658836284784966,0.13793103448275862,5026.272727272727
950,9698,0.875,0.3491875,0.6691205878809782,0.13793103448275862,5025.242424242424
951,4904,0.625,0.332953125,0.7352017829177208,0.0,5023.811983471074
952,3506,0.3625,0.25,0.7885315022286471,0.13793103448275862,5021.222222222223
953,2854,0.125,0.246875,0.9027707505119864,0.0,5020.609504132231
954,3418,0.3625,0.13194999999999998,0.8534513913986266,0.13793103448275862,5020.19191919192
955,3360,0.3625,0.0296875,0.716781110709553,0.13793103448275862,5014.151515151515
956,5370,0.8625,0.10290625,0.9368871220334899,0.13793103448275862,5010.090909090909
957,19380,0.6547875000000001,0.11616562500000001,0.955957113600771,0.13793103448275862,5004.050505050505
958,2490,0.1125,0.246875,0.8186844958438743,0.13793103448275862,5002.010101010101
959,6454,0.125,0.4375,0.62643055053608,0.13793103448275862,4997.969696969697
960,4543,0.6125,0.2861,0.7859414528370076,0.13793103448275862,4995.969696969697
961,5053,0.625,0.13194999999999998,0.8534513913986266,0.13793103448275862,4989.909090909091
962,3209,0.125,0.19389375,0.8910372244307915,0.0,4988.688016528926
963,2365,0.1125,0.0625,0.7324515118660402,0.27586206896551724,4987.5
964,5211,0.625,0.21131875,0.908167690639682,0.0,4981.353305785124
965,7090,0.1125,0.4375,0.62643055053608,0.13793103448275862,4979.787878787879
966,3040,0.125,0.125,0.62643055053608,0.0,4979.390495867769
967,21967,0.8328375000000001,0.1451,0.9851825081315504,0.0,4976.2913223140495
968,4113,0.375,0.28247187500000004,0.9134441633538127,0.13793103448275862,4974.737373737374
969,4684,0.6125,0.11517812499999999,0.9419226599204914,0.13793103448275862,4969.707070707071
970,9149,0.6125,0.3935,0.7761354053728465,0.13793103448275862,4965.666666666667
971,17415,0.8625,0.299453125,0.8634501867244909,0.13793103448275862,4962.616161616162
972,6047,0.875,0.15625,0.7245512588844717,0.13793103448275862,4956.575757575758
973,7433,0.375,0.3935,0.7761354053728465,0.13793103448275862,4956.575757575758
974,1246,0.0625,0.328125,0.6023370678231538,0.0,4951.497933884298
975,5565,0.8625,0.3125,0.6996542585230695,0.13793103448275862,4950.515151515152
976,810,0.0625,0.15625,0.62643055053608,0.13793103448275862,4927.282828282829
977,8125,0.3625,0.403125,0.7671364895795687,0.13793103448275862,4926.252525252526
978,17898,0.184485,0.092346875,0.9055776412480423,0.13793103448275862,4925.262626262626
979,11752,0.3625,0.6875,0.7682568365257197,0.8275862068965517,4923.333333333333
980,864,0.4375,0.09375,0.62643055053608,0.13793103448275862,4921.222222222223
981,20559,0.375,0.1399875,0.9688591735935429,0.13793103448275862,4919.181818181818
982,6237,0.875,0.1875,0.9135766775087338,0.0,4915.237603305785
983,9699,0.875,0.353125,0.6826466690760149,0.0,4915.237603305785
984,8447,0.625,0.3935,0.7761354053728465,0.13793103448275862,4911.121212121212
985,20631,0.625,0.1399875,0.9688591735935429,0.13793103448275862,4909.080808080808
986,7892,0.3625,0.353125,0.6826466690760149,0.0,4896.642561983471
987,5267,0.8625,0.19389375,0.8910372244307915,0.0,4889.514462809917
988,20604,0.5414875,0.129096875,0.9710396337790627,0.13793103448275862,4888.89898989899
989,2641,0.1125,0.0625,0.8320322852668354,0.0,4888.481404958678
990,4707,0.6125,0.139959375,0.96883508011083,0.0,4884.349173553719
991,23191,0.5828249999999999,0.166978125,0.9968317070232502,0.13793103448275862,4877.787878787879
992,3178,0.125,0.240546875,0.9451270931213106,0.13793103448275862,4873.747474747474
993,632,0.875,0.328125,0.62643055053608,0.0,4872.985537190083
994,3892,0.375,0.332953125,0.7352017829177208,0.0,4866.787190082645
995,1066,0.0625,0.140625,0.6023370678231538,0.0,4865.754132231405
996,19294,0.6125,0.09940625,0.9312251535959523,0.13793103448275862,4865.666666666667
997,1098,0.1875,0.171875,0.6023370678231538,0.13793103448275862,4863.646464646465
998,21798,0.125,0.1587375,0.9813155041561258,0.13793103448275862,4861.626262626262
999,2688,0.1125,0.153125,0.978279725334297,0.0,4860.485537190083
1000,5862,0.875,0.0328125,0.6552355137935189,0.13793103448275862,4858.595959595959
1001,11632,0.3625,0.934375,0.65293579086857,0.13793103448275862,4858.595959595959
1002,2237,0.1125,0.196271875,0.9870015660763762,0.0,4844.059917355372
1003,6399,0.125,0.3421875,0.7468979641007107,0.13793103448275862,4842.414141414141
1004,23858,0.4046875,0.188853125,0.9999277195518612,0.0,4826.394628099173
1005,7671,0.375,0.353125,0.6826466690760149,0.0,4822.262396694215
1006,741,0.625,0.21875,0.62643055053608,0.13793103448275862,4816.171717171717
1007,4681,0.6125,0.090625,0.8148897723165883,0.0,4813.068181818182
1008,8426,0.625,0.3421875,0.716781110709553,0.13793103448275862,4799.989898989899
1009,4819,0.625,0.0625,0.8320322852668354,0.0,4797.469008264463
1010,23734,0.17246875,0.19314375,0.9874954824719914,0.13793103448275862,4796.959595959596
1011,1254,0.5625,0.328125,0.6023370678231538,0.0,4793.440082644628
1012,3284,0.3625,0.25,0.9504276593181543,0.13793103448275862,4789.909090909091
1013,4013,0.375,0.184375,0.6770473436935309,0.13793103448275862,4785.848484848485
1014,8906,0.6125,0.353125,0.6826466690760149,0.0,4785.072314049587
1015,18645,0.6125,0.2931125,0.8918564028430309,0.13793103448275862,4783.848484848485
1016,4163,0.375,0.28125,0.8804722322611732,0.13793103448275862,4782.818181818182
1017,19963,0.398775,0.257215625,0.953981448018311,0.13793103448275862,4774.757575757576
1018,2853,0.125,0.246875,0.8807252138296592,0.13793103448275862,4774.757575757576
1019,4350,0.6125,0.16007812500000002,0.9940850499939766,0.13793103448275862,4771.727272727273
1020,9460,0.875,0.38875000000000004,0.7658836284784966,0.13793103448275862,4769.686868686868
1021,5378,0.8625,0.051786874999999996,0.822816528129141,0.13793103448275862,4768.69696969697
1022,6576,0.125,0.621875,0.7059462715335502,0.13793103448275862,4768.676767676768
1023,2357,0.1125,0.059375,0.6752463558607397,0.13793103448275862,4767.686868686868
1024,3010,0.125,0.15625,0.7000216841344417,0.13793103448275862,4764.656565656565
1025,3669,0.3625,0.090625,0.8148897723165883,0.0,4764.411157024793
1026,20011,0.8625,0.25570312500000003,0.9559691603421274,0.13793103448275862,4760.616161616162
1027,2420,0.1125,0.15625,0.8471991326346222,0.0,4757.179752066116
1028,863,0.5,0.09375,0.62643055053608,0.0,4757.179752066116
1029,5969,0.875,0.257165625,0.8335742681604624,0.13793103448275862,4748.49494949495
1030,689,0.12499999999999992,0.28125,0.62643055053608,0.13793103448275862,4741.424242424242
1031,19205,0.12499999999999992,0.10253125,0.9232502108179736,0.13793103448275862,4730.313131313132
1032,13480,0.8625,0.684375,0.6508384531984098,0.6896551724137931,4725.490196078431
1033,23844,0.3987375,0.1915875,0.9997229249488012,0.0,4724.121900826446
1034,4658,0.6125,0.0819875,0.8115046379954222,0.0,4723.088842975207
1035,22530,0.375,0.20878125,0.9832791229972292,0.0,4722.159090909091
1036,2754,0.125,0.139959375,0.96883508011083,0.0,4716.890495867769
1037,2852,0.125,0.246875,0.8586917238886881,0.13793103448275862,4713.121212121212
1038,7468,0.375,0.4375,0.62643055053608,0.13793103448275862,4711.121212121212
1039,4052,0.375,0.125,0.62643055053608,0.0,4710.69214876033
1040,4635,0.6125,0.0328125,0.6552355137935189,0.13793103448275862,4704.050505050505
1041,5230,0.625,0.206659375,0.8878448379713287,0.0,4701.497933884298
1042,5724,0.8625,0.153125,0.978279725334297,0.13793103448275862,4698.979797979798
1043,13196,0.625,0.684375,0.6508384531984098,0.9655172413793103,4696.2962962962965
1044,2787,0.125,0.090625,0.8367546078785688,0.0,4693.130165289256
1045,6579,0.125,0.625,0.6996542585230695,0.13793103448275862,4687.868686868687
1046,21127,0.3625,0.233828125,0.9671967232863511,0.0,4683.9359504132235
1047,5443,0.8625,0.138959375,0.8598602578002649,0.0,4680.836776859504
1048,2935,0.125,0.264246875,0.8236477532827369,0.13793103448275862,4679.80808080808
1049,5424,0.8625,0.121875,0.6534465727020841,0.13793103448275862,4678.777777777777
1050,21825,0.1546575,0.1451,0.9851825081315504,0.0,4678.770661157025
1051,4493,0.6125,0.215625,0.62643055053608,0.0,4674.535123966943
1052,4793,0.625,0.108721875,0.8866401638356823,0.13793103448275862,4668.676767676768
1053,5942,0.875,0.3125,0.6752463558607397,0.0,4651.911157024793
1054,3743,0.375,0.15625,0.9722684013974219,0.13793103448275862,4646.474747474747
1055,8453,0.625,0.403125,0.7671364895795687,0.13793103448275862,4635.343434343435
1056,2264,0.1125,0.21875,0.8893988676063125,0.0,4628.150826446281
1057,20494,0.33282500000000004,0.138040625,0.9671846765449945,0.0,4628.047520661157
1058,2880,0.125,0.332953125,0.7352017829177208,0.0,4625.051652892562
1059,20530,0.14875875,0.13530625000000002,0.9770991446813637,0.0,4622.985537190083
1060,4210,0.375,0.196271875,0.9870015660763762,0.0,4614.721074380165
1061,6123,0.875,0.05412,0.7092350319238645,0.13793103448275862,4605.060606060606
1062,1229,0.875,0.296875,0.6023370678231538,0.0,4604.390495867769
1063,20498,0.19617374999999998,0.129075,0.958535116251054,0.13793103448275862,4593.929292929293
1064,4756,0.625,0.15625,0.8838935068064088,0.0,4593.0268595041325
1065,2434,0.1125,0.184375,0.6517383447777376,0.0,4591.890495867769
1066,3845,0.375,0.10671875,0.8770148174918684,0.0,4588.894628099173
1067,6055,0.875,0.153125,0.8456330562582821,0.0,4588.7913223140495
1068,5607,0.8625,0.278125,0.8578604987350921,0.13793103448275862,4587.888888888889
1069,4288,0.6125,0.21875,0.8893988676063125,0.0,4587.75826446281
1070,19295,0.375,0.1181125,0.9584507890615589,0.13793103448275862,4572.717171717171
1071,21185,0.33290000000000003,0.24742187499999999,0.9660040958920612,0.13793103448275862,4561.626262626262
1072,4686,0.6125,0.121875,0.906143838091796,0.13793103448275862,4560.595959595959
1073,19254,0.2915,0.107221875,0.9435128297795445,0.13793103448275862,4557.565656565656
1074,2894,0.125,0.3421875,0.6565474039272376,0.13793103448275862,4556.575757575758
1075,15980,0.6963125,0.325959375,0.7888447175039152,0.13793103448275862,4542.414141414141
1076,2433,0.1125,0.17732187500000002,0.8788820624021202,0.13793103448275862,4541.404040404041
1077,1006,0.0625,0.078125,0.6023370678231538,0.0,4538.274793388429
1078,21811,0.3625,0.1587375,0.9934586194434405,0.0,4533.006198347108
1079,6075,0.875,0.125,0.8186844958438743,0.13793103448275862,4531.30303030303
1080,15407,0.375,0.34940625000000003,0.7740151788941092,0.13793103448275862,4530.292929292929
1081,4988,0.625,0.21875,0.796928080954102,0.0,4520.609504132231
1082,4348,0.6125,0.17483437500000001,0.9989157932779182,0.13793103448275862,4518.19191919192
1083,8482,0.625,0.4375,0.62643055053608,0.13793103448275862,4511.121212121212
1084,23205,0.3987375,0.17905625,0.9995904107938802,0.13793103448275862,4509.080808080808
1085,3382,0.3625,0.085775,0.7859414528370076,0.0,4506.146694214876
1086,5243,0.625,0.17570625,0.9265992049150704,0.13793103448275862,4506.050505050505
1087,5496,0.8625,0.215625,0.6754909047102758,0.0,4498.915289256199
1088,15946,0.572875,0.32075624999999997,0.8208047223226117,0.13793103448275862,4497.969696969697
1089,4803,0.625,0.11517812499999999,0.9419226599204914,0.13793103448275862,4484.838383838384
1090,642,0.25,0.328125,0.62643055053608,0.0,4483.522727272727
1091,20519,0.125,0.1399875,0.981195036742561,0.0,4483.419421487603
1092,2897,0.125,0.3421875,0.7468979641007107,0.13793103448275862,4482.838383838384
1093,10628,0.1125,0.934375,0.62643055053608,0.6896551724137931,4478.431372549019
1094,3240,0.3625,0.21301874999999998,0.8851825081315503,0.13793103448275862,4476.777777777777
1095,8684,0.625,0.3491875,0.6691205878809782,0.13793103448275862,4469.707070707071
1096,12184,0.375,0.6875,0.62643055053608,0.48275862068965514,4463.333333333333
1097,20509,0.15463875,0.123225,0.9520178291772076,0.0,4457.592975206611
1098,1167,0.75,0.234375,0.6023370678231538,0.13793103448275862,4452.515151515152
1099,3171,0.125,0.26331875,0.9325864353692326,0.0,4452.427685950413
1100,19198,0.3328,0.11616562500000001,0.943235754728346,0.13793103448275862,4451.50505050505
1101,21776,0.3388375,0.147875,0.9749066377544873,0.0,4451.394628099173
1102,2676,0.1125,0.131390625,0.8653294783760993,0.0,4444.163223140496
1103,12020,0.375,0.934375,0.65293579086857,0.13793103448275862,4441.404040404041
1104,4733,0.6125,0.15625,0.8838935068064088,0.0,4438.997933884298
1105,2213,0.1125,0.126028125,0.8534754848813396,0.0,4428.770661157025
1106,9892,0.8625,0.3813125,0.7626671485363209,0.13793103448275862,4427.282828282829
1107,18571,0.3625,0.2899875,0.8984941573304421,0.0,4419.369834710744
1108,5944,0.875,0.3125,0.62643055053608,0.48275862068965514,4416.666666666667
1109,4485,0.6125,0.215625,0.7000216841344417,0.13793103448275862,4411.121212121212
1110,2069,1.0,0.296875,0.62643055053608,0.13793103448275862,4406.070707070707
1111,19258,0.5887875,0.11343125000000001,0.9395494518732683,0.0,4403.873966942148
1112,17899,0.1548125,0.0942875,0.909131429948199,0.13793103448275862,4395.949494949495
1113,5222,0.625,0.196271875,0.9870015660763762,0.0,4395.712809917355
1114,4245,0.6125,0.3125,0.7872545476448619,0.13793103448275862,4394.959595959596
1115,20564,0.4699375,0.130634375,0.9601493795928201,0.13793103448275862,4393.929292929293
1116,4755,0.625,0.15625,0.9722684013974219,0.13793103448275862,4390.919191919192
1117,6246,0.875,0.191753125,0.9638718226719671,0.13793103448275862,4385.868686868687
1118,3312,0.3625,0.336915625,0.7669437417178653,0.0,4381.25
1119,2315,0.1125,0.2408875,0.9729671123960967,0.0,4374.018595041322
1120,11176,0.125,0.6875,0.62643055053608,0.13793103448275862,4367.666666666667
1121,3511,0.3625,0.25,0.6534465727020841,0.13793103448275862,4366.676767676768
1122,6242,0.875,0.206659375,0.8878448379713287,0.0,4360.485537190083
1123,4145,0.375,0.0577125,0.8399349475966751,0.13793103448275862,4349.50505050505
1124,4084,0.375,0.085775,0.7859414528370076,0.0,4348.088842975207
1125,8129,0.3625,0.403125,0.6545717383447777,0.0,4346.126033057852
1126,21293,0.8625,0.24623750000000003,0.9547885796891941,0.13793103448275862,4345.464646464647
1127,629,0.12500000000000006,0.34375,0.62643055053608,0.13793103448275862,4340.414141414141
1128,3077,0.125,0.059375,0.62643055053608,0.27586206896551724,4333.333333333333
1129,633,0.8125,0.328125,0.62643055053608,0.0,4330.5268595041325
1130,8610,0.625,0.625,0.62643055053608,0.0,4328.460743801653
1131,23203,0.398725,0.1697125,0.9976749789182027,0.13793103448275862,4328.292929292929
1132,3911,0.375,0.31775625,0.7092350319238645,0.0,4325.464876033057
1133,2335,0.1125,0.096103125,0.9256113721238406,0.0,4321.229338842975
1134,6871,0.1125,0.36974999999999997,0.7330092759908444,0.0,4308.9359504132235
1135,4643,0.6125,0.057245937499999996,0.7330092759908444,0.0,4302.634297520661
1136,11176,0.125,0.6875,0.62643055053608,0.48275862068965514,4296.666666666667
1137,4541,0.6125,0.28125,0.62643055053608,0.0,4294.369834710744
1138,1076,0.6875,0.140625,0.6023370678231538,0.0,4290.340909090909
1139,17308,0.33875,0.30100625000000003,0.873906758221901,0.13793103448275862,4285.868686868687
1140,1969,0.0,0.0,0.6023370678231538,0.13793103448275862,4284.858585858586
1141,11472,0.3625,0.6875,0.62643055053608,0.48275862068965514,4283.333333333333
1142,4002,0.375,0.1875,0.8289001325141548,0.13793103448275862,4281.80808080808
1143,23854,0.5651375,0.19938125,0.9984098301409469,0.13793103448275862,4279.80808080808
1144,19222,0.3625,0.09940625,0.9312251535959523,0.13793103448275862,4277.767676767677
1145,4054,0.375,0.121875,0.8155402963498374,0.0,4275.878099173554
1146,3350,0.3625,0.07634375,0.8865317431634743,0.0,4275.774793388429
1147,6224,0.875,0.207015625,0.9241055294542827,0.0,4271.745867768595
1148,23916,0.6487375,0.1915875,0.9997229249488012,0.0,4259.245867768595
1149,4107,0.375,0.32008749999999997,0.822816528129141,0.0,4255.113636363636
1150,5584,0.8625,0.32309062499999996,0.7085905312612938,0.13793103448275862,4246.474747474747
1151,13193,0.625,0.684375,0.62643055053608,0.0,4243.853305785124
1152,681,0.625,0.28125,0.62643055053608,0.13793103448275862,4240.414141414141
1153,2248,0.1125,0.207015625,0.9241055294542827,0.0,4230.423553719008
1154,2377,0.1125,0.090625,0.62643055053608,0.0,4230.320247933884
1155,6185,0.875,0.28125,0.8367546078785688,0.13793103448275862,4223.222222222223
1156,3117,0.125,0.16744375,0.9969883146608842,0.0,4223.088842975207
1157,6219,0.875,0.24490625000000002,0.9562703288760389,0.13793103448275862,4222.232323232323
1158,4190,0.375,0.240546875,0.9451270931213106,0.0,4214.927685950413
1159,16753,0.8625,0.0743625,0.868027948439947,0.0,4211.725206611571
1160,23140,0.33882500000000004,0.16975,0.997687025659559,0.13793103448275862,4207.060606060606
1161,2228,0.1125,0.21301874999999998,0.8851825081315503,0.13793103448275862,4194.959595959596
1162,23188,0.6125,0.16503125000000002,0.9961450427659317,0.0,4194.26652892562
1163,16030,0.664625,0.32075624999999997,0.8208047223226117,0.13793103448275862,4191.909090909091
1164,737,0.875,0.21875,0.62643055053608,0.13793103448275862,4188.89898989899
1165,12184,0.375,0.6875,0.62643055053608,0.13793103448275862,4186.858585858586
1166,2735,0.125,0.169065625,0.8891097458137575,0.0,4186.002066115702
1167,4526,0.6125,0.257165625,0.8335742681604624,0.13793103448275862,4185.868686868687
1168,6199,0.875,0.25,0.9282857487049753,0.13793103448275862,4177.787878787879
1169,685,0.375,0.28125,0.62643055053608,0.13793103448275862,4176.757575757576
1170,13635,0.8625,0.903125,0.62643055053608,0.6896551724137931,4168.6274509803925
1171,3058,0.125,0.09375,0.7718949524153716,0.0,4165.340909090909
1172,5414,0.8625,0.09375,0.7718949524153716,0.0,4164.204545454545
1173,1957,0.75,0.0,0.6023370678231538,0.27586206896551724,4156.666666666667
1174,10179,0.8625,0.366625,0.7092350319238645,0.27586206896551724,4156.25
1175,6215,0.875,0.2361875,0.9339838573665823,0.27586206896551724,4155.0
1176,4547,0.6125,0.30485937500000004,0.7440320443320082,0.0,4152.840909090909
1177,4161,0.375,0.28125,0.8367546078785688,0.0,4152.840909090909
1178,2724,0.125,0.16485,0.9839657872545476,0.27586206896551724,4151.25
1179,736,0.9375,0.21875,0.62643055053608,0.13793103448275862,4147.464646464647
1180,5745,0.8625,0.15625,0.8838935068064088,0.0,4146.642561983471
1181,5747,0.8625,0.16485,0.9839657872545476,0.27586206896551724,4144.583333333333
1182,18696,0.625,0.27753125,0.9092398506204071,0.0,4143.646694214876
1183,5429,0.8625,0.121875,0.7885315022286471,0.0,4141.477272727273
1184,18630,0.6125,0.277578125,0.9091555234309118,0.0,4140.547520661157
1185,3216,0.125,0.3125,0.7872545476448619,0.13793103448275862,4140.393939393939
1186,2812,0.125,0.059375,0.8297072641850378,0.13793103448275862,4138.393939393939
1187,5330,0.8625,0.31689375000000003,0.817094325984821,0.0,4134.245867768595
1188,19345,0.8625,0.1181125,0.9457655704132031,0.0,4122.985537190083
1189,17279,0.125,0.31498750000000003,0.8376219732562342,0.0,4120.81611570248
1190,4894,0.625,0.28988749999999996,0.8115046379954222,0.0,4112.6549586776855
1191,7411,0.375,0.3421875,0.6866642573183953,0.0,4112.6549586776855
1192,19222,0.3625,0.09940625,0.9312251535959523,0.0,4112.551652892562
1193,3712,0.3625,0.16053125,0.9588001445608962,0.13793103448275862,4092.919191919192
1194,6054,0.875,0.153125,0.62643055053608,0.0,4090.960743801653
1195,11180,0.125,0.684375,0.6508384531984098,0.6896551724137931,4090.1960784313724
1196,8435,0.625,0.371875,0.6752463558607397,0.13793103448275862,4073.747474747475
1197,1075,0.625,0.140625,0.6023370678231538,0.0,4068.130165289256
1198,4705,0.6125,0.125,0.8586917238886881,0.13793103448275862,4066.6767676767677
1199,854,0.125,0.109375,0.62643055053608,0.13793103448275862,4060.59595959596
1200,2999,0.125,0.184375,0.7276641368509817,0.13793103448275862,4057.5656565656564
1201,16655,0.15484625000000002,0.0724125,0.8775448741115528,0.13793103448275862,4050.4949494949497
1202,15889,0.42242499999999994,0.330628125,0.773027346102879,0.13793103448275862,4041.40404040404
1203,2949,0.125,0.246875,0.7362920130104806,0.13793103448275862,4039.40404040404
1204,3842,0.375,0.0487840625,0.7085905312612938,0.0,4037.24173553719
1205,5274,0.8625,0.20273750000000001,0.9854234429586796,0.0,4033.1095041322315
1206,17355,0.58875,0.30100625000000003,0.873906758221901,0.13793103448275862,4031.3232323232323
1207,4632,0.6125,0.04466875,0.6958065293338151,0.0,4022.6756198347107
1208,3267,0.3625,0.22746874999999997,0.9116973858571257,0.0,4015.5475206611573
1209,18624,0.375,0.27753125,0.9092398506204071,0.0,4012.448347107438
1210,4242,0.6125,0.17570625,0.9265992049150704,0.13793103448275862,4003.040404040404
1211,8409,0.625,0.43634375,0.9653294783760993,0.6206896551724137,3999.599999968
1212,5791,0.875,0.146521875,0.9739549451873267,0.0,3995.8161157024792
1213,822,0.25,0.140625,0.62643055053608,0.0,3993.75
1214,4967,0.625,0.25,0.8155402963498374,0.13793103448275862,3992.939393939394
1215,6227,0.875,0.194096875,0.9718949524153715,0.27586206896551724,3992.0833333333335
1216,4670,0.6125,0.07058125,0.8589928924225997,0.0,3988.688016528926
1217,4644,0.6125,0.038275312500000006,0.762462353933261,0.13793103448275862,3982.838383838384
1218,17400,0.625,0.31498750000000003,0.8226478737501505,0.0,3981.456611570248
1219,6065,0.875,0.13194999999999998,0.8534513913986266,0.13793103448275862,3979.808080808081
1220,21882,0.375,0.14315625,0.9714251295024696,0.0,3977.221074380165
1221,3474,0.3625,0.215625,0.7245512588844717,0.13793103448275862,3975.747474747475
1222,23241,0.7914625,0.17285,0.986423322491266,0.13793103448275862,3972.717171717172
1223,2251,0.1125,0.225353125,0.9739549451873267,0.0,3965.960743801653
1224,9438,0.875,0.3421875,0.6565474039272376,0.0,3963.8946280991736
1225,5348,0.8625,0.262071875,0.9472834598241175,0.13793103448275862,3962.6161616161617
1226,8711,0.625,0.371875,0.7448066498012287,0.13793103448275862,3959.5858585858587
1227,12520,0.6125,0.75,0.62643055053608,0.8275862068965517,3956.6666666666665
1228,8148,0.3625,0.3515625,0.6612275629442236,0.13793103448275862,3956.5555555555557
1229,19204,0.14869,0.104084375,0.925731839537405,0.13793103448275862,3955.5656565656564
1230,5175,0.625,0.28125,0.8804722322611732,0.0,3954.5971074380163
1231,644,0.12500000000000017,0.328125,0.62643055053608,0.0,3952.530991735537
1232,18057,0.625,0.0962375,0.9126249849415733,0.13793103448275862,3950.4949494949497
1233,2684,0.1125,0.146521875,0.9739549451873267,0.13793103448275862,3949.4848484848485
1234,3602,0.3625,0.22749999999999998,0.8973135766775088,0.0,3945.1962809917354
1235,19265,0.5828875,0.10135000000000001,0.9213227322009396,0.13793103448275862,3938.373737373737
1236,6073,0.875,0.125,0.763763401999759,0.13793103448275862,3937.3838383838383
1237,5104,0.625,0.059375,0.6508384531984098,0.6206896551724137,3930.0
1238,2908,0.125,0.3125,0.62643055053608,0.3448275862068966,3919.6
1239,9549,0.875,0.51409375,0.8773762197325623,0.6206896551724137,3919.2
1240,4929,0.625,0.3125,0.6508384531984098,0.13793103448275862,3919.181818181818
1241,5101,0.625,0.059375,0.62643055053608,0.6206896551724137,3912.8
1242,4279,0.6125,0.22746874999999997,0.9116973858571257,0.0,3911.1053719008264
1243,23255,0.654675,0.166978125,0.9968317070232502,0.0,3909.1425619834713
1244,2524,0.1125,0.309375,0.65293579086857,0.6206896551724137,3908.8
1245,2274,0.1125,0.25,0.906143838091796,0.0,3904.9070247933882
1246,5883,0.875,0.246875,0.9468497771352848,0.13793103448275862,3904.050505050505
1247,4957,0.625,0.257165625,0.8335742681604624,0.13793103448275862,3902.010101010101
1248,14033,0.875,0.934375,0.62643055053608,0.0,3895.6095041322315
1249,6418,0.125,0.38875000000000004,0.7658836284784966,0.13793103448275862,3893.949494949495
1250,17893,0.315125,0.09000625,0.9011564871702205,0.13793103448275862,3893.929292929293
1251,17951,0.15481125,0.0942875,0.9224189856643776,0.0,3886.311983471074
1252,5775,0.875,0.16909687499999998,0.9318515841464884,0.13793103448275862,3882.818181818182
1253,10126,0.8625,0.4375,0.6813612817732804,0.6206896551724137,3882.0
1254,3806,0.375,0.0625,0.8107697867726779,0.13793103448275862,3881.808080808081
1255,6067,0.875,0.138959375,0.8598602578002649,0.0,3881.146694214876
1256,3510,0.3625,0.25,0.6804637995422238,0.13793103448275862,3876.777777777778
1257,3053,0.125,0.114709375,0.8335742681604624,0.13793103448275862,3873.747474747475
1258,2818,0.125,0.0511375,0.733739308517046,0.0,3868.853305785124
1259,647,0.875,0.3125,0.62643055053608,0.27586206896551724,3867.0833333333335
1260,17966,0.56515,0.0838,0.8887844837971327,0.13793103448275862,3859.5858585858587
1261,18001,0.375,0.07753125000000001,0.8891699795205397,0.0,3859.555785123967
1262,3087,0.125,0.05412,0.7092350319238645,0.13793103448275862,3857.5656565656564
1263,4533,0.6125,0.278125,0.7718949524153716,0.0,3853.3574380165287
1264,10165,0.8625,0.375,0.65293579086857,0.0,3852.221074380165
1265,5939,0.875,0.3328,0.6612275629442236,0.13793103448275862,3849.5050505050503
1266,5254,0.8625,0.17570625,0.9265992049150704,0.13793103448275862,3847.4646464646466
1267,4132,0.375,0.145440625,0.9854234429586796,0.0,3843.026859504132
1268,625,0.375,0.34375,0.62643055053608,0.13793103448275862,3841.4242424242425
1269,17998,0.6125,0.07753125000000001,0.8891699795205397,0.13793103448275862,3836.3535353535353
1270,9916,0.8625,0.3453125,0.6955848692928562,0.0,3835.6921487603304
1271,16761,0.625,0.0743625,0.868027948439947,0.0,3830.526859504132
1272,997,0.4375,0.0625,0.6023370678231538,0.27586206896551724,3830.4166666666665
1273,19226,0.125,0.09940625,0.9312251535959523,0.27586206896551724,3829.1666666666665
1274,19324,0.5414125000000001,0.110325,0.9480183110468616,0.13793103448275862,3825.2626262626263
1275,2834,0.125,0.10023437500000001,0.8892302132273219,0.13793103448275862,3824.2323232323233
1276,2255,0.1125,0.22746874999999997,0.9116973858571257,0.0,3821.2293388429753
1277,6873,0.1125,0.3453125,0.7157583423683893,0.13793103448275862,3818.1717171717173
1278,6005,0.875,0.215625,0.8471991326346222,0.0,3818.130165289256
1279,1072,0.4375,0.140625,0.6023370678231538,0.0,3815.134297520661
1280,2732,0.125,0.15625,0.8838935068064088,0.0,3814.1012396694214
1281,5225,0.625,0.1875,0.9135766775087338,0.0,3810.8987603305786
1282,19293,0.6125,0.102578125,0.936369112155162,0.27586206896551724,3810.8333333333335
1283,6363,0.125,0.56759375,0.9567642452716538,0.3448275862068966,3802.0
1284,19900,0.3387875,0.25725312499999997,0.9539332610528852,0.13793103448275862,3797.969696969697
1285,17912,0.17248375,0.089996875,0.901144440428864,0.13793103448275862,3796.979797979798
1286,2499,0.1125,0.25,0.6534465727020841,0.13793103448275862,3794.959595959596
1287,18634,0.6125,0.27440625,0.9147693049030237,0.13793103448275862,3788.89898989899
1288,5480,0.8625,0.184375,0.62643055053608,0.13793103448275862,3784.8585858585857
1289,23216,0.83285,0.18179375,0.9877966510059029,0.0,3777.840909090909
1290,2796,0.125,0.0625,0.7469943380315623,0.13793103448275862,3770.6969696969695
1291,7128,0.1125,0.371875,0.6996542585230695,0.13793103448275862,3768.6969696969695
1292,8939,0.6125,0.57128125,0.8441633538127936,0.3448275862068966,3763.2
1293,3830,0.375,0.0511375,0.733739308517046,0.13793103448275862,3755.5656565656564
1294,20591,0.375,0.12440625000000001,0.9659559089266353,0.0,3754.0805785123966
1295,4532,0.6125,0.278125,0.7428056860619202,0.0,3751.0847107438017
1296,5882,0.875,0.22749999999999998,0.8973135766775088,0.0,3750.051652892562
1297,23791,0.6125,0.18690625,0.9879532586435369,0.27586206896551724,3750.0
1298,1960,0.5625,0.0,0.6023370678231538,0.27586206896551724,3748.75
1299,1122,0.75,0.1875,0.6023370678231538,0.13793103448275862,3747.4646464646466
1300,4136,0.375,0.1167875,0.9567642452716538,0.0,3743.853305785124
1301,3632,0.3625,0.038275312500000006,0.762462353933261,0.13793103448275862,3741.4242424242425
1302,5866,0.875,0.0487840625,0.7085905312612938,0.0,3740.754132231405
1303,4942,0.625,0.300271875,0.7551740754126008,0.27586206896551724,3736.25
1304,7140,0.1125,0.3421875,0.6565474039272376,0.0,3734.4524793388427
1305,1962,0.4375,0.0,0.6023370678231538,0.27586206896551724,3732.5
1306,3273,0.3625,0.21875,0.9560534875316226,0.13793103448275862,3732.313131313131
1307,10167,0.8625,0.375,0.7059462715335502,0.27586206896551724,3731.25
1308,3269,0.3625,0.2361875,0.9339838573665823,0.27586206896551724,3730.0
1309,5520,0.8625,0.246875,0.6538959161546801,0.0,3727.221074380165
1310,5881,0.875,0.23395937500000002,0.9138296590772196,0.27586206896551724,3723.75
1311,16200,0.375,0.63065625,0.828538730273461,0.6206896551724137,3722.0
1312,19310,0.5828,0.11616562500000001,0.955957113600771,0.27586206896551724,3720.4166666666665
1313,4031,0.375,0.153125,0.8456330562582821,0.13793103448275862,3717.161616161616
1314,19187,0.267775,0.108775,0.9329116973858571,0.13793103448275862,3715.161616161616
1315,8455,0.625,0.403125,0.62643055053608,0.13793103448275862,3715.1414141414143
1316,2820,0.125,0.038920937499999995,0.7352017829177208,0.13793103448275862,3713.1414141414143
1317,2404,0.1125,0.125,0.62643055053608,0.27586206896551724,3712.5
1318,636,0.625,0.328125,0.62643055053608,0.13793103448275862,3712.1111111111113
1319,5291,0.8625,0.22746874999999997,0.9116973858571257,0.0,3711.8285123966944
1320,5227,0.625,0.1875,0.9575954704252498,0.27586206896551724,3709.1666666666665
1321,2930,0.125,0.278125,0.6846187206360679,0.27586206896551724,3709.1666666666665
1322,2406,0.1125,0.13194999999999998,0.8534513913986266,0.13793103448275862,3707.080808080808
1323,7089,0.1125,0.4375,0.8186844958438743,0.13793103448275862,3706.050505050505
1324,23799,0.375,0.18690625,0.9879532586435369,0.27586206896551724,3703.75
1325,5631,0.8625,0.106565625,0.8349837368991687,0.0,3702.530991735537
1326,970,0.625,0.03125,0.6023370678231538,0.13793103448275862,3701.020202020202
1327,3725,0.3625,0.17785625,0.9873750150584266,0.13793103448275862,3701.0
1328,2291,0.1125,0.325021875,0.7463052644259728,0.27586206896551724,3696.25
1329,5101,0.625,0.059375,0.62643055053608,0.27586206896551724,3695.8333333333335
1330,892,0.5625,0.0625,0.62643055053608,0.27586206896551724,3695.8333333333335
1331,6122,0.875,0.048982187499999996,0.6938103842910492,0.13793103448275862,3694.939393939394
1332,2721,0.125,0.184375,0.92149138657993,0.13793103448275862,3693.949494949495
1333,5586,0.8625,0.331240625,0.6826466690760149,0.27586206896551724,3693.75
1334,1900,0.0,0.15625,0.6023370678231538,0.0,3688.9979338842977
1335,10158,0.8625,0.403125,0.7952776773882665,0.13793103448275862,3687.868686868687
1336,3854,0.375,0.106565625,0.8349837368991687,0.13793103448275862,3685.848484848485
1337,5293,0.8625,0.2361875,0.9339838573665823,0.27586206896551724,3683.3333333333335
1338,8453,0.625,0.403125,0.7671364895795687,0.6206896551724137,3680.4
1339,2295,0.1125,0.321203125,0.8040477050957715,0.27586206896551724,3680.0
1340,732,0.25,0.234375,0.62643055053608,0.13793103448275862,3678.777777777778
1341,5582,0.8625,0.3390625,0.6754101915431876,0.27586206896551724,3678.75
1342,18058,0.625,0.0931125,0.9069871099867486,0.27586206896551724,3672.9166666666665
1343,969,0.5625,0.03125,0.6023370678231538,0.13793103448275862,3671.7070707070707
1344,5507,0.8625,0.21875,0.8212865919768702,0.0,3671.539256198347
1345,4614,0.6125,0.22749999999999998,0.8973135766775088,0.0,3670.4028925619837
1346,2425,0.1125,0.15625,0.7245512588844717,0.13793103448275862,3669.686868686869
1347,3935,0.375,0.28125,0.7389965064450066,0.27586206896551724,3668.75
1348,17296,0.14880875,0.30096875,0.8740031321527526,0.13793103448275862,3668.6969696969695
1349,8154,0.3625,0.3421875,0.6565474039272376,0.0,3666.373966942149
1350,6014,0.875,0.215625,0.8717383447777376,0.27586206896551724,3661.25
1351,9138,0.6125,0.403125,0.62643055053608,0.13793103448275862,3656.5757575757575
1352,3979,0.375,0.21875,0.62643055053608,0.27586206896551724,3653.75
1353,4283,0.6125,0.24490625000000002,0.9562703288760389,0.13793103448275862,3650.5151515151515
1354,5457,0.8625,0.15625,0.8226719672328634,0.0,3648.811983471074
1355,1158,0.1875,0.234375,0.6023370678231538,0.13793103448275862,3647.4848484848485
1356,6208,0.875,0.26985625,0.9224189856643776,0.27586206896551724,3646.25
1357,8655,0.625,0.5646875,0.8525719792796047,0.6206896551724137,3643.6
1358,19373,0.6486875000000001,0.104084375,0.9387423202023851,0.0,3639.5144628099174
1359,4040,0.375,0.153125,0.8699915672810504,0.27586206896551724,3639.1666666666665
1360,9445,0.875,0.35646875,0.6778038790507167,0.0,3638.4814049586776
1361,2902,0.125,0.327909375,0.6778038790507167,0.27586206896551724,3635.0
1362,3297,0.3625,0.28125,0.8804722322611732,0.0,3630.21694214876
1363,3738,0.375,0.171346875,0.9860498735092157,0.27586206896551724,3627.0833333333335
1364,17968,0.6125,0.07753125000000001,0.8752680399951813,0.27586206896551724,3625.4166666666665
1365,9163,0.6125,0.35646875,0.6778038790507167,0.0,3621.849173553719
1366,20661,0.8625,0.1399875,0.981195036742561,0.0,3619.78305785124
1367,17373,0.583,0.31305312500000004,0.8430068666425732,0.13793103448275862,3619.2020202020203
1368,5102,0.625,0.059375,0.6996542585230695,0.6206896551724137,3617.6
1369,8446,0.625,0.38875000000000004,0.7658836284784966,0.13793103448275862,3616.151515151515
1370,2890,0.125,0.3390625,0.6552355137935189,0.27586206896551724,3615.8333333333335
1371,5889,0.875,0.246875,0.8807252138296592,0.13793103448275862,3613.1414141414143
1372,19365,0.8625,0.102578125,0.936369112155162,0.27586206896551724,3612.5
1373,5367,0.8625,0.12385312499999998,0.9653294783760993,0.27586206896551724,3610.4166666666665
1374,18714,0.625,0.27440625,0.9147693049030237,0.13793103448275862,3610.1111111111113
1375,1244,0.875,0.3125,0.6023370678231538,0.27586206896551724,3604.5833333333335
1376,819,0.4375,0.140625,0.62643055053608,0.0,3603.254132231405
1377,2296,0.1125,0.325428125,0.7905914950006022,0.13793103448275862,3602.030303030303
1378,3329,0.3625,0.22643437500000002,0.9854234429586796,0.27586206896551724,3599.1666666666665
1379,9886,0.8625,0.375,0.8107697867726779,0.6206896551724137,3598.0
1380,13858,0.875,0.8069375000000001,0.8914468136369111,0.9655172413793103,3593.703703703704
1381,817,0.5625,0.140625,0.62643055053608,0.0,3593.026859504132
1382,1040,0.3125,0.109375,0.6023370678231538,0.27586206896551724,3592.5
1383,13134,0.625,0.778125,0.62643055053608,0.9655172413793103,3592.222222222222
1384,9224,0.6125,0.63753125,0.7463052644259728,0.3448275862068966,3590.4
1385,1016,0.6875,0.078125,0.6023370678231538,0.0,3586.7252066115702
1386,5421,0.8625,0.1006375,0.8127815925792072,0.0,3585.6921487603304
1387,5343,0.8625,0.29553124999999997,0.8865317431634743,0.13793103448275862,3583.8282828282827
1388,2893,0.125,0.3390625,0.7157583423683893,0.27586206896551724,3583.75
1389,6113,0.875,0.059375,0.62643055053608,0.27586206896551724,3583.3333333333335
1390,8426,0.625,0.3421875,0.716781110709553,0.27586206896551724,3582.5
1391,20603,0.56515,0.12755,0.9694133236959402,0.13793103448275862,3579.808080808081
1392,919,0.75,0.03125,0.62643055053608,0.13793103448275862,3579.808080808081
1393,2722,0.125,0.184375,0.8993374292253944,0.0,3578.460743801653
1394,3151,0.125,0.28125,0.8804722322611732,0.0,3576.3946280991736
1395,9471,0.875,0.40625,0.7428056860619202,0.13793103448275862,3575.7676767676767
1396,4846,0.625,0.0328125,0.735933020118058,0.13793103448275862,3574.7373737373737
1397,3050,0.125,0.1006375,0.8127815925792072,0.0,3573.3987603305786
1398,4260,0.6125,0.1875,0.8915552343091193,0.13793103448275862,3571.7272727272725
1399,4354,0.6125,0.13098749999999998,0.9729671123960967,0.27586206896551724,3567.0833333333335
1400,8480,0.625,0.4375,0.6813612817732804,0.6206896551724137,3566.4
1401,2788,0.125,0.090625,0.9023370678231537,0.0,3565.134297520661
1402,6876,0.1125,0.3453125,0.6552355137935189,0.27586206896551724,3563.3333333333335
1403,14192,0.875,0.6875,0.7324515118660402,0.3448275862068966,3562.0
1404,9597,0.875,0.590625,0.655524635586074,0.3448275862068966,3558.8
1405,4563,0.6125,0.3421875,0.7468979641007107,0.27586206896551724,3557.9166666666665
1406,8831,0.6125,0.4459375,0.9629442235875195,0.6206896551724137,3556.4
1407,5956,0.875,0.28125,0.6545717383447777,0.27586206896551724,3555.8333333333335
1408,9886,0.8625,0.375,0.8107697867726779,0.3448275862068966,3552.4
1409,22529,0.40470000000000006,0.210728125,0.9824478978436332,0.13793103448275862,3551.5252525252527
1410,6026,0.875,0.1875,0.8289001325141548,0.27586206896551724,3549.1666666666665
1411,2418,0.1125,0.153125,0.8699915672810504,0.27586206896551724,3548.75
1412,812,0.875,0.140625,0.62643055053608,0.0,3548.5020661157023
1413,16790,0.8327375,0.0724125,0.8775448741115528,0.0,3547.469008264463
1414,7868,0.3625,0.365625,0.7455559571136007,0.3448275862068966,3547.2
1415,3551,0.3625,0.3421875,0.7468979641007107,0.27586206896551724,3545.0
1416,7740,0.375,0.44390625000000006,0.8653294783760993,0.6206896551724137,3544.0
1417,2288,0.1125,0.28125,0.8148897723165883,0.27586206896551724,3543.75
1418,8433,0.625,0.366625,0.7092350319238645,0.27586206896551724,3543.3333333333335
1419,5817,0.875,0.07740312499999999,0.8288158053246596,0.27586206896551724,3543.3333333333335
1420,3139,0.125,0.3125,0.8297072641850378,0.27586206896551724,3543.3333333333335
1421,22104,0.375,0.45565625,0.9837128056860619,0.3448275862068966,3542.0
1422,2790,0.125,0.07712812499999999,0.8743645343934465,0.27586206896551724,3538.75
1423,7992,0.3625,0.590625,0.7428056860619202,0.3448275862068966,3534.8
1424,5475,0.8625,0.184375,0.7782797253342971,0.13793103448275862,3534.3535353535353
1425,11235,0.125,0.671,0.8049271172147935,0.6896551724137931,3533.3333333333335
1426,23210,0.4047375000000001,0.18179375,0.9998554391037224,0.0,3532.0764462809916
1427,20676,0.7914875,0.129096875,0.9710396337790627,0.13793103448275862,3531.3232323232323
1428,6874,0.1125,0.3453125,0.6955848692928562,0.0,3529.9070247933882
1429,4306,0.6125,0.30108437499999996,0.8357908685700518,0.27586206896551724,3529.1666666666665
1430,4740,0.6125,0.184375,0.9436453439344656,0.27586206896551724,3527.0833333333335
1431,1263,0.1875,0.34375,0.6023370678231538,0.6206896551724137,3522.4
1432,8125,0.3625,0.403125,0.7671364895795687,0.3448275862068966,3520.8
1433,13543,0.8625,0.778125,0.62643055053608,0.6896551724137931,3520.7843137254904
1434,6113,0.875,0.059375,0.62643055053608,0.6206896551724137,3516.8
1435,6176,0.875,0.321203125,0.8040477050957715,0.27586206896551724,3515.8333333333335
1436,976,0.0625,0.046875,0.6023370678231538,0.13793103448275862,3515.1414141414143
1437,8481,0.625,0.4375,0.6538959161546801,0.3448275862068966,3512.8
1438,2914,0.125,0.2861,0.7859414528370076,0.13793103448275862,3506.070707070707
1439,5144,0.625,0.145440625,0.9854234429586796,0.13793103448275862,3505.060606060606
1440,6156,0.875,0.145440625,0.9854234429586796,0.27586206896551724,3501.6666666666665
1441,3940,0.375,0.278125,0.7428056860619202,0.0,3500.9814049586776
1442,2391,0.1125,0.121875,0.7344970485483676,0.27586206896551724,3500.8333333333335
1443,5394,0.8625,0.059375,0.6996542585230695,0.3448275862068966,3499.6
1444,21961,0.625,0.1618625,0.9948801349235032,0.0,3496.849173553719
1445,7192,0.1125,0.6420625,0.7767256956993133,0.6206896551724137,3494.8
1446,4798,0.625,0.121875,0.906143838091796,0.13793103448275862,3492.919191919192
1447,2752,0.125,0.153125,0.978279725334297,0.27586206896551724,3491.6666666666665
1448,9136,0.6125,0.40625,0.7718949524153716,0.0,3490.650826446281
1449,13488,0.8625,0.6875,0.62643055053608,0.3448275862068966,3489.6
1450,9162,0.6125,0.3515625,0.6612275629442236,0.13793103448275862,3488.89898989899
1451,9665,0.875,0.57128125,0.8441633538127936,0.3448275862068966,3487.2
1452,645,0.0625,0.328125,0.62643055053608,0.27586206896551724,3487.0833333333335
1453,5775,0.875,0.16909687499999998,0.9318515841464884,0.0,3486.5185950413224
1454,8151,0.3625,0.366625,0.7092350319238645,0.27586206896551724,3486.25
1455,16806,0.8387374999999999,0.06968125,0.8710516805204191,0.13793103448275862,3485.868686868687
1456,7846,0.3625,0.38328125,0.8357908685700518,0.6206896551724137,3485.6
1457,6003,0.875,0.21875,0.62643055053608,0.27586206896551724,3484.5833333333335
1458,6911,0.1125,0.57128125,0.8441633538127936,0.6206896551724137,3484.4
1459,7740,0.375,0.44390625000000006,0.8653294783760993,0.3448275862068966,3482.4
1460,7361,0.375,0.6420625,0.7767256956993133,0.6206896551724137,3480.4
1461,9696,0.875,0.42571875000000003,0.8647873750150584,0.3448275862068966,3478.4
1462,6911,0.1125,0.57128125,0.8441633538127936,0.3448275862068966,3478.4
1463,5943,0.875,0.3125,0.6996542585230695,0.6206896551724137,3476.8
1464,1007,0.125,0.078125,0.6023370678231538,0.0,3476.188016528926
1465,8210,0.3625,0.63753125,0.7463052644259728,0.6896551724137931,3475.294117647059
1466,3653,0.3625,0.0625,0.8320322852668354,0.13793103448275862,3472.717171717172
1467,6404,0.125,0.36146875,0.6938103842910492,0.27586206896551724,3469.5833333333335
1468,4418,0.6125,0.121875,0.8155402963498374,0.0,3464.9276859504134
1469,8044,0.3625,0.5,0.8795084929526562,0.6206896551724137,3462.4
1470,7145,0.1125,0.6325937500000001,0.822816528129141,0.3448275862068966,3459.2
1471,994,0.25,0.0625,0.6023370678231538,0.27586206896551724,3459.1666666666665
1472,3503,0.3625,0.246875,0.8461510661366101,0.0,3458.7293388429753
1473,3543,0.3625,0.3125,0.6508384531984098,0.6206896551724137,3452.0
1474,9493,0.875,0.4375,0.7088266473918805,0.3448275862068966,3446.0
1475,9395,0.875,0.6325937500000001,0.822816528129141,0.3448275862068966,3444.8
1476,13472,0.8625,0.6546875,0.716781110709553,0.6896551724137931,3444.3137254901962
1477,8533,0.625,0.5,0.8795084929526562,0.6206896551724137,3442.4
1478,10371,0.1125,0.9013125000000001,0.9114323575472835,0.6896551724137931,3440.7843137254904
1479,7718,0.375,0.38328125,0.8357908685700518,0.6206896551724137,3440.4
1480,4293,0.6125,0.263153125,0.8866401638356823,0.13793103448275862,3439.3838383838383
1481,607,0.5625,0.359375,0.62643055053608,0.6206896551724137,3439.2
1482,2660,0.1125,0.11517812499999999,0.9419226599204914,0.27586206896551724,3438.75
1483,5936,0.875,0.3125,0.7240621611853992,0.0,3436.931818181818
1484,5978,0.875,0.25,0.7885315022286471,0.0,3433.935950413223
1485,13564,0.8625,0.809375,0.803589928924226,0.6896551724137931,3433.725490196078
1486,2324,0.1125,0.17483437500000001,0.9989157932779182,0.13793103448275862,3433.343434343434
1487,7418,0.375,0.36146875,0.6938103842910492,0.27586206896551724,3432.0833333333335
1488,13895,0.875,0.7205625,0.9114323575472835,0.6896551724137931,3430.9803921568628
1489,10366,0.1125,0.8883125,0.9325864353692326,0.6896551724137931,3430.1960784313724
1490,5338,0.8625,0.325859375,0.8049271172147935,0.27586206896551724,3428.75
1491,16196,0.6125,0.63065625,0.828538730273461,0.6206896551724137,3428.0
1492,5568,0.8625,0.3125,0.62643055053608,0.3448275862068966,3427.2
1493,7569,0.375,0.590625,0.655524635586074,0.3448275862068966,3425.6
1494,8860,0.6125,0.38328125,0.8357908685700518,0.6206896551724137,3424.8
1495,3199,0.125,0.20273750000000001,0.9854234429586796,0.0,3423.5020661157023
1496,10020,0.8625,0.590625,0.7428056860619202,0.6206896551724137,3423.2
1497,10584,0.1125,0.871875,0.6538959161546801,0.6896551724137931,3418.823529411765
1498,5001,0.625,0.215625,0.6509613299602457,0.0,3418.440082644628
1499,6660,0.125,0.36546875,0.7209938561619081,0.6206896551724137,3416.8
1500,15937,0.375,0.3337375,0.7784001927478615,0.27586206896551724,3415.0
1501,2580,0.1125,0.27164062499999997,0.8892302132273219,0.27586206896551724,3414.1666666666665
1502,10663,0.1125,0.934375,0.7469943380315623,0.6896551724137931,3412.549019607843
1503,12703,0.6125,0.871875,0.8586917238886881,0.9655172413793103,3410.3703703703704
1504,13204,0.625,0.6546875,0.716781110709553,0.9655172413793103,3409.6296296296296
1505,6946,0.1125,0.6546875,0.716781110709553,0.6896551724137931,3409.0196078431372
1506,2966,0.125,0.21875,0.8456330562582821,0.13793103448275862,3407.060606060606
1507,13553,0.8625,0.78125,0.62643055053608,0.6896551724137931,3404.705882352941
1508,3799,0.375,0.090625,0.8367546078785688,0.27586206896551724,3403.3333333333335
1509,8533,0.625,0.5,0.8795084929526562,0.3448275862068966,3403.2
1510,22504,0.375,0.22436249999999996,0.9746536561860017,0.0,3402.944214876033
1511,6151,0.875,0.182234375,0.9998795325864354,0.27586206896551724,3402.5
1512,3946,0.375,0.25,0.842561137212384,0.27586206896551724,3401.6666666666665
1513,8912,0.6125,0.41274999999999995,0.8892302132273219,0.6206896551724137,3401.6
1514,15886,0.14471,0.335575,0.7718347187085892,0.13793103448275862,3401.020202020202
1515,8666,0.625,0.55296875,0.8653294783760993,0.3448275862068966,3399.6
1516,4929,0.625,0.3125,0.6508384531984098,0.6206896551724137,3399.6
1517,3045,0.125,0.121875,0.7344970485483676,0.13793103448275862,3399.0
1518,7637,0.375,0.57128125,0.8441633538127936,0.6206896551724137,3398.8
1519,20605,0.517775,0.13065,0.9726177568967593,0.13793103448275862,3397.989898989899
1520,16679,0.4045375,0.05759375,0.8246717262980364,0.13793103448275862,3397.989898989899
1521,9220,0.6125,0.6420625,0.7767256956993133,0.3448275862068966,3396.0
1522,4042,0.375,0.125,0.8461510661366101,0.27586206896551724,3395.8333333333335
1523,871,0.9375,0.078125,0.62643055053608,0.0,3395.7128099173556
1524,2584,0.1125,0.246875,0.8807252138296592,0.0,3395.6095041322315
1525,6919,0.1125,0.608875,0.8183471870858932,0.3448275862068966,3395.2
1526,21828,0.19621625,0.154065625,0.9910010842067221,0.13793103448275862,3394.959595959596
1527,13858,0.875,0.8069375000000001,0.8914468136369111,0.6896551724137931,3394.901960784314
1528,19271,0.4046125,0.10135000000000001,0.9213227322009396,0.27586206896551724,3392.9166666666665
1529,7637,0.375,0.57128125,0.8441633538127936,0.3448275862068966,3392.0
1530,6956,0.1125,0.625,0.6752463558607397,0.6206896551724137,3391.6
1531,6166,0.875,0.07634375,0.8865317431634743,0.0,3389.5144628099174
1532,668,0.5,0.296875,0.62643055053608,0.27586206896551724,3388.75
1533,9206,0.6125,0.40190625,0.9134441633538127,0.3448275862068966,3387.2
1534,4204,0.375,0.18979375,0.9878207444886157,0.27586206896551724,3387.0833333333335
1535,11742,0.3625,0.7070000000000001,0.8115046379954222,0.6896551724137931,3384.3137254901962
1536,11588,0.3625,0.84375,0.8699915672810504,0.6896551724137931,3384.3137254901962
1537,3234,0.3625,0.3125,0.7660281893747741,0.6206896551724137,3384.0
1538,8043,0.3625,0.5070625,0.8788820624021202,0.6206896551724137,3381.6
1539,12919,0.625,0.7070000000000001,0.8115046379954222,0.6896551724137931,3381.5686274509803
1540,13473,0.8625,0.6546875,0.7468979641007107,0.6896551724137931,3377.2549019607845
1541,17823,0.625,0.92440625,0.8635586073966991,0.6896551724137931,3377.2549019607845
1542,977,0.125,0.046875,0.6023370678231538,0.27586206896551724,3377.0833333333335
1543,1891,0.0,0.015625,0.6023370678231538,0.27586206896551724,3375.8333333333335
1544,885,0.0625,0.078125,0.62643055053608,0.0,3372.8822314049585
1545,8368,0.625,0.63125,0.7455559571136007,0.3448275862068966,3371.2
1546,345,0.0625,0.640625,0.62643055053608,0.6206896551724137,3370.0
1547,5287,0.8625,0.225353125,0.9739549451873267,0.27586206896551724,3366.6666666666665
1548,3052,0.125,0.107628125,0.8236477532827369,0.27586206896551724,3365.8333333333335
1549,7641,0.375,0.5646875,0.8525719792796047,0.6206896551724137,3365.6
1550,3430,0.3625,0.153125,0.8699915672810504,0.27586206896551724,3363.3333333333335
1551,4231,0.375,0.17570625,0.9265992049150704,0.0,3362.551652892562
1552,5678,0.8625,0.0625,0.8107697867726779,0.13793103448275862,3360.59595959596
1553,2925,0.125,0.28125,0.62643055053608,0.27586206896551724,3360.0
1554,6239,0.875,0.1875,0.9575954704252498,0.13793103448275862,3358.59595959596
1555,2375,0.1125,0.090625,0.7671364895795687,0.27586206896551724,3357.9166666666665
1556,4442,0.6125,0.153125,0.8699915672810504,0.27586206896551724,3355.0
1557,889,0.75,0.0625,0.62643055053608,0.27586206896551724,3354.1666666666665
1558,2433,0.1125,0.17732187500000002,0.8788820624021202,0.27586206896551724,3352.9166666666665
1559,4813,0.625,0.07058125,0.8589928924225997,0.0,3352.3243801652893
1560,8938,0.6125,0.5646875,0.8525719792796047,0.3448275862068966,3344.8
1561,345,0.0625,0.640625,0.62643055053608,0.3448275862068966,3344.8
1562,4761,0.625,0.16053125,0.9588001445608962,0.27586206896551724,3342.5
1563,3162,0.125,0.25,0.906143838091796,0.13793103448275862,3342.4141414141413
1564,1273,0.8125,0.34375,0.6023370678231538,0.3448275862068966,3342.0
1565,9451,0.875,0.371875,0.7240621611853992,0.6206896551724137,3339.6
1566,2597,0.1125,0.09375,0.8142633417660522,0.13793103448275862,3336.373737373737
1567,5031,0.625,0.17732187500000002,0.8788820624021202,0.27586206896551724,3334.5833333333335
1568,9258,0.6125,0.54434375,0.922840621611854,0.48275862068965514,3332.999999973333
1569,13126,0.625,0.78125,0.7000216841344417,0.8275862068965517,3332.6666666666665
1570,15974,0.446075,0.329075,0.7944103120106011,0.13793103448275862,3332.3333333333335
1571,10718,0.1125,0.6761250000000001,0.733739308517046,0.48275862068965514,3331.66666664
1572,6086,0.875,0.1006375,0.8127815925792072,0.0,3331.663223140496
1573,1563,0.1875,0.65625,0.6023370678231538,0.6896551724137931,3331.372549019608
1574,4724,0.6125,0.16053125,0.9588001445608962,0.13793103448275862,3331.3030303030305
1575,11630,0.3625,0.9252812499999999,0.7551740754126008,0.9655172413793103,3330.740740740741
1576,16025,0.625,0.3337375,0.7784001927478615,0.27586206896551724,3330.4166666666665
1577,13919,0.875,0.6875,0.8320322852668354,0.9655172413793103,3330.3703703703704
1578,5258,0.8625,0.3125,0.7660281893747741,0.48275862068965514,3330.3333333333335
1579,5525,0.8625,0.246875,0.7912179255511383,0.48275862068965514,3327.6666666666665
1580,11716,0.3625,0.66965625,0.6958065293338151,0.6896551724137931,3327.450980392157
1581,2926,0.125,0.278125,0.62643055053608,0.0,3325.464876033058
1582,4156,0.375,0.33754375,0.7478014697024454,0.13793103448275862,3325.242424242424
1583,5450,0.8625,0.153125,0.7725695699313335,0.0,3324.431818181818
1584,7135,0.1125,0.35646875,0.6778038790507167,0.0,3324.431818181818
1585,3936,0.375,0.28125,0.7671364895795687,0.48275862068965514,3322.0
1586,9166,0.6125,0.3421875,0.716781110709553,0.27586206896551724,3321.6666666666665
1587,23251,0.625,0.1837375,0.9999638597759306,0.0,3321.2293388429753
1588,5395,0.8625,0.059375,0.7240621611853992,0.48275862068965514,3321.0
1589,9452,0.875,0.371875,0.62643055053608,0.8275862068965517,3321.0
1590,9768,0.875,0.44390625000000006,0.8653294783760993,0.6206896551724137,3320.8
1591,5105,0.625,0.059375,0.7240621611853992,0.48275862068965514,3320.6666666666665
1592,2359,0.1125,0.059375,0.7240621611853992,0.48275862068965514,3320.3333333333335
1593,4093,0.375,0.059375,0.7240621611853992,0.48275862068965514,3320.0
1594,12063,0.375,0.84375,0.8699915672810504,0.6896551724137931,3314.5098039215686
1595,12724,0.6125,0.66965625,0.6958065293338151,0.6896551724137931,3313.3333333333335
1596,23152,0.375,0.1806125,0.9877002770750511,0.0,3310.8987603305786
1597,14033,0.875,0.934375,0.62643055053608,0.13793103448275862,3307.060606060606
1598,14076,0.875,0.871875,0.6538959161546801,0.9655172413793103,3304.4444444444443
1599,22949,0.6125,0.849375,0.9746536561860017,0.6896551724137931,3303.921568627451
1600,13939,0.875,0.6714375,0.7905914950006022,0.6896551724137931,3303.1372549019607
1601,3544,0.3625,0.3125,0.62643055053608,0.6206896551724137,3300.0
1602,12115,0.375,0.8023125,0.8788820624021202,0.6896551724137931,3299.607843137255
1603,2415,0.1125,0.153125,0.796928080954102,0.13793103448275862,3298.979797979798
1604,3013,0.125,0.15625,0.7736176364293459,0.13793103448275862,3297.969696969697
1605,3517,0.3625,0.278125,0.655524635586074,0.27586206896551724,3297.5
1606,16698,0.375,0.058780624999999996,0.8280327671364895,0.0,3297.469008264463
1607,6826,0.1125,0.434375,0.9504276593181543,0.6206896551724137,3297.2
1608,21220,0.58885,0.2446875,0.9565112637031683,0.13793103448275862,3296.979797979798
1609,8043,0.3625,0.5070625,0.8788820624021202,0.3448275862068966,3295.6
1610,9618,0.875,0.621875,0.7059462715335502,0.9655172413793103,3295.5555555555557
1611,3658,0.3625,0.07058125,0.8589928924225997,0.0,3293.440082644628
1612,9009,0.6125,0.590625,0.655524635586074,0.3448275862068966,3292.0
1613,9057,0.6125,0.5070625,0.8788820624021202,0.6206896551724137,3289.2
1614,4583,0.6125,0.309375,0.789519335019877,0.13793103448275862,3288.89898989899
1615,6466,0.125,0.465625,0.8212865919768702,0.6206896551724137,3287.6
1616,9975,0.8625,0.6515625,0.735933020118058,0.3448275862068966,3287.2
1617,2357,0.1125,0.059375,0.6752463558607397,0.0,3285.0723140495866
1618,8081,0.3625,0.46875,0.62643055053608,0.6206896551724137,3284.8
1619,12091,0.375,0.8125,0.6517383447777376,0.6896551724137931,3284.705882352941
1620,13762,0.8625,0.7068125000000001,0.7915190940850501,0.9655172413793103,3283.703703703704
1621,21239,0.375,0.23378125,0.979580773400795,0.0,3283.1095041322315
1622,22071,0.375,0.47437500000000005,0.9827611131189014,0.6206896551724137,3279.2
1623,6116,0.875,0.059375,0.6508384531984098,0.8275862068965517,3278.0
1624,3737,0.375,0.158371875,0.9811348030357788,0.27586206896551724,3277.5
1625,8688,0.625,0.36546875,0.7209938561619081,0.6206896551724137,3276.4
1626,2405,0.1125,0.125,0.8461510661366101,0.27586206896551724,3275.8333333333335
1627,3726,0.3625,0.184375,0.8993374292253944,0.0,3273.811983471074
1628,5923,0.875,0.32720625000000003,0.6958065293338151,0.27586206896551724,3273.75
1629,8649,0.625,0.590625,0.8578604987350921,0.6206896551724137,3272.8
1630,2047,1.0,0.046875,0.6023370678231538,0.27586206896551724,3272.0833333333335
1631,2222,0.1125,0.3125,0.7660281893747741,0.3448275862068966,3272.0
1632,5733,0.8625,0.173378125,0.9183833273099626,0.13793103448275862,3271.7070707070707
1633,11010,0.125,0.934375,0.7059462715335502,0.6206896551724137,3270.4
1634,1573,0.8125,0.65625,0.6023370678231538,0.9655172413793103,3270.3703703703704
1635,12544,0.6125,0.78125,0.6509613299602457,0.8275862068965517,3268.0
1636,13577,0.8625,0.8125,0.6517383447777376,0.8275862068965517,3268.0
1637,13099,0.625,0.8125,0.6517383447777376,0.48275862068965514,3267.6666666666665
1638,5368,0.8625,0.1167875,0.9567642452716538,0.0,3267.6136363636365
1639,5157,0.625,0.0577125,0.8399349475966751,0.0,3267.5103305785124
1640,4924,0.625,0.3125,0.7240621611853992,0.13793103448275862,3266.6767676767677
1641,7134,0.1125,0.3515625,0.6612275629442236,0.13793103448275862,3265.6464646464647
1642,7356,0.375,0.64378125,0.7470545717383447,0.9655172413793103,3263.703703703704
1643,11008,0.125,0.9375,0.62643055053608,0.3448275862068966,3261.6
1644,10713,0.1125,0.6578125,0.6955848692928562,0.6896551724137931,3261.5686274509803
1645,11051,0.125,0.871875,0.6813612817732804,0.9655172413793103,3260.740740740741
1646,6452,0.125,0.4375,0.6813612817732804,0.3448275862068966,3259.6
1647,8494,0.625,0.465625,0.8212865919768702,0.3448275862068966,3259.2
1648,19301,0.3986875,0.104084375,0.9387423202023851,0.0,3258.3161157024792
1649,630,0.0625,0.34375,0.62643055053608,0.3448275862068966,3256.8
1650,6340,0.125,0.63125,0.7455559571136007,0.3448275862068966,3256.0
1651,5743,0.8625,0.15625,0.9280809541019153,0.27586206896551724,3255.8333333333335
1652,9453,0.875,0.375,0.7059462715335502,0.27586206896551724,3255.4166666666665
1653,5600,0.8625,0.303071875,0.7626671485363209,0.6206896551724137,3254.4
1654,7030,0.1125,0.5,0.8795084929526562,0.6206896551724137,3254.0
1655,13026,0.625,0.934375,0.7059462715335502,0.3448275862068966,3252.4
1656,11742,0.3625,0.7070000000000001,0.8115046379954222,0.9655172413793103,3250.3703703703704
1657,11188,0.125,0.6546875,0.716781110709553,0.9655172413793103,3249.6296296296296
1658,14059,0.875,0.88925,0.8236477532827369,0.9655172413793103,3247.037037037037
1659,12173,0.375,0.715625,0.6545717383447777,0.9655172413793103,3241.4814814814813
1660,14205,0.875,0.684375,0.7240621611853992,0.13793103448275862,3240.4141414141413
1661,6958,0.1125,0.625,0.62643055053608,0.0,3239.6177685950415
1662,12043,0.375,0.88925,0.8236477532827369,0.6896551724137931,3239.607843137255
1663,6079,0.875,0.121875,0.7885315022286471,0.13793103448275862,3239.3838383838383
1664,12018,0.375,0.934375,0.7059462715335502,0.3448275862068966,3238.4
1665,11155,0.125,0.71875,0.6846187206360679,0.6896551724137931,3237.6470588235293
1666,13937,0.875,0.66328125,0.762462353933261,0.9655172413793103,3236.296296296296
1667,19289,0.3986875,0.104084375,0.925731839537405,0.13793103448275862,3235.343434343434
1668,9618,0.875,0.621875,0.7059462715335502,0.6206896551724137,3235.2
1669,23906,0.625,0.20561249999999998,0.9965787254547644,0.27586206896551724,3234.5833333333335
1670,6063,0.875,0.153125,0.650786652210577,0.0,3234.555785123967
1671,11632,0.3625,0.934375,0.65293579086857,0.3448275862068966,3234.0
1672,9547,0.875,0.5,0.8795084929526562,0.6206896551724137,3233.2
1673,13339,0.8625,0.78771875,0.9674978918202626,0.6896551724137931,3232.549019607843
1674,8649,0.625,0.590625,0.8578604987350921,0.3448275862068966,3232.4
1675,1094,0.875,0.15625,0.6023370678231538,0.0,3232.3863636363635
1676,4566,0.6125,0.3421875,0.6565474039272376,0.0,3231.353305785124
1677,18070,0.8625,0.07753125000000001,0.8891699795205397,0.27586206896551724,3230.4166666666665
1678,11069,0.125,0.840625,0.8471991326346222,0.9655172413793103,3229.259259259259
1679,10170,0.8625,0.371875,0.6996542585230695,0.3448275862068966,3228.8
1680,12026,0.375,0.9252812499999999,0.7551740754126008,0.9655172413793103,3227.4074074074074
1681,12596,0.6125,0.84375,0.8699915672810504,0.9655172413793103,3227.037037037037
1682,7465,0.375,0.4375,0.7088266473918805,0.6206896551724137,3226.4
1683,2626,0.1125,0.059375,0.7872545476448619,0.0,3226.188016528926
1684,8577,0.625,0.5625,0.6534465727020841,0.6206896551724137,3224.8
1685,21972,0.7914749999999999,0.150971875,0.9891579327791832,0.13793103448275862,3223.222222222222
1686,8039,0.3625,0.528125,0.7000216841344417,0.6206896551724137,3222.4
1687,9923,0.8625,0.36546875,0.7209938561619081,0.13793103448275862,3221.222222222222
1688,9139,0.6125,0.403125,0.7671364895795687,0.6206896551724137,3216.0
1689,10929,0.125,0.66965625,0.6958065293338151,0.9655172413793103,3213.703703703704
1690,3717,0.3625,0.15625,0.9722684013974219,0.27586206896551724,3209.1666666666665
1691,2049,1.0,0.015625,0.6023370678231538,0.27586206896551724,3209.1666666666665
1692,11476,0.3625,0.70125,0.7658836284784966,0.6896551724137931,3208.627450980392
1693,19951,0.5827625000000001,0.25448125,0.9575352367184676,0.13793103448275862,3208.090909090909
1694,8539,0.625,0.528125,0.7000216841344417,0.6206896551724137,3207.2
1695,12680,0.6125,0.9280625,0.7626671485363209,0.9655172413793103,3207.037037037037
1696,3045,0.125,0.121875,0.7344970485483676,0.27586206896551724,3205.0
1697,13204,0.625,0.6546875,0.716781110709553,0.6896551724137931,3204.3137254901962
1698,11716,0.3625,0.66965625,0.6958065293338151,0.9655172413793103,3203.703703703704
1699,20619,0.49392499999999995,0.13220937500000002,0.9741717865317431,0.13793103448275862,3202.010101010101
1700,11456,0.3625,0.6546875,0.716781110709553,0.6896551724137931,3201.5686274509803
1701,7352,0.375,0.59375,0.8148897723165883,0.48275862068965514,3201.3333333333335
1702,4620,0.6125,0.113090625,0.8441633538127936,0.27586206896551724,3201.25
1703,10809,0.1125,0.78125,0.8838935068064088,0.6896551724137931,3200.7843137254904
1704,5360,0.8625,0.17483437500000001,0.9989157932779182,0.27586206896551724,3200.4166666666665
1705,11668,0.3625,0.934375,0.7682568365257197,0.6896551724137931,3198.0392156862745
1706,17930,0.125,0.07753125000000001,0.8891699795205397,0.27586206896551724,3195.0
1707,9303,0.8625,0.501,0.8855318636308878,0.6206896551724137,3194.4
1708,1894,0.0,0.0625,0.6023370678231538,0.13793103448275862,3192.939393939394
1709,5966,0.875,0.278125,0.6846187206360679,0.27586206896551724,3192.9166666666665
1710,10622,0.1125,0.9252812499999999,0.7551740754126008,0.9655172413793103,3190.740740740741
1711,7146,0.1125,0.62665625,0.8399349475966751,0.6206896551724137,3190.0
1712,13052,0.625,0.89625,0.8127815925792072,0.9655172413793103,3189.6296296296296
1713,10029,0.8625,0.5625,0.6534465727020841,0.3448275862068966,3188.4
1714,8398,0.625,0.5169374999999999,0.9969883146608842,0.6206896551724137,3186.4
1715,2524,0.1125,0.309375,0.65293579086857,0.13793103448275862,3185.868686868687
1716,9154,0.6125,0.375,0.62643055053608,0.3448275862068966,3184.0
1717,2341,0.1125,0.0577125,0.8399349475966751,0.27586206896551724,3183.75
1718,2601,0.1125,0.09375,0.9014576557041319,0.0,3178.6673553719006
1719,8688,0.625,0.36546875,0.7209938561619081,0.3448275862068966,3178.4
1720,13133,0.625,0.78125,0.62643055053608,0.9655172413793103,3175.5555555555557
1721,10182,0.8625,0.3421875,0.6565474039272376,0.0,3173.6053719008264
1722,854,0.125,0.109375,0.62643055053608,0.27586206896551724,3172.0833333333335
1723,11485,0.3625,0.715625,0.62643055053608,0.9655172413793103,3171.4814814814813
1724,12480,0.6125,0.6875,0.62643055053608,0.27586206896551724,3170.0
1725,11986,0.375,0.934375,0.789519335019877,0.6896551724137931,3169.8039215686276
1726,21139,0.15468375,0.24742187499999999,0.9534513913986267,0.13793103448275862,3167.6666666666665
1727,3219,0.125,0.17570625,0.9265992049150704,0.0,3167.3037190082646
1728,13083,0.625,0.84375,0.62643055053608,0.8275862068965517,3167.0
1729,8139,0.3625,0.375,0.7059462715335502,0.3448275862068966,3164.8
1730,6259,0.1125,0.43609375000000006,0.9535839055535477,0.6206896551724137,3164.8
1731,6135,0.875,0.29553124999999997,0.8865317431634743,0.13793103448275862,3164.656565656566
1732,11180,0.125,0.684375,0.6508384531984098,0.6206896551724137,3164.0
1733,19074,0.375,0.89940625,0.9147693049030237,0.9655172413793103,3162.962962962963
1734,6579,0.125,0.625,0.6996542585230695,0.6206896551724137,3162.8
1735,10071,0.8625,0.5070625,0.8788820624021202,0.6206896551724137,3162.0
1736,17678,0.3625,0.9244375,0.8634501867244909,0.9655172413793103,3159.6296296296296
1737,4338,0.6125,0.248021875,0.9653294783760993,0.27586206896551724,3159.5833333333335
1738,13828,0.8625,0.7876562500000001,0.8868570051800987,0.6896551724137931,3159.2156862745096
1739,5214,0.625,0.19840312499999999,0.955957113600771,0.13793103448275862,3157.5858585858587
1740,13986,0.875,0.8903125,0.8349837368991687,0.6896551724137931,3155.6862745098038
1741,20674,0.8388500000000001,0.126,0.9677267799060354,0.0,3154.9070247933882
1742,13936,0.875,0.684375,0.8297072641850378,0.6896551724137931,3154.901960784314
1743,6556,0.125,0.590625,0.6846187206360679,0.6206896551724137,3154.4
1744,3529,0.3625,0.28125,0.62643055053608,0.6206896551724137,3154.0
1745,10497,0.1125,0.75,0.8186844958438743,0.9655172413793103,3152.222222222222
1746,7276,0.375,0.501,0.8855318636308878,0.3448275862068966,3152.0
1747,3576,0.3625,0.303071875,0.7626671485363209,0.3448275862068966,3148.8
1748,6506,0.125,0.5070625,0.8788820624021202,0.6206896551724137,3148.8
1749,5130,0.625,0.248021875,0.9653294783760993,0.27586206896551724,3148.75
1750,15977,0.6724249999999999,0.330628125,0.773027346102879,0.13793103448275862,3148.4949494949497
1751,17055,0.125,0.69625,0.8605951090230093,0.6896551724137931,3145.098039215686
1752,21903,0.5651375,0.15563125,0.9918684495843875,0.13793103448275862,3144.4545454545455
1753,11740,0.3625,0.678125,0.7455559571136007,0.6896551724137931,3144.3137254901962
1754,5952,0.875,0.29089062499999996,0.7761354053728465,0.6206896551724137,3143.6
1755,3967,0.375,0.21875,0.8699915672810504,0.0,3138.4814049586776
1756,8122,0.3625,0.40625,0.7718949524153716,0.0,3138.4814049586776
1757,7846,0.3625,0.38328125,0.8357908685700518,0.3448275862068966,3138.4
1758,6623,0.125,0.57128125,0.8441633538127936,0.6206896551724137,3136.0
1759,9999,0.8625,0.625,0.6996542585230695,0.3448275862068966,3133.2
1760,20677,0.767775,0.13065,0.9726177568967593,0.13793103448275862,3132.313131313131
1761,12478,0.6125,0.6875,0.67944103120106,0.9655172413793103,3130.3703703703704
1762,6623,0.125,0.57128125,0.8441633538127936,0.3448275862068966,3129.6
1763,6556,0.125,0.590625,0.6846187206360679,0.3448275862068966,3126.0
1764,3843,0.375,0.0529771875,0.7209938561619081,0.13793103448275862,3125.242424242424
1765,8028,0.3625,0.53125,0.796928080954102,0.3448275862068966,3124.4
1766,5925,0.875,0.33519375,0.6691205878809782,0.3448275862068966,3123.2
1767,16609,0.21993625,0.06500937500000001,0.8449343452596073,0.13793103448275862,3120.191919191919
1768,18702,0.8625,0.277578125,0.9091555234309118,0.0,3119.8863636363635
1769,13192,0.625,0.6875,0.62643055053608,0.3448275862068966,3114.8
1770,11726,0.3625,0.6761250000000001,0.733739308517046,0.6896551724137931,3114.1176470588234
1771,11472,0.3625,0.6875,0.62643055053608,0.27586206896551724,3113.75
1772,4913,0.625,0.33519375,0.6691205878809782,0.6206896551724137,3109.2
1773,793,0.1875,0.171875,0.62643055053608,0.13793103448275862,3109.10101010101
1774,12696,0.6125,0.896625,0.8892302132273219,0.6896551724137931,3109.0196078431372
1775,10904,0.125,0.678125,0.7455559571136007,0.6896551724137931,3109.0196078431372
1776,12026,0.375,0.9252812499999999,0.7551740754126008,0.6896551724137931,3108.627450980392
1777,9383,0.875,0.63753125,0.7463052644259728,0.6896551724137931,3108.235294117647
1778,6243,0.875,0.21301874999999998,0.8851825081315503,0.27586206896551724,3105.4166666666665
1779,8430,0.625,0.3515625,0.6612275629442236,0.0,3104.2871900826444
1780,4179,0.375,0.263153125,0.8866401638356823,0.13793103448275862,3104.050505050505
1781,10726,0.1125,0.684375,0.7872545476448619,0.9655172413793103,3103.703703703704
1782,13302,0.625,0.8634375000000001,0.9629442235875195,0.9655172413793103,3102.962962962963
1783,3927,0.375,0.28125,0.7952776773882665,0.48275862068965514,3102.3333333333335
1784,11574,0.3625,0.840625,0.8226719672328634,0.8275862068965517,3101.6666666666665
1785,3189,0.125,0.20270937499999997,0.9400313215275267,0.0,3101.2913223140495
1786,5578,0.8625,0.3421875,0.6565474039272376,0.0,3101.188016528926
1787,6656,0.125,0.3491875,0.6691205878809782,0.27586206896551724,3100.0
1788,5437,0.8625,0.125,0.7088266473918805,0.27586206896551724,3100.0
1789,4936,0.625,0.309375,0.65293579086857,0.3448275862068966,3099.2
1790,2969,0.125,0.215625,0.8471991326346222,0.0,3099.121900826446
1791,7443,0.375,0.40625,0.7428056860619202,0.6206896551724137,3097.2
1792,2359,0.1125,0.059375,0.7240621611853992,0.27586206896551724,3093.75
1793,12093,0.375,0.8125,0.7023551379351886,0.9655172413793103,3093.703703703704
1794,2934,0.125,0.25,0.842561137212384,0.27586206896551724,3092.9166666666665
1795,6108,0.875,0.085775,0.7859414528370076,0.13793103448275862,3091.929292929293
1796,3366,0.3625,0.048982187499999996,0.6938103842910492,0.13793103448275862,3088.89898989899
1797,2386,0.1125,0.107628125,0.8236477532827369,0.27586206896551724,3088.75
1798,23304,0.12499999999999992,0.48065625,0.9851222744247681,0.3448275862068966,3088.4
1799,3289,0.3625,0.2880625,0.8888085772798457,0.27586206896551724,3088.3333333333335
1800,3228,0.3625,0.167040625,0.9538730273461028,0.13793103448275862,3087.868686868687
1801,23138,0.3388125,0.179059375,0.9995904107938802,0.0,3087.8615702479337
1802,3781,0.375,0.108721875,0.8866401638356823,0.27586206896551724,3086.25
1803,3268,0.3625,0.231828125,0.922840621611854,0.27586206896551724,3085.0
1804,13828,0.8625,0.7876562500000001,0.8868570051800987,0.9655172413793103,3083.703703703704
1805,10071,0.8625,0.5070625,0.8788820624021202,0.3448275862068966,3083.6
1806,11638,0.3625,0.9375,0.6752463558607397,0.9655172413793103,3082.5925925925926
1807,11155,0.125,0.71875,0.6846187206360679,0.9655172413793103,3082.222222222222
1808,5064,0.625,0.125,0.62643055053608,0.27586206896551724,3082.0833333333335
1809,14082,0.875,0.84375,0.650786652210577,0.6896551724137931,3081.9607843137255
1810,21988,0.8328375000000001,0.15991875,0.9940127695458378,0.27586206896551724,3081.25
1811,12016,0.375,0.9375,0.62643055053608,0.3448275862068966,3081.2
1812,5075,0.625,0.09375,0.8009998795325863,0.27586206896551724,3080.8333333333335
1813,5758,0.875,0.184375,0.8993374292253944,0.0,3079.5971074380163
1814,21986,0.65475,0.15991875,0.9940127695458378,0.27586206896551724,3078.3333333333335
1815,3812,0.375,0.06880312499999999,0.7626671485363209,0.27586206896551724,3077.9166666666665
1816,2007,1.0,0.671875,0.6023370678231538,0.9655172413793103,3076.296296296296
1817,3119,0.125,0.15274062500000002,0.9902300927599084,0.27586206896551724,3076.25
1818,1962,0.4375,0.0,0.6023370678231538,0.13793103448275862,3074.757575757576
1819,14340,0.875,0.9375,0.7872545476448619,0.6896551724137931,3074.5098039215686
1820,20575,0.58885,0.126,0.9551981688953137,0.13793103448275862,3070.6969696969695
1821,1082,0.125,0.15625,0.6023370678231538,0.0,3070.2995867768595
1822,6579,0.125,0.625,0.6996542585230695,0.3448275862068966,3069.6
1823,13520,0.8625,0.746875,0.62643055053608,0.6896551724137931,3068.627450980392
1824,4939,0.625,0.28125,0.7952776773882665,0.48275862068965514,3068.3333333333335
1825,13092,0.625,0.840625,0.6754909047102758,0.8275862068965517,3068.3333333333335
1826,23079,0.3625,0.1806125,0.9877002770750511,0.0,3068.130165289256
1827,21830,0.19618625,0.15095,0.9891458860378268,0.13793103448275862,3067.686868686869
1828,19925,0.6125,0.26811250000000003,0.9252258764004336,0.27586206896551724,3067.5
1829,9223,0.6125,0.64378125,0.7470545717383447,0.6896551724137931,3067.450980392157
1830,4548,0.6125,0.309375,0.65293579086857,0.3448275862068966,3067.2
1831,5182,0.625,0.2880625,0.8888085772798457,0.27586206896551724,3066.25
1832,10170,0.8625,0.371875,0.6996542585230695,0.48275862068965514,3064.3333333333335
1833,3372,0.3625,0.059375,0.62643055053608,0.3448275862068966,3062.0
1834,6135,0.875,0.29553124999999997,0.8865317431634743,0.27586206896551724,3061.6666666666665
1835,2305,0.1125,0.308090625,0.8562823756173954,0.0,3058.8326446280994
1836,17917,0.15458624999999998,0.079471875,0.8795687266594386,0.13793103448275862,3057.5858585858587
1837,5342,0.8625,0.301878125,0.8718226719672328,0.27586206896551724,3057.5
1838,3240,0.3625,0.21301874999999998,0.8851825081315503,0.27586206896551724,3054.5833333333335
1839,13041,0.625,0.90625,0.62643055053608,0.3448275862068966,3054.0
1840,11541,0.3625,0.8023125,0.8788820624021202,0.6896551724137931,3053.725490196078
1841,7293,0.375,0.51915625,0.8878448379713287,0.6206896551724137,3053.6
1842,4975,0.625,0.246875,0.6813612817732804,0.27586206896551724,3053.3333333333335
1843,881,0.3125,0.078125,0.62643055053608,0.0,3051.7045454545455
1844,5945,0.875,0.309375,0.62643055053608,0.27586206896551724,3051.6666666666665
1845,13157,0.625,0.746875,0.62643055053608,0.3448275862068966,3050.8
1846,11142,0.125,0.746875,0.8155402963498374,0.9655172413793103,3050.740740740741
1847,10299,0.8625,0.52553125,0.8851825081315503,0.6206896551724137,3048.4
1848,11139,0.125,0.75,0.8186844958438743,0.9655172413793103,3047.777777777778
1849,3734,0.375,0.184375,0.8993374292253944,0.0,3046.435950413223
1850,6035,0.875,0.184375,0.7276641368509817,0.0,3046.435950413223
1851,13160,0.625,0.746875,0.7615106613661005,0.6896551724137931,3045.4901960784314
1852,13480,0.8625,0.684375,0.6508384531984098,0.6206896551724137,3045.2
1853,7375,0.375,0.58146875,0.9368871220334899,0.6206896551724137,3045.2
1854,5892,0.875,0.27164062499999997,0.8892302132273219,0.27586206896551724,3043.75
1855,4322,0.6125,0.33754375,0.7478014697024454,0.13793103448275862,3043.4444444444443
1856,5324,0.8625,0.28125,0.8148897723165883,0.27586206896551724,3041.25
1857,2493,0.1125,0.25,0.8155402963498374,0.13793103448275862,3040.4141414141413
1858,11107,0.125,0.8023125,0.8788820624021202,0.9655172413793103,3039.6296296296296
1859,2530,0.1125,0.3125,0.6752463558607397,0.27586206896551724,3038.75
1860,10486,0.1125,0.732625,0.8236477532827369,0.6896551724137931,3038.4313725490197
1861,8219,0.3625,0.60696875,0.8288158053246596,0.3448275862068966,3037.6
1862,11625,0.3625,0.90625,0.62643055053608,0.6206896551724137,3036.4
1863,13244,0.625,0.71440625,0.9134441633538127,0.8275862068965517,3036.3333333333335
1864,4691,0.6125,0.108721875,0.8866401638356823,0.27586206896551724,3036.25
1865,22605,0.8625,0.22748749999999998,0.984652451511866,0.0,3036.2086776859505
1866,9909,0.8625,0.36746875,0.817094325984821,0.13793103448275862,3035.3636363636365
1867,8947,0.6125,0.608875,0.8183471870858932,0.3448275862068966,3034.4
1868,6453,0.125,0.4375,0.6538959161546801,0.13793103448275862,3033.3232323232323
1869,3921,0.375,0.309375,0.62643055053608,0.3448275862068966,3031.6
1870,8969,0.6125,0.6515625,0.6754101915431876,0.6896551724137931,3031.372549019608
1871,5447,0.8625,0.153125,0.6995000602337067,0.13793103448275862,3031.3232323232323
1872,2977,0.125,0.215625,0.6509613299602457,0.0,3031.043388429752
1873,23200,0.5888125,0.179059375,0.9995904107938802,0.0,3030.940082644628
1874,6402,0.125,0.3515625,0.6612275629442236,0.13793103448275862,3030.2929292929293
1875,3086,0.125,0.048982187499999996,0.6938103842910492,0.13793103448275862,3029.282828282828
1876,22590,0.8625,0.21195312500000002,0.9818817009998795,0.13793103448275862,3027.282828282828
1877,8937,0.6125,0.590625,0.9014576557041319,0.6206896551724137,3027.2
1878,4952,0.625,0.278125,0.7428056860619202,0.0,3025.878099173554
1879,12601,0.6125,0.871875,0.6813612817732804,0.6896551724137931,3025.4901960784314
1880,21941,0.8625,0.1587375,0.9813155041561258,0.27586206896551724,3025.4166666666665
1881,12648,0.6125,0.9375,0.62643055053608,0.3448275862068966,3024.4
1882,2031,1.0,0.296875,0.6023370678231538,0.27586206896551724,3023.75
1883,3485,0.3625,0.21875,0.7725695699313335,0.13793103448275862,3023.222222222222
1884,12525,0.6125,0.778125,0.650786652210577,0.6896551724137931,3023.1372549019607
1885,11710,0.3625,0.7252500000000001,0.8892302132273219,0.9655172413793103,3022.962962962963
1886,21931,0.6962125,0.154065625,0.9788218286953378,0.13793103448275862,3022.2323232323233
1887,11338,0.3625,0.8252812500000001,0.8897964100710757,0.6896551724137931,3020.7843137254904
1888,10612,0.1125,0.90625,0.7671364895795687,0.6896551724137931,3020.0
1889,2934,0.125,0.25,0.842561137212384,0.13793103448275862,3019.181818181818
1890,12701,0.6125,0.8525625,0.8764004336826888,0.6896551724137931,3018.0392156862745
1891,20861,0.8625,0.449375,0.9661366100469823,0.6206896551724137,3013.6
1892,11693,0.3625,0.8525625,0.8764004336826888,0.6896551724137931,3013.3333333333335
1893,4927,0.625,0.3328,0.6612275629442236,0.13793103448275862,3013.1414141414143
1894,4039,0.375,0.153125,0.650786652210577,0.13793103448275862,3011.10101010101
1895,17391,0.625,0.29940625,0.8635586073966991,0.27586206896551724,3010.4166666666665
1896,7028,0.1125,0.528125,0.8717383447777376,0.3448275862068966,3010.0
1897,8359,0.625,0.60696875,0.8288158053246596,0.3448275862068966,3010.0
1898,4410,0.6125,0.107628125,0.8236477532827369,0.27586206896551724,3007.9166666666665
1899,13603,0.8625,0.84375,0.62643055053608,0.6896551724137931,3007.843137254902
1900,5588,0.8625,0.33519375,0.6691205878809782,0.6206896551724137,3004.0
1901,5264,0.8625,0.21301874999999998,0.8851825081315503,0.13793103448275862,3003.040404040404
1902,14120,0.875,0.809375,0.803589928924226,0.6896551724137931,3002.7450980392155
1903,23093,0.12499999999999992,0.16815625,0.9851222744247681,0.13793103448275862,3002.030303030303
1904,4441,0.6125,0.153125,0.8456330562582821,0.13793103448275862,3002.030303030303
1905,6015,0.875,0.194553125,0.8788820624021202,0.27586206896551724,3001.6666666666665
1906,8307,0.625,0.51915625,0.8878448379713287,0.3448275862068966,3000.4
1907,9953,0.8625,0.57128125,0.8441633538127936,0.3448275862068966,3000.0
1908,2419,0.1125,0.153125,0.62643055053608,0.48275862068965514,2999.3333333333335
1909,1896,0.0,0.09375,0.6023370678231538,0.27586206896551724,2999.1666666666665
1910,5766,0.875,0.15625,0.9501746777496686,0.27586206896551724,2999.1666666666665
1911,12883,0.625,0.7693749999999999,0.8973135766775088,0.8275862068965517,2997.3333333333335
1912,22753,0.6125,0.5244375,0.9940127695458378,0.48275862068965514,2997.3333333333335
1913,13516,0.8625,0.746875,0.7615106613661005,0.9655172413793103,2997.037037037037
1914,498,0.8125,0.46875,0.62643055053608,0.48275862068965514,2996.6666666666665
1915,7579,0.375,0.59375,0.6827141308276111,0.48275862068965514,2996.3333333333335
1916,13776,0.8625,0.715625,0.9023370678231537,0.6896551724137931,2996.078431372549
1917,10564,0.1125,0.840625,0.7736176364293459,0.8275862068965517,2994.3333333333335
1918,2110,1.0,0.9375,0.62643055053608,0.8275862068965517,2993.6666666666665
1919,9684,0.875,0.55290625,0.930333694735574,0.48275862068965514,2993.6666666666665
1920,7416,0.375,0.3515625,0.6612275629442236,0.0,2992.71694214876
1921,4557,0.6125,0.3125,0.7240621611853992,0.48275862068965514,2992.6666666666665
1922,7427,0.375,0.375,0.65293579086857,0.8275862068965517,2992.3333333333335
1923,12317,0.375,0.8189062500000001,0.8910372244307915,0.8275862068965517,2991.3333333333335
1924,1830,0.9375,0.921875,0.6023370678231538,0.9655172413793103,2990.3703703703704
1925,16725,0.5829625,0.0575940625,0.8396096855800506,0.13793103448275862,2989.909090909091
1926,6408,0.125,0.371875,0.6996542585230695,0.3448275862068966,2988.0
1927,13095,0.625,0.8195625,0.8788820624021202,0.9655172413793103,2987.037037037037
1928,5538,0.8625,0.257165625,0.8335742681604624,0.13793103448275862,2986.8585858585857
1929,3308,0.3625,0.325428125,0.7905914950006022,0.48275862068965514,2985.3333333333335
1930,5551,0.8625,0.28125,0.6827141308276111,0.27586206896551724,2985.0
1931,6696,0.125,0.38309375,0.8589928924225997,0.6206896551724137,2984.8
1932,8360,0.625,0.6135937499999999,0.8357908685700518,0.6206896551724137,2984.8
1933,9936,0.8625,0.55290625,0.930333694735574,0.48275862068965514,2984.6666666666665
1934,11046,0.125,0.871875,0.8186844958438743,0.48275862068965514,2984.3333333333335
1935,8381,0.625,0.6325937500000001,0.822816528129141,0.3448275862068966,2984.0
1936,920,0.6875,0.03125,0.62643055053608,0.13793103448275862,2982.818181818182
1937,12549,0.6125,0.8023125,0.8788820624021202,0.9655172413793103,2982.5925925925926
1938,21839,0.15475,0.15991875,0.9940127695458378,0.27586206896551724,2982.5
1939,12396,0.6125,0.912875,0.8218527888206241,0.6896551724137931,2981.9607843137255
1940,13614,0.8625,0.871875,0.8186844958438743,0.48275862068965514,2981.3333333333335
1941,12054,0.375,0.871875,0.8186844958438743,0.48275862068965514,2981.3333333333335
1942,18074,0.625,0.08065625,0.8959161546801591,0.27586206896551724,2980.4166666666665
1943,8504,0.625,0.46875,0.7000216841344417,0.3448275862068966,2980.0
1944,12142,0.375,0.75,0.6813612817732804,0.8275862068965517,2979.6666666666665
1945,7029,0.1125,0.5070625,0.8788820624021202,0.3448275862068966,2979.2
1946,8393,0.625,0.5533750000000001,0.9729671123960967,0.48275862068965514,2978.6666666666665
1947,6483,0.125,0.48981250000000004,0.8788820624021202,0.48275862068965514,2977.6666666666665
1948,927,0.25,0.03125,0.62643055053608,0.27586206896551724,2977.0833333333335
1949,11237,0.125,0.65996875,0.7669437417178653,0.8275862068965517,2976.3333333333335
1950,15995,0.6447125,0.335575,0.7552222623780267,0.13793103448275862,2975.7676767676767
1951,6137,0.875,0.28247187500000004,0.9134441633538127,0.13793103448275862,2975.7676767676767
1952,12760,0.6125,0.6875,0.7682568365257197,0.9655172413793103,2974.074074074074
1953,8187,0.3625,0.43634375,0.9653294783760993,0.48275862068965514,2973.3333333333335
1954,10893,0.125,0.6875,0.789519335019877,0.6896551724137931,2972.549019607843
1955,9746,0.875,0.38328125,0.8357908685700518,0.3448275862068966,2972.4
1956,17239,0.3625,0.299453125,0.8634501867244909,0.27586206896551724,2972.0833333333335
1957,13886,0.875,0.77584375,0.8808095410191542,0.9655172413793103,2969.6296296296296
1958,10785,0.1125,0.778125,0.9116251054089869,0.9655172413793103,2969.6296296296296
1959,5204,0.625,0.231828125,0.922840621611854,0.27586206896551724,2969.1666666666665
1960,5003,0.625,0.194553125,0.8788820624021202,0.27586206896551724,2969.1666666666665
1961,13167,0.625,0.71875,0.8009998795325863,0.8275862068965517,2967.3333333333335
1962,23471,0.8625,0.49625,0.9999638597759306,0.3448275862068966,2966.8
1963,7196,0.1125,0.63753125,0.7463052644259728,0.9655172413793103,2964.074074074074
1964,12965,0.625,0.8525625,0.8764004336826888,0.9655172413793103,2963.703703703704
1965,8271,0.3625,0.52553125,0.8851825081315503,0.6206896551724137,2963.6
1966,7123,0.1125,0.375,0.65293579086857,0.48275862068965514,2963.3333333333335
1967,10067,0.8625,0.528125,0.7000216841344417,0.3448275862068966,2962.0
1968,5390,0.8625,0.048982187499999996,0.6938103842910492,0.13793103448275862,2961.626262626263
1969,13354,0.8625,0.8252812500000001,0.8897964100710757,0.6896551724137931,2961.5686274509803
1970,14049,0.875,0.90625,0.62643055053608,0.3448275862068966,2961.2
1971,16642,0.14881,0.069675,0.8710396337790628,0.0,2960.6921487603304
1972,11525,0.3625,0.778125,0.8456330562582821,0.8275862068965517,2960.0
1973,3439,0.3625,0.15625,0.6754909047102758,0.0,2959.7623966942147
1974,21919,0.8625,0.1618625,0.9827611131189014,0.13793103448275862,2959.6060606060605
1975,3094,0.125,0.325859375,0.8049271172147935,0.13793103448275862,2958.5757575757575
1976,12168,0.375,0.715625,0.62643055053608,0.6206896551724137,2957.6
1977,5682,0.8625,0.07058125,0.8589928924225997,0.27586206896551724,2957.5
1978,1275,0.9375,0.34375,0.6023370678231538,0.3448275862068966,2954.0
1979,36,0.625,0.953125,0.62643055053608,0.6896551724137931,2953.725490196078
1980,2533,0.1125,0.3125,0.7240621611853992,0.0,2953.564049586777
1981,13180,0.625,0.715625,0.6827141308276111,0.6896551724137931,2952.156862745098
1982,6444,0.125,0.434375,0.8155402963498374,0.48275862068965514,2950.3333333333335
1983,10740,0.1125,0.6938125,0.7626671485363209,0.6896551724137931,2949.4117647058824
1984,10498,0.1125,0.75,0.7912179255511383,0.48275862068965514,2948.3333333333335
1985,17675,0.3625,0.936875,0.831478135164438,0.6896551724137931,2946.6666666666665
1986,7958,0.3625,0.6546875,0.6565474039272376,0.8275862068965517,2946.3333333333335
1987,957,0.75,0.015625,0.6023370678231538,0.27586206896551724,2945.4166666666665
1988,5928,0.875,0.3390625,0.6955848692928562,0.27586206896551724,2943.75
1989,14205,0.875,0.684375,0.7240621611853992,0.3448275862068966,2942.4
1990,9971,0.8625,0.621875,0.8107697867726779,0.48275862068965514,2942.3333333333335
1991,21292,0.8388500000000001,0.2446875,0.9565112637031683,0.13793103448275862,2940.4141414141413
1992,6404,0.125,0.36146875,0.6938103842910492,0.48275862068965514,2940.0
1993,9625,0.875,0.625,0.7240621611853992,0.8275862068965517,2938.0
1994,13483,0.8625,0.684375,0.7240621611853992,0.8275862068965517,2938.0
1995,5757,0.875,0.184375,0.92149138657993,0.27586206896551724,2937.9166666666665
1996,12601,0.6125,0.871875,0.6813612817732804,0.9655172413793103,2937.4074074074074
1997,9249,0.6125,0.5758125,0.9325864353692326,0.48275862068965514,2937.3333333333335
1998,7873,0.3625,0.371875,0.8084809059149499,0.48275862068965514,2936.6666666666665
1999,10194,0.8625,0.58828125,0.9256113721238406,0.3448275862068966,2934.4
2000,4762,0.625,0.1648125,0.945319840983014,0.0,2932.7995867768595
2001,11013,0.125,0.934375,0.7324515118660402,0.6206896551724137,2931.6
2002,13196,0.625,0.684375,0.6508384531984098,0.6206896551724137,2931.2
2003,12525,0.6125,0.778125,0.650786652210577,0.9655172413793103,2931.1111111111113
2004,5901,0.875,0.278125,0.8360558968798939,0.27586206896551724,2930.8333333333335
2005,8174,0.3625,0.531625,0.9902300927599084,0.6206896551724137,2930.8
2006,13369,0.8625,0.8190937500000001,0.9718949524153715,0.9655172413793103,2930.3703703703704
2007,5947,0.875,0.309375,0.67944103120106,0.13793103448275862,2930.2929292929293
2008,7710,0.375,0.38309375,0.8589928924225997,0.6206896551724137,2930.0
2009,9775,0.875,0.45246875,0.96883508011083,0.6206896551724137,2930.0
2010,8402,0.625,0.48734374999999996,0.9989157932779182,0.6206896551724137,2930.0
2011,1570,0.625,0.65625,0.6023370678231538,0.9655172413793103,2929.6296296296296
2012,11175,0.125,0.6875,0.7059462715335502,0.9655172413793103,2929.6296296296296
2013,9826,0.8625,0.4944375,0.8914468136369111,0.6206896551724137,2929.6
2014,6027,0.875,0.1875,0.8542103361040838,0.27586206896551724,2929.1666666666665
2015,7060,0.1125,0.46875,0.7000216841344417,0.48275862068965514,2928.6666666666665
2016,23311,0.33882500000000004,0.48224999999999996,0.9856161908203831,0.48275862068965514,2927.6666666666665
2017,11804,0.3625,0.8026562500000001,0.9049150704734369,0.8275862068965517,2927.6666666666665
2018,7257,0.1125,0.52553125,0.8851825081315503,0.6206896551724137,2926.4
2019,7550,0.375,0.559375,0.7088266473918805,0.6206896551724137,2926.4
2020,11527,0.3625,0.778125,0.62643055053608,0.9655172413793103,2925.5555555555557
2021,9983,0.8625,0.6515625,0.6754101915431876,0.6896551724137931,2925.4901960784314
2022,8989,0.6125,0.621875,0.67944103120106,0.48275862068965514,2925.3333333333335
2023,3125,0.125,0.109803125,0.9472834598241175,0.27586206896551724,2924.5833333333335
2024,4866,0.625,0.106565625,0.8349837368991687,0.0,2923.6053719008264
2025,24338,0.8625,0.8150625,0.9998554391037224,0.6896551724137931,2922.7450980392155
2026,349,0.75,0.625,0.62643055053608,0.48275862068965514,2922.3333333333335
2027,12385,0.6125,0.88815625,0.8866401638356823,0.6896551724137931,2921.9607843137255
2028,3937,0.375,0.28125,0.62643055053608,0.6206896551724137,2918.8
2029,12660,0.6125,0.9640625,0.7157583423683893,0.8275862068965517,2918.6666666666665
2030,7625,0.375,0.6025625,0.7915190940850501,0.48275862068965514,2918.3333333333335
2031,20623,0.8625,0.1399875,0.9688591735935429,0.27586206896551724,2918.3333333333335
2032,4500,0.6125,0.21875,0.6995000602337067,0.13793103448275862,2918.1717171717173
2033,10893,0.125,0.6875,0.789519335019877,0.9655172413793103,2917.037037037037
2034,9401,0.875,0.5949687499999999,0.9134441633538127,0.48275862068965514,2916.3333333333335
2035,5301,0.8625,0.256696875,0.9419226599204914,0.13793103448275862,2915.161616161616
2036,6842,0.1125,0.375,0.7682568365257197,0.48275862068965514,2914.3333333333335
2037,980,0.3125,0.046875,0.6023370678231538,0.27586206896551724,2912.0833333333335
2038,4929,0.625,0.3125,0.6508384531984098,0.8275862068965517,2909.6666666666665
2039,2798,0.125,0.08848125,0.8046500421635947,0.27586206896551724,2909.5833333333335
2040,2649,0.1125,0.090625,0.8367546078785688,0.27586206896551724,2908.75
2041,16704,0.375,0.0712375,0.8747861703409228,0.27586206896551724,2908.3333333333335
2042,3232,0.3625,0.3125,0.8084809059149499,0.27586206896551724,2906.6666666666665
2043,5509,0.8625,0.21875,0.7725695699313335,0.27586206896551724,2906.25
2044,3156,0.125,0.2878625,0.8218527888206241,0.13793103448275862,2906.050505050505
2045,14184,0.875,0.715625,0.62643055053608,0.13793103448275862,2905.040404040404
2046,13569,0.8625,0.8125,0.8542103361040838,0.48275862068965514,2904.6666666666665
2047,14163,0.875,0.75,0.8186844958438743,0.9655172413793103,2904.4444444444443
2048,3870,0.375,0.25866875,0.8647873750150584,0.13793103448275862,2904.050505050505
2049,1266,0.375,0.34375,0.6023370678231538,0.6206896551724137,2903.2
2050,5770,0.875,0.181940625,0.8914468136369111,0.27586206896551724,2902.9166666666665
2051,10035,0.8625,0.5625,0.8155402963498374,0.6206896551724137,2900.8
2052,7120,0.1125,0.38875000000000004,0.7658836284784966,0.48275862068965514,2899.6666666666665
2053,13608,0.8625,0.871875,0.6538959161546801,0.6896551724137931,2898.823529411765
2054,12182,0.375,0.6875,0.67944103120106,0.8275862068965517,2898.3333333333335
2055,13763,0.8625,0.70025,0.7775207806288399,0.48275862068965514,2897.6666666666665
2056,11590,0.3625,0.8579062499999999,0.8598602578002649,0.9655172413793103,2897.037037037037
2057,12930,0.625,0.6673125,0.7767256956993133,0.9655172413793103,2896.296296296296
2058,12316,0.375,0.8252812500000001,0.8897964100710757,0.9655172413793103,2896.296296296296
2059,6126,0.875,0.0296875,0.6565474039272376,0.13793103448275862,2895.969696969697
2060,13566,0.8625,0.809375,0.8542103361040838,0.8275862068965517,2895.6666666666665
2061,6590,0.125,0.6546875,0.716781110709553,0.8275862068965517,2894.6666666666665
2062,7025,0.1125,0.528125,0.7000216841344417,0.48275862068965514,2894.3333333333335
2063,11505,0.3625,0.75,0.8186844958438743,0.8275862068965517,2894.0
2064,8191,0.3625,0.40859375,0.9256113721238406,0.6206896551724137,2894.0
2065,17903,0.30318750000000005,0.092346875,0.9055776412480423,0.13793103448275862,2893.929292929293
2066,36,0.625,0.953125,0.62643055053608,0.9655172413793103,2893.703703703704
2067,9621,0.875,0.625,0.6996542585230695,0.3448275862068966,2892.0
2068,6606,0.125,0.64546875,0.7352017829177208,0.48275862068965514,2891.6666666666665
2069,4528,0.6125,0.2712375,0.8127815925792072,0.13793103448275862,2890.919191919192
2070,20881,0.625,0.4525,0.981195036742561,0.6206896551724137,2890.4
2071,12756,0.6125,0.6938125,0.7626671485363209,0.6206896551724137,2890.0
2072,1270,0.625,0.34375,0.6023370678231538,0.3448275862068966,2889.2
2073,7591,0.375,0.621875,0.7324515118660402,0.3448275862068966,2889.2
2074,2892,0.125,0.3390625,0.6955848692928562,0.27586206896551724,2889.1666666666665
2075,13501,0.8625,0.715625,0.62643055053608,0.6206896551724137,2888.8
2076,6701,0.125,0.403125,0.8804722322611732,0.48275862068965514,2888.6666666666665
2077,12586,0.6125,0.84375,0.8456330562582821,0.48275862068965514,2888.3333333333335
2078,11140,0.125,0.75,0.62643055053608,0.48275862068965514,2888.0
2079,12152,0.375,0.746875,0.7615106613661005,0.6896551724137931,2887.450980392157
2080,6028,0.875,0.1875,0.62643055053608,0.48275862068965514,2887.3333333333335
2081,7616,0.375,0.6476875,0.6691205878809782,0.48275862068965514,2887.0
2082,5041,0.625,0.15625,0.62643055053608,0.0,2886.4152892561983
2083,11160,0.125,0.715625,0.62643055053608,0.6206896551724137,2885.2
2084,5524,0.8625,0.246875,0.763763401999759,0.13793103448275862,2884.838383838384
2085,13797,0.8625,0.77584375,0.8808095410191542,0.9655172413793103,2883.703703703704
2086,8126,0.3625,0.403125,0.7389965064450066,0.48275862068965514,2882.3333333333335
2087,3385,0.3625,0.090625,0.7108553186363088,0.27586206896551724,2881.6666666666665
2088,7966,0.3625,0.6404062500000001,0.6778038790507167,0.6896551724137931,2878.823529411765
2089,11181,0.125,0.684375,0.7240621611853992,0.6206896551724137,2878.4
2090,1266,0.375,0.34375,0.6023370678231538,0.3448275862068966,2877.6
2091,11920,0.375,0.684375,0.8297072641850378,0.6896551724137931,2876.8627450980393
2092,4384,0.6125,0.059375,0.62643055053608,0.3448275862068966,2876.4
2093,6339,0.125,0.625,0.7448066498012287,0.6206896551724137,2875.6
2094,5463,0.8625,0.15625,0.6754909047102758,0.0,2874.948347107438
2095,4513,0.6125,0.246875,0.7912179255511383,0.13793103448275862,2874.757575757576
2096,9144,0.6125,0.403125,0.7952776773882665,0.13793103448275862,2874.757575757576
2097,3163,0.125,0.25,0.9282857487049753,0.0,2872.8822314049585
2098,13591,0.8625,0.840625,0.8471991326346222,0.48275862068965514,2871.6666666666665
2099,6703,0.125,0.3766875,0.8427538850740873,0.48275862068965514,2871.3333333333335
2100,1245,0.9375,0.3125,0.6023370678231538,0.27586206896551724,2870.8333333333335
2101,7582,0.375,0.59375,0.7952776773882665,0.48275862068965514,2870.3333333333335
2102,11119,0.125,0.778125,0.8456330562582821,0.8275862068965517,2870.3333333333335
2103,8550,0.625,0.53125,0.796928080954102,0.3448275862068966,2869.6
2104,10441,0.1125,0.68271875,0.8399349475966751,0.6896551724137931,2869.0196078431372
2105,2508,0.1125,0.278125,0.7428056860619202,0.0,2868.853305785124
2106,9155,0.6125,0.371875,0.62643055053608,0.0,2868.75
2107,4073,0.375,0.090625,0.7671364895795687,0.27586206896551724,2867.5
2108,5101,0.625,0.059375,0.62643055053608,0.3448275862068966,2867.2
2109,918,0.8125,0.03125,0.62643055053608,0.27586206896551724,2865.4166666666665
2110,11640,0.3625,0.9375,0.62643055053608,0.3448275862068966,2865.2
2111,11490,0.3625,0.71875,0.655524635586074,0.9655172413793103,2865.185185185185
2112,10729,0.1125,0.65934375,0.7478014697024454,0.9655172413793103,2863.703703703704
2113,10143,0.8625,0.40625,0.8009998795325863,0.48275862068965514,2863.6666666666665
2114,6129,0.875,0.33147187499999997,0.7863028550777015,0.48275862068965514,2863.0
2115,9024,0.6125,0.559375,0.8186844958438743,0.6206896551724137,2862.8
2116,6785,0.1125,0.4815625,0.8891097458137575,0.6206896551724137,2862.8
2117,5553,0.8625,0.28125,0.62643055053608,0.3448275862068966,2862.8
2118,1382,0.125,0.46875,0.6023370678231538,0.48275862068965514,2861.6666666666665
2119,2028,1.0,0.34375,0.6023370678231538,0.13793103448275862,2861.6060606060605
2120,7110,0.1125,0.403125,0.62643055053608,0.6206896551724137,2860.8
2121,18021,0.5829125000000001,0.079471875,0.8933863389953016,0.0,2860.5888429752067
2122,18019,0.40458750000000004,0.079471875,0.8933863389953016,0.0,2859.555785123967
2123,7966,0.3625,0.6404062500000001,0.6778038790507167,0.9655172413793103,2859.259259259259
2124,14202,0.875,0.684375,0.6996542585230695,0.8275862068965517,2859.0
2125,8948,0.6125,0.602375,0.8115046379954222,0.3448275862068966,2858.0
2126,12481,0.6125,0.6875,0.7324515118660402,0.9655172413793103,2857.777777777778
2127,6576,0.125,0.621875,0.7059462715335502,0.6206896551724137,2857.2
2128,14090,0.875,0.84375,0.8456330562582821,0.48275862068965514,2856.6666666666665
2129,11548,0.3625,0.809375,0.803589928924226,0.9655172413793103,2856.296296296296
2130,8181,0.3625,0.4799375,0.9969883146608842,0.48275862068965514,2855.6666666666665
2131,15816,0.12499999999999992,0.32128125,0.8038188170099987,0.27586206896551724,2855.4166666666665
2132,13404,0.8625,0.912875,0.8218527888206241,0.6896551724137931,2854.901960784314
2133,14154,0.875,0.75,0.8461510661366101,0.6896551724137931,2854.901960784314
2134,12481,0.6125,0.6875,0.7324515118660402,0.48275862068965514,2854.6666666666665
2135,4208,0.375,0.215625,0.9141910613179135,0.27586206896551724,2853.75
2136,1858,0.8125,0.953125,0.6023370678231538,0.9655172413793103,2853.703703703704
2137,7395,0.375,0.43634375,0.9653294783760993,0.48275862068965514,2853.3333333333335
2138,6567,0.125,0.59375,0.62643055053608,0.48275862068965514,2853.3333333333335
2139,7557,0.375,0.5625,0.8155402963498374,0.3448275862068966,2852.4
2140,8848,0.6125,0.41465625,0.8990362606914829,0.3448275862068966,2850.8
2141,3590,0.3625,0.25866875,0.8647873750150584,0.13793103448275862,2850.5151515151515
2142,9153,0.6125,0.375,0.7059462715335502,0.8275862068965517,2849.6666666666665
2143,2271,0.1125,0.27630625000000003,0.9114323575472835,0.13793103448275862,2849.5050505050503
2144,6522,0.125,0.53125,0.796928080954102,0.3448275862068966,2848.4
2145,8967,0.6125,0.6476875,0.6691205878809782,0.8275862068965517,2847.6666666666665
2146,5085,0.625,0.090625,0.7671364895795687,0.27586206896551724,2847.5
2147,8970,0.6125,0.6515625,0.6955848692928562,0.8275862068965517,2847.3333333333335
2148,796,0.9375,0.15625,0.62643055053608,0.0,2847.159090909091
2149,11130,0.125,0.75,0.8461510661366101,0.9655172413793103,2847.037037037037
2150,790,0.375,0.171875,0.62643055053608,0.13793103448275862,2845.4444444444443
2151,3485,0.3625,0.21875,0.7725695699313335,0.27586206896551724,2844.5833333333335
2152,19939,0.6125,0.25570312500000003,0.9559691603421274,0.27586206896551724,2844.1666666666665
2153,14212,0.875,0.6546875,0.716781110709553,0.6896551724137931,2841.5686274509803
2154,10343,0.1125,0.840625,0.9800385495723407,0.6896551724137931,2841.5686274509803
2155,19303,0.398775,0.11342812499999999,0.9523310444524755,0.27586206896551724,2841.25
2156,12521,0.6125,0.75,0.8461510661366101,0.6896551724137931,2840.392156862745
2157,11473,0.3625,0.6875,0.7324515118660402,0.6896551724137931,2839.607843137255
2158,4522,0.6125,0.25,0.6804637995422238,0.27586206896551724,2839.1666666666665
2159,8507,0.625,0.46875,0.62643055053608,0.6206896551724137,2838.8
2160,2785,0.125,0.090625,0.8804722322611732,0.13793103448275862,2838.3939393939395
2161,1123,0.8125,0.1875,0.6023370678231538,0.13793103448275862,2838.373737373737
2162,7387,0.375,0.49474999999999997,0.9998795325864354,0.48275862068965514,2838.3333333333335
2163,21826,0.14874749999999998,0.15718125,0.9926876279966268,0.0,2836.8285123966944
2164,4608,0.6125,0.246875,0.8807252138296592,0.0,2836.8285123966944
2165,4934,0.625,0.309375,0.7059462715335502,0.3448275862068966,2836.0
2166,8677,0.625,0.40625,0.8578604987350921,0.3448275862068966,2836.0
2167,6199,0.875,0.25,0.9282857487049753,0.0,2835.7954545454545
2168,10605,0.1125,0.903125,0.655524635586074,0.6206896551724137,2835.6
2169,11947,0.375,0.71875,0.8360558968798939,0.8275862068965517,2834.6666666666665
2170,11160,0.125,0.715625,0.62643055053608,0.3448275862068966,2834.4
2171,12927,0.625,0.684375,0.7660281893747741,0.6896551724137931,2833.3333333333335
2172,3772,0.375,0.125,0.8586917238886881,0.0,2832.5929752066118
2173,17699,0.15458875,0.9380625,0.8281532345500542,0.8275862068965517,2832.3333333333335
2174,9391,0.875,0.64609375,0.762462353933261,0.48275862068965514,2831.6666666666665
2175,1261,0.0625,0.34375,0.6023370678231538,0.3448275862068966,2831.6
2176,7583,0.375,0.59859375,0.7859414528370076,0.8275862068965517,2828.6666666666665
2177,87,0.25,0.90625,0.62643055053608,0.9655172413793103,2827.037037037037
2178,13603,0.8625,0.84375,0.62643055053608,0.9655172413793103,2825.925925925926
2179,948,0.1875,0.015625,0.6023370678231538,0.27586206896551724,2825.8333333333335
2180,23304,0.12499999999999992,0.48065625,0.9851222744247681,0.6206896551724137,2825.6
2181,5207,0.625,0.24490625000000002,0.9562703288760389,0.13793103448275862,2825.2626262626263
2182,12734,0.6125,0.6761250000000001,0.733739308517046,0.9655172413793103,2825.185185185185
2183,14200,0.875,0.6875,0.62643055053608,0.27586206896551724,2825.0
2184,11504,0.3625,0.746875,0.62643055053608,0.8275862068965517,2824.6666666666665
2185,10465,0.1125,0.6875,0.7324515118660402,0.48275862068965514,2824.3333333333335
2186,6895,0.1125,0.5464687500000001,0.9138296590772196,0.6206896551724137,2822.8
2187,13709,0.8625,0.8525625,0.8764004336826888,0.9655172413793103,2819.6296296296296
2188,9578,0.875,0.559375,0.7088266473918805,0.6206896551724137,2819.2
2189,5084,0.625,0.090625,0.62643055053608,0.48275862068965514,2818.6666666666665
2190,2016,1.0,0.53125,0.6023370678231538,0.48275862068965514,2817.3333333333335
2191,4544,0.6125,0.29089062499999996,0.7761354053728465,0.6206896551724137,2817.2
2192,11331,0.3625,0.83375,0.9009275990844476,0.6896551724137931,2816.078431372549
2193,9521,0.875,0.46875,0.62643055053608,0.48275862068965514,2815.3333333333335
2194,6096,0.875,0.090625,0.62643055053608,0.48275862068965514,2814.6666666666665
2195,23469,0.8625,0.4806875,0.9972292494880134,0.48275862068965514,2814.3333333333335
2196,14032,0.875,0.9375,0.62643055053608,0.48275862068965514,2814.0
2197,8606,0.625,0.621875,0.62643055053608,0.3448275862068966,2814.0
2198,10659,0.1125,0.934375,0.789519335019877,0.9655172413793103,2813.703703703704
2199,8951,0.6125,0.6025625,0.7915190940850501,0.48275862068965514,2813.3333333333335
2200,9943,0.8625,0.55296875,0.8653294783760993,0.48275862068965514,2813.3333333333335
2201,11764,0.3625,0.709,0.8218527888206241,0.6896551724137931,2812.549019607843
2202,8923,0.6125,0.5464687500000001,0.9138296590772196,0.3448275862068966,2812.0
2203,20251,0.648775,0.56971875,0.953981448018311,0.48275862068965514,2810.6666666666665
2204,11592,0.3625,0.871875,0.6538959161546801,0.8275862068965517,2810.0
2205,14126,0.875,0.809375,0.6517383447777376,0.8275862068965517,2809.0
2206,13191,0.625,0.6875,0.7059462715335502,0.6206896551724137,2807.2
2207,10410,0.1125,0.90078125,0.9256113721238406,0.6896551724137931,2805.4901960784314
2208,13763,0.8625,0.70025,0.7775207806288399,0.8275862068965517,2805.3333333333335
2209,3948,0.375,0.2712375,0.8127815925792072,0.13793103448275862,2805.060606060606
2210,11492,0.3625,0.71875,0.8009998795325863,0.8275862068965517,2804.6666666666665
2211,7040,0.1125,0.5,0.8289001325141548,0.48275862068965514,2804.3333333333335
2212,7946,0.3625,0.63325,0.733739308517046,0.8275862068965517,2804.3333333333335
2213,3540,0.3625,0.309375,0.62643055053608,0.3448275862068966,2803.2
2214,4179,0.375,0.263153125,0.8866401638356823,0.27586206896551724,2802.5
2215,1386,0.375,0.46875,0.6023370678231538,0.48275862068965514,2802.3333333333335
2216,1390,0.625,0.46875,0.6023370678231538,0.48275862068965514,2802.3333333333335
2217,10001,0.8625,0.621875,0.62643055053608,0.6206896551724137,2801.6
2218,7921,0.3625,0.57765625,0.8770148174918684,0.48275862068965514,2799.3333333333335
2219,11178,0.125,0.684375,0.6996542585230695,0.48275862068965514,2799.0
2220,3176,0.125,0.21875,0.978279725334297,0.13793103448275862,2798.979797979798
2221,1111,0.0625,0.1875,0.6023370678231538,0.13793103448275862,2797.989898989899
2222,7810,0.3625,0.44381250000000005,0.9451270931213106,0.3448275862068966,2797.6
2223,3154,0.125,0.30108437499999996,0.8357908685700518,0.27586206896551724,2797.0833333333335
2224,12148,0.375,0.75,0.62643055053608,0.48275862068965514,2797.0
2225,20805,0.6125,0.4525,0.981195036742561,0.3448275862068966,2796.8
2226,3090,0.125,0.0296875,0.6565474039272376,0.13793103448275862,2794.959595959596
2227,4401,0.6125,0.090625,0.62643055053608,0.48275862068965514,2794.3333333333335
2228,1567,0.4375,0.65625,0.6023370678231538,0.6896551724137931,2792.156862745098
2229,10109,0.8625,0.46875,0.62643055053608,0.6206896551724137,2791.6
2230,13931,0.875,0.65934375,0.7478014697024454,0.9655172413793103,2789.6296296296296
2231,11950,0.375,0.7315625,0.8349837368991687,0.8275862068965517,2787.3333333333335
2232,14204,0.875,0.684375,0.6508384531984098,0.6206896551724137,2787.2
2233,2465,0.1125,0.215625,0.7981448018311047,0.13793103448275862,2786.878787878788
2234,7344,0.375,0.600375,0.8218527888206241,0.6206896551724137,2786.0
2235,13112,0.625,0.809375,0.803589928924226,0.6896551724137931,2785.098039215686
2236,19943,0.375,0.25565625000000003,0.9560293940489097,0.27586206896551724,2784.5833333333335
2237,9879,0.8625,0.403125,0.8367546078785688,0.48275862068965514,2782.3333333333335
2238,12038,0.375,0.903125,0.6846187206360679,0.6896551724137931,2781.9607843137255
2239,5552,0.8625,0.28125,0.6545717383447777,0.27586206896551724,2781.6666666666665
2240,7466,0.375,0.4375,0.6813612817732804,0.6206896551724137,2781.6
2241,996,0.375,0.0625,0.6023370678231538,0.13793103448275862,2780.7979797979797
2242,3147,0.125,0.3187625,0.7455559571136007,0.13793103448275862,2777.787878787879
2243,4758,0.625,0.181940625,0.8914468136369111,0.27586206896551724,2777.5
2244,10448,0.1125,0.6546875,0.716781110709553,0.9655172413793103,2777.037037037037
2245,7674,0.375,0.36546875,0.7209938561619081,0.48275862068965514,2777.0
2246,5952,0.875,0.29089062499999996,0.7761354053728465,0.3448275862068966,2774.8
2247,2856,0.125,0.27164062499999997,0.8892302132273219,0.13793103448275862,2774.757575757576
2248,10605,0.1125,0.903125,0.655524635586074,0.3448275862068966,2774.4
2249,9455,0.875,0.375,0.65293579086857,0.6206896551724137,2774.0
2250,805,0.375,0.15625,0.62643055053608,0.0,2773.811983471074
2251,801,0.625,0.15625,0.62643055053608,0.0,2773.811983471074
2252,23786,0.15469,0.188853125,0.9999277195518612,0.0,2773.7086776859505
2253,12988,0.625,0.90840625,0.8046500421635947,0.9655172413793103,2772.962962962963
2254,13146,0.625,0.75,0.8461510661366101,0.9655172413793103,2772.5925925925926
2255,21294,0.8625,0.233828125,0.9671967232863511,0.27586206896551724,2772.0833333333335
2256,7956,0.3625,0.6515625,0.6955848692928562,0.8275862068965517,2771.6666666666665
2257,6340,0.125,0.63125,0.7455559571136007,0.48275862068965514,2770.6666666666665
2258,9738,0.875,0.38309375,0.8589928924225997,0.6206896551724137,2769.2
2259,9179,0.6125,0.5949687499999999,0.9134441633538127,0.48275862068965514,2768.6666666666665
2260,2497,0.1125,0.25,0.7074798217082279,0.0,2767.6136363636365
2261,12182,0.375,0.6875,0.67944103120106,0.6896551724137931,2767.450980392157
2262,4861,0.625,0.09375,0.8796530538489338,0.27586206896551724,2767.0833333333335
2263,10504,0.1125,0.75,0.62643055053608,0.48275862068965514,2767.0
2264,21310,0.8625,0.24623750000000003,0.9673292374412721,0.27586206896551724,2766.6666666666665
2265,21805,0.1546575,0.1451,0.9729189254306709,0.27586206896551724,2766.25
2266,5765,0.875,0.15625,0.9280809541019153,0.27586206896551724,2765.8333333333335
2267,13521,0.8625,0.75,0.8186844958438743,0.6896551724137931,2765.4901960784314
2268,13155,0.625,0.75,0.8186844958438743,0.48275862068965514,2765.0
2269,1088,0.5,0.15625,0.6023370678231538,0.0,2764.5144628099174
2270,3512,0.3625,0.25,0.62643055053608,0.6206896551724137,2764.0
2271,5465,0.8625,0.15625,0.62643055053608,0.48275862068965514,2761.3333333333335
2272,6370,0.125,0.5169374999999999,0.9969883146608842,0.6206896551724137,2760.8
2273,3281,0.3625,0.263153125,0.8866401638356823,0.13793103448275862,2759.5858585858587
2274,3077,0.125,0.059375,0.62643055053608,0.6896551724137931,2758.823529411765
2275,2301,0.1125,0.33147187499999997,0.7863028550777015,0.48275862068965514,2758.0
2276,12352,0.6125,0.8125,0.8915552343091193,0.8275862068965517,2757.3333333333335
2277,16914,0.375,0.37128125,0.8280327671364895,0.48275862068965514,2757.3333333333335
2278,8454,0.625,0.403125,0.7952776773882665,0.13793103448275862,2756.5757575757575
2279,10832,0.125,0.78125,0.8838935068064088,0.9655172413793103,2753.703703703704
2280,9381,0.875,0.625,0.7448066498012287,0.3448275862068966,2752.8
2281,8212,0.3625,0.625,0.7448066498012287,0.6206896551724137,2751.6
2282,13951,0.875,0.6616875,0.6691205878809782,0.6206896551724137,2750.8
2283,6709,0.125,0.4210625,0.9325864353692326,0.6206896551724137,2750.0
2284,23656,0.625,0.805625,0.9877002770750511,0.8275862068965517,2748.3333333333335
2285,9455,0.875,0.375,0.65293579086857,0.8275862068965517,2748.0
2286,6428,0.125,0.40625,0.7718949524153716,0.0,2747.9855371900826
2287,13647,0.8625,0.929875,0.7440320443320082,0.48275862068965514,2747.3333333333335
2288,13485,0.8625,0.6875,0.7059462715335502,0.3448275862068966,2746.4
2289,12125,0.375,0.78125,0.62643055053608,0.8275862068965517,2746.0
2290,16842,0.12499999999999992,0.37128125,0.8280327671364895,0.48275862068965514,2745.6666666666665
2291,12920,0.625,0.678125,0.7455559571136007,0.6896551724137931,2745.4901960784314
2292,16614,0.125,0.0712375,0.8605951090230093,0.0,2744.8863636363635
2293,9494,0.875,0.4375,0.6813612817732804,0.3448275862068966,2744.8
2294,2946,0.125,0.246875,0.8186844958438743,0.48275862068965514,2744.6666666666665
2295,6054,0.875,0.153125,0.62643055053608,0.48275862068965514,2744.0
2296,3750,0.375,0.1648125,0.945319840983014,0.0,2743.75
2297,13048,0.625,0.903125,0.8009998795325863,0.9655172413793103,2743.703703703704
2298,3905,0.375,0.3390625,0.7157583423683893,0.48275862068965514,2743.6666666666665
2299,11575,0.3625,0.840625,0.8471991326346222,0.6896551724137931,2743.1372549019607
2300,10584,0.1125,0.871875,0.6538959161546801,0.8275862068965517,2743.0
2301,11513,0.3625,0.75,0.8461510661366101,0.6896551724137931,2742.7450980392155
2302,17889,0.31515,0.0838,0.8887844837971327,0.13793103448275862,2742.4343434343436
2303,3958,0.375,0.246875,0.8186844958438743,0.13793103448275862,2741.40404040404
2304,15033,0.12499999999999992,0.036905625,0.7574509095289723,0.13793103448275862,2741.40404040404
2305,3608,0.3625,0.113090625,0.8441633538127936,0.13793103448275862,2740.4141414141413
2306,14154,0.875,0.75,0.8461510661366101,0.9655172413793103,2740.3703703703704
2307,6451,0.125,0.4375,0.7088266473918805,0.48275862068965514,2739.6666666666665
2308,3928,0.375,0.29089062499999996,0.7761354053728465,0.3448275862068966,2739.2
2309,12731,0.6125,0.6578125,0.735933020118058,0.8275862068965517,2738.6666666666665
2310,13528,0.8625,0.75,0.62643055053608,0.48275862068965514,2737.6666666666665
2311,10560,0.1125,0.840625,0.6754909047102758,0.8275862068965517,2736.3333333333335
2312,12183,0.375,0.6875,0.7059462715335502,0.3448275862068966,2735.6
2313,13469,0.8625,0.65996875,0.7669437417178653,0.6896551724137931,2734.901960784314
2314,20502,0.12500000000000006,0.1368625,0.9661366100469823,0.0,2734.555785123967
2315,6219,0.875,0.24490625000000002,0.9562703288760389,0.0,2734.555785123967
2316,11075,0.125,0.840625,0.7000216841344417,0.8275862068965517,2733.6666666666665
2317,6053,0.875,0.15625,0.62643055053608,0.48275862068965514,2733.3333333333335
2318,8006,0.3625,0.5625,0.7885315022286471,0.6206896551724137,2731.6
2319,2750,0.125,0.153125,0.9338392964703047,0.27586206896551724,2731.25
2320,10299,0.8625,0.52553125,0.8851825081315503,0.3448275862068966,2730.0
2321,5911,0.875,0.303071875,0.7626671485363209,0.13793103448275862,2729.282828282828
2322,12521,0.6125,0.75,0.8461510661366101,0.9655172413793103,2729.259259259259
2323,12558,0.6125,0.809375,0.8542103361040838,0.48275862068965514,2728.0
2324,4568,0.6125,0.3390625,0.7157583423683893,0.48275862068965514,2728.0
2325,12147,0.375,0.75,0.8186844958438743,0.9655172413793103,2724.4444444444443
2326,15914,0.6125,0.3337375,0.7619563907962895,0.0,2722.055785123967
2327,5455,0.8625,0.153125,0.62643055053608,0.48275862068965514,2721.0
2328,2028,1.0,0.34375,0.6023370678231538,0.0,2719.9896694214876
2329,22847,0.8625,0.5244375,0.9940127695458378,0.6206896551724137,2718.4
2330,8571,0.625,0.5625,0.8155402963498374,0.3448275862068966,2715.6
2331,2921,0.125,0.28125,0.6827141308276111,0.13793103448275862,2713.121212121212
2332,12189,0.375,0.684375,0.7240621611853992,0.3448275862068966,2712.0
2333,3341,0.3625,0.1381875,0.9796651005902903,0.27586206896551724,2711.6666666666665
2334,5176,0.625,0.28125,0.9023370678231537,0.27586206896551724,2710.0
2335,2377,0.1125,0.090625,0.62643055053608,0.48275862068965514,2709.0
2336,9604,0.875,0.59375,0.7671364895795687,0.3448275862068966,2708.8
2337,4917,0.625,0.3390625,0.7157583423683893,0.48275862068965514,2708.0
2338,3389,0.3625,0.090625,0.62643055053608,0.48275862068965514,2707.6666666666665
