rank,node_number,x_n,y_n,z_n,t_n,score
1,11632,0.3625,0.934375,0.65293579086857,0.8275862068965517,46253.84553846153
2,19403,0.3625,0.42750000000000005,0.9416696783520058,0.48275862068965514,18180.90836363636
3,12712,0.6125,0.73809375,0.8441633538127936,0.13793103448275862,16701.665999999997
4,16001,0.8625,0.321328125,0.8036742561137211,0.0,11112.221333333331
5,10489,0.1125,0.746875,0.6804637995422238,0.0,10036.776999999998
6,2632,0.1125,0.0531140625,0.7455559571136007,0.27586206896551724,10002.999199999998
7,12641,0.6125,0.934375,0.67944103120106,0.6896551724137931,9115.453818181817
8,5162,0.625,0.31689375000000003,0.817094325984821,0.6896551724137931,9091.817454545453
9,15654,0.47385,0.6652812499999999,0.7695819780749307,0.27586206896551724,7995.599299999999
10,11399,0.3625,0.95003125,0.7463052644259728,0.0,7748.5547777777765
11,12925,0.625,0.684375,0.8084809059149499,0.0,7745.221444444443
12,9644,0.875,0.6476875,0.6691205878809782,0.27586206896551724,6969.199299999998
13,14287,0.875,0.875,0.9282857487049753,0.0,6663.776999999998
14,19106,0.40463749999999993,0.9161875,0.8960004818696542,0.6206896551724137,5993.399299999999
15,16457,0.394875,0.9444687500000001,0.8094085049993975,1.0,5916.330532544377
16,18649,0.375,0.2931125,0.8918564028430309,0.13793103448275862,5833.416083333333
17,19315,0.4046125,0.10135000000000001,0.9344054933140584,0.13793103448275862,5833.416083333333
18,10747,0.1125,0.702125,0.8743645343934465,0.9655172413793103,5462.635727272726
19,969,0.5625,0.03125,0.6023370678231538,0.9655172413793103,5454.726636363635
20,2835,0.125,0.11969062500000001,0.8525719792796047,0.27586206896551724,5000.4992999999995
21,5216,0.625,0.18979375,0.9878207444886157,0.27586206896551724,4999.799299999999
22,22993,0.4344625000000001,0.84859375,0.987411155282496,0.3448275862068966,4974.599299999999
23,24230,0.4046875,0.81384375,0.9878809781953981,0.48275862068965514,4596.453909090908
24,9713,0.875,0.35481250000000003,0.7767256956993133,0.9655172413793103,4543.453909090908
25,11918,0.375,0.684375,0.7872545476448619,0.6896551724137931,4525.27209090909
26,10429,0.1125,0.7631875,0.9796651005902903,0.9655172413793103,4469.635727272726
27,3144,0.125,0.33754375,0.7478014697024454,0.0,4443.999222222222
28,17765,0.49375,0.9290625,0.8521021563667028,0.13793103448275862,4163.499416666666
29,20232,0.625,0.56503125,0.9599807252138296,0.6896551724137931,3636.5448181818174
30,16094,0.3625,0.63065625,0.8133477894229612,1.0,3553.6086390532537
31,11534,0.3625,0.78125,0.7000216841344417,0.0,3344.554777777777
32,15386,0.6125,0.365,0.8096373930851704,0.8275862068965517,3075.691769230769
33,4478,0.6125,0.1875,0.62643055053608,0.6206896551724137,2996.4992999999995
34,13837,0.8625,0.8028437499999999,0.9873750150584266,1.0,2409.703313609467
35,3824,0.375,0.059375,0.8297072641850378,1.0,2366.74473372781
36,11538,0.3625,0.78125,0.8717383447777376,0.3448275862068966,2039.0992999999996
37,19167,0.81515,0.911875,0.9048427900252981,0.9655172413793103,1819.3629999999996
38,8460,0.625,0.40625,0.655524635586074,0.13793103448275862,1672.0827499999998
39,23600,0.5651375,0.7963125,0.9860378267678592,0.13793103448275862,1662.0827499999998
40,7089,0.1125,0.4375,0.8186844958438743,0.8275862068965517,1535.1533076923074
41,13537,0.8625,0.778125,0.7482110589085652,0.6896551724137931,915.3629999999998
42,7958,0.3625,0.6546875,0.6565474039272376,1.0,846.0466272189348
43,9553,0.875,0.528125,0.7000216841344417,0.27586206896551724,803.5493999999999
44,3220,0.125,0.171375,0.9402361161305867,1.0,710.1176331360945
45,10132,0.8625,0.4375,0.62643055053608,0.13793103448275862,667.2744999999999
46,7589,0.375,0.621875,0.67944103120106,1.0,600.5910059171596
47,7263,0.1125,0.517,0.9166606432959884,0.27586206896551724,499.3793999999999
48,9491,0.875,0.4375,0.763763401999759,0.8275862068965517,460.6072307692307
49,11640,0.3625,0.9375,0.62643055053608,1.0,356.80473372781057
50,12648,0.6125,0.9375,0.62643055053608,1.0,353.96449704142003
51,13024,0.625,0.9375,0.62643055053608,1.0,343.66863905325437
52,12016,0.375,0.9375,0.62643055053608,1.0,342.8402366863905
53,10632,0.1125,0.9375,0.62643055053608,1.0,341.30177514792894
54,14032,0.875,0.9375,0.62643055053608,1.0,336.6863905325443
55,11640,0.3625,0.9375,0.62643055053608,0.27586206896551724,308.99999999999994
56,12648,0.6125,0.9375,0.62643055053608,0.27586206896551724,306.99999999999994
57,13656,0.8625,0.9375,0.62643055053608,0.27586206896551724,305.99999999999994
58,11008,0.125,0.9375,0.62643055053608,0.27586206896551724,301.99999999999994
59,10632,0.1125,0.9375,0.62643055053608,0.27586206896551724,299.99999999999994
60,12016,0.375,0.9375,0.62643055053608,0.27586206896551724,299.99999999999994
61,13024,0.625,0.9375,0.62643055053608,0.27586206896551724,298.99999999999994
62,11640,0.3625,0.9375,0.62643055053608,0.6206896551724137,295.99999999999994
63,14032,0.875,0.9375,0.62643055053608,0.27586206896551724,294.99999999999994
64,12648,0.6125,0.9375,0.62643055053608,0.6206896551724137,293.99999999999994
65,13656,0.8625,0.9375,0.62643055053608,0.6206896551724137,291.99999999999994
66,12016,0.375,0.9375,0.62643055053608,0.6206896551724137,286.99999999999994
67,13024,0.625,0.9375,0.62643055053608,0.6206896551724137,285.99999999999994
68,11008,0.125,0.9375,0.62643055053608,0.6206896551724137,285.99999999999994
69,11639,0.3625,0.9375,0.6508384531984098,1.0,285.2071005917159
70,10632,0.1125,0.9375,0.62643055053608,0.6206896551724137,284.99999999999994
71,11640,0.3625,0.9375,0.62643055053608,0.9655172413793103,284.5454545454545
72,14032,0.875,0.9375,0.62643055053608,0.6206896551724137,281.99999999999994
73,12647,0.6125,0.9375,0.6508384531984098,1.0,281.8934911242603
74,11640,0.3625,0.9375,0.62643055053608,0.0,281.11111111111103
75,12648,0.6125,0.9375,0.62643055053608,0.0,281.11111111111103
76,12648,0.6125,0.9375,0.62643055053608,0.9655172413793103,279.99999999999994
77,13656,0.8625,0.9375,0.62643055053608,0.0,278.88888888888886
78,13656,0.8625,0.9375,0.62643055053608,0.9655172413793103,278.18181818181813
79,11008,0.125,0.9375,0.62643055053608,0.0,277.7777777777777
80,12016,0.375,0.9375,0.62643055053608,0.0,276.66666666666663
81,13021,0.625,0.9375,0.6508384531984098,1.0,275.9763313609467
82,13024,0.625,0.9375,0.62643055053608,0.0,275.5555555555555
83,10632,0.1125,0.9375,0.62643055053608,0.0,274.4444444444444
84,13024,0.625,0.9375,0.62643055053608,0.9655172413793103,273.63636363636357
85,12016,0.375,0.9375,0.62643055053608,0.9655172413793103,272.7272727272727
86,14032,0.875,0.9375,0.62643055053608,0.0,272.2222222222222
87,10632,0.1125,0.9375,0.62643055053608,0.9655172413793103,270.9090909090909
88,14032,0.875,0.9375,0.62643055053608,0.9655172413793103,269.99999999999994
89,11640,0.3625,0.9375,0.62643055053608,0.3448275862068966,268.99999999999994
90,10631,0.1125,0.9375,0.6508384531984098,1.0,268.4023668639053
91,11008,0.125,0.9375,0.62643055053608,0.9655172413793103,268.18181818181813
92,12013,0.375,0.9375,0.6508384531984098,1.0,268.16568047337273
93,12648,0.6125,0.9375,0.62643055053608,0.3448275862068966,266.99999999999994
94,14029,0.875,0.9375,0.6508384531984098,1.0,265.56213017751475
95,11008,0.125,0.9375,0.62643055053608,1.0,265.36094674556205
96,11640,0.3625,0.9375,0.62643055053608,0.48275862068965514,264.5454545454545
97,12017,0.375,0.934375,0.62643055053608,1.0,264.37869822485203
98,13656,0.8625,0.9375,0.62643055053608,0.3448275862068966,263.99999999999994
99,12648,0.6125,0.9375,0.62643055053608,0.48275862068965514,262.7272727272727
100,13656,0.8625,0.9375,0.62643055053608,0.48275862068965514,261.81818181818176
101,12016,0.375,0.9375,0.62643055053608,0.3448275862068966,258.99999999999994
102,13024,0.625,0.9375,0.62643055053608,0.3448275862068966,258.99999999999994
103,10632,0.1125,0.9375,0.62643055053608,0.3448275862068966,257.99999999999994
104,11008,0.125,0.9375,0.62643055053608,0.3448275862068966,257.99999999999994
105,11009,0.125,0.934375,0.62643055053608,1.0,256.4497041420118
106,10632,0.1125,0.9375,0.62643055053608,0.48275862068965514,255.4545454545454
107,12016,0.375,0.9375,0.62643055053608,0.48275862068965514,255.4545454545454
108,13024,0.625,0.9375,0.62643055053608,0.48275862068965514,255.4545454545454
109,11008,0.125,0.9375,0.62643055053608,0.48275862068965514,255.4545454545454
110,14032,0.875,0.9375,0.62643055053608,0.3448275862068966,254.99999999999994
111,13652,0.8625,0.934375,0.62643055053608,1.0,253.49112426035498
112,14032,0.875,0.9375,0.62643055053608,0.48275862068965514,251.81818181818178
113,14033,0.875,0.934375,0.62643055053608,1.0,251.62130177514788
114,12644,0.6125,0.934375,0.62643055053608,1.0,250.65088757396444
115,13025,0.625,0.934375,0.62643055053608,1.0,250.35502958579877
116,11640,0.3625,0.9375,0.62643055053608,0.6896551724137931,249.99999999999997
117,11639,0.3625,0.9375,0.6508384531984098,0.27586206896551724,248.99999999999994
118,10628,0.1125,0.934375,0.62643055053608,1.0,248.87573964497037
119,12647,0.6125,0.9375,0.6508384531984098,0.27586206896551724,247.99999999999994
120,12648,0.6125,0.9375,0.62643055053608,0.6896551724137931,246.36363636363632
121,13656,0.8625,0.9375,0.62643055053608,0.6896551724137931,245.4545454545454
122,13655,0.8625,0.9375,0.6508384531984098,0.27586206896551724,243.99999999999994
123,11005,0.125,0.9375,0.6508384531984098,0.27586206896551724,242.99999999999994
124,10631,0.1125,0.9375,0.6508384531984098,0.27586206896551724,240.99999999999994
125,12013,0.375,0.9375,0.6508384531984098,0.27586206896551724,240.99999999999994
126,13021,0.625,0.9375,0.6508384531984098,0.27586206896551724,240.99999999999994
127,12016,0.375,0.9375,0.62643055053608,0.6896551724137931,239.09090909090907
128,13024,0.625,0.9375,0.62643055053608,0.6896551724137931,239.09090909090907
129,10632,0.1125,0.9375,0.62643055053608,0.6896551724137931,238.18181818181813
130,11639,0.3625,0.9375,0.6508384531984098,0.6206896551724137,236.99999999999994
131,14032,0.875,0.9375,0.62643055053608,0.6896551724137931,236.36363636363632
132,14029,0.875,0.9375,0.6508384531984098,0.27586206896551724,234.99999999999994
133,12017,0.375,0.934375,0.62643055053608,0.27586206896551724,234.99999999999994
134,12647,0.6125,0.9375,0.6508384531984098,0.6206896551724137,234.99999999999994
135,11008,0.125,0.9375,0.62643055053608,0.6896551724137931,234.5454545454545
136,14033,0.875,0.934375,0.62643055053608,0.27586206896551724,233.99999999999997
137,12016,0.375,0.9375,0.62643055053608,0.13793103448275862,233.3333333333333
138,11640,0.3625,0.9375,0.62643055053608,0.13793103448275862,233.3333333333333
139,12648,0.6125,0.9375,0.62643055053608,0.13793103448275862,233.3333333333333
140,13655,0.8625,0.9375,0.6508384531984098,0.6206896551724137,231.99999999999997
141,11639,0.3625,0.9375,0.6508384531984098,0.9655172413793103,229.09090909090907
142,10628,0.1125,0.934375,0.62643055053608,0.27586206896551724,228.99999999999997
143,12013,0.375,0.9375,0.6508384531984098,0.6206896551724137,228.99999999999997
144,13021,0.625,0.9375,0.6508384531984098,0.6206896551724137,228.99999999999997
145,13025,0.625,0.934375,0.62643055053608,0.27586206896551724,228.99999999999997
146,11005,0.125,0.9375,0.6508384531984098,0.6206896551724137,226.99999999999997
147,10631,0.1125,0.9375,0.6508384531984098,0.6206896551724137,226.99999999999997
148,11009,0.125,0.934375,0.62643055053608,0.27586206896551724,226.99999999999997
149,11639,0.3625,0.9375,0.6508384531984098,0.0,225.55555555555551
150,12647,0.6125,0.9375,0.6508384531984098,0.0,225.55555555555551
151,12647,0.6125,0.9375,0.6508384531984098,0.9655172413793103,225.4545454545454
152,10632,0.1125,0.9375,0.62643055053608,0.13793103448275862,224.99999999999997
153,13024,0.625,0.9375,0.62643055053608,0.13793103448275862,224.99999999999997
154,11008,0.125,0.9375,0.62643055053608,0.13793103448275862,224.99999999999997
155,13656,0.8625,0.9375,0.62643055053608,0.13793103448275862,224.99999999999997
156,11636,0.3625,0.934375,0.62643055053608,0.27586206896551724,224.99999999999997
157,14029,0.875,0.9375,0.6508384531984098,0.6206896551724137,223.99999999999997
158,13655,0.8625,0.9375,0.6508384531984098,0.9655172413793103,223.6363636363636
159,11005,0.125,0.9375,0.6508384531984098,0.0,223.3333333333333
160,11640,0.3625,0.9375,0.62643055053608,0.8275862068965517,223.07692307692304
161,13652,0.8625,0.934375,0.62643055053608,0.27586206896551724,222.99999999999997
162,12013,0.375,0.9375,0.6508384531984098,0.0,222.22222222222217
163,13021,0.625,0.9375,0.6508384531984098,0.0,222.22222222222217
164,13655,0.8625,0.9375,0.6508384531984098,0.0,222.22222222222217
165,12644,0.6125,0.934375,0.62643055053608,0.27586206896551724,221.99999999999997
166,14033,0.875,0.934375,0.62643055053608,0.6206896551724137,220.99999999999997
167,12017,0.375,0.934375,0.62643055053608,0.6206896551724137,220.99999999999997
168,13021,0.625,0.9375,0.6508384531984098,0.9655172413793103,220.90909090909088
169,12013,0.375,0.9375,0.6508384531984098,0.9655172413793103,219.99999999999997
170,10631,0.1125,0.9375,0.6508384531984098,0.0,218.88888888888886
171,13025,0.625,0.934375,0.62643055053608,0.6206896551724137,216.99999999999997
172,14032,0.875,0.9375,0.62643055053608,0.13793103448275862,216.66666666666663
173,14029,0.875,0.9375,0.6508384531984098,0.0,216.66666666666663
174,14029,0.875,0.9375,0.6508384531984098,0.9655172413793103,216.36363636363632
175,10631,0.1125,0.9375,0.6508384531984098,0.9655172413793103,216.36363636363632
176,12017,0.375,0.934375,0.62643055053608,0.0,215.55555555555551
177,12018,0.375,0.934375,0.7059462715335502,1.0,215.5029585798816
178,11005,0.125,0.9375,0.6508384531984098,0.9655172413793103,215.4545454545454
179,14032,0.875,0.9375,0.62643055053608,0.8275862068965517,215.38461538461536
180,10632,0.1125,0.9375,0.62643055053608,0.8275862068965517,215.38461538461536
181,13656,0.8625,0.9375,0.62643055053608,0.8275862068965517,215.38461538461536
182,12648,0.6125,0.9375,0.62643055053608,0.8275862068965517,215.38461538461536
183,10628,0.1125,0.934375,0.62643055053608,0.6206896551724137,214.99999999999997
184,11639,0.3625,0.9375,0.6508384531984098,0.3448275862068966,214.99999999999997
185,14033,0.875,0.934375,0.62643055053608,0.9655172413793103,214.5454545454545
186,14033,0.875,0.934375,0.62643055053608,0.0,214.4444444444444
187,11009,0.125,0.934375,0.62643055053608,0.6206896551724137,213.99999999999997
188,12647,0.6125,0.9375,0.6508384531984098,0.3448275862068966,213.99999999999997
189,13026,0.625,0.934375,0.7059462715335502,1.0,213.96449704142006
190,12017,0.375,0.934375,0.62643055053608,0.9655172413793103,213.6363636363636
191,13652,0.8625,0.934375,0.62643055053608,0.6206896551724137,212.99999999999997
192,12642,0.6125,0.934375,0.7059462715335502,1.0,212.42603550295854
193,11636,0.3625,0.934375,0.62643055053608,0.6206896551724137,211.99999999999997
194,11639,0.3625,0.9375,0.6508384531984098,0.48275862068965514,211.81818181818178
195,11634,0.3625,0.934375,0.7059462715335502,1.0,211.7159763313609
196,10628,0.1125,0.934375,0.62643055053608,0.0,211.11111111111106
197,12647,0.6125,0.9375,0.6508384531984098,0.48275862068965514,210.90909090909088
198,13025,0.625,0.934375,0.62643055053608,0.9655172413793103,209.99999999999997
199,13655,0.8625,0.9375,0.6508384531984098,0.3448275862068966,209.99999999999997
200,12644,0.6125,0.934375,0.62643055053608,0.6206896551724137,209.99999999999997
201,11636,0.3625,0.934375,0.62643055053608,0.0,209.99999999999997
202,13025,0.625,0.934375,0.62643055053608,0.0,209.99999999999997
203,13655,0.8625,0.9375,0.6508384531984098,0.48275862068965514,208.18181818181816
204,12013,0.375,0.9375,0.6508384531984098,0.3448275862068966,207.99999999999997
205,13021,0.625,0.9375,0.6508384531984098,0.3448275862068966,207.99999999999997
206,13650,0.8625,0.934375,0.7059462715335502,1.0,207.9289940828402
207,11009,0.125,0.934375,0.62643055053608,0.0,207.77777777777774
208,12016,0.375,0.9375,0.62643055053608,0.8275862068965517,207.69230769230765
209,13024,0.625,0.9375,0.62643055053608,0.8275862068965517,207.69230769230765
210,11008,0.125,0.9375,0.62643055053608,0.8275862068965517,207.69230769230765
211,11010,0.125,0.934375,0.7059462715335502,1.0,207.69230769230765
212,11005,0.125,0.9375,0.6508384531984098,0.3448275862068966,206.99999999999997
213,13652,0.8625,0.934375,0.62643055053608,0.0,206.66666666666663
214,11009,0.125,0.934375,0.62643055053608,0.9655172413793103,206.36363636363632
215,10631,0.1125,0.9375,0.6508384531984098,0.3448275862068966,205.99999999999997
216,12644,0.6125,0.934375,0.62643055053608,0.0,205.55555555555551
217,12013,0.375,0.9375,0.6508384531984098,0.48275862068965514,205.4545454545454
218,13021,0.625,0.9375,0.6508384531984098,0.48275862068965514,205.4545454545454
219,13652,0.8625,0.934375,0.62643055053608,0.9655172413793103,205.4545454545454
220,10628,0.1125,0.934375,0.62643055053608,0.9655172413793103,204.5454545454545
221,14029,0.875,0.9375,0.6508384531984098,0.3448275862068966,203.99999999999997
222,11005,0.125,0.9375,0.6508384531984098,0.48275862068965514,203.6363636363636
223,10631,0.1125,0.9375,0.6508384531984098,0.48275862068965514,203.6363636363636
224,12644,0.6125,0.934375,0.62643055053608,0.9655172413793103,203.6363636363636
225,11636,0.3625,0.934375,0.62643055053608,0.9655172413793103,202.7272727272727
226,14029,0.875,0.9375,0.6508384531984098,0.48275862068965514,201.81818181818178
227,11639,0.3625,0.9375,0.6508384531984098,0.6896551724137931,201.81818181818178
228,2204,0.0,0.109375,0.62643055053608,0.3448275862068966,200.11939999999996
229,12017,0.375,0.934375,0.62643055053608,0.3448275862068966,199.99999999999997
230,14033,0.875,0.934375,0.62643055053608,0.48275862068965514,199.09090909090907
231,12647,0.6125,0.9375,0.6508384531984098,0.6896551724137931,199.09090909090907
232,14033,0.875,0.934375,0.62643055053608,0.3448275862068966,198.99999999999997
233,12017,0.375,0.934375,0.62643055053608,0.48275862068965514,198.18181818181816
234,14034,0.875,0.934375,0.7059462715335502,1.0,197.6686390532544
235,13655,0.8625,0.9375,0.6508384531984098,0.6896551724137931,196.36363636363632
236,13025,0.625,0.934375,0.62643055053608,0.3448275862068966,194.99999999999997
237,13021,0.625,0.9375,0.6508384531984098,0.6896551724137931,193.6363636363636
238,13025,0.625,0.934375,0.62643055053608,0.48275862068965514,193.6363636363636
239,12013,0.375,0.9375,0.6508384531984098,0.6896551724137931,192.7272727272727
240,10628,0.1125,0.934375,0.62643055053608,0.3448275862068966,191.99999999999997
241,10628,0.1125,0.934375,0.62643055053608,0.48275862068965514,191.81818181818178
242,10631,0.1125,0.9375,0.6508384531984098,0.13793103448275862,191.66666666666663
243,11639,0.3625,0.9375,0.6508384531984098,0.13793103448275862,191.66666666666663
244,12647,0.6125,0.9375,0.6508384531984098,0.13793103448275862,191.66666666666663
245,13652,0.8625,0.934375,0.62643055053608,0.3448275862068966,190.99999999999997
246,11009,0.125,0.934375,0.62643055053608,0.3448275862068966,190.99999999999997
247,11009,0.125,0.934375,0.62643055053608,0.48275862068965514,190.90909090909088
248,14029,0.875,0.9375,0.6508384531984098,0.6896551724137931,189.99999999999997
249,11636,0.3625,0.934375,0.62643055053608,0.48275862068965514,189.99999999999997
250,10631,0.1125,0.9375,0.6508384531984098,0.6896551724137931,189.99999999999997
251,13652,0.8625,0.934375,0.62643055053608,0.48275862068965514,189.99999999999997
252,11636,0.3625,0.934375,0.62643055053608,0.3448275862068966,189.99999999999997
253,11005,0.125,0.9375,0.6508384531984098,0.6896551724137931,189.09090909090907
254,12644,0.6125,0.934375,0.62643055053608,0.48275862068965514,189.09090909090907
255,12018,0.375,0.934375,0.7059462715335502,0.27586206896551724,188.99999999999997
256,12644,0.6125,0.934375,0.62643055053608,0.3448275862068966,188.99999999999997
257,13655,0.8625,0.9375,0.6508384531984098,0.13793103448275862,188.33333333333331
258,13026,0.625,0.934375,0.7059462715335502,0.27586206896551724,187.99999999999997
259,11010,0.125,0.934375,0.7059462715335502,0.27586206896551724,187.99999999999997
260,10626,0.1125,0.934375,0.7059462715335502,1.0,187.39644970414196
261,11634,0.3625,0.934375,0.7059462715335502,0.27586206896551724,186.99999999999997
262,14033,0.875,0.934375,0.62643055053608,0.6896551724137931,186.36363636363635
263,12017,0.375,0.934375,0.62643055053608,0.6896551724137931,186.36363636363635
264,12642,0.6125,0.934375,0.7059462715335502,0.27586206896551724,185.99999999999997
265,13021,0.625,0.9375,0.6508384531984098,0.13793103448275862,184.99999999999997
266,14034,0.875,0.934375,0.7059462715335502,0.27586206896551724,183.99999999999997
267,13650,0.8625,0.934375,0.7059462715335502,0.27586206896551724,183.99999999999997
268,11005,0.125,0.9375,0.6508384531984098,0.13793103448275862,183.33333333333331
269,12013,0.375,0.9375,0.6508384531984098,0.13793103448275862,183.33333333333331
270,13025,0.625,0.934375,0.62643055053608,0.6896551724137931,182.7272727272727
271,12017,0.375,0.934375,0.62643055053608,0.13793103448275862,182.49999999999997
272,10626,0.1125,0.934375,0.7059462715335502,0.27586206896551724,181.99999999999997
273,14029,0.875,0.9375,0.6508384531984098,0.13793103448275862,180.83333333333331
274,14033,0.875,0.934375,0.62643055053608,0.13793103448275862,180.83333333333331
275,11639,0.3625,0.9375,0.6508384531984098,0.8275862068965517,180.76923076923075
276,11009,0.125,0.934375,0.62643055053608,0.6896551724137931,179.09090909090907
277,12018,0.375,0.934375,0.7059462715335502,0.6206896551724137,178.99999999999997
278,13026,0.625,0.934375,0.7059462715335502,0.6206896551724137,178.99999999999997
279,13025,0.625,0.934375,0.62643055053608,0.13793103448275862,178.33333333333331
280,13652,0.8625,0.934375,0.62643055053608,0.6896551724137931,178.18181818181816
281,10628,0.1125,0.934375,0.62643055053608,0.13793103448275862,177.49999999999997
282,11634,0.3625,0.934375,0.7059462715335502,0.6206896551724137,176.99999999999997
283,12647,0.6125,0.9375,0.6508384531984098,0.8275862068965517,176.9230769230769
284,11636,0.3625,0.934375,0.62643055053608,0.13793103448275862,176.66666666666663
285,11009,0.125,0.934375,0.62643055053608,0.13793103448275862,176.66666666666663
286,12476,0.6125,0.684375,0.62643055053608,1.0,176.56804733727807
287,10628,0.1125,0.934375,0.62643055053608,0.6896551724137931,176.36363636363635
288,12644,0.6125,0.934375,0.62643055053608,0.6896551724137931,176.36363636363635
289,11010,0.125,0.934375,0.7059462715335502,0.6206896551724137,175.99999999999997
290,12642,0.6125,0.934375,0.7059462715335502,0.6206896551724137,175.99999999999997
291,11636,0.3625,0.934375,0.62643055053608,0.6896551724137931,175.45454545454544
292,11468,0.3625,0.684375,0.62643055053608,1.0,175.26627218934908
293,10460,0.1125,0.684375,0.62643055053608,1.0,175.02958579881653
294,13650,0.8625,0.934375,0.7059462715335502,0.6206896551724137,174.99999999999997
295,14034,0.875,0.934375,0.7059462715335502,0.6206896551724137,173.99999999999997
296,12018,0.375,0.934375,0.7059462715335502,0.9655172413793103,173.6363636363636
297,13026,0.625,0.934375,0.7059462715335502,0.0,173.3333333333333
298,12013,0.375,0.9375,0.6508384531984098,0.8275862068965517,173.07692307692307
299,13652,0.8625,0.934375,0.62643055053608,0.13793103448275862,172.49999999999997
300,12018,0.375,0.934375,0.7059462715335502,0.0,172.2222222222222
301,11010,0.125,0.934375,0.7059462715335502,0.0,172.2222222222222
302,11634,0.3625,0.934375,0.7059462715335502,0.9655172413793103,171.81818181818178
303,13026,0.625,0.934375,0.7059462715335502,0.9655172413793103,171.81818181818178
304,12644,0.6125,0.934375,0.62643055053608,0.13793103448275862,171.66666666666663
305,13484,0.8625,0.684375,0.62643055053608,1.0,171.59763313609463
306,11634,0.3625,0.934375,0.7059462715335502,0.0,171.1111111111111
307,12642,0.6125,0.934375,0.7059462715335502,0.0,171.1111111111111
308,10626,0.1125,0.934375,0.7059462715335502,0.6206896551724137,170.99999999999997
309,12185,0.375,0.684375,0.62643055053608,1.0,170.65088757396447
310,12642,0.6125,0.934375,0.7059462715335502,0.9655172413793103,169.99999999999997
311,14029,0.875,0.9375,0.6508384531984098,0.8275862068965517,169.2307692307692
312,14033,0.875,0.934375,0.62643055053608,0.8275862068965517,169.2307692307692
313,13021,0.625,0.9375,0.6508384531984098,0.8275862068965517,169.2307692307692
314,13655,0.8625,0.9375,0.6508384531984098,0.8275862068965517,169.2307692307692
315,13650,0.8625,0.934375,0.7059462715335502,0.9655172413793103,169.09090909090907
316,13193,0.625,0.684375,0.62643055053608,1.0,168.75739644970412
317,10631,0.1125,0.9375,0.6508384531984098,0.8275862068965517,168.46153846153842
318,12017,0.375,0.934375,0.62643055053608,0.8275862068965517,168.46153846153842
319,11177,0.125,0.684375,0.62643055053608,1.0,168.40236686390529
320,14034,0.875,0.934375,0.7059462715335502,0.9655172413793103,168.18181818181816
321,14034,0.875,0.934375,0.7059462715335502,0.0,167.77777777777774
322,13650,0.8625,0.934375,0.7059462715335502,0.0,167.77777777777774
323,10626,0.1125,0.934375,0.7059462715335502,0.0,166.66666666666663
324,11010,0.125,0.934375,0.7059462715335502,0.9655172413793103,166.36363636363635
325,14201,0.875,0.684375,0.62643055053608,1.0,166.03550295857985
326,12020,0.375,0.934375,0.65293579086857,1.0,165.9289940828402
327,14036,0.875,0.934375,0.65293579086857,1.0,165.56213017751475
328,11005,0.125,0.9375,0.6508384531984098,0.8275862068965517,165.38461538461536
329,13025,0.625,0.934375,0.62643055053608,0.8275862068965517,165.38461538461536
330,13652,0.8625,0.934375,0.62643055053608,0.8275862068965517,163.07692307692307
331,11009,0.125,0.934375,0.62643055053608,0.8275862068965517,163.07692307692307
332,10626,0.1125,0.934375,0.7059462715335502,0.9655172413793103,162.7272727272727
333,12018,0.375,0.934375,0.7059462715335502,0.3448275862068966,161.99999999999997
334,13026,0.625,0.934375,0.7059462715335502,0.3448275862068966,161.99999999999997
335,12644,0.6125,0.934375,0.62643055053608,0.8275862068965517,161.53846153846152
336,11012,0.125,0.934375,0.65293579086857,1.0,160.7100591715976
337,12018,0.375,0.934375,0.7059462715335502,0.48275862068965514,159.99999999999997
338,13026,0.625,0.934375,0.7059462715335502,0.48275862068965514,159.99999999999997
339,11634,0.3625,0.934375,0.7059462715335502,0.3448275862068966,159.99999999999997
340,12642,0.6125,0.934375,0.7059462715335502,0.3448275862068966,159.99999999999997
341,10624,0.1125,0.934375,0.65293579086857,1.0,159.76331360946742
342,12642,0.6125,0.934375,0.7059462715335502,0.48275862068965514,159.09090909090907
343,11010,0.125,0.934375,0.7059462715335502,0.3448275862068966,158.99999999999997
344,11636,0.3625,0.934375,0.62643055053608,0.8275862068965517,158.46153846153845
345,10628,0.1125,0.934375,0.62643055053608,0.8275862068965517,158.46153846153845
346,11634,0.3625,0.934375,0.7059462715335502,0.48275862068965514,158.18181818181816
347,13648,0.8625,0.934375,0.65293579086857,1.0,158.10650887573962
348,14034,0.875,0.934375,0.7059462715335502,0.3448275862068966,157.99999999999997
349,13650,0.8625,0.934375,0.7059462715335502,0.3448275862068966,157.99999999999997
350,11010,0.125,0.934375,0.7059462715335502,0.48275862068965514,157.27272727272725
351,13650,0.8625,0.934375,0.7059462715335502,0.48275862068965514,156.36363636363635
352,11468,0.3625,0.684375,0.62643055053608,0.27586206896551724,155.99999999999997
353,14034,0.875,0.934375,0.7059462715335502,0.48275862068965514,155.45454545454544
354,12640,0.6125,0.934375,0.65293579086857,1.0,155.3609467455621
355,10460,0.1125,0.684375,0.62643055053608,0.27586206896551724,154.99999999999997
356,12476,0.6125,0.684375,0.62643055053608,0.27586206896551724,154.99999999999997
357,10626,0.1125,0.934375,0.7059462715335502,0.3448275862068966,154.99999999999997
358,10626,0.1125,0.934375,0.7059462715335502,0.48275862068965514,153.6363636363636
359,13484,0.8625,0.684375,0.62643055053608,0.27586206896551724,152.99999999999997
360,12018,0.375,0.934375,0.7059462715335502,0.6896551724137931,151.81818181818178
361,14036,0.875,0.934375,0.65293579086857,0.27586206896551724,150.99999999999997
362,12020,0.375,0.934375,0.65293579086857,0.27586206896551724,150.99999999999997
363,12185,0.375,0.684375,0.62643055053608,0.27586206896551724,150.99999999999997
364,13026,0.625,0.934375,0.7059462715335502,0.6896551724137931,150.90909090909088
365,11634,0.3625,0.934375,0.7059462715335502,0.6896551724137931,149.99999999999997
366,11177,0.125,0.684375,0.62643055053608,0.27586206896551724,149.99999999999997
367,12642,0.6125,0.934375,0.7059462715335502,0.6896551724137931,149.09090909090907
368,11468,0.3625,0.684375,0.62643055053608,0.6206896551724137,148.99999999999997
369,12476,0.6125,0.684375,0.62643055053608,0.6206896551724137,148.99999999999997
370,13650,0.8625,0.934375,0.7059462715335502,0.6896551724137931,148.18181818181816
371,13484,0.8625,0.684375,0.62643055053608,0.6206896551724137,147.99999999999997
372,13193,0.625,0.684375,0.62643055053608,0.27586206896551724,147.99999999999997
373,11010,0.125,0.934375,0.7059462715335502,0.13793103448275862,147.49999999999997
374,14034,0.875,0.934375,0.7059462715335502,0.6896551724137931,147.27272727272725
375,11468,0.3625,0.684375,0.62643055053608,0.3448275862068966,146.99999999999997
376,10624,0.1125,0.934375,0.65293579086857,0.27586206896551724,146.99999999999997
377,23534,0.3625,0.805625,0.9877002770750511,1.0,146.7455621301775
378,12476,0.6125,0.684375,0.62643055053608,0.3448275862068966,145.99999999999997
379,13028,0.625,0.934375,0.65293579086857,0.27586206896551724,145.99999999999997
380,12185,0.375,0.684375,0.62643055053608,0.6206896551724137,145.99999999999997
381,14201,0.875,0.684375,0.62643055053608,0.27586206896551724,145.99999999999997
382,12018,0.375,0.934375,0.7059462715335502,0.13793103448275862,145.83333333333331
383,11010,0.125,0.934375,0.7059462715335502,0.6896551724137931,145.45454545454544
384,13026,0.625,0.934375,0.7059462715335502,0.13793103448275862,144.99999999999997
385,13484,0.8625,0.684375,0.62643055053608,0.3448275862068966,144.99999999999997
386,11012,0.125,0.934375,0.65293579086857,0.27586206896551724,144.99999999999997
387,12472,0.6125,0.684375,0.6508384531984098,1.0,144.02366863905323
388,13193,0.625,0.684375,0.62643055053608,0.6206896551724137,143.99999999999997
389,12185,0.375,0.684375,0.62643055053608,0.3448275862068966,143.99999999999997
390,12642,0.6125,0.934375,0.7059462715335502,0.13793103448275862,143.33333333333331
391,11632,0.3625,0.934375,0.65293579086857,1.0,143.21893491124257
392,13193,0.625,0.684375,0.62643055053608,0.3448275862068966,142.99999999999997
393,10460,0.1125,0.684375,0.62643055053608,0.6206896551724137,142.99999999999997
394,11632,0.3625,0.934375,0.65293579086857,0.27586206896551724,142.99999999999997
395,11634,0.3625,0.934375,0.7059462715335502,0.13793103448275862,142.49999999999997
396,10626,0.1125,0.934375,0.7059462715335502,0.13793103448275862,142.49999999999997
397,11464,0.3625,0.684375,0.6508384531984098,1.0,142.24852071005915
398,13648,0.8625,0.934375,0.65293579086857,0.27586206896551724,141.99999999999997
399,14201,0.875,0.684375,0.62643055053608,0.6206896551724137,141.99999999999997
400,12476,0.6125,0.684375,0.62643055053608,0.9655172413793103,141.81818181818178
401,10626,0.1125,0.934375,0.7059462715335502,0.6896551724137931,141.81818181818178
402,13650,0.8625,0.934375,0.7059462715335502,0.13793103448275862,141.66666666666666
403,22864,0.3625,0.8369375,0.9818817009998795,1.0,141.65680473372777
404,10456,0.1125,0.684375,0.6508384531984098,1.0,141.53846153846152
405,14036,0.875,0.934375,0.65293579086857,0.6206896551724137,141.19999999999996
406,11468,0.3625,0.684375,0.62643055053608,0.9655172413793103,140.90909090909088
407,13484,0.8625,0.684375,0.62643055053608,0.9655172413793103,140.90909090909088
408,14034,0.875,0.934375,0.7059462715335502,0.13793103448275862,140.83333333333331
409,10460,0.1125,0.684375,0.62643055053608,0.3448275862068966,139.99999999999997
410,14201,0.875,0.684375,0.62643055053608,0.3448275862068966,139.99999999999997
411,12640,0.6125,0.934375,0.65293579086857,0.27586206896551724,139.99999999999997
412,12185,0.375,0.684375,0.62643055053608,0.9655172413793103,139.09090909090907
413,12020,0.375,0.934375,0.65293579086857,0.6206896551724137,138.99999999999997
414,12188,0.375,0.684375,0.6508384531984098,1.0,138.2248520710059
415,10460,0.1125,0.684375,0.62643055053608,0.9655172413793103,138.18181818181816
416,14036,0.875,0.934375,0.65293579086857,0.9655172413793103,138.18181818181816
417,11177,0.125,0.684375,0.62643055053608,0.6206896551724137,137.99999999999997
418,13196,0.625,0.684375,0.6508384531984098,1.0,137.98816568047334
419,14036,0.875,0.934375,0.65293579086857,0.0,137.77777777777774
420,12020,0.375,0.934375,0.65293579086857,0.0,137.77777777777774
421,11468,0.3625,0.684375,0.62643055053608,0.48275862068965514,137.27272727272725
422,12476,0.6125,0.684375,0.62643055053608,0.48275862068965514,137.27272727272725
423,11177,0.125,0.684375,0.62643055053608,0.3448275862068966,136.99999999999997
424,12018,0.375,0.934375,0.7059462715335502,0.8275862068965517,136.9230769230769
425,22238,0.3625,0.7837500000000001,0.9813155041561258,1.0,136.9230769230769
426,11180,0.125,0.684375,0.6508384531984098,1.0,136.4497041420118
427,13484,0.8625,0.684375,0.62643055053608,0.48275862068965514,136.36363636363635
428,13193,0.625,0.684375,0.62643055053608,0.9655172413793103,136.36363636363635
429,13480,0.8625,0.684375,0.6508384531984098,1.0,136.21301775147927
430,13028,0.625,0.934375,0.65293579086857,0.6206896551724137,135.99999999999997
431,23535,0.3625,0.7931874999999999,0.9851343211661244,1.0,135.97633136094672
432,10624,0.1125,0.934375,0.65293579086857,0.6206896551724137,135.79999999999998
433,10624,0.1125,0.934375,0.65293579086857,0.0,135.55555555555551
434,11468,0.3625,0.684375,0.62643055053608,0.6896551724137931,135.45454545454544
435,12476,0.6125,0.684375,0.62643055053608,0.6896551724137931,135.45454545454544
436,12020,0.375,0.934375,0.65293579086857,0.9655172413793103,135.45454545454544
437,11634,0.3625,0.934375,0.7059462715335502,0.8275862068965517,135.38461538461536
438,22877,0.12499999999999992,0.83690625,0.9819057944825923,1.0,134.792899408284
439,13026,0.625,0.934375,0.7059462715335502,0.8275862068965517,134.61538461538458
440,20938,0.3625,0.7618750000000001,0.9661366100469823,1.0,134.55621301775145
441,14201,0.875,0.684375,0.62643055053608,0.9655172413793103,134.54545454545453
442,13028,0.625,0.934375,0.65293579086857,0.0,134.44444444444443
443,11012,0.125,0.934375,0.65293579086857,0.6206896551724137,133.99999999999997
444,12642,0.6125,0.934375,0.7059462715335502,0.8275862068965517,133.84615384615384
445,14204,0.875,0.684375,0.6508384531984098,1.0,133.72781065088753
446,13484,0.8625,0.684375,0.62643055053608,0.6896551724137931,133.63636363636363
447,11177,0.125,0.684375,0.62643055053608,0.9655172413793103,133.63636363636363
448,13028,0.625,0.934375,0.65293579086857,0.9655172413793103,133.63636363636363
449,12185,0.375,0.684375,0.62643055053608,0.48275862068965514,133.63636363636363
450,11632,0.3625,0.934375,0.65293579086857,0.0,133.33333333333331
451,13650,0.8625,0.934375,0.7059462715335502,0.8275862068965517,133.07692307692307
452,13648,0.8625,0.934375,0.65293579086857,0.6206896551724137,132.99999999999997
453,10611,0.1125,0.903125,0.62643055053608,1.0,132.78106508875737
454,13193,0.625,0.684375,0.62643055053608,0.48275862068965514,132.72727272727272
455,14034,0.875,0.934375,0.7059462715335502,0.8275862068965517,132.3076923076923
456,11468,0.3625,0.684375,0.62643055053608,0.0,132.2222222222222
457,10460,0.1125,0.684375,0.62643055053608,0.0,132.2222222222222
458,11632,0.3625,0.934375,0.65293579086857,0.6206896551724137,132.2
459,24194,0.125,0.8275,0.9975906517287073,0.27586206896551724,131.99999999999997
460,12185,0.375,0.684375,0.62643055053608,0.6896551724137931,131.81818181818178
461,11012,0.125,0.934375,0.65293579086857,0.9655172413793103,131.81818181818178
462,12021,0.375,0.934375,0.7324515118660402,1.0,131.3136094674556
463,13029,0.625,0.934375,0.7324515118660402,1.0,131.25443786982245
464,12476,0.6125,0.684375,0.62643055053608,0.0,131.1111111111111
465,13648,0.8625,0.934375,0.65293579086857,0.0,131.1111111111111
466,11012,0.125,0.934375,0.65293579086857,0.0,131.1111111111111
467,12034,0.375,0.903125,0.62643055053608,1.0,131.1005917159763
468,12640,0.6125,0.934375,0.65293579086857,0.6206896551724137,130.99999999999997
469,10460,0.1125,0.684375,0.62643055053608,0.48275862068965514,130.90909090909088
470,10460,0.1125,0.684375,0.62643055053608,0.6896551724137931,130.90909090909088
471,10624,0.1125,0.934375,0.65293579086857,0.9655172413793103,130.90909090909088
472,13648,0.8625,0.934375,0.65293579086857,0.9655172413793103,130.90909090909088
473,24259,0.375,0.8275,0.9975906517287073,1.0,130.4142011834319
474,20916,0.125,0.7618750000000001,0.9661366100469823,1.0,130.1775147928994
475,13193,0.625,0.684375,0.62643055053608,0.6896551724137931,129.99999999999997
476,14201,0.875,0.684375,0.62643055053608,0.48275862068965514,129.99999999999997
477,13484,0.8625,0.684375,0.62643055053608,0.0,129.99999999999997
478,11177,0.125,0.684375,0.62643055053608,0.0,129.99999999999997
479,12185,0.375,0.684375,0.62643055053608,0.0,129.99999999999997
480,12640,0.6125,0.934375,0.65293579086857,0.0,129.99999999999997
481,14050,0.875,0.903125,0.62643055053608,1.0,129.51479289940826
482,11026,0.125,0.903125,0.62643055053608,1.0,129.11242603550292
483,13193,0.625,0.684375,0.62643055053608,0.0,128.88888888888886
484,11635,0.3625,0.934375,0.7324515118660402,1.0,128.8757396449704
485,11010,0.125,0.934375,0.7059462715335502,0.8275862068965517,128.46153846153845
486,12643,0.6125,0.934375,0.7324515118660402,1.0,128.40236686390529
487,12627,0.6125,0.903125,0.62643055053608,1.0,128.24852071005915
488,14201,0.875,0.684375,0.62643055053608,0.6896551724137931,128.18181818181816
489,12640,0.6125,0.934375,0.65293579086857,0.9655172413793103,128.18181818181816
490,13635,0.8625,0.903125,0.62643055053608,1.0,127.45562130177512
491,14036,0.875,0.934375,0.65293579086857,0.48275862068965514,127.27272727272725
492,11632,0.3625,0.934375,0.65293579086857,0.9655172413793103,127.27272727272725
493,11177,0.125,0.684375,0.62643055053608,0.48275862068965514,127.27272727272725
494,11177,0.125,0.684375,0.62643055053608,0.6896551724137931,127.27272727272725
495,11464,0.3625,0.684375,0.6508384531984098,0.27586206896551724,126.99999999999997
496,14036,0.875,0.934375,0.65293579086857,0.3448275862068966,126.89999999999998
497,14201,0.875,0.684375,0.62643055053608,0.0,126.66666666666664
498,13191,0.625,0.6875,0.7059462715335502,1.0,126.62721893491121
499,23613,0.375,0.79315625,0.9972172027466569,1.0,126.62721893491121
500,12472,0.6125,0.684375,0.6508384531984098,0.27586206896551724,125.99999999999997
501,12183,0.375,0.6875,0.7059462715335502,1.0,125.56213017751476
502,12020,0.375,0.934375,0.65293579086857,0.48275862068965514,125.45454545454544
503,10626,0.1125,0.934375,0.7059462715335502,0.8275862068965517,125.38461538461537
504,11469,0.3625,0.6875,0.7059462715335502,1.0,125.20710059171594
505,10456,0.1125,0.684375,0.6508384531984098,0.27586206896551724,124.99999999999997
506,12020,0.375,0.934375,0.65293579086857,0.3448275862068966,124.99999999999997
507,12477,0.6125,0.6875,0.7059462715335502,1.0,124.73372781065086
508,11175,0.125,0.6875,0.7059462715335502,1.0,124.61538461538458
509,24194,0.125,0.8275,0.9975906517287073,0.0,124.44444444444441
510,11619,0.3625,0.903125,0.62643055053608,1.0,124.3195266272189
511,10460,0.1125,0.684375,0.62643055053608,0.13793103448275862,124.16666666666664
512,10467,0.1125,0.69659375,0.7551740754126008,1.0,124.1420118343195
513,24259,0.375,0.8275,0.9975906517287073,0.27586206896551724,123.99999999999997
514,11221,0.125,0.7631875,0.9796651005902903,1.0,123.55029585798813
515,24194,0.125,0.8275,0.9975906517287073,1.0,123.43195266272187
516,10611,0.1125,0.903125,0.62643055053608,0.27586206896551724,122.99999999999997
517,13480,0.8625,0.684375,0.6508384531984098,0.27586206896551724,122.99999999999997
518,10461,0.1125,0.6875,0.7059462715335502,1.0,122.95857988165677
519,22864,0.3625,0.8369375,0.9818817009998795,0.6206896551724137,122.79999999999998
520,13028,0.625,0.934375,0.65293579086857,0.48275862068965514,122.7272727272727
521,13028,0.625,0.934375,0.65293579086857,0.3448275862068966,122.69999999999997
522,11468,0.3625,0.684375,0.62643055053608,0.13793103448275862,122.49999999999999
523,12476,0.6125,0.684375,0.62643055053608,0.13793103448275862,122.49999999999999
524,11475,0.3625,0.69659375,0.7551740754126008,1.0,122.4852071005917
525,20949,0.125,0.7618750000000001,0.9785086134200698,1.0,122.4852071005917
526,11169,0.125,0.69659375,0.7551740754126008,1.0,122.36686390532542
527,12188,0.375,0.684375,0.6508384531984098,0.27586206896551724,121.99999999999997
528,10624,0.1125,0.934375,0.65293579086857,0.48275862068965514,121.8181818181818
529,12177,0.375,0.69659375,0.7551740754126008,1.0,121.42011834319524
530,14199,0.875,0.6875,0.7059462715335502,1.0,121.1834319526627
531,10624,0.1125,0.934375,0.65293579086857,0.3448275862068966,121.09999999999998
532,20938,0.3625,0.7618750000000001,0.9661366100469823,0.6206896551724137,121.09999999999998
533,13196,0.625,0.684375,0.6508384531984098,0.27586206896551724,120.99999999999997
534,12472,0.6125,0.684375,0.6508384531984098,0.6206896551724137,120.99999999999997
535,11012,0.125,0.934375,0.65293579086857,0.3448275862068966,120.99999999999997
536,11012,0.125,0.934375,0.65293579086857,0.48275862068965514,120.90909090909089
537,13484,0.8625,0.684375,0.62643055053608,0.13793103448275862,120.83333333333331
538,13491,0.8625,0.69659375,0.7551740754126008,1.0,120.82840236686388
539,12483,0.6125,0.69659375,0.7551740754126008,1.0,120.47337278106507
540,13485,0.8625,0.6875,0.7059462715335502,1.0,120.35502958579879
541,11213,0.125,0.82203125,0.9989157932779182,1.0,120.23668639053251
542,11464,0.3625,0.684375,0.6508384531984098,0.6206896551724137,120.19999999999997
543,13185,0.625,0.69659375,0.7551740754126008,1.0,120.11834319526625
544,11177,0.125,0.684375,0.62643055053608,0.13793103448275862,119.99999999999999
545,14036,0.875,0.934375,0.65293579086857,0.6896551724137931,119.99999999999999
546,13648,0.8625,0.934375,0.65293579086857,0.48275862068965514,119.99999999999999
547,11180,0.125,0.684375,0.6508384531984098,0.27586206896551724,119.99999999999997
548,23534,0.3625,0.805625,0.9877002770750511,0.6206896551724137,119.79999999999998
549,22216,0.12499999999999996,0.7837500000000001,0.9813155041561258,1.0,119.28994082840234
550,11632,0.3625,0.934375,0.65293579086857,0.48275862068965514,119.09090909090907
551,13480,0.8625,0.684375,0.6508384531984098,0.6206896551724137,118.99999999999997
552,13648,0.8625,0.934375,0.65293579086857,0.3448275862068966,118.99999999999997
553,10352,0.1125,0.85690625,0.96883508011083,0.27586206896551724,118.99999999999997
554,20938,0.3625,0.7618750000000001,0.9661366100469823,0.3448275862068966,118.39999999999998
555,12020,0.375,0.934375,0.65293579086857,0.13793103448275862,118.33333333333331
556,12185,0.375,0.684375,0.62643055053608,0.13793103448275862,118.33333333333331
557,11632,0.3625,0.934375,0.65293579086857,0.3448275862068966,118.19999999999997
558,12640,0.6125,0.934375,0.65293579086857,0.48275862068965514,118.18181818181816
559,11464,0.3625,0.684375,0.6508384531984098,0.3448275862068966,118.09999999999998
560,12472,0.6125,0.684375,0.6508384531984098,0.3448275862068966,117.99999999999997
561,14050,0.875,0.903125,0.62643055053608,0.27586206896551724,117.99999999999997
562,12188,0.375,0.684375,0.6508384531984098,0.6206896551724137,117.99999999999997
563,14204,0.875,0.684375,0.6508384531984098,0.27586206896551724,117.99999999999997
564,23534,0.3625,0.805625,0.9877002770750511,0.27586206896551724,117.79999999999998
565,24259,0.375,0.8275,0.9975906517287073,0.9655172413793103,117.27272727272725
566,12020,0.375,0.934375,0.65293579086857,0.6896551724137931,117.27272727272725
567,14193,0.875,0.69659375,0.7551740754126008,1.0,117.15976331360945
568,13480,0.8625,0.684375,0.6508384531984098,0.3448275862068966,116.99999999999999
569,12640,0.6125,0.934375,0.65293579086857,0.3448275862068966,116.99999999999999
570,14036,0.875,0.934375,0.65293579086857,0.13793103448275862,116.66666666666664
571,13193,0.625,0.684375,0.62643055053608,0.13793103448275862,116.66666666666664
572,24169,0.3625,0.8150625,0.9877966510059029,1.0,116.44970414201181
573,13196,0.625,0.684375,0.6508384531984098,0.6206896551724137,115.99999999999999
574,12188,0.375,0.684375,0.6508384531984098,0.3448275862068966,115.99999999999999
575,22319,0.375,0.77128125,0.9860257800265027,1.0,115.85798816568045
576,12472,0.6125,0.684375,0.6508384531984098,0.9655172413793103,115.45454545454544
577,13028,0.625,0.934375,0.65293579086857,0.6896551724137931,115.45454545454544
578,23534,0.3625,0.805625,0.9877002770750511,0.3448275862068966,115.09999999999998
579,10624,0.1125,0.934375,0.65293579086857,0.13793103448275862,114.99999999999999
580,13196,0.625,0.684375,0.6508384531984098,0.3448275862068966,114.99999999999999
581,12021,0.375,0.934375,0.7324515118660402,0.27586206896551724,114.99999999999999
582,13029,0.625,0.934375,0.7324515118660402,0.27586206896551724,114.99999999999999
583,11619,0.3625,0.903125,0.62643055053608,0.27586206896551724,114.99999999999999
584,12476,0.6125,0.684375,0.62643055053608,0.8275862068965517,114.6153846153846
585,22864,0.3625,0.8369375,0.9818817009998795,0.3448275862068966,114.59999999999998
586,11464,0.3625,0.684375,0.6508384531984098,0.9655172413793103,114.54545454545453
587,11012,0.125,0.934375,0.65293579086857,0.6896551724137931,114.54545454545453
588,10611,0.1125,0.903125,0.62643055053608,0.0,114.44444444444441
589,10605,0.1125,0.903125,0.655524635586074,1.0,114.4023668639053
590,22238,0.3625,0.7837500000000001,0.9813155041561258,0.6206896551724137,114.29999999999998
591,23512,0.125,0.805625,0.9877002770750511,1.0,114.20118343195264
592,13028,0.625,0.934375,0.65293579086857,0.13793103448275862,114.16666666666664
593,14201,0.875,0.684375,0.62643055053608,0.13793103448275862,114.16666666666664
594,22864,0.3625,0.8369375,0.9818817009998795,0.27586206896551724,113.99999999999999
595,11026,0.125,0.903125,0.62643055053608,0.27586206896551724,113.99999999999999
596,11468,0.3625,0.684375,0.62643055053608,0.8275862068965517,113.84615384615383
597,11432,0.3625,0.79984375,0.9989157932779182,1.0,113.37278106508873
598,11632,0.3625,0.934375,0.65293579086857,0.13793103448275862,113.33333333333331
599,22246,0.12499999999999992,0.77128125,0.9860257800265027,1.0,113.25443786982247
600,23520,0.12499999999999992,0.79315625,0.9851222744247681,1.0,113.13609467455619
601,10456,0.1125,0.684375,0.6508384531984098,0.6206896551724137,113.09999999999998
602,23535,0.3625,0.7931874999999999,0.9851343211661244,0.6206896551724137,113.09999999999998
603,13484,0.8625,0.684375,0.62643055053608,0.8275862068965517,113.07692307692307
604,11013,0.125,0.934375,0.7324515118660402,0.27586206896551724,112.99999999999999
605,11635,0.3625,0.934375,0.7324515118660402,0.27586206896551724,112.99999999999999
606,10467,0.1125,0.69659375,0.7551740754126008,0.27586206896551724,112.99999999999999
607,10611,0.1125,0.903125,0.62643055053608,0.6206896551724137,112.99999999999999
608,12034,0.375,0.903125,0.62643055053608,0.27586206896551724,112.99999999999999
609,13042,0.625,0.903125,0.62643055053608,0.27586206896551724,112.99999999999999
610,11169,0.125,0.69659375,0.7551740754126008,0.27586206896551724,112.99999999999999
611,12643,0.6125,0.934375,0.7324515118660402,0.27586206896551724,112.99999999999999
612,23612,0.375,0.805625,0.9997470184315143,1.0,112.78106508875737
613,13480,0.8625,0.684375,0.6508384531984098,0.9655172413793103,112.7272727272727
614,10624,0.1125,0.934375,0.65293579086857,0.6896551724137931,112.7272727272727
615,13648,0.8625,0.934375,0.65293579086857,0.6896551724137931,112.7272727272727
616,14204,0.875,0.684375,0.6508384531984098,0.6206896551724137,112.69999999999997
617,11012,0.125,0.934375,0.65293579086857,0.13793103448275862,112.49999999999999
618,12221,0.375,0.82203125,0.9989157932779182,1.0,112.30769230769228
619,10612,0.1125,0.90625,0.7671364895795687,1.0,112.2248520710059
620,14037,0.875,0.934375,0.7324515118660402,0.27586206896551724,111.99999999999999
621,13635,0.8625,0.903125,0.62643055053608,0.27586206896551724,111.99999999999999
622,10351,0.1125,0.8503437500000001,0.9739549451873267,0.27586206896551724,111.99999999999999
623,12627,0.6125,0.903125,0.62643055053608,0.27586206896551724,111.99999999999999
624,22864,0.3625,0.8369375,0.9818817009998795,0.9655172413793103,111.8181818181818
625,12188,0.375,0.684375,0.6508384531984098,0.9655172413793103,111.8181818181818
626,14050,0.875,0.903125,0.62643055053608,0.6206896551724137,111.79999999999998
627,14048,0.875,0.90625,0.7671364895795687,1.0,111.76331360946743
628,14055,0.875,0.903125,0.655524635586074,1.0,111.60946745562127
629,12185,0.375,0.684375,0.62643055053608,0.8275862068965517,111.53846153846152
630,22864,0.3625,0.8369375,0.9818817009998795,0.48275862068965514,111.45454545454544
631,20938,0.3625,0.7618750000000001,0.9661366100469823,0.48275862068965514,111.36363636363635
632,14204,0.875,0.684375,0.6508384531984098,0.3448275862068966,111.19999999999997
633,10456,0.1125,0.684375,0.6508384531984098,0.3448275862068966,111.09999999999998
634,13651,0.8625,0.934375,0.7324515118660402,0.27586206896551724,110.99999999999999
635,12183,0.375,0.6875,0.7059462715335502,0.27586206896551724,110.99999999999999
636,13196,0.625,0.684375,0.6508384531984098,0.9655172413793103,110.90909090909089
637,10456,0.1125,0.684375,0.6508384531984098,0.9655172413793103,110.90909090909089
638,12640,0.6125,0.934375,0.65293579086857,0.6896551724137931,110.90909090909089
639,13193,0.625,0.684375,0.62643055053608,0.8275862068965517,110.76923076923076
640,12168,0.375,0.715625,0.62643055053608,1.0,110.41420118343193
641,24259,0.375,0.8275,0.9975906517287073,0.6206896551724137,110.29999999999998
642,11429,0.3625,0.82203125,0.9989157932779182,1.0,110.29585798816565
643,22877,0.12499999999999992,0.83690625,0.9819057944825923,0.6206896551724137,110.09999999999998
644,12021,0.375,0.934375,0.7324515118660402,0.6206896551724137,110.09999999999998
645,22238,0.3625,0.7837500000000001,0.9813155041561258,0.3448275862068966,110.09999999999998
646,14036,0.875,0.934375,0.65293579086857,0.8275862068965517,109.99999999999999
647,13648,0.8625,0.934375,0.65293579086857,0.13793103448275862,109.99999999999999
648,11464,0.3625,0.684375,0.6508384531984098,0.48275862068965514,109.99999999999999
649,12472,0.6125,0.684375,0.6508384531984098,0.6896551724137931,109.99999999999999
650,12472,0.6125,0.684375,0.6508384531984098,0.48275862068965514,109.99999999999999
651,11469,0.3625,0.6875,0.7059462715335502,0.27586206896551724,109.99999999999999
652,10627,0.1125,0.934375,0.7324515118660402,0.27586206896551724,109.99999999999999
653,13191,0.625,0.6875,0.7059462715335502,0.27586206896551724,109.99999999999999
654,11180,0.125,0.684375,0.6508384531984098,0.6206896551724137,109.99999999999999
655,20949,0.125,0.7618750000000001,0.9785086134200698,0.0,109.99999999999997
656,22896,0.12499999999999992,0.83690625,0.9940368630285508,1.0,109.58579881656803
657,11620,0.3625,0.90625,0.7671364895795687,1.0,109.47928994082838
658,23534,0.3625,0.805625,0.9877002770750511,0.0,109.33333333333331
659,12039,0.375,0.903125,0.655524635586074,1.0,109.24260355029584
660,14201,0.875,0.684375,0.62643055053608,0.8275862068965517,109.23076923076921
661,11619,0.3625,0.903125,0.62643055053608,0.6206896551724137,109.19999999999997
662,13651,0.8625,0.934375,0.7324515118660402,1.0,109.11242603550293
663,11464,0.3625,0.684375,0.6508384531984098,0.6896551724137931,109.09090909090908
664,11632,0.3625,0.934375,0.65293579086857,0.6896551724137931,109.09090909090908
665,12477,0.6125,0.6875,0.7059462715335502,0.27586206896551724,108.99999999999999
666,20949,0.125,0.7618750000000001,0.9785086134200698,0.27586206896551724,108.99999999999999
667,11175,0.125,0.6875,0.7059462715335502,0.27586206896551724,108.99999999999999
668,23512,0.125,0.805625,0.9877002770750511,0.27586206896551724,108.99999999999999
669,12034,0.375,0.903125,0.62643055053608,0.6206896551724137,108.89999999999998
670,13029,0.625,0.934375,0.7324515118660402,0.6206896551724137,108.89999999999998
671,24259,0.375,0.8275,0.9975906517287073,0.0,108.88888888888887
672,11031,0.125,0.903125,0.655524635586074,1.0,108.75739644970412
673,12640,0.6125,0.934375,0.65293579086857,0.13793103448275862,108.33333333333331
674,23534,0.3625,0.805625,0.9877002770750511,0.48275862068965514,108.27272727272725
675,11613,0.3625,0.903125,0.655524635586074,1.0,108.24852071005915
676,13480,0.8625,0.684375,0.6508384531984098,0.48275862068965514,108.18181818181816
677,13480,0.8625,0.684375,0.6508384531984098,0.6896551724137931,108.18181818181816
678,12188,0.375,0.684375,0.6508384531984098,0.48275862068965514,108.18181818181816
679,14204,0.875,0.684375,0.6508384531984098,0.9655172413793103,108.18181818181816
680,10557,0.1125,0.82659375,0.8773762197325623,1.0,108.15384615384613
681,10461,0.1125,0.6875,0.7059462715335502,0.27586206896551724,107.99999999999999
682,20916,0.125,0.7618750000000001,0.9661366100469823,0.27586206896551724,107.99999999999999
683,11180,0.125,0.684375,0.6508384531984098,0.3448275862068966,107.99999999999999
684,23535,0.3625,0.7931874999999999,0.9851343211661244,0.3448275862068966,107.79999999999998
685,11464,0.3625,0.684375,0.6508384531984098,0.0,107.77777777777776
686,20916,0.125,0.7618750000000001,0.9661366100469823,0.0,107.77777777777776
687,12472,0.6125,0.684375,0.6508384531984098,0.0,107.77777777777776
688,10352,0.1125,0.85690625,0.96883508011083,0.0,107.77777777777776
689,12627,0.6125,0.903125,0.62643055053608,0.6206896551724137,107.69999999999997
690,10460,0.1125,0.684375,0.62643055053608,0.8275862068965517,107.69230769230768
691,12020,0.375,0.934375,0.65293579086857,0.8275862068965517,107.69230769230768
692,13042,0.625,0.903125,0.62643055053608,0.6206896551724137,107.49999999999999
693,11635,0.3625,0.934375,0.7324515118660402,0.6206896551724137,107.39999999999998
694,13040,0.625,0.90625,0.7671364895795687,1.0,107.33727810650885
695,13196,0.625,0.684375,0.6508384531984098,0.48275862068965514,107.27272727272725
696,10611,0.1125,0.903125,0.62643055053608,0.9655172413793103,107.27272727272725
697,11180,0.125,0.684375,0.6508384531984098,0.9655172413793103,107.27272727272725
698,14050,0.875,0.903125,0.62643055053608,0.9655172413793103,107.27272727272725
699,22238,0.3625,0.7837500000000001,0.9813155041561258,0.9655172413793103,107.27272727272725
700,13635,0.8625,0.903125,0.62643055053608,0.6206896551724137,107.19999999999997
701,12643,0.6125,0.934375,0.7324515118660402,0.6206896551724137,107.19999999999997
702,22877,0.12499999999999992,0.83690625,0.9819057944825923,0.27586206896551724,106.99999999999999
703,11026,0.125,0.903125,0.62643055053608,0.6206896551724137,106.99999999999999
704,12621,0.6125,0.903125,0.655524635586074,1.0,106.94674556213016
705,13629,0.8625,0.903125,0.655524635586074,1.0,106.86390532544377
706,22864,0.3625,0.8369375,0.9818817009998795,0.0,106.66666666666664
707,10456,0.1125,0.684375,0.6508384531984098,0.0,106.66666666666664
708,14050,0.875,0.903125,0.62643055053608,0.0,106.66666666666664
709,12021,0.375,0.934375,0.7324515118660402,0.0,106.66666666666664
710,11619,0.3625,0.903125,0.62643055053608,0.0,106.66666666666664
711,13196,0.625,0.684375,0.6508384531984098,0.6896551724137931,106.36363636363635
712,12188,0.375,0.684375,0.6508384531984098,0.6896551724137931,106.36363636363635
713,23534,0.3625,0.805625,0.9877002770750511,0.9655172413793103,106.36363636363635
714,13028,0.625,0.934375,0.65293579086857,0.8275862068965517,106.15384615384613
715,22246,0.12499999999999992,0.77128125,0.9860257800265027,0.27586206896551724,106.09999999999998
716,13485,0.8625,0.6875,0.7059462715335502,0.27586206896551724,105.99999999999999
717,14037,0.875,0.934375,0.7324515118660402,0.6206896551724137,105.99999999999999
718,12183,0.375,0.6875,0.7059462715335502,0.6206896551724137,105.99999999999999
719,12177,0.375,0.69659375,0.7551740754126008,0.27586206896551724,105.99999999999999
720,14199,0.875,0.6875,0.7059462715335502,0.27586206896551724,105.99999999999999
721,11013,0.125,0.934375,0.7324515118660402,0.6206896551724137,105.69999999999997
722,11013,0.125,0.934375,0.7324515118660402,1.0,105.68047337278104
723,12628,0.6125,0.90625,0.7671364895795687,1.0,105.60946745562129
724,13480,0.8625,0.684375,0.6508384531984098,0.0,105.55555555555553
725,12188,0.375,0.684375,0.6508384531984098,0.0,105.55555555555553
726,23512,0.125,0.805625,0.9877002770750511,0.0,105.55555555555553
727,10456,0.1125,0.684375,0.6508384531984098,0.6896551724137931,105.45454545454544
728,12021,0.375,0.934375,0.7324515118660402,0.9655172413793103,105.45454545454544
729,12034,0.375,0.903125,0.62643055053608,0.9655172413793103,105.45454545454544
730,12493,0.6125,0.715625,0.62643055053608,1.0,105.4437869822485
731,13176,0.625,0.715625,0.62643055053608,1.0,105.4437869822485
732,13651,0.8625,0.934375,0.7324515118660402,0.6206896551724137,105.29999999999998
733,24194,0.125,0.8275,0.9975906517287073,0.13793103448275862,104.99999999999999
734,13491,0.8625,0.69659375,0.7551740754126008,0.27586206896551724,104.99999999999999
735,11475,0.3625,0.69659375,0.7551740754126008,0.27586206896551724,104.99999999999999
736,13191,0.625,0.6875,0.7059462715335502,0.6206896551724137,104.99999999999999
737,11485,0.3625,0.715625,0.62643055053608,1.0,104.9704142011834
738,12306,0.375,0.82128125,0.9870015660763762,1.0,104.9704142011834
739,23613,0.375,0.79315625,0.9972172027466569,0.6206896551724137,104.89999999999998
740,13648,0.8625,0.934375,0.65293579086857,0.8275862068965517,104.6153846153846
741,11012,0.125,0.934375,0.65293579086857,0.8275862068965517,104.6153846153846
742,10456,0.1125,0.684375,0.6508384531984098,0.48275862068965514,104.54545454545453
743,13196,0.625,0.684375,0.6508384531984098,0.0,104.44444444444443
744,11026,0.125,0.903125,0.62643055053608,0.0,104.44444444444443
745,11180,0.125,0.684375,0.6508384531984098,0.0,104.44444444444443
746,13029,0.625,0.934375,0.7324515118660402,0.0,104.44444444444443
747,11013,0.125,0.934375,0.7324515118660402,0.0,104.44444444444443
748,22877,0.12499999999999992,0.83690625,0.9819057944825923,0.3448275862068966,104.39999999999998
749,11222,0.125,0.756,0.9729671123960967,1.0,104.37869822485204
750,22246,0.12499999999999992,0.77128125,0.9860257800265027,0.0,104.11111111111109
751,22238,0.3625,0.7837500000000001,0.9813155041561258,0.48275862068965514,103.99999999999999
752,11469,0.3625,0.6875,0.7059462715335502,0.6206896551724137,103.99999999999999
753,10605,0.1125,0.903125,0.655524635586074,0.27586206896551724,103.99999999999999
754,12483,0.6125,0.69659375,0.7551740754126008,0.27586206896551724,103.99999999999999
755,11213,0.125,0.82203125,0.9989157932779182,0.27586206896551724,103.99999999999999
756,13185,0.625,0.69659375,0.7551740754126008,0.27586206896551724,103.99999999999999
757,11177,0.125,0.684375,0.62643055053608,0.8275862068965517,103.84615384615383
758,22225,0.3625,0.786875,0.9827611131189014,1.0,103.66863905325441
759,11635,0.3625,0.934375,0.7324515118660402,0.9655172413793103,103.63636363636363
760,24259,0.375,0.8275,0.9975906517287073,0.6896551724137931,103.63636363636363
761,11026,0.125,0.903125,0.62643055053608,0.9655172413793103,103.63636363636363
762,13029,0.625,0.934375,0.7324515118660402,0.9655172413793103,103.63636363636363
763,13042,0.625,0.903125,0.62643055053608,0.9655172413793103,103.63636363636363
764,12627,0.6125,0.903125,0.62643055053608,0.9655172413793103,103.63636363636363
765,14204,0.875,0.684375,0.6508384531984098,0.48275862068965514,103.63636363636363
766,11619,0.3625,0.903125,0.62643055053608,0.9655172413793103,103.63636363636363
767,11814,0.3625,0.78125,0.9501746777496686,1.0,103.56213017751477
768,10477,0.1125,0.715625,0.62643055053608,1.0,103.55029585798815
769,11221,0.125,0.7631875,0.9796651005902903,0.27586206896551724,103.49999999999999
770,12643,0.6125,0.934375,0.7324515118660402,0.0,103.33333333333331
771,11635,0.3625,0.934375,0.7324515118660402,0.0,103.33333333333331
772,22877,0.12499999999999992,0.83690625,0.9819057944825923,0.0,103.33333333333331
773,13635,0.8625,0.903125,0.62643055053608,0.0,103.33333333333331
774,12034,0.375,0.903125,0.62643055053608,0.0,103.33333333333331
775,10351,0.1125,0.8503437500000001,0.9739549451873267,0.0,103.33333333333331
776,12627,0.6125,0.903125,0.62643055053608,0.0,103.33333333333331
777,13042,0.625,0.903125,0.62643055053608,0.0,103.33333333333331
778,11636,0.3625,0.934375,0.62643055053608,1.0,103.12426035502956
779,12640,0.6125,0.934375,0.65293579086857,0.8275862068965517,103.07692307692307
780,20916,0.125,0.7618750000000001,0.9661366100469823,0.6206896551724137,102.99999999999999
781,12477,0.6125,0.6875,0.7059462715335502,0.6206896551724137,102.99999999999999
782,13191,0.625,0.6875,0.7059462715335502,0.3448275862068966,102.99999999999999
783,10627,0.1125,0.934375,0.7324515118660402,0.6206896551724137,102.99999999999999
784,12183,0.375,0.6875,0.7059462715335502,0.3448275862068966,102.99999999999999
785,22216,0.12499999999999996,0.7837500000000001,0.9813155041561258,0.27586206896551724,102.99999999999999
786,22319,0.375,0.77128125,0.9860257800265027,0.6206896551724137,102.79999999999998
787,13635,0.8625,0.903125,0.62643055053608,0.9655172413793103,102.7272727272727
788,14204,0.875,0.684375,0.6508384531984098,0.6896551724137931,102.7272727272727
789,12643,0.6125,0.934375,0.7324515118660402,0.9655172413793103,102.7272727272727
790,10624,0.1125,0.934375,0.65293579086857,0.8275862068965517,102.30769230769229
791,24259,0.375,0.8275,0.9975906517287073,0.3448275862068966,102.29999999999998
792,23535,0.3625,0.7931874999999999,0.9851343211661244,0.48275862068965514,102.27272727272725
793,23540,0.12499999999999992,0.79315625,0.9972172027466569,1.0,102.24852071005915
794,14037,0.875,0.934375,0.7324515118660402,0.0,102.2222222222222
795,14204,0.875,0.684375,0.6508384531984098,0.0,102.2222222222222
796,14184,0.875,0.715625,0.62643055053608,1.0,102.0118343195266
797,11469,0.3625,0.6875,0.7059462715335502,0.3448275862068966,101.99999999999999
798,14193,0.875,0.69659375,0.7551740754126008,0.27586206896551724,101.99999999999999
799,22864,0.3625,0.8369375,0.9818817009998795,0.6896551724137931,101.8181818181818
800,13191,0.625,0.6875,0.7059462715335502,0.9655172413793103,101.8181818181818
801,10611,0.1125,0.903125,0.62643055053608,0.48275862068965514,101.8181818181818
802,14037,0.875,0.934375,0.7324515118660402,0.9655172413793103,101.8181818181818
803,11180,0.125,0.684375,0.6508384531984098,0.6896551724137931,101.8181818181818
804,13651,0.8625,0.934375,0.7324515118660402,0.9655172413793103,101.8181818181818
805,23613,0.375,0.79315625,0.9972172027466569,0.9655172413793103,101.8181818181818
806,10611,0.1125,0.903125,0.62643055053608,0.3448275862068966,101.69999999999997
807,11820,0.3625,0.79634375,0.9860498735092157,1.0,101.65680473372778
808,20916,0.125,0.7618750000000001,0.9661366100469823,0.3448275862068966,101.59999999999998
809,13501,0.8625,0.715625,0.62643055053608,1.0,101.30177514792898
810,13651,0.8625,0.934375,0.7324515118660402,0.0,101.11111111111109
811,10612,0.1125,0.90625,0.7671364895795687,0.27586206896551724,100.99999999999999
812,12477,0.6125,0.6875,0.7059462715335502,0.3448275862068966,100.99999999999999
813,22896,0.12499999999999992,0.83690625,0.9940368630285508,0.27586206896551724,100.99999999999999
814,14050,0.875,0.903125,0.62643055053608,0.3448275862068966,100.99999999999999
815,14199,0.875,0.6875,0.7059462715335502,0.6206896551724137,100.99999999999999
816,22877,0.12499999999999992,0.83690625,0.9819057944825923,0.9655172413793103,100.90909090909089
817,11469,0.3625,0.6875,0.7059462715335502,0.9655172413793103,100.90909090909089
818,24194,0.125,0.8275,0.9975906517287073,0.9655172413793103,100.90909090909089
819,11180,0.125,0.684375,0.6508384531984098,0.48275862068965514,100.90909090909089
820,22319,0.375,0.77128125,0.9860257800265027,0.9655172413793103,100.90909090909089
821,12183,0.375,0.6875,0.7059462715335502,0.9655172413793103,100.90909090909089
822,11013,0.125,0.934375,0.7324515118660402,0.9655172413793103,100.90909090909089
823,10456,0.1125,0.684375,0.6508384531984098,0.13793103448275862,100.83333333333331
824,24194,0.125,0.8275,0.9975906517287073,0.6206896551724137,100.79999999999998
825,22216,0.12499999999999996,0.7837500000000001,0.9813155041561258,0.6206896551724137,100.79999999999998
826,24169,0.3625,0.8150625,0.9877966510059029,0.6206896551724137,100.69999999999999
827,11361,0.3625,0.8634375000000001,0.9629442235875195,1.0,100.59171597633134
828,22950,0.6125,0.8369375,0.9818817009998795,1.0,100.35502958579879
829,13485,0.8625,0.6875,0.7059462715335502,0.6206896551724137,100.09999999999998
830,12021,0.375,0.934375,0.7324515118660402,0.3448275862068966,100.09999999999998
831,11464,0.3625,0.684375,0.6508384531984098,0.13793103448275862,99.99999999999999
832,12472,0.6125,0.684375,0.6508384531984098,0.13793103448275862,99.99999999999999
833,12477,0.6125,0.6875,0.7059462715335502,0.9655172413793103,99.99999999999999
834,24169,0.3625,0.8150625,0.9877966510059029,0.9655172413793103,99.99999999999999
835,14050,0.875,0.903125,0.62643055053608,0.48275862068965514,99.99999999999999
836,23534,0.3625,0.805625,0.9877002770750511,0.6896551724137931,99.99999999999999
837,11024,0.125,0.90625,0.7671364895795687,0.27586206896551724,99.99999999999999
838,10627,0.1125,0.934375,0.7324515118660402,0.0,99.99999999999999
839,11212,0.125,0.8294374999999998,0.9969883146608842,0.27586206896551724,99.89999999999998
840,22322,0.375,0.7837500000000001,0.9934586194434405,1.0,99.76331360946743
841,10830,0.125,0.78125,0.9501746777496686,1.0,99.52662721893489
842,23613,0.375,0.79315625,0.9972172027466569,0.3448275862068966,99.39999999999998
843,11169,0.125,0.69659375,0.7551740754126008,0.6206896551724137,99.29999999999998
844,24177,0.3625,0.8275,0.9855077701481749,1.0,99.28994082840235
845,11160,0.125,0.715625,0.62643055053608,1.0,99.28994082840235
846,22877,0.12499999999999992,0.83690625,0.9819057944825923,0.48275862068965514,99.18181818181816
847,23612,0.375,0.805625,0.9997470184315143,0.9655172413793103,99.09090909090908
848,10853,0.125,0.7584375,0.9629442235875195,1.0,99.0532544378698
849,11211,0.125,0.8368125,0.9940850499939766,0.27586206896551724,98.99999999999999
850,11429,0.3625,0.82203125,0.9989157932779182,0.27586206896551724,98.99999999999999
851,22965,0.375,0.83690625,0.9940368630285508,0.27586206896551724,98.99999999999999
852,11175,0.125,0.6875,0.7059462715335502,0.6206896551724137,98.99999999999999
853,13029,0.625,0.934375,0.7324515118660402,0.3448275862068966,98.99999999999999
854,11217,0.125,0.7924375,0.9969883146608842,0.27586206896551724,98.99999999999999
855,14199,0.875,0.6875,0.7059462715335502,0.3448275862068966,98.99999999999999
856,10467,0.1125,0.69659375,0.7551740754126008,0.0,98.88888888888887
857,11169,0.125,0.69659375,0.7551740754126008,0.0,98.88888888888887
858,23512,0.125,0.805625,0.9877002770750511,0.6206896551724137,98.79999999999998
859,12434,0.6125,0.844125,0.9902300927599084,1.0,98.69822485207098
860,14037,0.875,0.934375,0.7324515118660402,1.0,98.60355029585797
861,10468,0.1125,0.70125,0.7658836284784966,1.0,98.57988165680472
862,11221,0.125,0.7631875,0.9796651005902903,0.0,98.33333333333331
863,22319,0.375,0.77128125,0.9860257800265027,0.3448275862068966,98.29999999999998
864,12034,0.375,0.903125,0.62643055053608,0.3448275862068966,98.29999999999998
865,11619,0.3625,0.903125,0.62643055053608,0.3448275862068966,98.29999999999998
866,13485,0.8625,0.6875,0.7059462715335502,0.3448275862068966,98.19999999999999
867,11475,0.3625,0.69659375,0.7551740754126008,0.9655172413793103,98.18181818181816
868,20949,0.125,0.7618750000000001,0.9785086134200698,0.9655172413793103,98.18181818181816
869,12021,0.375,0.934375,0.7324515118660402,0.48275862068965514,98.18181818181816
870,12034,0.375,0.903125,0.62643055053608,0.48275862068965514,98.18181818181816
871,22238,0.3625,0.7837500000000001,0.9813155041561258,0.6896551724137931,98.18181818181816
872,14031,0.875,0.9375,0.6996542585230695,0.27586206896551724,97.99999999999999
873,10629,0.1125,0.9375,0.6996542585230695,0.27586206896551724,97.99999999999999
874,22216,0.12499999999999996,0.7837500000000001,0.9813155041561258,0.3448275862068966,97.99999999999999
875,22896,0.12499999999999992,0.83690625,0.9940368630285508,0.0,97.77777777777776
876,22216,0.12499999999999996,0.7837500000000001,0.9813155041561258,0.0,97.77777777777776
877,13047,0.625,0.903125,0.655524635586074,1.0,97.7739644970414
878,11211,0.125,0.8368125,0.9940850499939766,1.0,97.63313609467454
879,22246,0.12499999999999992,0.77128125,0.9860257800265027,0.6206896551724137,97.59999999999998
880,10420,0.1125,0.8294374999999998,0.9969883146608842,1.0,97.51479289940826
881,10858,0.125,0.75,0.9248042404529574,1.0,97.51479289940826
882,13480,0.8625,0.684375,0.6508384531984098,0.13793103448275862,97.49999999999999
883,11635,0.3625,0.934375,0.7324515118660402,0.3448275862068966,97.39999999999998
884,13491,0.8625,0.69659375,0.7551740754126008,0.9655172413793103,97.27272727272725
885,10467,0.1125,0.69659375,0.7551740754126008,0.9655172413793103,97.27272727272725
886,10627,0.1125,0.934375,0.7324515118660402,0.9655172413793103,97.27272727272725
887,11175,0.125,0.6875,0.7059462715335502,0.9655172413793103,97.27272727272725
888,13029,0.625,0.934375,0.7324515118660402,0.48275862068965514,97.27272727272725
889,12177,0.375,0.69659375,0.7551740754126008,0.9655172413793103,97.27272727272725
890,14199,0.875,0.6875,0.7059462715335502,0.9655172413793103,97.27272727272725
891,11619,0.3625,0.903125,0.62643055053608,0.48275862068965514,97.27272727272725
892,11169,0.125,0.69659375,0.7551740754126008,0.9655172413793103,97.27272727272725
893,11814,0.3625,0.78125,0.9501746777496686,0.27586206896551724,97.19999999999999
894,23520,0.12499999999999992,0.79315625,0.9851222744247681,0.6206896551724137,97.19999999999999
895,12643,0.6125,0.934375,0.7324515118660402,0.3448275862068966,97.19999999999999
896,12224,0.375,0.79984375,0.9989157932779182,1.0,97.15976331360945
897,13042,0.625,0.903125,0.62643055053608,0.3448275862068966,97.09999999999998
898,13445,0.8625,0.82203125,0.9989157932779182,1.0,97.04142011834317
899,10461,0.1125,0.6875,0.7059462715335502,0.6206896551724137,96.99999999999999
900,14055,0.875,0.903125,0.655524635586074,0.27586206896551724,96.99999999999999
901,13636,0.8625,0.90625,0.7671364895795687,0.27586206896551724,96.99999999999999
902,12032,0.375,0.90625,0.7671364895795687,0.27586206896551724,96.99999999999999
903,11175,0.125,0.6875,0.7059462715335502,0.3448275862068966,96.99999999999999
904,13653,0.8625,0.9375,0.6996542585230695,0.27586206896551724,96.99999999999999
905,11216,0.125,0.79984375,0.9989157932779182,0.27586206896551724,96.99999999999999
906,12627,0.6125,0.903125,0.62643055053608,0.3448275862068966,96.99999999999999
907,23520,0.12499999999999992,0.79315625,0.9851222744247681,0.27586206896551724,96.99999999999999
908,22238,0.3625,0.7837500000000001,0.9813155041561258,0.27586206896551724,96.99999999999999
909,23540,0.12499999999999992,0.79315625,0.9972172027466569,0.27586206896551724,96.99999999999999
910,24259,0.375,0.8275,0.9975906517287073,0.48275862068965514,96.90909090909089
911,24194,0.125,0.8275,0.9975906517287073,0.3448275862068966,96.89999999999998
912,10467,0.1125,0.69659375,0.7551740754126008,0.6206896551724137,96.69999999999999
913,11423,0.3625,0.865875,0.9729671123960967,1.0,96.68639053254435
914,10611,0.1125,0.903125,0.62643055053608,0.13793103448275862,96.66666666666666
915,11180,0.125,0.684375,0.6508384531984098,0.13793103448275862,96.66666666666666
916,10605,0.1125,0.903125,0.655524635586074,0.0,96.66666666666664
917,13635,0.8625,0.903125,0.62643055053608,0.3448275862068966,96.59999999999998
918,13491,0.8625,0.69659375,0.7551740754126008,0.6206896551724137,96.49999999999999
919,11635,0.3625,0.934375,0.7324515118660402,0.48275862068965514,96.36363636363635
920,10461,0.1125,0.6875,0.7059462715335502,0.9655172413793103,96.36363636363635
921,13485,0.8625,0.6875,0.7059462715335502,0.9655172413793103,96.36363636363635
922,13191,0.625,0.6875,0.7059462715335502,0.48275862068965514,96.36363636363635
923,11026,0.125,0.903125,0.62643055053608,0.48275862068965514,96.36363636363635
924,12483,0.6125,0.69659375,0.7551740754126008,0.9655172413793103,96.36363636363635
925,13191,0.625,0.6875,0.7059462715335502,0.6896551724137931,96.36363636363635
926,22322,0.375,0.7837500000000001,0.9934586194434405,0.9655172413793103,96.36363636363635
927,12221,0.375,0.82203125,0.9989157932779182,0.9655172413793103,96.36363636363635
928,11429,0.3625,0.82203125,0.9989157932779182,0.9655172413793103,96.36363636363635
929,12183,0.375,0.6875,0.7059462715335502,0.48275862068965514,96.36363636363635
930,13042,0.625,0.903125,0.62643055053608,0.48275862068965514,96.36363636363635
931,12627,0.6125,0.903125,0.62643055053608,0.48275862068965514,96.36363636363635
932,12643,0.6125,0.934375,0.7324515118660402,0.48275862068965514,96.36363636363635
933,17064,0.12499999999999992,0.68378125,0.8428984459703649,1.0,96.33136094674555
934,20949,0.125,0.7618750000000001,0.9785086134200698,0.6206896551724137,96.29999999999998
935,11026,0.125,0.903125,0.62643055053608,0.3448275862068966,96.19999999999999
936,11221,0.125,0.7631875,0.9796651005902903,0.9655172413793103,96.18181818181817
937,14037,0.875,0.934375,0.7324515118660402,0.3448275862068966,96.09999999999998
938,11212,0.125,0.8294374999999998,0.9969883146608842,1.0,96.094674556213
939,14048,0.875,0.90625,0.7671364895795687,0.27586206896551724,95.99999999999999
940,11031,0.125,0.903125,0.655524635586074,0.27586206896551724,95.99999999999999
941,11013,0.125,0.934375,0.7324515118660402,0.3448275862068966,95.89999999999998
942,24169,0.3625,0.8150625,0.9877966510059029,0.3448275862068966,95.89999999999998
943,10352,0.1125,0.85690625,0.96883508011083,0.13793103448275862,95.83333333333331
944,12188,0.375,0.684375,0.6508384531984098,0.13793103448275862,95.83333333333331
945,23612,0.375,0.805625,0.9997470184315143,0.6206896551724137,95.79999999999998
946,11170,0.125,0.70125,0.7658836284784966,1.0,95.62130177514791
947,11469,0.3625,0.6875,0.7059462715335502,0.0,95.55555555555554
948,12183,0.375,0.6875,0.7059462715335502,0.0,95.55555555555554
949,23520,0.12499999999999992,0.79315625,0.9851222744247681,0.0,95.55555555555554
950,23536,0.33882500000000004,0.79475,0.9856161908203831,1.0,95.50295857988164
951,13651,0.8625,0.934375,0.7324515118660402,0.3448275862068966,95.49999999999999
952,23512,0.125,0.805625,0.9877002770750511,0.3448275862068966,95.49999999999999
953,13185,0.625,0.69659375,0.7551740754126008,0.9655172413793103,95.45454545454544
954,11013,0.125,0.934375,0.7324515118660402,0.48275862068965514,95.45454545454544
955,11469,0.3625,0.6875,0.7059462715335502,0.48275862068965514,95.45454545454544
956,24194,0.125,0.8275,0.9975906517287073,0.6896551724137931,95.45454545454544
957,12477,0.6125,0.6875,0.7059462715335502,0.48275862068965514,95.45454545454544
958,14037,0.875,0.934375,0.7324515118660402,0.48275862068965514,95.45454545454544
959,13635,0.8625,0.903125,0.62643055053608,0.48275862068965514,95.45454545454544
960,12183,0.375,0.6875,0.7059462715335502,0.6896551724137931,95.45454545454544
961,10605,0.1125,0.903125,0.655524635586074,0.6206896551724137,95.39999999999998
962,11169,0.125,0.69659375,0.7551740754126008,0.3448275862068966,95.39999999999998
963,24165,0.12500000000000003,0.8275,0.9855077701481749,1.0,95.2662721893491
964,12646,0.6125,0.9375,0.6752463558607397,1.0,95.17159763313607
965,13196,0.625,0.684375,0.6508384531984098,0.13793103448275862,94.99999999999999
966,10461,0.1125,0.6875,0.7059462715335502,0.3448275862068966,94.99999999999999
967,11637,0.3625,0.9375,0.6996542585230695,0.27586206896551724,94.99999999999999
968,10425,0.1125,0.7924375,0.9969883146608842,0.27586206896551724,94.99999999999999
969,11475,0.3625,0.69659375,0.7551740754126008,0.6206896551724137,94.99999999999999
970,22322,0.375,0.7837500000000001,0.9934586194434405,0.27586206896551724,94.99999999999999
971,23613,0.375,0.79315625,0.9972172027466569,0.27586206896551724,94.99999999999999
972,12168,0.375,0.715625,0.62643055053608,0.27586206896551724,94.99999999999999
973,11613,0.3625,0.903125,0.655524635586074,0.27586206896551724,94.99999999999999
974,11620,0.3625,0.90625,0.7671364895795687,0.27586206896551724,94.99999999999999
975,12483,0.6125,0.69659375,0.7551740754126008,0.6206896551724137,94.89999999999998
976,12177,0.375,0.69659375,0.7551740754126008,0.6206896551724137,94.89999999999998
977,22319,0.375,0.77128125,0.9860257800265027,0.48275862068965514,94.8181818181818
978,24176,0.33882500000000004,0.8259375,0.9859414528370076,1.0,94.792899408284
979,12089,0.375,0.82659375,0.8773762197325623,1.0,94.74556213017749
980,20949,0.125,0.7618750000000001,0.9785086134200698,0.3448275862068966,94.69999999999999
981,22319,0.375,0.77128125,0.9860257800265027,0.27586206896551724,94.69999999999999
982,11429,0.3625,0.82203125,0.9989157932779182,0.6206896551724137,94.59999999999998
983,22246,0.12499999999999992,0.77128125,0.9860257800265027,0.3448275862068966,94.59999999999998
984,11469,0.3625,0.6875,0.7059462715335502,0.6896551724137931,94.54545454545453
985,12477,0.6125,0.6875,0.7059462715335502,0.6896551724137931,94.54545454545453
986,13651,0.8625,0.934375,0.7324515118660402,0.48275862068965514,94.54545454545453
987,11213,0.125,0.82203125,0.9989157932779182,0.9655172413793103,94.54545454545453
988,12477,0.6125,0.6875,0.7059462715335502,0.0,94.44444444444443
989,13191,0.625,0.6875,0.7059462715335502,0.0,94.44444444444443
990,11175,0.125,0.6875,0.7059462715335502,0.0,94.44444444444443
991,23613,0.375,0.79315625,0.9972172027466569,0.48275862068965514,94.36363636363635
992,12173,0.375,0.715625,0.6545717383447777,1.0,94.31952662721892
993,24259,0.375,0.8275,0.9975906517287073,0.13793103448275862,94.16666666666666
994,10612,0.1125,0.90625,0.7671364895795687,0.6206896551724137,94.09999999999998
995,23520,0.12499999999999992,0.79315625,0.9851222744247681,0.3448275862068966,94.09999999999998
996,11427,0.3625,0.8368125,0.9940850499939766,1.0,94.08284023668637
997,11212,0.125,0.8294374999999998,0.9969883146608842,0.9655172413793103,93.99999999999999
998,12645,0.6125,0.9375,0.6996542585230695,0.27586206896551724,93.99999999999999
999,13636,0.8625,0.90625,0.7671364895795687,0.6206896551724137,93.99999999999999
1000,13023,0.625,0.9375,0.6996542585230695,0.27586206896551724,93.99999999999999
1001,12628,0.6125,0.90625,0.7671364895795687,0.27586206896551724,93.99999999999999
1002,14055,0.875,0.903125,0.655524635586074,0.6206896551724137,93.89999999999998
1003,11213,0.125,0.82203125,0.9989157932779182,0.6206896551724137,93.69999999999999
1004,20949,0.125,0.7618750000000001,0.9785086134200698,0.6896551724137931,93.63636363636363
1005,12021,0.375,0.934375,0.7324515118660402,0.6896551724137931,93.63636363636363
1006,14193,0.875,0.69659375,0.7551740754126008,0.9655172413793103,93.63636363636363
1007,13185,0.625,0.69659375,0.7551740754126008,0.6206896551724137,93.59999999999998
1008,14048,0.875,0.90625,0.7671364895795687,0.6206896551724137,93.49999999999999
1009,11476,0.3625,0.70125,0.7658836284784966,1.0,93.49112426035501
1010,10461,0.1125,0.6875,0.7059462715335502,0.0,93.33333333333331
1011,11213,0.125,0.82203125,0.9989157932779182,0.0,93.33333333333331
1012,10627,0.1125,0.934375,0.7324515118660402,0.3448275862068966,93.19999999999999
1013,20916,0.125,0.7618750000000001,0.9661366100469823,0.48275862068965514,93.18181818181817
1014,11024,0.125,0.90625,0.7671364895795687,0.6206896551724137,93.09999999999998
1015,11464,0.3625,0.684375,0.6508384531984098,0.8275862068965517,93.07692307692307
1016,12472,0.6125,0.684375,0.6508384531984098,0.8275862068965517,93.07692307692307
1017,10477,0.1125,0.715625,0.62643055053608,0.27586206896551724,92.99999999999999
1018,12015,0.375,0.9375,0.6996542585230695,0.27586206896551724,92.99999999999999
1019,13629,0.8625,0.903125,0.655524635586074,0.27586206896551724,92.99999999999999
1020,12221,0.375,0.82203125,0.9989157932779182,0.27586206896551724,92.99999999999999
1021,12039,0.375,0.903125,0.655524635586074,0.27586206896551724,92.99999999999999
1022,13040,0.625,0.90625,0.7671364895795687,0.27586206896551724,92.99999999999999
1023,13491,0.8625,0.69659375,0.7551740754126008,0.3448275862068966,92.89999999999998
1024,10467,0.1125,0.69659375,0.7551740754126008,0.3448275862068966,92.89999999999998
1025,12032,0.375,0.90625,0.7671364895795687,0.6206896551724137,92.89999999999998
1026,10611,0.1125,0.903125,0.62643055053608,0.6896551724137931,92.7272727272727
1027,10627,0.1125,0.934375,0.7324515118660402,0.48275862068965514,92.7272727272727
1028,14050,0.875,0.903125,0.62643055053608,0.6896551724137931,92.7272727272727
1029,11207,0.125,0.865875,0.9729671123960967,0.9655172413793103,92.7272727272727
1030,11175,0.125,0.6875,0.7059462715335502,0.6896551724137931,92.7272727272727
1031,14199,0.875,0.6875,0.7059462715335502,0.48275862068965514,92.7272727272727
1032,14199,0.875,0.6875,0.7059462715335502,0.6896551724137931,92.7272727272727
1033,12221,0.375,0.82203125,0.9989157932779182,0.6206896551724137,92.39999999999998
1034,24259,0.375,0.8275,0.9975906517287073,0.8275862068965517,92.30769230769229
1035,12178,0.375,0.70125,0.7658836284784966,1.0,92.30769230769229
1036,13491,0.8625,0.69659375,0.7551740754126008,0.0,92.2222222222222
1037,13485,0.8625,0.6875,0.7059462715335502,0.0,92.2222222222222
1038,10612,0.1125,0.90625,0.7671364895795687,0.0,92.2222222222222
1039,11475,0.3625,0.69659375,0.7551740754126008,0.0,92.2222222222222
1040,12177,0.375,0.69659375,0.7551740754126008,0.0,92.2222222222222
1041,11217,0.125,0.7924375,0.9969883146608842,0.0,92.2222222222222
1042,12168,0.375,0.715625,0.62643055053608,0.6206896551724137,92.19999999999999
1043,10557,0.1125,0.82659375,0.8773762197325623,0.27586206896551724,91.99999999999999
1044,12493,0.6125,0.715625,0.62643055053608,0.27586206896551724,91.99999999999999
1045,11485,0.3625,0.715625,0.62643055053608,0.27586206896551724,91.99999999999999
1046,11427,0.3625,0.8368125,0.9940850499939766,0.27586206896551724,91.99999999999999
1047,12621,0.6125,0.903125,0.655524635586074,0.27586206896551724,91.99999999999999
1048,13047,0.625,0.903125,0.655524635586074,0.27586206896551724,91.99999999999999
1049,23545,0.125,0.805625,0.9997470184315143,0.27586206896551724,91.99999999999999
1050,11625,0.3625,0.90625,0.62643055053608,1.0,91.92899408284022
1051,11217,0.125,0.7924375,0.9969883146608842,0.9655172413793103,91.90909090909089
1052,13485,0.8625,0.6875,0.7059462715335502,0.48275862068965514,91.8181818181818
1053,13485,0.8625,0.6875,0.7059462715335502,0.6896551724137931,91.8181818181818
1054,24169,0.3625,0.8150625,0.9877966510059029,0.6896551724137931,91.8181818181818
1055,11475,0.3625,0.69659375,0.7551740754126008,0.6896551724137931,91.8181818181818
1056,22319,0.375,0.77128125,0.9860257800265027,0.6896551724137931,91.8181818181818
1057,12034,0.375,0.903125,0.62643055053608,0.6896551724137931,91.8181818181818
1058,13029,0.625,0.934375,0.7324515118660402,0.6896551724137931,91.8181818181818
1059,23613,0.375,0.79315625,0.9972172027466569,0.6896551724137931,91.8181818181818
1060,12033,0.375,0.90625,0.62643055053608,1.0,91.77514792899406
1061,12220,0.375,0.8294374999999998,0.9969883146608842,0.9655172413793103,91.7272727272727
1062,11221,0.125,0.7631875,0.9796651005902903,0.6206896551724137,91.69999999999999
1063,10467,0.1125,0.69659375,0.7551740754126008,0.13793103448275862,91.66666666666666
1064,14204,0.875,0.684375,0.6508384531984098,0.13793103448275862,91.66666666666666
1065,11620,0.3625,0.90625,0.7671364895795687,0.6206896551724137,91.59999999999998
1066,13480,0.8625,0.684375,0.6508384531984098,0.8275862068965517,91.53846153846152
1067,12628,0.6125,0.90625,0.7671364895795687,0.6206896551724137,91.49999999999999
1068,12483,0.6125,0.69659375,0.7551740754126008,0.3448275862068966,91.39999999999998
1069,11475,0.3625,0.69659375,0.7551740754126008,0.3448275862068966,91.29999999999998
1070,22216,0.12499999999999996,0.7837500000000001,0.9813155041561258,0.48275862068965514,91.27272727272725
1071,12177,0.375,0.69659375,0.7551740754126008,0.3448275862068966,91.19999999999999
1072,12484,0.6125,0.70125,0.7658836284784966,1.0,91.12426035502956
1073,22249,0.125,0.7837500000000001,0.9934586194434405,1.0,91.12426035502956
1074,11024,0.125,0.90625,0.7671364895795687,0.0,91.11111111111109
1075,14031,0.875,0.9375,0.6996542585230695,0.0,91.11111111111109
1076,12483,0.6125,0.69659375,0.7551740754126008,0.0,91.11111111111109
1077,10629,0.1125,0.9375,0.6996542585230695,0.0,91.11111111111109
1078,13185,0.625,0.69659375,0.7551740754126008,0.0,91.11111111111109
1079,14199,0.875,0.6875,0.7059462715335502,0.0,91.11111111111109
1080,22238,0.3625,0.7837500000000001,0.9813155041561258,0.0,91.11111111111109
1081,23540,0.12499999999999992,0.79315625,0.9972172027466569,0.0,91.11111111111109
1082,14193,0.875,0.69659375,0.7551740754126008,0.6206896551724137,91.09999999999998
1083,14031,0.875,0.9375,0.6996542585230695,0.6206896551724137,91.09999999999998
1084,11638,0.3625,0.9375,0.6752463558607397,1.0,91.0059171597633
1085,11432,0.3625,0.79984375,0.9989157932779182,0.27586206896551724,90.99999999999999
1086,11286,0.125,0.8634375000000001,0.9629442235875195,0.27586206896551724,90.99999999999999
1087,13176,0.625,0.715625,0.62643055053608,0.27586206896551724,90.99999999999999
1088,10351,0.1125,0.8503437500000001,0.9739549451873267,0.9655172413793103,90.90909090909089
1089,11175,0.125,0.6875,0.7059462715335502,0.48275862068965514,90.90909090909089
1090,10461,0.1125,0.6875,0.7059462715335502,0.6896551724137931,90.90909090909089
1091,10467,0.1125,0.69659375,0.7551740754126008,0.6896551724137931,90.90909090909089
1092,22877,0.12499999999999992,0.83690625,0.9819057944825923,0.6896551724137931,90.90909090909089
1093,13491,0.8625,0.69659375,0.7551740754126008,0.6896551724137931,90.90909090909089
1094,12643,0.6125,0.934375,0.7324515118660402,0.6896551724137931,90.90909090909089
1095,11635,0.3625,0.934375,0.7324515118660402,0.6896551724137931,90.90909090909089
1096,13040,0.625,0.90625,0.7671364895795687,0.6206896551724137,90.89999999999998
1097,13186,0.625,0.70125,0.7658836284784966,1.0,90.88757396449702
1098,14050,0.875,0.903125,0.62643055053608,0.13793103448275862,90.83333333333331
1099,11169,0.125,0.69659375,0.7551740754126008,0.13793103448275862,90.83333333333331
1100,12188,0.375,0.684375,0.6508384531984098,0.8275862068965517,90.76923076923076
1101,11345,0.3625,0.82128125,0.9870015660763762,1.0,90.76923076923075
1102,12039,0.375,0.903125,0.655524635586074,0.6206896551724137,90.69999999999999
1103,11298,0.125,0.82128125,0.9870015660763762,1.0,90.65088757396448
1104,11486,0.3625,0.71875,0.7718949524153716,1.0,90.65088757396448
1105,11025,0.125,0.90625,0.62643055053608,1.0,90.65088757396448
1106,23523,0.3032125,0.8048437500000001,0.9876279966269124,1.0,90.65088757396448
1107,23533,0.3388125,0.8040625,0.9875316226960605,1.0,90.65088757396448
1108,11613,0.3625,0.903125,0.655524635586074,0.6206896551724137,90.59999999999998
1109,11426,0.3625,0.844125,0.9902300927599084,1.0,90.5325443786982
1110,13181,0.625,0.715625,0.6545717383447777,1.0,90.5325443786982
1111,12487,0.6125,0.715625,0.6545717383447777,1.0,90.5325443786982
1112,13022,0.625,0.9375,0.6752463558607397,1.0,90.41420118343193
1113,11222,0.125,0.756,0.9729671123960967,0.27586206896551724,90.39999999999998
1114,11221,0.125,0.7631875,0.9796651005902903,0.6896551724137931,90.36363636363635
1115,22896,0.12499999999999992,0.83690625,0.9940368630285508,0.6206896551724137,90.29999999999998
1116,11432,0.3625,0.79984375,0.9989157932779182,0.6206896551724137,90.09999999999998
1117,20938,0.3625,0.7618750000000001,0.9661366100469823,0.27586206896551724,90.09999999999998
1118,13185,0.625,0.69659375,0.7551740754126008,0.3448275862068966,90.09999999999998
1119,13641,0.8625,0.90625,0.62643055053608,1.0,90.05917159763311
1120,11216,0.125,0.79984375,0.9989157932779182,1.0,90.05917159763311
1121,13196,0.625,0.684375,0.6508384531984098,0.8275862068965517,89.99999999999999
1122,10351,0.1125,0.8503437500000001,0.9739549451873267,0.13793103448275862,89.99999999999999
1123,11169,0.125,0.69659375,0.7551740754126008,0.6896551724137931,89.99999999999999
1124,11432,0.3625,0.79984375,0.9989157932779182,0.9655172413793103,89.99999999999999
1125,24169,0.3625,0.8150625,0.9877966510059029,0.48275862068965514,89.99999999999999
1126,11026,0.125,0.903125,0.62643055053608,0.6896551724137931,89.99999999999999
1127,12483,0.6125,0.69659375,0.7551740754126008,0.6896551724137931,89.99999999999999
1128,12177,0.375,0.69659375,0.7551740754126008,0.6896551724137931,89.99999999999999
1129,13042,0.625,0.903125,0.62643055053608,0.6896551724137931,89.99999999999999
1130,14031,0.875,0.9375,0.6996542585230695,0.9655172413793103,89.99999999999999
1131,12627,0.6125,0.903125,0.62643055053608,0.6896551724137931,89.99999999999999
1132,10461,0.1125,0.6875,0.7059462715335502,0.48275862068965514,89.99999999999999
1133,10605,0.1125,0.903125,0.655524635586074,0.9655172413793103,89.99999999999999
1134,11619,0.3625,0.903125,0.62643055053608,0.6896551724137931,89.99999999999999
1135,23535,0.3625,0.7931874999999999,0.9851343211661244,0.9655172413793103,89.99999999999999
1136,13185,0.625,0.69659375,0.7551740754126008,0.6896551724137931,89.99999999999999
1137,11007,0.125,0.9375,0.6996542585230695,0.27586206896551724,89.99999999999999
1138,13653,0.8625,0.9375,0.6996542585230695,0.6206896551724137,89.99999999999999
1139,10629,0.1125,0.9375,0.6996542585230695,0.6206896551724137,89.99999999999999
1140,11160,0.125,0.715625,0.62643055053608,0.27586206896551724,89.99999999999999
1141,11211,0.125,0.8368125,0.9940850499939766,0.0,89.99999999999999
1142,13653,0.8625,0.9375,0.6996542585230695,0.0,89.99999999999999
1143,11479,0.3625,0.715625,0.6545717383447777,1.0,89.94082840236685
1144,13492,0.8625,0.70125,0.7658836284784966,1.0,89.94082840236685
1145,11031,0.125,0.903125,0.655524635586074,0.6206896551724137,89.89999999999998
1146,13629,0.8625,0.903125,0.655524635586074,0.6206896551724137,89.79999999999998
1147,23612,0.375,0.805625,0.9997470184315143,0.3448275862068966,89.49999999999999
1148,12621,0.6125,0.903125,0.655524635586074,0.6206896551724137,89.49999999999999
1149,23540,0.12499999999999992,0.79315625,0.9972172027466569,0.6206896551724137,89.49999999999999
1150,13442,0.8625,0.844125,0.9902300927599084,1.0,89.46745562130175
1151,13047,0.625,0.903125,0.655524635586074,0.6206896551724137,89.39999999999998
1152,23512,0.125,0.805625,0.9877002770750511,0.48275862068965514,89.36363636363635
1153,10738,0.1125,0.7068125000000001,0.7915190940850501,1.0,89.34911242603549
1154,23512,0.125,0.805625,0.9877002770750511,0.13793103448275862,89.16666666666666
1155,11619,0.3625,0.903125,0.62643055053608,0.13793103448275862,89.16666666666666
1156,12168,0.375,0.715625,0.62643055053608,0.3448275862068966,89.09999999999998
1157,11637,0.3625,0.9375,0.6996542585230695,0.6206896551724137,89.09999999999998
1158,11433,0.3625,0.7924375,0.9969883146608842,0.9655172413793103,89.09090909090908
1159,13636,0.8625,0.90625,0.7671364895795687,0.9655172413793103,89.09090909090908
1160,13635,0.8625,0.903125,0.62643055053608,0.6896551724137931,89.09090909090908
1161,12221,0.375,0.82203125,0.9989157932779182,0.6896551724137931,89.09090909090908
1162,14055,0.875,0.903125,0.655524635586074,0.9655172413793103,89.09090909090908
1163,13651,0.8625,0.934375,0.7324515118660402,0.6896551724137931,89.09090909090908
1164,14048,0.875,0.90625,0.7671364895795687,0.9655172413793103,89.09090909090908
1165,10629,0.1125,0.9375,0.6996542585230695,0.9655172413793103,89.09090909090908
1166,14037,0.875,0.934375,0.7324515118660402,0.6896551724137931,89.09090909090908
1167,10612,0.1125,0.90625,0.7671364895795687,0.9655172413793103,89.09090909090908
1168,14105,0.875,0.82659375,0.8773762197325623,1.0,89.07692307692305
1169,22246,0.12499999999999992,0.77128125,0.9860257800265027,0.48275862068965514,88.99999999999999
1170,11433,0.3625,0.7924375,0.9969883146608842,0.27586206896551724,88.99999999999999
1171,11207,0.125,0.865875,0.9729671123960967,0.27586206896551724,88.99999999999999
1172,24190,0.3625,0.8275,0.9975906517287073,0.27586206896551724,88.99999999999999
1173,14184,0.875,0.715625,0.62643055053608,0.27586206896551724,88.99999999999999
1174,10468,0.1125,0.70125,0.7658836284784966,0.27586206896551724,88.99999999999999
1175,12089,0.375,0.82659375,0.8773762197325623,0.27586206896551724,88.99999999999999
1176,13501,0.8625,0.715625,0.62643055053608,0.27586206896551724,88.99999999999999
1177,12437,0.6125,0.82203125,0.9989157932779182,0.27586206896551724,88.99999999999999
1178,11212,0.125,0.8294374999999998,0.9969883146608842,0.0,88.99999999999999
1179,11429,0.3625,0.82203125,0.9989157932779182,0.3448275862068966,88.89999999999998
1180,13636,0.8625,0.90625,0.7671364895795687,0.0,88.88888888888887
1181,12032,0.375,0.90625,0.7671364895795687,0.0,88.88888888888887
1182,11429,0.3625,0.82203125,0.9989157932779182,0.0,88.88888888888887
1183,14055,0.875,0.903125,0.655524635586074,0.0,88.88888888888887
1184,14048,0.875,0.90625,0.7671364895795687,0.0,88.88888888888887
1185,11637,0.3625,0.9375,0.6996542585230695,0.0,88.88888888888887
1186,14193,0.875,0.69659375,0.7551740754126008,0.0,88.88888888888887
1187,24166,0.14872749999999998,0.8259375,0.9859414528370076,1.0,88.75739644970412
1188,13176,0.625,0.715625,0.62643055053608,0.6206896551724137,88.69999999999999
1189,11438,0.3625,0.756,0.9729671123960967,1.0,88.63905325443785
1190,11834,0.375,0.79634375,0.9860498735092157,1.0,88.63905325443785
1191,12493,0.6125,0.715625,0.62643055053608,0.6206896551724137,88.49999999999999
1192,14204,0.875,0.684375,0.6508384531984098,0.8275862068965517,88.46153846153845
1193,22238,0.3625,0.7837500000000001,0.9813155041561258,0.8275862068965517,88.46153846153845
1194,22864,0.3625,0.8369375,0.9818817009998795,0.8275862068965517,88.46153846153845
1195,24183,0.3625,0.81190625,0.9879532586435369,1.0,88.4023668639053
1196,11232,0.125,0.68878125,0.8562823756173954,1.0,88.4023668639053
1197,22225,0.3625,0.786875,0.9827611131189014,0.6206896551724137,88.39999999999998
1198,12014,0.375,0.9375,0.6752463558607397,1.0,88.39053254437867
1199,24194,0.125,0.8275,0.9975906517287073,0.48275862068965514,88.36363636363635
1200,23520,0.12499999999999992,0.79315625,0.9851222744247681,0.48275862068965514,88.36363636363635
1201,11013,0.125,0.934375,0.7324515118660402,0.13793103448275862,88.33333333333331
1202,12021,0.375,0.934375,0.7324515118660402,0.13793103448275862,88.33333333333331
1203,13029,0.625,0.934375,0.7324515118660402,0.13793103448275862,88.33333333333331
1204,11026,0.125,0.903125,0.62643055053608,0.13793103448275862,88.33333333333331
1205,23534,0.3625,0.805625,0.9877002770750511,0.13793103448275862,88.33333333333331
1206,12015,0.375,0.9375,0.6996542585230695,0.6206896551724137,88.29999999999998
1207,24158,0.3032125,0.8267187500000001,0.9857246114925913,1.0,88.28402366863904
1208,14194,0.875,0.70125,0.7658836284784966,1.0,88.28402366863904
1209,13028,0.625,0.934375,0.65293579086857,1.0,88.22603550295857
1210,20950,0.125,0.765,0.981195036742561,0.27586206896551724,88.19999999999999
1211,12032,0.375,0.90625,0.7671364895795687,0.9655172413793103,88.18181818181817
1212,10425,0.1125,0.7924375,0.9969883146608842,0.9655172413793103,88.18181818181817
1213,23612,0.375,0.805625,0.9997470184315143,0.6896551724137931,88.18181818181817
1214,12168,0.375,0.715625,0.62643055053608,0.9655172413793103,88.18181818181817
1215,11013,0.125,0.934375,0.7324515118660402,0.6896551724137931,88.18181818181817
1216,11024,0.125,0.90625,0.7671364895795687,0.9655172413793103,88.18181818181817
1217,11210,0.125,0.844125,0.9902300927599084,0.27586206896551724,87.99999999999999
1218,13445,0.8625,0.82203125,0.9989157932779182,0.27586206896551724,87.99999999999999
1219,12220,0.375,0.8294374999999998,0.9969883146608842,0.27586206896551724,87.99999999999999
1220,11485,0.3625,0.715625,0.62643055053608,0.6206896551724137,87.99999999999999
1221,11170,0.125,0.70125,0.7658836284784966,0.27586206896551724,87.99999999999999
1222,12032,0.375,0.90625,0.7671364895795687,1.0,87.94674556213016
1223,11221,0.125,0.7631875,0.9796651005902903,0.3448275862068966,87.79999999999998
1224,14193,0.875,0.69659375,0.7551740754126008,0.3448275862068966,87.79999999999998
1225,12645,0.6125,0.9375,0.6996542585230695,0.0,87.77777777777776
1226,11031,0.125,0.903125,0.655524635586074,0.0,87.77777777777776
1227,11613,0.3625,0.903125,0.655524635586074,0.0,87.77777777777776
1228,11216,0.125,0.79984375,0.9989157932779182,0.0,87.77777777777776
1229,23545,0.125,0.805625,0.9997470184315143,0.0,87.77777777777776
1230,13041,0.625,0.90625,0.62643055053608,1.0,87.64497041420117
1231,10557,0.1125,0.82659375,0.8773762197325623,0.6206896551724137,87.59999999999998
1232,11159,0.125,0.71875,0.62643055053608,1.0,87.5739644970414
1233,23545,0.125,0.805625,0.9997470184315143,1.0,87.5739644970414
1234,22225,0.3625,0.786875,0.9827611131189014,0.9655172413793103,87.54545454545453
1235,20949,0.125,0.7618750000000001,0.9785086134200698,0.13793103448275862,87.49999999999999
1236,11175,0.125,0.6875,0.7059462715335502,0.13793103448275862,87.49999999999999
1237,12183,0.375,0.6875,0.7059462715335502,0.13793103448275862,87.49999999999999
1238,20916,0.125,0.7618750000000001,0.9661366100469823,0.13793103448275862,87.49999999999999
1239,12306,0.375,0.82128125,0.9870015660763762,0.6206896551724137,87.49999999999999
1240,11213,0.125,0.82203125,0.9989157932779182,0.3448275862068966,87.49999999999999
1241,12645,0.6125,0.9375,0.6996542585230695,0.6206896551724137,87.49999999999999
1242,10830,0.125,0.78125,0.9501746777496686,0.27586206896551724,87.39999999999998
1243,12221,0.375,0.82203125,0.9989157932779182,0.3448275862068966,87.39999999999998
1244,13097,0.625,0.82659375,0.8773762197325623,1.0,87.34911242603549
1245,21005,0.6125,0.7618750000000001,0.9661366100469823,1.0,87.33727810650886
1246,14193,0.875,0.69659375,0.7551740754126008,0.6896551724137931,87.27272727272725
1247,12306,0.375,0.82128125,0.9870015660763762,0.9655172413793103,87.27272727272725
1248,10352,0.1125,0.85690625,0.96883508011083,0.9655172413793103,87.27272727272725
1249,11031,0.125,0.903125,0.655524635586074,0.9655172413793103,87.27272727272725
1250,11637,0.3625,0.9375,0.6996542585230695,0.9655172413793103,87.27272727272725
1251,12039,0.375,0.903125,0.655524635586074,0.9655172413793103,87.27272727272725
1252,22896,0.12499999999999992,0.83690625,0.9940368630285508,0.9655172413793103,87.27272727272725
1253,13040,0.625,0.90625,0.7671364895795687,0.9655172413793103,87.27272727272725
1254,11620,0.3625,0.90625,0.7671364895795687,0.9655172413793103,87.27272727272725
1255,22246,0.12499999999999992,0.77128125,0.9860257800265027,0.9655172413793103,87.27272727272725
1256,10556,0.1125,0.8195625,0.8788820624021202,0.27586206896551724,87.19999999999999
1257,10477,0.1125,0.715625,0.62643055053608,0.6206896551724137,87.19999999999999
1258,13495,0.8625,0.715625,0.6545717383447777,1.0,87.10059171597631
1259,24164,0.12499999999999992,0.81503125,0.9878086977472593,1.0,87.10059171597631
1260,12446,0.6125,0.756,0.9729671123960967,1.0,87.10059171597631
1261,12225,0.375,0.7924375,0.9969883146608842,0.27586206896551724,86.99999999999999
1262,12292,0.375,0.8503437500000001,0.9739549451873267,0.27586206896551724,86.99999999999999
1263,11007,0.125,0.9375,0.6996542585230695,0.6206896551724137,86.99999999999999
1264,10456,0.1125,0.684375,0.6508384531984098,0.8275862068965517,86.9230769230769
1265,14189,0.875,0.715625,0.6545717383447777,1.0,86.86390532544377
1266,20949,0.125,0.7618750000000001,0.9785086134200698,0.48275862068965514,86.8181818181818
1267,22896,0.12499999999999992,0.83690625,0.9940368630285508,0.3448275862068966,86.79999999999998
1268,11814,0.3625,0.78125,0.9501746777496686,0.0,86.77777777777776
1269,12633,0.6125,0.90625,0.62643055053608,1.0,86.75739644970412
1270,10471,0.1125,0.715625,0.6545717383447777,1.0,86.74556213017749
1271,13636,0.8625,0.90625,0.7671364895795687,1.0,86.71952662721891
1272,12034,0.375,0.903125,0.62643055053608,0.13793103448275862,86.66666666666666
1273,13191,0.625,0.6875,0.7059462715335502,0.13793103448275862,86.66666666666666
1274,10461,0.1125,0.6875,0.7059462715335502,0.13793103448275862,86.66666666666666
1275,11469,0.3625,0.6875,0.7059462715335502,0.13793103448275862,86.66666666666666
1276,12015,0.375,0.9375,0.6996542585230695,0.0,86.66666666666664
1277,13023,0.625,0.9375,0.6996542585230695,0.0,86.66666666666664
1278,10425,0.1125,0.7924375,0.9969883146608842,0.0,86.66666666666664
1279,12628,0.6125,0.90625,0.7671364895795687,0.0,86.66666666666664
1280,11620,0.3625,0.90625,0.7671364895795687,0.0,86.66666666666664
1281,20938,0.3625,0.7618750000000001,0.9661366100469823,0.0,86.55555555555554
1282,10826,0.125,0.79634375,0.9860498735092157,1.0,86.50887573964495
1283,22322,0.375,0.7837500000000001,0.9934586194434405,0.6896551724137931,86.36363636363635
1284,12225,0.375,0.7924375,0.9969883146608842,0.9655172413793103,86.36363636363635
1285,11429,0.3625,0.82203125,0.9989157932779182,0.6896551724137931,86.36363636363635
1286,22966,0.375,0.83378125,0.9953860980604745,0.9655172413793103,86.36363636363635
1287,12015,0.375,0.9375,0.6996542585230695,0.9655172413793103,86.36363636363635
1288,11213,0.125,0.82203125,0.9989157932779182,0.6896551724137931,86.36363636363635
1289,12628,0.6125,0.90625,0.7671364895795687,0.9655172413793103,86.36363636363635
1290,22246,0.12499999999999992,0.77128125,0.9860257800265027,0.6896551724137931,86.36363636363635
1291,22319,0.375,0.77128125,0.9860257800265027,0.0,86.33333333333331
1292,13023,0.625,0.9375,0.6996542585230695,0.6206896551724137,86.29999999999998
1293,10469,0.1125,0.706,0.7761354053728465,1.0,86.15384615384613
1294,10853,0.125,0.7584375,0.9629442235875195,0.27586206896551724,85.99999999999999
1295,11428,0.3625,0.8294374999999998,0.9969883146608842,0.27586206896551724,85.99999999999999
1296,10420,0.1125,0.8294374999999998,0.9969883146608842,0.27586206896551724,85.99999999999999
1297,21623,0.125,0.8712500000000001,0.9673292374412721,0.27586206896551724,85.99999999999999
1298,22249,0.125,0.7837500000000001,0.9934586194434405,0.27586206896551724,85.99999999999999
1299,10605,0.1125,0.903125,0.655524635586074,0.3448275862068966,85.99999999999999
1300,12477,0.6125,0.6875,0.7059462715335502,0.13793103448275862,85.83333333333331
1301,14037,0.875,0.934375,0.7324515118660402,0.13793103448275862,85.83333333333331
1302,12627,0.6125,0.903125,0.62643055053608,0.13793103448275862,85.83333333333331
1303,13042,0.625,0.903125,0.62643055053608,0.13793103448275862,85.83333333333331
1304,11635,0.3625,0.934375,0.7324515118660402,0.13793103448275862,85.83333333333331
1305,12643,0.6125,0.934375,0.7324515118660402,0.13793103448275862,85.83333333333331
1306,11212,0.125,0.8294374999999998,0.9969883146608842,0.6896551724137931,85.8181818181818
1307,13176,0.625,0.715625,0.62643055053608,0.3448275862068966,85.79999999999998
1308,23540,0.12499999999999992,0.79315625,0.9972172027466569,0.3448275862068966,85.79999999999998
1309,13501,0.8625,0.715625,0.62643055053608,0.6206896551724137,85.79999999999998
1310,12494,0.6125,0.71875,0.7718949524153716,1.0,85.79881656804731
1311,12435,0.6125,0.8368125,0.9940850499939766,1.0,85.79881656804731
1312,10558,0.1125,0.833625,0.8749909649439825,1.0,85.7514792899408
1313,14184,0.875,0.715625,0.62643055053608,0.6206896551724137,85.69999999999999
1314,11217,0.125,0.7924375,0.9969883146608842,1.0,85.68047337278105
1315,23505,0.303125,0.7939375,0.9853632092518974,1.0,85.68047337278105
1316,23612,0.375,0.805625,0.9997470184315143,0.48275862068965514,85.63636363636363
1317,10532,0.1125,0.79528125,0.8773762197325623,1.0,85.56213017751477
1318,13629,0.8625,0.903125,0.655524635586074,0.0,85.55555555555554
1319,24165,0.12500000000000003,0.8275,0.9855077701481749,0.0,85.55555555555554
1320,12039,0.375,0.903125,0.655524635586074,0.0,85.55555555555554
1321,13040,0.625,0.90625,0.7671364895795687,0.0,85.55555555555554
1322,24190,0.3625,0.8275,0.9975906517287073,0.0,85.55555555555554
1323,23535,0.3625,0.7931874999999999,0.9851343211661244,0.6896551724137931,85.45454545454544
1324,13629,0.8625,0.903125,0.655524635586074,0.9655172413793103,85.45454545454544
1325,13176,0.625,0.715625,0.62643055053608,0.9655172413793103,85.45454545454544
1326,11007,0.125,0.9375,0.6996542585230695,0.9655172413793103,85.45454545454544
1327,12621,0.6125,0.903125,0.655524635586074,0.9655172413793103,85.45454545454544
1328,10605,0.1125,0.903125,0.655524635586074,0.48275862068965514,85.45454545454544
1329,13047,0.625,0.903125,0.655524635586074,0.9655172413793103,85.45454545454544
1330,11216,0.125,0.79984375,0.9989157932779182,0.9655172413793103,85.45454545454544
1331,11613,0.3625,0.903125,0.655524635586074,0.9655172413793103,85.45454545454544
1332,11786,0.3625,0.75,0.9248042404529574,1.0,85.40828402366861
1333,12493,0.6125,0.715625,0.62643055053608,0.3448275862068966,85.39999999999999
1334,11432,0.3625,0.79984375,0.9989157932779182,0.3448275862068966,85.29999999999998
1335,12087,0.375,0.8195625,0.8788820624021202,0.27586206896551724,85.29999999999998
1336,22225,0.3625,0.786875,0.9827611131189014,0.3448275862068966,85.19999999999999
1337,13635,0.8625,0.903125,0.62643055053608,0.13793103448275862,84.99999999999999
1338,13651,0.8625,0.934375,0.7324515118660402,0.13793103448275862,84.99999999999999
1339,10627,0.1125,0.934375,0.7324515118660402,0.13793103448275862,84.99999999999999
1340,22864,0.3625,0.8369375,0.9818817009998795,0.13793103448275862,84.99999999999999
1341,10827,0.125,0.8028437499999999,0.9873750150584266,0.27586206896551724,84.99999999999999
1342,13636,0.8625,0.90625,0.7671364895795687,0.3448275862068966,84.99999999999999
1343,11485,0.3625,0.715625,0.62643055053608,0.3448275862068966,84.99999999999999
1344,24165,0.12500000000000003,0.8275,0.9855077701481749,0.27586206896551724,84.99999999999999
1345,23535,0.3625,0.7931874999999999,0.9851343211661244,0.27586206896551724,84.99999999999999
1346,11210,0.125,0.844125,0.9902300927599084,1.0,84.97041420118342
1347,21026,0.375,0.7618750000000001,0.9785086134200698,0.27586206896551724,84.89999999999999
1348,10612,0.1125,0.90625,0.7671364895795687,0.3448275862068966,84.89999999999999
1349,20950,0.125,0.765,0.981195036742561,0.0,84.88888888888887
1350,13174,0.625,0.71875,0.7718949524153716,1.0,84.85207100591714
1351,14055,0.875,0.903125,0.655524635586074,0.3448275862068966,84.79999999999998
1352,11437,0.3625,0.7631875,0.9796651005902903,0.27586206896551724,84.79999999999998
1353,23534,0.3625,0.805625,0.9877002770750511,0.8275862068965517,84.6153846153846
1354,14048,0.875,0.90625,0.7671364895795687,0.3448275862068966,84.59999999999998
1355,11286,0.125,0.8634375000000001,0.9629442235875195,0.9655172413793103,84.54545454545453
1356,11485,0.3625,0.715625,0.62643055053608,0.9655172413793103,84.54545454545453
1357,13023,0.625,0.9375,0.6996542585230695,0.9655172413793103,84.54545454545453
1358,11427,0.3625,0.8368125,0.9940850499939766,0.9655172413793103,84.54545454545453
1359,12493,0.6125,0.715625,0.62643055053608,0.9655172413793103,84.54545454545453
1360,13653,0.8625,0.9375,0.6996542585230695,0.9655172413793103,84.54545454545453
1361,10627,0.1125,0.934375,0.7324515118660402,0.6896551724137931,84.54545454545453
1362,12168,0.375,0.715625,0.62643055053608,0.48275862068965514,84.54545454545453
1363,10612,0.1125,0.90625,0.7671364895795687,0.48275862068965514,84.54545454545453
1364,10557,0.1125,0.82659375,0.8773762197325623,0.9655172413793103,84.54545454545453
1365,11270,0.125,0.8816875,0.9419226599204914,1.0,84.49704142011832
1366,12166,0.375,0.71875,0.7718949524153716,1.0,84.49704142011832
1367,22322,0.375,0.7837500000000001,0.9934586194434405,0.0,84.44444444444443
1368,12221,0.375,0.82203125,0.9989157932779182,0.0,84.44444444444443
1369,12621,0.6125,0.903125,0.655524635586074,0.0,84.44444444444443
1370,13047,0.625,0.903125,0.655524635586074,0.0,84.44444444444443
1371,11821,0.3625,0.8028437499999999,0.9873750150584266,1.0,84.26035502958578
1372,10830,0.125,0.78125,0.9501746777496686,0.6206896551724137,84.19999999999999
1373,20991,0.375,0.765,0.9688591735935429,1.0,84.1420118343195
1374,13655,0.8625,0.9375,0.6508384531984098,1.0,84.13017751479288
1375,10627,0.1125,0.934375,0.7324515118660402,1.0,84.11834319526625
1376,10617,0.1125,0.90625,0.62643055053608,1.0,84.08284023668637
1377,13361,0.8625,0.82128125,0.9870015660763762,1.0,84.02366863905324
1378,11433,0.3625,0.7924375,0.9969883146608842,1.0,84.02366863905324
1379,11428,0.3625,0.8294374999999998,0.9969883146608842,0.9655172413793103,83.99999999999999
1380,12033,0.375,0.90625,0.62643055053608,0.27586206896551724,83.99999999999999
1381,12032,0.375,0.90625,0.7671364895795687,0.3448275862068966,83.99999999999999
1382,11426,0.3625,0.844125,0.9902300927599084,0.27586206896551724,83.99999999999999
1383,10477,0.1125,0.715625,0.62643055053608,0.3448275862068966,83.99999999999999
1384,11024,0.125,0.90625,0.7671364895795687,0.3448275862068966,83.89999999999999
1385,14049,0.875,0.90625,0.62643055053608,1.0,83.88165680473371
1386,11180,0.125,0.684375,0.6508384531984098,0.8275862068965517,83.84615384615384
1387,24262,0.375,0.81503125,0.9998554391037224,1.0,83.78698224852069
1388,12437,0.6125,0.82203125,0.9989157932779182,1.0,83.78698224852069
1389,22950,0.6125,0.8369375,0.9818817009998795,0.6206896551724137,83.69999999999999
1390,23597,0.6125,0.805625,0.9877002770750511,1.0,83.66863905325442
1391,11433,0.3625,0.7924375,0.9969883146608842,0.6896551724137931,83.63636363636363
1392,11432,0.3625,0.79984375,0.9989157932779182,0.6896551724137931,83.63636363636363
1393,13636,0.8625,0.90625,0.7671364895795687,0.48275862068965514,83.63636363636363
1394,11429,0.3625,0.82203125,0.9989157932779182,0.48275862068965514,83.63636363636363
1395,14055,0.875,0.903125,0.655524635586074,0.48275862068965514,83.63636363636363
1396,14048,0.875,0.90625,0.7671364895795687,0.48275862068965514,83.63636363636363
1397,12168,0.375,0.715625,0.62643055053608,0.6896551724137931,83.63636363636363
1398,12645,0.6125,0.9375,0.6996542585230695,0.9655172413793103,83.63636363636363
1399,12115,0.375,0.8023125,0.8788820624021202,1.0,83.60946745562129
1400,11165,0.125,0.715625,0.6545717383447777,1.0,83.55029585798815
1401,13502,0.8625,0.71875,0.7718949524153716,1.0,83.55029585798815
1402,11160,0.125,0.715625,0.62643055053608,0.6206896551724137,83.49999999999999
1403,11438,0.3625,0.756,0.9729671123960967,0.27586206896551724,83.49999999999999
1404,10421,0.1125,0.82203125,0.9989157932779182,1.0,83.43195266272187
1405,12306,0.375,0.82128125,0.9870015660763762,0.3448275862068966,83.39999999999999
1406,11221,0.125,0.7631875,0.9796651005902903,0.13793103448275862,83.33333333333331
1407,11213,0.125,0.82203125,0.9989157932779182,0.13793103448275862,83.33333333333331
1408,11433,0.3625,0.7924375,0.9969883146608842,0.0,83.33333333333331
1409,11427,0.3625,0.8368125,0.9940850499939766,0.0,83.33333333333331
1410,11007,0.125,0.9375,0.6996542585230695,0.0,83.33333333333331
1411,23613,0.375,0.79315625,0.9972172027466569,0.0,83.33333333333331
1412,12168,0.375,0.715625,0.62643055053608,0.0,83.33333333333331
1413,11746,0.3625,0.7068125000000001,0.7915190940850501,1.0,83.3136094674556
1414,11786,0.3625,0.75,0.9248042404529574,0.27586206896551724,83.29999999999998
1415,24177,0.3625,0.8275,0.9855077701481749,0.6206896551724137,83.29999999999998
1416,22225,0.3625,0.786875,0.9827611131189014,0.6896551724137931,83.09090909090908
1417,12021,0.375,0.934375,0.7324515118660402,0.8275862068965517,83.07692307692307
1418,14050,0.875,0.903125,0.62643055053608,0.8275862068965517,83.07692307692307
1419,24169,0.3625,0.8150625,0.9877966510059029,0.8275862068965517,83.07692307692307
1420,24170,0.3388125,0.8166249999999999,0.9876641368509818,1.0,83.07692307692307
1421,10826,0.125,0.79634375,0.9860498735092157,0.27586206896551724,82.99999999999999
1422,23612,0.375,0.805625,0.9997470184315143,0.27586206896551724,82.99999999999999
1423,14184,0.875,0.715625,0.62643055053608,0.3448275862068966,82.99999999999999
1424,11025,0.125,0.90625,0.62643055053608,0.27586206896551724,82.99999999999999
1425,12089,0.375,0.82659375,0.8773762197325623,0.6206896551724137,82.99999999999999
1426,12646,0.6125,0.9375,0.6752463558607397,0.27586206896551724,82.99999999999999
1427,12754,0.6125,0.7068125000000001,0.7915190940850501,1.0,82.95857988165679
1428,13232,0.625,0.79984375,0.9989157932779182,1.0,82.95857988165679
1429,13501,0.8625,0.715625,0.62643055053608,0.3448275862068966,82.79999999999998
1430,11222,0.125,0.756,0.9729671123960967,0.0,82.77777777777776
1431,12032,0.375,0.90625,0.7671364895795687,0.48275862068965514,82.72727272727272
1432,22965,0.375,0.83690625,0.9940368630285508,0.9655172413793103,82.72727272727272
1433,11024,0.125,0.90625,0.7671364895795687,0.48275862068965514,82.72727272727272
1434,12913,0.625,0.7068125000000001,0.7915190940850501,1.0,82.72189349112425
1435,12628,0.6125,0.90625,0.7671364895795687,0.3448275862068966,82.69999999999999
1436,11620,0.3625,0.90625,0.7671364895795687,0.3448275862068966,82.69999999999999
1437,10897,0.125,0.7068125000000001,0.7915190940850501,1.0,82.60355029585797
1438,22248,0.3625,0.7837500000000001,0.9934586194434405,1.0,82.60355029585797
1439,12177,0.375,0.69659375,0.7551740754126008,0.13793103448275862,82.49999999999999
1440,13485,0.8625,0.6875,0.7059462715335502,0.13793103448275862,82.49999999999999
1441,22246,0.12499999999999992,0.77128125,0.9860257800265027,0.13793103448275862,82.49999999999999
1442,14199,0.875,0.6875,0.7059462715335502,0.13793103448275862,82.49999999999999
1443,11437,0.3625,0.7631875,0.9796651005902903,0.9655172413793103,82.45454545454544
1444,22891,0.3625,0.83378125,0.9953860980604745,1.0,82.36686390532543
1445,11905,0.375,0.7068125000000001,0.7915190940850501,1.0,82.36686390532543
1446,12034,0.375,0.903125,0.62643055053608,0.8275862068965517,82.30769230769229
1447,13029,0.625,0.934375,0.7324515118660402,0.8275862068965517,82.30769230769229
1448,13191,0.625,0.6875,0.7059462715335502,0.8275862068965517,82.30769230769229
1449,11635,0.3625,0.934375,0.7324515118660402,0.8275862068965517,82.30769230769229
1450,11432,0.3625,0.79984375,0.9989157932779182,0.0,82.2222222222222
1451,22965,0.375,0.83690625,0.9940368630285508,0.0,82.2222222222222
1452,22249,0.125,0.7837500000000001,0.9934586194434405,0.0,82.2222222222222
1453,10557,0.1125,0.82659375,0.8773762197325623,0.0,82.2222222222222
1454,13040,0.625,0.90625,0.7671364895795687,0.3448275862068966,82.09999999999998
1455,12115,0.375,0.8023125,0.8788820624021202,0.27586206896551724,82.09999999999998
1456,11835,0.375,0.8028437499999999,0.9873750150584266,1.0,82.01183431952661
1457,11217,0.125,0.7924375,0.9969883146608842,0.6896551724137931,81.99999999999999
1458,11006,0.125,0.9375,0.6752463558607397,0.27586206896551724,81.99999999999999
1459,11638,0.3625,0.9375,0.6752463558607397,0.27586206896551724,81.99999999999999
1460,11625,0.3625,0.90625,0.62643055053608,0.27586206896551724,81.99999999999999
1461,24177,0.3625,0.8275,0.9855077701481749,0.27586206896551724,81.99999999999999
1462,24333,0.625,0.8275,0.9975906517287073,0.27586206896551724,81.99999999999999
1463,11221,0.125,0.7631875,0.9796651005902903,0.48275862068965514,81.90909090909089
1464,12039,0.375,0.903125,0.655524635586074,0.3448275862068966,81.89999999999999
1465,14235,0.875,0.8368125,0.9940850499939766,1.0,81.89349112426034
1466,10827,0.125,0.8028437499999999,0.9873750150584266,0.9655172413793103,81.8181818181818
1467,13445,0.8625,0.82203125,0.9989157932779182,0.9655172413793103,81.8181818181818
1468,24262,0.375,0.81503125,0.9998554391037224,0.9655172413793103,81.8181818181818
1469,14031,0.875,0.9375,0.6996542585230695,0.48275862068965514,81.8181818181818
1470,14184,0.875,0.715625,0.62643055053608,0.9655172413793103,81.8181818181818
1471,12628,0.6125,0.90625,0.7671364895795687,0.48275862068965514,81.8181818181818
1472,24190,0.3625,0.8275,0.9975906517287073,0.9655172413793103,81.8181818181818
1473,11613,0.3625,0.903125,0.655524635586074,0.48275862068965514,81.8181818181818
1474,11620,0.3625,0.90625,0.7671364895795687,0.48275862068965514,81.8181818181818
1475,22216,0.12499999999999996,0.7837500000000001,0.9813155041561258,0.9655172413793103,81.8181818181818
1476,10477,0.1125,0.715625,0.62643055053608,0.9655172413793103,81.8181818181818
1477,23540,0.12499999999999992,0.79315625,0.9972172027466569,0.9655172413793103,81.8181818181818
1478,13501,0.8625,0.715625,0.62643055053608,0.9655172413793103,81.8181818181818
1479,14236,0.875,0.8294374999999998,0.9969883146608842,0.27586206896551724,81.79999999999998
1480,12633,0.6125,0.90625,0.62643055053608,0.27586206896551724,81.79999999999998
1481,24176,0.33882500000000004,0.8259375,0.9859414528370076,0.6206896551724137,81.69999999999999
1482,11613,0.3625,0.903125,0.655524635586074,0.3448275862068966,81.69999999999999
1483,11475,0.3625,0.69659375,0.7551740754126008,0.13793103448275862,81.66666666666666
1484,13491,0.8625,0.69659375,0.7551740754126008,0.13793103448275862,81.66666666666666
1485,10483,0.1125,0.71875,0.62643055053608,1.0,81.6568047337278
1486,10468,0.1125,0.70125,0.7658836284784966,0.6206896551724137,81.59999999999998
1487,10557,0.1125,0.82659375,0.8773762197325623,0.3448275862068966,81.59999999999998
1488,10420,0.1125,0.8294374999999998,0.9969883146608842,0.9655172413793103,81.54545454545453
1489,11026,0.125,0.903125,0.62643055053608,0.8275862068965517,81.53846153846153
1490,12183,0.375,0.6875,0.7059462715335502,0.8275862068965517,81.53846153846153
1491,10611,0.1125,0.903125,0.62643055053608,0.8275862068965517,81.53846153846153
1492,12627,0.6125,0.903125,0.62643055053608,0.8275862068965517,81.53846153846153
1493,24194,0.125,0.8275,0.9975906517287073,0.8275862068965517,81.53846153846153
1494,11820,0.3625,0.79634375,0.9860498735092157,0.6206896551724137,81.49999999999999
1495,11814,0.3625,0.78125,0.9501746777496686,0.9655172413793103,81.45454545454544
1496,11814,0.3625,0.78125,0.9501746777496686,0.6206896551724137,81.31999999999998
1497,13921,0.875,0.7068125000000001,0.7915190940850501,1.0,81.30177514792898
1498,13041,0.625,0.90625,0.62643055053608,0.27586206896551724,81.29999999999998
1499,13034,0.625,0.9252812499999999,0.7551740754126008,1.0,81.24260355029584
1500,13762,0.8625,0.7068125000000001,0.7915190940850501,1.0,81.1834319526627
1501,24175,0.31513749999999996,0.8243750000000001,0.9863389953017708,1.0,81.1834319526627
1502,12292,0.375,0.8503437500000001,0.9739549451873267,0.0,81.1111111111111
1503,13176,0.625,0.715625,0.62643055053608,0.0,81.1111111111111
1504,10477,0.1125,0.715625,0.62643055053608,0.0,81.1111111111111
1505,23535,0.3625,0.7931874999999999,0.9851343211661244,0.0,81.1111111111111
1506,22322,0.375,0.7837500000000001,0.9934586194434405,0.6206896551724137,81.09999999999998
1507,22965,0.375,0.83690625,0.9940368630285508,1.0,81.06508875739644
1508,11222,0.125,0.756,0.9729671123960967,0.9655172413793103,80.99999999999999
1509,13097,0.625,0.82659375,0.8773762197325623,0.27586206896551724,80.99999999999999
1510,10858,0.125,0.75,0.9248042404529574,0.27586206896551724,80.99999999999999
1511,13022,0.625,0.9375,0.6752463558607397,0.27586206896551724,80.99999999999999
1512,11031,0.125,0.903125,0.655524635586074,0.3448275862068966,80.99999999999999
1513,13654,0.8625,0.9375,0.6752463558607397,0.27586206896551724,80.99999999999999
1514,12178,0.375,0.70125,0.7658836284784966,0.27586206896551724,80.99999999999999
1515,12173,0.375,0.715625,0.6545717383447777,0.27586206896551724,80.99999999999999
1516,24185,0.303125,0.8158125,0.9877484640404769,1.0,80.94674556213016
1517,24187,0.12499999999999992,0.81503125,0.9998554391037224,1.0,80.94674556213016
1518,13176,0.625,0.715625,0.62643055053608,0.48275862068965514,80.90909090909089
1519,11207,0.125,0.865875,0.9729671123960967,0.6896551724137931,80.90909090909089
1520,12220,0.375,0.8294374999999998,0.9969883146608842,0.6896551724137931,80.90909090909089
1521,12306,0.375,0.82128125,0.9870015660763762,0.6896551724137931,80.90909090909089
1522,11485,0.3625,0.715625,0.62643055053608,0.48275862068965514,80.90909090909089
1523,13653,0.8625,0.9375,0.6996542585230695,0.48275862068965514,80.90909090909089
1524,12493,0.6125,0.715625,0.62643055053608,0.48275862068965514,80.90909090909089
1525,20938,0.3625,0.7618750000000001,0.9661366100469823,0.6896551724137931,80.90909090909089
1526,20938,0.3625,0.7618750000000001,0.9661366100469823,0.9655172413793103,80.90909090909089
1527,10629,0.1125,0.9375,0.6996542585230695,0.48275862068965514,80.90909090909089
1528,12039,0.375,0.903125,0.655524635586074,0.48275862068965514,80.90909090909089
1529,13040,0.625,0.90625,0.7671364895795687,0.48275862068965514,80.90909090909089
1530,13629,0.8625,0.903125,0.655524635586074,0.3448275862068966,80.89999999999999
1531,23536,0.33882500000000004,0.79475,0.9856161908203831,0.6206896551724137,80.89999999999999
1532,12483,0.6125,0.69659375,0.7551740754126008,0.13793103448275862,80.83333333333331
1533,13185,0.625,0.69659375,0.7551740754126008,0.13793103448275862,80.83333333333331
1534,12294,0.375,0.8634375000000001,0.9629442235875195,1.0,80.82840236686388
1535,14031,0.875,0.9375,0.6996542585230695,0.3448275862068966,80.79999999999998
1536,12643,0.6125,0.934375,0.7324515118660402,0.8275862068965517,80.76923076923076
1537,23612,0.375,0.805625,0.9997470184315143,0.8275862068965517,80.76923076923076
1538,13042,0.625,0.903125,0.62643055053608,0.8275862068965517,80.76923076923076
1539,11469,0.3625,0.6875,0.7059462715335502,0.8275862068965517,80.76923076923076
1540,11619,0.3625,0.903125,0.62643055053608,0.8275862068965517,80.76923076923076
1541,12573,0.6125,0.82659375,0.8773762197325623,1.0,80.7455621301775
1542,23540,0.12499999999999992,0.79315625,0.9972172027466569,0.48275862068965514,80.72727272727272
1543,10827,0.125,0.8028437499999999,0.9873750150584266,1.0,80.71005917159762
1544,11491,0.3625,0.71875,0.62643055053608,1.0,80.71005917159762
1545,11790,0.3625,0.7584375,0.9629442235875195,1.0,80.71005917159762
1546,11158,0.125,0.71875,0.7718949524153716,1.0,80.71005917159762
1547,22208,0.3328375,0.77009375,0.9729189254306709,1.0,80.71005917159762
1548,11160,0.125,0.715625,0.62643055053608,0.3448275862068966,80.69999999999999
1549,22896,0.12499999999999992,0.83690625,0.9940368630285508,0.48275862068965514,80.63636363636363
1550,13641,0.8625,0.90625,0.62643055053608,0.27586206896551724,80.59999999999998
1551,12621,0.6125,0.903125,0.655524635586074,0.3448275862068966,80.59999999999998
1552,13047,0.625,0.903125,0.655524635586074,0.3448275862068966,80.59999999999998
1553,12149,0.375,0.746875,0.62643055053608,1.0,80.59171597633134
1554,10556,0.1125,0.8195625,0.8788820624021202,0.6206896551724137,80.54999999999998
1555,12221,0.375,0.82203125,0.9989157932779182,0.48275862068965514,80.54545454545453
1556,11438,0.3625,0.756,0.9729671123960967,0.6206896551724137,80.49999999999999
1557,11432,0.3625,0.79984375,0.9989157932779182,0.48275862068965514,80.45454545454544
1558,14182,0.875,0.71875,0.7718949524153716,1.0,80.3550295857988
1559,12440,0.6125,0.79984375,0.9989157932779182,1.0,80.3550295857988
1560,11171,0.125,0.706,0.7761354053728465,1.0,80.3550295857988
1561,10425,0.1125,0.7924375,0.9969883146608842,1.0,80.23668639053253
1562,10533,0.1125,0.8023125,0.8788820624021202,0.27586206896551724,80.19999999999999
1563,10830,0.125,0.78125,0.9501746777496686,0.3448275862068966,80.11999999999999
1564,12638,0.6125,0.9252812499999999,0.7551740754126008,1.0,80.11834319526625
1565,11170,0.125,0.70125,0.7658836284784966,0.6206896551724137,80.09999999999998
1566,11207,0.125,0.865875,0.9729671123960967,0.8275862068965517,79.99999999999999
1567,13635,0.8625,0.903125,0.62643055053608,0.8275862068965517,79.99999999999999
1568,13651,0.8625,0.934375,0.7324515118660402,0.8275862068965517,79.99999999999999
1569,20949,0.125,0.7618750000000001,0.9785086134200698,0.8275862068965517,79.99999999999999
1570,14037,0.875,0.934375,0.7324515118660402,0.8275862068965517,79.99999999999999
1571,12477,0.6125,0.6875,0.7059462715335502,0.8275862068965517,79.99999999999999
1572,10605,0.1125,0.903125,0.655524635586074,0.13793103448275862,79.99999999999999
1573,13629,0.8625,0.903125,0.655524635586074,0.48275862068965514,79.99999999999999
1574,11211,0.125,0.8368125,0.9940850499939766,0.9655172413793103,79.99999999999999
1575,11031,0.125,0.903125,0.655524635586074,0.48275862068965514,79.99999999999999
1576,10351,0.1125,0.8503437500000001,0.9739549451873267,0.6896551724137931,79.99999999999999
1577,10425,0.1125,0.7924375,0.9969883146608842,0.6896551724137931,79.99999999999999
1578,22896,0.12499999999999992,0.83690625,0.9940368630285508,0.6896551724137931,79.99999999999999
1579,11637,0.3625,0.9375,0.6996542585230695,0.48275862068965514,79.99999999999999
1580,12621,0.6125,0.903125,0.655524635586074,0.48275862068965514,79.99999999999999
1581,12089,0.375,0.82659375,0.8773762197325623,0.9655172413793103,79.99999999999999
1582,22225,0.3625,0.786875,0.9827611131189014,0.48275862068965514,79.99999999999999
1583,10477,0.1125,0.715625,0.62643055053608,0.48275862068965514,79.99999999999999
1584,12434,0.6125,0.844125,0.9902300927599084,0.9655172413793103,79.99999999999999
1585,11298,0.125,0.82128125,0.9870015660763762,0.27586206896551724,79.99999999999999
1586,10738,0.1125,0.7068125000000001,0.7915190940850501,0.27586206896551724,79.99999999999999
1587,12014,0.375,0.9375,0.6752463558607397,0.27586206896551724,79.99999999999999
1588,11476,0.3625,0.70125,0.7658836284784966,0.27586206896551724,79.99999999999999
1589,13445,0.8625,0.82203125,0.9989157932779182,0.0,79.99999999999999
1590,11210,0.125,0.844125,0.9902300927599084,0.0,79.99999999999999
1591,11286,0.125,0.8634375000000001,0.9629442235875195,0.0,79.99999999999999
1592,12493,0.6125,0.715625,0.62643055053608,0.0,79.99999999999999
1593,12437,0.6125,0.82203125,0.9989157932779182,0.0,79.99999999999999
1594,12224,0.375,0.79984375,0.9989157932779182,0.6206896551724137,79.89999999999999
1595,22227,0.3032125,0.78296875,0.9809300084327188,1.0,79.88165680473371
1596,10329,0.1125,0.83165625,0.8878448379713287,1.0,79.81065088757394
1597,13653,0.8625,0.9375,0.6996542585230695,0.3448275862068966,79.79999999999998
1598,23591,0.398725,0.79471875,0.9856041440790265,1.0,79.76331360946745
1599,14236,0.875,0.8294374999999998,0.9969883146608842,1.0,79.76331360946745
1600,22209,0.30313749999999995,0.7720625,0.9743283941693772,1.0,79.76331360946745
1601,12434,0.6125,0.844125,0.9902300927599084,0.6206896551724137,79.69999999999999
1602,10428,0.1125,0.7704375,0.9854234429586796,1.0,79.64497041420117
1603,24177,0.3625,0.8275,0.9855077701481749,0.3448275862068966,79.59999999999998
1604,10556,0.1125,0.8195625,0.8788820624021202,0.9655172413793103,79.54545454545453
1605,10629,0.1125,0.9375,0.6996542585230695,0.3448275862068966,79.49999999999999
1606,11213,0.125,0.82203125,0.9989157932779182,0.48275862068965514,79.45454545454544
1607,23532,0.31513749999999996,0.8025,0.9873147813516442,1.0,79.40828402366863
1608,11426,0.3625,0.844125,0.9902300927599084,0.6206896551724137,79.39999999999999
1609,12090,0.375,0.833625,0.8749909649439825,1.0,79.38461538461537
1610,12798,0.6125,0.7584375,0.9629442235875195,1.0,79.28994082840235
1611,10557,0.1125,0.82659375,0.8773762197325623,0.48275862068965514,79.27272727272727
1612,23613,0.375,0.79315625,0.9972172027466569,0.8275862068965517,79.23076923076923
1613,11637,0.3625,0.9375,0.6996542585230695,0.3448275862068966,79.19999999999999
1614,12114,0.375,0.79528125,0.8773762197325623,1.0,79.1834319526627
1615,24157,0.332875,0.8286562499999999,0.9851343211661244,1.0,79.17159763313607
1616,11216,0.125,0.79984375,0.9989157932779182,0.13793103448275862,79.16666666666666
1617,22877,0.12499999999999992,0.83690625,0.9819057944825923,0.13793103448275862,79.16666666666666
1618,14193,0.875,0.69659375,0.7551740754126008,0.13793103448275862,79.16666666666666
1619,12224,0.375,0.79984375,0.9989157932779182,0.9655172413793103,79.09090909090908
1620,13176,0.625,0.715625,0.62643055053608,0.6896551724137931,79.09090909090908
1621,12015,0.375,0.9375,0.6996542585230695,0.48275862068965514,79.09090909090908
1622,11485,0.3625,0.715625,0.62643055053608,0.6896551724137931,79.09090909090908
1623,12493,0.6125,0.715625,0.62643055053608,0.6896551724137931,79.09090909090908
1624,21623,0.125,0.8712500000000001,0.9673292374412721,0.9655172413793103,79.09090909090908
1625,14184,0.875,0.715625,0.62643055053608,0.48275862068965514,79.09090909090908
1626,13047,0.625,0.903125,0.655524635586074,0.48275862068965514,79.09090909090908
1627,23545,0.125,0.805625,0.9997470184315143,0.9655172413793103,79.09090909090908
1628,22216,0.12499999999999996,0.7837500000000001,0.9813155041561258,0.6896551724137931,79.09090909090908
1629,12645,0.6125,0.9375,0.6996542585230695,0.48275862068965514,79.09090909090908
1630,10478,0.1125,0.71875,0.7718949524153716,1.0,79.05325443786981
1631,12306,0.375,0.82128125,0.9870015660763762,0.27586206896551724,78.99999999999999
1632,14105,0.875,0.82659375,0.8773762197325623,0.27586206896551724,78.99999999999999
1633,12487,0.6125,0.715625,0.6545717383447777,0.27586206896551724,78.99999999999999
1634,24176,0.33882500000000004,0.8259375,0.9859414528370076,0.3448275862068966,78.99999999999999
1635,11820,0.3625,0.79634375,0.9860498735092157,0.27586206896551724,78.99999999999999
1636,10471,0.1125,0.715625,0.6545717383447777,0.27586206896551724,78.99999999999999
1637,10556,0.1125,0.8195625,0.8788820624021202,0.0,78.99999999999999
1638,10778,0.1125,0.75,0.9248042404529574,1.0,78.93491124260353
1639,23536,0.33882500000000004,0.79475,0.9856161908203831,0.3448275862068966,78.89999999999999
1640,11207,0.125,0.865875,0.9729671123960967,0.0,78.88888888888887
1641,12225,0.375,0.7924375,0.9969883146608842,0.0,78.88888888888887
1642,10853,0.125,0.7584375,0.9629442235875195,0.0,78.88888888888887
1643,12033,0.375,0.90625,0.62643055053608,0.0,78.88888888888887
1644,11485,0.3625,0.715625,0.62643055053608,0.0,78.88888888888887
1645,11160,0.125,0.715625,0.62643055053608,0.0,78.88888888888887
1646,24177,0.3625,0.8275,0.9855077701481749,0.0,78.88888888888887
1647,12089,0.375,0.82659375,0.8773762197325623,0.0,78.88888888888887
1648,10468,0.1125,0.70125,0.7658836284784966,0.0,78.88888888888887
1649,10622,0.1125,0.9252812499999999,0.7551740754126008,1.0,78.88757396449702
1650,11565,0.3625,0.82659375,0.8773762197325623,1.0,78.85207100591714
1651,20992,0.375,0.7618750000000001,0.9661366100469823,1.0,78.81656804733726
1652,13445,0.8625,0.82203125,0.9989157932779182,0.6206896551724137,78.79999999999998
1653,12446,0.6125,0.756,0.9729671123960967,0.6206896551724137,78.79999999999998
1654,11638,0.3625,0.9375,0.6752463558607397,0.6206896551724137,78.69999999999999
1655,23509,0.1843725,0.7939375,0.9853632092518974,1.0,78.57988165680472
1656,20933,0.125,0.765,0.9688591735935429,0.0,78.55555555555554
1657,12306,0.375,0.82128125,0.9870015660763762,0.48275862068965514,78.54545454545453
1658,22319,0.375,0.77128125,0.9860257800265027,0.8275862068965517,78.46153846153845
1659,12221,0.375,0.82203125,0.9989157932779182,0.8275862068965517,78.46153846153845
1660,11429,0.3625,0.82203125,0.9989157932779182,0.8275862068965517,78.46153846153845
1661,11475,0.3625,0.69659375,0.7551740754126008,0.8275862068965517,78.46153846153845
1662,13485,0.8625,0.6875,0.7059462715335502,0.8275862068965517,78.46153846153845
1663,14199,0.875,0.6875,0.7059462715335502,0.8275862068965517,78.46153846153845
1664,11477,0.3625,0.706,0.7761354053728465,1.0,78.46153846153844
1665,24165,0.12500000000000003,0.8275,0.9855077701481749,0.6206896551724137,78.39999999999999
1666,10468,0.1125,0.70125,0.7658836284784966,0.3448275862068966,78.39999999999999
1667,11217,0.125,0.7924375,0.9969883146608842,0.13793103448275862,78.33333333333331
1668,23520,0.12499999999999992,0.79315625,0.9851222744247681,0.13793103448275862,78.33333333333331
1669,22216,0.12499999999999996,0.7837500000000001,0.9813155041561258,0.13793103448275862,78.33333333333331
1670,10830,0.125,0.78125,0.9501746777496686,0.0,78.33333333333331
1671,21005,0.6125,0.7618750000000001,0.9661366100469823,0.6206896551724137,78.29999999999998
1672,12015,0.375,0.9375,0.6996542585230695,0.3448275862068966,78.29999999999998
1673,24186,0.2734375,0.81775,0.9875436694374171,1.0,78.2248520710059
1674,23537,0.31513749999999996,0.7963125,0.9860378267678592,1.0,78.2248520710059
1675,11437,0.3625,0.7631875,0.9796651005902903,0.0,78.2222222222222
1676,22950,0.6125,0.8369375,0.9818817009998795,0.3448275862068966,78.19999999999999
1677,12225,0.375,0.7924375,0.9969883146608842,0.6896551724137931,78.18181818181817
1678,14055,0.875,0.903125,0.655524635586074,0.6896551724137931,78.18181818181817
1679,14048,0.875,0.90625,0.7671364895795687,0.6896551724137931,78.18181818181817
1680,11345,0.3625,0.82128125,0.9870015660763762,0.9655172413793103,78.18181818181817
1681,11160,0.125,0.715625,0.62643055053608,0.9655172413793103,78.18181818181817
1682,10612,0.1125,0.90625,0.7671364895795687,0.6896551724137931,78.18181818181817
1683,11232,0.125,0.68878125,0.8562823756173954,0.9655172413793103,78.18181818181817
1684,13501,0.8625,0.715625,0.62643055053608,0.48275862068965514,78.18181818181817
1685,13302,0.625,0.8634375000000001,0.9629442235875195,1.0,78.10650887573962
1686,11345,0.3625,0.82128125,0.9870015660763762,0.6206896551724137,78.09999999999998
1687,12173,0.375,0.715625,0.6545717383447777,0.6206896551724137,78.09999999999998
1688,13186,0.625,0.70125,0.7658836284784966,0.27586206896551724,77.99999999999999
1689,12224,0.375,0.79984375,0.9989157932779182,0.27586206896551724,77.99999999999999
1690,21577,0.12499999999999992,0.85878125,0.9672328635104203,0.27586206896551724,77.99999999999999
1691,21591,0.3625,0.8588125,0.9671967232863511,0.27586206896551724,77.99999999999999
1692,11479,0.3625,0.715625,0.6545717383447777,0.27586206896551724,77.99999999999999
1693,10424,0.1125,0.79984375,0.9989157932779182,0.27586206896551724,77.99999999999999
1694,14309,0.875,0.85690625,0.96883508011083,0.27586206896551724,77.99999999999999
1695,13181,0.625,0.715625,0.6545717383447777,0.27586206896551724,77.99999999999999
1696,24164,0.12499999999999992,0.81503125,0.9878086977472593,0.27586206896551724,77.99999999999999
1697,10630,0.1125,0.9375,0.6752463558607397,0.27586206896551724,77.99999999999999
1698,12484,0.6125,0.70125,0.7658836284784966,0.27586206896551724,77.99999999999999
1699,11438,0.3625,0.756,0.9729671123960967,0.3448275862068966,77.99999999999999
1700,13492,0.8625,0.70125,0.7658836284784966,0.27586206896551724,77.99999999999999
1701,23523,0.3032125,0.8048437500000001,0.9876279966269124,0.6206896551724137,77.99999999999999
1702,24171,0.31513749999999996,0.8181875,0.9874834357306348,1.0,77.98816568047336
1703,12033,0.375,0.90625,0.62643055053608,0.6206896551724137,77.89999999999999
1704,13227,0.625,0.8368125,0.9940850499939766,1.0,77.86982248520708
1705,13226,0.625,0.844125,0.9902300927599084,1.0,77.86982248520708
1706,11271,0.125,0.8883125,0.9325864353692326,1.0,77.81065088757394
1707,20933,0.125,0.765,0.9688591735935429,0.27586206896551724,77.79999999999998
1708,11170,0.125,0.70125,0.7658836284784966,0.0,77.77777777777776
1709,12220,0.375,0.8294374999999998,0.9969883146608842,0.0,77.77777777777776
1710,11426,0.3625,0.844125,0.9902300927599084,0.0,77.77777777777776
1711,14184,0.875,0.715625,0.62643055053608,0.0,77.77777777777776
1712,11025,0.125,0.90625,0.62643055053608,0.0,77.77777777777776
1713,13501,0.8625,0.715625,0.62643055053608,0.0,77.77777777777776
1714,13443,0.8625,0.8368125,0.9940850499939766,1.0,77.75147928994082
1715,10419,0.1125,0.8368125,0.9940850499939766,1.0,77.75147928994082
1716,10352,0.1125,0.85690625,0.96883508011083,1.0,77.75147928994082
1717,12842,0.625,0.79634375,0.9860498735092157,1.0,77.75147928994082
1718,17066,0.125,0.69625,0.8747861703409228,1.0,77.75147928994082
1719,11625,0.3625,0.90625,0.62643055053608,0.6206896551724137,77.69999999999999
1720,22249,0.125,0.7837500000000001,0.9934586194434405,0.6206896551724137,77.69999999999999
1721,12483,0.6125,0.69659375,0.7551740754126008,0.8275862068965517,77.69230769230768
1722,12177,0.375,0.69659375,0.7551740754126008,0.8275862068965517,77.69230769230768
1723,22877,0.12499999999999992,0.83690625,0.9819057944825923,0.8275862068965517,77.69230769230768
1724,13491,0.8625,0.69659375,0.7551740754126008,0.8275862068965517,77.69230769230768
1725,13185,0.625,0.69659375,0.7551740754126008,0.8275862068965517,77.69230769230768
1726,10771,0.1125,0.76290625,0.9138296590772196,1.0,77.69230769230768
1727,10429,0.1125,0.7631875,0.9796651005902903,0.27586206896551724,77.59999999999998
1728,23525,0.24392624999999998,0.80096875,0.9870617997831587,1.0,77.51479289940826
1729,11286,0.125,0.8634375000000001,0.9629442235875195,0.13793103448275862,77.49999999999999
1730,10629,0.1125,0.9375,0.6996542585230695,0.13793103448275862,77.49999999999999
1731,10612,0.1125,0.90625,0.7671364895795687,0.13793103448275862,77.49999999999999
1732,14031,0.875,0.9375,0.6996542585230695,0.13793103448275862,77.49999999999999
1733,12645,0.6125,0.9375,0.6996542585230695,0.3448275862068966,77.49999999999999
1734,10853,0.125,0.7584375,0.9629442235875195,0.6206896551724137,77.39999999999999
1735,10533,0.1125,0.8023125,0.8788820624021202,0.6206896551724137,77.39999999999999
1736,11220,0.125,0.7704375,0.9854234429586796,0.27586206896551724,77.39999999999999
1737,12179,0.375,0.706,0.7761354053728465,1.0,77.396449704142
1738,12087,0.375,0.8195625,0.8788820624021202,0.6206896551724137,77.38999999999999
1739,11285,0.125,0.85690625,0.96883508011083,0.27586206896551724,77.29999999999998
1740,23506,0.27344999999999997,0.795875,0.985929406095651,1.0,77.27810650887572
1741,22950,0.6125,0.8369375,0.9818817009998795,0.9655172413793103,77.27272727272727
1742,13636,0.8625,0.90625,0.7671364895795687,0.6896551724137931,77.27272727272727
1743,12032,0.375,0.90625,0.7671364895795687,0.6896551724137931,77.27272727272727
1744,13023,0.625,0.9375,0.6996542585230695,0.48275862068965514,77.27272727272727
1745,11007,0.125,0.9375,0.6996542585230695,0.48275862068965514,77.27272727272727
1746,11638,0.3625,0.9375,0.6752463558607397,0.9655172413793103,77.27272727272727
1747,24177,0.3625,0.8275,0.9855077701481749,0.9655172413793103,77.27272727272727
1748,14031,0.875,0.9375,0.6996542585230695,0.6896551724137931,77.27272727272727
1749,11820,0.3625,0.79634375,0.9860498735092157,0.9655172413793103,77.27272727272727
1750,10605,0.1125,0.903125,0.655524635586074,0.6896551724137931,77.27272727272727
1751,22249,0.125,0.7837500000000001,0.9934586194434405,0.9655172413793103,77.27272727272727
1752,10468,0.1125,0.70125,0.7658836284784966,0.9655172413793103,77.27272727272727
1753,11024,0.125,0.90625,0.7671364895795687,0.6896551724137931,77.27272727272727
1754,11221,0.125,0.7631875,0.9796651005902903,0.8275862068965517,77.23076923076923
1755,11081,0.125,0.82659375,0.8773762197325623,1.0,77.20710059171596
1756,13022,0.625,0.9375,0.6752463558607397,0.6206896551724137,77.09999999999998
1757,11222,0.125,0.756,0.9729671123960967,0.6206896551724137,77.09999999999998
1758,11820,0.3625,0.79634375,0.9860498735092157,0.3448275862068966,77.09999999999998
1759,10430,0.1125,0.756,0.9729671123960967,1.0,77.04142011834318
1760,23039,0.625,0.83690625,0.9940368630285508,0.27586206896551724,76.99999999999999
1761,10421,0.1125,0.82203125,0.9989157932779182,0.27586206896551724,76.99999999999999
1762,11486,0.3625,0.71875,0.7718949524153716,0.27586206896551724,76.99999999999999
1763,10897,0.125,0.7068125000000001,0.7915190940850501,0.27586206896551724,76.99999999999999
1764,14030,0.875,0.9375,0.6752463558607397,0.27586206896551724,76.99999999999999
1765,10469,0.1125,0.706,0.7761354053728465,0.27586206896551724,76.99999999999999
1766,22872,0.3625,0.849375,0.9746536561860017,0.27586206896551724,76.99999999999999
1767,23533,0.3388125,0.8040625,0.9875316226960605,0.6206896551724137,76.99999999999999
1768,11438,0.3625,0.756,0.9729671123960967,0.0,76.99999999999999
1769,11217,0.125,0.7924375,0.9969883146608842,0.8275862068965517,76.9230769230769
1770,11175,0.125,0.6875,0.7059462715335502,0.8275862068965517,76.9230769230769
1771,11013,0.125,0.934375,0.7324515118660402,0.8275862068965517,76.9230769230769
1772,23507,0.24375,0.7978125,0.9864112757499096,1.0,76.9230769230769
1773,10496,0.1125,0.746875,0.62643055053608,1.0,76.9230769230769
1774,23539,0.125,0.79003125,0.9961450427659317,0.27586206896551724,76.89999999999999
1775,11170,0.125,0.70125,0.7658836284784966,0.3448275862068966,76.89999999999999
1776,11007,0.125,0.9375,0.6996542585230695,0.3448275862068966,76.79999999999998
1777,14105,0.875,0.82659375,0.8773762197325623,0.6206896551724137,76.79999999999998
1778,11815,0.3625,0.78125,0.9280809541019153,1.0,76.7455621301775
1779,10858,0.125,0.75,0.9248042404529574,0.9655172413793103,76.72727272727272
1780,11476,0.3625,0.70125,0.7658836284784966,0.6206896551724137,76.69999999999999
1781,24176,0.33882500000000004,0.8259375,0.9859414528370076,0.27586206896551724,76.69999999999999
1782,12089,0.375,0.82659375,0.8773762197325623,0.3448275862068966,76.69999999999999
1783,12646,0.6125,0.9375,0.6752463558607397,0.6206896551724137,76.69999999999999
1784,11211,0.125,0.8368125,0.9940850499939766,0.13793103448275862,76.66666666666666
1785,20950,0.125,0.765,0.981195036742561,0.13793103448275862,76.66666666666666
1786,11814,0.3625,0.78125,0.9501746777496686,0.13793103448275862,76.66666666666666
1787,22896,0.12499999999999992,0.83690625,0.9940368630285508,0.13793103448275862,76.66666666666666
1788,11024,0.125,0.90625,0.7671364895795687,0.13793103448275862,76.66666666666666
1789,11428,0.3625,0.8294374999999998,0.9969883146608842,0.0,76.66666666666666
1790,21623,0.125,0.8712500000000001,0.9673292374412721,0.0,76.66666666666666
1791,24164,0.12499999999999992,0.81503125,0.9878086977472593,0.0,76.66666666666666
1792,10533,0.1125,0.8023125,0.8788820624021202,1.0,76.62721893491123
1793,13097,0.625,0.82659375,0.8773762197325623,0.6206896551724137,76.59999999999998
1794,12178,0.375,0.70125,0.7658836284784966,0.6206896551724137,76.59999999999998
1795,13223,0.625,0.865875,0.9729671123960967,1.0,76.56804733727809
1796,24156,0.3625,0.8306250000000001,0.9844837971328756,1.0,76.56804733727809
1797,23521,0.3625,0.8087500000000001,0.9879171184194675,1.0,76.56804733727809
1798,10813,0.1125,0.8028437499999999,0.9873750150584266,0.27586206896551724,76.49999999999999
1799,22891,0.3625,0.83378125,0.9953860980604745,0.6206896551724137,76.49999999999999
1800,12115,0.375,0.8023125,0.8788820624021202,0.6206896551724137,76.49999999999999
1801,11025,0.125,0.90625,0.62643055053608,0.6206896551724137,76.49999999999999
1802,10331,0.1125,0.8189062500000001,0.8910372244307915,1.0,76.4852071005917
1803,24165,0.12500000000000003,0.8275,0.9855077701481749,0.3448275862068966,76.39999999999999
1804,10826,0.125,0.79634375,0.9860498735092157,0.9655172413793103,76.36363636363635
1805,10417,0.1125,0.8514375,0.9854234429586796,0.9655172413793103,76.36363636363635
1806,11426,0.3625,0.844125,0.9902300927599084,0.9655172413793103,76.36363636363635
1807,14309,0.875,0.85690625,0.96883508011083,0.9655172413793103,76.36363636363635
1808,11625,0.3625,0.90625,0.62643055053608,0.9655172413793103,76.36363636363635
1809,12039,0.375,0.903125,0.655524635586074,0.6896551724137931,76.36363636363635
1810,11160,0.125,0.715625,0.62643055053608,0.48275862068965514,76.36363636363635
1811,14184,0.875,0.715625,0.62643055053608,0.6896551724137931,76.36363636363635
1812,12628,0.6125,0.90625,0.7671364895795687,0.6896551724137931,76.36363636363635
1813,24190,0.3625,0.8275,0.9975906517287073,0.6896551724137931,76.36363636363635
1814,22248,0.3625,0.7837500000000001,0.9934586194434405,0.9655172413793103,76.36363636363635
1815,24333,0.625,0.8275,0.9975906517287073,0.9655172413793103,76.36363636363635
1816,23542,0.3625,0.805625,0.9997470184315143,0.9655172413793103,76.36363636363635
1817,13501,0.8625,0.715625,0.62643055053608,0.6896551724137931,76.36363636363635
1818,10477,0.1125,0.715625,0.62643055053608,0.6896551724137931,76.36363636363635
1819,11428,0.3625,0.8294374999999998,0.9969883146608842,1.0,76.33136094674555
1820,10424,0.1125,0.79984375,0.9989157932779182,1.0,76.33136094674555
1821,13023,0.625,0.9375,0.6996542585230695,0.3448275862068966,76.29999999999998
1822,24158,0.3032125,0.8267187500000001,0.9857246114925913,0.6206896551724137,76.29999999999998
1823,13041,0.625,0.90625,0.62643055053608,0.6206896551724137,76.29999999999998
1824,12446,0.6125,0.756,0.9729671123960967,0.3448275862068966,76.29999999999998
1825,12087,0.375,0.8195625,0.8788820624021202,0.9655172413793103,76.27272727272727
1826,10812,0.1125,0.79634375,0.9860498735092157,1.0,76.21301775147927
1827,23519,0.14872625,0.79471875,0.9856041440790265,1.0,76.21301775147927
1828,22223,0.14871625,0.77284375,0.974870497530418,1.0,76.21301775147927
1829,11437,0.3625,0.7631875,0.9796651005902903,0.6896551724137931,76.18181818181817
1830,22322,0.375,0.7837500000000001,0.9934586194434405,0.8275862068965517,76.15384615384615
1831,10467,0.1125,0.69659375,0.7551740754126008,0.8275862068965517,76.15384615384615
1832,13041,0.625,0.90625,0.62643055053608,0.0,76.1111111111111
1833,12087,0.375,0.8195625,0.8788820624021202,0.0,76.1111111111111
1834,10826,0.125,0.79634375,0.9860498735092157,0.6206896551724137,76.09999999999998
1835,12114,0.375,0.79528125,0.8773762197325623,0.27586206896551724,76.09999999999998
1836,12633,0.6125,0.90625,0.62643055053608,0.6206896551724137,76.09999999999998
1837,22301,0.6125,0.7837500000000001,0.9813155041561258,1.0,76.09467455621301
1838,23504,0.33282500000000004,0.79196875,0.9847367787013611,1.0,76.09467455621301
1839,22239,0.3625,0.7713125,0.9738103842910492,1.0,76.09467455621301
1840,13507,0.8625,0.71875,0.62643055053608,1.0,76.09467455621301
1841,11814,0.3625,0.78125,0.9501746777496686,0.3448275862068966,76.02999999999999
1842,11863,0.375,0.77153125,0.9739549451873267,1.0,76.01183431952661
1843,23512,0.125,0.805625,0.9877002770750511,0.9655172413793103,75.99999999999999
1844,11018,0.125,0.9252812499999999,0.7551740754126008,0.27586206896551724,75.99999999999999
1845,13439,0.8625,0.865875,0.9729671123960967,0.27586206896551724,75.99999999999999
1846,11081,0.125,0.82659375,0.8773762197325623,0.27586206896551724,75.99999999999999
1847,20991,0.375,0.765,0.9688591735935429,0.6206896551724137,75.99999999999999
1848,13581,0.8625,0.82659375,0.8773762197325623,0.27586206896551724,75.99999999999999
1849,14049,0.875,0.90625,0.62643055053608,0.27586206896551724,75.99999999999999
1850,11159,0.125,0.71875,0.62643055053608,0.27586206896551724,75.99999999999999
1851,13229,0.625,0.82203125,0.9989157932779182,0.27586206896551724,75.99999999999999
1852,10622,0.1125,0.9252812499999999,0.7551740754126008,0.27586206896551724,75.99999999999999
1853,11821,0.3625,0.8028437499999999,0.9873750150584266,0.27586206896551724,75.99999999999999
1854,14235,0.875,0.8368125,0.9940850499939766,0.27586206896551724,75.99999999999999
1855,22936,0.375,0.849375,0.9746536561860017,0.27586206896551724,75.99999999999999
1856,11165,0.125,0.715625,0.6545717383447777,0.27586206896551724,75.99999999999999
1857,13495,0.8625,0.715625,0.6545717383447777,0.27586206896551724,75.99999999999999
1858,14194,0.875,0.70125,0.7658836284784966,0.27586206896551724,75.99999999999999
1859,24158,0.3032125,0.8267187500000001,0.9857246114925913,0.0,75.99999999999999
1860,24151,0.24392624999999998,0.82284375,0.9866883508011083,1.0,75.97633136094673
1861,22226,0.3328375,0.7849062499999999,0.9818817009998795,1.0,75.97633136094673
1862,11169,0.125,0.69659375,0.7551740754126008,0.48275862068965514,75.90909090909089
1863,20992,0.375,0.7618750000000001,0.9661366100469823,0.6206896551724137,75.89999999999999
1864,20925,0.3625,0.765,0.9688591735935429,0.27586206896551724,75.89999999999999
1865,24333,0.625,0.8275,0.9975906517287073,1.0,75.85798816568045
1866,11212,0.125,0.8294374999999998,0.9969883146608842,0.13793103448275862,75.83333333333333
1867,13653,0.8625,0.9375,0.6996542585230695,0.13793103448275862,75.83333333333333
1868,22965,0.375,0.83690625,0.9940368630285508,0.13793103448275862,75.83333333333333
1869,11637,0.3625,0.9375,0.6996542585230695,0.13793103448275862,75.83333333333333
1870,23540,0.12499999999999992,0.79315625,0.9972172027466569,0.13793103448275862,75.83333333333333
1871,21005,0.6125,0.7618750000000001,0.9661366100469823,0.3448275862068966,75.79999999999998
1872,13641,0.8625,0.90625,0.62643055053608,0.6206896551724137,75.79999999999998
1873,22249,0.125,0.7837500000000001,0.9934586194434405,0.3448275862068966,75.79999999999998
1874,23523,0.3032125,0.8048437500000001,0.9876279966269124,0.3448275862068966,75.79999999999998
1875,11786,0.3625,0.75,0.9248042404529574,0.0,75.77777777777776
1876,12167,0.375,0.71875,0.62643055053608,1.0,75.73964497041419
1877,22949,0.6125,0.849375,0.9746536561860017,1.0,75.73964497041419
1878,22966,0.375,0.83378125,0.9953860980604745,0.6896551724137931,75.72727272727272
1879,22950,0.6125,0.8369375,0.9818817009998795,0.48275862068965514,75.72727272727272
1880,22322,0.375,0.7837500000000001,0.9934586194434405,0.3448275862068966,75.69999999999999
1881,24158,0.3032125,0.8267187500000001,0.9857246114925913,0.27586206896551724,75.69999999999999
1882,22964,0.375,0.849375,0.9868931454041681,1.0,75.62130177514791
1883,10827,0.125,0.8028437499999999,0.9873750150584266,0.0,75.55555555555554
1884,10826,0.125,0.79634375,0.9860498735092157,0.0,75.55555555555554
1885,11006,0.125,0.9375,0.6752463558607397,0.0,75.55555555555554
1886,11625,0.3625,0.90625,0.62643055053608,0.0,75.55555555555554
1887,12033,0.375,0.90625,0.62643055053608,0.9655172413793103,75.54545454545453
1888,10415,0.1125,0.865875,0.9729671123960967,1.0,75.50295857988164
1889,12485,0.6125,0.706,0.7761354053728465,1.0,75.50295857988164
1890,23585,0.3987375,0.8040625,0.9875316226960605,1.0,75.50295857988164
1891,22233,0.125,0.786875,0.9827611131189014,1.0,75.50295857988164
1892,10853,0.125,0.7584375,0.9629442235875195,0.3448275862068966,75.49999999999999
1893,10858,0.125,0.75,0.9248042404529574,0.6206896551724137,75.49999999999999
1894,12173,0.375,0.715625,0.6545717383447777,0.3448275862068966,75.49999999999999
1895,22225,0.3625,0.786875,0.9827611131189014,0.27586206896551724,75.49999999999999
1896,11630,0.3625,0.9252812499999999,0.7551740754126008,1.0,75.46745562130175
1897,12292,0.375,0.8503437500000001,0.9739549451873267,0.9655172413793103,75.45454545454544
1898,11427,0.3625,0.8368125,0.9940850499939766,0.6896551724137931,75.45454545454544
1899,10352,0.1125,0.85690625,0.96883508011083,0.6896551724137931,75.45454545454544
1900,10629,0.1125,0.9375,0.6996542585230695,0.6896551724137931,75.45454545454544
1901,12173,0.375,0.715625,0.6545717383447777,0.9655172413793103,75.45454545454544
1902,13040,0.625,0.90625,0.7671364895795687,0.6896551724137931,75.45454545454544
1903,22249,0.125,0.7837500000000001,0.9934586194434405,0.6896551724137931,75.45454545454544
1904,22936,0.375,0.849375,0.9746536561860017,0.9655172413793103,75.45454545454544
1905,11216,0.125,0.79984375,0.9989157932779182,0.6896551724137931,75.45454545454544
1906,11620,0.3625,0.90625,0.7671364895795687,0.6896551724137931,75.45454545454544
1907,12646,0.6125,0.9375,0.6752463558607397,0.9655172413793103,75.45454545454544
1908,12435,0.6125,0.8368125,0.9940850499939766,0.9655172413793103,75.45454545454544
1909,11170,0.125,0.70125,0.7658836284784966,0.9655172413793103,75.45454545454544
1910,12633,0.6125,0.90625,0.62643055053608,0.0,75.44444444444443
1911,14106,0.875,0.833625,0.8749909649439825,1.0,75.40828402366863
1912,12224,0.375,0.79984375,0.9989157932779182,0.3448275862068966,75.39999999999999
1913,11211,0.125,0.8368125,0.9940850499939766,0.6206896551724137,75.39999999999999
1914,22966,0.375,0.83378125,0.9953860980604745,0.27586206896551724,75.39999999999999
1915,13181,0.625,0.715625,0.6545717383447777,0.6206896551724137,75.39999999999999
1916,11169,0.125,0.69659375,0.7551740754126008,0.8275862068965517,75.38461538461537
1917,14193,0.875,0.69659375,0.7551740754126008,0.8275862068965517,75.38461538461537
1918,11212,0.125,0.8294374999999998,0.9969883146608842,0.8275862068965517,75.38461538461537
1919,10461,0.1125,0.6875,0.7059462715335502,0.8275862068965517,75.38461538461537
1920,12499,0.6125,0.71875,0.62643055053608,1.0,75.38461538461537
1921,12828,0.6125,0.79634375,0.9860498735092157,1.0,75.38461538461537
1922,10533,0.1125,0.8023125,0.8788820624021202,0.9655172413793103,75.36363636363635
1923,12487,0.6125,0.715625,0.6545717383447777,0.6206896551724137,75.29999999999998
1924,12484,0.6125,0.70125,0.7658836284784966,0.6206896551724137,75.29999999999998
1925,10417,0.1125,0.8514375,0.9854234429586796,1.0,75.2662721893491
1926,13187,0.625,0.706,0.7761354053728465,1.0,75.2662721893491
1927,24176,0.33882500000000004,0.8259375,0.9859414528370076,0.0,75.2222222222222
1928,22860,0.3625,0.83378125,0.9832791229972292,0.27586206896551724,75.19999999999999
1929,10556,0.1125,0.8195625,0.8788820624021202,0.3448275862068966,75.15999999999998
1930,13095,0.625,0.8195625,0.8788820624021202,0.27586206896551724,75.09999999999998
1931,23533,0.3388125,0.8040625,0.9875316226960605,0.3448275862068966,75.09999999999998
1932,11793,0.3625,0.778125,0.9116251054089869,1.0,75.04142011834318
1933,13098,0.625,0.833625,0.8749909649439825,1.0,75.02958579881656
1934,12220,0.375,0.8294374999999998,0.9969883146608842,1.0,75.02958579881656
1935,13439,0.8625,0.865875,0.9729671123960967,1.0,75.02958579881656
1936,13175,0.625,0.71875,0.62643055053608,1.0,75.02958579881656
1937,12015,0.375,0.9375,0.6996542585230695,0.13793103448275862,74.99999999999999
1938,12645,0.6125,0.9375,0.6996542585230695,0.13793103448275862,74.99999999999999
1939,11786,0.3625,0.75,0.9248042404529574,0.9655172413793103,74.99999999999999
1940,12573,0.6125,0.82659375,0.8773762197325623,0.27586206896551724,74.99999999999999
1941,10423,0.1125,0.80725,0.9998795325864354,0.27586206896551724,74.99999999999999
1942,11345,0.3625,0.82128125,0.9870015660763762,0.27586206896551724,74.99999999999999
1943,22895,0.125,0.83378125,0.9953860980604745,0.27586206896551724,74.99999999999999
1944,10617,0.1125,0.90625,0.62643055053608,0.27586206896551724,74.99999999999999
1945,13492,0.8625,0.70125,0.7658836284784966,0.6206896551724137,74.99999999999999
1946,13186,0.625,0.70125,0.7658836284784966,0.6206896551724137,74.99999999999999
1947,13361,0.8625,0.82128125,0.9870015660763762,0.27586206896551724,74.99999999999999
1948,13232,0.625,0.79984375,0.9989157932779182,0.27586206896551724,74.99999999999999
1949,11171,0.125,0.706,0.7761354053728465,0.27586206896551724,74.99999999999999
1950,14189,0.875,0.715625,0.6545717383447777,0.27586206896551724,74.99999999999999
1951,23523,0.3032125,0.8048437500000001,0.9876279966269124,0.0,74.99999999999999
1952,22240,0.3388375,0.772875,0.9749066377544873,1.0,74.91124260355028
1953,12089,0.375,0.82659375,0.8773762197325623,0.48275862068965514,74.90909090909089
1954,10738,0.1125,0.7068125000000001,0.7915190940850501,0.6206896551724137,74.89999999999999
1955,11479,0.3625,0.715625,0.6545717383447777,0.6206896551724137,74.89999999999999
1956,10830,0.125,0.78125,0.9501746777496686,0.9655172413793103,74.8181818181818
1957,10532,0.1125,0.79528125,0.8773762197325623,0.27586206896551724,74.79999999999998
1958,13229,0.625,0.82203125,0.9989157932779182,1.0,74.792899408284
1959,13095,0.625,0.8195625,0.8788820624021202,1.0,74.75739644970413
1960,11428,0.3625,0.8294374999999998,0.9969883146608842,0.6896551724137931,74.72727272727272
1961,23685,0.625,0.79315625,0.9972172027466569,1.0,74.67455621301774
1962,10623,0.1125,0.929875,0.7440320443320082,1.0,74.67455621301774
1963,24166,0.14872749999999998,0.8259375,0.9859414528370076,0.0,74.66666666666666
1964,11222,0.125,0.756,0.9729671123960967,0.6896551724137931,74.63636363636363
1965,10830,0.125,0.78125,0.9501746777496686,0.48275862068965514,74.61818181818181
1966,10627,0.1125,0.934375,0.7324515118660402,0.8275862068965517,74.6153846153846
1967,23545,0.125,0.805625,0.9997470184315143,0.6206896551724137,74.59999999999998
1968,12434,0.6125,0.844125,0.9902300927599084,0.3448275862068966,74.59999999999998
1969,22240,0.3388375,0.772875,0.9749066377544873,0.0,74.55555555555554
1970,13445,0.8625,0.82203125,0.9989157932779182,0.6896551724137931,74.54545454545453
1971,12015,0.375,0.9375,0.6996542585230695,0.6896551724137931,74.54545454545453
1972,13641,0.8625,0.90625,0.62643055053608,0.9655172413793103,74.54545454545453
1973,13022,0.625,0.9375,0.6752463558607397,0.9655172413793103,74.54545454545453
1974,11031,0.125,0.903125,0.655524635586074,0.6896551724137931,74.54545454545453
1975,11476,0.3625,0.70125,0.7658836284784966,0.9655172413793103,74.54545454545453
1976,24262,0.375,0.81503125,0.9998554391037224,0.6896551724137931,74.54545454545453
1977,11637,0.3625,0.9375,0.6996542585230695,0.6896551724137931,74.54545454545453
1978,13041,0.625,0.90625,0.62643055053608,0.9655172413793103,74.54545454545453
1979,12621,0.6125,0.903125,0.655524635586074,0.6896551724137931,74.54545454545453
1980,14236,0.875,0.8294374999999998,0.9969883146608842,0.9655172413793103,74.54545454545453
1981,13047,0.625,0.903125,0.655524635586074,0.6896551724137931,74.54545454545453
1982,10557,0.1125,0.82659375,0.8773762197325623,0.6896551724137931,74.54545454545453
1983,12633,0.6125,0.90625,0.62643055053608,0.9655172413793103,74.54545454545453
1984,11613,0.3625,0.903125,0.655524635586074,0.6896551724137931,74.54545454545453
1985,23542,0.3625,0.805625,0.9997470184315143,0.6896551724137931,74.54545454545453
1986,23540,0.12499999999999992,0.79315625,0.9972172027466569,0.6896551724137931,74.54545454545453
1987,11222,0.125,0.756,0.9729671123960967,0.3448275862068966,74.49999999999999
1988,23612,0.375,0.805625,0.9997470184315143,0.0,74.44444444444443
1989,12646,0.6125,0.9375,0.6752463558607397,0.0,74.44444444444443
1990,24178,0.24375,0.8196875,0.9872665943862186,1.0,74.4378698224852
1991,11216,0.125,0.79984375,0.9989157932779182,0.6206896551724137,74.39999999999999
1992,22313,0.40466250000000004,0.77009375,0.9729189254306709,1.0,74.31952662721892
1993,23598,0.6125,0.7931874999999999,0.9851343211661244,1.0,74.31952662721892
1994,12014,0.375,0.9375,0.6752463558607397,0.6206896551724137,74.29999999999998
1995,11486,0.3625,0.71875,0.7718949524153716,0.6206896551724137,74.29999999999998
1996,24169,0.3625,0.8150625,0.9877966510059029,0.27586206896551724,74.29999999999998
1997,22859,0.125,0.83378125,0.9832791229972292,0.27586206896551724,74.29999999999998
1998,10468,0.1125,0.70125,0.7658836284784966,0.48275862068965514,74.27272727272727
1999,13641,0.8625,0.90625,0.62643055053608,0.0,74.2222222222222
2000,24166,0.14872749999999998,0.8259375,0.9859414528370076,0.6206896551724137,74.19999999999999
2001,22208,0.3328375,0.77009375,0.9729189254306709,0.6206896551724137,74.19999999999999
2002,22233,0.125,0.786875,0.9827611131189014,0.27586206896551724,74.19999999999999
2003,24176,0.33882500000000004,0.8259375,0.9859414528370076,0.48275862068965514,74.18181818181817
2004,12446,0.6125,0.756,0.9729671123960967,0.48275862068965514,74.18181818181817
2005,23536,0.33882500000000004,0.79475,0.9856161908203831,0.9655172413793103,74.18181818181817
2006,23533,0.3388125,0.8040625,0.9875316226960605,0.9655172413793103,74.18181818181817
2007,12032,0.375,0.90625,0.7671364895795687,0.13793103448275862,74.16666666666666
2008,11429,0.3625,0.82203125,0.9989157932779182,0.13793103448275862,74.16666666666666
2009,14055,0.875,0.903125,0.655524635586074,0.13793103448275862,74.16666666666666
2010,11222,0.125,0.756,0.9729671123960967,0.13793103448275862,74.16666666666666
2011,13023,0.625,0.9375,0.6996542585230695,0.13793103448275862,74.16666666666666
2012,12168,0.375,0.715625,0.62643055053608,0.13793103448275862,74.16666666666666
2013,23545,0.125,0.805625,0.9997470184315143,0.13793103448275862,74.16666666666666
2014,10477,0.1125,0.715625,0.62643055053608,0.13793103448275862,74.16666666666666
2015,22314,0.375,0.76815625,0.9714251295024696,1.0,74.08284023668638
2016,22211,0.24375,0.7759375000000001,0.9769425370437297,1.0,74.08284023668638
2017,12440,0.6125,0.79984375,0.9989157932779182,0.27586206896551724,73.99999999999999
2018,13174,0.625,0.71875,0.7718949524153716,0.27586206896551724,73.99999999999999
2019,10419,0.1125,0.8368125,0.9940850499939766,0.27586206896551724,73.99999999999999
2020,10417,0.1125,0.8514375,0.9854234429586796,0.27586206896551724,73.99999999999999
2021,11790,0.3625,0.7584375,0.9629442235875195,0.27586206896551724,73.99999999999999
2022,12494,0.6125,0.71875,0.7718949524153716,0.27586206896551724,73.99999999999999
2023,24158,0.3032125,0.8267187500000001,0.9857246114925913,0.3448275862068966,73.99999999999999
2024,14308,0.875,0.8503437500000001,0.9739549451873267,0.27586206896551724,73.99999999999999
2025,11158,0.125,0.71875,0.7718949524153716,0.27586206896551724,73.99999999999999
2026,11345,0.3625,0.82128125,0.9870015660763762,0.3448275862068966,73.99999999999999
2027,12166,0.375,0.71875,0.7718949524153716,0.27586206896551724,73.99999999999999
2028,11834,0.375,0.79634375,0.9860498735092157,0.27586206896551724,73.99999999999999
2029,22248,0.3625,0.7837500000000001,0.9934586194434405,0.27586206896551724,73.99999999999999
2030,12090,0.375,0.833625,0.8749909649439825,0.27586206896551724,73.99999999999999
2031,10558,0.1125,0.833625,0.8749909649439825,0.27586206896551724,73.99999999999999
2032,20917,0.14875875,0.7603125000000001,0.9647150945669196,1.0,73.9644970414201
2033,13491,0.8625,0.69659375,0.7551740754126008,0.48275862068965514,73.90909090909089
2034,11212,0.125,0.8294374999999998,0.9969883146608842,0.6206896551724137,73.89999999999999
2035,24183,0.3625,0.81190625,0.9879532586435369,0.6206896551724137,73.89999999999999
2036,21026,0.375,0.7618750000000001,0.9785086134200698,0.0,73.88888888888887
2037,21026,0.375,0.7618750000000001,0.9785086134200698,1.0,73.84615384615383
2038,20930,0.2142325,0.75915625,0.9636308878448379,1.0,73.84615384615383
2039,22241,0.31513749999999996,0.7744375,0.9759547042524996,1.0,73.84615384615383
2040,13445,0.8625,0.82203125,0.9989157932779182,0.3448275862068966,73.79999999999998
2041,20992,0.375,0.7618750000000001,0.9661366100469823,0.3448275862068966,73.79999999999998
2042,10630,0.1125,0.9375,0.6752463558607397,1.0,73.72781065088756
2043,13493,0.8625,0.706,0.7761354053728465,1.0,73.72781065088756
2044,24177,0.3625,0.8275,0.9855077701481749,0.48275862068965514,73.72727272727272
2045,11820,0.3625,0.79634375,0.9860498735092157,0.48275862068965514,73.72727272727272
2046,11476,0.3625,0.70125,0.7658836284784966,0.3448275862068966,73.69999999999999
2047,12178,0.375,0.70125,0.7658836284784966,0.3448275862068966,73.69999999999999
2048,10858,0.125,0.75,0.9248042404529574,0.0,73.66666666666666
2049,12115,0.375,0.8023125,0.8788820624021202,0.0,73.66666666666666
2050,22233,0.125,0.786875,0.9827611131189014,0.0,73.66666666666666
2051,13097,0.625,0.82659375,0.8773762197325623,0.9655172413793103,73.63636363636363
2052,13629,0.8625,0.903125,0.655524635586074,0.6896551724137931,73.63636363636363
2053,13442,0.8625,0.844125,0.9902300927599084,0.9655172413793103,73.63636363636363
2054,12014,0.375,0.9375,0.6752463558607397,0.9655172413793103,73.63636363636363
2055,13654,0.8625,0.9375,0.6752463558607397,0.9655172413793103,73.63636363636363
2056,14105,0.875,0.82659375,0.8773762197325623,0.9655172413793103,73.63636363636363
2057,12178,0.375,0.70125,0.7658836284784966,0.9655172413793103,73.63636363636363
2058,11160,0.125,0.715625,0.62643055053608,0.6896551724137931,73.63636363636363
2059,11821,0.3625,0.8028437499999999,0.9873750150584266,0.9655172413793103,73.63636363636363
2060,23544,0.3625,0.7931874999999999,0.9972292494880134,0.9655172413793103,73.63636363636363
2061,24166,0.14872749999999998,0.8259375,0.9859414528370076,0.3448275862068966,73.59999999999998
2062,23536,0.33882500000000004,0.79475,0.9856161908203831,0.48275862068965514,73.54545454545453
2063,11624,0.3625,0.90625,0.6545717383447777,1.0,73.51479289940826
2064,10630,0.1125,0.9375,0.6752463558607397,0.6206896551724137,73.49999999999999
2065,24184,0.3328125,0.81384375,0.9878809781953981,1.0,73.49112426035501
2066,14195,0.875,0.706,0.7761354053728465,1.0,73.49112426035501
2067,22225,0.3625,0.786875,0.9827611131189014,0.0,73.44444444444443
2068,14103,0.875,0.8195625,0.8788820624021202,0.27586206896551724,73.39999999999999
2069,23523,0.3032125,0.8048437500000001,0.9876279966269124,0.27586206896551724,73.39999999999999
2070,22966,0.375,0.83378125,0.9953860980604745,1.0,73.37278106508874
2071,22872,0.3625,0.849375,0.9746536561860017,1.0,73.37278106508874
2072,22224,0.12499999999999992,0.77128125,0.9737742440669798,1.0,73.37278106508874
2073,23526,0.2142,0.80290625,0.9873750150584266,1.0,73.37278106508874
2074,21005,0.6125,0.7618750000000001,0.9661366100469823,0.48275862068965514,73.36363636363635
2075,11438,0.3625,0.756,0.9729671123960967,0.48275862068965514,73.36363636363635
2076,11207,0.125,0.865875,0.9729671123960967,0.13793103448275862,73.33333333333333
2077,13636,0.8625,0.90625,0.7671364895795687,0.13793103448275862,73.33333333333333
2078,14048,0.875,0.90625,0.7671364895795687,0.13793103448275862,73.33333333333333
2079,11613,0.3625,0.903125,0.655524635586074,0.13793103448275862,73.33333333333333
2080,10425,0.1125,0.7924375,0.9969883146608842,0.13793103448275862,73.33333333333333
2081,24190,0.3625,0.8275,0.9975906517287073,0.13793103448275862,73.33333333333333
2082,12306,0.375,0.82128125,0.9870015660763762,0.0,73.33333333333331
2083,13022,0.625,0.9375,0.6752463558607397,0.0,73.33333333333331
2084,12014,0.375,0.9375,0.6752463558607397,0.0,73.33333333333331
2085,13654,0.8625,0.9375,0.6752463558607397,0.0,73.33333333333331
2086,11638,0.3625,0.9375,0.6752463558607397,0.0,73.33333333333331
2087,22248,0.3625,0.7837500000000001,0.9934586194434405,0.0,73.33333333333331
2088,11427,0.3625,0.8368125,0.9940850499939766,0.6206896551724137,73.30999999999999
2089,20933,0.125,0.765,0.9688591735935429,1.0,73.25443786982247
2090,13581,0.8625,0.82659375,0.8773762197325623,1.0,73.15976331360945
2091,14030,0.875,0.9375,0.6752463558607397,1.0,73.13609467455619
2092,10778,0.1125,0.75,0.9248042404529574,0.27586206896551724,73.09999999999998
2093,10420,0.1125,0.8294374999999998,0.9969883146608842,0.6206896551724137,73.09999999999998
2094,22240,0.3388375,0.772875,0.9749066377544873,0.27586206896551724,73.09999999999998
2095,12220,0.375,0.8294374999999998,0.9969883146608842,0.8275862068965517,73.07692307692307
2096,23685,0.625,0.79315625,0.9972172027466569,0.27586206896551724,72.99999999999999
2097,11790,0.3625,0.7584375,0.9629442235875195,0.6206896551724137,72.99999999999999
2098,13442,0.8625,0.844125,0.9902300927599084,0.27586206896551724,72.99999999999999
2099,22390,0.625,0.7837500000000001,0.9934586194434405,0.27586206896551724,72.99999999999999
2100,11565,0.3625,0.82659375,0.8773762197325623,0.27586206896551724,72.99999999999999
2101,22208,0.3328375,0.77009375,0.9729189254306709,0.3448275862068966,72.99999999999999
2102,13377,0.8625,0.8634375000000001,0.9629442235875195,0.27586206896551724,72.99999999999999
2103,13502,0.8625,0.71875,0.7718949524153716,0.27586206896551724,72.99999999999999
2104,10471,0.1125,0.715625,0.6545717383447777,0.6206896551724137,72.89999999999999
2105,12215,0.375,0.865875,0.9729671123960967,1.0,72.89940828402365
2106,12843,0.625,0.8028437499999999,0.9873750150584266,1.0,72.89940828402365
2107,22210,0.27346250000000005,0.774,0.9756655824599445,1.0,72.89940828402365
2108,10770,0.1125,0.7693749999999999,0.8973135766775088,1.0,72.85207100591714
2109,22891,0.3625,0.83378125,0.9953860980604745,0.48275862068965514,72.81818181818181
2110,11170,0.125,0.70125,0.7658836284784966,0.48275862068965514,72.81818181818181
2111,13181,0.625,0.715625,0.6545717383447777,0.3448275862068966,72.79999999999998
2112,14245,0.875,0.7631875,0.9796651005902903,0.27586206896551724,72.79999999999998
2113,14194,0.875,0.70125,0.7658836284784966,0.6206896551724137,72.79999999999998
2114,14183,0.875,0.71875,0.62643055053608,1.0,72.78106508875739
2115,13157,0.625,0.746875,0.62643055053608,1.0,72.78106508875739
2116,13390,0.8625,0.8883125,0.9325864353692326,1.0,72.78106508875739
2117,22229,0.24392624999999998,0.77909375,0.9788338754366943,1.0,72.78106508875739
2118,12224,0.375,0.79984375,0.9989157932779182,0.6896551724137931,72.72727272727272
2119,11286,0.125,0.8634375000000001,0.9629442235875195,0.6896551724137931,72.72727272727272
2120,11479,0.3625,0.715625,0.6545717383447777,0.9655172413793103,72.72727272727272
2121,11007,0.125,0.9375,0.6996542585230695,0.6896551724137931,72.72727272727272
2122,12484,0.6125,0.70125,0.7658836284784966,0.9655172413793103,72.72727272727272
2123,21648,0.375,0.85878125,0.9672328635104203,0.9655172413793103,72.72727272727272
2124,23597,0.6125,0.805625,0.9877002770750511,0.9655172413793103,72.72727272727272
2125,11820,0.3625,0.79634375,0.9860498735092157,0.6896551724137931,72.72727272727272
2126,12115,0.375,0.8023125,0.8788820624021202,0.9655172413793103,72.72727272727272
2127,13186,0.625,0.70125,0.7658836284784966,0.9655172413793103,72.72727272727272
2128,23545,0.125,0.805625,0.9997470184315143,0.6896551724137931,72.72727272727272
2129,22872,0.3625,0.849375,0.9746536561860017,0.9655172413793103,72.72727272727272
2130,12434,0.6125,0.844125,0.9902300927599084,0.6896551724137931,72.72727272727272
2131,11729,0.3625,0.6673125,0.7767256956993133,0.9655172413793103,72.72727272727272
2132,13492,0.8625,0.70125,0.7658836284784966,0.9655172413793103,72.72727272727272
2133,11232,0.125,0.68878125,0.8562823756173954,0.6896551724137931,72.72727272727272
2134,22949,0.6125,0.849375,0.9746536561860017,0.9655172413793103,72.72727272727272
2135,10829,0.125,0.78125,0.9280809541019153,1.0,72.71005917159762
2136,11426,0.3625,0.844125,0.9902300927599084,0.3448275862068966,72.69999999999999
2137,10532,0.1125,0.79528125,0.8773762197325623,0.6206896551724137,72.69999999999999
2138,13495,0.8625,0.715625,0.6545717383447777,0.6206896551724137,72.69999999999999
2139,11860,0.375,0.778125,0.978279725334297,1.0,72.66272189349111
2140,24260,0.375,0.8306250000000001,0.9965787254547644,1.0,72.66272189349111
2141,12156,0.375,0.746875,0.6534465727020841,1.0,72.66272189349111
2142,12487,0.6125,0.715625,0.6545717383447777,0.3448275862068966,72.59999999999998
2143,14189,0.875,0.715625,0.6545717383447777,0.6206896551724137,72.59999999999998
2144,12436,0.6125,0.8294374999999998,0.9969883146608842,0.27586206896551724,72.59999999999998
2145,10853,0.125,0.7584375,0.9629442235875195,0.9655172413793103,72.54545454545453
2146,23523,0.3032125,0.8048437500000001,0.9876279966269124,0.9655172413793103,72.54545454545453
2147,22857,0.18438,0.8376875,0.9815443922418986,1.0,72.54437869822483
2148,11031,0.125,0.903125,0.655524635586074,0.13793103448275862,72.49999999999999
2149,22322,0.375,0.7837500000000001,0.9934586194434405,0.13793103448275862,72.49999999999999
2150,12221,0.375,0.82203125,0.9989157932779182,0.13793103448275862,72.49999999999999
2151,11427,0.3625,0.8368125,0.9940850499939766,0.13793103448275862,72.49999999999999
2152,11007,0.125,0.9375,0.6996542585230695,0.13793103448275862,72.49999999999999
2153,12493,0.6125,0.715625,0.62643055053608,0.13793103448275862,72.49999999999999
2154,11620,0.3625,0.90625,0.7671364895795687,0.13793103448275862,72.49999999999999
2155,10468,0.1125,0.70125,0.7658836284784966,0.13793103448275862,72.49999999999999
2156,13581,0.8625,0.82659375,0.8773762197325623,0.6206896551724137,72.49999999999999
2157,14030,0.875,0.9375,0.6752463558607397,0.6206896551724137,72.49999999999999
2158,12224,0.375,0.79984375,0.9989157932779182,0.48275862068965514,72.45454545454544
2159,11025,0.125,0.90625,0.62643055053608,0.9655172413793103,72.45454545454544
2160,10556,0.1125,0.8195625,0.8788820624021202,0.48275862068965514,72.45454545454544
2161,10851,0.125,0.778125,0.9116251054089869,1.0,72.42603550295857
2162,11294,0.125,0.840625,0.958089386820865,1.0,72.41420118343194
2163,11985,0.375,0.934375,0.7682568365257197,1.0,72.41420118343194
2164,12484,0.6125,0.70125,0.7658836284784966,0.3448275862068966,72.39999999999999
2165,11638,0.3625,0.9375,0.6752463558607397,0.3448275862068966,72.39999999999999
2166,11835,0.375,0.8028437499999999,0.9873750150584266,0.27586206896551724,72.39999999999999
2167,11814,0.3625,0.78125,0.9501746777496686,0.6896551724137931,72.36363636363635
2168,11220,0.125,0.7704375,0.9854234429586796,0.0,72.33333333333331
2169,14031,0.875,0.9375,0.6996542585230695,0.8275862068965517,72.30769230769229
2170,10813,0.1125,0.8028437499999999,0.9873750150584266,1.0,72.30769230769229
2171,11297,0.125,0.840625,0.9800385495723407,1.0,72.30769230769229
2172,24152,0.214185,0.82478125,0.986242621370919,1.0,72.30769230769229
2173,20991,0.375,0.765,0.9688591735935429,0.3448275862068966,72.29999999999998
2174,22891,0.3625,0.83378125,0.9953860980604745,0.3448275862068966,72.29999999999998
2175,23545,0.125,0.805625,0.9997470184315143,0.3448275862068966,72.29999999999998
2176,12173,0.375,0.715625,0.6545717383447777,0.0,72.22222222222221
2177,23539,0.125,0.79003125,0.9961450427659317,0.0,72.22222222222221
2178,11298,0.125,0.82128125,0.9870015660763762,0.0,72.22222222222221
2179,10533,0.1125,0.8023125,0.8788820624021202,0.0,72.22222222222221
2180,13097,0.625,0.82659375,0.8773762197325623,0.0,72.22222222222221
2181,12028,0.375,0.90625,0.6545717383447777,1.0,72.21301775147927
2182,11082,0.125,0.833625,0.8749909649439825,1.0,72.20118343195264
2183,13492,0.8625,0.70125,0.7658836284784966,0.3448275862068966,72.19999999999999
2184,11479,0.3625,0.715625,0.6545717383447777,0.3448275862068966,72.19999999999999
2185,11176,0.125,0.6875,0.62643055053608,1.0,72.18934911242602
2186,23542,0.3625,0.805625,0.9997470184315143,1.0,72.18934911242602
2187,11140,0.125,0.75,0.62643055053608,1.0,72.18934911242602
2188,22322,0.375,0.7837500000000001,0.9934586194434405,0.48275862068965514,72.18181818181817
2189,13186,0.625,0.70125,0.7658836284784966,0.3448275862068966,72.09999999999998
2190,23505,0.303125,0.7939375,0.9853632092518974,0.6206896551724137,72.09999999999998
2191,10738,0.1125,0.7068125000000001,0.7915190940850501,0.3448275862068966,72.09999999999998
2192,24183,0.3625,0.81190625,0.9879532586435369,0.3448275862068966,72.09999999999998
2193,11159,0.125,0.71875,0.62643055053608,0.6206896551724137,72.09999999999998
2194,10533,0.1125,0.8023125,0.8788820624021202,0.3448275862068966,72.09999999999998
2195,24257,0.404725,0.8286562499999999,0.9851343211661244,1.0,72.07100591715975
2196,21726,0.8625,0.8588125,0.9671967232863511,0.27586206896551724,71.99999999999999
2197,22949,0.6125,0.849375,0.9746536561860017,0.27586206896551724,71.99999999999999
2198,10483,0.1125,0.71875,0.62643055053608,0.27586206896551724,71.99999999999999
2199,24262,0.375,0.81503125,0.9998554391037224,0.27586206896551724,71.99999999999999
2200,11081,0.125,0.82659375,0.8773762197325623,0.6206896551724137,71.99999999999999
2201,11491,0.3625,0.71875,0.62643055053608,0.27586206896551724,71.99999999999999
2202,11018,0.125,0.9252812499999999,0.7551740754126008,0.6206896551724137,71.99999999999999
2203,12435,0.6125,0.8368125,0.9940850499939766,0.27586206896551724,71.99999999999999
2204,10478,0.1125,0.71875,0.7718949524153716,0.27586206896551724,71.99999999999999
2205,10418,0.1125,0.844125,0.9902300927599084,0.27586206896551724,71.99999999999999
2206,12353,0.6125,0.82128125,0.9870015660763762,0.27586206896551724,71.99999999999999
2207,23509,0.1843725,0.7939375,0.9853632092518974,0.0,71.99999999999999
2208,24169,0.3625,0.8150625,0.9877966510059029,0.0,71.99999999999999
2209,14234,0.875,0.844125,0.9902300927599084,1.0,71.95266272189347
2210,24170,0.3388125,0.8166249999999999,0.9876641368509818,0.6206896551724137,71.89999999999999
2211,10622,0.1125,0.9252812499999999,0.7551740754126008,0.6206896551724137,71.89999999999999
2212,23609,0.40467499999999995,0.79196875,0.9847367787013611,1.0,71.8343195266272
2213,13035,0.625,0.929875,0.7440320443320082,1.0,71.82248520710057
2214,21668,0.375,0.8712500000000001,0.9673292374412721,0.9655172413793103,71.81818181818181
2215,10468,0.1125,0.70125,0.7658836284784966,0.6896551724137931,71.81818181818181
2216,10416,0.1125,0.8586874999999999,0.9796651005902903,0.9655172413793103,71.81818181818181
2217,10429,0.1125,0.7631875,0.9796651005902903,0.6896551724137931,71.81818181818181
2218,12173,0.375,0.715625,0.6545717383447777,0.48275862068965514,71.81818181818181
2219,21026,0.375,0.7618750000000001,0.9785086134200698,0.9655172413793103,71.81818181818181
2220,12367,0.6125,0.8503437500000001,0.9739549451873267,0.9655172413793103,71.81818181818181
2221,11486,0.3625,0.71875,0.7718949524153716,0.9655172413793103,71.81818181818181
2222,11834,0.375,0.79634375,0.9860498735092157,0.9655172413793103,71.81818181818181
2223,13023,0.625,0.9375,0.6996542585230695,0.6896551724137931,71.81818181818181
2224,13653,0.8625,0.9375,0.6996542585230695,0.6896551724137931,71.81818181818181
2225,12487,0.6125,0.715625,0.6545717383447777,0.9655172413793103,71.81818181818181
2226,11006,0.125,0.9375,0.6752463558607397,0.9655172413793103,71.81818181818181
2227,12437,0.6125,0.82203125,0.9989157932779182,0.9655172413793103,71.81818181818181
2228,21720,0.625,0.85878125,0.9672328635104203,0.9655172413793103,71.81818181818181
2229,13181,0.625,0.715625,0.6545717383447777,0.9655172413793103,71.81818181818181
2230,23008,0.625,0.849375,0.9746536561860017,0.9655172413793103,71.81818181818181
2231,10827,0.125,0.8028437499999999,0.9873750150584266,0.6896551724137931,71.81818181818181
2232,10826,0.125,0.79634375,0.9860498735092157,0.3448275862068966,71.79999999999998
2233,24186,0.2734375,0.81775,0.9875436694374171,0.0,71.77777777777776
2234,12446,0.6125,0.756,0.9729671123960967,0.9655172413793103,71.72727272727272
2235,23527,0.18446375,0.8048437500000001,0.9876279966269124,1.0,71.71597633136093
2236,24166,0.14872749999999998,0.8259375,0.9859414528370076,0.27586206896551724,71.69999999999999
2237,12039,0.375,0.903125,0.655524635586074,0.13793103448275862,71.66666666666666
2238,10557,0.1125,0.82659375,0.8773762197325623,0.13793103448275862,71.66666666666666
2239,12628,0.6125,0.90625,0.7671364895795687,0.13793103448275862,71.66666666666666
2240,11170,0.125,0.70125,0.7658836284784966,0.13793103448275862,71.66666666666666
2241,11485,0.3625,0.715625,0.62643055053608,0.13793103448275862,71.66666666666666
2242,21623,0.125,0.8712500000000001,0.9673292374412721,0.13793103448275862,71.66666666666666
2243,10532,0.1125,0.79528125,0.8773762197325623,0.9655172413793103,71.63636363636363
2244,11298,0.125,0.82128125,0.9870015660763762,0.6206896551724137,71.59999999999998
2245,11486,0.3625,0.71875,0.7718949524153716,0.3448275862068966,71.59999999999998
2246,13377,0.8625,0.8634375000000001,0.9629442235875195,1.0,71.59763313609466
2247,20937,0.3388,0.7603125000000001,0.9647150945669196,1.0,71.59763313609466
2248,11213,0.125,0.82203125,0.9989157932779182,0.8275862068965517,71.53846153846153
2249,11432,0.3625,0.79984375,0.9989157932779182,0.8275862068965517,71.53846153846153
2250,11286,0.125,0.8634375000000001,0.9629442235875195,0.8275862068965517,71.53846153846153
2251,24190,0.3625,0.8275,0.9975906517287073,0.8275862068965517,71.53846153846153
2252,11834,0.375,0.79634375,0.9860498735092157,0.6206896551724137,71.49999999999999
2253,22962,0.375,0.83378125,0.9832791229972292,1.0,71.47928994082838
2254,22936,0.375,0.849375,0.9746536561860017,1.0,71.47928994082838
2255,12087,0.375,0.8195625,0.8788820624021202,0.3448275862068966,71.41999999999999
2256,11790,0.3625,0.7584375,0.9629442235875195,0.3448275862068966,71.39999999999999
2257,14105,0.875,0.82659375,0.8773762197325623,0.3448275862068966,71.39999999999999
2258,12597,0.6125,0.8508437499999999,0.8653776653415252,1.0,71.38461538461537
2259,20992,0.375,0.7618750000000001,0.9661366100469823,0.48275862068965514,71.36363636363635
2260,23513,0.14873750000000002,0.8040625,0.9875316226960605,1.0,71.36094674556212
2261,11512,0.3625,0.75,0.62643055053608,1.0,71.36094674556212
2262,22236,0.31513749999999996,0.780625,0.9797012408143597,1.0,71.36094674556212
2263,23684,0.625,0.805625,0.9997470184315143,1.0,71.36094674556212
2264,23582,0.4047375000000001,0.8067812499999999,0.9877966510059029,1.0,71.36094674556212
2265,14309,0.875,0.85690625,0.96883508011083,1.0,71.36094674556212
2266,22865,0.3388,0.8385,0.9811348030357788,1.0,71.36094674556212
2267,12292,0.375,0.8503437500000001,0.9739549451873267,1.0,71.34911242603549
2268,14049,0.875,0.90625,0.62643055053608,0.0,71.33333333333331
2269,14236,0.875,0.8294374999999998,0.9969883146608842,0.0,71.33333333333331
2270,14049,0.875,0.90625,0.62643055053608,0.6206896551724137,71.29999999999998
2271,22237,0.3388,0.7821875,0.9805324659679556,1.0,71.24260355029584
2272,24175,0.31513749999999996,0.8243750000000001,0.9863389953017708,0.0,71.22222222222221
2273,13070,0.625,0.8508437499999999,0.8653776653415252,1.0,71.20710059171596
2274,10858,0.125,0.75,0.9248042404529574,0.3448275862068966,71.19999999999999
2275,12437,0.6125,0.82203125,0.9989157932779182,0.6206896551724137,71.19999999999999
2276,13582,0.8625,0.833625,0.8749909649439825,1.0,71.14792899408282
2277,10738,0.1125,0.7068125000000001,0.7915190940850501,0.0,71.1111111111111
2278,12178,0.375,0.70125,0.7658836284784966,0.0,71.1111111111111
2279,24333,0.625,0.8275,0.9975906517287073,0.0,71.1111111111111
2280,23505,0.303125,0.7939375,0.9853632092518974,0.0,71.1111111111111
2281,10630,0.1125,0.9375,0.6752463558607397,0.0,71.1111111111111
2282,11820,0.3625,0.79634375,0.9860498735092157,0.0,71.1111111111111
2283,14105,0.875,0.82659375,0.8773762197325623,0.0,71.1111111111111
2284,10424,0.1125,0.79984375,0.9989157932779182,0.0,71.1111111111111
2285,13220,0.625,0.8870625000000001,0.9472834598241175,1.0,71.0059171597633
2286,13184,0.625,0.6875,0.7324515118660402,1.0,71.0059171597633
2287,23533,0.3388125,0.8040625,0.9875316226960605,0.6896551724137931,70.99999999999999
2288,12026,0.375,0.9252812499999999,0.7551740754126008,0.27586206896551724,70.99999999999999
2289,12434,0.6125,0.844125,0.9902300927599084,0.27586206896551724,70.99999999999999
2290,11630,0.3625,0.9252812499999999,0.7551740754126008,0.27586206896551724,70.99999999999999
2291,13227,0.625,0.8368125,0.9940850499939766,0.27586206896551724,70.99999999999999
2292,23684,0.625,0.805625,0.9997470184315143,0.27586206896551724,70.99999999999999
2293,23542,0.3625,0.805625,0.9997470184315143,0.27586206896551724,70.99999999999999
2294,11215,0.125,0.80725,0.9998795325864354,0.27586206896551724,70.99999999999999
2295,13034,0.625,0.9252812499999999,0.7551740754126008,0.27586206896551724,70.99999999999999
2296,12842,0.625,0.79634375,0.9860498735092157,0.27586206896551724,70.99999999999999
2297,14182,0.875,0.71875,0.7718949524153716,0.27586206896551724,70.99999999999999
2298,14042,0.875,0.9252812499999999,0.7551740754126008,0.27586206896551724,70.99999999999999
2299,13223,0.625,0.865875,0.9729671123960967,0.27586206896551724,70.99999999999999
2300,12843,0.625,0.8028437499999999,0.9873750150584266,0.27586206896551724,70.99999999999999
2301,12754,0.6125,0.7068125000000001,0.7915190940850501,0.27586206896551724,70.99999999999999
2302,11905,0.375,0.7068125000000001,0.7915190940850501,0.27586206896551724,70.99999999999999
2303,12638,0.6125,0.9252812499999999,0.7551740754126008,0.27586206896551724,70.99999999999999
2304,11729,0.3625,0.6673125,0.7767256956993133,0.27586206896551724,70.99999999999999
2305,12913,0.625,0.7068125000000001,0.7915190940850501,0.27586206896551724,70.99999999999999
2306,11746,0.3625,0.7068125000000001,0.7915190940850501,0.27586206896551724,70.99999999999999
2307,13097,0.625,0.82659375,0.8773762197325623,0.3448275862068966,70.99999999999999
2308,22859,0.125,0.83378125,0.9832791229972292,0.0,70.99999999999999
2309,22248,0.3625,0.7837500000000001,0.9934586194434405,0.6896551724137931,70.90909090909089
2310,24335,0.8625,0.8275,0.9975906517287073,0.9655172413793103,70.90909090909089
2311,10813,0.1125,0.8028437499999999,0.9873750150584266,0.9655172413793103,70.90909090909089
2312,24177,0.3625,0.8275,0.9855077701481749,0.6896551724137931,70.90909090909089
2313,12089,0.375,0.82659375,0.8773762197325623,0.6896551724137931,70.90909090909089
2314,21005,0.6125,0.7618750000000001,0.9661366100469823,0.9655172413793103,70.90909090909089
2315,11231,0.125,0.6950000000000001,0.8718226719672328,0.9655172413793103,70.90909090909089
2316,23523,0.3032125,0.8048437500000001,0.9876279966269124,0.48275862068965514,70.90909090909089
2317,11835,0.375,0.8028437499999999,0.9873750150584266,0.9655172413793103,70.90909090909089
2318,12228,0.375,0.7704375,0.9854234429586796,0.9655172413793103,70.90909090909089
2319,14235,0.875,0.8368125,0.9940850499939766,0.9655172413793103,70.90909090909089
2320,10420,0.1125,0.8294374999999998,0.9969883146608842,0.6896551724137931,70.90909090909089
2321,14194,0.875,0.70125,0.7658836284784966,0.9655172413793103,70.90909090909089
2322,12645,0.6125,0.9375,0.6996542585230695,0.6896551724137931,70.90909090909089
2323,13361,0.8625,0.82128125,0.9870015660763762,0.9655172413793103,70.90909090909089
2324,12115,0.375,0.8023125,0.8788820624021202,0.3448275862068966,70.89999999999999
2325,12494,0.6125,0.71875,0.7718949524153716,0.6206896551724137,70.89999999999999
2326,20925,0.3625,0.765,0.9688591735935429,0.0,70.88888888888887
2327,15593,0.3625,0.6775,0.8249126611251656,1.0,70.88757396449702
2328,12908,0.625,0.6875,0.7682568365257197,1.0,70.88757396449702
2329,12993,0.625,0.934375,0.7682568365257197,1.0,70.84023668639051
2330,13047,0.625,0.903125,0.655524635586074,0.13793103448275862,70.83333333333333
2331,12225,0.375,0.7924375,0.9969883146608842,0.13793103448275862,70.83333333333333
2332,13176,0.625,0.715625,0.62643055053608,0.13793103448275862,70.83333333333333
2333,11160,0.125,0.715625,0.62643055053608,0.13793103448275862,70.83333333333333
2334,21577,0.12499999999999992,0.85878125,0.9672328635104203,0.13793103448275862,70.83333333333333
2335,22238,0.3625,0.7837500000000001,0.9813155041561258,0.13793103448275862,70.83333333333333
2336,13629,0.8625,0.903125,0.655524635586074,0.13793103448275862,70.83333333333333
2337,10853,0.125,0.7584375,0.9629442235875195,0.13793103448275862,70.83333333333333
2338,24158,0.3032125,0.8267187500000001,0.9857246114925913,0.9655172413793103,70.81818181818181
2339,10558,0.1125,0.833625,0.8749909649439825,0.6206896551724137,70.79999999999998
2340,12798,0.6125,0.7584375,0.9629442235875195,0.6206896551724137,70.79999999999998
2341,13444,0.8625,0.8294374999999998,0.9969883146608842,0.27586206896551724,70.79999999999998
2342,11433,0.3625,0.7924375,0.9969883146608842,0.8275862068965517,70.76923076923076
2343,12168,0.375,0.715625,0.62643055053608,0.8275862068965517,70.76923076923076
2344,10351,0.1125,0.8503437500000001,0.9739549451873267,0.8275862068965517,70.76923076923076
2345,10425,0.1125,0.7924375,0.9969883146608842,0.8275862068965517,70.76923076923076
2346,11167,0.125,0.692,0.7440320443320082,1.0,70.76923076923076
2347,10556,0.1125,0.8195625,0.8788820624021202,0.6896551724137931,70.72727272727272
2348,10858,0.125,0.75,0.9248042404529574,0.6896551724137931,70.72727272727272
2349,11217,0.125,0.7924375,0.9969883146608842,0.6206896551724137,70.69999999999999
2350,13022,0.625,0.9375,0.6752463558607397,0.3448275862068966,70.69999999999999
2351,12573,0.6125,0.82659375,0.8773762197325623,0.6206896551724137,70.69999999999999
2352,11815,0.3625,0.78125,0.9280809541019153,0.27586206896551724,70.69999999999999
2353,12574,0.6125,0.833625,0.8749909649439825,1.0,70.68639053254437
2354,11020,0.125,0.90625,0.6545717383447777,1.0,70.65088757396448
2355,10853,0.125,0.7584375,0.9629442235875195,0.48275862068965514,70.63636363636363
2356,10827,0.125,0.8028437499999999,0.9873750150584266,0.6206896551724137,70.59999999999998
2357,10469,0.1125,0.706,0.7761354053728465,0.6206896551724137,70.59999999999998
2358,11207,0.125,0.865875,0.9729671123960967,0.6206896551724137,70.59999999999998
2359,13036,0.625,0.90625,0.6545717383447777,1.0,70.59171597633134
2360,13640,0.8625,0.90625,0.6545717383447777,1.0,70.5325443786982
2361,11154,0.125,0.71875,0.655524635586074,1.0,70.5325443786982
2362,10696,0.1125,0.73809375,0.8441633538127936,1.0,70.5325443786982
2363,11900,0.375,0.6875,0.7682568365257197,1.0,70.5325443786982
2364,11106,0.125,0.79528125,0.8773762197325623,1.0,70.52071005917158
2365,23536,0.33882500000000004,0.79475,0.9856161908203831,0.0,70.44444444444443
2366,23525,0.24392624999999998,0.80096875,0.9870617997831587,0.0,70.44444444444443
2367,12227,0.375,0.7777499999999999,0.9902300927599084,1.0,70.41420118343194
2368,11159,0.125,0.71875,0.62643055053608,0.3448275862068966,70.39999999999999
2369,13654,0.8625,0.9375,0.6752463558607397,0.6206896551724137,70.39999999999999
2370,10617,0.1125,0.90625,0.62643055053608,0.6206896551724137,70.39999999999999
2371,10897,0.125,0.7068125000000001,0.7915190940850501,0.6206896551724137,70.39999999999999
2372,24164,0.12499999999999992,0.81503125,0.9878086977472593,0.6206896551724137,70.39999999999999
2373,23536,0.33882500000000004,0.79475,0.9856161908203831,0.6896551724137931,70.36363636363635
2374,23519,0.14872625,0.79471875,0.9856041440790265,0.0,70.33333333333331
2375,12114,0.375,0.79528125,0.8773762197325623,0.6206896551724137,70.29999999999998
2376,10471,0.1125,0.715625,0.6545717383447777,0.3448275862068966,70.29999999999998
2377,11345,0.3625,0.82128125,0.9870015660763762,0.48275862068965514,70.27272727272727
2378,23507,0.24375,0.7978125,0.9864112757499096,0.0,70.22222222222221
2379,13122,0.625,0.79528125,0.8773762197325623,1.0,70.20118343195264
2380,13174,0.625,0.71875,0.7718949524153716,0.6206896551724137,70.19999999999999
2381,12646,0.6125,0.9375,0.6752463558607397,0.3448275862068966,70.19999999999999
2382,13495,0.8625,0.715625,0.6545717383447777,0.3448275862068966,70.19999999999999
2383,23505,0.303125,0.7939375,0.9853632092518974,0.3448275862068966,70.19999999999999
2384,12483,0.6125,0.69659375,0.7551740754126008,0.48275862068965514,70.18181818181817
2385,24165,0.12500000000000003,0.8275,0.9855077701481749,0.48275862068965514,70.18181818181817
2386,10592,0.1125,0.871875,0.62643055053608,1.0,70.17751479289939
2387,14194,0.875,0.70125,0.7658836284784966,0.3448275862068966,70.1
2388,14189,0.875,0.715625,0.6545717383447777,0.3448275862068966,70.1
2389,10533,0.1125,0.8023125,0.8788820624021202,0.48275862068965514,70.09090909090908
2390,12225,0.375,0.7924375,0.9969883146608842,1.0,70.05917159763312
2391,12176,0.375,0.6875,0.7324515118660402,1.0,70.05917159763312
2392,12481,0.6125,0.6875,0.7324515118660402,1.0,70.05917159763312
2393,14042,0.875,0.9252812499999999,0.7551740754126008,1.0,70.02366863905324
2394,22225,0.3625,0.786875,0.9827611131189014,0.8275862068965517,69.99999999999999
2395,10629,0.1125,0.9375,0.6996542585230695,0.8275862068965517,69.99999999999999
2396,11637,0.3625,0.9375,0.6996542585230695,0.8275862068965517,69.99999999999999
2397,12225,0.375,0.7924375,0.9969883146608842,0.8275862068965517,69.99999999999999
2398,22896,0.12499999999999992,0.83690625,0.9940368630285508,0.8275862068965517,69.99999999999999
2399,10556,0.1125,0.8195625,0.8788820624021202,0.13793103448275862,69.99999999999999
2400,13501,0.8625,0.715625,0.62643055053608,0.13793103448275862,69.99999999999999
2401,12621,0.6125,0.903125,0.655524635586074,0.13793103448275862,69.99999999999999
2402,13040,0.625,0.90625,0.7671364895795687,0.13793103448275862,69.99999999999999
2403,22301,0.6125,0.7837500000000001,0.9813155041561258,0.9655172413793103,69.99999999999999
2404,11625,0.3625,0.90625,0.62643055053608,0.48275862068965514,69.99999999999999
2405,11345,0.3625,0.82128125,0.9870015660763762,0.6896551724137931,69.99999999999999
2406,13581,0.8625,0.82659375,0.8773762197325623,0.9655172413793103,69.99999999999999
2407,22965,0.375,0.83690625,0.9940368630285508,0.6896551724137931,69.99999999999999
2408,13495,0.8625,0.715625,0.6545717383447777,0.9655172413793103,69.99999999999999
2409,23533,0.3388125,0.8040625,0.9875316226960605,0.48275862068965514,69.99999999999999
2410,11170,0.125,0.70125,0.7658836284784966,0.6896551724137931,69.99999999999999
2411,21577,0.12499999999999992,0.85878125,0.9672328635104203,0.9655172413793103,69.99999999999999
2412,14189,0.875,0.715625,0.6545717383447777,0.9655172413793103,69.99999999999999
2413,10630,0.1125,0.9375,0.6752463558607397,0.9655172413793103,69.99999999999999
2414,23544,0.3625,0.7931874999999999,0.9972292494880134,0.6896551724137931,69.99999999999999
2415,22935,0.375,0.8525,0.97237682206963,0.9655172413793103,69.99999999999999
2416,22950,0.6125,0.8369375,0.9818817009998795,0.6896551724137931,69.99999999999999
2417,12173,0.375,0.715625,0.6545717383447777,0.6896551724137931,69.99999999999999
2418,10738,0.1125,0.7068125000000001,0.7915190940850501,0.9655172413793103,69.99999999999999
2419,12033,0.375,0.90625,0.62643055053608,0.48275862068965514,69.99999999999999
2420,11211,0.125,0.8368125,0.9940850499939766,0.6896551724137931,69.99999999999999
2421,13921,0.875,0.7068125000000001,0.7915190940850501,0.27586206896551724,69.99999999999999
2422,13302,0.625,0.8634375000000001,0.9629442235875195,0.27586206896551724,69.99999999999999
2423,21720,0.625,0.85878125,0.9672328635104203,0.27586206896551724,69.99999999999999
2424,13762,0.8625,0.7068125000000001,0.7915190940850501,0.27586206896551724,69.99999999999999
2425,13448,0.8625,0.79984375,0.9989157932779182,0.27586206896551724,69.99999999999999
2426,21668,0.375,0.8712500000000001,0.9673292374412721,0.27586206896551724,69.99999999999999
2427,13443,0.8625,0.8368125,0.9940850499939766,0.27586206896551724,69.99999999999999
2428,22950,0.6125,0.8369375,0.9818817009998795,0.27586206896551724,69.99999999999999
2429,22244,0.3625,0.7713125,0.9860619202505723,0.27586206896551724,69.99999999999999
2430,13646,0.8625,0.9252812499999999,0.7551740754126008,0.27586206896551724,69.99999999999999
2431,11359,0.3625,0.8503437500000001,0.9739549451873267,0.27586206896551724,69.99999999999999
2432,21654,0.6125,0.8588125,0.9671967232863511,0.27586206896551724,69.99999999999999
2433,12149,0.375,0.746875,0.62643055053608,0.27586206896551724,69.99999999999999
2434,10622,0.1125,0.9252812499999999,0.7551740754126008,0.0,69.99999999999999
2435,10420,0.1125,0.8294374999999998,0.9969883146608842,0.0,69.99999999999999
2436,14309,0.875,0.85690625,0.96883508011083,0.0,69.99999999999999
2437,10423,0.1125,0.80725,0.9998795325864354,0.0,69.99999999999999
2438,24151,0.24392624999999998,0.82284375,0.9866883508011083,0.0,69.99999999999999
2439,11018,0.125,0.9252812499999999,0.7551740754126008,0.0,69.99999999999999
2440,11476,0.3625,0.70125,0.7658836284784966,0.0,69.99999999999999
2441,10417,0.1125,0.8514375,0.9854234429586796,0.0,69.99999999999999
2442,12224,0.375,0.79984375,0.9989157932779182,0.0,69.99999999999999
2443,23542,0.3625,0.805625,0.9997470184315143,0.0,69.99999999999999
2444,12026,0.375,0.9252812499999999,0.7551740754126008,1.0,69.95266272189347
2445,14165,0.875,0.746875,0.62643055053608,1.0,69.94082840236685
2446,21025,0.375,0.765,0.981195036742561,1.0,69.94082840236685
2447,12433,0.6125,0.8514375,0.9854234429586796,1.0,69.94082840236685
2448,11638,0.3625,0.9375,0.6752463558607397,0.48275862068965514,69.90909090909089
2449,11165,0.125,0.715625,0.6545717383447777,0.6206896551724137,69.89999999999999
2450,24175,0.31513749999999996,0.8243750000000001,0.9863389953017708,0.27586206896551724,69.89999999999999
2451,11005,0.125,0.9375,0.6508384531984098,1.0,69.85798816568045
2452,11769,0.3625,0.746875,0.884001927478617,1.0,69.8343195266272
2453,22943,0.39875,0.83846875,0.9811588965184916,1.0,69.82248520710057
2454,10617,0.1125,0.90625,0.62643055053608,0.9655172413793103,69.81818181818181
2455,24170,0.3388125,0.8166249999999999,0.9876641368509818,0.3448275862068966,69.79999999999998
2456,12166,0.375,0.71875,0.7718949524153716,0.6206896551724137,69.79999999999998
2457,22227,0.3032125,0.78296875,0.9809300084327188,0.0,69.77777777777776
2458,14105,0.875,0.82659375,0.8773762197325623,0.48275862068965514,69.72727272727272
2459,11222,0.125,0.756,0.9729671123960967,0.48275862068965514,69.72727272727272
2460,11233,0.125,0.68271875,0.8399349475966751,0.9655172413793103,69.72727272727272
2461,24163,0.14873625,0.81659375,0.9876761835923381,1.0,69.7041420118343
2462,23512,0.125,0.805625,0.9877002770750511,0.6896551724137931,69.63636363636363
2463,20991,0.375,0.765,0.9688591735935429,0.48275862068965514,69.63636363636363
