rank,node_number,x_n,y_n,z_n,t_n,score
1,2727,0.125,0.17785625,0.9873750150584266,0.8275862068965517,16699.99933333333
2,11848,0.375,0.798375,0.9183833273099626,0.13793103448275862,10000.999199999998
3,20375,0.6125,0.89625,0.933249006143838,0.6896551724137931,9999.899199999998
4,6855,0.1125,0.35934374999999996,0.7463052644259728,0.48275862068965514,9988.899199999998
5,18071,0.625,0.0962375,0.9258523069509698,0.27586206896551724,9970.110333333332
6,7406,0.375,0.36428125,0.822816528129141,0.48275862068965514,8999.599299999998
7,12916,0.625,0.6938125,0.7626671485363209,0.8275862068965517,8335.832666666665
8,12927,0.625,0.684375,0.7660281893747741,0.3448275862068966,7001.799299999999
9,10927,0.125,0.6616875,0.6691205878809782,0.3448275862068966,6999.499299999999
10,7616,0.375,0.6476875,0.6691205878809782,0.6896551724137931,5997.199299999999
11,17944,0.1486725,0.082209375,0.899168774846404,0.13793103448275862,5003.899299999999
12,12769,0.6125,0.6891875,0.8427538850740873,0.0,4444.88811111111
13,10756,0.1125,0.709,0.8218527888206241,0.0,4444.332555555555
14,17832,0.625,0.9400000000000001,0.8226478737501505,0.6896551724137931,3999.899299999999
15,23909,0.654725,0.20366875,0.9972292494880134,0.6896551724137931,3948.9992999999995
16,2543,0.1125,0.3421875,0.6264305505360801,0.8275862068965517,3339.749416666666
17,15471,0.625,0.34940625000000003,0.7574509095289723,0.3448275862068966,3001.6992999999993
18,19775,0.8032,0.73921875,0.9406336585953499,1.0,2856.999
19,16910,0.4699375,0.3775,0.8449343452596073,1.0,2856.8561428571425
20,20866,0.8625,0.43378125,0.9497048548367667,1.0,2856.713285714285
21,22149,0.6961875,0.46343750000000006,0.9769425370437297,0.0,2222.110333333333
22,16031,0.6448750000000001,0.319459375,0.8246837730393927,0.48275862068965514,2011.4992999999997
23,19918,0.42247500000000004,0.258771875,0.939103722443079,0.3448275862068966,2002.3992999999996
24,388,0.1875,0.59375,0.62643055053608,0.13793103448275862,1999.8992999999996
25,23659,0.6962125,0.8009375000000001,0.9870617997831587,0.3448275862068966,1999.8992999999996
26,8600,0.625,0.61278125,0.7551740754126008,0.9655172413793103,1997.5992999999996
27,16153,0.42242499999999994,0.6431250000000001,0.773027346102879,0.8275862068965517,1666.7494166666663
28,23481,0.77345,0.483375,0.998000240934827,0.8275862068965517,1666.5827499999998
29,1840,0.625,0.9375,0.6023370678231538,1.0,1143.1991428571428
30,12879,0.625,0.76284375,0.8712323816407661,0.27586206896551724,1111.5547777777776
31,10186,0.8625,0.638375,0.8049271172147935,0.9655172413793103,1001.6992999999998
32,6381,0.125,0.43634375,0.9653294783760993,0.13793103448275862,1000.5992999999999
33,13276,0.625,0.9262812500000001,0.8589928924225997,0.6206896551724137,1000.0992999999999
34,21437,0.6125,0.5587500000000001,0.9547885796891941,0.9655172413793103,1000.0992999999999
35,4374,0.6125,0.0296875,0.62643055053608,0.9655172413793103,996.3592999999998
36,2249,0.1125,0.21131875,0.908167690639682,0.48275862068965514,992.0892999999999
37,10974,0.125,0.921625,0.7775207806288399,0.9655172413793103,799.8393999999998
38,15799,0.24392624999999998,0.329084375,0.7783640525237921,0.48275862068965514,704.0293999999999
39,2756,0.125,0.125,0.8807252138296592,0.48275862068965514,696.5293999999999
40,15862,0.26345,0.324653125,0.8087700277075051,0.9655172413793103,401.66939999999994
41,5685,0.8625,0.090625,0.8367546078785688,0.6206896551724137,391.0693999999999
42,5396,0.8625,0.059375,0.62643055053608,1.0,316.57142857142856
43,4384,0.6125,0.059375,0.62643055053608,1.0,311.99999999999994
44,3077,0.125,0.059375,0.62643055053608,1.0,307.85714285714283
45,4089,0.375,0.059375,0.62643055053608,1.0,306.71428571428567
46,3372,0.3625,0.059375,0.62643055053608,1.0,306.4285714285714
47,6113,0.875,0.059375,0.62643055053608,1.0,302.57142857142856
48,5101,0.625,0.059375,0.62643055053608,1.0,300.99999999999994
49,10874,0.125,0.746875,0.906143838091796,0.6206896551724137,299.97939999999994
50,13537,0.8625,0.778125,0.7482110589085652,0.6206896551724137,299.8194
51,2360,0.1125,0.059375,0.62643055053608,1.0,299.71428571428567
52,5392,0.8625,0.059375,0.6508384531984098,1.0,251.57142857142853
53,4380,0.6125,0.059375,0.6508384531984098,1.0,250.1428571428571
54,5396,0.8625,0.059375,0.62643055053608,0.27586206896551724,249.99999999999994
55,6112,0.875,0.0625,0.62643055053608,1.0,248.85714285714283
56,6113,0.875,0.059375,0.62643055053608,0.27586206896551724,246.66666666666663
57,4089,0.375,0.059375,0.62643055053608,0.27586206896551724,246.66666666666663
58,3077,0.125,0.059375,0.62643055053608,0.27586206896551724,245.55555555555551
59,3368,0.3625,0.059375,0.6508384531984098,1.0,244.85714285714283
60,4092,0.375,0.059375,0.6508384531984098,1.0,244.7142857142857
61,3080,0.125,0.059375,0.6508384531984098,1.0,244.57142857142853
62,5101,0.625,0.059375,0.62643055053608,0.27586206896551724,244.4444444444444
63,4384,0.6125,0.059375,0.62643055053608,0.27586206896551724,243.3333333333333
64,3372,0.3625,0.059375,0.62643055053608,0.27586206896551724,243.3333333333333
65,5104,0.625,0.059375,0.6508384531984098,1.0,242.57142857142853
66,2364,0.1125,0.0625,0.62643055053608,1.0,242.4285714285714
67,6116,0.875,0.059375,0.6508384531984098,1.0,240.99999999999997
68,2360,0.1125,0.059375,0.62643055053608,0.27586206896551724,237.77777777777774
69,2356,0.1125,0.059375,0.6508384531984098,1.0,237.1428571428571
70,5400,0.8625,0.0625,0.62643055053608,1.0,234.1428571428571
71,3076,0.125,0.0625,0.62643055053608,1.0,233.4285714285714
72,4088,0.375,0.0625,0.62643055053608,1.0,233.1428571428571
73,3376,0.3625,0.0625,0.62643055053608,1.0,233.1428571428571
74,5100,0.625,0.0625,0.62643055053608,1.0,232.4285714285714
75,9578,0.875,0.559375,0.7088266473918805,0.27586206896551724,223.4104444444444
76,4384,0.6125,0.059375,0.62643055053608,0.9655172413793103,222.99999999999997
77,5396,0.8625,0.059375,0.62643055053608,0.9655172413793103,221.99999999999997
78,4089,0.375,0.059375,0.62643055053608,0.9655172413793103,221.99999999999997
79,3077,0.125,0.059375,0.62643055053608,0.9655172413793103,221.99999999999997
80,4388,0.6125,0.0625,0.62643055053608,1.0,221.28571428571425
81,3372,0.3625,0.059375,0.62643055053608,0.9655172413793103,219.99999999999997
82,5101,0.625,0.059375,0.62643055053608,0.9655172413793103,218.99999999999997
83,6113,0.875,0.059375,0.62643055053608,0.9655172413793103,216.99999999999997
84,2360,0.1125,0.059375,0.62643055053608,0.9655172413793103,215.99999999999997
85,5101,0.625,0.059375,0.62643055053608,0.6206896551724137,212.99999999999997
86,4089,0.375,0.059375,0.62643055053608,0.6206896551724137,212.99999999999997
87,3077,0.125,0.059375,0.62643055053608,0.6206896551724137,212.99999999999997
88,5396,0.8625,0.059375,0.62643055053608,0.6206896551724137,211.99999999999997
89,4384,0.6125,0.059375,0.62643055053608,0.6206896551724137,211.99999999999997
90,3372,0.3625,0.059375,0.62643055053608,0.6206896551724137,210.99999999999997
91,6113,0.875,0.059375,0.62643055053608,0.13793103448275862,209.99999999999997
92,5396,0.8625,0.059375,0.62643055053608,0.13793103448275862,209.99999999999997
93,5101,0.625,0.059375,0.62643055053608,0.48275862068965514,209.99999999999997
94,4089,0.375,0.059375,0.62643055053608,0.48275862068965514,209.99999999999997
95,3077,0.125,0.059375,0.62643055053608,0.48275862068965514,209.99999999999997
96,6113,0.875,0.059375,0.62643055053608,0.6206896551724137,208.99999999999997
97,5396,0.8625,0.059375,0.62643055053608,0.48275862068965514,207.99999999999997
98,4384,0.6125,0.059375,0.62643055053608,0.48275862068965514,207.99999999999997
99,3372,0.3625,0.059375,0.62643055053608,0.48275862068965514,207.99999999999997
100,6113,0.875,0.059375,0.62643055053608,0.48275862068965514,206.99999999999997
101,2360,0.1125,0.059375,0.62643055053608,0.6206896551724137,205.99999999999997
102,2360,0.1125,0.059375,0.62643055053608,0.48275862068965514,202.99999999999997
103,5392,0.8625,0.059375,0.6508384531984098,0.27586206896551724,201.11111111111106
104,4384,0.6125,0.059375,0.62643055053608,0.13793103448275862,199.99999999999997
105,5101,0.625,0.059375,0.62643055053608,0.13793103448275862,199.99999999999997
106,3077,0.125,0.059375,0.62643055053608,0.13793103448275862,199.99999999999997
107,4089,0.375,0.059375,0.62643055053608,0.13793103448275862,199.99999999999997
108,3372,0.3625,0.059375,0.62643055053608,0.13793103448275862,199.99999999999997
109,4384,0.6125,0.059375,0.62643055053608,0.6896551724137931,198.99999999999997
110,5396,0.8625,0.059375,0.62643055053608,0.0,198.88888888888886
111,5396,0.8625,0.059375,0.62643055053608,0.6896551724137931,197.99999999999997
112,6113,0.875,0.059375,0.62643055053608,0.0,197.77777777777774
113,6116,0.875,0.059375,0.6508384531984098,0.27586206896551724,197.77777777777774
114,3077,0.125,0.059375,0.62643055053608,0.6896551724137931,196.99999999999997
115,4380,0.6125,0.059375,0.6508384531984098,0.27586206896551724,196.66666666666663
116,4092,0.375,0.059375,0.6508384531984098,0.27586206896551724,196.66666666666663
117,5104,0.625,0.059375,0.6508384531984098,0.27586206896551724,196.66666666666663
118,3077,0.125,0.059375,0.62643055053608,0.0,196.66666666666663
119,3080,0.125,0.059375,0.6508384531984098,0.27586206896551724,196.66666666666663
120,4089,0.375,0.059375,0.62643055053608,0.0,196.66666666666663
121,4089,0.375,0.059375,0.62643055053608,0.6896551724137931,195.99999999999997
122,2364,0.1125,0.0625,0.62643055053608,0.27586206896551724,195.55555555555551
123,6112,0.875,0.0625,0.62643055053608,0.27586206896551724,195.55555555555551
124,5101,0.625,0.059375,0.62643055053608,0.0,195.55555555555551
125,3368,0.3625,0.059375,0.6508384531984098,0.27586206896551724,195.55555555555551
126,5101,0.625,0.059375,0.62643055053608,0.3448275862068966,194.99999999999997
127,4089,0.375,0.059375,0.62643055053608,0.3448275862068966,194.99999999999997
128,3372,0.3625,0.059375,0.62643055053608,0.6896551724137931,194.99999999999997
129,4384,0.6125,0.059375,0.62643055053608,0.3448275862068966,193.99999999999997
130,5101,0.625,0.059375,0.62643055053608,0.6896551724137931,193.99999999999997
131,3077,0.125,0.059375,0.62643055053608,0.3448275862068966,193.99999999999997
132,5396,0.8625,0.059375,0.62643055053608,0.3448275862068966,192.99999999999997
133,3372,0.3625,0.059375,0.62643055053608,0.3448275862068966,192.99999999999997
134,5400,0.8625,0.0625,0.62643055053608,0.27586206896551724,192.22222222222217
135,4384,0.6125,0.059375,0.62643055053608,0.0,192.22222222222217
136,3372,0.3625,0.059375,0.62643055053608,0.0,192.22222222222217
137,6113,0.875,0.059375,0.62643055053608,0.3448275862068966,191.99999999999997
138,6113,0.875,0.059375,0.62643055053608,0.6896551724137931,191.99999999999997
139,2360,0.1125,0.059375,0.62643055053608,0.6896551724137931,190.99999999999997
140,2360,0.1125,0.059375,0.62643055053608,0.13793103448275862,189.99999999999997
141,2356,0.1125,0.059375,0.6508384531984098,0.27586206896551724,189.99999999999997
142,4388,0.6125,0.0625,0.62643055053608,0.27586206896551724,189.99999999999997
143,3376,0.3625,0.0625,0.62643055053608,0.27586206896551724,189.99999999999997
144,5100,0.625,0.0625,0.62643055053608,0.27586206896551724,188.88888888888886
145,2360,0.1125,0.059375,0.62643055053608,0.3448275862068966,187.99999999999997
146,2360,0.1125,0.059375,0.62643055053608,0.0,187.77777777777774
147,3076,0.125,0.0625,0.62643055053608,0.27586206896551724,187.77777777777774
148,4088,0.375,0.0625,0.62643055053608,0.27586206896551724,186.66666666666663
149,5099,0.625,0.0625,0.7059462715335502,1.0,183.57142857142856
150,6111,0.875,0.0625,0.7059462715335502,1.0,180.1428571428571
151,4380,0.6125,0.059375,0.6508384531984098,0.9655172413793103,179.99999999999997
152,3373,0.3625,0.0625,0.7059462715335502,1.0,179.57142857142856
153,4087,0.375,0.0625,0.7059462715335502,1.0,178.57142857142856
154,2364,0.1125,0.0625,0.62643055053608,0.9655172413793103,177.99999999999997
155,5392,0.8625,0.059375,0.6508384531984098,0.9655172413793103,177.99999999999997
156,3080,0.125,0.059375,0.6508384531984098,0.9655172413793103,177.99999999999997
157,3368,0.3625,0.059375,0.6508384531984098,0.9655172413793103,177.99999999999997
158,6112,0.875,0.0625,0.62643055053608,0.9655172413793103,176.99999999999997
159,4092,0.375,0.059375,0.6508384531984098,0.9655172413793103,176.99999999999997
160,5104,0.625,0.059375,0.6508384531984098,0.9655172413793103,176.99999999999997
161,3075,0.125,0.0625,0.7059462715335502,1.0,175.99999999999997
162,4385,0.6125,0.0625,0.7059462715335502,1.0,175.7142857142857
163,2361,0.1125,0.0625,0.7059462715335502,1.0,174.57142857142856
164,6116,0.875,0.059375,0.6508384531984098,0.9655172413793103,173.99999999999997
165,5397,0.8625,0.0625,0.7059462715335502,1.0,172.85714285714283
166,2356,0.1125,0.059375,0.6508384531984098,0.9655172413793103,171.99999999999997
167,3376,0.3625,0.0625,0.62643055053608,0.9655172413793103,171.99999999999997
168,5104,0.625,0.059375,0.6508384531984098,0.6206896551724137,170.99999999999997
169,3076,0.125,0.0625,0.62643055053608,0.9655172413793103,170.99999999999997
170,4088,0.375,0.0625,0.62643055053608,0.9655172413793103,170.99999999999997
171,5400,0.8625,0.0625,0.62643055053608,0.9655172413793103,169.99999999999997
172,5392,0.8625,0.059375,0.6508384531984098,0.13793103448275862,169.99999999999997
173,4092,0.375,0.059375,0.6508384531984098,0.6206896551724137,169.99999999999997
174,3368,0.3625,0.059375,0.6508384531984098,0.13793103448275862,169.99999999999997
175,5392,0.8625,0.059375,0.6508384531984098,0.6206896551724137,168.99999999999997
176,4380,0.6125,0.059375,0.6508384531984098,0.6206896551724137,168.99999999999997
177,5104,0.625,0.059375,0.6508384531984098,0.48275862068965514,168.99999999999997
178,5100,0.625,0.0625,0.62643055053608,0.9655172413793103,168.99999999999997
179,3080,0.125,0.059375,0.6508384531984098,0.6206896551724137,168.99999999999997
180,3368,0.3625,0.059375,0.6508384531984098,0.6206896551724137,168.99999999999997
181,2364,0.1125,0.0625,0.62643055053608,0.6206896551724137,167.99999999999997
182,4092,0.375,0.059375,0.6508384531984098,0.48275862068965514,167.99999999999997
183,6112,0.875,0.0625,0.62643055053608,0.13793103448275862,166.99999999999997
184,6116,0.875,0.059375,0.6508384531984098,0.6206896551724137,166.99999999999997
185,5392,0.8625,0.059375,0.6508384531984098,0.48275862068965514,166.99999999999997
186,4380,0.6125,0.059375,0.6508384531984098,0.48275862068965514,166.99999999999997
187,3080,0.125,0.059375,0.6508384531984098,0.48275862068965514,166.99999999999997
188,2360,0.1125,0.059375,0.62643055053608,0.8275862068965517,166.66666666666663
189,6113,0.875,0.059375,0.62643055053608,0.8275862068965517,166.66666666666663
190,5396,0.8625,0.059375,0.62643055053608,0.8275862068965517,166.66666666666663
191,4384,0.6125,0.059375,0.62643055053608,0.8275862068965517,166.66666666666663
192,5101,0.625,0.059375,0.62643055053608,0.8275862068965517,166.66666666666663
193,4089,0.375,0.059375,0.62643055053608,0.8275862068965517,166.66666666666663
194,3077,0.125,0.059375,0.62643055053608,0.8275862068965517,166.66666666666663
195,3372,0.3625,0.059375,0.62643055053608,0.8275862068965517,166.66666666666663
196,9837,0.8625,0.44818749999999996,0.9339838573665823,0.8275862068965517,166.59116666666665
197,2364,0.1125,0.0625,0.62643055053608,0.48275862068965514,165.99999999999997
198,4388,0.6125,0.0625,0.62643055053608,0.9655172413793103,165.99999999999997
199,3368,0.3625,0.059375,0.6508384531984098,0.48275862068965514,165.99999999999997
200,6112,0.875,0.0625,0.62643055053608,0.6206896551724137,164.99999999999997
201,6116,0.875,0.059375,0.6508384531984098,0.48275862068965514,164.99999999999997
202,2356,0.1125,0.059375,0.6508384531984098,0.6206896551724137,162.99999999999997
203,5400,0.8625,0.0625,0.62643055053608,0.13793103448275862,162.99999999999997
204,4388,0.6125,0.0625,0.62643055053608,0.6206896551724137,162.99999999999997
205,2356,0.1125,0.059375,0.6508384531984098,0.48275862068965514,161.99999999999997
206,6112,0.875,0.0625,0.62643055053608,0.48275862068965514,161.99999999999997
207,5400,0.8625,0.0625,0.62643055053608,0.6206896551724137,161.99999999999997
208,5100,0.625,0.0625,0.62643055053608,0.6206896551724137,161.99999999999997
209,3376,0.3625,0.0625,0.62643055053608,0.6206896551724137,161.99999999999997
210,6109,0.875,0.0625,0.65293579086857,1.0,161.99999999999997
211,5944,0.875,0.3125,0.62643055053608,1.0,161.1428571428571
212,4380,0.6125,0.059375,0.6508384531984098,0.6896551724137931,160.99999999999997
213,3076,0.125,0.0625,0.62643055053608,0.6206896551724137,160.99999999999997
214,4088,0.375,0.0625,0.62643055053608,0.6206896551724137,160.99999999999997
215,3376,0.3625,0.0625,0.62643055053608,0.48275862068965514,160.99999999999997
216,2356,0.1125,0.059375,0.6508384531984098,0.13793103448275862,159.99999999999997
217,2364,0.1125,0.0625,0.62643055053608,0.13793103448275862,159.99999999999997
218,5400,0.8625,0.0625,0.62643055053608,0.48275862068965514,159.99999999999997
219,6116,0.875,0.059375,0.6508384531984098,0.13793103448275862,159.99999999999997
220,4380,0.6125,0.059375,0.6508384531984098,0.13793103448275862,159.99999999999997
221,4388,0.6125,0.0625,0.62643055053608,0.48275862068965514,159.99999999999997
222,4092,0.375,0.059375,0.6508384531984098,0.13793103448275862,159.99999999999997
223,5104,0.625,0.059375,0.6508384531984098,0.13793103448275862,159.99999999999997
224,3076,0.125,0.0625,0.62643055053608,0.48275862068965514,159.99999999999997
225,3076,0.125,0.0625,0.62643055053608,0.13793103448275862,159.99999999999997
226,3080,0.125,0.059375,0.6508384531984098,0.13793103448275862,159.99999999999997
227,3376,0.3625,0.0625,0.62643055053608,0.13793103448275862,159.99999999999997
228,5392,0.8625,0.059375,0.6508384531984098,0.0,159.99999999999997
229,2532,0.1125,0.3125,0.62643055053608,1.0,159.57142857142856
230,5100,0.625,0.0625,0.62643055053608,0.48275862068965514,158.99999999999997
231,6116,0.875,0.059375,0.6508384531984098,0.0,158.88888888888886
232,4092,0.375,0.059375,0.6508384531984098,0.0,158.88888888888886
233,5392,0.8625,0.059375,0.6508384531984098,0.6896551724137931,157.99999999999997
234,4388,0.6125,0.0625,0.62643055053608,0.13793103448275862,157.99999999999997
235,4092,0.375,0.059375,0.6508384531984098,0.6896551724137931,157.99999999999997
236,5100,0.625,0.0625,0.62643055053608,0.13793103448275862,157.99999999999997
237,3080,0.125,0.059375,0.6508384531984098,0.6896551724137931,157.99999999999997
238,4088,0.375,0.0625,0.62643055053608,0.48275862068965514,157.99999999999997
239,3368,0.3625,0.059375,0.6508384531984098,0.6896551724137931,157.99999999999997
240,2363,0.1125,0.0625,0.65293579086857,1.0,157.85714285714283
241,5104,0.625,0.059375,0.6508384531984098,0.0,157.77777777777774
242,5104,0.625,0.059375,0.6508384531984098,0.6896551724137931,156.99999999999997
243,3080,0.125,0.059375,0.6508384531984098,0.0,156.66666666666663
244,2364,0.1125,0.0625,0.62643055053608,0.6896551724137931,155.99999999999997
245,4092,0.375,0.059375,0.6508384531984098,0.3448275862068966,155.99999999999997
246,5104,0.625,0.059375,0.6508384531984098,0.3448275862068966,155.99999999999997
247,2364,0.1125,0.0625,0.62643055053608,0.0,155.55555555555551
248,4380,0.6125,0.059375,0.6508384531984098,0.0,155.55555555555551
249,6112,0.875,0.0625,0.62643055053608,0.6896551724137931,154.99999999999997
250,6116,0.875,0.059375,0.6508384531984098,0.6896551724137931,154.99999999999997
251,5392,0.8625,0.059375,0.6508384531984098,0.3448275862068966,154.99999999999997
252,4380,0.6125,0.059375,0.6508384531984098,0.3448275862068966,154.99999999999997
253,3080,0.125,0.059375,0.6508384531984098,0.3448275862068966,154.99999999999997
254,6112,0.875,0.0625,0.62643055053608,0.0,154.4444444444444
255,3368,0.3625,0.059375,0.6508384531984098,0.0,154.4444444444444
256,3368,0.3625,0.059375,0.6508384531984098,0.3448275862068966,153.99999999999997
257,5400,0.8625,0.0625,0.62643055053608,0.0,153.33333333333331
258,2356,0.1125,0.059375,0.6508384531984098,0.6896551724137931,152.99999999999997
259,2364,0.1125,0.0625,0.62643055053608,0.3448275862068966,152.99999999999997
260,6116,0.875,0.059375,0.6508384531984098,0.3448275862068966,152.99999999999997
261,2908,0.125,0.3125,0.62643055053608,1.0,152.07142857142856
262,5399,0.8625,0.0625,0.65293579086857,1.0,151.28571428571428
263,3076,0.125,0.0625,0.62643055053608,0.6896551724137931,150.99999999999997
264,5568,0.8625,0.3125,0.62643055053608,1.0,150.74285714285713
265,3073,0.125,0.0625,0.65293579086857,1.0,150.28571428571428
266,2356,0.1125,0.059375,0.6508384531984098,0.3448275862068966,149.99999999999997
267,5400,0.8625,0.0625,0.62643055053608,0.6896551724137931,149.99999999999997
268,4088,0.375,0.0625,0.62643055053608,0.13793103448275862,149.99999999999997
269,4088,0.375,0.0625,0.62643055053608,0.6896551724137931,149.99999999999997
270,3376,0.3625,0.0625,0.62643055053608,0.6896551724137931,149.99999999999997
271,2356,0.1125,0.059375,0.6508384531984098,0.0,149.99999999999997
272,4388,0.6125,0.0625,0.62643055053608,0.0,149.99999999999997
273,3376,0.3625,0.0625,0.62643055053608,0.0,149.99999999999997
274,4085,0.375,0.0625,0.65293579086857,1.0,148.99999999999997
275,3375,0.3625,0.0625,0.65293579086857,1.0,148.85714285714283
276,6112,0.875,0.0625,0.62643055053608,0.3448275862068966,147.99999999999997
277,4388,0.6125,0.0625,0.62643055053608,0.3448275862068966,147.99999999999997
278,5100,0.625,0.0625,0.62643055053608,0.6896551724137931,147.99999999999997
279,3376,0.3625,0.0625,0.62643055053608,0.3448275862068966,147.99999999999997
280,5100,0.625,0.0625,0.62643055053608,0.0,147.77777777777774
281,5097,0.625,0.0625,0.65293579086857,1.0,147.28571428571428
282,5400,0.8625,0.0625,0.62643055053608,0.3448275862068966,146.99999999999997
283,5100,0.625,0.0625,0.62643055053608,0.3448275862068966,146.99999999999997
284,5397,0.8625,0.0625,0.7059462715335502,0.27586206896551724,146.66666666666663
285,3076,0.125,0.0625,0.62643055053608,0.0,146.66666666666663
286,3076,0.125,0.0625,0.62643055053608,0.3448275862068966,145.99999999999997
287,4088,0.375,0.0625,0.62643055053608,0.3448275862068966,145.99999999999997
288,6111,0.875,0.0625,0.7059462715335502,0.27586206896551724,145.55555555555551
289,4088,0.375,0.0625,0.62643055053608,0.0,145.55555555555551
290,3373,0.3625,0.0625,0.7059462715335502,0.27586206896551724,145.55555555555551
291,4388,0.6125,0.0625,0.62643055053608,0.6896551724137931,144.99999999999997
292,4385,0.6125,0.0625,0.7059462715335502,0.27586206896551724,144.44444444444443
293,5099,0.625,0.0625,0.7059462715335502,0.27586206896551724,143.33333333333331
294,4087,0.375,0.0625,0.7059462715335502,0.27586206896551724,143.33333333333331
295,4380,0.6125,0.059375,0.6508384531984098,0.8275862068965517,141.66666666666666
296,4092,0.375,0.059375,0.6508384531984098,0.8275862068965517,141.66666666666666
297,5104,0.625,0.059375,0.6508384531984098,0.8275862068965517,141.66666666666666
298,3075,0.125,0.0625,0.7059462715335502,0.27586206896551724,141.1111111111111
299,2361,0.1125,0.0625,0.7059462715335502,0.27586206896551724,139.99999999999997
300,4387,0.6125,0.0625,0.65293579086857,1.0,139.7142857142857
301,2364,0.1125,0.0625,0.62643055053608,0.8275862068965517,138.33333333333331
302,5568,0.8625,0.3125,0.62643055053608,0.27586206896551724,137.77777777777774
303,5944,0.875,0.3125,0.62643055053608,0.27586206896551724,136.66666666666663
304,4556,0.6125,0.3125,0.62643055053608,0.27586206896551724,135.55555555555551
305,2905,0.125,0.3125,0.6508384531984098,1.0,135.2285714285714
306,3920,0.375,0.3125,0.62643055053608,0.27586206896551724,134.44444444444443
307,2908,0.125,0.3125,0.62643055053608,0.27586206896551724,134.44444444444443
308,4932,0.625,0.3125,0.62643055053608,0.27586206896551724,134.44444444444443
309,2356,0.1125,0.059375,0.6508384531984098,0.8275862068965517,133.33333333333331
310,6112,0.875,0.0625,0.62643055053608,0.8275862068965517,133.33333333333331
311,5400,0.8625,0.0625,0.62643055053608,0.8275862068965517,133.33333333333331
312,6116,0.875,0.059375,0.6508384531984098,0.8275862068965517,133.33333333333331
313,5392,0.8625,0.059375,0.6508384531984098,0.8275862068965517,133.33333333333331
314,5100,0.625,0.0625,0.62643055053608,0.8275862068965517,133.33333333333331
315,3076,0.125,0.0625,0.62643055053608,0.8275862068965517,133.33333333333331
316,3080,0.125,0.059375,0.6508384531984098,0.8275862068965517,133.33333333333331
317,4088,0.375,0.0625,0.62643055053608,0.8275862068965517,133.33333333333331
318,3368,0.3625,0.059375,0.6508384531984098,0.8275862068965517,133.33333333333331
319,3376,0.3625,0.0625,0.62643055053608,0.8275862068965517,133.33333333333331
320,5099,0.625,0.0625,0.7059462715335502,0.9655172413793103,132.99999999999997
321,2532,0.1125,0.3125,0.62643055053608,0.27586206896551724,132.2222222222222
322,3544,0.3625,0.3125,0.62643055053608,0.27586206896551724,132.2222222222222
323,3373,0.3625,0.0625,0.7059462715335502,0.9655172413793103,130.99999999999997
324,4385,0.6125,0.0625,0.7059462715335502,0.9655172413793103,129.99999999999997
325,4087,0.375,0.0625,0.7059462715335502,0.9655172413793103,129.99999999999997
326,5568,0.8625,0.3125,0.62643055053608,0.0,129.99999999999997
327,21235,0.6125,0.233828125,0.9795446331767256,1.0,129.99999999999997
328,3075,0.125,0.0625,0.7059462715335502,0.9655172413793103,128.99999999999997
329,5944,0.875,0.3125,0.62643055053608,0.0,128.88888888888886
330,2363,0.1125,0.0625,0.65293579086857,0.27586206896551724,128.88888888888886
331,6109,0.875,0.0625,0.65293579086857,0.27586206896551724,128.88888888888886
332,3917,0.375,0.3125,0.6508384531984098,1.0,128.8142857142857
333,2531,0.1125,0.3125,0.6508384531984098,1.0,128.2
334,2361,0.1125,0.0625,0.7059462715335502,0.9655172413793103,127.99999999999997
335,6111,0.875,0.0625,0.7059462715335502,0.9655172413793103,127.99999999999997
336,4555,0.6125,0.3125,0.6508384531984098,1.0,127.98571428571427
337,4932,0.625,0.3125,0.62643055053608,0.0,127.77777777777776
338,4556,0.6125,0.3125,0.62643055053608,0.0,127.77777777777776
339,5941,0.875,0.3125,0.6508384531984098,1.0,127.04285714285713
340,3920,0.375,0.3125,0.62643055053608,0.0,126.66666666666664
341,23190,0.6125,0.1806125,0.9997470184315143,1.0,126.57142857142856
342,5567,0.8625,0.3125,0.6508384531984098,1.0,126.34285714285713
343,3946,0.375,0.25,0.842561137212384,1.0,126.11642857142856
344,5397,0.8625,0.0625,0.7059462715335502,0.13793103448275862,125.99999999999997
345,5399,0.8625,0.0625,0.65293579086857,0.27586206896551724,125.55555555555553
346,2908,0.125,0.3125,0.62643055053608,0.0,125.55555555555553
347,4388,0.6125,0.0625,0.62643055053608,0.8275862068965517,124.99999999999999
348,6111,0.875,0.0625,0.7059462715335502,0.13793103448275862,124.99999999999997
349,5397,0.8625,0.0625,0.7059462715335502,0.9655172413793103,124.99999999999997
350,4385,0.6125,0.0625,0.7059462715335502,0.6206896551724137,124.99999999999997
351,3373,0.3625,0.0625,0.7059462715335502,0.6206896551724137,124.99999999999997
352,3544,0.3625,0.3125,0.62643055053608,0.0,124.44444444444441
353,4385,0.6125,0.0625,0.7059462715335502,0.48275862068965514,123.99999999999997
354,5099,0.625,0.0625,0.7059462715335502,0.6206896551724137,123.99999999999997
355,4387,0.6125,0.0625,0.65293579086857,0.27586206896551724,123.33333333333331
356,3920,0.375,0.3125,0.62643055053608,0.9655172413793103,122.99999999999997
357,2908,0.125,0.3125,0.62643055053608,0.9655172413793103,122.99999999999997
358,4087,0.375,0.0625,0.7059462715335502,0.6206896551724137,122.99999999999997
359,4932,0.625,0.3125,0.62643055053608,0.9655172413793103,122.99999999999997
360,3373,0.3625,0.0625,0.7059462715335502,0.48275862068965514,122.99999999999997
361,4556,0.6125,0.3125,0.62643055053608,0.9655172413793103,122.99999999999997
362,2532,0.1125,0.3125,0.62643055053608,0.0,122.2222222222222
363,3073,0.125,0.0625,0.65293579086857,0.27586206896551724,122.2222222222222
364,5097,0.625,0.0625,0.65293579086857,0.27586206896551724,122.2222222222222
365,3375,0.3625,0.0625,0.65293579086857,0.27586206896551724,122.2222222222222
366,5397,0.8625,0.0625,0.7059462715335502,0.6206896551724137,121.99999999999997
367,5099,0.625,0.0625,0.7059462715335502,0.48275862068965514,121.99999999999997
368,3075,0.125,0.0625,0.7059462715335502,0.6206896551724137,121.99999999999997
369,6095,0.875,0.09375,0.62643055053608,1.0,121.57142857142856
370,4085,0.375,0.0625,0.65293579086857,0.27586206896551724,121.11111111111109
371,2361,0.1125,0.0625,0.7059462715335502,0.6206896551724137,120.99999999999997
372,2532,0.1125,0.3125,0.62643055053608,0.9655172413793103,120.99999999999997
373,6111,0.875,0.0625,0.7059462715335502,0.6206896551724137,120.99999999999997
374,4087,0.375,0.0625,0.7059462715335502,0.48275862068965514,120.99999999999997
375,3373,0.3625,0.0625,0.7059462715335502,0.13793103448275862,120.99999999999997
376,4929,0.625,0.3125,0.6508384531984098,1.0,120.78571428571426
377,2383,0.1125,0.09375,0.62643055053608,1.0,120.28571428571426
378,5944,0.875,0.3125,0.62643055053608,0.13793103448275862,119.99999999999997
379,5568,0.8625,0.3125,0.62643055053608,0.13793103448275862,119.99999999999997
380,5397,0.8625,0.0625,0.7059462715335502,0.48275862068965514,119.99999999999997
381,3075,0.125,0.0625,0.7059462715335502,0.48275862068965514,119.99999999999997
382,3544,0.3625,0.3125,0.62643055053608,0.9655172413793103,119.99999999999997
383,5419,0.8625,0.09375,0.62643055053608,1.0,119.7142857142857
384,3543,0.3625,0.3125,0.6508384531984098,1.0,119.15714285714284
385,2361,0.1125,0.0625,0.7059462715335502,0.48275862068965514,118.99999999999997
386,6111,0.875,0.0625,0.7059462715335502,0.48275862068965514,118.99999999999997
387,4385,0.6125,0.0625,0.7059462715335502,0.13793103448275862,118.99999999999997
388,5099,0.625,0.0625,0.7059462715335502,0.13793103448275862,118.99999999999997
389,4087,0.375,0.0625,0.7059462715335502,0.13793103448275862,118.99999999999997
390,5944,0.875,0.3125,0.62643055053608,0.9655172413793103,117.99999999999997
391,3920,0.375,0.3125,0.62643055053608,0.48275862068965514,117.99999999999997
392,5568,0.8625,0.3125,0.62643055053608,0.9655172413793103,117.99999999999997
393,5568,0.8625,0.3125,0.62643055053608,0.48275862068965514,117.99999999999997
394,2908,0.125,0.3125,0.62643055053608,0.48275862068965514,117.99999999999997
395,2908,0.125,0.3125,0.62643055053608,0.6896551724137931,117.99999999999997
396,3075,0.125,0.0625,0.7059462715335502,0.13793103448275862,117.99999999999997
397,5099,0.625,0.0625,0.7059462715335502,0.6896551724137931,117.99999999999997
398,4932,0.625,0.3125,0.62643055053608,0.48275862068965514,117.99999999999997
399,4932,0.625,0.3125,0.62643055053608,0.6896551724137931,117.99999999999997
400,4556,0.6125,0.3125,0.62643055053608,0.48275862068965514,117.99999999999997
401,2361,0.1125,0.0625,0.7059462715335502,0.13793103448275862,116.99999999999999
402,2363,0.1125,0.0625,0.65293579086857,0.9655172413793103,116.99999999999999
403,3920,0.375,0.3125,0.62643055053608,0.6896551724137931,116.99999999999999
404,2908,0.125,0.3125,0.62643055053608,0.6206896551724137,116.99999999999999
405,4556,0.6125,0.3125,0.62643055053608,0.6206896551724137,116.99999999999999
406,4556,0.6125,0.3125,0.62643055053608,0.6896551724137931,116.99999999999999
407,5397,0.8625,0.0625,0.7059462715335502,0.0,116.66666666666664
408,5944,0.875,0.3125,0.62643055053608,0.48275862068965514,115.99999999999999
409,3920,0.375,0.3125,0.62643055053608,0.13793103448275862,115.99999999999999
410,3920,0.375,0.3125,0.62643055053608,0.6206896551724137,115.99999999999999
411,5568,0.8625,0.3125,0.62643055053608,0.6206896551724137,115.99999999999999
412,2532,0.1125,0.3125,0.62643055053608,0.48275862068965514,115.99999999999999
413,2532,0.1125,0.3125,0.62643055053608,0.6896551724137931,115.99999999999999
414,6109,0.875,0.0625,0.65293579086857,0.9655172413793103,115.99999999999999
415,3544,0.3625,0.3125,0.62643055053608,0.48275862068965514,115.99999999999999
416,4932,0.625,0.3125,0.62643055053608,0.13793103448275862,115.99999999999999
417,4932,0.625,0.3125,0.62643055053608,0.6206896551724137,115.99999999999999
418,3373,0.3625,0.0625,0.7059462715335502,0.6896551724137931,115.99999999999999
419,4556,0.6125,0.3125,0.62643055053608,0.13793103448275862,115.99999999999999
420,4556,0.6125,0.3125,0.62643055053608,0.3448275862068966,115.99999999999999
421,6111,0.875,0.0625,0.7059462715335502,0.0,115.55555555555553
422,3373,0.3625,0.0625,0.7059462715335502,0.0,115.55555555555553
423,3920,0.375,0.3125,0.62643055053608,0.3448275862068966,114.99999999999999
424,5568,0.8625,0.3125,0.62643055053608,0.3448275862068966,114.99999999999999
425,2532,0.1125,0.3125,0.62643055053608,0.6206896551724137,114.99999999999999
426,4385,0.6125,0.0625,0.7059462715335502,0.6896551724137931,114.99999999999999
427,2908,0.125,0.3125,0.62643055053608,0.3448275862068966,114.99999999999999
428,4087,0.375,0.0625,0.7059462715335502,0.6896551724137931,114.99999999999999
429,3544,0.3625,0.3125,0.62643055053608,0.6206896551724137,114.99999999999999
430,3544,0.3625,0.3125,0.62643055053608,0.6896551724137931,114.99999999999999
431,4932,0.625,0.3125,0.62643055053608,0.3448275862068966,114.99999999999999
432,6104,0.875,0.0625,0.7324515118660402,1.0,114.85714285714285
433,4407,0.6125,0.09375,0.62643055053608,1.0,114.57142857142856
434,4385,0.6125,0.0625,0.7059462715335502,0.0,114.44444444444441
435,5099,0.625,0.0625,0.7059462715335502,0.0,114.44444444444441
436,3395,0.3625,0.09375,0.62643055053608,1.0,114.42857142857142
437,5944,0.875,0.3125,0.62643055053608,0.6206896551724137,113.99999999999999
438,2532,0.1125,0.3125,0.62643055053608,0.3448275862068966,113.99999999999999
439,4385,0.6125,0.0625,0.7059462715335502,0.3448275862068966,113.99999999999999
440,2908,0.125,0.3125,0.62643055053608,0.13793103448275862,113.99999999999999
441,3075,0.125,0.0625,0.7059462715335502,0.6896551724137931,113.99999999999999
442,3544,0.3625,0.3125,0.62643055053608,0.3448275862068966,113.99999999999999
443,3373,0.3625,0.0625,0.7059462715335502,0.3448275862068966,113.99999999999999
444,5083,0.625,0.09375,0.62643055053608,1.0,113.57142857142856
445,5567,0.8625,0.3125,0.6508384531984098,0.27586206896551724,113.33333333333331
446,4087,0.375,0.0625,0.7059462715335502,0.0,113.33333333333331
447,5944,0.875,0.3125,0.62643055053608,0.3448275862068966,112.99999999999999
448,5944,0.875,0.3125,0.62643055053608,0.6896551724137931,112.99999999999999
449,2361,0.1125,0.0625,0.7059462715335502,0.6896551724137931,112.99999999999999
450,5568,0.8625,0.3125,0.62643055053608,0.6896551724137931,112.99999999999999
451,6111,0.875,0.0625,0.7059462715335502,0.6896551724137931,112.99999999999999
452,5099,0.625,0.0625,0.7059462715335502,0.3448275862068966,112.99999999999999
453,3544,0.3625,0.3125,0.62643055053608,0.13793103448275862,112.99999999999999
454,5092,0.625,0.0625,0.7324515118660402,1.0,112.85714285714285
455,2361,0.1125,0.0625,0.7059462715335502,0.0,112.2222222222222
456,3075,0.125,0.0625,0.7059462715335502,0.0,112.2222222222222
457,5399,0.8625,0.0625,0.65293579086857,0.9655172413793103,111.99999999999999
458,5397,0.8625,0.0625,0.7059462715335502,0.3448275862068966,111.99999999999999
459,3073,0.125,0.0625,0.65293579086857,0.9655172413793103,111.99999999999999
460,4087,0.375,0.0625,0.7059462715335502,0.3448275862068966,111.99999999999999
461,4071,0.375,0.09375,0.62643055053608,1.0,111.99999999999999
462,5941,0.875,0.3125,0.6508384531984098,0.27586206896551724,111.11111111111109
463,3917,0.375,0.3125,0.6508384531984098,0.27586206896551724,111.11111111111109
464,4929,0.625,0.3125,0.6508384531984098,0.27586206896551724,111.11111111111109
465,4555,0.6125,0.3125,0.6508384531984098,0.27586206896551724,111.11111111111109
466,2532,0.1125,0.3125,0.62643055053608,0.13793103448275862,110.99999999999999
467,6111,0.875,0.0625,0.7059462715335502,0.3448275862068966,110.99999999999999
468,5397,0.8625,0.0625,0.7059462715335502,0.6896551724137931,110.99999999999999
469,3075,0.125,0.0625,0.7059462715335502,0.3448275862068966,110.99999999999999
470,4085,0.375,0.0625,0.65293579086857,0.9655172413793103,110.99999999999999
471,3375,0.3625,0.0625,0.65293579086857,0.9655172413793103,110.99999999999999
472,3059,0.125,0.09375,0.62643055053608,1.0,110.7142857142857
473,2361,0.1125,0.0625,0.7059462715335502,0.3448275862068966,109.99999999999999
474,6109,0.875,0.0625,0.65293579086857,0.13793103448275862,109.99999999999999
475,2905,0.125,0.3125,0.6508384531984098,0.27586206896551724,109.99999999999997
476,4080,0.375,0.0625,0.7324515118660402,1.0,109.57142857142856
477,21331,0.6487625,0.235340625,0.9782194916275146,1.0,109.28571428571428
478,2363,0.1125,0.0625,0.65293579086857,0.6206896551724137,108.99999999999999
479,5097,0.625,0.0625,0.65293579086857,0.9655172413793103,108.99999999999999
480,3377,0.3625,0.0625,0.7324515118660402,1.0,108.99999999999999
481,3543,0.3625,0.3125,0.6508384531984098,0.27586206896551724,108.88888888888887
482,2363,0.1125,0.0625,0.65293579086857,0.48275862068965514,107.99999999999999
483,2531,0.1125,0.3125,0.6508384531984098,0.27586206896551724,107.77777777777776
484,3068,0.125,0.0625,0.7324515118660402,1.0,107.14285714285712
485,2363,0.1125,0.0625,0.65293579086857,0.13793103448275862,106.99999999999999
486,4387,0.6125,0.0625,0.65293579086857,0.9655172413793103,106.99999999999999
487,2365,0.1125,0.0625,0.7324515118660402,1.0,106.99999999999999
488,6109,0.875,0.0625,0.65293579086857,0.6206896551724137,105.99999999999999
489,5399,0.8625,0.0625,0.65293579086857,0.13793103448275862,105.99999999999999
490,5401,0.8625,0.0625,0.7324515118660402,1.0,105.99999999999999
491,5941,0.875,0.3125,0.6508384531984098,0.0,105.55555555555553
492,5567,0.8625,0.3125,0.6508384531984098,0.0,105.55555555555553
493,5099,0.625,0.0625,0.7059462715335502,0.8275862068965517,104.99999999999999
494,6109,0.875,0.0625,0.65293579086857,0.48275862068965514,104.99999999999999
495,4556,0.6125,0.3125,0.62643055053608,1.0,104.6142857142857
496,3917,0.375,0.3125,0.6508384531984098,0.0,104.44444444444443
497,4929,0.625,0.3125,0.6508384531984098,0.0,104.44444444444443
498,4555,0.6125,0.3125,0.6508384531984098,0.0,104.44444444444443
499,4389,0.6125,0.0625,0.7324515118660402,1.0,104.42857142857142
500,5399,0.8625,0.0625,0.65293579086857,0.6206896551724137,103.99999999999999
501,4387,0.6125,0.0625,0.65293579086857,0.13793103448275862,103.99999999999999
502,4387,0.6125,0.0625,0.65293579086857,0.6206896551724137,103.99999999999999
503,3073,0.125,0.0625,0.65293579086857,0.6206896551724137,103.99999999999999
504,5097,0.625,0.0625,0.65293579086857,0.13793103448275862,103.99999999999999
505,5097,0.625,0.0625,0.65293579086857,0.6206896551724137,103.99999999999999
506,4085,0.375,0.0625,0.65293579086857,0.6206896551724137,103.99999999999999
507,3375,0.3625,0.0625,0.65293579086857,0.6206896551724137,103.99999999999999
508,5357,0.8625,0.197040625,0.9989157932779182,0.27586206896551724,103.55555555555553
509,23829,0.6125,0.2024875,0.9975906517287073,0.9655172413793103,103.39999999999998
510,3543,0.3625,0.3125,0.6508384531984098,0.0,103.33333333333331
511,5399,0.8625,0.0625,0.65293579086857,0.48275862068965514,102.99999999999999
512,4387,0.6125,0.0625,0.65293579086857,0.48275862068965514,102.99999999999999
513,3073,0.125,0.0625,0.65293579086857,0.48275862068965514,102.99999999999999
514,3375,0.3625,0.0625,0.65293579086857,0.13793103448275862,102.99999999999999
515,3375,0.3625,0.0625,0.65293579086857,0.48275862068965514,102.99999999999999
516,21235,0.6125,0.233828125,0.9795446331767256,0.48275862068965514,102.39999999999998
517,2363,0.1125,0.0625,0.65293579086857,0.0,102.2222222222222
518,2905,0.125,0.3125,0.6508384531984098,0.0,102.2222222222222
519,2363,0.1125,0.0625,0.65293579086857,0.6896551724137931,101.99999999999999
520,6109,0.875,0.0625,0.65293579086857,0.6896551724137931,101.99999999999999
521,3073,0.125,0.0625,0.65293579086857,0.13793103448275862,101.99999999999999
522,5097,0.625,0.0625,0.65293579086857,0.48275862068965514,101.99999999999999
523,4085,0.375,0.0625,0.65293579086857,0.48275862068965514,101.99999999999999
524,4929,0.625,0.3125,0.6508384531984098,0.9655172413793103,101.99999999999999
525,5749,0.8625,0.17785625,0.9873750150584266,1.0,101.7142857142857
526,6090,0.875,0.09375,0.655524635586074,1.0,101.7142857142857
527,3373,0.3625,0.0625,0.7059462715335502,0.8275862068965517,101.66666666666666
528,6109,0.875,0.0625,0.65293579086857,0.0,101.11111111111109
529,3917,0.375,0.3125,0.6508384531984098,0.9655172413793103,100.99999999999999
530,2905,0.125,0.3125,0.6508384531984098,0.9655172413793103,100.99999999999999
531,4555,0.6125,0.3125,0.6508384531984098,0.9655172413793103,100.99999999999999
532,4385,0.6125,0.0625,0.7059462715335502,0.8275862068965517,100.83333333333331
533,4087,0.375,0.0625,0.7059462715335502,0.8275862068965517,100.83333333333331
534,6017,0.875,0.20159374999999996,0.8773762197325623,1.0,100.75714285714284
535,2382,0.1125,0.09375,0.655524635586074,1.0,100.71428571428571
536,23830,0.6125,0.20561249999999998,0.9965787254547644,1.0,100.71428571428571
537,4348,0.6125,0.17483437500000001,0.9989157932779182,1.0,100.48571428571427
538,22608,0.625,0.20878125,0.9953860980604745,1.0,100.42857142857142
539,5418,0.8625,0.09375,0.655524635586074,1.0,100.14285714285712
540,3075,0.125,0.0625,0.7059462715335502,0.8275862068965517,99.99999999999999
541,2363,0.1125,0.0625,0.65293579086857,0.3448275862068966,99.99999999999999
542,2531,0.1125,0.3125,0.6508384531984098,0.9655172413793103,99.99999999999999
543,4085,0.375,0.0625,0.65293579086857,0.13793103448275862,99.99999999999999
544,2531,0.1125,0.3125,0.6508384531984098,0.0,99.99999999999999
545,5399,0.8625,0.0625,0.65293579086857,0.0,99.99999999999999
546,4481,0.6125,0.20159374999999996,0.8773762197325623,1.0,99.98571428571427
547,174,0.4375,0.8125,0.62643055053608,0.3448275862068966,99.86039999999998
548,21235,0.6125,0.233828125,0.9795446331767256,0.6206896551724137,99.79999999999998
549,5352,0.8625,0.2336875,0.9796651005902903,0.27586206896551724,99.44444444444443
550,5411,0.8625,0.090625,0.7671364895795687,1.0,99.28571428571428
551,2361,0.1125,0.0625,0.7059462715335502,0.8275862068965517,99.16666666666666
552,6097,0.875,0.090625,0.7671364895795687,1.0,99.14285714285712
553,6144,0.875,0.2336875,0.9796651005902903,0.48275862068965514,99.03999999999998
554,5567,0.8625,0.3125,0.6508384531984098,0.13793103448275862,98.99999999999999
555,3543,0.3625,0.3125,0.6508384531984098,0.9655172413793103,98.99999999999999
556,5352,0.8625,0.2336875,0.9796651005902903,1.0,98.75714285714284
557,6111,0.875,0.0625,0.7059462715335502,0.8275862068965517,98.33333333333331
558,2908,0.125,0.3125,0.62643055053608,0.8275862068965517,98.33333333333331
559,4932,0.625,0.3125,0.62643055053608,0.8275862068965517,98.33333333333331
560,5941,0.875,0.3125,0.6508384531984098,0.13793103448275862,97.99999999999999
561,5399,0.8625,0.0625,0.65293579086857,0.6896551724137931,97.99999999999999
562,3073,0.125,0.0625,0.65293579086857,0.6896551724137931,97.99999999999999
563,3375,0.3625,0.0625,0.65293579086857,0.6896551724137931,97.99999999999999
564,2383,0.1125,0.09375,0.62643055053608,0.27586206896551724,97.77777777777776
565,4387,0.6125,0.0625,0.65293579086857,0.0,97.77777777777776
566,3375,0.3625,0.0625,0.65293579086857,0.0,97.77777777777776
567,3920,0.375,0.3125,0.62643055053608,0.8275862068965517,97.49999999999999
568,2532,0.1125,0.3125,0.62643055053608,0.8275862068965517,97.49999999999999
569,4556,0.6125,0.3125,0.62643055053608,0.8275862068965517,97.49999999999999
570,4736,0.6125,0.171346875,0.9860498735092157,1.0,97.37142857142855
571,4546,0.6125,0.300271875,0.7551740754126008,1.0,97.34285714285713
572,23901,0.8625,0.2024875,0.9975906517287073,0.27586206896551724,97.2222222222222
573,2905,0.125,0.3125,0.6508384531984098,0.48275862068965514,96.99999999999999
574,2905,0.125,0.3125,0.6508384531984098,0.6896551724137931,96.99999999999999
575,4085,0.375,0.0625,0.65293579086857,0.6896551724137931,96.99999999999999
576,4929,0.625,0.3125,0.6508384531984098,0.6896551724137931,96.99999999999999
577,5218,0.625,0.215625,0.958089386820865,0.27586206896551724,96.77777777777776
578,3544,0.3625,0.3125,0.62643055053608,0.8275862068965517,96.66666666666666
579,6095,0.875,0.09375,0.62643055053608,0.27586206896551724,96.66666666666664
580,5351,0.8625,0.2408875,0.9729671123960967,0.48275862068965514,96.59999999999998
581,21235,0.6125,0.233828125,0.9795446331767256,0.3448275862068966,96.59999999999998
582,5941,0.875,0.3125,0.6508384531984098,0.9655172413793103,95.99999999999999
583,3917,0.375,0.3125,0.6508384531984098,0.48275862068965514,95.99999999999999
584,3917,0.375,0.3125,0.6508384531984098,0.6896551724137931,95.99999999999999
585,5567,0.8625,0.3125,0.6508384531984098,0.9655172413793103,95.99999999999999
586,2531,0.1125,0.3125,0.6508384531984098,0.6896551724137931,95.99999999999999
587,6109,0.875,0.0625,0.65293579086857,0.3448275862068966,95.99999999999999
588,4929,0.625,0.3125,0.6508384531984098,0.48275862068965514,95.99999999999999
589,4929,0.625,0.3125,0.6508384531984098,0.13793103448275862,95.99999999999999
590,4555,0.6125,0.3125,0.6508384531984098,0.48275862068965514,95.99999999999999
591,4555,0.6125,0.3125,0.6508384531984098,0.6206896551724137,95.99999999999999
592,4555,0.6125,0.3125,0.6508384531984098,0.6896551724137931,95.99999999999999
593,5394,0.8625,0.059375,0.6996542585230695,1.0,95.92857142857142
594,23190,0.6125,0.1806125,0.9997470184315143,0.9655172413793103,95.89999999999998
595,22519,0.5888,0.213503125,0.9811348030357788,1.0,95.85714285714285
596,3534,0.3625,0.300271875,0.7551740754126008,1.0,95.6
597,3073,0.125,0.0625,0.65293579086857,0.0,95.55555555555554
598,5097,0.625,0.0625,0.65293579086857,0.0,95.55555555555554
599,4406,0.6125,0.09375,0.655524635586074,1.0,95.42857142857142
600,6144,0.875,0.2336875,0.9796651005902903,0.27586206896551724,95.33333333333331
601,3917,0.375,0.3125,0.6508384531984098,0.13793103448275862,94.99999999999999
602,5567,0.8625,0.3125,0.6508384531984098,0.48275862068965514,94.99999999999999
603,2531,0.1125,0.3125,0.6508384531984098,0.48275862068965514,94.99999999999999
604,5399,0.8625,0.0625,0.65293579086857,0.3448275862068966,94.99999999999999
605,6144,0.875,0.2336875,0.9796651005902903,0.9655172413793103,94.99999999999999
606,2905,0.125,0.3125,0.6508384531984098,0.3448275862068966,94.99999999999999
607,2905,0.125,0.3125,0.6508384531984098,0.6206896551724137,94.99999999999999
608,5097,0.625,0.0625,0.65293579086857,0.6896551724137931,94.99999999999999
609,3543,0.3625,0.3125,0.6508384531984098,0.48275862068965514,94.99999999999999
610,4929,0.625,0.3125,0.6508384531984098,0.6206896551724137,94.99999999999999
611,3543,0.3625,0.3125,0.6508384531984098,0.6896551724137931,94.99999999999999
612,4555,0.6125,0.3125,0.6508384531984098,0.13793103448275862,94.99999999999999
613,3078,0.125,0.059375,0.6996542585230695,1.0,94.94285714285714
614,3930,0.375,0.300271875,0.7551740754126008,1.0,94.85714285714285
615,23144,0.58285,0.18179375,0.9877966510059029,1.0,94.85714285714285
616,3394,0.3625,0.09375,0.655524635586074,1.0,94.71428571428571
617,2375,0.1125,0.090625,0.7671364895795687,1.0,94.57142857142856
618,5419,0.8625,0.09375,0.62643055053608,0.27586206896551724,94.44444444444443
619,4085,0.375,0.0625,0.65293579086857,0.0,94.44444444444443
620,2358,0.1125,0.059375,0.6996542585230695,1.0,94.42857142857142
621,5078,0.625,0.09375,0.655524635586074,1.0,94.28571428571428
622,5397,0.8625,0.0625,0.7059462715335502,0.8275862068965517,94.16666666666666
623,3061,0.125,0.090625,0.7671364895795687,1.0,94.14285714285712
624,5132,0.625,0.2336875,0.9796651005902903,0.27586206896551724,94.11111111111109
625,5941,0.875,0.3125,0.6508384531984098,0.48275862068965514,93.99999999999999
626,3917,0.375,0.3125,0.6508384531984098,0.3448275862068966,93.99999999999999
627,3917,0.375,0.3125,0.6508384531984098,0.6206896551724137,93.99999999999999
628,5567,0.8625,0.3125,0.6508384531984098,0.6206896551724137,93.99999999999999
629,2531,0.1125,0.3125,0.6508384531984098,0.6206896551724137,93.99999999999999
630,5357,0.8625,0.197040625,0.9989157932779182,0.13793103448275862,93.99999999999999
631,4387,0.6125,0.0625,0.65293579086857,0.3448275862068966,93.99999999999999
632,2905,0.125,0.3125,0.6508384531984098,0.13793103448275862,93.99999999999999
633,3073,0.125,0.0625,0.65293579086857,0.3448275862068966,93.99999999999999
634,3543,0.3625,0.3125,0.6508384531984098,0.13793103448275862,93.99999999999999
635,3543,0.3625,0.3125,0.6508384531984098,0.6206896551724137,93.99999999999999
636,4929,0.625,0.3125,0.6508384531984098,0.3448275862068966,93.99999999999999
637,3375,0.3625,0.0625,0.65293579086857,0.3448275862068966,93.99999999999999
638,4555,0.6125,0.3125,0.6508384531984098,0.3448275862068966,93.99999999999999
639,4942,0.625,0.300271875,0.7551740754126008,1.0,93.95714285714284
640,5351,0.8625,0.2408875,0.9729671123960967,0.6206896551724137,93.94999999999999
641,6015,0.875,0.194553125,0.8788820624021202,1.0,93.5142857142857
642,6148,0.875,0.20443125,0.9969883146608842,1.0,93.5142857142857
643,4407,0.6125,0.09375,0.62643055053608,0.27586206896551724,93.33333333333331
644,5083,0.625,0.09375,0.62643055053608,0.27586206896551724,93.33333333333331
645,23829,0.6125,0.2024875,0.9975906517287073,0.6896551724137931,93.29999999999998
646,4480,0.6125,0.194553125,0.8788820624021202,1.0,93.15714285714284
647,6144,0.875,0.2336875,0.9796651005902903,0.6206896551724137,93.13999999999999
648,4737,0.6125,0.17785625,0.9873750150584266,1.0,93.1142857142857
649,5941,0.875,0.3125,0.6508384531984098,0.6206896551724137,92.99999999999999
650,5567,0.8625,0.3125,0.6508384531984098,0.3448275862068966,92.99999999999999
651,2531,0.1125,0.3125,0.6508384531984098,0.3448275862068966,92.99999999999999
652,5097,0.625,0.0625,0.65293579086857,0.3448275862068966,92.99999999999999
653,4085,0.375,0.0625,0.65293579086857,0.3448275862068966,92.99999999999999
654,3543,0.3625,0.3125,0.6508384531984098,0.3448275862068966,92.99999999999999
655,4399,0.6125,0.090625,0.7671364895795687,1.0,92.99999999999999
656,4066,0.375,0.09375,0.655524635586074,1.0,92.71428571428571
657,2363,0.1125,0.0625,0.65293579086857,0.8275862068965517,92.49999999999999
658,2517,0.1125,0.28125,0.62643055053608,1.0,92.48571428571428
659,3054,0.125,0.09375,0.655524635586074,1.0,92.42857142857142
660,6148,0.875,0.20443125,0.9969883146608842,0.27586206896551724,92.33333333333331
661,23190,0.6125,0.1806125,0.9997470184315143,0.48275862068965514,92.29999999999998
662,3395,0.3625,0.09375,0.62643055053608,0.27586206896551724,92.2222222222222
663,5941,0.875,0.3125,0.6508384531984098,0.6896551724137931,91.99999999999999
664,5941,0.875,0.3125,0.6508384531984098,0.3448275862068966,91.99999999999999
665,5567,0.8625,0.3125,0.6508384531984098,0.6896551724137931,91.99999999999999
666,2531,0.1125,0.3125,0.6508384531984098,0.13793103448275862,91.99999999999999
667,4387,0.6125,0.0625,0.65293579086857,0.6896551724137931,91.99999999999999
668,4073,0.375,0.090625,0.7671364895795687,1.0,91.85714285714285
669,5954,0.875,0.300271875,0.7551740754126008,1.0,91.78571428571428
670,5558,0.8625,0.300271875,0.7551740754126008,1.0,91.75714285714284
671,23190,0.6125,0.1806125,0.9997470184315143,0.6206896551724137,91.59999999999998
672,5961,0.875,0.28125,0.62643055053608,1.0,91.58571428571427
673,2925,0.125,0.28125,0.62643055053608,1.0,91.52857142857141
674,2918,0.125,0.300271875,0.7551740754126008,1.0,91.3142857142857
675,5085,0.625,0.090625,0.7671364895795687,1.0,91.14285714285712
676,3544,0.3625,0.3125,0.62643055053608,1.0,91.1142857142857
677,4071,0.375,0.09375,0.62643055053608,0.27586206896551724,91.11111111111109
678,22634,0.6547,0.22554687499999998,0.9860619202505723,1.0,90.99999999999999
679,3387,0.3625,0.090625,0.7671364895795687,1.0,90.85714285714285
680,5944,0.875,0.3125,0.62643055053608,0.8275862068965517,90.83333333333331
681,5568,0.8625,0.3125,0.62643055053608,0.8275862068965517,90.83333333333331
682,5357,0.8625,0.197040625,0.9989157932779182,0.0,90.66666666666664
683,2522,0.1125,0.300271875,0.7551740754126008,1.0,90.6
684,21288,0.625,0.23378125,0.9672328635104203,1.0,90.57142857142856
685,5363,0.8625,0.15274062500000002,0.9902300927599084,1.0,90.54285714285713
686,23930,0.6546875,0.188853125,0.9999277195518612,1.0,90.42857142857142
687,4879,0.625,0.246875,0.9248042404529574,1.0,90.08571428571427
688,3059,0.125,0.09375,0.62643055053608,0.27586206896551724,89.99999999999999
689,6114,0.875,0.059375,0.6996542585230695,1.0,89.99999999999999
690,4090,0.375,0.059375,0.6996542585230695,1.0,89.9142857142857
691,4340,0.6125,0.2336875,0.9796651005902903,0.9655172413793103,89.89999999999998
692,5352,0.8625,0.2336875,0.9796651005902903,0.0,89.44444444444443
693,23190,0.6125,0.1806125,0.9997470184315143,0.3448275862068966,89.19999999999999
694,6109,0.875,0.0625,0.65293579086857,0.8275862068965517,89.16666666666666
695,5218,0.625,0.215625,0.958089386820865,1.0,89.0142857142857
696,6104,0.875,0.0625,0.7324515118660402,0.27586206896551724,88.88888888888887
697,5401,0.8625,0.0625,0.7324515118660402,0.27586206896551724,88.88888888888887
698,6144,0.875,0.2336875,0.9796651005902903,0.6896551724137931,88.69999999999999
699,22512,0.375,0.21190625000000002,0.9819057944825923,1.0,88.57142857142856
700,5946,0.875,0.309375,0.7059462715335502,1.0,88.52857142857141
701,3073,0.125,0.0625,0.65293579086857,0.8275862068965517,88.33333333333331
702,5618,0.8625,0.246875,0.9248042404529574,1.0,88.1142857142857
703,23190,0.6125,0.1806125,0.9997470184315143,0.6896551724137931,88.09999999999998
704,5553,0.8625,0.28125,0.62643055053608,1.0,87.89999999999999
705,4080,0.375,0.0625,0.7324515118660402,0.27586206896551724,87.77777777777776
706,4389,0.6125,0.0625,0.7324515118660402,0.27586206896551724,87.77777777777776
707,5092,0.625,0.0625,0.7324515118660402,0.27586206896551724,87.77777777777776
708,3377,0.3625,0.0625,0.7324515118660402,0.27586206896551724,87.77777777777776
709,6144,0.875,0.2336875,0.9796651005902903,0.3448275862068966,87.74999999999999
710,3060,0.125,0.090625,0.62643055053608,1.0,87.71428571428571
711,5351,0.8625,0.2408875,0.9729671123960967,0.3448275862068966,87.69999999999999
712,4085,0.375,0.0625,0.65293579086857,0.8275862068965517,87.49999999999999
713,3375,0.3625,0.0625,0.65293579086857,0.8275862068965517,87.49999999999999
714,23829,0.6125,0.2024875,0.9975906517287073,0.48275862068965514,87.49999999999999
715,3469,0.3625,0.20159374999999996,0.8773762197325623,1.0,87.32857142857142
716,5413,0.8625,0.090625,0.62643055053608,1.0,87.14285714285712
717,2383,0.1125,0.09375,0.62643055053608,0.9655172413793103,86.99999999999999
718,6095,0.875,0.09375,0.62643055053608,0.9655172413793103,86.99999999999999
719,5419,0.8625,0.09375,0.62643055053608,0.9655172413793103,86.99999999999999
720,5352,0.8625,0.2336875,0.9796651005902903,0.9655172413793103,86.89999999999998
721,5399,0.8625,0.0625,0.65293579086857,0.8275862068965517,86.66666666666666
722,2365,0.1125,0.0625,0.7324515118660402,0.27586206896551724,86.66666666666664
723,5562,0.8625,0.309375,0.7059462715335502,0.27586206896551724,86.66666666666664
724,4934,0.625,0.309375,0.7059462715335502,0.27586206896551724,86.66666666666664
725,3538,0.3625,0.309375,0.7059462715335502,0.27586206896551724,86.66666666666664
726,4550,0.6125,0.309375,0.7059462715335502,0.27586206896551724,86.66666666666664
727,4545,0.6125,0.295615625,0.7658836284784966,1.0,86.64285714285712
728,22608,0.625,0.20878125,0.9953860980604745,0.9655172413793103,86.59999999999998
729,3370,0.3625,0.059375,0.6996542585230695,1.0,86.29999999999998
730,6144,0.875,0.2336875,0.9796651005902903,0.0,86.2222222222222
731,4072,0.375,0.090625,0.62643055053608,1.0,86.14285714285712
732,5352,0.8625,0.2336875,0.9796651005902903,0.13793103448275862,85.99999999999999
733,5103,0.625,0.059375,0.6752463558607397,1.0,85.85714285714285
734,5132,0.625,0.2336875,0.9796651005902903,0.9655172413793103,85.79999999999998
735,23803,0.588825,0.20093437500000003,0.9859414528370076,1.0,85.71428571428571
736,4381,0.6125,0.059375,0.6752463558607397,1.0,85.71428571428571
737,4340,0.6125,0.2336875,0.9796651005902903,0.27586206896551724,85.66666666666664
738,5493,0.8625,0.20159374999999996,0.8773762197325623,1.0,85.58571428571427
739,2526,0.1125,0.309375,0.7059462715335502,0.27586206896551724,85.55555555555554
740,2910,0.125,0.309375,0.7059462715335502,0.27586206896551724,85.55555555555554
741,3068,0.125,0.0625,0.7324515118660402,0.27586206896551724,85.55555555555554
742,4382,0.6125,0.059375,0.6996542585230695,1.0,85.24285714285713
743,6096,0.875,0.090625,0.62643055053608,1.0,85.21428571428571
744,5097,0.625,0.0625,0.65293579086857,0.8275862068965517,84.99999999999999
745,5218,0.625,0.215625,0.958089386820865,0.0,84.88888888888887
746,5132,0.625,0.2336875,0.9796651005902903,0.0,84.88888888888887
747,5828,0.875,0.0625,0.7682568365257197,1.0,84.85714285714285
748,5218,0.625,0.215625,0.958089386820865,0.13793103448275862,84.79999999999998
749,3533,0.3625,0.295615625,0.7658836284784966,1.0,84.79999999999998
750,5946,0.875,0.309375,0.7059462715335502,0.27586206896551724,84.44444444444443
751,3922,0.375,0.309375,0.7059462715335502,0.27586206896551724,84.44444444444443
752,23806,0.5888125,0.191625,0.9876641368509818,1.0,84.42857142857142
753,5269,0.8625,0.1875,0.9575954704252498,1.0,84.29999999999998
754,21319,0.832775,0.23260625,0.9805926996747379,1.0,84.28571428571428
755,4540,0.6125,0.28125,0.6545717383447777,1.0,84.28571428571428
756,6018,0.875,0.208621875,0.8749909649439825,1.0,84.21428571428571
757,4482,0.6125,0.208621875,0.8749909649439825,1.0,84.18571428571427
758,4340,0.6125,0.2336875,0.9796651005902903,0.6896551724137931,83.99999999999999
759,6144,0.875,0.2336875,0.9796651005902903,0.13793103448275862,83.99999999999999
760,4407,0.6125,0.09375,0.62643055053608,0.9655172413793103,83.99999999999999
761,3395,0.3625,0.09375,0.62643055053608,0.9655172413793103,83.99999999999999
762,22516,0.5888375,0.2228125,0.9757137694253704,1.0,83.99999999999999
763,5084,0.625,0.090625,0.62643055053608,1.0,83.99999999999999
764,3389,0.3625,0.090625,0.62643055053608,1.0,83.85714285714285
765,3929,0.375,0.295615625,0.7658836284784966,1.0,83.74285714285713
766,23804,0.6125,0.2024875,0.9855077701481749,1.0,83.69999999999999
767,2383,0.1125,0.09375,0.62643055053608,0.6206896551724137,83.49999999999999
768,21308,0.8625,0.23065625,0.9821949162751474,0.27586206896551724,83.44444444444443
769,22613,0.6547,0.210728125,0.9945669196482351,1.0,83.42857142857142
770,23901,0.8625,0.2024875,0.9975906517287073,0.0,83.33333333333331
771,21294,0.8625,0.233828125,0.9671967232863511,1.0,83.14285714285714
772,21226,0.6125,0.23065625,0.9698831466088423,1.0,83.14285714285714
773,23909,0.654725,0.20366875,0.9972292494880134,1.0,83.14285714285714
774,4401,0.6125,0.090625,0.62643055053608,1.0,82.99999999999999
775,5953,0.875,0.295615625,0.7658836284784966,1.0,82.89999999999999
776,5880,0.875,0.24041562500000002,0.930333694735574,1.0,82.87142857142857
777,22533,0.6125,0.22748749999999998,0.984652451511866,1.0,82.85714285714285
778,3369,0.3625,0.059375,0.6752463558607397,1.0,82.71428571428571
779,6095,0.875,0.09375,0.62643055053608,0.6206896551724137,82.69999999999999
780,3468,0.3625,0.194553125,0.8788820624021202,1.0,82.68571428571427
781,4941,0.625,0.295615625,0.7658836284784966,1.0,82.65714285714284
782,5557,0.8625,0.295615625,0.7658836284784966,1.0,82.6
783,4387,0.6125,0.0625,0.65293579086857,0.8275862068965517,82.49999999999999
784,22523,0.5828,0.210728125,0.9824478978436332,1.0,82.28571428571428
785,5562,0.8625,0.309375,0.7059462715335502,0.0,82.2222222222222
786,5363,0.8625,0.15274062500000002,0.9902300927599084,0.27586206896551724,82.2222222222222
787,4550,0.6125,0.309375,0.7059462715335502,1.0,82.17142857142856
788,22531,0.6125,0.21195312500000002,0.9940127695458378,0.9655172413793103,82.09999999999998
789,3920,0.375,0.3125,0.62643055053608,1.0,82.08571428571427
790,2383,0.1125,0.09375,0.62643055053608,0.48275862068965514,81.99999999999999
791,6095,0.875,0.09375,0.62643055053608,0.13793103448275862,81.99999999999999
792,5083,0.625,0.09375,0.62643055053608,0.9655172413793103,81.99999999999999
793,4071,0.375,0.09375,0.62643055053608,0.9655172413793103,81.99999999999999
794,5564,0.8625,0.309375,0.62643055053608,1.0,81.99999999999999
795,5393,0.8625,0.059375,0.6752463558607397,1.0,81.85714285714285
796,4547,0.6125,0.30485937500000004,0.7440320443320082,1.0,81.77142857142856
797,4929,0.625,0.3125,0.6508384531984098,0.8275862068965517,81.66666666666666
798,4555,0.6125,0.3125,0.6508384531984098,0.8275862068965517,81.66666666666666
799,15228,0.8625,0.036951875,0.7741838332730996,1.0,81.42857142857142
800,4091,0.375,0.059375,0.6752463558607397,1.0,81.42857142857142
801,23756,0.3625,0.2024875,0.9975906517287073,0.9655172413793103,81.19999999999999
802,3932,0.375,0.28125,0.6545717383447777,1.0,81.18571428571427
803,6115,0.875,0.059375,0.6752463558607397,1.0,81.14285714285714
804,6017,0.875,0.20159374999999996,0.8773762197325623,0.27586206896551724,81.1111111111111
805,2382,0.1125,0.09375,0.655524635586074,0.27586206896551724,81.1111111111111
806,6090,0.875,0.09375,0.655524635586074,0.27586206896551724,81.1111111111111
807,4481,0.6125,0.20159374999999996,0.8773762197325623,0.27586206896551724,81.1111111111111
808,4934,0.625,0.309375,0.7059462715335502,0.0,81.1111111111111
809,3538,0.3625,0.309375,0.7059462715335502,0.0,81.1111111111111
810,4550,0.6125,0.309375,0.7059462715335502,0.0,81.1111111111111
811,5419,0.8625,0.09375,0.62643055053608,0.6206896551724137,81.09999999999998
812,3535,0.3625,0.30485937500000004,0.7440320443320082,1.0,81.04285714285713
813,2383,0.1125,0.09375,0.62643055053608,0.13793103448275862,80.99999999999999
814,6095,0.875,0.09375,0.62643055053608,0.48275862068965514,80.99999999999999
815,6104,0.875,0.0625,0.7324515118660402,0.9655172413793103,80.99999999999999
816,3059,0.125,0.09375,0.62643055053608,0.9655172413793103,80.99999999999999
817,5092,0.625,0.0625,0.7324515118660402,0.9655172413793103,80.99999999999999
818,6148,0.875,0.20443125,0.9969883146608842,0.0,80.88888888888887
819,3917,0.375,0.3125,0.6508384531984098,0.8275862068965517,80.83333333333331
820,2531,0.1125,0.3125,0.6508384531984098,0.8275862068965517,80.83333333333331
821,2905,0.125,0.3125,0.6508384531984098,0.8275862068965517,80.83333333333331
822,5102,0.625,0.059375,0.6996542585230695,1.0,80.8142857142857
823,3931,0.375,0.30485937500000004,0.7440320443320082,1.0,80.75714285714285
824,2516,0.1125,0.28125,0.6545717383447777,1.0,80.64285714285714
825,5352,0.8625,0.2336875,0.9796651005902903,0.6896551724137931,80.59999999999998
826,2917,0.125,0.295615625,0.7658836284784966,1.0,80.4142857142857
827,4943,0.625,0.30485937500000004,0.7440320443320082,1.0,80.32857142857142
828,21227,0.582775,0.23260625,0.9682568365257197,1.0,80.14285714285714
829,4339,0.6125,0.2408875,0.9729671123960967,1.0,80.1142857142857
830,2521,0.1125,0.295615625,0.7658836284784966,1.0,80.05714285714285
831,23190,0.6125,0.1806125,0.9997470184315143,0.8275862068965517,79.99999999999999
832,23829,0.6125,0.2024875,0.9975906517287073,0.8275862068965517,79.99999999999999
833,3543,0.3625,0.3125,0.6508384531984098,0.8275862068965517,79.99999999999999
834,5419,0.8625,0.09375,0.62643055053608,0.48275862068965514,79.99999999999999
835,23901,0.8625,0.2024875,0.9975906517287073,0.13793103448275862,79.99999999999999
836,4550,0.6125,0.309375,0.7059462715335502,0.9655172413793103,79.99999999999999
837,3377,0.3625,0.0625,0.7324515118660402,0.9655172413793103,79.99999999999999
838,5954,0.875,0.300271875,0.7551740754126008,0.27586206896551724,79.99999999999999
839,5946,0.875,0.309375,0.7059462715335502,0.0,79.99999999999999
840,2358,0.1125,0.059375,0.6996542585230695,0.27586206896551724,79.99999999999999
841,3922,0.375,0.309375,0.7059462715335502,0.0,79.99999999999999
842,5558,0.8625,0.300271875,0.7551740754126008,0.27586206896551724,79.99999999999999
843,4541,0.6125,0.28125,0.62643055053608,0.27586206896551724,79.99999999999999
844,4407,0.6125,0.09375,0.62643055053608,0.6206896551724137,79.89999999999999
845,2528,0.1125,0.309375,0.62643055053608,1.0,79.57142857142856
846,22626,0.672475,0.215021875,0.9925189736176363,1.0,79.57142857142856
847,4125,0.375,0.197040625,0.9989157932779182,0.9655172413793103,79.49999999999999
848,3395,0.3625,0.09375,0.62643055053608,0.6206896551724137,79.49999999999999
849,2920,0.125,0.28125,0.6545717383447777,1.0,79.47142857142856
850,3079,0.125,0.059375,0.6752463558607397,1.0,79.42857142857142
851,3540,0.3625,0.309375,0.62643055053608,1.0,79.42857142857142
852,5956,0.875,0.28125,0.6545717383447777,1.0,79.41428571428571
853,5891,0.875,0.246875,0.9248042404529574,1.0,79.35714285714285
854,2457,0.1125,0.20159374999999996,0.8773762197325623,1.0,79.32857142857142
855,5132,0.625,0.2336875,0.9796651005902903,0.6896551724137931,79.29999999999998
856,5945,0.875,0.309375,0.62643055053608,1.0,79.19999999999999
857,5289,0.8625,0.2384375,0.9629442235875195,0.48275862068965514,79.15999999999998
858,4080,0.375,0.0625,0.7324515118660402,0.9655172413793103,78.99999999999999
859,5749,0.8625,0.17785625,0.9873750150584266,0.9655172413793103,78.99999999999999
860,2526,0.1125,0.309375,0.7059462715335502,0.9655172413793103,78.99999999999999
861,5132,0.625,0.2336875,0.9796651005902903,0.13793103448275862,78.99999999999999
862,4407,0.6125,0.09375,0.62643055053608,0.48275862068965514,78.99999999999999
863,5083,0.625,0.09375,0.62643055053608,0.6206896551724137,78.99999999999999
864,4934,0.625,0.309375,0.7059462715335502,0.9655172413793103,78.99999999999999
865,3538,0.3625,0.309375,0.7059462715335502,0.9655172413793103,78.99999999999999
866,5492,0.8625,0.194553125,0.8788820624021202,1.0,78.95714285714284
867,5351,0.8625,0.2408875,0.9729671123960967,0.9655172413793103,78.89999999999999
868,2526,0.1125,0.309375,0.7059462715335502,0.0,78.88888888888887
869,6114,0.875,0.059375,0.6996542585230695,0.27586206896551724,78.88888888888887
870,2910,0.125,0.309375,0.7059462715335502,0.0,78.88888888888887
871,4546,0.6125,0.300271875,0.7551740754126008,0.27586206896551724,78.88888888888887
872,22608,0.625,0.20878125,0.9953860980604745,0.6896551724137931,78.69999999999999
873,2377,0.1125,0.090625,0.62643055053608,1.0,78.5142857142857
874,22627,0.6487499999999999,0.21346249999999997,0.9933020118058066,1.0,78.42857142857142
875,6148,0.875,0.20443125,0.9969883146608842,0.9655172413793103,78.39999999999999
876,5419,0.8625,0.09375,0.62643055053608,0.13793103448275862,77.99999999999999
877,6148,0.875,0.20443125,0.9969883146608842,0.13793103448275862,77.99999999999999
878,2910,0.125,0.309375,0.7059462715335502,0.9655172413793103,77.99999999999999
879,4389,0.6125,0.0625,0.7324515118660402,0.9655172413793103,77.99999999999999
880,4407,0.6125,0.09375,0.62643055053608,0.13793103448275862,77.99999999999999
881,3068,0.125,0.0625,0.7324515118660402,0.9655172413793103,77.99999999999999
882,5083,0.625,0.09375,0.62643055053608,0.48275862068965514,77.99999999999999
883,5083,0.625,0.09375,0.62643055053608,0.13793103448275862,77.99999999999999
884,4071,0.375,0.09375,0.62643055053608,0.6206896551724137,77.99999999999999
885,3395,0.3625,0.09375,0.62643055053608,0.13793103448275862,77.99999999999999
886,3395,0.3625,0.09375,0.62643055053608,0.48275862068965514,77.99999999999999
887,23830,0.6125,0.20561249999999998,0.9965787254547644,0.48275862068965514,77.89999999999999
888,5961,0.875,0.28125,0.62643055053608,0.27586206896551724,77.77777777777776
889,6095,0.875,0.09375,0.62643055053608,0.0,77.77777777777776
890,6097,0.875,0.090625,0.7671364895795687,0.27586206896551724,77.77777777777776
891,5418,0.8625,0.09375,0.655524635586074,0.27586206896551724,77.77777777777776
892,5411,0.8625,0.090625,0.7671364895795687,0.27586206896551724,77.77777777777776
893,5394,0.8625,0.059375,0.6996542585230695,0.27586206896551724,77.77777777777776
894,5356,0.8625,0.20443125,0.9969883146608842,0.27586206896551724,77.77777777777776
895,3078,0.125,0.059375,0.6996542585230695,0.27586206896551724,77.77777777777776
896,5352,0.8625,0.2336875,0.9796651005902903,0.48275862068965514,77.75999999999999
897,23817,0.375,0.19003125,0.9878086977472593,1.0,77.71428571428571
898,4340,0.6125,0.2336875,0.9796651005902903,0.48275862068965514,77.69999999999999
899,4879,0.625,0.246875,0.9248042404529574,0.27586206896551724,77.66666666666666
900,5562,0.8625,0.309375,0.7059462715335502,1.0,77.55714285714285
901,5227,0.625,0.1875,0.9575954704252498,0.9655172413793103,77.49999999999999
902,5547,0.8625,0.278125,0.62643055053608,1.0,77.49999999999999
903,3059,0.125,0.09375,0.62643055053608,0.6206896551724137,77.29999999999998
904,4340,0.6125,0.2336875,0.9796651005902903,0.0,77.2222222222222
905,5559,0.8625,0.30485937500000004,0.7440320443320082,1.0,77.05714285714285
906,2365,0.1125,0.0625,0.7324515118660402,0.9655172413793103,76.99999999999999
907,2383,0.1125,0.09375,0.62643055053608,0.6896551724137931,76.99999999999999
908,3922,0.375,0.309375,0.7059462715335502,0.9655172413793103,76.99999999999999
909,6095,0.875,0.09375,0.62643055053608,0.6896551724137931,76.99999999999999
910,5419,0.8625,0.09375,0.62643055053608,0.6896551724137931,76.99999999999999
911,4340,0.6125,0.2336875,0.9796651005902903,0.13793103448275862,76.99999999999999
912,4071,0.375,0.09375,0.62643055053608,0.48275862068965514,76.99999999999999
913,22531,0.6125,0.21195312500000002,0.9940127695458378,1.0,76.99999999999999
914,4552,0.6125,0.309375,0.62643055053608,1.0,76.99999999999999
915,21312,0.625,0.23065625,0.9821949162751474,0.27586206896551724,76.77777777777776
916,5955,0.875,0.30485937500000004,0.7440320443320082,1.0,76.72857142857141
917,3937,0.375,0.28125,0.62643055053608,0.27586206896551724,76.66666666666666
918,2383,0.1125,0.09375,0.62643055053608,0.0,76.66666666666666
919,4406,0.6125,0.09375,0.655524635586074,0.27586206896551724,76.66666666666666
920,4090,0.375,0.059375,0.6996542585230695,0.27586206896551724,76.66666666666666
921,5078,0.625,0.09375,0.655524635586074,0.27586206896551724,76.66666666666666
922,4942,0.625,0.300271875,0.7551740754126008,0.27586206896551724,76.66666666666666
923,3529,0.3625,0.28125,0.62643055053608,0.27586206896551724,76.66666666666666
924,3394,0.3625,0.09375,0.655524635586074,0.27586206896551724,76.66666666666666
925,4391,0.6125,0.071603125,0.7551740754126008,1.0,76.42857142857142
926,6144,0.875,0.2336875,0.9796651005902903,0.8275862068965517,76.41666666666666
927,3377,0.3625,0.0625,0.7324515118660402,0.6206896551724137,76.39999999999999
928,2357,0.1125,0.059375,0.6752463558607397,1.0,76.28571428571428
929,2919,0.125,0.30485937500000004,0.7440320443320082,1.0,76.22857142857141
930,4125,0.375,0.197040625,0.9989157932779182,0.48275862068965514,76.19999999999999
931,4389,0.6125,0.0625,0.7324515118660402,0.6206896551724137,76.19999999999999
932,4541,0.6125,0.28125,0.62643055053608,1.0,76.17142857142856
933,2383,0.1125,0.09375,0.62643055053608,0.3448275862068966,76.09999999999998
934,23829,0.6125,0.2024875,0.9975906517287073,0.6206896551724137,76.09999999999998
935,5562,0.8625,0.309375,0.7059462715335502,0.13793103448275862,75.99999999999999
936,2526,0.1125,0.309375,0.7059462715335502,0.6896551724137931,75.99999999999999
937,6104,0.875,0.0625,0.7324515118660402,0.13793103448275862,75.99999999999999
938,5401,0.8625,0.0625,0.7324515118660402,0.9655172413793103,75.99999999999999
939,5401,0.8625,0.0625,0.7324515118660402,0.13793103448275862,75.99999999999999
940,2910,0.125,0.309375,0.7059462715335502,0.6896551724137931,75.99999999999999
941,3059,0.125,0.09375,0.62643055053608,0.48275862068965514,75.99999999999999
942,5092,0.625,0.0625,0.7324515118660402,0.6206896551724137,75.99999999999999
943,4481,0.6125,0.20159374999999996,0.8773762197325623,0.9655172413793103,75.99999999999999
944,4934,0.625,0.309375,0.7059462715335502,0.6896551724137931,75.99999999999999
945,3377,0.3625,0.0625,0.7324515118660402,0.48275862068965514,75.99999999999999
946,23143,0.6125,0.1837375,0.9879171184194675,1.0,75.99999999999999
947,2523,0.1125,0.30485937500000004,0.7440320443320082,1.0,75.94285714285714
948,4253,0.6125,0.206659375,0.8878448379713287,1.0,75.89999999999999
949,2909,0.125,0.309375,0.62643055053608,1.0,75.71428571428571
950,4933,0.625,0.309375,0.62643055053608,1.0,75.71428571428571
951,3937,0.375,0.28125,0.62643055053608,1.0,75.55714285714285
952,6015,0.875,0.194553125,0.8788820624021202,0.27586206896551724,75.55555555555554
953,2375,0.1125,0.090625,0.7671364895795687,0.27586206896551724,75.55555555555554
954,5553,0.8625,0.28125,0.62643055053608,0.27586206896551724,75.55555555555554
955,5419,0.8625,0.09375,0.62643055053608,0.0,75.55555555555554
956,4399,0.6125,0.090625,0.7671364895795687,0.27586206896551724,75.55555555555554
957,5131,0.625,0.2408875,0.9729671123960967,0.27586206896551724,75.55555555555554
958,3061,0.125,0.090625,0.7671364895795687,0.27586206896551724,75.55555555555554
959,5552,0.8625,0.28125,0.6545717383447777,1.0,75.52857142857142
960,4080,0.375,0.0625,0.7324515118660402,0.6206896551724137,75.49999999999999
961,3921,0.375,0.309375,0.62643055053608,1.0,75.28571428571428
962,5093,0.625,0.071603125,0.7551740754126008,1.0,75.14285714285714
963,5790,0.875,0.139959375,0.96883508011083,1.0,75.12857142857142
964,2456,0.1125,0.194553125,0.8788820624021202,1.0,75.1142857142857
965,6095,0.875,0.09375,0.62643055053608,0.3448275862068966,75.09999999999998
966,23830,0.6125,0.20561249999999998,0.9965787254547644,0.6206896551724137,75.09999999999998
967,4389,0.6125,0.0625,0.7324515118660402,0.48275862068965514,74.99999999999999
968,3059,0.125,0.09375,0.62643055053608,0.13793103448275862,74.99999999999999
969,5092,0.625,0.0625,0.7324515118660402,0.48275862068965514,74.99999999999999
970,3538,0.3625,0.309375,0.7059462715335502,0.6896551724137931,74.99999999999999
971,4071,0.375,0.09375,0.62643055053608,0.13793103448275862,74.99999999999999
972,4550,0.6125,0.309375,0.7059462715335502,0.6896551724137931,74.99999999999999
973,21330,0.672475,0.236896875,0.9767979761474521,1.0,74.99999999999999
974,4816,0.625,0.0625,0.7682568365257197,1.0,74.85714285714285
975,21331,0.6487625,0.235340625,0.9782194916275146,0.6206896551724137,74.79999999999998
976,23277,0.6487375,0.17905625,0.9995904107938802,1.0,74.71428571428571
977,21238,0.6125,0.24623750000000003,0.9673292374412721,1.0,74.71428571428571
978,6043,0.875,0.17732187500000002,0.8788820624021202,1.0,74.68571428571427
979,21308,0.8625,0.23065625,0.9821949162751474,0.0,74.66666666666666
980,5628,0.8625,0.24041562500000002,0.930333694735574,1.0,74.6142857142857
981,23756,0.3625,0.2024875,0.9975906517287073,0.6896551724137931,74.59999999999998
982,5401,0.8625,0.0625,0.7324515118660402,0.6206896551724137,74.59999999999998
983,3930,0.375,0.300271875,0.7551740754126008,0.27586206896551724,74.44444444444443
984,2517,0.1125,0.28125,0.62643055053608,0.27586206896551724,74.44444444444443
985,4382,0.6125,0.059375,0.6996542585230695,0.27586206896551724,74.44444444444443
986,4407,0.6125,0.09375,0.62643055053608,0.0,74.44444444444443
987,3054,0.125,0.09375,0.655524635586074,0.27586206896551724,74.44444444444443
988,5102,0.625,0.059375,0.6996542585230695,0.27586206896551724,74.44444444444443
989,5085,0.625,0.090625,0.7671364895795687,0.27586206896551724,74.44444444444443
990,4480,0.6125,0.194553125,0.8788820624021202,0.27586206896551724,74.44444444444443
991,4949,0.625,0.28125,0.62643055053608,0.27586206896551724,74.44444444444443
992,4066,0.375,0.09375,0.655524635586074,0.27586206896551724,74.44444444444443
993,3534,0.3625,0.300271875,0.7551740754126008,0.27586206896551724,74.44444444444443
994,4073,0.375,0.090625,0.7671364895795687,0.27586206896551724,74.44444444444443
995,3370,0.3625,0.059375,0.6996542585230695,0.27586206896551724,74.44444444444443
996,6104,0.875,0.0625,0.7324515118660402,0.6206896551724137,74.39999999999999
997,5351,0.8625,0.2408875,0.9729671123960967,0.6896551724137931,74.39999999999999
998,22512,0.375,0.21190625000000002,0.9819057944825923,0.9655172413793103,74.19999999999999
999,5941,0.875,0.3125,0.6508384531984098,0.8275862068965517,74.16666666666666
1000,5567,0.8625,0.3125,0.6508384531984098,0.8275862068965517,74.16666666666666
1001,3068,0.125,0.0625,0.7324515118660402,0.6206896551724137,74.09999999999998
1002,6242,0.875,0.206659375,0.8878448379713287,1.0,74.07142857142856
1003,4080,0.375,0.0625,0.7324515118660402,0.48275862068965514,73.99999999999999
1004,5946,0.875,0.309375,0.7059462715335502,0.13793103448275862,73.99999999999999
1005,2365,0.1125,0.0625,0.7324515118660402,0.6206896551724137,73.99999999999999
1006,3922,0.375,0.309375,0.7059462715335502,0.6896551724137931,73.99999999999999
1007,5562,0.8625,0.309375,0.7059462715335502,0.9655172413793103,73.99999999999999
1008,2526,0.1125,0.309375,0.7059462715335502,0.48275862068965514,73.99999999999999
1009,2910,0.125,0.309375,0.7059462715335502,0.48275862068965514,73.99999999999999
1010,4934,0.625,0.309375,0.7059462715335502,0.13793103448275862,73.99999999999999
1011,4934,0.625,0.309375,0.7059462715335502,0.48275862068965514,73.99999999999999
1012,3538,0.3625,0.309375,0.7059462715335502,0.13793103448275862,73.99999999999999
1013,4550,0.6125,0.309375,0.7059462715335502,0.13793103448275862,73.99999999999999
1014,4550,0.6125,0.309375,0.7059462715335502,0.48275862068965514,73.99999999999999
1015,3377,0.3625,0.0625,0.7324515118660402,0.13793103448275862,73.99999999999999
1016,4125,0.375,0.197040625,0.9989157932779182,0.6206896551724137,73.91999999999999
1017,23224,0.625,0.1806125,0.9877002770750511,0.9655172413793103,73.79999999999998
1018,5419,0.8625,0.09375,0.62643055053608,0.3448275862068966,73.79999999999998
1019,5227,0.625,0.1875,0.9575954704252498,0.27586206896551724,73.55555555555554
1020,22531,0.6125,0.21195312500000002,0.9940127695458378,0.48275862068965514,73.49999999999999
1021,4344,0.6125,0.20443125,0.9969883146608842,0.9655172413793103,73.49999999999999
1022,21331,0.6487625,0.235340625,0.9782194916275146,0.48275862068965514,73.49999999999999
1023,5618,0.8625,0.246875,0.9248042404529574,0.27586206896551724,73.33333333333331
1024,2925,0.125,0.28125,0.62643055053608,0.27586206896551724,73.33333333333331
1025,5083,0.625,0.09375,0.62643055053608,0.0,73.33333333333331
1026,3395,0.3625,0.09375,0.62643055053608,0.0,73.33333333333331
1027,4951,0.625,0.278125,0.7718949524153716,1.0,73.27
1028,5137,0.625,0.197040625,0.9989157932779182,0.9655172413793103,73.19999999999999
1029,4340,0.6125,0.2336875,0.9796651005902903,0.8275862068965517,73.16666666666666
1030,23833,0.375,0.2024875,0.9975906517287073,0.9655172413793103,73.09999999999998
1031,4125,0.375,0.197040625,0.9989157932779182,0.6896551724137931,72.99999999999999
1032,2365,0.1125,0.0625,0.7324515118660402,0.48275862068965514,72.99999999999999
1033,2382,0.1125,0.09375,0.655524635586074,0.9655172413793103,72.99999999999999
1034,3922,0.375,0.309375,0.7059462715335502,0.13793103448275862,72.99999999999999
1035,2526,0.1125,0.309375,0.7059462715335502,0.6206896551724137,72.99999999999999
1036,5418,0.8625,0.09375,0.655524635586074,0.9655172413793103,72.99999999999999
1037,6104,0.875,0.0625,0.7324515118660402,0.48275862068965514,72.99999999999999
1038,5401,0.8625,0.0625,0.7324515118660402,0.48275862068965514,72.99999999999999
1039,2910,0.125,0.309375,0.7059462715335502,0.3448275862068966,72.99999999999999
1040,2910,0.125,0.309375,0.7059462715335502,0.6206896551724137,72.99999999999999
1041,4407,0.6125,0.09375,0.62643055053608,0.6896551724137931,72.99999999999999
1042,3068,0.125,0.0625,0.7324515118660402,0.48275862068965514,72.99999999999999
1043,5092,0.625,0.0625,0.7324515118660402,0.13793103448275862,72.99999999999999
1044,4934,0.625,0.309375,0.7059462715335502,0.3448275862068966,72.99999999999999
1045,4934,0.625,0.309375,0.7059462715335502,0.6206896551724137,72.99999999999999
1046,3538,0.3625,0.309375,0.7059462715335502,0.48275862068965514,72.99999999999999
1047,3538,0.3625,0.309375,0.7059462715335502,0.6206896551724137,72.99999999999999
1048,4737,0.6125,0.17785625,0.9873750150584266,0.9655172413793103,72.99999999999999
1049,4541,0.6125,0.28125,0.62643055053608,0.9655172413793103,72.99999999999999
1050,4550,0.6125,0.309375,0.7059462715335502,0.6206896551724137,72.99999999999999
1051,3395,0.3625,0.09375,0.62643055053608,0.6896551724137931,72.99999999999999
1052,21259,0.3987625,0.235340625,0.9782194916275146,1.0,72.99999999999999
1053,4125,0.375,0.197040625,0.9989157932779182,0.3448275862068966,72.80999999999999
1054,4407,0.6125,0.09375,0.62643055053608,0.3448275862068966,72.69999999999999
1055,5297,0.8625,0.21875,0.9560534875316226,1.0,72.69999999999999
1056,22531,0.6125,0.21195312500000002,0.9940127695458378,0.6896551724137931,72.59999999999998
1057,5403,0.8625,0.071603125,0.7551740754126008,1.0,72.57142857142856
1058,3993,0.375,0.20159374999999996,0.8773762197325623,1.0,72.52857142857142
1059,23829,0.6125,0.2024875,0.9975906517287073,0.3448275862068966,72.49999999999999
1060,21308,0.8625,0.23065625,0.9821949162751474,1.0,72.42857142857142
1061,5299,0.8625,0.21875,0.9116251054089869,1.0,72.41428571428571
1062,23830,0.6125,0.20561249999999998,0.9965787254547644,0.3448275862068966,72.39999999999999
1063,21308,0.8625,0.23065625,0.9821949162751474,0.13793103448275862,72.29999999999998
1064,3395,0.3625,0.09375,0.62643055053608,0.3448275862068966,72.29999999999998
1065,5954,0.875,0.300271875,0.7551740754126008,0.0,72.22222222222221
1066,5953,0.875,0.295615625,0.7658836284784966,0.27586206896551724,72.22222222222221
1067,5413,0.8625,0.090625,0.62643055053608,0.27586206896551724,72.22222222222221
1068,5401,0.8625,0.0625,0.7324515118660402,0.0,72.22222222222221
1069,2918,0.125,0.300271875,0.7551740754126008,0.27586206896551724,72.22222222222221
1070,3060,0.125,0.090625,0.62643055053608,0.27586206896551724,72.22222222222221
1071,4541,0.6125,0.28125,0.62643055053608,0.0,72.22222222222221
1072,3387,0.3625,0.090625,0.7671364895795687,0.27586206896551724,72.22222222222221
1073,4080,0.375,0.0625,0.7324515118660402,0.13793103448275862,71.99999999999999
1074,5946,0.875,0.309375,0.7059462715335502,0.48275862068965514,71.99999999999999
1075,5946,0.875,0.309375,0.7059462715335502,0.9655172413793103,71.99999999999999
1076,2358,0.1125,0.059375,0.6996542585230695,0.9655172413793103,71.99999999999999
1077,5749,0.8625,0.17785625,0.9873750150584266,0.6896551724137931,71.99999999999999
1078,3922,0.375,0.309375,0.7059462715335502,0.48275862068965514,71.99999999999999
1079,3922,0.375,0.309375,0.7059462715335502,0.6206896551724137,71.99999999999999
1080,6090,0.875,0.09375,0.655524635586074,0.9655172413793103,71.99999999999999
1081,5562,0.8625,0.309375,0.7059462715335502,0.48275862068965514,71.99999999999999
1082,2526,0.1125,0.309375,0.7059462715335502,0.13793103448275862,71.99999999999999
1083,2526,0.1125,0.309375,0.7059462715335502,0.3448275862068966,71.99999999999999
1084,6104,0.875,0.0625,0.7324515118660402,0.6896551724137931,71.99999999999999
1085,4389,0.6125,0.0625,0.7324515118660402,0.13793103448275862,71.99999999999999
1086,5092,0.625,0.0625,0.7324515118660402,0.6896551724137931,71.99999999999999
1087,5083,0.625,0.09375,0.62643055053608,0.6896551724137931,71.99999999999999
1088,4071,0.375,0.09375,0.62643055053608,0.6896551724137931,71.99999999999999
1089,3538,0.3625,0.309375,0.7059462715335502,0.3448275862068966,71.99999999999999
1090,4546,0.6125,0.300271875,0.7551740754126008,0.9655172413793103,71.99999999999999
1091,4550,0.6125,0.309375,0.7059462715335502,0.3448275862068966,71.99999999999999
1092,6145,0.875,0.22643437500000002,0.9854234429586796,0.48275862068965514,71.96
1093,21271,0.8625,0.24936250000000001,0.9511866040236115,1.0,71.85714285714285
1094,21331,0.6487625,0.235340625,0.9782194916275146,0.3448275862068966,71.59999999999998
1095,5083,0.625,0.09375,0.62643055053608,0.3448275862068966,71.59999999999998
1096,2927,0.125,0.278125,0.7718949524153716,1.0,71.58571428571427
1097,22534,0.6125,0.22436249999999996,0.9868931454041681,1.0,71.57142857142856
1098,2981,0.125,0.20159374999999996,0.8773762197325623,1.0,71.54285714285713
1099,5197,0.625,0.21875,0.9116251054089869,1.0,71.45714285714284
1100,5351,0.8625,0.2408875,0.9729671123960967,0.27586206896551724,71.44444444444443
1101,23819,0.582875,0.20366875,0.9851343211661244,1.0,71.42857142857142
1102,21165,0.3625,0.233828125,0.9795446331767256,1.0,71.42857142857142
1103,23911,0.8328749999999999,0.20366875,0.9972292494880134,1.0,71.42857142857142
1104,4339,0.6125,0.2408875,0.9729671123960967,0.9655172413793103,71.29999999999998
1105,5680,0.8625,0.0625,0.7682568365257197,1.0,71.28571428571428
1106,3804,0.375,0.0625,0.7682568365257197,1.0,71.28571428571428
1107,4284,0.6125,0.21875,0.978279725334297,0.27586206896551724,71.22222222222221
1108,22522,0.6125,0.20878125,0.9832791229972292,1.0,71.14285714285714
1109,19992,0.625,0.25565625000000003,0.9433080351764848,1.0,71.14285714285714
1110,4255,0.6125,0.19389375,0.8910372244307915,1.0,71.1142857142857
1111,5961,0.875,0.28125,0.62643055053608,0.0,71.1111111111111
1112,6017,0.875,0.20159374999999996,0.8773762197325623,0.0,71.1111111111111
1113,5558,0.8625,0.300271875,0.7551740754126008,0.0,71.1111111111111
1114,5557,0.8625,0.295615625,0.7658836284784966,0.27586206896551724,71.1111111111111
1115,2522,0.1125,0.300271875,0.7551740754126008,0.27586206896551724,71.1111111111111
1116,6104,0.875,0.0625,0.7324515118660402,0.0,71.1111111111111
1117,3059,0.125,0.09375,0.62643055053608,0.0,71.1111111111111
1118,5084,0.625,0.090625,0.62643055053608,0.27586206896551724,71.1111111111111
1119,4071,0.375,0.09375,0.62643055053608,0.0,71.1111111111111
1120,4546,0.6125,0.300271875,0.7551740754126008,0.0,71.1111111111111
1121,4072,0.375,0.090625,0.62643055053608,0.27586206896551724,71.1111111111111
1122,6148,0.875,0.20443125,0.9969883146608842,0.6896551724137931,71.09999999999998
1123,4481,0.6125,0.20159374999999996,0.8773762197325623,0.48275862068965514,71.09999999999998
1124,4080,0.375,0.0625,0.7324515118660402,0.6896551724137931,70.99999999999999
1125,5946,0.875,0.309375,0.7059462715335502,0.6206896551724137,70.99999999999999
1126,6017,0.875,0.20159374999999996,0.8773762197325623,0.13793103448275862,70.99999999999999
1127,2365,0.1125,0.0625,0.7324515118660402,0.13793103448275862,70.99999999999999
1128,3922,0.375,0.309375,0.7059462715335502,0.3448275862068966,70.99999999999999
1129,5562,0.8625,0.309375,0.7059462715335502,0.6206896551724137,70.99999999999999
1130,5562,0.8625,0.309375,0.7059462715335502,0.6896551724137931,70.99999999999999
1131,6097,0.875,0.090625,0.7671364895795687,0.9655172413793103,70.99999999999999
1132,5411,0.8625,0.090625,0.7671364895795687,0.9655172413793103,70.99999999999999
1133,5394,0.8625,0.059375,0.6996542585230695,0.9655172413793103,70.99999999999999
1134,5363,0.8625,0.15274062500000002,0.9902300927599084,0.9655172413793103,70.99999999999999
1135,2910,0.125,0.309375,0.7059462715335502,0.13793103448275862,70.99999999999999
1136,3059,0.125,0.09375,0.62643055053608,0.6896551724137931,70.99999999999999
1137,3068,0.125,0.0625,0.7324515118660402,0.13793103448275862,70.99999999999999
1138,4480,0.6125,0.194553125,0.8788820624021202,0.9655172413793103,70.99999999999999
1139,4481,0.6125,0.20159374999999996,0.8773762197325623,0.6206896551724137,70.99999999999999
1140,4736,0.6125,0.171346875,0.9860498735092157,0.9655172413793103,70.99999999999999
1141,3377,0.3625,0.0625,0.7324515118660402,0.6896551724137931,70.99999999999999
1142,5132,0.625,0.2336875,0.9796651005902903,0.48275862068965514,70.89999999999999
1143,3470,0.3625,0.208621875,0.8749909649439825,1.0,70.82857142857142
1144,5545,0.8625,0.278125,0.7718949524153716,1.0,70.8
1145,4277,0.6125,0.2384375,0.9629442235875195,0.9655172413793103,70.79999999999998
1146,3379,0.3625,0.071603125,0.7551740754126008,1.0,70.71428571428571
1147,4081,0.375,0.071603125,0.7551740754126008,1.0,70.71428571428571
1148,4071,0.375,0.09375,0.62643055053608,0.3448275862068966,70.69999999999999
1149,5360,0.8625,0.17483437500000001,0.9989157932779182,1.0,70.58571428571427
1150,3065,0.125,0.090625,0.6545717383447777,1.0,70.57142857142856
1151,5137,0.625,0.197040625,0.9989157932779182,0.48275862068965514,70.49999999999999
1152,23903,0.625,0.18690625,1.0,1.0,70.42857142857142
1153,23756,0.3625,0.2024875,0.9975906517287073,0.27586206896551724,70.33333333333331
1154,5306,0.8625,0.269728125,0.8990362606914829,1.0,70.27142857142856
1155,4482,0.6125,0.208621875,0.8749909649439825,0.27586206896551724,70.22222222222221
1156,4077,0.375,0.090625,0.6545717383447777,1.0,70.14285714285714
1157,3069,0.125,0.071603125,0.7551740754126008,1.0,70.14285714285714
1158,5278,0.8625,0.215625,0.958089386820865,0.27586206896551724,70.1111111111111
1159,3059,0.125,0.09375,0.62643055053608,0.3448275862068966,70.1
1160,5946,0.875,0.309375,0.7059462715335502,0.3448275862068966,69.99999999999999
1161,2382,0.1125,0.09375,0.655524635586074,0.6206896551724137,69.99999999999999
1162,5618,0.8625,0.246875,0.9248042404529574,0.9655172413793103,69.99999999999999
1163,5562,0.8625,0.309375,0.7059462715335502,0.3448275862068966,69.99999999999999
1164,5558,0.8625,0.300271875,0.7551740754126008,0.13793103448275862,69.99999999999999
1165,6114,0.875,0.059375,0.6996542585230695,0.9655172413793103,69.99999999999999
1166,5363,0.8625,0.15274062500000002,0.9902300927599084,0.13793103448275862,69.99999999999999
1167,3078,0.125,0.059375,0.6996542585230695,0.9655172413793103,69.99999999999999
1168,4942,0.625,0.300271875,0.7551740754126008,0.9655172413793103,69.99999999999999
1169,3534,0.3625,0.300271875,0.7551740754126008,0.9655172413793103,69.99999999999999
1170,3529,0.3625,0.28125,0.62643055053608,0.9655172413793103,69.99999999999999
1171,4541,0.6125,0.28125,0.62643055053608,0.48275862068965514,69.99999999999999
1172,4080,0.375,0.0625,0.7324515118660402,0.0,69.99999999999999
1173,5945,0.875,0.309375,0.62643055053608,0.27586206896551724,69.99999999999999
1174,5363,0.8625,0.15274062500000002,0.9902300927599084,0.0,69.99999999999999
1175,4389,0.6125,0.0625,0.7324515118660402,0.0,69.99999999999999
1176,4401,0.6125,0.090625,0.62643055053608,0.27586206896551724,69.99999999999999
1177,4481,0.6125,0.20159374999999996,0.8773762197325623,0.0,69.99999999999999
1178,4545,0.6125,0.295615625,0.7658836284784966,0.27586206896551724,69.99999999999999
1179,3377,0.3625,0.0625,0.7324515118660402,0.0,69.99999999999999
1180,4944,0.625,0.28125,0.6545717383447777,1.0,69.90857142857142
1181,22630,0.6724625,0.22125,0.9889410914347668,1.0,69.85714285714285
1182,2926,0.125,0.278125,0.62643055053608,1.0,69.82857142857142
1183,6105,0.875,0.071603125,0.7551740754126008,1.0,69.71428571428571
1184,5278,0.8625,0.215625,0.958089386820865,1.0,69.71428571428571
1185,3377,0.3625,0.0625,0.7324515118660402,0.3448275862068966,69.69999999999999
1186,5137,0.625,0.197040625,0.9989157932779182,0.27586206896551724,69.66666666666666
1187,5131,0.625,0.2408875,0.9729671123960967,0.0,69.66666666666666
1188,4389,0.6125,0.0625,0.7324515118660402,0.3448275862068966,69.6
1189,3656,0.3625,0.0625,0.7682568365257197,1.0,69.57142857142857
1190,22604,0.8625,0.20878125,0.9953860980604745,0.27586206896551724,69.44444444444443
1191,5289,0.8625,0.2384375,0.9629442235875195,0.27586206896551724,69.44444444444443
1192,5407,0.8625,0.090625,0.6545717383447777,1.0,69.42857142857142
1193,6017,0.875,0.20159374999999996,0.8773762197325623,0.9655172413793103,69.39999999999999
1194,5278,0.8625,0.215625,0.958089386820865,0.9655172413793103,69.39999999999999
1195,4750,0.625,0.171346875,0.9860498735092157,0.27586206896551724,69.33333333333331
1196,2509,0.1125,0.278125,0.7718949524153716,1.0,69.3
1197,5092,0.625,0.0625,0.7324515118660402,0.3448275862068966,69.29999999999998
1198,22626,0.672475,0.215021875,0.9925189736176363,0.27586206896551724,69.22222222222221
1199,4344,0.6125,0.20443125,0.9969883146608842,0.27586206896551724,69.22222222222221
1200,3389,0.3625,0.090625,0.62643055053608,0.27586206896551724,69.22222222222221
1201,6090,0.875,0.09375,0.655524635586074,0.6206896551724137,69.19999999999999
1202,5419,0.8625,0.09375,0.62643055053608,0.8275862068965517,69.16666666666666
1203,23918,0.648725,0.20093125,0.99802433441754,1.0,69.14285714285714
1204,6145,0.875,0.22643437500000002,0.9854234429586796,0.27586206896551724,69.1111111111111
1205,4751,0.625,0.17785625,0.9873750150584266,0.27586206896551724,69.1111111111111
1206,3521,0.3625,0.278125,0.7718949524153716,1.0,69.10285714285713
1207,22519,0.5888,0.213503125,0.9811348030357788,0.9655172413793103,69.1
1208,4879,0.625,0.246875,0.9248042404529574,0.9655172413793103,69.1
1209,5954,0.875,0.300271875,0.7551740754126008,0.13793103448275862,68.99999999999999
1210,5946,0.875,0.309375,0.7059462715335502,0.6896551724137931,68.99999999999999
1211,2365,0.1125,0.0625,0.7324515118660402,0.6896551724137931,68.99999999999999
1212,3930,0.375,0.300271875,0.7551740754126008,0.9655172413793103,68.99999999999999
1213,2382,0.1125,0.09375,0.655524635586074,0.48275862068965514,68.99999999999999
1214,6114,0.875,0.059375,0.6996542585230695,0.13793103448275862,68.99999999999999
1215,5143,0.625,0.15274062500000002,0.9902300927599084,0.9655172413793103,68.99999999999999
1216,4090,0.375,0.059375,0.6996542585230695,0.9655172413793103,68.99999999999999
1217,3068,0.125,0.0625,0.7324515118660402,0.6896551724137931,68.99999999999999
1218,4541,0.6125,0.28125,0.62643055053608,0.6206896551724137,68.99999999999999
1219,4737,0.6125,0.17785625,0.9873750150584266,0.6896551724137931,68.99999999999999
1220,3394,0.3625,0.09375,0.655524635586074,0.9655172413793103,68.99999999999999
1221,22520,0.5651375,0.21505000000000002,0.9803397181062522,1.0,68.99999999999999
1222,4080,0.375,0.0625,0.7324515118660402,0.3448275862068966,68.89999999999999
1223,3937,0.375,0.28125,0.62643055053608,0.0,68.88888888888887
1224,2365,0.1125,0.0625,0.7324515118660402,0.0,68.88888888888887
1225,6096,0.875,0.090625,0.62643055053608,0.27586206896551724,68.88888888888887
1226,4351,0.6125,0.15274062500000002,0.9902300927599084,0.27586206896551724,68.88888888888887
1227,5092,0.625,0.0625,0.7324515118660402,0.0,68.88888888888887
1228,4942,0.625,0.300271875,0.7551740754126008,0.0,68.88888888888887
1229,3529,0.3625,0.28125,0.62643055053608,0.0,68.88888888888887
1230,4540,0.6125,0.28125,0.6545717383447777,0.27586206896551724,68.88888888888887
1231,6245,0.875,0.19389375,0.8910372244307915,1.0,68.87142857142857
1232,4340,0.6125,0.2336875,0.9796651005902903,0.3448275862068966,68.82999999999998
1233,5227,0.625,0.1875,0.9575954704252498,0.6896551724137931,68.79999999999998
1234,4457,0.6125,0.17732187500000002,0.8788820624021202,1.0,68.71428571428571
1235,22512,0.375,0.21190625000000002,0.9819057944825923,0.6896551724137931,68.69999999999999
1236,4585,0.6125,0.29007499999999997,0.7915190940850501,1.0,68.65714285714284
1237,5494,0.8625,0.208621875,0.8749909649439825,1.0,68.6
1238,6042,0.875,0.17028125,0.8773762197325623,1.0,68.58571428571427
1239,23837,0.404725,0.20366875,0.9972292494880134,1.0,68.57142857142857
1240,4339,0.6125,0.2408875,0.9729671123960967,0.3448275862068966,68.49999999999999
1241,4879,0.625,0.246875,0.9248042404529574,0.0,68.44444444444443
1242,3113,0.125,0.197040625,0.9989157932779182,0.9655172413793103,68.39999999999999
1243,6149,0.875,0.197040625,0.9989157932779182,0.27586206896551724,68.33333333333331
1244,22518,0.6125,0.21195312500000002,0.9818817009998795,1.0,68.28571428571428
1245,21250,0.5888,0.235378125,0.9781833514034453,1.0,68.28571428571428
1246,23927,0.8388249999999999,0.20093437500000003,0.9980122876761836,1.0,68.28571428571428
1247,6018,0.875,0.208621875,0.8749909649439825,0.27586206896551724,68.22222222222221
1248,5564,0.8625,0.309375,0.62643055053608,0.27586206896551724,68.22222222222221
1249,5401,0.8625,0.0625,0.7324515118660402,0.3448275862068966,68.19999999999999
1250,5289,0.8625,0.2384375,0.9629442235875195,0.9655172413793103,68.19999999999999
1251,2979,0.125,0.194553125,0.8788820624021202,1.0,68.17142857142856
1252,3006,0.125,0.17028125,0.8773762197325623,1.0,68.15714285714284
1253,15231,0.625,0.036905625,0.7740151788941092,1.0,68.14285714285714
1254,5961,0.875,0.28125,0.62643055053608,0.9655172413793103,67.99999999999999
1255,3937,0.375,0.28125,0.62643055053608,0.9655172413793103,67.99999999999999
1256,2375,0.1125,0.090625,0.7671364895795687,0.9655172413793103,67.99999999999999
1257,5748,0.8625,0.171346875,0.9860498735092157,0.9655172413793103,67.99999999999999
1258,6090,0.875,0.09375,0.655524635586074,0.48275862068965514,67.99999999999999
1259,2517,0.1125,0.28125,0.62643055053608,0.9655172413793103,67.99999999999999
1260,5558,0.8625,0.300271875,0.7551740754126008,0.9655172413793103,67.99999999999999
1261,4389,0.6125,0.0625,0.7324515118660402,0.6896551724137931,67.99999999999999
1262,4406,0.6125,0.09375,0.655524635586074,0.9655172413793103,67.99999999999999
1263,3054,0.125,0.09375,0.655524635586074,0.9655172413793103,67.99999999999999
1264,3061,0.125,0.090625,0.7671364895795687,0.9655172413793103,67.99999999999999
1265,5078,0.625,0.09375,0.655524635586074,0.9655172413793103,67.99999999999999
1266,4481,0.6125,0.20159374999999996,0.8773762197325623,0.6896551724137931,67.99999999999999
1267,4949,0.625,0.28125,0.62643055053608,0.9655172413793103,67.99999999999999
1268,4066,0.375,0.09375,0.655524635586074,0.9655172413793103,67.99999999999999
1269,3529,0.3625,0.28125,0.62643055053608,0.48275862068965514,67.99999999999999
1270,4541,0.6125,0.28125,0.62643055053608,0.13793103448275862,67.99999999999999
1271,4541,0.6125,0.28125,0.62643055053608,0.3448275862068966,67.99999999999999
1272,4541,0.6125,0.28125,0.62643055053608,0.6896551724137931,67.99999999999999
1273,2367,0.1125,0.071603125,0.7551740754126008,1.0,67.99999999999999
1274,2792,0.125,0.0625,0.7682568365257197,1.0,67.99999999999999
1275,3383,0.3625,0.090625,0.6545717383447777,1.0,67.99999999999999
1276,5881,0.875,0.23395937500000002,0.9138296590772196,1.0,67.98571428571428
1277,3867,0.375,0.246875,0.9248042404529574,1.0,67.98571428571428
1278,5089,0.625,0.090625,0.6545717383447777,1.0,67.98571428571428
1279,6104,0.875,0.0625,0.7324515118660402,0.3448275862068966,67.89999999999999
1280,22564,0.5828875,0.22554687499999998,0.9860619202505723,1.0,67.85714285714285
1281,4340,0.6125,0.2336875,0.9796651005902903,0.6206896551724137,67.85
1282,5289,0.8625,0.2384375,0.9629442235875195,1.0,67.8142857142857
1283,5945,0.875,0.309375,0.62643055053608,0.0,67.77777777777776
1284,2517,0.1125,0.28125,0.62643055053608,0.0,67.77777777777776
1285,5553,0.8625,0.28125,0.62643055053608,0.0,67.77777777777776
1286,2925,0.125,0.28125,0.62643055053608,0.0,67.77777777777776
1287,3068,0.125,0.0625,0.7324515118660402,0.0,67.77777777777776
1288,21312,0.625,0.23065625,0.9821949162751474,0.0,67.77777777777776
1289,4949,0.625,0.28125,0.62643055053608,0.0,67.77777777777776
1290,4941,0.625,0.295615625,0.7658836284784966,0.27586206896551724,67.77777777777776
1291,23911,0.8328749999999999,0.20366875,0.9972292494880134,0.27586206896551724,67.77777777777776
1292,3534,0.3625,0.300271875,0.7551740754126008,0.0,67.77777777777776
1293,3469,0.3625,0.20159374999999996,0.8773762197325623,0.27586206896551724,67.77777777777776
1294,5963,0.875,0.278125,0.7718949524153716,1.0,67.72857142857141
1295,6101,0.875,0.090625,0.6545717383447777,1.0,67.71428571428571
1296,2358,0.1125,0.059375,0.6996542585230695,0.6206896551724137,67.69999999999999
1297,5418,0.8625,0.09375,0.655524635586074,0.6206896551724137,67.69999999999999
1298,4339,0.6125,0.2408875,0.9729671123960967,0.48275862068965514,67.69999999999999
1299,5131,0.625,0.2408875,0.9729671123960967,1.0,67.62857142857142
1300,2365,0.1125,0.0625,0.7324515118660402,0.3448275862068966,67.6
1301,4277,0.6125,0.2384375,0.9629442235875195,0.6896551724137931,67.6
1302,5962,0.875,0.278125,0.62643055053608,1.0,67.55714285714285
1303,5564,0.8625,0.309375,0.62643055053608,0.0,67.55555555555554
1304,6095,0.875,0.09375,0.62643055053608,0.8275862068965517,67.49999999999999
1305,22608,0.625,0.20878125,0.9953860980604745,0.8275862068965517,67.49999999999999
1306,5132,0.625,0.2336875,0.9796651005902903,0.8275862068965517,67.49999999999999
1307,4339,0.6125,0.2408875,0.9729671123960967,0.6896551724137931,67.49999999999999
1308,3068,0.125,0.0625,0.7324515118660402,0.3448275862068966,67.49999999999999
1309,5227,0.625,0.1875,0.9575954704252498,0.48275862068965514,67.42999999999999
1310,2644,0.1125,0.0625,0.7682568365257197,1.0,67.42857142857142
1311,23829,0.6125,0.2024875,0.9975906517287073,1.0,67.42857142857142
1312,22531,0.6125,0.21195312500000002,0.9940127695458378,0.6206896551724137,67.39999999999999
1313,3991,0.375,0.194553125,0.8788820624021202,1.0,67.37142857142857
1314,4339,0.6125,0.2408875,0.9729671123960967,0.6206896551724137,67.29999999999998
1315,4120,0.375,0.2336875,0.9796651005902903,0.27586206896551724,67.22222222222221
1316,4345,0.6125,0.197040625,0.9989157932779182,0.27586206896551724,67.22222222222221
1317,5695,0.8625,0.10855624999999999,0.9325864353692326,1.0,67.21428571428571
1318,23817,0.375,0.19003125,0.9878086977472593,0.9655172413793103,67.19999999999999
1319,5363,0.8625,0.15274062500000002,0.9902300927599084,0.48275862068965514,67.19999999999999
1320,4344,0.6125,0.20443125,0.9969883146608842,1.0,67.19999999999999
1321,4395,0.6125,0.090625,0.6545717383447777,1.0,67.14285714285714
1322,21928,0.625,0.1587375,0.9813155041561258,0.9655172413793103,67.1
1323,3573,0.3625,0.29007499999999997,0.7915190940850501,1.0,67.02857142857142
1324,5961,0.875,0.28125,0.62643055053608,0.13793103448275862,66.99999999999999
1325,5954,0.875,0.300271875,0.7551740754126008,0.9655172413793103,66.99999999999999
1326,3937,0.375,0.28125,0.62643055053608,0.48275862068965514,66.99999999999999
1327,6015,0.875,0.194553125,0.8788820624021202,0.13793103448275862,66.99999999999999
1328,2358,0.1125,0.059375,0.6996542585230695,0.13793103448275862,66.99999999999999
1329,2358,0.1125,0.059375,0.6996542585230695,0.48275862068965514,66.99999999999999
1330,2382,0.1125,0.09375,0.655524635586074,0.13793103448275862,66.99999999999999
1331,5748,0.8625,0.171346875,0.9860498735092157,0.48275862068965514,66.99999999999999
1332,6090,0.875,0.09375,0.655524635586074,0.13793103448275862,66.99999999999999
1333,6097,0.875,0.090625,0.7671364895795687,0.6206896551724137,66.99999999999999
1334,5418,0.8625,0.09375,0.655524635586074,0.48275862068965514,66.99999999999999
1335,5401,0.8625,0.0625,0.7324515118660402,0.6896551724137931,66.99999999999999
1336,5394,0.8625,0.059375,0.6996542585230695,0.13793103448275862,66.99999999999999
1337,4351,0.6125,0.15274062500000002,0.9902300927599084,0.9655172413793103,66.99999999999999
1338,4382,0.6125,0.059375,0.6996542585230695,0.9655172413793103,66.99999999999999
1339,2918,0.125,0.300271875,0.7551740754126008,0.9655172413793103,66.99999999999999
1340,4399,0.6125,0.090625,0.7671364895795687,0.9655172413793103,66.99999999999999
1341,4481,0.6125,0.20159374999999996,0.8773762197325623,0.13793103448275862,66.99999999999999
1342,4546,0.6125,0.300271875,0.7551740754126008,0.13793103448275862,66.99999999999999
1343,4546,0.6125,0.300271875,0.7551740754126008,0.6896551724137931,66.99999999999999
1344,3370,0.3625,0.059375,0.6996542585230695,0.9655172413793103,66.99999999999999
1345,4708,0.6125,0.146521875,0.9739549451873267,1.0,66.92857142857142
1346,6017,0.875,0.20159374999999996,0.8773762197325623,0.6206896551724137,66.89999999999999
1347,22519,0.5888,0.213503125,0.9811348030357788,0.6206896551724137,66.89999999999999
1348,5357,0.8625,0.197040625,0.9989157932779182,0.9655172413793103,66.89999999999999
1349,4344,0.6125,0.20443125,0.9969883146608842,0.6896551724137931,66.79999999999998
1350,22461,0.3625,0.21195312500000002,0.9940127695458378,0.9655172413793103,66.79999999999998
1351,4126,0.375,0.189640625,0.9998795325864354,1.0,66.78571428571428
1352,5137,0.625,0.197040625,0.9989157932779182,0.6206896551724137,66.72999999999999
1353,23889,0.625,0.19003125,0.9878086977472593,0.9655172413793103,66.69999999999999
1354,4481,0.6125,0.20159374999999996,0.8773762197325623,0.3448275862068966,66.69999999999999
1355,2383,0.1125,0.09375,0.62643055053608,0.8275862068965517,66.66666666666666
1356,5955,0.875,0.30485937500000004,0.7440320443320082,0.27586206896551724,66.66666666666666
1357,5956,0.875,0.28125,0.6545717383447777,0.27586206896551724,66.66666666666666
1358,3932,0.375,0.28125,0.6545717383447777,0.27586206896551724,66.66666666666666
1359,3930,0.375,0.300271875,0.7551740754126008,0.0,66.66666666666666
1360,5559,0.8625,0.30485937500000004,0.7440320443320082,0.27586206896551724,66.66666666666666
1361,5493,0.8625,0.20159374999999996,0.8773762197325623,0.27586206896551724,66.66666666666666
1362,5393,0.8625,0.059375,0.6752463558607397,0.27586206896551724,66.66666666666666
1363,5356,0.8625,0.20443125,0.9969883146608842,0.0,66.66666666666666
1364,4381,0.6125,0.059375,0.6752463558607397,0.27586206896551724,66.66666666666666
1365,2918,0.125,0.300271875,0.7551740754126008,0.0,66.66666666666666
1366,5143,0.625,0.15274062500000002,0.9902300927599084,0.27586206896551724,66.66666666666666
1367,4091,0.375,0.059375,0.6752463558607397,0.27586206896551724,66.66666666666666
1368,5103,0.625,0.059375,0.6752463558607397,0.27586206896551724,66.66666666666666
1369,3528,0.3625,0.28125,0.6545717383447777,0.27586206896551724,66.66666666666666
1370,3369,0.3625,0.059375,0.6752463558607397,0.27586206896551724,66.66666666666666
1371,4750,0.625,0.171346875,0.9860498735092157,1.0,66.6142857142857
1372,5411,0.8625,0.090625,0.7671364895795687,0.6206896551724137,66.6
1373,3113,0.125,0.197040625,0.9989157932779182,0.27586206896551724,66.55555555555554
1374,5215,0.625,0.194096875,0.9718949524153715,1.0,66.5142857142857
1375,6017,0.875,0.20159374999999996,0.8773762197325623,0.48275862068965514,66.49999999999999
1376,2432,0.1125,0.17028125,0.8773762197325623,1.0,66.47142857142856
1377,5352,0.8625,0.2336875,0.9796651005902903,0.8275862068965517,66.41666666666666
1378,22519,0.5888,0.213503125,0.9811348030357788,0.48275862068965514,66.29999999999998
1379,5091,0.625,0.067015625,0.7440320443320082,1.0,66.28571428571428
1380,5762,0.875,0.171346875,0.9860498735092157,1.0,66.21428571428571
1381,4879,0.625,0.246875,0.9248042404529574,0.13793103448275862,66.19999999999999
1382,4406,0.6125,0.09375,0.655524635586074,0.6206896551724137,66.19999999999999
1383,4480,0.6125,0.194553125,0.8788820624021202,0.48275862068965514,66.1
1384,3078,0.125,0.059375,0.6996542585230695,0.6206896551724137,66.1
1385,3122,0.125,0.13098749999999998,0.9729671123960967,1.0,66.07142857142857
1386,4073,0.375,0.090625,0.7671364895795687,0.9655172413793103,65.99999999999999
1387,5961,0.875,0.28125,0.62643055053608,0.48275862068965514,65.99999999999999
1388,2517,0.1125,0.28125,0.62643055053608,0.48275862068965514,65.99999999999999
1389,3529,0.3625,0.28125,0.62643055053608,0.3448275862068966,65.99999999999999
1390,3529,0.3625,0.28125,0.62643055053608,0.6206896551724137,65.99999999999999
1391,3529,0.3625,0.28125,0.62643055053608,0.6896551724137931,65.99999999999999
1392,3534,0.3625,0.300271875,0.7551740754126008,0.6896551724137931,65.99999999999999
1393,6097,0.875,0.090625,0.7671364895795687,0.48275862068965514,65.99999999999999
1394,4949,0.625,0.28125,0.62643055053608,0.48275862068965514,65.99999999999999
1395,3387,0.3625,0.090625,0.7671364895795687,0.9655172413793103,65.99999999999999
1396,5411,0.8625,0.090625,0.7671364895795687,0.48275862068965514,65.99999999999999
1397,3078,0.125,0.059375,0.6996542585230695,0.13793103448275862,65.99999999999999
1398,5131,0.625,0.2408875,0.9729671123960967,0.13793103448275862,65.99999999999999
1399,2925,0.125,0.28125,0.62643055053608,0.9655172413793103,65.99999999999999
1400,5748,0.8625,0.171346875,0.9860498735092157,0.6206896551724137,65.99
1401,4736,0.6125,0.171346875,0.9860498735092157,0.27586206896551724,65.88888888888887
1402,5227,0.625,0.1875,0.9575954704252498,0.8275862068965517,65.83333333333333
1403,22613,0.6547,0.210728125,0.9945669196482351,0.9655172413793103,65.79999999999998
1404,22512,0.375,0.21190625000000002,0.9819057944825923,0.48275862068965514,65.79999999999998
1405,3885,0.375,0.29007499999999997,0.7915190940850501,1.0,65.77142857142856
1406,5469,0.8625,0.17732187500000002,0.8788820624021202,1.0,65.71428571428571
1407,4018,0.375,0.17028125,0.8773762197325623,1.0,65.71428571428571
1408,4480,0.6125,0.194553125,0.8788820624021202,0.6206896551724137,65.69999999999999
1409,3394,0.3625,0.09375,0.655524635586074,0.6206896551724137,65.69999999999999
1410,2375,0.1125,0.090625,0.7671364895795687,0.6206896551724137,65.69999999999999
1411,3331,0.3625,0.21179687500000002,0.9940850499939766,1.0,65.62857142857142
1412,3061,0.125,0.090625,0.7671364895795687,0.6206896551724137,65.6
1413,4547,0.6125,0.30485937500000004,0.7440320443320082,0.27586206896551724,65.55555555555554
1414,5953,0.875,0.295615625,0.7658836284784966,0.0,65.55555555555554
1415,3533,0.3625,0.295615625,0.7658836284784966,0.27586206896551724,65.55555555555554
1416,5547,0.8625,0.278125,0.62643055053608,0.27586206896551724,65.55555555555554
1417,2522,0.1125,0.300271875,0.7551740754126008,0.0,65.55555555555554
1418,4943,0.625,0.30485937500000004,0.7440320443320082,0.27586206896551724,65.55555555555554
1419,4944,0.625,0.28125,0.6545717383447777,0.27586206896551724,65.55555555555554
1420,3119,0.125,0.15274062500000002,0.9902300927599084,0.27586206896551724,65.55555555555554
1421,6015,0.875,0.194553125,0.8788820624021202,0.0,65.55555555555554
1422,3929,0.375,0.295615625,0.7658836284784966,0.27586206896551724,65.55555555555554
1423,5749,0.8625,0.17785625,0.9873750150584266,0.27586206896551724,65.55555555555554
1424,6155,0.875,0.15274062500000002,0.9902300927599084,0.27586206896551724,65.55555555555554
1425,5137,0.625,0.197040625,0.9989157932779182,0.6896551724137931,65.49999999999999
1426,4390,0.6125,0.067015625,0.7440320443320082,1.0,65.42857142857142
1427,5078,0.625,0.09375,0.655524635586074,0.6206896551724137,65.39999999999999
1428,6114,0.875,0.059375,0.6996542585230695,0.6206896551724137,65.39999999999999
1429,5468,0.8625,0.17028125,0.8773762197325623,1.0,65.38571428571427
1430,5351,0.8625,0.2408875,0.9729671123960967,0.0,65.33333333333331
1431,4125,0.375,0.197040625,0.9989157932779182,0.27586206896551724,65.22222222222221
1432,23930,0.6546875,0.188853125,0.9999277195518612,0.9655172413793103,65.19999999999999
1433,4897,0.625,0.29007499999999997,0.7915190940850501,1.0,65.19999999999999
1434,22531,0.6125,0.21195312500000002,0.9940127695458378,0.8275862068965517,64.99999999999999
1435,5749,0.8625,0.17785625,0.9873750150584266,0.8275862068965517,64.99999999999999
1436,5961,0.875,0.28125,0.62643055053608,0.6206896551724137,64.99999999999999
1437,2517,0.1125,0.28125,0.62643055053608,0.6206896551724137,64.99999999999999
1438,5553,0.8625,0.28125,0.62643055053608,0.9655172413793103,64.99999999999999
1439,4942,0.625,0.300271875,0.7551740754126008,0.6896551724137931,64.99999999999999
1440,4942,0.625,0.300271875,0.7551740754126008,0.13793103448275862,64.99999999999999
1441,4949,0.625,0.28125,0.62643055053608,0.6206896551724137,64.99999999999999
1442,4949,0.625,0.28125,0.62643055053608,0.6896551724137931,64.99999999999999
1443,5418,0.8625,0.09375,0.655524635586074,0.13793103448275862,64.99999999999999
1444,5085,0.625,0.090625,0.7671364895795687,0.9655172413793103,64.99999999999999
1445,23251,0.625,0.1837375,0.9999638597759306,0.9655172413793103,64.99999999999999
1446,3078,0.125,0.059375,0.6996542585230695,0.48275862068965514,64.99999999999999
1447,3937,0.375,0.28125,0.62643055053608,0.6206896551724137,64.99999999999999
1448,3937,0.375,0.28125,0.62643055053608,0.6896551724137931,64.99999999999999
1449,2522,0.1125,0.300271875,0.7551740754126008,0.9655172413793103,64.99999999999999
1450,3060,0.125,0.090625,0.62643055053608,0.9655172413793103,64.99999999999999
1451,3061,0.125,0.090625,0.7671364895795687,0.48275862068965514,64.99999999999999
1452,5102,0.625,0.059375,0.6996542585230695,0.9655172413793103,64.99999999999999
1453,4406,0.6125,0.09375,0.655524635586074,0.48275862068965514,64.99999999999999
1454,3394,0.3625,0.09375,0.655524635586074,0.48275862068965514,64.99999999999999
1455,3930,0.375,0.300271875,0.7551740754126008,0.6896551724137931,64.99999999999999
1456,5356,0.8625,0.20443125,0.9969883146608842,0.13793103448275862,64.99999999999999
1457,2316,0.1125,0.2336875,0.9796651005902903,0.27586206896551724,64.99999999999999
1458,5618,0.8625,0.246875,0.9248042404529574,0.0,64.99999999999999
1459,5210,0.625,0.2384375,0.9629442235875195,0.27586206896551724,64.99999999999999
1460,22629,0.6487125,0.22280625,0.9879412119021804,1.0,64.99999999999999
1461,22536,0.375,0.20878125,0.9953860980604745,1.0,64.99999999999999
1462,22608,0.625,0.20878125,0.9953860980604745,0.6206896551724137,64.89999999999999
1463,23833,0.375,0.2024875,0.9975906517287073,0.6896551724137931,64.89999999999999
1464,3528,0.3625,0.28125,0.6545717383447777,1.0,64.86714285714285
1465,6218,0.875,0.22310937500000003,0.9005421033610408,1.0,64.78571428571428
1466,5618,0.8625,0.246875,0.9248042404529574,0.6896551724137931,64.69999999999999
1467,4868,0.625,0.24041562500000002,0.930333694735574,1.0,64.67142857142856
1468,2511,0.1125,0.278125,0.62643055053608,1.0,64.65714285714284
1469,5186,0.625,0.25,0.906143838091796,1.0,64.6142857142857
1470,4066,0.375,0.09375,0.655524635586074,0.6206896551724137,64.6
1471,4090,0.375,0.059375,0.6996542585230695,0.6206896551724137,64.6
1472,5005,0.625,0.20159374999999996,0.8773762197325623,1.0,64.6
1473,3054,0.125,0.09375,0.655524635586074,0.6206896551724137,64.49999999999999
1474,2528,0.1125,0.309375,0.62643055053608,0.0,64.44444444444443
1475,6090,0.875,0.09375,0.655524635586074,0.0,64.44444444444443
1476,3079,0.125,0.059375,0.6752463558607397,0.27586206896551724,64.44444444444443
1477,5552,0.8625,0.28125,0.6545717383447777,0.27586206896551724,64.44444444444443
1478,6115,0.875,0.059375,0.6752463558607397,0.27586206896551724,64.44444444444443
1479,5629,0.8625,0.246875,0.9468497771352848,0.27586206896551724,64.44444444444443
1480,5140,0.625,0.17483437500000001,0.9989157932779182,0.27586206896551724,64.44444444444443
1481,3328,0.3625,0.2336875,0.9796651005902903,0.27586206896551724,64.44444444444443
1482,2516,0.1125,0.28125,0.6545717383447777,0.27586206896551724,64.44444444444443
1483,2377,0.1125,0.090625,0.62643055053608,0.27586206896551724,64.44444444444443
1484,2382,0.1125,0.09375,0.655524635586074,0.0,64.44444444444443
1485,5748,0.8625,0.171346875,0.9860498735092157,0.27586206896551724,64.44444444444443
1486,5289,0.8625,0.2384375,0.9629442235875195,0.6896551724137931,64.39999999999999
1487,3113,0.125,0.197040625,0.9989157932779182,0.48275862068965514,64.39999999999999
1488,22512,0.375,0.21190625000000002,0.9819057944825923,0.6206896551724137,64.39999999999999
1489,3332,0.3625,0.20443125,0.9969883146608842,0.9655172413793103,64.39999999999999
1490,3007,0.125,0.17732187500000002,0.8788820624021202,1.0,64.32857142857142
1491,5102,0.625,0.059375,0.6996542585230695,0.6206896551724137,64.29999999999998
1492,23224,0.625,0.1806125,0.9877002770750511,0.6896551724137931,64.29999999999998
1493,4399,0.6125,0.090625,0.7671364895795687,0.6206896551724137,64.29999999999998
1494,4970,0.625,0.246875,0.8186844958438743,1.0,64.28714285714285
1495,23756,0.3625,0.2024875,0.9975906517287073,0.13793103448275862,64.19999999999999
1496,2458,0.1125,0.208621875,0.8749909649439825,1.0,64.19999999999999
1497,5290,0.8625,0.22310937500000003,0.9005421033610408,1.0,64.19999999999999
1498,4071,0.375,0.09375,0.62643055053608,0.8275862068965517,64.16666666666666
1499,23756,0.3625,0.2024875,0.9975906517287073,0.8275862068965517,64.16666666666666
1500,4407,0.6125,0.09375,0.62643055053608,0.8275862068965517,64.16666666666666
1501,3395,0.3625,0.09375,0.62643055053608,0.8275862068965517,64.16666666666666
1502,4125,0.375,0.197040625,0.9989157932779182,0.8275862068965517,64.16666666666666
1503,21317,0.654725,0.23260625,0.9805926996747379,1.0,64.14285714285714
1504,23860,0.5828125,0.188853125,0.9999277195518612,1.0,64.14285714285714
1505,2433,0.1125,0.17732187500000002,0.8788820624021202,1.0,64.12857142857142
1506,4348,0.6125,0.17483437500000001,0.9989157932779182,0.9655172413793103,64.1
1507,3390,0.3625,0.09375,0.7718949524153716,1.0,64.07142857142857
1508,3241,0.3625,0.206659375,0.8878448379713287,1.0,64.05714285714285
1509,4524,0.6125,0.25,0.62643055053608,1.0,64.00571428571428
1510,4523,0.6125,0.25,0.6534465727020841,1.0,64.00285714285714
1511,5528,0.8625,0.246875,0.62643055053608,1.0,63.99999999999999
1512,4066,0.375,0.09375,0.655524635586074,0.48275862068965514,63.999999999999986
1513,5418,0.8625,0.09375,0.655524635586074,0.6896551724137931,63.999999999999986
1514,4480,0.6125,0.194553125,0.8788820624021202,0.6896551724137931,63.999999999999986
1515,5078,0.625,0.09375,0.655524635586074,0.13793103448275862,63.999999999999986
1516,5078,0.625,0.09375,0.655524635586074,0.48275862068965514,63.999999999999986
1517,5411,0.8625,0.090625,0.7671364895795687,0.13793103448275862,63.999999999999986
1518,3937,0.375,0.28125,0.62643055053608,0.13793103448275862,63.999999999999986
1519,3937,0.375,0.28125,0.62643055053608,0.3448275862068966,63.999999999999986
1520,4090,0.375,0.059375,0.6996542585230695,0.13793103448275862,63.999999999999986
1521,5102,0.625,0.059375,0.6996542585230695,0.48275862068965514,63.999999999999986
1522,3054,0.125,0.09375,0.655524635586074,0.48275862068965514,63.999999999999986
1523,3529,0.3625,0.28125,0.62643055053608,0.13793103448275862,63.999999999999986
1524,5553,0.8625,0.28125,0.62643055053608,0.13793103448275862,63.999999999999986
1525,6114,0.875,0.059375,0.6996542585230695,0.48275862068965514,63.999999999999986
1526,4406,0.6125,0.09375,0.655524635586074,0.13793103448275862,63.999999999999986
1527,4750,0.625,0.171346875,0.9860498735092157,0.9655172413793103,63.999999999999986
1528,4073,0.375,0.090625,0.7671364895795687,0.6206896551724137,63.999999999999986
1529,5953,0.875,0.295615625,0.7658836284784966,0.13793103448275862,63.999999999999986
1530,5394,0.8625,0.059375,0.6996542585230695,0.6206896551724137,63.999999999999986
1531,4072,0.375,0.090625,0.62643055053608,0.9655172413793103,63.999999999999986
1532,2375,0.1125,0.090625,0.7671364895795687,0.48275862068965514,63.999999999999986
1533,2925,0.125,0.28125,0.62643055053608,0.48275862068965514,63.999999999999986
1534,4736,0.6125,0.171346875,0.9860498735092157,0.6896551724137931,63.999999999999986
1535,6097,0.875,0.090625,0.7671364895795687,0.13793103448275862,63.999999999999986
1536,2382,0.1125,0.09375,0.655524635586074,0.6896551724137931,63.999999999999986
1537,4545,0.6125,0.295615625,0.7658836284784966,0.9655172413793103,63.999999999999986
1538,5351,0.8625,0.2408875,0.9729671123960967,0.13793103448275862,63.999999999999986
1539,5961,0.875,0.28125,0.62643055053608,0.3448275862068966,63.999999999999986
1540,5961,0.875,0.28125,0.62643055053608,0.6896551724137931,63.999999999999986
1541,5553,0.8625,0.28125,0.62643055053608,0.48275862068965514,63.999999999999986
1542,2517,0.1125,0.28125,0.62643055053608,0.6896551724137931,63.999999999999986
1543,3469,0.3625,0.20159374999999996,0.8773762197325623,0.9655172413793103,63.999999999999986
1544,6090,0.875,0.09375,0.655524635586074,0.6896551724137931,63.999999999999986
1545,3445,0.3625,0.17732187500000002,0.8788820624021202,1.0,63.95714285714285
1546,4482,0.6125,0.208621875,0.8749909649439825,0.9655172413793103,63.89999999999999
1547,5085,0.625,0.090625,0.7671364895795687,0.6206896551724137,63.89999999999999
1548,5289,0.8625,0.2384375,0.9629442235875195,0.0,63.88888888888888
1549,4736,0.6125,0.171346875,0.9860498735092157,0.48275862068965514,63.859999999999985
1550,22543,0.5828,0.210728125,0.9945669196482351,1.0,63.85714285714285
1551,22532,0.6125,0.20878125,0.9953860980604745,0.48275862068965514,63.79999999999999
1552,2382,0.1125,0.09375,0.655524635586074,0.3448275862068966,63.79999999999999
1553,4382,0.6125,0.059375,0.6996542585230695,0.6206896551724137,63.79999999999999
1554,3333,0.3625,0.197040625,0.9989157932779182,0.27586206896551724,63.777777777777764
1555,15184,0.842825,0.0350715625,0.7506083604385013,1.0,63.71428571428571
1556,22519,0.5888,0.213503125,0.9811348030357788,0.3448275862068966,63.69999999999999
1557,2561,0.1125,0.29007499999999997,0.7915190940850501,1.0,63.671428571428564
1558,6094,0.875,0.09375,0.7718949524153716,1.0,63.57142857142856
1559,2320,0.1125,0.20443125,0.9969883146608842,0.27586206896551724,63.55555555555554
1560,3444,0.3625,0.17028125,0.8773762197325623,1.0,63.54285714285714
1561,5414,0.8625,0.09375,0.7718949524153716,1.0,63.52857142857142
1562,2778,0.125,0.10855624999999999,0.9325864353692326,1.0,63.49999999999999
1563,5278,0.8625,0.215625,0.958089386820865,0.6896551724137931,63.499999999999986
1564,22538,0.375,0.22436249999999996,0.9868931454041681,0.9655172413793103,63.499999999999986
1565,23107,0.3625,0.1806125,0.9997470184315143,1.0,63.42857142857142
1566,23858,0.4046875,0.188853125,0.9999277195518612,1.0,63.42857142857142
1567,6148,0.875,0.20443125,0.9969883146608842,0.8275862068965517,63.41666666666666
1568,22634,0.6547,0.22554687499999998,0.9860619202505723,0.6206896551724137,63.39999999999999
1569,23166,0.6125,0.168203125,0.9851343211661244,0.9655172413793103,63.39999999999999
1570,2526,0.1125,0.309375,0.7059462715335502,0.8275862068965517,63.33333333333332
1571,5083,0.625,0.09375,0.62643055053608,0.8275862068965517,63.33333333333332
1572,5092,0.625,0.0625,0.7324515118660402,0.8275862068965517,63.33333333333332
1573,4934,0.625,0.309375,0.7059462715335502,0.8275862068965517,63.33333333333332
1574,3538,0.3625,0.309375,0.7059462715335502,0.8275862068965517,63.33333333333332
1575,2910,0.125,0.309375,0.7059462715335502,0.8275862068965517,63.33333333333332
1576,4550,0.6125,0.309375,0.7059462715335502,0.8275862068965517,63.33333333333332
1577,4951,0.625,0.278125,0.7718949524153716,0.27586206896551724,63.33333333333332
1578,5545,0.8625,0.278125,0.7718949524153716,0.27586206896551724,63.33333333333332
1579,4480,0.6125,0.194553125,0.8788820624021202,0.0,63.33333333333332
1580,3540,0.3625,0.309375,0.62643055053608,0.27586206896551724,63.33333333333332
1581,3535,0.3625,0.30485937500000004,0.7440320443320082,0.27586206896551724,63.33333333333332
1582,2457,0.1125,0.20159374999999996,0.8773762197325623,0.27586206896551724,63.33333333333332
1583,5557,0.8625,0.295615625,0.7658836284784966,0.0,63.33333333333332
1584,2920,0.125,0.28125,0.6545717383447777,0.27586206896551724,63.33333333333332
1585,2917,0.125,0.295615625,0.7658836284784966,0.27586206896551724,63.33333333333332
1586,4545,0.6125,0.295615625,0.7658836284784966,0.0,63.33333333333332
1587,4131,0.375,0.15274062500000002,0.9902300927599084,0.27586206896551724,63.33333333333332
1588,2528,0.1125,0.309375,0.62643055053608,0.27586206896551724,63.33333333333332
1589,3468,0.3625,0.194553125,0.8788820624021202,0.27586206896551724,63.33333333333332
1590,5084,0.625,0.090625,0.62643055053608,0.9655172413793103,63.29999999999999
1591,22531,0.6125,0.21195312500000002,0.9940127695458378,0.3448275862068966,63.29999999999999
1592,22546,0.5888125,0.213503125,0.9932779183230935,1.0,63.28571428571428
1593,22532,0.6125,0.20878125,0.9953860980604745,1.0,63.28571428571428
1594,22619,0.8151375,0.21505000000000002,0.99250692687628,1.0,63.28571428571428
1595,21941,0.8625,0.1587375,0.9813155041561258,0.27586206896551724,63.22222222222221
1596,22584,0.625,0.21190625000000002,0.9819057944825923,0.9655172413793103,63.19999999999999
1597,23232,0.625,0.16815625,0.9851222744247681,0.9655172413793103,63.19999999999999
1598,3370,0.3625,0.059375,0.6996542585230695,0.6206896551724137,63.19999999999999
1599,23919,0.6724625,0.199375,0.9984098301409469,1.0,63.14285714285713
1600,3387,0.3625,0.090625,0.7671364895795687,0.6206896551724137,63.09999999999999
1601,4879,0.625,0.246875,0.9248042404529574,0.6896551724137931,63.09999999999999
1602,5210,0.625,0.2384375,0.9629442235875195,1.0,63.07142857142856
1603,23889,0.625,0.19003125,0.9878086977472593,1.0,63.05714285714285
1604,4554,0.6125,0.3125,0.6752463558607397,1.0,62.99999999999999
1605,6096,0.875,0.090625,0.62643055053608,0.9655172413793103,62.999999999999986
1606,4949,0.625,0.28125,0.62643055053608,0.13793103448275862,62.999999999999986
1607,4949,0.625,0.28125,0.62643055053608,0.3448275862068966,62.999999999999986
1608,6097,0.875,0.090625,0.7671364895795687,0.6896551724137931,62.999999999999986
1609,5413,0.8625,0.090625,0.62643055053608,0.9655172413793103,62.999999999999986
1610,5085,0.625,0.090625,0.7671364895795687,0.48275862068965514,62.999999999999986
1611,5102,0.625,0.059375,0.6996542585230695,0.13793103448275862,62.999999999999986
1612,3534,0.3625,0.300271875,0.7551740754126008,0.13793103448275862,62.999999999999986
1613,4090,0.375,0.059375,0.6996542585230695,0.48275862068965514,62.999999999999986
1614,5618,0.8625,0.246875,0.9248042404529574,0.13793103448275862,62.999999999999986
1615,2358,0.1125,0.059375,0.6996542585230695,0.6896551724137931,62.999999999999986
1616,6015,0.875,0.194553125,0.8788820624021202,0.9655172413793103,62.999999999999986
1617,4540,0.6125,0.28125,0.6545717383447777,0.9655172413793103,62.999999999999986
1618,4399,0.6125,0.090625,0.7671364895795687,0.48275862068965514,62.999999999999986
1619,4401,0.6125,0.090625,0.62643055053608,0.9655172413793103,62.999999999999986
1620,3394,0.3625,0.09375,0.655524635586074,0.13793103448275862,62.999999999999986
1621,3930,0.375,0.300271875,0.7551740754126008,0.13793103448275862,62.999999999999986
1622,4073,0.375,0.090625,0.7671364895795687,0.48275862068965514,62.999999999999986
1623,2925,0.125,0.28125,0.62643055053608,0.13793103448275862,62.999999999999986
1624,5557,0.8625,0.295615625,0.7658836284784966,0.13793103448275862,62.999999999999986
1625,3370,0.3625,0.059375,0.6996542585230695,0.48275862068965514,62.999999999999986
1626,2925,0.125,0.28125,0.62643055053608,0.6206896551724137,62.999999999999986
1627,2925,0.125,0.28125,0.62643055053608,0.6896551724137931,62.999999999999986
1628,5363,0.8625,0.15274062500000002,0.9902300927599084,0.6896551724137931,62.999999999999986
1629,2517,0.1125,0.28125,0.62643055053608,0.3448275862068966,62.999999999999986
1630,2918,0.125,0.300271875,0.7551740754126008,0.6896551724137931,62.999999999999986
1631,2517,0.1125,0.28125,0.62643055053608,0.13793103448275862,62.999999999999986
1632,5553,0.8625,0.28125,0.62643055053608,0.6206896551724137,62.999999999999986
1633,5558,0.8625,0.300271875,0.7551740754126008,0.6896551724137931,62.999999999999986
1634,3370,0.3625,0.059375,0.6996542585230695,0.13793103448275862,62.999999999999986
1635,4382,0.6125,0.059375,0.6996542585230695,0.13793103448275862,62.999999999999986
1636,4382,0.6125,0.059375,0.6996542585230695,0.48275862068965514,62.999999999999986
1637,5289,0.8625,0.2384375,0.9629442235875195,0.13793103448275862,62.999999999999986
1638,4933,0.625,0.309375,0.62643055053608,0.27586206896551724,62.999999999999986
1639,3938,0.375,0.278125,0.62643055053608,1.0,62.98571428571428
1640,6090,0.875,0.09375,0.655524635586074,0.3448275862068966,62.89999999999999
1641,23144,0.58285,0.18179375,0.9877966510059029,0.9655172413793103,62.89999999999999
1642,4070,0.375,0.09375,0.7718949524153716,1.0,62.89999999999999
1643,5137,0.625,0.197040625,0.9989157932779182,0.3448275862068966,62.889999999999986
1644,21331,0.6487625,0.235340625,0.9782194916275146,0.27586206896551724,62.88888888888888
1645,22613,0.6547,0.210728125,0.9945669196482351,0.48275862068965514,62.79999999999999
1646,3108,0.125,0.2336875,0.9796651005902903,0.27586206896551724,62.777777777777764
1647,4552,0.6125,0.309375,0.62643055053608,0.27586206896551724,62.777777777777764
1648,4552,0.6125,0.309375,0.62643055053608,0.0,62.777777777777764
1649,23915,0.672475,0.19314375,0.9995422238284545,1.0,62.71428571428571
1650,22613,0.6547,0.210728125,0.9945669196482351,0.6206896551724137,62.69999999999999
1651,6017,0.875,0.20159374999999996,0.8773762197325623,0.3448275862068966,62.69999999999999
1652,22634,0.6547,0.22554687499999998,0.9860619202505723,0.48275862068965514,62.69999999999999
1653,4546,0.6125,0.300271875,0.7551740754126008,0.6206896551724137,62.69999999999999
1654,5218,0.625,0.215625,0.958089386820865,0.9655172413793103,62.69999999999999
1655,22562,0.40470000000000006,0.22554687499999998,0.9860619202505723,1.0,62.57142857142856
1656,22626,0.672475,0.215021875,0.9925189736176363,0.0,62.55555555555554
1657,5082,0.625,0.09375,0.7718949524153716,1.0,62.54285714285714
1658,2873,0.125,0.29007499999999997,0.7915190940850501,1.0,62.54285714285714
1659,3059,0.125,0.09375,0.62643055053608,0.8275862068965517,62.49999999999999
1660,22512,0.375,0.21190625000000002,0.9819057944825923,0.3448275862068966,62.499999999999986
1661,4284,0.6125,0.21875,0.978279725334297,0.0,62.44444444444443
1662,5221,0.625,0.215625,0.9800385495723407,1.0,62.42857142857142
1663,6145,0.875,0.22643437500000002,0.9854234429586796,0.6206896551724137,62.41999999999999
1664,22536,0.375,0.20878125,0.9953860980604745,0.9655172413793103,62.39999999999999
1665,22608,0.625,0.20878125,0.9953860980604745,0.3448275862068966,62.39999999999999
1666,22519,0.5888,0.213503125,0.9811348030357788,0.6896551724137931,62.39999999999999
1667,5030,0.625,0.17028125,0.8773762197325623,1.0,62.342857142857135
1668,5269,0.8625,0.1875,0.9575954704252498,0.27586206896551724,62.33333333333332
1669,4277,0.6125,0.2384375,0.9629442235875195,0.48275862068965514,62.319999999999986
1670,23759,0.125,0.2024875,0.9975906517287073,0.9655172413793103,62.29999999999999
1671,4079,0.375,0.067015625,0.7440320443320082,1.0,62.28571428571428
1672,4750,0.625,0.171346875,0.9860498735092157,0.6206896551724137,62.22999999999999
1673,2521,0.1125,0.295615625,0.7658836284784966,0.27586206896551724,62.22222222222221
1674,5418,0.8625,0.09375,0.655524635586074,0.0,62.22222222222221
1675,5411,0.8625,0.090625,0.7671364895795687,0.0,62.22222222222221
1676,3540,0.3625,0.309375,0.62643055053608,0.0,62.22222222222221
1677,2358,0.1125,0.059375,0.6996542585230695,0.0,62.22222222222221
1678,23829,0.6125,0.2024875,0.9975906517287073,0.27586206896551724,62.22222222222221
1679,4406,0.6125,0.09375,0.655524635586074,0.0,62.22222222222221
1680,5790,0.875,0.139959375,0.96883508011083,0.27586206896551724,62.22222222222221
1681,4540,0.6125,0.28125,0.6545717383447777,0.0,62.22222222222221
1682,3931,0.375,0.30485937500000004,0.7440320443320082,0.27586206896551724,62.22222222222221
1683,6097,0.875,0.090625,0.7671364895795687,0.0,62.22222222222221
1684,3339,0.3625,0.15274062500000002,0.9902300927599084,0.27586206896551724,62.22222222222221
1685,5962,0.875,0.278125,0.62643055053608,0.27586206896551724,62.22222222222221
1686,3113,0.125,0.197040625,0.9989157932779182,0.6896551724137931,62.19999999999999
1687,6017,0.875,0.20159374999999996,0.8773762197325623,0.6896551724137931,62.19999999999999
1688,5541,0.8625,0.278125,0.655524635586074,1.0,62.185714285714276
1689,5657,0.8625,0.042315000000000005,0.7767256956993133,1.0,62.15714285714285
1690,5402,0.8625,0.067015625,0.7440320443320082,1.0,62.14285714285713
1691,2906,0.125,0.3125,0.6752463558607397,1.0,62.14285714285713
1692,5227,0.625,0.1875,0.9575954704252498,0.0,62.1111111111111
1693,4480,0.6125,0.194553125,0.8788820624021202,0.3448275862068966,62.09999999999999
1694,22532,0.6125,0.20878125,0.9953860980604745,0.9655172413793103,62.09999999999999
1695,22634,0.6547,0.22554687499999998,0.9860619202505723,0.9655172413793103,62.09999999999999
1696,5748,0.8625,0.171346875,0.9860498735092157,0.3448275862068966,62.069999999999986
1697,23200,0.5888125,0.179059375,0.9995904107938802,1.0,61.99999999999999
1698,3387,0.3625,0.090625,0.7671364895795687,0.48275862068965514,61.999999999999986
1699,5413,0.8625,0.090625,0.62643055053608,0.13793103448275862,61.999999999999986
1700,5085,0.625,0.090625,0.7671364895795687,0.13793103448275862,61.999999999999986
1701,5411,0.8625,0.090625,0.7671364895795687,0.6896551724137931,61.999999999999986
1702,3389,0.3625,0.090625,0.62643055053608,0.9655172413793103,61.999999999999986
1703,3533,0.3625,0.295615625,0.7658836284784966,0.9655172413793103,61.999999999999986
1704,3061,0.125,0.090625,0.7671364895795687,0.13793103448275862,61.999999999999986
1705,5103,0.625,0.059375,0.6752463558607397,0.9655172413793103,61.999999999999986
1706,23829,0.6125,0.2024875,0.9975906517287073,0.13793103448275862,61.999999999999986
1707,5143,0.625,0.15274062500000002,0.9902300927599084,0.6896551724137931,61.999999999999986
1708,4399,0.6125,0.090625,0.7671364895795687,0.13793103448275862,61.999999999999986
1709,5394,0.8625,0.059375,0.6996542585230695,0.48275862068965514,61.999999999999986
1710,5394,0.8625,0.059375,0.6996542585230695,0.6896551724137931,61.999999999999986
1711,2375,0.1125,0.090625,0.7671364895795687,0.13793103448275862,61.999999999999986
1712,2925,0.125,0.28125,0.62643055053608,0.3448275862068966,61.999999999999986
1713,5953,0.875,0.295615625,0.7658836284784966,0.9655172413793103,61.999999999999986
1714,2918,0.125,0.300271875,0.7551740754126008,0.13793103448275862,61.999999999999986
1715,5954,0.875,0.300271875,0.7551740754126008,0.6896551724137931,61.999999999999986
1716,6145,0.875,0.22643437500000002,0.9854234429586796,0.9655172413793103,61.999999999999986
1717,4381,0.6125,0.059375,0.6752463558607397,0.9655172413793103,61.999999999999986
1718,2371,0.1125,0.090625,0.6545717383447777,1.0,61.98571428571428
1719,2526,0.1125,0.309375,0.7059462715335502,1.0,61.98571428571428
1720,23232,0.625,0.16815625,0.9851222744247681,1.0,61.95714285714285
1721,5277,0.8625,0.215625,0.9361402240693892,1.0,61.92857142857142
1722,23817,0.375,0.19003125,0.9878086977472593,0.6896551724137931,61.89999999999999
1723,5143,0.625,0.15274062500000002,0.9902300927599084,0.48275862068965514,61.89999999999999
1724,6103,0.875,0.067015625,0.7440320443320082,1.0,61.85714285714285
1725,3918,0.375,0.3125,0.6752463558607397,1.0,61.85714285714285
1726,4750,0.625,0.171346875,0.9860498735092157,0.48275862068965514,61.78999999999999
1727,4019,0.375,0.17732187500000002,0.8788820624021202,1.0,61.78571428571428
1728,4933,0.625,0.309375,0.62643055053608,0.0,61.777777777777764
1729,6145,0.875,0.22643437500000002,0.9854234429586796,0.0,61.777777777777764
1730,2316,0.1125,0.2336875,0.9796651005902903,0.9655172413793103,61.69999999999999
1731,5418,0.8625,0.09375,0.655524635586074,0.3448275862068966,61.69999999999999
1732,3333,0.3625,0.197040625,0.9989157932779182,0.9655172413793103,61.69999999999999
1733,3377,0.3625,0.0625,0.7324515118660402,0.8275862068965517,61.66666666666666
1734,6104,0.875,0.0625,0.7324515118660402,0.8275862068965517,61.66666666666666
1735,5351,0.8625,0.2408875,0.9729671123960967,0.8275862068965517,61.66666666666666
1736,3922,0.375,0.309375,0.7059462715335502,0.8275862068965517,61.66666666666666
1737,4080,0.375,0.0625,0.7324515118660402,0.8275862068965517,61.66666666666666
1738,4121,0.375,0.22643437500000002,0.9854234429586796,1.0,61.61428571428571
1739,3378,0.3625,0.067015625,0.7440320443320082,1.0,61.57142857142856
1740,22633,0.6844625,0.22359999999999997,0.987411155282496,1.0,61.57142857142856
1741,4930,0.625,0.3125,0.6752463558607397,1.0,61.49999999999999
1742,4546,0.6125,0.300271875,0.7551740754126008,0.48275862068965514,61.39999999999999
1743,5909,0.875,0.29007499999999997,0.7915190940850501,1.0,61.37142857142857
1744,4344,0.6125,0.20443125,0.9969883146608842,0.0,61.33333333333332
1745,3469,0.3625,0.20159374999999996,0.8773762197325623,0.6206896551724137,61.29999999999999
1746,23930,0.6546875,0.188853125,0.9999277195518612,0.6896551724137931,61.29999999999999
1747,21317,0.654725,0.23260625,0.9805926996747379,0.27586206896551724,61.22222222222221
1748,23911,0.8328749999999999,0.20366875,0.9972292494880134,0.0,61.22222222222221
1749,23756,0.3625,0.2024875,0.9975906517287073,0.0,61.22222222222221
1750,22522,0.6125,0.20878125,0.9832791229972292,0.9655172413793103,61.19999999999999
1751,22634,0.6547,0.22554687499999998,0.9860619202505723,0.3448275862068966,61.19999999999999
1752,3058,0.125,0.09375,0.7718949524153716,1.0,61.171428571428564
1753,2530,0.1125,0.3125,0.6752463558607397,1.0,61.15714285714285
1754,6076,0.875,0.125,0.62643055053608,1.0,61.14285714285713
1755,4950,0.625,0.278125,0.62643055053608,0.27586206896551724,61.1111111111111
1756,5492,0.8625,0.194553125,0.8788820624021202,0.27586206896551724,61.1111111111111
1757,4941,0.625,0.295615625,0.7658836284784966,0.0,61.1111111111111
1758,3939,0.375,0.278125,0.7718949524153716,0.27586206896551724,61.1111111111111
1759,3993,0.375,0.20159374999999996,0.8773762197325623,0.27586206896551724,61.1111111111111
1760,2357,0.1125,0.059375,0.6752463558607397,0.27586206896551724,61.1111111111111
1761,6114,0.875,0.059375,0.6996542585230695,0.0,61.1111111111111
1762,5394,0.8625,0.059375,0.6996542585230695,0.0,61.1111111111111
1763,2919,0.125,0.30485937500000004,0.7440320443320082,0.27586206896551724,61.1111111111111
1764,5360,0.8625,0.17483437500000001,0.9989157932779182,0.27586206896551724,61.1111111111111
1765,2909,0.125,0.309375,0.62643055053608,0.0,61.1111111111111
1766,2909,0.125,0.309375,0.62643055053608,0.27586206896551724,61.1111111111111
1767,3921,0.375,0.309375,0.62643055053608,0.27586206896551724,61.1111111111111
1768,3739,0.375,0.17785625,0.9873750150584266,0.27586206896551724,61.1111111111111
1769,23889,0.625,0.19003125,0.9878086977472593,0.6896551724137931,61.09999999999999
1770,4347,0.6125,0.182234375,0.9998795325864354,0.9655172413793103,61.09999999999999
1771,23930,0.6546875,0.188853125,0.9999277195518612,0.6206896551724137,61.09999999999999
1772,21200,0.5829,0.24742187499999999,0.9534513913986267,1.0,60.99999999999999
1773,4402,0.6125,0.09375,0.7718949524153716,1.0,60.99999999999999
1774,2378,0.1125,0.09375,0.7718949524153716,1.0,60.99999999999999
1775,23164,0.5888125,0.179059375,0.9875316226960605,1.0,60.99999999999999
1776,4066,0.375,0.09375,0.655524635586074,0.13793103448275862,60.999999999999986
1777,4941,0.625,0.295615625,0.7658836284784966,0.9655172413793103,60.999999999999986
1778,4480,0.6125,0.194553125,0.8788820624021202,0.13793103448275862,60.999999999999986
1779,3078,0.125,0.059375,0.6996542585230695,0.6896551724137931,60.999999999999986
1780,3394,0.3625,0.09375,0.655524635586074,0.6896551724137931,60.999999999999986
1781,2522,0.1125,0.300271875,0.7551740754126008,0.6896551724137931,60.999999999999986
1782,3534,0.3625,0.300271875,0.7551740754126008,0.6206896551724137,60.999999999999986
1783,3060,0.125,0.090625,0.62643055053608,0.13793103448275862,60.999999999999986
1784,3054,0.125,0.09375,0.655524635586074,0.13793103448275862,60.999999999999986
1785,6015,0.875,0.194553125,0.8788820624021202,0.6206896551724137,60.999999999999986
1786,3528,0.3625,0.28125,0.6545717383447777,0.9655172413793103,60.999999999999986
1787,5553,0.8625,0.28125,0.62643055053608,0.3448275862068966,60.999999999999986
1788,4751,0.625,0.17785625,0.9873750150584266,0.13793103448275862,60.999999999999986
1789,3468,0.3625,0.194553125,0.8788820624021202,0.9655172413793103,60.999999999999986
1790,6097,0.875,0.090625,0.7671364895795687,0.3448275862068966,60.999999999999986
1791,4545,0.6125,0.295615625,0.7658836284784966,0.48275862068965514,60.999999999999986
1792,6145,0.875,0.22643437500000002,0.9854234429586796,0.13793103448275862,60.999999999999986
1793,22461,0.3625,0.21195312500000002,0.9940127695458378,0.6896551724137931,60.999999999999986
1794,4351,0.6125,0.15274062500000002,0.9902300927599084,0.6896551724137931,60.999999999999986
1795,5557,0.8625,0.295615625,0.7658836284784966,0.9655172413793103,60.999999999999986
1796,5553,0.8625,0.28125,0.62643055053608,0.6896551724137931,60.999999999999986
1797,3469,0.3625,0.20159374999999996,0.8773762197325623,0.48275862068965514,60.999999999999986
1798,22630,0.6724625,0.22125,0.9889410914347668,0.27586206896551724,60.999999999999986
1799,5227,0.625,0.1875,0.9575954704252498,0.6206896551724137,60.93999999999999
1800,3856,0.375,0.24041562500000002,0.930333694735574,1.0,60.92857142857142
1801,6015,0.875,0.194553125,0.8788820624021202,0.48275862068965514,60.89999999999999
1802,4277,0.6125,0.2384375,0.9629442235875195,0.3448275862068966,60.889999999999986
1803,22613,0.6547,0.210728125,0.9945669196482351,0.27586206896551724,60.88888888888888
1804,3067,0.125,0.067015625,0.7440320443320082,1.0,60.85714285714285
1805,4481,0.6125,0.20159374999999996,0.8773762197325623,0.8275862068965517,60.83333333333332
1806,3068,0.125,0.0625,0.7324515118660402,0.8275862068965517,60.83333333333332
1807,22512,0.375,0.21190625000000002,0.9819057944825923,0.8275862068965517,60.83333333333332
1808,22613,0.6547,0.210728125,0.9945669196482351,0.6896551724137931,60.79999999999999
1809,3542,0.3625,0.3125,0.6752463558607397,1.0,60.79999999999999
1810,4183,0.375,0.26331875,0.9325864353692326,1.0,60.79999999999999
1811,5980,0.875,0.25,0.62643055053608,1.0,60.79999999999999
1812,5278,0.8625,0.215625,0.958089386820865,0.0,60.777777777777764
1813,22590,0.8625,0.21195312500000002,0.9818817009998795,0.27586206896551724,60.777777777777764
1814,4668,0.6125,0.0625,0.7682568365257197,1.0,60.71428571428571
1815,2320,0.1125,0.20443125,0.9969883146608842,0.9655172413793103,60.69999999999999
1816,3060,0.125,0.090625,0.62643055053608,0.6206896551724137,60.69999999999999
1817,5357,0.8625,0.197040625,0.9989157932779182,0.48275862068965514,60.69999999999999
1818,4545,0.6125,0.295615625,0.7658836284784966,0.6206896551724137,60.69999999999999
1819,4737,0.6125,0.17785625,0.9873750150584266,0.27586206896551724,60.66666666666666
1820,5762,0.875,0.171346875,0.9860498735092157,0.27586206896551724,60.66666666666666
1821,5197,0.625,0.21875,0.9116251054089869,0.27586206896551724,60.66666666666666
1822,22517,0.6125,0.22436249999999996,0.9746536561860017,1.0,60.65714285714285
1823,4751,0.625,0.17785625,0.9873750150584266,1.0,60.65714285714285
1824,5627,0.8625,0.23395937500000002,0.9138296590772196,1.0,60.599999999999994
1825,4284,0.6125,0.21875,0.978279725334297,0.13793103448275862,60.59999999999999
1826,5411,0.8625,0.090625,0.7671364895795687,0.3448275862068966,60.59999999999999
1827,2358,0.1125,0.059375,0.6996542585230695,0.3448275862068966,60.59999999999999
1828,4546,0.6125,0.300271875,0.7551740754126008,0.3448275862068966,60.59999999999999
1829,2877,0.125,0.309375,0.7682568365257197,1.0,60.55714285714285
1830,4253,0.6125,0.206659375,0.8878448379713287,0.27586206896551724,60.55555555555554
1831,5763,0.875,0.17785625,0.9873750150584266,0.27586206896551724,60.55555555555554
1832,4942,0.625,0.300271875,0.7551740754126008,0.6206896551724137,60.499999999999986
1833,23905,0.625,0.2024875,0.9975906517287073,0.9655172413793103,60.499999999999986
1834,21928,0.625,0.1587375,0.9813155041561258,0.6896551724137931,60.499999999999986
1835,5366,0.8625,0.13098749999999998,0.9729671123960967,1.0,60.48571428571428
1836,22604,0.8625,0.20878125,0.9953860980604745,0.0,60.444444444444436
1837,2855,0.125,0.246875,0.9248042404529574,1.0,60.442857142857136
1838,4533,0.6125,0.278125,0.7718949524153716,1.0,60.42571428571428
1839,23144,0.58285,0.18179375,0.9877966510059029,0.6206896551724137,60.39999999999999
1840,5360,0.8625,0.17483437500000001,0.9989157932779182,0.9655172413793103,60.39999999999999
1841,4351,0.6125,0.15274062500000002,0.9902300927599084,0.48275862068965514,60.39999999999999
1842,5140,0.625,0.17483437500000001,0.9989157932779182,1.0,60.39999999999999
1843,5210,0.625,0.2384375,0.9629442235875195,0.0,60.33333333333332
1844,5132,0.625,0.2336875,0.9796651005902903,1.0,60.31428571428571
1845,3108,0.125,0.2336875,0.9796651005902903,0.9655172413793103,60.29999999999999
1846,5850,0.875,0.042315000000000005,0.7767256956993133,1.0,60.28571428571428
1847,5851,0.875,0.0464478125,0.7905914950006022,1.0,60.28571428571428
1848,2381,0.1125,0.09375,0.6846187206360679,1.0,60.28571428571428
1849,6091,0.875,0.09375,0.6846187206360679,1.0,60.28571428571428
1850,5618,0.8625,0.246875,0.9248042404529574,0.6206896551724137,60.27999999999999
1851,5440,0.8625,0.125,0.62643055053608,1.0,60.25714285714285
1852,5597,0.8625,0.29007499999999997,0.7915190940850501,1.0,60.22857142857142
1853,5628,0.8625,0.24041562500000002,0.930333694735574,0.27586206896551724,60.22222222222221
1854,4120,0.375,0.2336875,0.9796651005902903,0.0,60.22222222222221
1855,22613,0.6547,0.210728125,0.9945669196482351,0.3448275862068966,60.19999999999999
1856,4406,0.6125,0.09375,0.655524635586074,0.3448275862068966,60.19999999999999
1857,23839,0.582875,0.20366875,0.9972292494880134,1.0,60.14285714285713
1858,3251,0.3625,0.20919375,0.9831104686182388,1.0,60.12857142857142
1859,4072,0.375,0.090625,0.62643055053608,0.6206896551724137,60.09999999999999
1860,5031,0.625,0.17732187500000002,0.8788820624021202,1.0,60.04285714285714
1861,4456,0.6125,0.17028125,0.8773762197325623,1.0,60.04285714285714
1862,4878,0.625,0.246875,0.9027707505119864,1.0,60.014285714285705
1863,5227,0.625,0.1875,0.9575954704252498,1.0,60.014285714285705
1864,23224,0.625,0.1806125,0.9877002770750511,0.8275862068965517,59.99999999999999
1865,2365,0.1125,0.0625,0.7324515118660402,0.8275862068965517,59.99999999999999
1866,4389,0.6125,0.0625,0.7324515118660402,0.8275862068965517,59.99999999999999
1867,4066,0.375,0.09375,0.655524635586074,0.6896551724137931,59.999999999999986
1868,5564,0.8625,0.309375,0.62643055053608,0.9655172413793103,59.999999999999986
1869,5564,0.8625,0.309375,0.62643055053608,0.13793103448275862,59.999999999999986
1870,5078,0.625,0.09375,0.655524635586074,0.6896551724137931,59.999999999999986
1871,5084,0.625,0.090625,0.62643055053608,0.6206896551724137,59.999999999999986
1872,3061,0.125,0.090625,0.7671364895795687,0.6896551724137931,59.999999999999986
1873,4406,0.6125,0.09375,0.655524635586074,0.6896551724137931,59.999999999999986
1874,5945,0.875,0.309375,0.62643055053608,0.13793103448275862,59.999999999999986
1875,5945,0.875,0.309375,0.62643055053608,0.9655172413793103,59.999999999999986
1876,4540,0.6125,0.28125,0.6545717383447777,0.48275862068965514,59.999999999999986
1877,4540,0.6125,0.28125,0.6545717383447777,0.6206896551724137,59.999999999999986
1878,4751,0.625,0.17785625,0.9873750150584266,0.9655172413793103,59.999999999999986
1879,4750,0.625,0.171346875,0.9860498735092157,0.13793103448275862,59.999999999999986
1880,3932,0.375,0.28125,0.6545717383447777,0.9655172413793103,59.999999999999986
1881,4072,0.375,0.090625,0.62643055053608,0.48275862068965514,59.999999999999986
1882,2375,0.1125,0.090625,0.7671364895795687,0.6896551724137931,59.999999999999986
1883,4344,0.6125,0.20443125,0.9969883146608842,0.13793103448275862,59.999999999999986
1884,6155,0.875,0.15274062500000002,0.9902300927599084,0.9655172413793103,59.999999999999986
1885,21928,0.625,0.1587375,0.9813155041561258,0.48275862068965514,59.999999999999986
1886,4545,0.6125,0.295615625,0.7658836284784966,0.6896551724137931,59.999999999999986
1887,4073,0.375,0.090625,0.7671364895795687,0.13793103448275862,59.999999999999986
1888,4547,0.6125,0.30485937500000004,0.7440320443320082,0.9655172413793103,59.999999999999986
1889,5748,0.8625,0.171346875,0.9860498735092157,0.6896551724137931,59.999999999999986
1890,3929,0.375,0.295615625,0.7658836284784966,0.9655172413793103,59.999999999999986
1891,2522,0.1125,0.300271875,0.7551740754126008,0.13793103448275862,59.999999999999986
1892,3369,0.3625,0.059375,0.6752463558607397,0.9655172413793103,59.999999999999986
1893,4072,0.375,0.090625,0.62643055053608,0.13793103448275862,59.999999999999986
1894,23930,0.6546875,0.188853125,0.9999277195518612,0.3448275862068966,59.999999999999986
1895,23930,0.6546875,0.188853125,0.9999277195518612,0.48275862068965514,59.999999999999986
1896,4944,0.625,0.28125,0.6545717383447777,0.0,59.999999999999986
1897,5547,0.8625,0.278125,0.62643055053608,0.0,59.999999999999986
1898,5078,0.625,0.09375,0.655524635586074,0.0,59.999999999999986
1899,5085,0.625,0.090625,0.7671364895795687,0.0,59.999999999999986
1900,4533,0.6125,0.278125,0.7718949524153716,0.27586206896551724,59.999999999999986
1901,3078,0.125,0.059375,0.6996542585230695,0.0,59.999999999999986
1902,2523,0.1125,0.30485937500000004,0.7440320443320082,0.27586206896551724,59.999999999999986
1903,3061,0.125,0.090625,0.7671364895795687,0.0,59.999999999999986
1904,3533,0.3625,0.295615625,0.7658836284784966,0.0,59.999999999999986
1905,2981,0.125,0.20159374999999996,0.8773762197325623,0.27586206896551724,59.999999999999986
1906,3932,0.375,0.28125,0.6545717383447777,0.0,59.999999999999986
1907,2456,0.1125,0.194553125,0.8788820624021202,0.27586206896551724,59.999999999999986
1908,3394,0.3625,0.09375,0.655524635586074,0.0,59.999999999999986
1909,3521,0.3625,0.278125,0.7718949524153716,0.27586206896551724,59.999999999999986
1910,2927,0.125,0.278125,0.7718949524153716,0.27586206896551724,59.999999999999986
1911,2375,0.1125,0.090625,0.7671364895795687,0.0,59.999999999999986
1912,5955,0.875,0.30485937500000004,0.7440320443320082,0.0,59.999999999999986
1913,4547,0.6125,0.30485937500000004,0.7440320443320082,0.0,59.999999999999986
1914,5956,0.875,0.28125,0.6545717383447777,0.0,59.999999999999986
1915,5559,0.8625,0.30485937500000004,0.7440320443320082,0.0,59.999999999999986
1916,5143,0.625,0.15274062500000002,0.9902300927599084,0.6206896551724137,59.98999999999999
1917,5614,0.8625,0.25866875,0.8647873750150584,1.0,59.914285714285704
1918,21288,0.625,0.23378125,0.9672328635104203,0.6206896551724137,59.89999999999999
1919,21331,0.6487625,0.235340625,0.9782194916275146,0.9655172413793103,59.89999999999999
1920,3394,0.3625,0.09375,0.655524635586074,0.3448275862068966,59.89999999999999
1921,3930,0.375,0.300271875,0.7551740754126008,0.6206896551724137,59.89999999999999
1922,22520,0.5651375,0.21505000000000002,0.9803397181062522,0.27586206896551724,59.88888888888888
1923,21216,0.375,0.23378125,0.9672328635104203,1.0,59.85714285714285
1924,23882,0.648725,0.20093125,0.9859414528370076,1.0,59.85714285714285
1925,6217,0.875,0.22746874999999997,0.9116973858571257,1.0,59.81428571428571
1926,23909,0.654725,0.20366875,0.9972292494880134,0.6206896551724137,59.79999999999999
1927,3061,0.125,0.090625,0.7671364895795687,0.3448275862068966,59.79999999999999
1928,4482,0.6125,0.208621875,0.8749909649439825,0.0,59.777777777777764
1929,22584,0.625,0.21190625000000002,0.9819057944825923,1.0,59.71428571428571
1930,2404,0.1125,0.125,0.62643055053608,1.0,59.71428571428571
1931,2375,0.1125,0.090625,0.7671364895795687,0.3448275862068966,59.69999999999999
1932,4278,0.6125,0.22310937500000003,0.9005421033610408,1.0,59.65714285714285
1933,5880,0.875,0.24041562500000002,0.930333694735574,0.9655172413793103,59.59999999999999
1934,4502,0.6125,0.21875,0.650786652210577,1.0,59.57114285714285
1935,6242,0.875,0.206659375,0.8878448379713287,0.27586206896551724,59.55555555555554
1936,4871,0.625,0.246875,0.9468497771352848,0.27586206896551724,59.55555555555554
1937,5198,0.625,0.21875,0.9338392964703047,1.0,59.53999999999999
1938,6018,0.875,0.208621875,0.8749909649439825,0.9655172413793103,59.499999999999986
1939,5558,0.8625,0.300271875,0.7551740754126008,0.6206896551724137,59.499999999999986
1940,4344,0.6125,0.20443125,0.9969883146608842,0.48275862068965514,59.46999999999999
1941,23809,0.375,0.2024875,0.9855077701481749,1.0,59.42857142857142
1942,2366,0.1125,0.067015625,0.7440320443320082,1.0,59.42857142857142
1943,3534,0.3625,0.300271875,0.7551740754126008,0.48275862068965514,59.39999999999999
1944,5954,0.875,0.300271875,0.7551740754126008,0.6206896551724137,59.39999999999999
1945,3113,0.125,0.197040625,0.9989157932779182,0.6206896551724137,59.36999999999999
1946,5078,0.625,0.09375,0.655524635586074,0.3448275862068966,59.29999999999999
1947,4401,0.6125,0.090625,0.62643055053608,0.6206896551724137,59.29999999999999
1948,5417,0.8625,0.09375,0.6846187206360679,1.0,59.29999999999999
1949,23905,0.625,0.2024875,0.9975906517287073,1.0,59.28571428571428
1950,3243,0.3625,0.19389375,0.8910372244307915,1.0,59.22857142857142
1951,6236,0.875,0.20919375,0.9831104686182388,0.27586206896551724,59.22222222222221
1952,3939,0.375,0.278125,0.7718949524153716,1.0,59.217142857142846
1953,3078,0.125,0.059375,0.6996542585230695,0.3448275862068966,59.19999999999999
1954,23911,0.8328749999999999,0.20366875,0.9972292494880134,0.13793103448275862,59.19999999999999
1955,23107,0.3625,0.1806125,0.9997470184315143,0.9655172413793103,59.19999999999999
1956,23144,0.58285,0.18179375,0.9877966510059029,0.48275862068965514,59.19999999999999
1957,3332,0.3625,0.20443125,0.9969883146608842,0.6896551724137931,59.19999999999999
1958,4121,0.375,0.22643437500000002,0.9854234429586796,0.9655172413793103,59.19999999999999
1959,5185,0.625,0.25,0.884001927478617,1.0,59.171428571428564
1960,5298,0.8625,0.21875,0.9338392964703047,1.0,59.16857142857142
1961,5278,0.8625,0.215625,0.958089386820865,0.8275862068965517,59.16666666666666
1962,5137,0.625,0.197040625,0.9989157932779182,0.8275862068965517,59.16666666666666
1963,5003,0.625,0.194553125,0.8788820624021202,1.0,59.15714285714285
1964,22618,0.8388124999999998,0.213503125,0.9932779183230935,1.0,59.14285714285713
1965,5413,0.8625,0.090625,0.62643055053608,0.6206896551724137,59.09999999999999
1966,3534,0.3625,0.300271875,0.7551740754126008,0.3448275862068966,59.09999999999999
1967,4942,0.625,0.300271875,0.7551740754126008,0.48275862068965514,59.09999999999999
1968,6145,0.875,0.22643437500000002,0.9854234429586796,0.3448275862068966,59.09999999999999
1969,22631,0.6961875,0.21969374999999997,0.9899048307432838,1.0,58.99999999999999
1970,5084,0.625,0.090625,0.62643055053608,0.48275862068965514,58.999999999999986
1971,5084,0.625,0.090625,0.62643055053608,0.13793103448275862,58.999999999999986
1972,4090,0.375,0.059375,0.6996542585230695,0.6896551724137931,58.999999999999986
1973,3054,0.125,0.09375,0.655524635586074,0.6896551724137931,58.999999999999986
1974,3060,0.125,0.090625,0.62643055053608,0.48275862068965514,58.999999999999986
1975,3533,0.3625,0.295615625,0.7658836284784966,0.48275862068965514,58.999999999999986
1976,6018,0.875,0.208621875,0.8749909649439825,0.13793103448275862,58.999999999999986
1977,23828,0.6125,0.19007812500000001,0.9998554391037224,0.9655172413793103,58.999999999999986
1978,4091,0.375,0.059375,0.6752463558607397,0.9655172413793103,58.999999999999986
1979,3387,0.3625,0.090625,0.7671364895795687,0.13793103448275862,58.999999999999986
1980,23144,0.58285,0.18179375,0.9877966510059029,0.3448275862068966,58.999999999999986
1981,6114,0.875,0.059375,0.6996542585230695,0.6896551724137931,58.999999999999986
1982,23909,0.654725,0.20366875,0.9972292494880134,0.48275862068965514,58.999999999999986
1983,4540,0.6125,0.28125,0.6545717383447777,0.13793103448275862,58.999999999999986
1984,2457,0.1125,0.20159374999999996,0.8773762197325623,0.9655172413793103,58.999999999999986
1985,5945,0.875,0.309375,0.62643055053608,0.6896551724137931,58.999999999999986
1986,4540,0.6125,0.28125,0.6545717383447777,0.6896551724137931,58.999999999999986
1987,4399,0.6125,0.090625,0.7671364895795687,0.6896551724137931,58.999999999999986
1988,4401,0.6125,0.090625,0.62643055053608,0.13793103448275862,58.999999999999986
1989,4482,0.6125,0.208621875,0.8749909649439825,0.13793103448275862,58.999999999999986
1990,5953,0.875,0.295615625,0.7658836284784966,0.48275862068965514,58.999999999999986
1991,2377,0.1125,0.090625,0.62643055053608,0.9655172413793103,58.999999999999986
1992,4944,0.625,0.28125,0.6545717383447777,0.9655172413793103,58.999999999999986
1993,5564,0.8625,0.309375,0.62643055053608,0.6896551724137931,58.999999999999986
1994,4545,0.6125,0.295615625,0.7658836284784966,0.13793103448275862,58.999999999999986
1995,2516,0.1125,0.28125,0.6545717383447777,0.9655172413793103,58.999999999999986
1996,6096,0.875,0.090625,0.62643055053608,0.13793103448275862,58.999999999999986
1997,4943,0.625,0.30485937500000004,0.7440320443320082,0.9655172413793103,58.999999999999986
1998,5227,0.625,0.1875,0.9575954704252498,0.13793103448275862,58.999999999999986
1999,6149,0.875,0.197040625,0.9989157932779182,0.13793103448275862,58.999999999999986
2000,4254,0.6125,0.20028437500000001,0.8897964100710757,1.0,58.914285714285704
2001,4277,0.6125,0.2384375,0.9629442235875195,0.6206896551724137,58.90999999999999
2002,22626,0.672475,0.215021875,0.9925189736176363,0.48275862068965514,58.89999999999999
2003,4482,0.6125,0.208621875,0.8749909649439825,0.48275862068965514,58.89999999999999
2004,5558,0.8625,0.300271875,0.7551740754126008,0.48275862068965514,58.89999999999999
2005,4348,0.6125,0.17483437500000001,0.9989157932779182,0.6896551724137931,58.89999999999999
2006,5563,0.8625,0.309375,0.7324515118660402,0.27586206896551724,58.88888888888888
2007,4457,0.6125,0.17732187500000002,0.8788820624021202,0.27586206896551724,58.88888888888888
2008,4090,0.375,0.059375,0.6996542585230695,0.0,58.88888888888888
2009,4937,0.625,0.309375,0.7324515118660402,0.27586206896551724,58.88888888888888
2010,5552,0.8625,0.28125,0.6545717383447777,0.0,58.88888888888888
2011,3656,0.3625,0.0625,0.7682568365257197,0.27586206896551724,58.88888888888888
2012,3528,0.3625,0.28125,0.6545717383447777,0.0,58.88888888888888
2013,4943,0.625,0.30485937500000004,0.7440320443320082,0.0,58.88888888888888
2014,4399,0.6125,0.090625,0.7671364895795687,0.0,58.88888888888888
2015,4391,0.6125,0.071603125,0.7551740754126008,0.27586206896551724,58.88888888888888
2016,2516,0.1125,0.28125,0.6545717383447777,0.0,58.88888888888888
2017,3929,0.375,0.295615625,0.7658836284784966,0.0,58.88888888888888
2018,4066,0.375,0.09375,0.655524635586074,0.0,58.88888888888888
2019,4073,0.375,0.090625,0.7671364895795687,0.0,58.88888888888888
2020,4551,0.6125,0.309375,0.7324515118660402,0.27586206896551724,58.88888888888888
2021,5962,0.875,0.278125,0.62643055053608,0.0,58.88888888888888
2022,3921,0.375,0.309375,0.62643055053608,0.0,58.88888888888888
2023,3370,0.3625,0.059375,0.6996542585230695,0.0,58.88888888888888
2024,23224,0.625,0.1806125,0.9877002770750511,1.0,58.85714285714285
2025,23914,0.6961999999999999,0.194703125,0.9993253824840381,1.0,58.85714285714285
2026,22533,0.6125,0.22748749999999998,0.984652451511866,0.6206896551724137,58.79999999999999
2027,3389,0.3625,0.090625,0.62643055053608,0.6206896551724137,58.79999999999999
2028,22626,0.672475,0.215021875,0.9925189736176363,0.6206896551724137,58.79999999999999
2029,22516,0.5888375,0.2228125,0.9757137694253704,0.9655172413793103,58.79999999999999
2030,6151,0.875,0.182234375,0.9998795325864354,0.27586206896551724,58.777777777777764
2031,5265,0.8625,0.206659375,0.8878448379713287,1.0,58.771428571428565
2032,4535,0.6125,0.278125,0.62643055053608,1.0,58.72857142857142
2033,3994,0.375,0.208621875,0.8749909649439825,1.0,58.72857142857142
2034,22515,0.5651375,0.22125625,0.9767256956993133,1.0,58.71428571428571
2035,22626,0.672475,0.215021875,0.9925189736176363,0.9655172413793103,58.69999999999999
2036,5357,0.8625,0.197040625,0.9989157932779182,0.6896551724137931,58.69999999999999
2037,2560,0.1125,0.309375,0.7682568365257197,1.0,58.671428571428564
2038,22594,0.8625,0.20878125,0.9832791229972292,0.27586206896551724,58.66666666666666
2039,5942,0.875,0.3125,0.6752463558607397,1.0,58.65714285714285
2040,4901,0.625,0.309375,0.7682568365257197,1.0,58.64285714285713
2041,3696,0.3625,0.146521875,0.9739549451873267,1.0,58.62857142857142
2042,4066,0.375,0.09375,0.655524635586074,0.3448275862068966,58.59999999999999
2043,4545,0.6125,0.295615625,0.7658836284784966,0.3448275862068966,58.59999999999999
2044,4348,0.6125,0.17483437500000001,0.9989157932779182,0.48275862068965514,58.59999999999999
2045,23261,0.8625,0.1837375,0.9999638597759306,1.0,58.57142857142856
2046,22538,0.375,0.22436249999999996,0.9868931454041681,0.6896551724137931,58.49999999999999
2047,23806,0.5888125,0.191625,0.9876641368509818,0.9655172413793103,58.49999999999999
2048,3054,0.125,0.09375,0.655524635586074,0.3448275862068966,58.49999999999999
2049,6114,0.875,0.059375,0.6996542585230695,0.3448275862068966,58.49999999999999
2050,4942,0.625,0.300271875,0.7551740754126008,0.3448275862068966,58.49999999999999
2051,23803,0.588825,0.20093437500000003,0.9859414528370076,0.6206896551724137,58.49999999999999
2052,3930,0.375,0.300271875,0.7551740754126008,0.48275862068965514,58.49999999999999
2053,4399,0.6125,0.090625,0.7671364895795687,0.3448275862068966,58.49999999999999
2054,21288,0.625,0.23378125,0.9672328635104203,0.3448275862068966,58.49999999999999
2055,4932,0.625,0.3125,0.62643055053608,1.0,58.47142857142856
2056,23807,0.5651375,0.193175,0.9874834357306348,1.0,58.42857142857142
2057,22614,0.74375,0.216571875,0.9916877484640403,1.0,58.42857142857142
2058,15183,0.8625,0.033780624999999995,0.7456993133357427,1.0,58.42857142857142
2059,23756,0.3625,0.2024875,0.9975906517287073,0.48275862068965514,58.39999999999999
2060,4584,0.6125,0.309375,0.7682568365257197,1.0,58.37142857142857
2061,3572,0.3625,0.309375,0.7682568365257197,1.0,58.342857142857135
2062,5227,0.625,0.1875,0.9575954704252498,0.3448275862068966,58.33999999999999
2063,23889,0.625,0.19003125,0.9878086977472593,0.8275862068965517,58.33333333333332
2064,22523,0.5828,0.210728125,0.9824478978436332,0.9655172413793103,58.29999999999999
2065,4482,0.6125,0.208621875,0.8749909649439825,0.6206896551724137,58.29999999999999
2066,22624,0.8388375,0.2228125,0.9879412119021804,1.0,58.28571428571428
2067,5618,0.8625,0.246875,0.9248042404529574,0.3448275862068966,58.23999999999999
2068,6149,0.875,0.197040625,0.9989157932779182,0.0,58.22222222222221
2069,6018,0.875,0.208621875,0.8749909649439825,0.0,58.22222222222221
2070,4073,0.375,0.090625,0.7671364895795687,0.3448275862068966,58.19999999999999
2071,3533,0.3625,0.295615625,0.7658836284784966,0.6206896551724137,58.19999999999999
2072,4540,0.6125,0.28125,0.6545717383447777,0.3448275862068966,58.19999999999999
2073,5558,0.8625,0.300271875,0.7551740754126008,0.3448275862068966,58.19999999999999
2074,4750,0.625,0.171346875,0.9860498735092157,0.3448275862068966,58.18999999999999
2075,22516,0.5888375,0.2228125,0.9757137694253704,0.6206896551724137,58.09999999999999
2076,3930,0.375,0.300271875,0.7551740754126008,0.3448275862068966,58.09999999999999
2077,5954,0.875,0.300271875,0.7551740754126008,0.3448275862068966,58.09999999999999
2078,5953,0.875,0.295615625,0.7658836284784966,0.6206896551724137,58.09999999999999
2079,5954,0.875,0.300271875,0.7551740754126008,0.48275862068965514,58.09999999999999
2080,5356,0.8625,0.20443125,0.9969883146608842,0.9655172413793103,58.09999999999999
2081,3004,0.125,0.163253125,0.8749909649439825,1.0,58.014285714285705
2082,4344,0.6125,0.20443125,0.9969883146608842,0.8275862068965517,57.99999999999999
2083,2528,0.1125,0.309375,0.62643055053608,0.9655172413793103,57.99999999999999
2084,4073,0.375,0.090625,0.7671364895795687,0.6896551724137931,57.99999999999999
2085,3079,0.125,0.059375,0.6752463558607397,0.9655172413793103,57.99999999999999
2086,5547,0.8625,0.278125,0.62643055053608,0.9655172413793103,57.99999999999999
2087,5085,0.625,0.090625,0.7671364895795687,0.6896551724137931,57.99999999999999
2088,5413,0.8625,0.090625,0.62643055053608,0.48275862068965514,57.99999999999999
2089,3389,0.3625,0.090625,0.62643055053608,0.48275862068965514,57.99999999999999
2090,3535,0.3625,0.30485937500000004,0.7440320443320082,0.9655172413793103,57.99999999999999
2091,5085,0.625,0.090625,0.7671364895795687,0.3448275862068966,57.99999999999999
2092,4941,0.625,0.295615625,0.7658836284784966,0.48275862068965514,57.99999999999999
2093,3387,0.3625,0.090625,0.7671364895795687,0.6896551724137931,57.99999999999999
2094,6115,0.875,0.059375,0.6752463558607397,0.9655172413793103,57.99999999999999
2095,3931,0.375,0.30485937500000004,0.7440320443320082,0.9655172413793103,57.99999999999999
2096,2521,0.1125,0.295615625,0.7658836284784966,0.9655172413793103,57.99999999999999
2097,5945,0.875,0.309375,0.62643055053608,0.3448275862068966,57.99999999999999
2098,5945,0.875,0.309375,0.62643055053608,0.48275862068965514,57.99999999999999
2099,4401,0.6125,0.090625,0.62643055053608,0.48275862068965514,57.99999999999999
2100,3389,0.3625,0.090625,0.62643055053608,0.13793103448275862,57.99999999999999
2101,5393,0.8625,0.059375,0.6752463558607397,0.9655172413793103,57.99999999999999
2102,3929,0.375,0.295615625,0.7658836284784966,0.48275862068965514,57.99999999999999
2103,2917,0.125,0.295615625,0.7658836284784966,0.9655172413793103,57.99999999999999
2104,5493,0.8625,0.20159374999999996,0.8773762197325623,0.13793103448275862,57.99999999999999
2105,5955,0.875,0.30485937500000004,0.7440320443320082,0.13793103448275862,57.99999999999999
2106,5559,0.8625,0.30485937500000004,0.7440320443320082,0.13793103448275862,57.99999999999999
2107,5493,0.8625,0.20159374999999996,0.8773762197325623,0.9655172413793103,57.99999999999999
2108,4951,0.625,0.278125,0.7718949524153716,0.9655172413793103,57.99999999999999
2109,5557,0.8625,0.295615625,0.7658836284784966,0.48275862068965514,57.99999999999999
2110,3469,0.3625,0.20159374999999996,0.8773762197325623,0.6896551724137931,57.99999999999999
2111,4382,0.6125,0.059375,0.6996542585230695,0.6896551724137931,57.99999999999999
2112,3370,0.3625,0.059375,0.6996542585230695,0.6896551724137931,57.99999999999999
2113,22504,0.375,0.22436249999999996,0.9746536561860017,1.0,57.99999999999999
2114,4750,0.625,0.171346875,0.9860498735092157,0.0,57.999999999999986
2115,5760,0.875,0.16485,0.9839657872545476,0.27586206896551724,57.999999999999986
2116,22603,0.8625,0.21195312500000002,0.9940127695458378,0.27586206896551724,57.999999999999986
2117,23855,0.588825,0.20093437500000003,0.9980122876761836,0.27586206896551724,57.999999999999986
2118,4941,0.625,0.295615625,0.7658836284784966,0.6206896551724137,57.89999999999999
2119,3113,0.125,0.197040625,0.9989157932779182,0.3448275862068966,57.89999999999999
2120,6155,0.875,0.15274062500000002,0.9902300927599084,0.48275862068965514,57.89999999999999
2121,23918,0.648725,0.20093125,0.99802433441754,0.9655172413793103,57.89999999999999
2122,3469,0.3625,0.20159374999999996,0.8773762197325623,0.3448275862068966,57.89999999999999
2123,5064,0.625,0.125,0.62643055053608,1.0,57.85714285714285
2124,2229,0.1125,0.206659375,0.8878448379713287,1.0,57.82857142857142
2125,3468,0.3625,0.194553125,0.8788820624021202,0.48275862068965514,57.79999999999999
2126,6149,0.875,0.197040625,0.9989157932779182,0.9655172413793103,57.79999999999999
2127,23224,0.625,0.1806125,0.9877002770750511,0.48275862068965514,57.79999999999999
2128,22634,0.6547,0.22554687499999998,0.9860619202505723,0.6896551724137931,57.79999999999999
2129,5557,0.8625,0.295615625,0.7658836284784966,0.6206896551724137,57.79999999999999
2130,5357,0.8625,0.197040625,0.9989157932779182,0.6206896551724137,57.78999999999999
2131,2509,0.1125,0.278125,0.7718949524153716,0.27586206896551724,57.777777777777764
2132,5136,0.625,0.20443125,0.9969883146608842,0.27586206896551724,57.777777777777764
2133,4951,0.625,0.278125,0.7718949524153716,0.0,57.777777777777764
2134,5403,0.8625,0.071603125,0.7551740754126008,0.27586206896551724,57.777777777777764
2135,2527,0.1125,0.309375,0.7324515118660402,0.27586206896551724,57.777777777777764
2136,3539,0.3625,0.309375,0.7324515118660402,0.27586206896551724,57.777777777777764
2137,3535,0.3625,0.30485937500000004,0.7440320443320082,0.0,57.777777777777764
2138,5949,0.875,0.309375,0.7324515118660402,0.27586206896551724,57.777777777777764
2139,23237,0.8625,0.1806125,0.9877002770750511,0.27586206896551724,57.777777777777764
2140,3054,0.125,0.09375,0.655524635586074,0.0,57.777777777777764
2141,3387,0.3625,0.090625,0.7671364895795687,0.0,57.777777777777764
2142,2920,0.125,0.28125,0.6545717383447777,0.0,57.777777777777764
2143,2917,0.125,0.295615625,0.7658836284784966,0.0,57.777777777777764
2144,5102,0.625,0.059375,0.6996542585230695,0.0,57.777777777777764
2145,5093,0.625,0.071603125,0.7551740754126008,0.27586206896551724,57.777777777777764
2146,3925,0.375,0.309375,0.7324515118660402,0.27586206896551724,57.777777777777764
2147,2727,0.125,0.17785625,0.9873750150584266,0.27586206896551724,57.777777777777764
2148,5005,0.625,0.20159374999999996,0.8773762197325623,0.27586206896551724,57.777777777777764
2149,5353,0.8625,0.22643437500000002,0.9854234429586796,0.27586206896551724,57.777777777777764
2150,4668,0.6125,0.0625,0.7682568365257197,0.27586206896551724,57.777777777777764
2151,5963,0.875,0.278125,0.7718949524153716,0.27586206896551724,57.777777777777764
2152,3738,0.375,0.171346875,0.9860498735092157,0.27586206896551724,57.777777777777764
2153,5132,0.625,0.2336875,0.9796651005902903,0.3448275862068966,57.76999999999999
2154,22625,0.6962125,0.216578125,0.9916877484640403,1.0,57.71428571428571
2155,3468,0.3625,0.194553125,0.8788820624021202,0.6206896551724137,57.69999999999999
2156,6145,0.875,0.22643437500000002,0.9854234429586796,0.6896551724137931,57.69999999999999
2157,2918,0.125,0.300271875,0.7551740754126008,0.6206896551724137,57.69999999999999
2158,4090,0.375,0.059375,0.6996542585230695,0.3448275862068966,57.69999999999999
2159,23909,0.654725,0.20366875,0.9972292494880134,0.9655172413793103,57.69999999999999
2160,23803,0.588825,0.20093437500000003,0.9859414528370076,0.48275862068965514,57.69999999999999
2161,5218,0.625,0.215625,0.958089386820865,0.6896551724137931,57.639999999999986
2162,2500,0.1125,0.25,0.62643055053608,1.0,57.62857142857142
2163,5199,0.625,0.21875,0.9560534875316226,0.9655172413793103,57.59999999999999
2164,3528,0.3625,0.28125,0.6545717383447777,0.6206896551724137,57.59999999999999
2165,6015,0.875,0.194553125,0.8788820624021202,0.3448275862068966,57.59999999999999
2166,4871,0.625,0.246875,0.9468497771352848,0.9655172413793103,57.59999999999999
2167,23144,0.58285,0.18179375,0.9877966510059029,0.6896551724137931,57.59999999999999
2168,3540,0.3625,0.309375,0.62643055053608,0.9655172413793103,57.59999999999999
2169,22516,0.5888375,0.2228125,0.9757137694253704,0.48275862068965514,57.59999999999999
2170,22604,0.8625,0.20878125,0.9953860980604745,0.13793103448275862,57.59999999999999
2171,4351,0.6125,0.15274062500000002,0.9902300927599084,0.6206896551724137,57.58999999999999
2172,4123,0.375,0.21179687500000002,0.9940850499939766,1.0,57.57142857142856
2173,5273,0.8625,0.196271875,0.9870015660763762,0.27586206896551724,57.55555555555554
2174,4196,0.375,0.225353125,0.9739549451873267,1.0,57.52857142857142
2175,2358,0.1125,0.059375,0.6996542585230695,0.8275862068965517,57.49999999999999
2176,4339,0.6125,0.2408875,0.9729671123960967,0.8275862068965517,57.49999999999999
2177,4277,0.6125,0.2384375,0.9629442235875195,0.8275862068965517,57.49999999999999
2178,4737,0.6125,0.17785625,0.9873750150584266,0.8275862068965517,57.49999999999999
2179,4541,0.6125,0.28125,0.62643055053608,0.8275862068965517,57.49999999999999
2180,5562,0.8625,0.309375,0.7059462715335502,0.8275862068965517,57.49999999999999
2181,5401,0.8625,0.0625,0.7324515118660402,0.8275862068965517,57.49999999999999
2182,2522,0.1125,0.300271875,0.7551740754126008,0.6206896551724137,57.49999999999999
2183,5306,0.8625,0.269728125,0.8990362606914829,0.9655172413793103,57.49999999999999
2184,5102,0.625,0.059375,0.6996542585230695,0.3448275862068966,57.49999999999999
2185,4751,0.625,0.17785625,0.9873750150584266,0.0,57.444444444444436
2186,22634,0.6547,0.22554687499999998,0.9860619202505723,0.27586206896551724,57.444444444444436
2187,3889,0.375,0.309375,0.7682568365257197,1.0,57.414285714285704
2188,22627,0.6487499999999999,0.21346249999999997,0.9933020118058066,0.6206896551724137,57.39999999999999
2189,3929,0.375,0.295615625,0.7658836284784966,0.6206896551724137,57.39999999999999
2190,6096,0.875,0.090625,0.62643055053608,0.6206896551724137,57.39999999999999
2191,3387,0.3625,0.090625,0.7671364895795687,0.3448275862068966,57.39999999999999
2192,22523,0.5828,0.210728125,0.9824478978436332,0.6206896551724137,57.39999999999999
2193,4482,0.6125,0.208621875,0.8749909649439825,0.6896551724137931,57.39999999999999
2194,4544,0.6125,0.29089062499999996,0.7761354053728465,1.0,57.38571428571428
2195,6145,0.875,0.22643437500000002,0.9854234429586796,1.0,57.37142857142857
2196,5137,0.625,0.197040625,0.9989157932779182,0.0,57.33333333333332
2197,23232,0.625,0.16815625,0.9851222744247681,0.27586206896551724,57.33333333333332
2198,5360,0.8625,0.17483437500000001,0.9989157932779182,0.48275862068965514,57.29999999999999
2199,23251,0.625,0.1837375,0.9999638597759306,0.6896551724137931,57.29999999999999
2200,23187,0.6125,0.168203125,0.9972292494880134,0.9655172413793103,57.29999999999999
2201,22615,0.8328,0.210728125,0.9945669196482351,1.0,57.28571428571428
2202,23827,0.6125,0.18690625,1.0,1.0,57.28571428571428
2203,5190,0.625,0.269728125,0.8990362606914829,1.0,57.271428571428565
2204,4209,0.375,0.215625,0.9800385495723407,1.0,57.25714285714285
2205,2320,0.1125,0.20443125,0.9969883146608842,1.0,57.24285714285713
2206,4128,0.375,0.17483437500000001,0.9989157932779182,0.27586206896551724,57.22222222222221
2207,4255,0.6125,0.19389375,0.8910372244307915,0.27586206896551724,57.22222222222221
2208,2316,0.1125,0.2336875,0.9796651005902903,0.0,57.22222222222221
2209,4077,0.375,0.090625,0.6545717383447777,0.27586206896551724,57.22222222222221
2210,21312,0.625,0.23065625,0.9821949162751474,0.13793103448275862,57.19999999999999
2211,22627,0.6487499999999999,0.21346249999999997,0.9933020118058066,0.48275862068965514,57.19999999999999
2212,5394,0.8625,0.059375,0.6996542585230695,0.3448275862068966,57.19999999999999
2213,4381,0.6125,0.059375,0.6752463558607397,0.6206896551724137,57.19999999999999
2214,5140,0.625,0.17483437500000001,0.9989157932779182,0.9655172413793103,57.19999999999999
2215,5629,0.8625,0.246875,0.9468497771352848,0.0,57.1111111111111
2216,22606,0.8625,0.22436249999999996,0.9868931454041681,0.27586206896551724,57.1111111111111
2217,5956,0.875,0.28125,0.6545717383447777,0.13793103448275862,56.99999999999999
2218,4351,0.6125,0.15274062500000002,0.9902300927599084,0.13793103448275862,56.99999999999999
2219,4944,0.625,0.28125,0.6545717383447777,0.48275862068965514,56.99999999999999
2220,3540,0.3625,0.309375,0.62643055053608,0.6896551724137931,56.99999999999999
2221,2528,0.1125,0.309375,0.62643055053608,0.13793103448275862,56.99999999999999
2222,4941,0.625,0.295615625,0.7658836284784966,0.13793103448275862,56.99999999999999
2223,22612,0.684375,0.212678125,0.9936754607878568,1.0,56.99999999999999
