rank,node_number,x_n,y_n,z_n,t_n,score
1,12648,0.6125,0.9375,0.62643055053608,0.6896551724137931,16226.238934068379
2,12648,0.6125,0.9375,0.62643055053608,0.9655172413793103,16084.405804311775
3,11475,0.3625,0.69659375,0.7551740754126008,0.8275862068965517,15727.266129032258
4,12016,0.375,0.9375,0.62643055053608,0.6896551724137931,15709.527231458222
5,12646,0.6125,0.9375,0.6752463558607397,0.8275862068965517,15688.559838709678
6,12477,0.6125,0.6875,0.7059462715335502,0.8275862068965517,15649.854677419355
7,13656,0.8625,0.9375,0.62643055053608,0.6896551724137931,15621.68604047671
8,12483,0.6125,0.69659375,0.7551740754126008,0.8275862068965517,15562.766290322581
9,13185,0.625,0.69659375,0.7551740754126008,0.8275862068965517,15559.540967741936
10,12177,0.375,0.69659375,0.7551740754126008,0.8275862068965517,15511.158548387097
11,12013,0.375,0.9375,0.6508384531984098,0.8275862068965517,15456.324354838709
12,11469,0.3625,0.6875,0.7059462715335502,0.8275862068965517,15407.943064516128
13,11008,0.125,0.9375,0.62643055053608,0.6896551724137931,15396.05518845247
14,11640,0.3625,0.9375,0.62643055053608,0.6896551724137931,15351.273664885382
15,11008,0.125,0.9375,0.62643055053608,0.9655172413793103,15283.49087893864
16,11640,0.3625,0.9375,0.62643055053608,0.9655172413793103,15245.352072968491
17,13191,0.625,0.6875,0.7059462715335502,0.8275862068965517,15241.83064516129
18,13024,0.625,0.9375,0.62643055053608,0.6896551724137931,15099.807219117909
19,13024,0.625,0.9375,0.62643055053608,0.9655172413793103,14999.936981757877
20,12014,0.375,0.9375,0.6752463558607397,0.8275862068965517,14927.345645161291
21,14032,0.875,0.9375,0.62643055053608,0.6896551724137931,14924.125009409403
22,10467,0.1125,0.69659375,0.7551740754126008,0.8275862068965517,14896.703870967742
23,11639,0.3625,0.9375,0.6508384531984098,0.8275862068965517,14896.702903225807
24,13655,0.8625,0.9375,0.6508384531984098,0.8275862068965517,14838.644193548387
25,14032,0.875,0.9375,0.62643055053608,0.9655172413793103,14832.458043117744
26,10632,0.1125,0.9375,0.62643055053608,0.6896551724137931,14807.003651106745
27,12642,0.6125,0.934375,0.7059462715335502,0.6896551724137931,14801.836876867132
28,10632,0.1125,0.9375,0.62643055053608,0.9655172413793103,14718.041625207297
29,14193,0.875,0.69659375,0.7551740754126008,0.8275862068965517,14687.047258064516
30,10461,0.1125,0.6875,0.7059462715335502,0.8275862068965517,14659.630806451612
31,13636,0.8625,0.90625,0.7671364895795687,0.8275862068965517,14612.860967741935
32,12642,0.6125,0.934375,0.7059462715335502,0.9655172413793103,14570.461194029851
33,13485,0.8625,0.6875,0.7059462715335502,0.8275862068965517,14516.097258064516
34,11638,0.3625,0.9375,0.6752463558607397,0.8275862068965517,14516.09629032258
35,12018,0.375,0.934375,0.7059462715335502,0.6896551724137931,14491.809751948327
36,11175,0.125,0.6875,0.7059462715335502,0.8275862068965517,14490.293225806452
37,11634,0.3625,0.934375,0.7059462715335502,0.6896551724137931,14474.586022786172
38,13021,0.625,0.9375,0.6508384531984098,0.8275862068965517,14470.939032258064
39,11024,0.125,0.90625,0.7671364895795687,0.8275862068965517,14391.915161290322
40,14029,0.875,0.9375,0.6508384531984098,0.8275862068965517,14391.914677419354
41,13026,0.625,0.934375,0.7059462715335502,0.6896551724137931,14341.963308237573
42,4385,0.6125,0.0625,0.7059462715335502,0.0,14277.403140577295
43,12018,0.375,0.934375,0.7059462715335502,0.9655172413793103,14268.667164179105
44,2363,0.1125,0.0625,0.65293579086857,0.13793103448275862,14264.993188405797
45,11634,0.3625,0.934375,0.7059462715335502,0.9655172413793103,14257.059701492537
46,3073,0.125,0.0625,0.65293579086857,0.13793103448275862,14196.884057971014
47,13654,0.8625,0.9375,0.6752463558607397,0.8275862068965517,14185.484354838709
48,5097,0.625,0.0625,0.65293579086857,0.13793103448275862,14176.596376811594
49,6109,0.875,0.0625,0.65293579086857,0.13793103448275862,14165.003188405797
50,11005,0.125,0.9375,0.6508384531984098,0.8275862068965517,14148.390645161291
51,14048,0.875,0.90625,0.7671364895795687,0.8275862068965517,14127.425645161291
52,13026,0.625,0.934375,0.7059462715335502,0.9655172413793103,14124.402985074626
53,13022,0.625,0.9375,0.6752463558607397,0.8275862068965517,14108.072741935484
54,14199,0.875,0.6875,0.7059462715335502,0.8275862068965517,14101.622096774194
55,14030,0.875,0.9375,0.6752463558607397,0.8275862068965517,14066.141451612903
56,4087,0.375,0.0625,0.7059462715335502,0.0,14024.881423229423
57,10631,0.1125,0.9375,0.6508384531984098,0.8275862068965517,13998.40564516129
58,14034,0.875,0.934375,0.7059462715335502,0.6896551724137931,13995.766352078243
59,13650,0.8625,0.934375,0.7059462715335502,0.6896551724137931,13973.37550416744
60,5418,0.8625,0.09375,0.655524635586074,0.13793103448275862,13966.472608695653
61,3373,0.3625,0.0625,0.7059462715335502,0.0,13956.63209367383
62,2382,0.1125,0.09375,0.655524635586074,0.13793103448275862,13946.184782608696
63,3394,0.3625,0.09375,0.655524635586074,0.13793103448275862,13873.728260869566
64,5099,0.625,0.0625,0.7059462715335502,0.0,13867.908357723472
65,10630,0.1125,0.9375,0.6752463558607397,0.8275862068965517,13866.161290322581
66,10626,0.1125,0.934375,0.7059462715335502,0.6896551724137931,13797.69346671345
67,14034,0.875,0.934375,0.7059462715335502,0.9655172413793103,13784.470149253732
68,13650,0.8625,0.934375,0.7059462715335502,0.9655172413793103,13774.520895522388
69,11010,0.125,0.934375,0.7059462715335502,0.6896551724137931,13754.634143808062
70,12032,0.375,0.90625,0.7671364895795687,0.8275862068965517,13751.656612903225
71,13040,0.625,0.90625,0.7671364895795687,0.8275862068965517,13743.59306451613
72,11006,0.125,0.9375,0.6752463558607397,0.8275862068965517,13732.303870967742
73,11620,0.3625,0.90625,0.7671364895795687,0.8275862068965517,13730.691129032259
74,6111,0.875,0.0625,0.7059462715335502,0.0,13593.205493088059
75,10626,0.1125,0.934375,0.7059462715335502,0.9655172413793103,13592.117910447761
76,11010,0.125,0.934375,0.7059462715335502,0.9655172413793103,13560.611940298508
77,6090,0.875,0.09375,0.655524635586074,0.13793103448275862,13552.02115942029
78,12628,0.6125,0.90625,0.7671364895795687,0.8275862068965517,13550.064032258064
79,5397,0.8625,0.0625,0.7059462715335502,0.0,13526.662563145317
80,10605,0.1125,0.903125,0.655524635586074,0.8275862068965517,13501.681774193548
81,5078,0.625,0.09375,0.655524635586074,0.13793103448275862,13478.115652173912
82,2361,0.1125,0.0625,0.7059462715335502,0.0,13400.4016191514
83,13629,0.8625,0.903125,0.655524635586074,0.8275862068965517,13387.17693548387
84,3075,0.125,0.0625,0.7059462715335502,0.0,13361.158182134952
85,4556,0.6125,0.3125,0.62643055053608,0.13793103448275862,13304.219855072464
86,11613,0.3625,0.903125,0.655524635586074,0.8275862068965517,13290.41241935484
87,3054,0.125,0.09375,0.655524635586074,0.13793103448275862,13159.30695652174
88,14055,0.875,0.903125,0.655524635586074,0.8275862068965517,13043.66306451613
89,4385,0.6125,0.0625,0.7059462715335502,0.27586206896551724,12957.537272727273
90,5411,0.8625,0.090625,0.7671364895795687,0.13793103448275862,12921.64956521739
91,13047,0.625,0.903125,0.655524635586074,0.8275862068965517,12882.38870967742
92,3920,0.375,0.3125,0.62643055053608,0.13793103448275862,12863.684347826087
93,4406,0.6125,0.09375,0.655524635586074,0.13793103448275862,12853.540434782608
94,4550,0.6125,0.309375,0.7059462715335502,0.13793103448275862,12830.354347826087
95,4387,0.6125,0.0625,0.65293579086857,0.13793103448275862,12827.45579710145
96,3544,0.3625,0.3125,0.62643055053608,0.13793103448275862,12750.652173913044
97,4087,0.375,0.0625,0.7059462715335502,0.27586206896551724,12733.317272727272
98,3061,0.125,0.090625,0.7671364895795687,0.13793103448275862,12718.771304347825
99,3373,0.3625,0.0625,0.7059462715335502,0.27586206896551724,12675.747272727273
100,3538,0.3625,0.309375,0.7059462715335502,0.13793103448275862,12621.679710144928
101,4066,0.375,0.09375,0.655524635586074,0.13793103448275862,12610.086521739131
102,6097,0.875,0.090625,0.7671364895795687,0.13793103448275862,12604.29
103,5099,0.625,0.0625,0.7059462715335502,0.27586206896551724,12590.907272727272
104,3922,0.375,0.309375,0.7059462715335502,0.13793103448275862,12549.223043478261
105,4934,0.625,0.309375,0.7059462715335502,0.13793103448275862,12510.096666666666
106,2532,0.1125,0.3125,0.62643055053608,0.13793103448275862,12492.706811594202
107,11031,0.125,0.903125,0.655524635586074,0.8275862068965517,12485.654354838709
108,5568,0.8625,0.3125,0.62643055053608,0.13793103448275862,12420.250289855072
109,2375,0.1125,0.090625,0.7671364895795687,0.13793103448275862,12408.657391304348
110,4932,0.625,0.3125,0.62643055053608,0.13793103448275862,12405.758985507246
111,6111,0.875,0.0625,0.7059462715335502,0.27586206896551724,12342.447272727273
112,5397,0.8625,0.0625,0.7059462715335502,0.27586206896551724,12292.452272727272
113,3387,0.3625,0.090625,0.7671364895795687,0.13793103448275862,12281.133913043479
114,4073,0.375,0.090625,0.7671364895795687,0.13793103448275862,12259.39695652174
115,4380,0.6125,0.059375,0.6508384531984098,0.0,12214.572141712393
116,12621,0.6125,0.903125,0.655524635586074,0.8275862068965517,12176.007741935484
117,2361,0.1125,0.0625,0.7059462715335502,0.27586206896551724,12169.737272727272
118,3075,0.125,0.0625,0.7059462715335502,0.27586206896551724,12145.497272727273
119,4399,0.6125,0.090625,0.7671364895795687,0.13793103448275862,12101.441594202899
120,12039,0.375,0.903125,0.655524635586074,0.8275862068965517,11917.969032258065
121,4092,0.375,0.059375,0.6508384531984098,0.0,11883.563720971582
122,5944,0.875,0.3125,0.62643055053608,0.13793103448275862,11804.369855072464
123,5562,0.8625,0.309375,0.7059462715335502,0.13793103448275862,11743.506521739131
124,12476,0.6125,0.684375,0.62643055053608,0.8275862068965517,11627.675967741936
125,3368,0.3625,0.059375,0.6508384531984098,0.0,11431.41304315553
126,5946,0.875,0.309375,0.7059462715335502,0.13793103448275862,11430.494492753623
127,5392,0.8625,0.059375,0.6508384531984098,0.0,11381.932402941697
128,12185,0.375,0.684375,0.62643055053608,0.8275862068965517,11326.093387096775
129,5104,0.625,0.059375,0.6508384531984098,0.0,11262.496545479304
130,4380,0.6125,0.059375,0.6508384531984098,0.27586206896551724,11257.70696969697
131,13442,0.8625,0.844125,0.9902300927599084,0.8275862068965517,11209.975483870967
132,10460,0.1125,0.684375,0.62643055053608,0.8275862068965517,11206.75064516129
133,3080,0.125,0.059375,0.6508384531984098,0.0,11177.185096834764
134,9153,0.6125,0.375,0.7059462715335502,0.48275862068965514,11150.638982226672
135,6116,0.875,0.059375,0.6508384531984098,0.0,11044.099236949285
136,7425,0.375,0.375,0.7059462715335502,0.48275862068965514,10965.57853268023
137,11468,0.3625,0.684375,0.62643055053608,0.8275862068965517,10916.456774193548
138,5558,0.8625,0.300271875,0.7551740754126008,0.13793103448275862,10879.824782608695
139,7125,0.1125,0.375,0.7059462715335502,0.48275862068965514,10865.576808342117
140,2918,0.125,0.300271875,0.7551740754126008,0.13793103448275862,10836.350869565218
141,11210,0.125,0.844125,0.9902300927599084,0.8275862068965517,10829.368387096774
142,8139,0.3625,0.375,0.7059462715335502,0.48275862068965514,10819.599171857883
143,8439,0.625,0.375,0.7059462715335502,0.48275862068965514,10802.357400111967
144,12642,0.6125,0.934375,0.7059462715335502,0.8275862068965517,10793.887741935483
145,2356,0.1125,0.059375,0.6508384531984098,0.0,10750.627853612072
146,13193,0.625,0.684375,0.62643055053608,0.8275862068965517,10729.378870967743
147,14201,0.875,0.684375,0.62643055053608,0.8275862068965517,10716.477258064517
148,14036,0.875,0.934375,0.65293579086857,0.8275862068965517,10647.128225806451
149,3534,0.3625,0.300271875,0.7551740754126008,0.13793103448275862,10637.82
150,13484,0.8625,0.684375,0.62643055053608,0.8275862068965517,10597.133709677419
151,3368,0.3625,0.059375,0.6508384531984098,0.27586206896551724,10566.86712121212
152,4942,0.625,0.300271875,0.7551740754126008,0.13793103448275862,10536.380869565217
153,5392,0.8625,0.059375,0.6508384531984098,0.27586206896551724,10513.84196969697
154,9453,0.875,0.375,0.7059462715335502,0.48275862068965514,10503.502360618877
155,4546,0.6125,0.300271875,0.7551740754126008,0.13793103448275862,10488.55956521739
156,3930,0.375,0.300271875,0.7551740754126008,0.13793103448275862,10482.763188405797
157,13028,0.625,0.934375,0.65293579086857,0.8275862068965517,10469.726774193548
158,11012,0.125,0.934375,0.65293579086857,0.8275862068965517,10435.859032258064
159,5104,0.625,0.059375,0.6508384531984098,0.27586206896551724,10412.337121212122
160,6411,0.125,0.375,0.7059462715335502,0.48275862068965514,10365.568761430924
161,10167,0.8625,0.375,0.7059462715335502,0.48275862068965514,10313.844250884298
162,13648,0.8625,0.934375,0.65293579086857,0.8275862068965517,10292.325
163,11007,0.125,0.9375,0.6996542585230695,0.8275862068965517,10237.492096774193
164,6116,0.875,0.059375,0.6508384531984098,0.27586206896551724,10213.872121212122
165,9155,0.6125,0.371875,0.62643055053608,0.48275862068965514,10212.69273789256
166,6112,0.875,0.0625,0.62643055053608,0.13793103448275862,10148.013333333334
167,2522,0.1125,0.300271875,0.7551740754126008,0.13793103448275862,10087.150434782608
168,2364,0.1125,0.0625,0.62643055053608,0.13793103448275862,10068.31115942029
169,11632,0.3625,0.934375,0.65293579086857,0.8275862068965517,10050.41370967742
170,13653,0.8625,0.9375,0.6996542585230695,0.8275862068965517,10042.350322580645
171,6414,0.125,0.375,0.62643055053608,0.48275862068965514,10029.931290873998
172,7424,0.375,0.371875,0.62643055053608,0.48275862068965514,9994.298418552038
173,11634,0.3625,0.934375,0.7059462715335502,0.8275862068965517,9989.12935483871
174,5100,0.625,0.0625,0.62643055053608,0.13793103448275862,9982.812608695653
175,10168,0.8625,0.375,0.62643055053608,0.48275862068965514,9982.803980692011
176,5400,0.8625,0.0625,0.62643055053608,0.13793103448275862,9955.278985507246
177,2356,0.1125,0.059375,0.6508384531984098,0.27586206896551724,9948.74696969697
178,11177,0.125,0.684375,0.62643055053608,0.8275862068965517,9937.522258064517
179,10629,0.1125,0.9375,0.6996542585230695,0.8275862068965517,9931.070967741936
180,9456,0.875,0.375,0.62643055053608,0.48275862068965514,9927.630793919754
181,5954,0.875,0.300271875,0.7551740754126008,0.13793103448275862,9926.297101449276
182,14031,0.875,0.9375,0.6996542585230695,0.8275862068965517,9881.075967741936
183,3076,0.125,0.0625,0.62643055053608,0.13793103448275862,9879.924347826087
184,3376,0.3625,0.0625,0.62643055053608,0.13793103448275862,9861.085507246376
185,13023,0.625,0.9375,0.6996542585230695,0.8275862068965517,9831.080967741935
186,7127,0.1125,0.371875,0.62643055053608,0.48275862068965514,9829.927957153646
187,13026,0.625,0.934375,0.7059462715335502,0.8275862068965517,9684.321129032258
188,8140,0.3625,0.375,0.62643055053608,0.48275862068965514,9660.959835567117
189,8442,0.625,0.375,0.62643055053608,0.48275862068965514,9655.212731592977
190,14034,0.875,0.934375,0.7059462715335502,0.8275862068965517,9621.424193548388
191,8986,0.6125,0.625,0.62643055053608,0.48275862068965514,9558.65979843637
192,8141,0.3625,0.371875,0.62643055053608,0.48275862068965514,9540.268008125082
193,11637,0.3625,0.9375,0.6996542585230695,0.8275862068965517,9476.277741935484
194,10477,0.1125,0.715625,0.62643055053608,0.8275862068965517,9471.439677419356
195,12647,0.6125,0.9375,0.6508384531984098,0.9655172413793103,9459.861028192372
196,12020,0.375,0.934375,0.65293579086857,0.8275862068965517,9450.473870967742
197,10169,0.8625,0.371875,0.62643055053608,0.48275862068965514,9403.484542458378
198,12493,0.6125,0.715625,0.62643055053608,0.8275862068965517,9369.83693548387
199,12647,0.6125,0.9375,0.6508384531984098,0.6896551724137931,9369.47252686869
200,9452,0.875,0.371875,0.62643055053608,0.48275862068965514,9369.001228878295
201,10626,0.1125,0.934375,0.7059462715335502,0.8275862068965517,9366.611129032259
202,11426,0.3625,0.844125,0.9902300927599084,0.8275862068965517,9364.998709677418
203,13226,0.625,0.844125,0.9902300927599084,0.8275862068965517,9310.165483870967
204,12218,0.375,0.844125,0.9902300927599084,0.8275862068965517,9292.425322580646
205,12015,0.375,0.9375,0.6996542585230695,0.8275862068965517,9247.268387096774
206,7596,0.375,0.625,0.62643055053608,0.48275862068965514,9241.413313499614
207,12434,0.6125,0.844125,0.9902300927599084,0.8275862068965517,9208.562741935484
208,4384,0.6125,0.059375,0.62643055053608,0.13793103448275862,9193.036376811595
209,4088,0.375,0.0625,0.62643055053608,0.13793103448275862,9179.994202898552
210,3078,0.125,0.059375,0.6996542585230695,0.13793103448275862,9168.401594202898
211,6410,0.125,0.371875,0.62643055053608,0.48275862068965514,9150.606564670152
212,12168,0.375,0.715625,0.62643055053608,0.8275862068965517,9148.891290322581
213,7126,0.1125,0.375,0.62643055053608,0.48275862068965514,9143.710131865882
214,7428,0.375,0.375,0.62643055053608,0.48275862068965514,9140.261800507875
215,4556,0.6125,0.3125,0.62643055053608,0.0,9073.404943900407
216,8988,0.6125,0.621875,0.7059462715335502,0.48275862068965514,9046.007869879148
217,4385,0.6125,0.0625,0.7059462715335502,0.13793103448275862,9017.691884057971
218,7972,0.3625,0.625,0.62643055053608,0.48275862068965514,9012.673885129194
219,6958,0.1125,0.625,0.62643055053608,0.48275862068965514,9010.374997557188
220,11010,0.125,0.934375,0.7059462715335502,0.8275862068965517,8979.553064516129
221,2358,0.1125,0.059375,0.6996542585230695,0.13793103448275862,8935.091739130436
222,4541,0.6125,0.28125,0.62643055053608,0.13793103448275862,8927.846086956522
223,12013,0.375,0.9375,0.6508384531984098,0.6896551724137931,8911.321331155346
224,10000,0.8625,0.625,0.62643055053608,0.48275862068965514,8910.373503130822
225,2517,0.1125,0.28125,0.62643055053608,0.13793103448275862,8893.06695652174
226,12640,0.6125,0.934375,0.65293579086857,0.8275862068965517,8874.724838709677
227,7590,0.375,0.621875,0.7059462715335502,0.48275862068965514,8868.993526834725
228,5102,0.625,0.059375,0.6996542585230695,0.13793103448275862,8855.38956521739
229,6114,0.875,0.059375,0.6996542585230695,0.13793103448275862,8826.40695652174
230,8610,0.625,0.625,0.62643055053608,0.48275862068965514,8810.37177879271
231,7974,0.3625,0.621875,0.7059462715335502,0.48275862068965514,8805.774118604573
232,9154,0.6125,0.375,0.62643055053608,0.48275862068965514,8804.624329950948
233,6960,0.1125,0.621875,0.7059462715335502,0.48275862068965514,8802.32590220244
234,3920,0.375,0.3125,0.62643055053608,0.0,8781.639960176046
235,8604,0.625,0.621875,0.7059462715335502,0.48275862068965514,8767.842473666484
236,2363,0.1125,0.0625,0.65293579086857,0.0,8766.283728780068
237,3656,0.3625,0.0625,0.7682568365257197,0.13793103448275862,8749.60304347826
238,3544,0.3625,0.3125,0.62643055053608,0.0,8742.396693799557
239,4388,0.6125,0.0625,0.62643055053608,0.13793103448275862,8706.128695652174
240,11639,0.3625,0.9375,0.6508384531984098,0.9655172413793103,8698.74311774461
241,12645,0.6125,0.9375,0.6996542585230695,0.8275862068965517,8671.519516129032
242,4089,0.375,0.059375,0.62643055053608,0.13793103448275862,8645.265072463768
243,5568,0.8625,0.3125,0.62643055053608,0.0,8641.729184399002
244,6109,0.875,0.0625,0.65293579086857,0.0,8640.02261414619
245,13655,0.8625,0.9375,0.6508384531984098,0.9655172413793103,8629.098341625207
246,6582,0.125,0.625,0.62643055053608,0.48275862068965514,8604.621571009968
247,9624,0.875,0.625,0.62643055053608,0.48275862068965514,8585.080566824425
248,6578,0.125,0.621875,0.62643055053608,0.48275862068965514,8570.137222827017
249,3804,0.375,0.0625,0.7682568365257197,0.13793103448275862,8555.419565217391
250,4087,0.375,0.0625,0.7059462715335502,0.13793103448275862,8555.41927536232
251,13655,0.8625,0.9375,0.6508384531984098,0.6896551724137931,8511.730814593333
252,4932,0.625,0.3125,0.62643055053608,0.0,8498.405780036217
253,2532,0.1125,0.3125,0.62643055053608,0.0,8464.281371218363
254,9618,0.875,0.621875,0.7059462715335502,0.48275862068965514,8437.952107083696
255,13021,0.625,0.9375,0.6508384531984098,0.9655172413793103,8426.796849087894
256,8606,0.625,0.621875,0.62643055053608,0.48275862068965514,8364.387015044274
257,13492,0.8625,0.70125,0.7658836284784966,0.8275862068965517,8353.809677419355
258,4090,0.375,0.059375,0.6996542585230695,0.13793103448275862,8346.744782608695
259,3073,0.125,0.0625,0.65293579086857,0.0,8346.551401448938
260,7973,0.3625,0.621875,0.62643055053608,0.48275862068965514,8345.996029424106
261,10002,0.8625,0.621875,0.7059462715335502,0.48275862068965514,8340.249155361715
262,11170,0.125,0.70125,0.7658836284784966,0.8275862068965517,8328.005967741936
263,3373,0.3625,0.0625,0.7059462715335502,0.13793103448275862,8319.210869565217
264,13176,0.625,0.715625,0.62643055053608,0.8275862068965517,8318.329193548387
265,5097,0.625,0.0625,0.65293579086857,0.0,8303.89567712667
266,6576,0.125,0.621875,0.7059462715335502,0.48275862068965514,8302.317740335373
267,13021,0.625,0.9375,0.6508384531984098,0.6896551724137931,8296.43402781187
268,11005,0.125,0.9375,0.6508384531984098,0.9655172413793103,8294.140132669983
269,5828,0.875,0.0625,0.7682568365257197,0.13793103448275862,8262.695217391305
270,5396,0.8625,0.059375,0.62643055053608,0.13793103448275862,8207.62768115942
271,11476,0.3625,0.70125,0.7658836284784966,0.8275862068965517,8195.761129032258
272,3077,0.125,0.059375,0.62643055053608,0.13793103448275862,8175.746811594203
273,11485,0.3625,0.715625,0.62643055053608,0.8275862068965517,8173.182419354839
274,11005,0.125,0.9375,0.6508384531984098,0.6896551724137931,8168.978604266435
275,5099,0.625,0.0625,0.7059462715335502,0.13793103448275862,8135.171449275363
276,12178,0.375,0.70125,0.7658836284784966,0.8275862068965517,8129.63870967742
277,5680,0.8625,0.0625,0.7682568365257197,0.13793103448275862,8122.129420289855
278,3375,0.3625,0.0625,0.65293579086857,0.0,8112.798032162902
279,5695,0.8625,0.10855624999999999,0.9325864353692326,0.13793103448275862,8109.087391304348
280,13186,0.625,0.70125,0.7658836284784966,0.8275862068965517,8103.834838709678
281,6111,0.875,0.0625,0.7059462715335502,0.13793103448275862,8100.392173913044
282,5557,0.8625,0.295615625,0.7658836284784966,0.13793103448275862,8088.799565217391
283,5961,0.875,0.28125,0.62643055053608,0.13793103448275862,8083.003188405797
284,14029,0.875,0.9375,0.6508384531984098,0.9655172413793103,8070.28192371476
285,2917,0.125,0.295615625,0.7658836284784966,0.13793103448275862,8068.511739130435
286,6959,0.1125,0.621875,0.62643055053608,0.48275862068965514,8058.634967967546
287,2644,0.1125,0.0625,0.7682568365257197,0.13793103448275862,8054.020434782608
288,6113,0.875,0.059375,0.62643055053608,0.13793103448275862,8045.324927536232
289,3533,0.3625,0.295615625,0.7658836284784966,0.13793103448275862,8004.75
290,2360,0.1125,0.059375,0.62643055053608,0.13793103448275862,7994.605362318841
291,2363,0.1125,0.0625,0.65293579086857,0.27586206896551724,7961.0671212121215
292,3929,0.375,0.295615625,0.7658836284784966,0.13793103448275862,7955.479565217392
293,7592,0.375,0.621875,0.62643055053608,0.48275862068965514,7950.587252083288
294,2792,0.125,0.0625,0.7682568365257197,0.13793103448275862,7949.6830434782605
295,4382,0.6125,0.059375,0.6996542585230695,0.13793103448275862,7938.09
296,14029,0.875,0.9375,0.6508384531984098,0.6896551724137931,7931.291141828685
297,4545,0.6125,0.295615625,0.7658836284784966,0.13793103448275862,7923.598695652174
298,3920,0.375,0.3125,0.62643055053608,0.27586206896551724,7918.647272727273
299,3372,0.3625,0.059375,0.62643055053608,0.13793103448275862,7907.6575362318845
300,4949,0.625,0.28125,0.62643055053608,0.13793103448275862,7901.861884057971
301,2778,0.125,0.10855624999999999,0.9325864353692326,0.13793103448275862,7894.616086956522
302,5101,0.625,0.059375,0.62643055053608,0.13793103448275862,7891.717246376812
303,3544,0.3625,0.3125,0.62643055053608,0.27586206896551724,7885.317424242424
304,2361,0.1125,0.0625,0.7059462715335502,0.13793103448275862,7856.938405797101
305,6109,0.875,0.0625,0.65293579086857,0.27586206896551724,7847.4421212121215
306,3529,0.3625,0.28125,0.62643055053608,0.13793103448275862,7822.159565217391
307,5568,0.8625,0.3125,0.62643055053608,0.27586206896551724,7792.902424242424
308,5363,0.8625,0.15274062500000002,0.9902300927599084,0.13793103448275862,7716.373043478261
309,10468,0.1125,0.70125,0.7658836284784966,0.8275862068965517,7699.036612903225
310,4085,0.375,0.0625,0.65293579086857,0.0,7677.709644075756
311,2521,0.1125,0.295615625,0.7658836284784966,0.13793103448275862,7670.000869565218
312,4932,0.625,0.3125,0.62643055053608,0.27586206896551724,7667.157272727272
313,10631,0.1125,0.9375,0.6508384531984098,0.6896551724137931,7647.099610653115
314,2532,0.1125,0.3125,0.62643055053608,0.27586206896551724,7635.342272727273
315,8987,0.6125,0.621875,0.62643055053608,0.48275862068965514,7611.501335212479
316,3073,0.125,0.0625,0.65293579086857,0.27586206896551724,7586.862121212122
317,5399,0.8625,0.0625,0.65293579086857,0.27586206896551724,7552.017272727273
318,3075,0.125,0.0625,0.7059462715335502,0.13793103448275862,7542.477101449275
319,14194,0.875,0.70125,0.7658836284784966,0.8275862068965517,7539.3751612903225
320,5953,0.875,0.295615625,0.7658836284784966,0.13793103448275862,7522.189565217392
321,11160,0.125,0.715625,0.62643055053608,0.8275862068965517,7463.576129032258
322,2908,0.125,0.3125,0.62643055053608,0.27586206896551724,7448.997424242424
323,13361,0.8625,0.82128125,0.9870015660763762,0.8275862068965517,7447.448548387097
324,5945,0.875,0.309375,0.62643055053608,0.13793103448275862,7436.691014492753
325,3119,0.125,0.15274062500000002,0.9902300927599084,0.13793103448275862,7378.725652173913
326,4387,0.6125,0.0625,0.65293579086857,0.0,7372.294657928308
327,3375,0.3625,0.0625,0.65293579086857,0.27586206896551724,7370.217272727273
328,13439,0.8625,0.865875,0.9729671123960967,0.8275862068965517,7342.620322580645
329,11298,0.125,0.82128125,0.9870015660763762,0.8275862068965517,7321.654516129032
330,10418,0.1125,0.844125,0.9902300927599084,0.8275862068965517,7289.399838709677
331,5553,0.8625,0.28125,0.62643055053608,0.13793103448275862,7283.083043478261
332,12476,0.6125,0.684375,0.62643055053608,0.6896551724137931,7261.289110947929
333,11207,0.125,0.865875,0.9729671123960967,0.8275862068965517,7199.086290322581
334,5944,0.875,0.3125,0.62643055053608,0.27586206896551724,7192.962424242424
335,11271,0.125,0.8883125,0.9325864353692326,0.8275862068965517,7163.605967741935
336,2925,0.125,0.28125,0.62643055053608,0.13793103448275862,7154.1105797101445
337,4555,0.6125,0.3125,0.6508384531984098,0.13793103448275862,7090.348695652174
338,12476,0.6125,0.684375,0.62643055053608,0.9655172413793103,7085.306633499171
339,12185,0.375,0.684375,0.62643055053608,0.6896551724137931,7075.272835996647
340,2909,0.125,0.309375,0.62643055053608,0.13793103448275862,7052.671449275363
341,5564,0.8625,0.309375,0.62643055053608,0.13793103448275862,7051.22231884058
342,4085,0.375,0.0625,0.65293579086857,0.27586206896551724,6986.922272727273
343,10460,0.1125,0.684375,0.62643055053608,0.6896551724137931,6915.092327043115
344,12185,0.375,0.684375,0.62643055053608,0.9655172413793103,6906.220232172471
345,9155,0.6125,0.371875,0.62643055053608,0.3448275862068966,6879.7566487050235
346,11468,0.3625,0.684375,0.62643055053608,0.6896551724137931,6841.030119391328
347,13484,0.8625,0.684375,0.62643055053608,0.6896551724137931,6827.250963807087
348,10460,0.1125,0.684375,0.62643055053608,0.9655172413793103,6752.007131011608
349,7424,0.375,0.371875,0.62643055053608,0.3448275862068966,6735.151051625239
350,4387,0.6125,0.0625,0.65293579086857,0.27586206896551724,6714.222121212121
351,13193,0.625,0.684375,0.62643055053608,0.6896551724137931,6711.852322929677
352,3917,0.375,0.3125,0.6508384531984098,0.13793103448275862,6680.2447826086955
353,3543,0.3625,0.3125,0.6508384531984098,0.13793103448275862,6577.356376811595
354,7127,0.1125,0.371875,0.62643055053608,0.3448275862068966,6571.079019641926
355,13193,0.625,0.684375,0.62643055053608,0.9655172413793103,6556.338308457712
356,14201,0.875,0.684375,0.62643055053608,0.6896551724137931,6553.394186892361
357,11159,0.125,0.71875,0.62643055053608,0.8275862068965517,6534.636774193548
358,8986,0.6125,0.625,0.62643055053608,0.3448275862068966,6523.804762732488
359,13507,0.8625,0.71875,0.62643055053608,0.8275862068965517,6508.832903225806
360,8141,0.3625,0.371875,0.62643055053608,0.3448275862068966,6448.720458891014
361,10169,0.8625,0.371875,0.62643055053608,0.3448275862068966,6418.130922996697
362,14201,0.875,0.684375,0.62643055053608,0.9655172413793103,6403.783416252073
363,8438,0.625,0.371875,0.62643055053608,0.3448275862068966,6388.9314096992875
364,11177,0.125,0.684375,0.62643055053608,0.6896551724137931,6384.601124339684
365,12353,0.6125,0.82128125,0.9870015660763762,0.8275862068965517,6334.656612903226
366,12306,0.375,0.82128125,0.9870015660763762,0.8275862068965517,6329.818387096774
367,7596,0.375,0.625,0.62643055053608,0.3448275862068966,6299.943820615331
368,11345,0.3625,0.82128125,0.9870015660763762,0.8275862068965517,6284.661612903225
369,5559,0.8625,0.30485937500000004,0.7440320443320082,0.13793103448275862,6270.141014492754
370,9452,0.875,0.371875,0.62643055053608,0.3448275862068966,6247.106692160612
371,9155,0.6125,0.371875,0.62643055053608,0.6206896551724137,6246.75
372,2531,0.1125,0.3125,0.6508384531984098,0.13793103448275862,6245.505652173913
373,2919,0.125,0.30485937500000004,0.7440320443320082,0.13793103448275862,6242.607391304347
374,6410,0.125,0.371875,0.62643055053608,0.3448275862068966,6238.764053537285
375,11177,0.125,0.684375,0.62643055053608,0.9655172413793103,6236.3034825870645
376,11491,0.3625,0.71875,0.62643055053608,0.8275862068965517,6220.1520967741935
377,2528,0.1125,0.309375,0.62643055053608,0.13793103448275862,6219.421449275363
378,14323,0.875,0.82775,0.9854234429586796,0.8275862068965517,6216.926451612903
379,4933,0.625,0.309375,0.62643055053608,0.13793103448275862,6178.8457971014495
380,7972,0.3625,0.625,0.62643055053608,0.3448275862068966,6167.851903354772
381,10000,0.8625,0.625,0.62643055053608,0.3448275862068966,6165.071301929428
382,5366,0.8625,0.13098749999999998,0.9729671123960967,0.13793103448275862,6136.820869565217
383,7424,0.375,0.371875,0.62643055053608,0.6206896551724137,6118.012875
384,5547,0.8625,0.278125,0.62643055053608,0.13793103448275862,6106.389130434783
385,3535,0.3625,0.30485937500000004,0.7440320443320082,0.13793103448275862,6094.796086956521
386,2364,0.1125,0.0625,0.62643055053608,0.0,6072.148009945579
387,4131,0.375,0.15274062500000002,0.9902300927599084,0.13793103448275862,6062.915217391304
388,3540,0.3625,0.309375,0.62643055053608,0.13793103448275862,6061.466231884058
389,6958,0.1125,0.625,0.62643055053608,0.3448275862068966,6059.397601251521
390,3122,0.125,0.13098749999999998,0.9729671123960967,0.13793103448275862,6054.220434782609
391,6163,0.875,0.096103125,0.9256113721238406,0.13793103448275862,6045.525652173913
392,21744,0.8625,0.8712500000000001,0.9673292374412721,0.8275862068965517,6044.363064516129
393,6112,0.875,0.0625,0.62643055053608,0.0,6043.142117406436
394,3339,0.3625,0.15274062500000002,0.9902300927599084,0.13793103448275862,6017.992173913043
395,4943,0.625,0.30485937500000004,0.7440320443320082,0.13793103448275862,6004.95
396,8610,0.625,0.625,0.62643055053608,0.3448275862068966,6003.780010429341
397,4547,0.6125,0.30485937500000004,0.7440320443320082,0.13793103448275862,5984.662173913043
398,6582,0.125,0.625,0.62643055053608,0.3448275862068966,5973.190613592908
399,7127,0.1125,0.371875,0.62643055053608,0.6206896551724137,5970.527625
400,3931,0.375,0.30485937500000004,0.7440320443320082,0.13793103448275862,5958.5778260869565
401,8986,0.6125,0.625,0.62643055053608,0.6206896551724137,5940.531375
402,13175,0.625,0.71875,0.62643055053608,0.8275862068965517,5929.858548387097
403,5567,0.8625,0.3125,0.6508384531984098,0.13793103448275862,5925.247826086957
404,10338,0.1125,0.82775,0.9854234429586796,0.8275862068965517,5918.569193548387
405,5143,0.625,0.15274062500000002,0.9902300927599084,0.13793103448275862,5899.16347826087
406,2335,0.1125,0.096103125,0.9256113721238406,0.13793103448275862,5894.816086956522
407,8141,0.3625,0.371875,0.62643055053608,0.6206896551724137,5859.28875
408,12648,0.6125,0.9375,0.62643055053608,0.8275862068965517,5837.931290322581
409,10169,0.8625,0.371875,0.62643055053608,0.6206896551724137,5830.54175
410,3523,0.3625,0.278125,0.62643055053608,0.13793103448275862,5825.257826086957
411,8438,0.625,0.371875,0.62643055053608,0.6206896551724137,5806.794
412,9624,0.875,0.625,0.62643055053608,0.3448275862068966,5766.01467060664
413,3921,0.375,0.309375,0.62643055053608,0.13793103448275862,5747.004927536232
414,7596,0.375,0.625,0.62643055053608,0.6206896551724137,5740.551375
415,12215,0.375,0.865875,0.9729671123960967,0.8275862068965517,5705.687258064516
416,4540,0.6125,0.28125,0.6545717383447777,0.13793103448275862,5684.692173913044
417,9452,0.875,0.371875,0.62643055053608,0.6206896551724137,5679.306875
418,6410,0.125,0.371875,0.62643055053608,0.6206896551724137,5669.307625
419,11423,0.3625,0.865875,0.9729671123960967,0.8275862068965517,5662.1432258064515
420,2364,0.1125,0.0625,0.62643055053608,0.27586206896551724,5656.751969696969
421,2516,0.1125,0.28125,0.6545717383447777,0.13793103448275862,5651.36231884058
422,12431,0.6125,0.865875,0.9729671123960967,0.8275862068965517,5646.015806451613
423,13223,0.625,0.865875,0.9729671123960967,0.8275862068965517,5641.1775806451615
424,2905,0.125,0.3125,0.6508384531984098,0.13793103448275862,5632.5234782608695
425,6112,0.875,0.0625,0.62643055053608,0.27586206896551724,5627.9669696969695
426,4950,0.625,0.278125,0.62643055053608,0.13793103448275862,5625.277826086956
427,5400,0.8625,0.0625,0.62643055053608,0.0,5625.116019048198
428,7972,0.3625,0.625,0.62643055053608,0.6206896551724137,5621.81325
429,10000,0.8625,0.625,0.62643055053608,0.6206896551724137,5619.3135
430,10471,0.1125,0.715625,0.6545717383447777,0.8275862068965517,5618.59935483871
431,3076,0.125,0.0625,0.62643055053608,0.0,5573.929149861475
432,21623,0.125,0.8712500000000001,0.9673292374412721,0.8275862068965517,5554.089516129032
433,10624,0.1125,0.934375,0.65293579086857,0.6896551724137931,5547.527198040846
434,3395,0.3625,0.09375,0.62643055053608,0.13793103448275862,5539.778985507246
435,6958,0.1125,0.625,0.62643055053608,0.6206896551724137,5524.323
436,10624,0.1125,0.934375,0.65293579086857,0.9655172413793103,5523.2731343283585
437,3376,0.3625,0.0625,0.62643055053608,0.0,5509.092278251664
438,5419,0.8625,0.09375,0.62643055053608,0.13793103448275862,5500.65231884058
439,12487,0.6125,0.715625,0.6545717383447777,0.8275862068965517,5475.065161290323
440,8610,0.625,0.625,0.62643055053608,0.6206896551724137,5474.327875
441,14036,0.875,0.934375,0.65293579086857,0.6896551724137931,5471.742789727361
442,3932,0.375,0.28125,0.6545717383447777,0.13793103448275862,5462.975217391305
443,5955,0.875,0.30485937500000004,0.7440320443320082,0.13793103448275862,5460.076956521739
444,11905,0.375,0.7068125000000001,0.7915190940850501,0.8275862068965517,5447.648709677419
445,14036,0.875,0.934375,0.65293579086857,0.9655172413793103,5446.99552238806
446,6582,0.125,0.625,0.62643055053608,0.6206896551724137,5445.581
447,2383,0.1125,0.09375,0.62643055053608,0.13793103448275862,5389.069420289855
448,12754,0.6125,0.7068125000000001,0.7915190940850501,0.8275862068965517,5376.688064516129
449,5941,0.875,0.3125,0.6508384531984098,0.13793103448275862,5376.0273913043475
450,10738,0.1125,0.7068125000000001,0.7915190940850501,0.8275862068965517,5350.884193548387
451,12913,0.625,0.7068125000000001,0.7915190940850501,0.8275862068965517,5329.918548387097
452,11746,0.3625,0.7068125000000001,0.7915190940850501,0.8275862068965517,5317.016774193548
453,12173,0.375,0.715625,0.6545717383447777,0.8275862068965517,5294.438064516129
454,5100,0.625,0.0625,0.62643055053608,0.27586206896551724,5285.577121212121
455,4552,0.6125,0.309375,0.62643055053608,0.13793103448275862,5267.342608695652
456,5400,0.8625,0.0625,0.62643055053608,0.27586206896551724,5258.30696969697
457,13921,0.875,0.7068125000000001,0.7915190940850501,0.8275862068965517,5237.992258064516
458,3076,0.125,0.0625,0.62643055053608,0.27586206896551724,5214.371969696969
459,14183,0.875,0.71875,0.62643055053608,0.8275862068965517,5202.511935483871
460,3790,0.375,0.10855624999999999,0.9325864353692326,0.13793103448275862,5197.784347826087
461,5403,0.8625,0.071603125,0.7551740754126008,0.13793103448275862,5187.640434782608
462,12638,0.6125,0.9252812499999999,0.7551740754126008,0.8275862068965517,5162.193064516129
463,12167,0.375,0.71875,0.62643055053608,0.8275862068965517,5146.065967741935
464,3671,0.3625,0.10855624999999999,0.9325864353692326,0.13793103448275862,5116.633043478261
465,13646,0.8625,0.9252812499999999,0.7551740754126008,0.8275862068965517,5112.198064516129
466,4683,0.6125,0.10855624999999999,0.9325864353692326,0.13793103448275862,5096.345217391305
467,14033,0.875,0.934375,0.62643055053608,0.8275862068965517,5063.815322580645
468,11630,0.3625,0.9252812499999999,0.7551740754126008,0.8275862068965517,5057.364838709677
469,14042,0.875,0.9252812499999999,0.7551740754126008,0.8275862068965517,5042.850161290323
470,4088,0.375,0.0625,0.62643055053608,0.0,5033.054565455101
471,13762,0.8625,0.7068125000000001,0.7915190940850501,0.8275862068965517,5031.561290322581
472,3379,0.3625,0.071603125,0.7551740754126008,0.13793103448275862,5031.134347826087
473,12016,0.375,0.9375,0.62643055053608,0.8275862068965517,5028.334838709678
474,10628,0.1125,0.934375,0.62643055053608,0.8275862068965517,5026.722096774193
475,3342,0.3625,0.13098749999999998,0.9729671123960967,0.13793103448275862,5025.337826086957
476,4802,0.625,0.10855624999999999,0.9325864353692326,0.13793103448275862,5025.337826086957
477,11012,0.125,0.934375,0.65293579086857,0.6896551724137931,5003.257356516724
478,12026,0.375,0.9252812499999999,0.7551740754126008,0.8275862068965517,5002.531774193549
479,4081,0.375,0.071603125,0.7551740754126008,0.13793103448275862,5002.151739130435
480,11012,0.125,0.934375,0.65293579086857,0.9655172413793103,4995.962686567164
481,3069,0.125,0.071603125,0.7551740754126008,0.13793103448275862,4989.109565217392
482,6095,0.875,0.09375,0.62643055053608,0.13793103448275862,4989.109420289855
483,13028,0.625,0.934375,0.65293579086857,0.6896551724137931,4979.144135689707
484,5146,0.625,0.13098749999999998,0.9729671123960967,0.13793103448275862,4978.965652173913
485,12993,0.625,0.934375,0.7682568365257197,0.8275862068965517,4968.664032258064
486,5093,0.625,0.071603125,0.7551740754126008,0.13793103448275862,4965.923478260869
487,13028,0.625,0.934375,0.65293579086857,0.9655172413793103,4964.456716417911
488,5083,0.625,0.09375,0.62643055053608,0.13793103448275862,4958.67768115942
489,13648,0.8625,0.934375,0.65293579086857,0.6896551724137931,4953.308541946472
490,13648,0.8625,0.934375,0.65293579086857,0.9655172413793103,4946.2164179104475
491,13034,0.625,0.9252812499999999,0.7551740754126008,0.8275862068965517,4946.085806451613
492,6105,0.875,0.071603125,0.7551740754126008,0.13793103448275862,4934.042608695652
493,3938,0.375,0.278125,0.62643055053608,0.13793103448275862,4919.551304347826
494,4134,0.375,0.13098749999999998,0.9729671123960967,0.13793103448275862,4906.5091304347825
495,10622,0.1125,0.9252812499999999,0.7551740754126008,0.8275862068965517,4886.414193548387
496,11018,0.125,0.9252812499999999,0.7551740754126008,0.8275862068965517,4867.0614516129035
497,4354,0.6125,0.13098749999999998,0.9729671123960967,0.13793103448275862,4865.933478260869
498,13656,0.8625,0.9375,0.62643055053608,0.8275862068965517,4850.933225806451
499,14189,0.875,0.715625,0.6545717383447777,0.8275862068965517,4829.968548387097
500,21672,0.6125,0.8712500000000001,0.9673292374412721,0.8275862068965517,4825.130161290323
501,11668,0.3625,0.934375,0.7682568365257197,0.8275862068965517,4812.2282258064515
502,21668,0.375,0.8712500000000001,0.9673292374412721,0.8275862068965517,4810.615483870968
503,21598,0.3625,0.8712500000000001,0.9673292374412721,0.8275862068965517,4802.551774193548
504,12676,0.6125,0.934375,0.7682568365257197,0.8275862068965517,4796.10064516129
505,5956,0.875,0.28125,0.6545717383447777,0.13793103448275862,4792.027826086956
506,2367,0.1125,0.071603125,0.7551740754126008,0.13793103448275862,4781.883913043478
507,14235,0.875,0.8368125,0.9940850499939766,0.8275862068965517,4752.556774193548
508,4944,0.625,0.28125,0.6545717383447777,0.13793103448275862,4732.61347826087
509,4088,0.375,0.0625,0.62643055053608,0.27586206896551724,4728.057121212121
510,11632,0.3625,0.934375,0.65293579086857,0.6896551724137931,4719.065825341155
511,4555,0.6125,0.3125,0.6508384531984098,0.0,4715.696147137378
512,11632,0.3625,0.934375,0.65293579086857,0.9655172413793103,4710.750746268657
513,4388,0.6125,0.0625,0.62643055053608,0.0,4693.514999849836
514,3528,0.3625,0.28125,0.6545717383447777,0.13793103448275862,4665.95347826087
515,13025,0.625,0.934375,0.62643055053608,0.8275862068965517,4665.467903225806
516,11985,0.375,0.934375,0.7682568365257197,0.8275862068965517,4652.566774193549
517,14230,0.875,0.87303125,0.9653294783760993,0.8275862068965517,4644.503064516129
518,11636,0.3625,0.934375,0.62643055053608,0.8275862068965517,4626.762258064517
519,5372,0.8625,0.089403125,0.9134441633538127,0.13793103448275862,4622.479565217392
520,13443,0.8625,0.8368125,0.9940850499939766,0.8275862068965517,4613.860967741935
521,4535,0.6125,0.278125,0.62643055053608,0.13793103448275862,4612.335652173913
522,10419,0.1125,0.8368125,0.9940850499939766,0.8275862068965517,4592.895322580645
523,4072,0.375,0.090625,0.62643055053608,0.13793103448275862,4587.700434782609
524,21740,0.625,0.8712500000000001,0.9673292374412721,0.8275862068965517,4579.993387096774
525,11008,0.125,0.9375,0.62643055053608,0.8275862068965517,4573.5416129032255
526,13994,0.875,0.914875,0.8115046379954222,0.8275862068965517,4541.287580645161
527,14278,0.875,0.92609375,0.8357908685700518,0.8275862068965517,4510.645483870968
528,11211,0.125,0.8368125,0.9940850499939766,0.8275862068965517,4494.518064516129
529,11009,0.125,0.934375,0.62643055053608,0.8275862068965517,4488.066451612904
530,13181,0.625,0.715625,0.6545717383447777,0.8275862068965517,4486.4545161290325
531,3128,0.125,0.089403125,0.9134441633538127,0.13793103448275862,4486.261304347826
532,3917,0.375,0.3125,0.6508384531984098,0.0,4458.055572230872
533,10483,0.1125,0.71875,0.62643055053608,0.8275862068965517,4450.974193548387
534,11640,0.3625,0.9375,0.62643055053608,0.8275862068965517,4439.684032258065
535,12262,0.375,0.92609375,0.8357908685700518,0.8275862068965517,4428.39564516129
536,4401,0.6125,0.090625,0.62643055053608,0.13793103448275862,4426.846956521739
537,4388,0.6125,0.0625,0.62643055053608,0.27586206896551724,4425.05696969697
538,2511,0.1125,0.278125,0.62643055053608,0.13793103448275862,4412.355652173913
539,3543,0.3625,0.3125,0.6508384531984098,0.0,4406.868703044149
540,3059,0.125,0.09375,0.62643055053608,0.13793103448275862,4381.923623188406
541,12472,0.6125,0.684375,0.6508384531984098,0.8275862068965517,4368.7246774193545
542,11479,0.3625,0.715625,0.6545717383447777,0.8275862068965517,4367.111612903226
543,12020,0.375,0.934375,0.65293579086857,0.9655172413793103,4362.526865671642
544,10666,0.1125,0.914875,0.8115046379954222,0.8275862068965517,4362.273225806452
545,11374,0.3625,0.8883125,0.9325864353692326,0.8275862068965517,4357.435
546,12020,0.375,0.934375,0.65293579086857,0.6896551724137931,4352.200394187237
547,12398,0.6125,0.92609375,0.8357908685700518,0.8275862068965517,4333.243870967742
548,10410,0.1125,0.90078125,0.9256113721238406,0.8275862068965517,4313.890967741935
549,5945,0.875,0.309375,0.62643055053608,0.48275862068965514,4293.057354934308
550,10632,0.1125,0.9375,0.62643055053608,0.8275862068965517,4289.699032258064
551,14032,0.875,0.9375,0.62643055053608,0.8275862068965517,4288.086290322581
552,4555,0.6125,0.3125,0.6508384531984098,0.27586206896551724,4284.162424242424
553,13270,0.625,0.92609375,0.8357908685700518,0.8275862068965517,4268.734193548387
554,4407,0.6125,0.09375,0.62643055053608,0.13793103448275862,4263.095072463768
555,12598,0.6125,0.8579062499999999,0.8598602578002649,0.8275862068965517,4259.057741935484
556,10382,0.1125,0.92609375,0.8357908685700518,0.8275862068965517,4238.092096774193
557,13024,0.625,0.9375,0.62643055053608,0.8275862068965517,4238.091290322581
558,13072,0.625,0.8579062499999999,0.8598602578002649,0.8275862068965517,4236.47935483871
559,11590,0.3625,0.8579062499999999,0.8598602578002649,0.8275862068965517,4230.028387096774
560,12064,0.375,0.8579062499999999,0.8598602578002649,0.8275862068965517,4225.190161290323
561,13606,0.8625,0.8579062499999999,0.8598602578002649,0.8275862068965517,4225.190161290323
562,12279,0.375,0.8883125,0.9325864353692326,0.8275862068965517,4215.51370967742
563,11978,0.375,0.914875,0.8115046379954222,0.8275862068965517,4213.900967741935
564,9158,0.6125,0.371875,0.6508384531984098,0.48275862068965514,4195.354403212327
565,4929,0.625,0.3125,0.6508384531984098,0.0,4191.884023099873
566,11056,0.125,0.8579062499999999,0.8598602578002649,0.8275862068965517,4183.2590322580645
567,13287,0.625,0.8883125,0.9325864353692326,0.8275862068965517,4178.42064516129
568,13227,0.625,0.8368125,0.9940850499939766,0.8275862068965517,4149.391290322581
569,11390,0.3625,0.92609375,0.8357908685700518,0.8275862068965517,4147.778548387097
570,11674,0.3625,0.914875,0.8115046379954222,0.8275862068965517,4146.165645161291
571,2531,0.1125,0.3125,0.6508384531984098,0.0,4140.696983273188
572,12382,0.6125,0.8883125,0.9325864353692326,0.8275862068965517,4134.876612903226
573,13690,0.8625,0.914875,0.8115046379954222,0.8275862068965517,4130.038387096774
574,5567,0.8625,0.3125,0.6508384531984098,0.0,4120.2222355984995
575,12682,0.6125,0.914875,0.8115046379954222,0.8275862068965517,4113.910967741936
576,7595,0.375,0.625,0.6508384531984098,0.48275862068965514,4110.296367739244
577,12219,0.375,0.8368125,0.9940850499939766,0.8275862068965517,4086.4943548387096
578,10660,0.1125,0.934375,0.7682568365257197,0.8275862068965517,4084.8816129032257
579,5552,0.8625,0.28125,0.6545717383447777,0.13793103448275862,4080.5049275362317
580,2920,0.125,0.28125,0.6545717383447777,0.13793103448275862,4077.6065217391306
581,14080,0.875,0.8579062499999999,0.8598602578002649,0.8275862068965517,4070.3669354838707
582,10970,0.125,0.914875,0.8115046379954222,0.8275862068965517,4067.1414516129034
583,11427,0.3625,0.8368125,0.9940850499939766,0.8275862068965517,4063.9159677419357
584,10582,0.1125,0.8579062499999999,0.8598602578002649,0.8275862068965517,4060.690483870968
585,3917,0.375,0.3125,0.6508384531984098,0.27586206896551724,4053.8822727272727
586,2528,0.1125,0.309375,0.62643055053608,0.48275862068965514,4025.236837839795
587,12188,0.375,0.684375,0.6508384531984098,0.8275862068965517,4021.9851612903226
588,3543,0.3625,0.3125,0.6508384531984098,0.27586206896551724,4009.9474242424244
589,12640,0.6125,0.934375,0.65293579086857,0.9655172413793103,4002.695688225539
590,13684,0.8625,0.934375,0.7682568365257197,0.8275862068965517,3991.3424193548385
591,7420,0.375,0.371875,0.6508384531984098,0.48275862068965514,3988.4546366877075
592,4071,0.375,0.09375,0.62643055053608,0.13793103448275862,3983.4127536231886
593,12640,0.6125,0.934375,0.65293579086857,0.6896551724137931,3981.8903894554055
594,12435,0.6125,0.8368125,0.9940850499939766,0.8275862068965517,3962.3132258064516
595,4092,0.375,0.059375,0.6508384531984098,0.13793103448275862,3942.8366666666666
596,5564,0.8625,0.309375,0.62643055053608,0.48275862068965514,3920.637683225294
597,13220,0.625,0.8870625000000001,0.9472834598241175,0.8275862068965517,3915.5437096774194
598,13406,0.8625,0.92609375,0.8357908685700518,0.8275862068965517,3907.48
599,6955,0.1125,0.625,0.6508384531984098,0.48275862068965514,3898.7987111147386
600,2905,0.125,0.3125,0.6508384531984098,0.0,3898.412469122699
601,10456,0.1125,0.684375,0.6508384531984098,0.8275862068965517,3892.966129032258
602,7130,0.1125,0.371875,0.6508384531984098,0.48275862068965514,3886.1540247775893
603,6096,0.875,0.090625,0.62643055053608,0.13793103448275862,3861.6860869565216
604,2383,0.1125,0.09375,0.62643055053608,0.0,3847.225599935976
605,12179,0.375,0.706,0.7761354053728465,0.8275862068965517,3842.97064516129
606,12428,0.6125,0.8870625000000001,0.9472834598241175,0.8275862068965517,3842.970322580645
607,4551,0.6125,0.309375,0.7324515118660402,0.13793103448275862,3828.3560869565217
608,4929,0.625,0.3125,0.6508384531984098,0.27586206896551724,3817.542424242424
609,13495,0.8625,0.715625,0.6545717383447777,0.8275862068965517,3817.166451612903
610,12017,0.375,0.934375,0.62643055053608,0.8275862068965517,3810.714838709677
611,12485,0.6125,0.706,0.7761354053728465,0.8275862068965517,3789.75
612,11165,0.125,0.715625,0.6545717383447777,0.8275862068965517,3789.75
613,11420,0.3625,0.8870625000000001,0.9472834598241175,0.8275862068965517,3783.298870967742
614,11254,0.125,0.92609375,0.8357908685700518,0.8275862068965517,3778.4606451612904
615,3921,0.375,0.309375,0.62643055053608,0.48275862068965514,3760.8648820150383
616,13187,0.625,0.706,0.7761354053728465,0.8275862068965517,3754.269677419355
617,3539,0.3625,0.309375,0.7324515118660402,0.13793103448275862,3753.001304347826
618,5567,0.8625,0.3125,0.6508384531984098,0.27586206896551724,3750.8822727272727
619,4937,0.625,0.309375,0.7324515118660402,0.13793103448275862,3742.857391304348
620,3925,0.375,0.309375,0.7324515118660402,0.13793103448275862,3734.162608695652
621,11464,0.3625,0.684375,0.6508384531984098,0.8275862068965517,3710.726129032258
622,12354,0.6125,0.82775,0.9854234429586796,0.8275862068965517,3709.112741935484
623,2909,0.125,0.309375,0.62643055053608,0.48275862068965514,3691.898254854874
624,4933,0.625,0.309375,0.62643055053608,0.48275862068965514,3690.7488110688714
625,8609,0.625,0.625,0.6508384531984098,0.48275862068965514,3686.151610704231
626,12212,0.375,0.8870625000000001,0.9472834598241175,0.8275862068965517,3678.47064516129
627,12307,0.375,0.82775,0.9854234429586796,0.8275862068965517,3668.7941935483873
628,4552,0.6125,0.309375,0.62643055053608,0.48275862068965514,3667.7600503046906
629,13377,0.8625,0.8634375000000001,0.9629442235875195,0.8275862068965517,3654.2795161290323
630,10469,0.1125,0.706,0.7761354053728465,0.8275862068965517,3652.6670967741934
631,11171,0.125,0.706,0.7761354053728465,0.8275862068965517,3646.2159677419354
632,3395,0.3625,0.09375,0.62643055053608,0.0,3635.65320729752
633,13493,0.8625,0.706,0.7761354053728465,0.8275862068965517,3633.313870967742
634,3540,0.3625,0.309375,0.62643055053608,0.48275862068965514,3628.678846624723
635,9997,0.8625,0.625,0.6508384531984098,0.48275862068965514,3625.230975090212
636,8123,0.3625,0.40625,0.62643055053608,0.48275862068965514,3621.7822988645808
637,13362,0.8625,0.82775,0.9854234429586796,0.8275862068965517,3609.1227419354836
638,10413,0.1125,0.88009375,0.9567642452716538,0.8275862068965517,3605.8972580645163
639,5084,0.625,0.090625,0.62643055053608,0.13793103448275862,3603.7408695652175
640,5419,0.8625,0.09375,0.62643055053608,0.0,3594.703711948142
641,2383,0.1125,0.09375,0.62643055053608,0.27586206896551724,3591.8071212121213
642,5941,0.875,0.3125,0.6508384531984098,0.0,3591.2914246423215
643,11346,0.3625,0.82775,0.9854234429586796,0.8275862068965517,3589.7698387096775
644,12494,0.6125,0.71875,0.7718949524153716,0.8275862068965517,3573.6424193548387
645,8144,0.3625,0.371875,0.6508384531984098,0.48275862068965514,3568.907654796706
646,2905,0.125,0.3125,0.6508384531984098,0.27586206896551724,3553.932424242424
647,5790,0.875,0.139959375,0.96883508011083,0.13793103448275862,3550.123043478261
648,2332,0.1125,0.1167875,0.9567642452716538,0.13793103448275862,3537.080869565217
649,14195,0.875,0.706,0.7761354053728465,0.8275862068965517,3533.3240322580646
650,11512,0.3625,0.75,0.62643055053608,0.8275862068965517,3520.4220967741935
651,10151,0.8625,0.40625,0.62643055053608,0.48275862068965514,3514.884026766326
652,11158,0.125,0.71875,0.7718949524153716,0.8275862068965517,3502.681935483871
653,6159,0.875,0.12385312499999998,0.9653294783760993,0.13793103448275862,3497.954347826087
654,13174,0.625,0.71875,0.7718949524153716,0.8275862068965517,3493.005483870968
655,6160,0.875,0.1167875,0.9567642452716538,0.13793103448275862,3484.9121739130433
656,20659,0.8625,0.12445312500000001,0.9660040958920612,0.13793103448275862,3480.5647826086956
657,4951,0.625,0.278125,0.7718949524153716,0.13793103448275862,3468.971739130435
658,4533,0.6125,0.278125,0.7718949524153716,0.13793103448275862,3467.5226086956523
659,5413,0.8625,0.090625,0.62643055053608,0.13793103448275862,3463.175072463768
660,13315,0.625,0.82775,0.9854234429586796,0.8275862068965517,3459.137741935484
661,13196,0.625,0.684375,0.6508384531984098,0.8275862068965517,3449.4617741935485
662,6581,0.125,0.625,0.6508384531984098,0.48275862068965514,3428.676202639617
663,12643,0.6125,0.934375,0.7324515118660402,0.8275862068965517,3420.4317741935483
664,12644,0.6125,0.934375,0.62643055053608,0.8275862068965517,3418.8185483870966
665,9623,0.875,0.625,0.6508384531984098,0.48275862068965514,3395.3421029337887
666,3395,0.3625,0.09375,0.62643055053608,0.27586206896551724,3394.857121212121
667,12166,0.375,0.71875,0.7718949524153716,0.8275862068965517,3381.726129032258
668,2913,0.125,0.309375,0.7324515118660402,0.13793103448275862,3379.125652173913
669,20517,0.3625,0.12445312500000001,0.9660040958920612,0.13793103448275862,3376.2273913043477
670,11204,0.125,0.8870625000000001,0.9472834598241175,0.8275862068965517,3373.6624193548387
671,5419,0.8625,0.09375,0.62643055053608,0.27586206896551724,3364.557272727273
672,9448,0.875,0.371875,0.6508384531984098,0.48275862068965514,3355.1113405119445
673,6095,0.875,0.09375,0.62643055053608,0.27586206896551724,3349.407121212121
674,11486,0.3625,0.71875,0.7718949524153716,0.8275862068965517,3341.4075806451615
675,10172,0.8625,0.371875,0.6508384531984098,0.48275862068965514,3335.570911105772
676,11619,0.3625,0.903125,0.62643055053608,0.8275862068965517,3333.3435483870967
677,2927,0.125,0.278125,0.7718949524153716,0.13793103448275862,3328.406086956522
678,20591,0.375,0.12440625000000001,0.9659559089266353,0.13793103448275862,3328.406086956522
679,11213,0.125,0.82203125,0.9989157932779182,0.8275862068965517,3313.9909677419355
680,14309,0.875,0.85690625,0.96883508011083,0.8275862068965517,3310.7654838709677
681,2331,0.1125,0.12385312499999998,0.9653294783760993,0.13793103448275862,3309.567391304348
682,11589,0.3625,0.8508437499999999,0.8653776653415252,0.8275862068965517,3307.54
683,14078,0.875,0.8508437499999999,0.8653776653415252,0.8275862068965517,3301.0890322580644
684,3521,0.3625,0.278125,0.7718949524153716,0.13793103448275862,3297.974347826087
685,12597,0.6125,0.8508437499999999,0.8653776653415252,0.8275862068965517,3297.8635483870967
686,11299,0.125,0.82775,0.9854234429586796,0.8275862068965517,3296.250806451613
687,10611,0.1125,0.903125,0.62643055053608,0.8275862068965517,3293.0251612903226
688,12062,0.375,0.8508437499999999,0.8653776653415252,0.8275862068965517,3286.5743548387095
689,2527,0.1125,0.309375,0.7324515118660402,0.13793103448275862,3286.3814492753622
690,5941,0.875,0.3125,0.6508384531984098,0.27586206896551724,3279.7174242424244
691,5083,0.625,0.09375,0.62643055053608,0.0,3277.3451229904585
692,5839,0.875,0.0819875,0.8115046379954222,0.13793103448275862,3261.7460869565216
693,13635,0.8625,0.903125,0.62643055053608,0.8275862068965517,3257.5446774193547
694,4389,0.6125,0.0625,0.7324515118660402,0.13793103448275862,3254.5002898550724
695,10581,0.1125,0.8508437499999999,0.8653776653415252,0.8275862068965517,3254.3195161290323
696,13528,0.8625,0.75,0.62643055053608,0.8275862068965517,3241.4177419354837
697,3368,0.3625,0.059375,0.6508384531984098,0.13793103448275862,3240.0084057971017
698,13445,0.8625,0.82203125,0.9989157932779182,0.8275862068965517,3236.5793548387096
699,13605,0.8625,0.8508437499999999,0.8653776653415252,0.8275862068965517,3214.0009677419357
700,7990,0.3625,0.590625,0.62643055053608,0.48275862068965514,3211.430982217476
701,13502,0.8625,0.71875,0.7718949524153716,0.8275862068965517,3209.1629032258065
702,2377,0.1125,0.090625,0.62643055053608,0.13793103448275862,3206.6791304347826
703,12021,0.375,0.934375,0.7324515118660402,0.8275862068965517,3197.8732258064515
704,4431,0.6125,0.138959375,0.8598602578002649,0.13793103448275862,3190.73884057971
705,5055,0.625,0.138959375,0.8598602578002649,0.13793103448275862,3179.145652173913
706,20663,0.625,0.12440625000000001,0.9659559089266353,0.13793103448275862,3174.798260869565
707,11054,0.125,0.8508437499999999,0.8653776653415252,0.8275862068965517,3167.231451612903
708,13029,0.625,0.934375,0.7324515118660402,0.8275862068965517,3165.6183870967743
709,10018,0.8625,0.590625,0.62643055053608,0.48275862068965514,3165.4533457332404
710,3419,0.3625,0.138959375,0.8598602578002649,0.13793103448275862,3160.3069565217393
711,6406,0.125,0.371875,0.6508384531984098,0.48275862068965514,3153.958448049716
712,2634,0.1125,0.0819875,0.8115046379954222,0.13793103448275862,3147.2647826086954
713,5392,0.8625,0.059375,0.6508384531984098,0.13793103448275862,3145.815072463768
714,10478,0.1125,0.71875,0.7718949524153716,0.8275862068965517,3139.8148387096776
715,4043,0.375,0.138959375,0.8598602578002649,0.13793103448275862,3137.1208695652176
716,13156,0.625,0.75,0.62643055053608,0.8275862068965517,3131.751129032258
717,3815,0.375,0.0819875,0.8115046379954222,0.13793103448275862,3125.5278260869563
718,3389,0.3625,0.090625,0.62643055053608,0.13793103448275862,3119.731304347826
719,14204,0.875,0.684375,0.6508384531984098,0.8275862068965517,3118.85
720,22968,0.6125,0.849375,0.9868931454041681,0.8275862068965517,3112.3982258064516
721,3031,0.125,0.138959375,0.8598602578002649,0.13793103448275862,3108.1382608695653
722,4827,0.625,0.0819875,0.8115046379954222,0.13793103448275862,3100.892608695652
723,13480,0.8625,0.684375,0.6508384531984098,0.8275862068965517,3099.4967741935484
724,11140,0.125,0.75,0.62643055053608,0.8275862068965517,3096.2709677419357
725,5443,0.8625,0.138959375,0.8598602578002649,0.13793103448275862,3093.646956521739
726,6561,0.125,0.590625,0.62643055053608,0.48275862068965514,3093.0382722591935
727,3393,0.3625,0.09375,0.6846187206360679,0.13793103448275862,3080.6047826086956
728,4080,0.375,0.0625,0.7324515118660402,0.13793103448275862,3080.6046376811596
729,6116,0.875,0.059375,0.6508384531984098,0.13793103448275862,3077.7059420289856
730,5083,0.625,0.09375,0.62643055053608,0.27586206896551724,3075.1922727272727
731,6040,0.875,0.163253125,0.8749909649439825,0.13793103448275862,3061.7660869565216
732,4658,0.6125,0.0819875,0.8115046379954222,0.13793103448275862,3058.8678260869565
733,5092,0.625,0.0625,0.7324515118660402,0.13793103448275862,3047.274637681159
734,13437,0.8625,0.88009375,0.9567642452716538,0.8275862068965517,3039.8248387096774
735,3377,0.3625,0.0625,0.7324515118660402,0.13793103448275862,3037.130724637681
736,3646,0.3625,0.0819875,0.8115046379954222,0.13793103448275862,3035.681739130435
737,2509,0.1125,0.278125,0.7718949524153716,0.13793103448275862,3032.7834782608697
738,12437,0.6125,0.82203125,0.9989157932779182,0.8275862068965517,3026.9229032258063
739,11205,0.125,0.88009375,0.9567642452716538,0.8275862068965517,3026.9229032258063
740,5949,0.875,0.309375,0.7324515118660402,0.13793103448275862,3025.5378260869566
741,12221,0.375,0.82203125,0.9989157932779182,0.8275862068965517,3012.408225806452
742,13229,0.625,0.82203125,0.9989157932779182,0.8275862068965517,3010.795483870968
743,6067,0.875,0.138959375,0.8598602578002649,0.13793103448275862,3008.1484057971015
744,22893,0.3625,0.849375,0.9868931454041681,0.8275862068965517,3005.9572580645163
745,20521,0.12499999999999992,0.12440625000000001,0.9659559089266353,0.13793103448275862,3000.9026086956524
746,10352,0.1125,0.85690625,0.96883508011083,0.8275862068965517,2999.5062903225808
747,21726,0.8625,0.8588125,0.9671967232863511,0.8275862068965517,2991.4425806451613
748,5670,0.8625,0.0819875,0.8115046379954222,0.13793103448275862,2989.309565217391
749,2431,0.1125,0.163253125,0.8749909649439825,0.13793103448275862,2987.860579710145
750,10010,0.8625,0.61278125,0.7551740754126008,0.48275862068965514,2986.140230072687
751,8589,0.625,0.590625,0.62643055053608,0.48275862068965514,2976.944334917042
752,14322,0.875,0.82128125,0.9870015660763762,0.8275862068965517,2972.0896774193548
753,11429,0.3625,0.82203125,0.9989157932779182,0.8275862068965517,2960.8004838709676
754,5545,0.8625,0.278125,0.7718949524153716,0.13793103448275862,2960.3269565217392
755,6155,0.875,0.15274062500000002,0.9902300927599084,0.13793103448275862,2950.183043478261
756,6091,0.875,0.09375,0.6846187206360679,0.13793103448275862,2947.284782608696
757,22964,0.375,0.849375,0.9868931454041681,0.8275862068965517,2944.673064516129
758,5467,0.8625,0.163253125,0.8749909649439825,0.13793103448275862,2944.3865217391303
759,6572,0.125,0.61278125,0.7551740754126008,0.48275862068965514,2942.461136292834
760,8996,0.6125,0.61278125,0.7551740754126008,0.48275862068965514,2927.5184820306727
761,14037,0.875,0.934375,0.7324515118660402,0.8275862068965517,2920.4817741935485
762,7586,0.375,0.61278125,0.7551740754126008,0.48275862068965514,2919.472375528653
763,2803,0.125,0.0819875,0.8115046379954222,0.13793103448275862,2916.853043478261
764,3443,0.3625,0.163253125,0.8749909649439825,0.13793103448275862,2913.9547826086955
765,3504,0.3625,0.246875,0.62643055053608,0.13793103448275862,2908.1582608695653
766,8983,0.6125,0.625,0.6508384531984098,0.3448275862068966,2907.2710585781333
767,8600,0.625,0.61278125,0.7551740754126008,0.48275862068965514,2901.081159996735
768,4407,0.6125,0.09375,0.62643055053608,0.0,2891.7373751171444
769,20377,0.6125,0.8806875,0.9559691603421274,0.8275862068965517,2891.452580645161
770,3059,0.125,0.09375,0.62643055053608,0.0,2884.912459225581
771,14050,0.875,0.903125,0.62643055053608,0.8275862068965517,2881.7759677419353
772,12472,0.6125,0.684375,0.6508384531984098,0.6896551724137931,2881.294785011721
773,5028,0.625,0.163253125,0.8749909649439825,0.13793103448275862,2880.6247826086956
774,4016,0.375,0.163253125,0.8749909649439825,0.13793103448275862,2877.7265217391305
775,6164,0.875,0.089403125,0.9134441633538127,0.13793103448275862,2874.8282608695654
776,12472,0.6125,0.684375,0.6508384531984098,0.9655172413793103,2848.5829187396353
777,10337,0.1125,0.82128125,0.9870015660763762,0.8275862068965517,2847.9085483870967
778,3004,0.125,0.163253125,0.8749909649439825,0.13793103448275862,2845.845652173913
779,4455,0.6125,0.163253125,0.8749909649439825,0.13793103448275862,2844.3965217391305
780,4554,0.6125,0.3125,0.6752463558607397,0.13793103448275862,2837.1508695652174
781,20306,0.3625,0.8806875,0.9559691603421274,0.8275862068965517,2825.3301612903224
782,5079,0.625,0.09375,0.6846187206360679,0.13793103448275862,2821.210434782609
783,6104,0.875,0.0625,0.7324515118660402,0.13793103448275862,2815.413768115942
784,14239,0.875,0.80725,0.9998795325864354,0.8275862068965517,2812.428225806452
785,23042,0.8625,0.849375,0.9868931454041681,0.8275862068965517,2810.815483870968
786,14227,0.875,0.89396875,0.9368871220334899,0.8275862068965517,2801.1390322580646
787,13607,0.8625,0.8649374999999999,0.8534513913986266,0.8275862068965517,2801.1390322580646
788,9158,0.6125,0.371875,0.6508384531984098,0.3448275862068966,2789.082982791587
789,13221,0.625,0.88009375,0.9567642452716538,0.8275862068965517,2775.3351612903225
790,6968,0.1125,0.61278125,0.7551740754126008,0.48275862068965514,2766.5963519902884
791,13042,0.625,0.903125,0.62643055053608,0.8275862068965517,2765.6585483870967
792,3080,0.125,0.059375,0.6508384531984098,0.13793103448275862,2758.8971014492754
793,13651,0.8625,0.934375,0.7324515118660402,0.8275862068965517,2755.9820967741935
794,2336,0.1125,0.089403125,0.9134441633538127,0.13793103448275862,2748.7539130434784
795,12213,0.375,0.88009375,0.9567642452716538,0.8275862068965517,2746.305806451613
796,12908,0.625,0.6875,0.7682568365257197,0.8275862068965517,2735.016935483871
797,4407,0.6125,0.09375,0.62643055053608,0.27586206896551724,2734.3172727272727
798,3059,0.125,0.09375,0.62643055053608,0.27586206896551724,2728.2572727272727
799,3055,0.125,0.09375,0.6846187206360679,0.13793103448275862,2724.1186956521738
800,10423,0.1125,0.80725,0.9998795325864354,0.8275862068965517,2722.114677419355
801,7595,0.375,0.625,0.6508384531984098,0.3448275862068966,2719.561550495394
802,5528,0.8625,0.246875,0.62643055053608,0.13793103448275862,2713.9747826086955
803,11057,0.125,0.8649374999999999,0.8534513913986266,0.8275862068965517,2710.8254838709677
804,4071,0.375,0.09375,0.62643055053608,0.0,2707.464646044941
805,14182,0.875,0.71875,0.7718949524153716,0.8275862068965517,2702.7617741935483
806,12429,0.6125,0.88009375,0.9567642452716538,0.8275862068965517,2701.1490322580644
807,2356,0.1125,0.059375,0.6508384531984098,0.13793103448275862,2692.2372463768115
808,9614,0.875,0.61278125,0.7551740754126008,0.48275862068965514,2691.88250590011
809,10411,0.1125,0.89396875,0.9368871220334899,0.8275862068965517,2689.859838709677
810,12188,0.375,0.684375,0.6508384531984098,0.6896551724137931,2681.4996989852316
811,5401,0.8625,0.0625,0.7324515118660402,0.13793103448275862,2674.848115942029
812,4390,0.6125,0.067015625,0.7440320443320082,0.13793103448275862,2673.3989855072464
813,8983,0.6125,0.625,0.6508384531984098,0.6206896551724137,2665.859
814,21577,0.12499999999999992,0.85878125,0.9672328635104203,0.8275862068965517,2665.6687096774194
815,22897,0.125,0.849375,0.9868931454041681,0.8275862068965517,2660.830483870968
816,12188,0.375,0.684375,0.6508384531984098,0.9655172413793103,2656.2308457711442
817,20302,0.3625,0.8931250000000001,0.9382363570654136,0.8275862068965517,2654.3795161290323
818,7420,0.375,0.371875,0.6508384531984098,0.3448275862068966,2652.8198852772466
819,2365,0.1125,0.0625,0.7324515118660402,0.13793103448275862,2641.518115942029
820,11180,0.125,0.684375,0.6508384531984098,0.8275862068965517,2638.252419354839
821,11421,0.3625,0.88009375,0.9567642452716538,0.8275862068965517,2633.413870967742
822,9475,0.875,0.40625,0.62643055053608,0.48275862068965514,2629.8123115442136
823,7447,0.375,0.40625,0.62643055053608,0.48275862068965514,2624.064977658326
824,2327,0.1125,0.15274062500000002,0.9902300927599084,0.13793103448275862,2616.883043478261
825,13432,0.8625,0.9140625,0.9004216359474762,0.8275862068965517,2612.448225806452
826,12599,0.6125,0.8649374999999999,0.8534513913986266,0.8275862068965517,2609.222741935484
827,2945,0.125,0.246875,0.62643055053608,0.13793103448275862,2608.1884057971015
828,12639,0.6125,0.929875,0.7440320443320082,0.8275862068965517,2604.3845161290324
829,5963,0.875,0.278125,0.7718949524153716,0.13793103448275862,2593.696956521739
830,4969,0.625,0.246875,0.62643055053608,0.13793103448275862,2586.451304347826
831,5402,0.8625,0.067015625,0.7440320443320082,0.13793103448275862,2582.1039130434783
832,7969,0.3625,0.625,0.6508384531984098,0.3448275862068966,2581.9080132104987
833,3378,0.3625,0.067015625,0.7440320443320082,0.13793103448275862,2579.205652173913
834,4140,0.375,0.089403125,0.9134441633538127,0.13793103448275862,2573.409275362319
835,11591,0.3625,0.8649374999999999,0.8534513913986266,0.8275862068965517,2572.1296774193547
836,4071,0.375,0.09375,0.62643055053608,0.27586206896551724,2567.6671212121214
837,11900,0.375,0.6875,0.7682568365257197,0.8275862068965517,2564.0661290322582
838,13073,0.625,0.8649374999999999,0.8534513913986266,0.8275862068965517,2559.2279032258066
839,24266,0.6125,0.8150625,0.9998554391037224,0.8275862068965517,2559.2277419354837
840,3348,0.3625,0.089403125,0.9134441633538127,0.13793103448275862,2558.9178260869567
841,5813,0.875,0.10201875,0.9224189856643776,0.13793103448275862,2558.9178260869567
842,4079,0.375,0.067015625,0.7440320443320082,0.13793103448275862,2556.019565217391
843,24191,0.3625,0.8150625,0.9998554391037224,0.8275862068965517,2551.1640322580647
844,7130,0.1125,0.371875,0.6508384531984098,0.3448275862068966,2544.365583173996
845,9158,0.6125,0.371875,0.6508384531984098,0.6206896551724137,2543.370375
846,10456,0.1125,0.684375,0.6508384531984098,0.6896551724137931,2541.9874927717697
847,11013,0.125,0.934375,0.7324515118660402,0.8275862068965517,2535.0362903225805
848,6955,0.1125,0.625,0.6508384531984098,0.3448275862068966,2526.2904223883193
849,5056,0.625,0.146021875,0.8653776653415252,0.13793103448275862,2525.5878260869567
850,20376,0.6125,0.8931250000000001,0.9382363570654136,0.8275862068965517,2523.7474193548387
851,6103,0.875,0.067015625,0.7440320443320082,0.13793103448275862,2521.2402898550727
852,3068,0.125,0.0625,0.7324515118660402,0.13793103448275862,2521.2402898550727
853,9137,0.6125,0.40625,0.62643055053608,0.48275862068965514,2520.615151873953
854,10456,0.1125,0.684375,0.6508384531984098,0.9655172413793103,2520.257711442786
855,4432,0.6125,0.146021875,0.8653776653415252,0.13793103448275862,2518.3421739130436
856,5091,0.625,0.067015625,0.7440320443320082,0.13793103448275862,2516.893043478261
857,11464,0.3625,0.684375,0.6508384531984098,0.6896551724137931,2504.095288615027
858,5468,0.8625,0.17028125,0.8773762197325623,0.13793103448275862,2503.850869565217
859,3420,0.3625,0.146021875,0.8653776653415252,0.13793103448275862,2499.5034782608695
860,22872,0.3625,0.849375,0.9746536561860017,0.8275862068965517,2496.3308064516127
861,4360,0.6125,0.089403125,0.9134441633538127,0.13793103448275862,2495.156086956522
862,5814,0.875,0.10855624999999999,0.9325864353692326,0.13793103448275862,2493.7069565217394
863,3006,0.125,0.17028125,0.8773762197325623,0.13793103448275862,2492.2578260869564
864,10611,0.1125,0.903125,0.62643055053608,0.9655172413793103,2488.7507462686567
865,9997,0.8625,0.625,0.6508384531984098,0.3448275862068966,2484.577368329567
866,14043,0.875,0.929875,0.7440320443320082,0.8275862068965517,2483.428870967742
867,20444,0.625,0.8931250000000001,0.9382363570654136,0.8275862068965517,2483.428870967742
868,3444,0.3625,0.17028125,0.8773762197325623,0.13793103448275862,2480.6647826086955
869,11631,0.3625,0.929875,0.7440320443320082,0.8275862068965517,2480.2033870967743
870,5030,0.625,0.17028125,0.8773762197325623,0.13793103448275862,2474.8682608695653
871,4044,0.375,0.146021875,0.8653776653415252,0.13793103448275862,2471.97
872,10417,0.1125,0.8514375,0.9854234429586796,0.8275862068965517,2464.0759677419355
873,3918,0.375,0.3125,0.6752463558607397,0.13793103448275862,2454.580434782609
874,4456,0.6125,0.17028125,0.8773762197325623,0.13793103448275862,2453.1313043478262
875,4018,0.375,0.17028125,0.8773762197325623,0.13793103448275862,2451.6821739130437
876,2408,0.1125,0.146021875,0.8653776653415252,0.13793103448275862,2444.4365217391305
877,8609,0.625,0.625,0.6508384531984098,0.3448275862068966,2442.8638970971665
878,12027,0.375,0.929875,0.7440320443320082,0.8275862068965517,2436.6593548387095
879,24262,0.375,0.81503125,0.9998554391037224,0.8275862068965517,2431.821129032258
880,23008,0.625,0.849375,0.9746536561860017,0.8275862068965517,2430.208387096774
881,7420,0.375,0.371875,0.6508384531984098,0.6206896551724137,2422.1325
882,3067,0.125,0.067015625,0.7440320443320082,0.13793103448275862,2412.555652173913
883,22949,0.6125,0.849375,0.9746536561860017,0.8275862068965517,2407.63
884,2366,0.1125,0.067015625,0.7440320443320082,0.13793103448275862,2400.9626086956523
885,2432,0.1125,0.17028125,0.8773762197325623,0.13793103448275862,2399.5134782608698
886,6042,0.875,0.17028125,0.8773762197325623,0.13793103448275862,2398.0643478260868
887,20372,0.375,0.8931250000000001,0.9382363570654136,0.8275862068965517,2394.728064516129
888,4405,0.6125,0.09375,0.6846187206360679,0.13793103448275862,2393.716956521739
889,6068,0.875,0.146021875,0.8653776653415252,0.13793103448275862,2393.716956521739
890,10628,0.1125,0.934375,0.62643055053608,0.9655172413793103,2392.574295190713
891,22936,0.375,0.849375,0.9746536561860017,0.8275862068965517,2389.8898387096774
892,13647,0.8625,0.929875,0.7440320443320082,0.8275862068965517,2388.2770967741935
893,5152,0.625,0.089403125,0.9134441633538127,0.13793103448275862,2377.7765217391307
894,7969,0.3625,0.625,0.6508384531984098,0.6206896551724137,2374.638125
895,13035,0.625,0.929875,0.7440320443320082,0.8275862068965517,2373.7624193548386
896,13389,0.8625,0.8816875,0.9419226599204914,0.8275862068965517,2370.536935483871
897,14295,0.875,0.8883125,0.9325864353692326,0.8275862068965517,2362.4732258064514
898,11200,0.125,0.9140625,0.9004216359474762,0.8275862068965517,2362.4732258064514
899,14033,0.875,0.934375,0.62643055053608,0.9655172413793103,2361.0684908789385
900,12994,0.625,0.934375,0.789519335019877,0.8275862068965517,2360.8604838709675
901,10623,0.1125,0.929875,0.7440320443320082,0.8275862068965517,2360.8604838709675
902,6581,0.125,0.625,0.6508384531984098,0.3448275862068966,2359.437788979663
903,12643,0.6125,0.934375,0.7324515118660402,0.9655172413793103,2357.75223880597
904,13630,0.8625,0.903125,0.6846187206360679,0.8275862068965517,2357.635
905,9603,0.875,0.590625,0.62643055053608,0.48275862068965514,2352.796474073427
906,13768,0.8625,0.6875,0.7682568365257197,0.8275862068965517,2351.184516129032
907,13196,0.625,0.684375,0.6508384531984098,0.6896551724137931,2349.0817261556253
908,4389,0.6125,0.0625,0.7324515118660402,0.0,2347.4503327649886
909,4384,0.6125,0.059375,0.62643055053608,0.27586206896551724,2346.476818181818
910,11154,0.125,0.71875,0.655524635586074,0.8275862068965517,2341.5075806451614
911,14081,0.875,0.8649374999999999,0.8534513913986266,0.8275862068965517,2338.2820967741936
912,13451,0.8625,0.7777499999999999,0.9902300927599084,0.8275862068965517,2338.2820967741936
913,13196,0.625,0.684375,0.6508384531984098,0.9655172413793103,2334.538142620232
914,3885,0.375,0.29007499999999997,0.7915190940850501,0.13793103448275862,2329.955362318841
915,12148,0.375,0.75,0.62643055053608,0.8275862068965517,2325.380322580645
916,7130,0.1125,0.371875,0.6508384531984098,0.6206896551724137,2324.64225
917,8434,0.625,0.371875,0.6508384531984098,0.3448275862068966,2319.1143403441683
918,7575,0.375,0.590625,0.62643055053608,0.48275862068965514,2318.3130455374703
919,4067,0.375,0.09375,0.6846187206360679,0.13793103448275862,2311.1165217391303
920,10606,0.1125,0.903125,0.6846187206360679,0.8275862068965517,2307.64
921,7109,0.1125,0.40625,0.62643055053608,0.48275862068965514,2305.6691638914403
922,13480,0.8625,0.684375,0.6508384531984098,0.6896551724137931,2304.299685824986
923,10172,0.8625,0.371875,0.6508384531984098,0.3448275862068966,2298.2578828437336
924,24332,0.625,0.81503125,0.9998554391037224,0.8275862068965517,2297.9635483870966
925,13506,0.8625,0.71875,0.655524635586074,0.8275862068965517,2291.512741935484
926,13480,0.8625,0.684375,0.6508384531984098,0.9655172413793103,2289.7665008291874
927,11270,0.125,0.8816875,0.9419226599204914,0.8275862068965517,2283.448870967742
928,13029,0.625,0.934375,0.7324515118660402,0.9655172413793103,2279.816417910448
929,4585,0.6125,0.29007499999999997,0.7915190940850501,0.13793103448275862,2274.8882608695653
930,11635,0.3625,0.934375,0.7324515118660402,0.9655172413793103,2274.8419568822555
931,5092,0.625,0.0625,0.7324515118660402,0.0,2272.3762579577947
932,4897,0.625,0.29007499999999997,0.7915190940850501,0.13793103448275862,2263.2952173913045
933,14296,0.875,0.89484375,0.9224189856643776,0.8275862068965517,2262.483064516129
934,3377,0.3625,0.0625,0.7324515118660402,0.0,2257.0200265618164
935,12021,0.375,0.934375,0.7324515118660402,0.9655172413793103,2254.9432835820894
936,4080,0.375,0.0625,0.7324515118660402,0.0,2253.6075686160348
937,12643,0.6125,0.934375,0.7324515118660402,0.6896551724137931,2252.627809320451
938,4389,0.6125,0.0625,0.7324515118660402,0.27586206896551724,2252.5472727272727
939,3573,0.3625,0.29007499999999997,0.7915190940850501,0.13793103448275862,2251.7021739130437
940,8609,0.625,0.625,0.6508384531984098,0.6206896551724137,2249.6505
941,2931,0.125,0.278125,0.655524635586074,0.13793103448275862,2243.007391304348
942,14050,0.875,0.903125,0.62643055053608,0.9655172413793103,2233.3865671641793
943,3032,0.125,0.146021875,0.8653776653415252,0.13793103448275862,2231.414347826087
944,2561,0.1125,0.29007499999999997,0.7915190940850501,0.13793103448275862,2221.270434782609
945,9623,0.875,0.625,0.6508384531984098,0.3448275862068966,2212.0508951851207
946,4381,0.6125,0.059375,0.6752463558607397,0.13793103448275862,2211.126376811594
947,12369,0.6125,0.8634375000000001,0.9629442235875195,0.8275862068965517,2209.262741935484
948,9448,0.875,0.371875,0.6508384531984098,0.3448275862068966,2203.707839388145
949,14164,0.875,0.75,0.62643055053608,0.8275862068965517,2199.586451612903
950,5444,0.8625,0.146021875,0.8653776653415252,0.13793103448275862,2195.1860869565216
951,24338,0.8625,0.8150625,0.9998554391037224,0.8275862068965517,2193.135322580645
952,6975,0.1125,0.59375,0.62643055053608,0.48275862068965514,2191.874229077169
953,11619,0.3625,0.903125,0.62643055053608,0.9655172413793103,2188.614925373134
954,9004,0.6125,0.590625,0.62643055053608,0.48275862068965514,2187.276453933158
955,11667,0.3625,0.934375,0.789519335019877,0.8275862068965517,2186.6843548387096
956,5092,0.625,0.0625,0.7324515118660402,0.27586206896551724,2184.3721212121213
957,13302,0.625,0.8634375000000001,0.9629442235875195,0.8275862068965517,2183.458870967742
958,5541,0.8625,0.278125,0.655524635586074,0.13793103448275862,2180.6947826086957
959,12294,0.375,0.8634375000000001,0.9629442235875195,0.8275862068965517,2180.233387096774
960,6581,0.125,0.625,0.6508384531984098,0.6206896551724137,2174.658125
961,9003,0.6125,0.59375,0.62643055053608,0.48275862068965514,2174.632687243002
962,11019,0.125,0.929875,0.7440320443320082,0.8275862068965517,2173.782258064516
963,3377,0.3625,0.0625,0.7324515118660402,0.27586206896551724,2173.7671212121213
964,13029,0.625,0.934375,0.7324515118660402,0.6896551724137931,2171.6762822583187
965,4080,0.375,0.0625,0.7324515118660402,0.27586206896551724,2170.7372727272727
966,6406,0.125,0.371875,0.6508384531984098,0.3448275862068966,2168.946845124283
967,11635,0.3625,0.934375,0.7324515118660402,0.6896551724137931,2164.7869628479734
968,14033,0.875,0.934375,0.62643055053608,0.6896551724137931,2154.452208587129
969,11614,0.3625,0.903125,0.6846187206360679,0.8275862068965517,2146.36564516129
970,12021,0.375,0.934375,0.7324515118660402,0.6896551724137931,2145.8408607696024
971,5909,0.875,0.29007499999999997,0.7915190940850501,0.13793103448275862,2129.9752173913043
972,12520,0.6125,0.75,0.62643055053608,0.8275862068965517,2125.4001612903226
973,14231,0.875,0.865875,0.9729671123960967,0.8275862068965517,2122.174677419355
974,8434,0.625,0.371875,0.6508384531984098,0.6206896551724137,2122.1625
975,11490,0.3625,0.71875,0.655524635586074,0.8275862068965517,2102.821935483871
976,10172,0.8625,0.371875,0.6508384531984098,0.6206896551724137,2102.164625
977,11361,0.3625,0.8634375000000001,0.9629442235875195,0.8275862068965517,2097.9835483870966
978,11619,0.3625,0.903125,0.62643055053608,0.6896551724137931,2092.4473003669195
979,13637,0.8625,0.90625,0.7389965064450066,0.8275862068965517,2085.081612903226
980,5597,0.8625,0.29007499999999997,0.7915190940850501,0.13793103448275862,2074.9082608695653
981,14204,0.875,0.684375,0.6508384531984098,0.6896551724137931,2071.7798588994347
982,20326,0.125,0.8931250000000001,0.9382363570654136,0.8275862068965517,2068.954193548387
983,20448,0.8625,0.8931250000000001,0.9382363570654136,0.8275862068965517,2068.954193548387
984,14204,0.875,0.684375,0.6508384531984098,0.9655172413793103,2067.566832504146
985,7581,0.375,0.59375,0.62643055053608,0.48275862068965514,2066.584971358744
986,13433,0.8625,0.9074687499999999,0.9134441633538127,0.8275862068965517,2065.7287096774194
987,14054,0.875,0.903125,0.6846187206360679,0.8275862068965517,2064.115806451613
988,2908,0.125,0.3125,0.62643055053608,0.48275862068965514,2058.5386349449764
989,6156,0.875,0.145440625,0.9854234429586796,0.13793103448275862,2047.3747826086956
990,9623,0.875,0.625,0.6508384531984098,0.6206896551724137,2042.171
991,12033,0.375,0.90625,0.62643055053608,0.8275862068965517,2041.5375806451614
992,13635,0.8625,0.903125,0.62643055053608,0.6896551724137931,2032.1640760448572
993,4089,0.375,0.059375,0.62643055053608,0.27586206896551724,2029.841818181818
994,5568,0.8625,0.3125,0.62643055053608,0.48275862068965514,2028.653096508905
995,9448,0.875,0.371875,0.6508384531984098,0.6206896551724137,2019.672875
996,11219,0.125,0.7777499999999999,0.9902300927599084,0.8275862068965517,2017.3464516129031
997,6104,0.875,0.0625,0.7324515118660402,0.0,2007.910767159725
998,10366,0.1125,0.8883125,0.9325864353692326,0.8275862068965517,2001.2190322580645
999,11180,0.125,0.684375,0.6508384531984098,0.6896551724137931,1994.2727331606998
1000,14037,0.875,0.934375,0.7324515118660402,0.9655172413793103,1991.2880597014926
1001,11180,0.125,0.684375,0.6508384531984098,0.9655172413793103,1989.630679933665
1002,2530,0.1125,0.3125,0.6752463558607397,0.13793103448275862,1987.9604347826087
1003,10415,0.1125,0.865875,0.9729671123960967,0.8275862068965517,1986.7043548387096
1004,6976,0.1125,0.590625,0.62643055053608,0.48275862068965514,1986.123906338552
1005,12675,0.6125,0.934375,0.789519335019877,0.8275862068965517,1980.2533870967743
1006,2328,0.1125,0.145440625,0.9854234429586796,0.13793103448275862,1976.3673913043478
1007,3517,0.3625,0.278125,0.655524635586074,0.13793103448275862,1956.0795652173913
1008,10464,0.1125,0.6875,0.62643055053608,0.48275862068965514,1945.8937186960786
1009,6104,0.875,0.0625,0.7324515118660402,0.27586206896551724,1945.0022727272728
1010,3468,0.3625,0.194553125,0.8788820624021202,0.13793103448275862,1938.69
1011,11176,0.125,0.6875,0.62643055053608,0.8275862068965517,1936.709193548387
1012,12627,0.6125,0.903125,0.62643055053608,0.8275862068965517,1935.0964516129031
1013,5401,0.8625,0.0625,0.7324515118660402,0.0,1934.542921325422
1014,11201,0.125,0.9074687499999999,0.9134441633538127,0.8275862068965517,1931.871129032258
1015,13170,0.625,0.71875,0.655524635586074,0.8275862068965517,1925.4203225806452
1016,5492,0.8625,0.194553125,0.8788820624021202,0.13793103448275862,1922.7495652173914
1017,5149,0.625,0.109803125,0.9472834598241175,0.13793103448275862,1919.851304347826
1018,13651,0.8625,0.934375,0.7324515118660402,0.9655172413793103,1916.6688225538971
1019,11986,0.375,0.934375,0.789519335019877,0.8275862068965517,1909.292741935484
1020,3991,0.375,0.194553125,0.8788820624021202,0.13793103448275862,1903.9108695652174
1021,21648,0.375,0.85878125,0.9672328635104203,0.8275862068965517,1893.1653225806451
1022,4480,0.6125,0.194553125,0.8788820624021202,0.13793103448275862,1887.9704347826087
1023,14002,0.875,0.934375,0.789519335019877,0.8275862068965517,1886.7143548387096
1024,5003,0.625,0.194553125,0.8788820624021202,0.13793103448275862,1886.5214492753623
1025,5818,0.875,0.070790625,0.8357908685700518,0.13793103448275862,1886.5213043478261
1026,3544,0.3625,0.3125,0.62643055053608,0.48275862068965514,1884.9726232585622
1027,5401,0.8625,0.0625,0.7324515118660402,0.27586206896551724,1884.4022727272727
1028,2365,0.1125,0.0625,0.7324515118660402,0.0,1879.9435941929173
1029,14037,0.875,0.934375,0.7324515118660402,0.6896551724137931,1877.1505135854554
1030,13042,0.625,0.903125,0.62643055053608,0.9655172413793103,1875.2134328358209
1031,6158,0.875,0.13098749999999998,0.9729671123960967,0.13793103448275862,1873.4791304347825
1032,2979,0.125,0.194553125,0.8788820624021202,0.13793103448275862,1872.03
1033,13046,0.625,0.903125,0.6846187206360679,0.8275862068965517,1867.3614516129032
1034,3957,0.375,0.246875,0.62643055053608,0.13793103448275862,1863.3352173913042
1035,19225,0.12499999999999992,0.10253125,0.9362968317070233,0.13793103448275862,1861.8860869565217
1036,3794,0.375,0.070790625,0.8357908685700518,0.13793103448275862,1854.6404347826087
1037,19365,0.8625,0.102578125,0.936369112155162,0.13793103448275862,1851.7421739130434
1038,10627,0.1125,0.934375,0.7324515118660402,0.9655172413793103,1850.3402985074626
1039,4955,0.625,0.278125,0.655524635586074,0.13793103448275862,1845.945652173913
1040,5981,0.875,0.246875,0.62643055053608,0.13793103448275862,1841.5982608695651
1041,13652,0.8625,0.934375,0.62643055053608,0.9655172413793103,1840.39087893864
1042,21720,0.625,0.85878125,0.9672328635104203,0.8275862068965517,1839.9448387096775
1043,13025,0.625,0.934375,0.62643055053608,0.9655172413793103,1835.4162520729685
1044,11023,0.125,0.90625,0.7389965064450066,0.8275862068965517,1835.1066129032258
1045,3068,0.125,0.0625,0.7324515118660402,0.0,1833.8754119248665
1046,4137,0.375,0.109803125,0.9472834598241175,0.13793103448275862,1832.9034782608696
1047,2365,0.1125,0.0625,0.7324515118660402,0.27586206896551724,1829.8622727272727
1048,4556,0.6125,0.3125,0.62643055053608,0.48275862068965514,1828.6497627885535
1049,9609,0.875,0.59375,0.62643055053608,0.48275862068965514,1824.052217556291
1050,5367,0.8625,0.12385312499999998,0.9653294783760993,0.13793103448275862,1819.861304347826
1051,4901,0.625,0.309375,0.7682568365257197,0.13793103448275862,1815.5139130434782
1052,4678,0.6125,0.070790625,0.8357908685700518,0.13793103448275862,1811.1665217391305
1053,13490,0.8625,0.692,0.7440320443320082,0.8275862068965517,1810.9156451612903
1054,6413,0.125,0.375,0.65293579086857,0.48275862068965514,1810.2588921242582
1055,4381,0.6125,0.059375,0.6752463558607397,0.27586206896551724,1807.1372727272728
1056,4932,0.625,0.3125,0.62643055053608,0.48275862068965514,1805.6611169802472
1057,21654,0.6125,0.8588125,0.9671967232863511,0.8275862068965517,1799.6262903225806
1058,5396,0.8625,0.059375,0.62643055053608,0.27586206896551724,1795.0168181818183
1059,13651,0.8625,0.934375,0.7324515118660402,0.6896551724137931,1794.4766136071078
1060,11013,0.125,0.934375,0.7324515118660402,0.9655172413793103,1793.96135986733
1061,3068,0.125,0.0625,0.7324515118660402,0.27586206896551724,1793.5022727272728
1062,12633,0.6125,0.90625,0.62643055053608,0.8275862068965517,1793.1751612903226
1063,10165,0.8625,0.375,0.65293579086857,0.48275862068965514,1783.8214551344468
1064,11167,0.125,0.692,0.7440320443320082,0.8275862068965517,1770.5970967741935
1065,3345,0.3625,0.109803125,0.9472834598241175,0.13793103448275862,1770.5908695652174
1066,13042,0.625,0.903125,0.62643055053608,0.6896551724137931,1766.9186469476585
1067,11030,0.125,0.903125,0.6846187206360679,0.8275862068965517,1764.145806451613
1068,3920,0.375,0.3125,0.62643055053608,0.48275862068965514,1755.0854754402524
1069,14200,0.875,0.6875,0.62643055053608,0.8275862068965517,1749.630806451613
1070,13488,0.8625,0.6875,0.62643055053608,0.8275862068965517,1744.793064516129
1071,4806,0.625,0.070790625,0.8357908685700518,0.13793103448275862,1744.5065217391304
1072,3077,0.125,0.059375,0.62643055053608,0.27586206896551724,1741.9918181818182
1073,24187,0.12499999999999992,0.81503125,0.9998554391037224,0.8275862068965517,1738.3420967741936
1074,17923,0.3625,0.0931125,0.9203228526683531,0.13793103448275862,1735.8117391304347
1075,14047,0.875,0.90625,0.7389965064450066,0.8275862068965517,1735.1166129032258
1076,10627,0.1125,0.934375,0.7324515118660402,0.6896551724137931,1734.1937337940797
1077,5150,0.625,0.10290625,0.9368871220334899,0.13793103448275862,1731.4643478260869
1078,9455,0.875,0.375,0.65293579086857,0.48275862068965514,1730.9471559341946
1079,13862,0.875,0.7898125,0.945319840983014,0.6896551724137931,1721.6205665347713
1080,9224,0.6125,0.63753125,0.7463052644259728,0.6896551724137931,1721.2753512571048
1081,13488,0.8625,0.6875,0.62643055053608,0.48275862068965514,1720.6023917719183
1082,12150,0.375,0.746875,0.8155402963498374,0.6896551724137931,1720.587194461397
1083,12852,0.625,0.7876562500000001,0.8868570051800987,0.6896551724137931,1720.4148882679688
1084,11433,0.3625,0.7924375,0.9969883146608842,0.6896551724137931,1720.4148538170653
1085,11223,0.125,0.74884375,0.9653294783760993,0.6896551724137931,1719.3814645182395
1086,11812,0.3625,0.7876562500000001,0.8868570051800987,0.6896551724137931,1718.8647698688264
1087,13543,0.8625,0.778125,0.62643055053608,0.6896551724137931,1717.659143278379
1088,13039,0.625,0.90625,0.7389965064450066,0.6896551724137931,1717.6590054747653
1089,10659,0.1125,0.934375,0.789519335019877,0.8275862068965517,1717.3764516129033
1090,13889,0.875,0.75646875,0.930333694735574,0.6896551724137931,1717.3146514696841
1091,10444,0.1125,0.66540625,0.7863028550777015,0.6896551724137931,1716.9706075227336
1092,12788,0.6125,0.75646875,0.930333694735574,0.6896551724137931,1716.970176886441
1093,11009,0.125,0.934375,0.62643055053608,0.9655172413793103,1716.025207296849
1094,12113,0.375,0.78125,0.8717383447777376,0.6896551724137931,1715.9367531367118
1095,10504,0.1125,0.75,0.62643055053608,0.8275862068965517,1715.763870967742
1096,10719,0.1125,0.68225,0.7330092759908444,0.6896551724137931,1715.5922785534685
1097,17715,0.3625,0.936875,0.8462594868088182,0.6896551724137931,1714.5588375782875
1098,21667,0.375,0.874375,0.9637754487411154,0.6896551724137931,1713.1808875689599
1099,11721,0.3625,0.6578125,0.6955848692928562,0.6896551724137931,1712.8364129857168
1100,11904,0.375,0.6875,0.7469943380315623,0.6896551724137931,1711.8031614905046
1101,10472,0.1125,0.715625,0.6827141308276111,0.6896551724137931,1711.8030236868908
1102,23066,0.6547,0.8505312500000001,0.9860619202505723,0.6896551724137931,1711.4585663290995
1103,6015,0.875,0.194553125,0.8788820624021202,0.13793103448275862,1711.1765217391305
1104,13687,0.8625,0.934375,0.7469943380315623,0.6896551724137931,1710.5972937437332
1105,14280,0.875,0.912875,0.8218527888206241,0.6896551724137931,1709.9084134790537
1106,19112,0.83295,0.9161875,0.882231056499217,0.6896551724137931,1709.5639561212624
1107,13698,0.8625,0.8903125,0.8349837368991687,0.6896551724137931,1709.219498763471
1108,22897,0.125,0.849375,0.9868931454041681,0.6896551724137931,1708.0137515948616
1109,13921,0.875,0.7068125000000001,0.7915190940850501,0.6896551724137931,1707.6694664915872
1110,11786,0.3625,0.75,0.9248042404529574,0.6896551724137931,1707.4971258472553
1111,12039,0.375,0.903125,0.655524635586074,0.6896551724137931,1707.3246646247617
1112,10962,0.125,0.8903125,0.8349837368991687,0.6896551724137931,1706.808176680769
1113,10613,0.1125,0.90625,0.7389965064450066,0.8275862068965517,1706.0870967741935
1114,19223,0.125,0.1181125,0.9584507890615589,0.0,1705.3965067781605
1115,3902,0.375,0.3390625,0.6552355137935189,0.0,1704.7140493169966
1116,4575,0.6125,0.3390625,0.6552355137935189,0.0,1704.7140322530004
1117,3936,0.375,0.28125,0.7671364895795687,0.0,1704.7139981250082
1118,11780,0.3625,0.75646875,0.930333694735574,0.6896551724137931,1703.8801427232027
1119,12940,0.625,0.6578125,0.6955848692928562,0.6896551724137931,1703.7078709806776
1120,13518,0.8625,0.746875,0.8155402963498374,0.6896551724137931,1703.3634652992414
1121,10409,0.1125,0.9074687499999999,0.9134441633538127,0.6896551724137931,1703.363361946531
1122,21739,0.625,0.874375,0.9637754487411154,0.6896551724137931,1703.3633447210796
1123,3783,0.375,0.09556875000000001,0.9114323575472835,0.0,1703.3490490746879
1124,16018,0.625,0.31815625000000003,0.8133477894229612,0.0,1703.0077862161136
1125,12220,0.375,0.8294374999999998,0.9969883146608842,0.6896551724137931,1702.8466672971183
1126,10765,0.1125,0.7205625,0.9114323575472835,0.6896551724137931,1702.5022616156818
1127,13722,0.8625,0.71875,0.8360558968798939,0.6896551724137931,1702.3300070986086
1128,4137,0.375,0.109803125,0.9472834598241175,0.0,1702.3252434349688
1129,10924,0.125,0.6578125,0.6955848692928562,0.6896551724137931,1702.1577009051803
1130,11449,0.3625,0.68271875,0.8399349475966751,0.6896551724137931,1701.9857219953344
1131,16700,0.6125,0.0743625,0.8820624021202265,0.0,1701.3015743072187
1132,4188,0.375,0.21875,0.978279725334297,0.0,1701.1309514099298
1133,10762,0.1125,0.746875,0.906143838091796,0.6896551724137931,1701.1243460572578
1134,1037,0.125,0.109375,0.6023370678231538,0.0,1700.7897056153515
1135,7355,0.375,0.63753125,0.7463052644259728,0.6896551724137931,1700.0901988385567
1136,1005,0.9375,0.0625,0.6023370678231538,0.0,1699.936557000914
1137,11019,0.125,0.929875,0.7440320443320082,0.6896551724137931,1699.918547212293
1138,22973,0.40470000000000006,0.8357187500000001,0.9945669196482351,0.6896551724137931,1699.4019559155904
1139,13467,0.8625,0.671,0.8049271172147935,0.6896551724137931,1698.7131617781697
1140,1991,1.0,0.921875,0.6023370678231538,0.6896551724137931,1698.7129722982008
1141,10238,0.8625,0.63753125,0.7463052644259728,0.6896551724137931,1698.7123349564877
1142,18102,0.8387625,0.09155624999999999,0.9174798217082278,0.0,1698.5716079505935
1143,2933,0.125,0.257165625,0.8335742681604624,0.0,1698.5716079505935
1144,19364,0.8625,0.1181125,0.9584507890615589,0.0,1698.5715908865975
1145,3507,0.3625,0.25,0.7615106613661005,0.0,1698.2303792200116
1146,4584,0.6125,0.309375,0.7682568365257197,0.13793103448275862,1698.134347826087
1147,10894,0.125,0.6875,0.8107697867726779,0.6896551724137931,1697.8518547418998
1148,11636,0.3625,0.934375,0.62643055053608,0.9655172413793103,1697.7849087893865
1149,4017,0.375,0.15625,0.8717383447777376,0.0,1697.377230605574
1150,10772,0.1125,0.75646875,0.930333694735574,0.6896551724137931,1697.3351084161318
1151,13806,0.8625,0.7584375,0.9629442235875195,0.6896551724137931,1697.162819448155
1152,19336,0.8625,0.09940625,0.9180821587760511,0.0,1696.5241161191286
1153,10722,0.1125,0.6714375,0.7905914950006022,0.6896551724137931,1696.3018913718229
1154,5237,0.625,0.2045125,0.9166606432959884,0.0,1696.0122644912574
1155,6204,0.875,0.256575,0.8742561137212383,0.0,1695.8416245299723
1156,8210,0.3625,0.63753125,0.7463052644259728,0.6896551724137931,1695.611805325524
1157,12487,0.6125,0.715625,0.6545717383447777,0.6896551724137931,1695.440480982843
1158,21631,0.6125,0.874375,0.9511866040236115,0.6896551724137931,1695.0960236250514
1159,6235,0.875,0.20273750000000001,0.9854234429586796,0.0,1694.6472471849524
1160,19066,0.6125,0.89940625,0.9147693049030237,0.6896551724137931,1694.579311750187
1161,3657,0.3625,0.0625,0.7469943380315623,0.0,1694.4765901596713
1162,10896,0.125,0.6875,0.7469943380315623,0.6896551724137931,1694.4071950367272
1163,20560,0.375,0.1368625,0.9661366100469823,0.0,1693.794115634511
1164,22246,0.12499999999999992,0.77128125,0.9860257800265027,0.6896551724137931,1693.3736334833843
1165,12718,0.6125,0.7252500000000001,0.8892302132273219,0.6896551724137931,1693.2014650935696
1166,841,0.9375,0.109375,0.62643055053608,0.0,1693.1116752373432
1167,2484,0.1125,0.246875,0.6538959161546801,0.0,1693.1116411093508
1168,12991,0.625,0.9280625,0.7626671485363209,0.6896551724137931,1693.0291244492378
1169,10167,0.8625,0.375,0.7059462715335502,0.0,1692.9410694040503
1170,4576,0.6125,0.33519375,0.6691205878809782,0.0,1692.941052340054
1171,1232,0.125,0.3125,0.6023370678231538,0.0,1692.770412378769
1172,6105,0.875,0.071603125,0.7551740754126008,0.0,1692.770327058788
1173,2536,0.1125,0.327909375,0.6778038790507167,0.0,1692.599806545476
1174,3901,0.375,0.33519375,0.6691205878809782,0.0,1692.4291665841906
1175,3132,0.125,0.063784375,0.8562823756173954,0.0,1692.4291324561984
1176,13744,0.8625,0.66328125,0.762462353933261,0.6896551724137931,1692.3399858027826
1177,2532,0.1125,0.3125,0.62643055053608,0.48275862068965514,1691.8660672101014
1178,7110,0.1125,0.403125,0.62643055053608,0.48275862068965514,1691.8660672101014
1179,13919,0.875,0.6875,0.8320322852668354,0.6896551724137931,1691.8236701133073
1180,4655,0.6125,0.04685281249999999,0.7463052644259728,0.0,1691.7466920590305
1181,4454,0.6125,0.15625,0.8717383447777376,0.0,1691.5760520977453
1182,10975,0.125,0.9280625,0.7626671485363209,0.6896551724137931,1691.4790060500954
1183,896,0.3125,0.0625,0.62643055053608,0.0,1691.234789239171
1184,3759,0.375,0.12696875,0.9562703288760389,0.0,1690.893560508589
1185,4560,0.6125,0.327909375,0.6778038790507167,0.0,1690.5523317780069
1186,3857,0.375,0.23395937500000002,0.9138296590772196,0.0,1690.3816918167217
1187,10417,0.1125,0.8514375,0.9854234429586796,0.6896551724137931,1689.9288359745979
1188,14239,0.875,0.80725,0.9998795325864354,0.6896551724137931,1689.9288187491463
1189,5761,0.875,0.158371875,0.9811348030357788,0.0,1689.8698401888507
1190,3032,0.125,0.146021875,0.8653776653415252,0.0,1689.528526138288
1191,4358,0.6125,0.10290625,0.9368871220334899,0.13793103448275862,1689.4395652173912
1192,6182,0.875,0.325021875,0.7463052644259728,0.0,1689.1873315356981
1193,20650,0.8625,0.12128125000000001,0.9497048548367667,0.0,1689.0167086384092
1194,4191,0.375,0.2361875,0.9339838573665823,0.0,1688.84608574112
1195,6194,0.875,0.2880625,0.8888085772798457,0.0,1687.8223654213818
1196,14233,0.875,0.8514375,0.9854234429586796,0.6896551724137931,1687.689733958066
1197,11439,0.3625,0.74884375,0.9653294783760993,0.6896551724137931,1686.828616401765
1198,4829,0.625,0.04685281249999999,0.7463052644259728,0.0,1685.9455135512019
1199,20326,0.125,0.8931250000000001,0.9382363570654136,0.6896551724137931,1685.622903684059
1200,995,0.3125,0.0625,0.6023370678231538,0.0,1685.2629878340533
1201,3808,0.375,0.0625,0.7469943380315623,0.0,1685.2629537060611
1202,2513,0.1125,0.28125,0.7389965064450066,0.0,1685.0923990647566
1203,3308,0.3625,0.325428125,0.7905914950006022,0.0,1685.0923649367642
1204,18036,0.8625,0.080703125,0.882231056499217,0.0,1684.580496244897
1205,4713,0.6125,0.12696875,0.9562703288760389,0.0,1684.239267514315
1206,22994,0.40470000000000006,0.8505312500000001,0.9860619202505723,0.6896551724137931,1683.9005996696503
1207,9138,0.6125,0.403125,0.62643055053608,0.48275862068965514,1683.8200756639565
1208,5806,0.875,0.102146875,0.8990362606914829,0.0,1683.7274158864439
1209,2456,0.1125,0.194553125,0.8788820624021202,0.13793103448275862,1683.6430434782608
1210,19221,0.3625,0.102578125,0.936369112155162,0.13793103448275862,1683.6430434782608
1211,20303,0.3387875,0.88225,0.9539332610528852,0.6896551724137931,1683.556125086407
1212,13046,0.625,0.903125,0.6846187206360679,0.6896551724137931,1682.867055341759
1213,12750,0.6125,0.7070000000000001,0.8115046379954222,0.6896551724137931,1682.5227874639363
1214,10783,0.1125,0.76496875,0.96883508011083,0.6896551724137931,1681.8337177192882
1215,3701,0.3625,0.12696875,0.9562703288760389,0.0,1681.5093011576898
1216,19150,0.625,0.915,0.8984941573304421,0.6896551724137931,1680.9725312611804
1217,16775,0.625,0.0743625,0.8820624021202265,0.0,1680.6562037352405
1218,6153,0.875,0.16744375,0.9969883146608842,0.0,1680.485529645963
1219,13472,0.8625,0.6546875,0.716781110709553,0.6896551724137931,1680.4554404263781
1220,12034,0.375,0.903125,0.62643055053608,0.8275862068965517,1680.2830645161291
1221,2702,0.1125,0.1755,0.8906396819660282,0.0,1680.144283851385
1222,17779,0.375,0.936875,0.8462594868088182,0.6896551724137931,1679.9391419623544
1223,2486,0.1125,0.246875,0.7088266473918805,0.0,1679.461843454217
1224,5538,0.8625,0.257165625,0.8335742681604624,0.0,1679.461843454217
1225,11510,0.3625,0.75,0.6813612817732804,0.6896551724137931,1679.4224817638449
1226,21671,0.6125,0.874375,0.9637754487411154,0.6896551724137931,1679.250141119513
1227,3765,0.375,0.13343750000000001,0.9629442235875195,0.0,1679.1205464676505
1228,13945,0.875,0.68225,0.7330092759908444,0.6896551724137931,1678.7334809210035
1229,12481,0.6125,0.6875,0.7324515118660402,0.8275862068965517,1678.6709677419356
1230,10371,0.1125,0.9013125000000001,0.9114323575472835,0.6896551724137931,1678.388971886857
1231,1966,0.1875,0.0,0.6023370678231538,0.0,1678.2674831731933
1232,3914,0.375,0.327909375,0.6778038790507167,0.0,1677.9262373786153
1233,3924,0.375,0.309375,0.65293579086857,0.0,1677.4144028147402
1234,5703,0.8625,0.108721875,0.8866401638356823,0.0,1677.07312289217
1235,17895,0.3625,0.0931125,0.9069871099867486,0.0,1676.9024829308846
1236,2654,0.1125,0.070790625,0.8357908685700518,0.13793103448275862,1676.3973913043478
1237,11069,0.125,0.840625,0.8471991326346222,0.6896551724137931,1676.1499732230354
1238,4257,0.6125,0.1875,0.9575954704252498,0.0,1676.0493684444393
1239,11983,0.375,0.9280625,0.7626671485363209,0.6896551724137931,1675.9776498041551
1240,19247,0.15478625,0.11616562500000001,0.955957113600771,0.0,1675.7081397138572
1241,13564,0.8625,0.809375,0.803589928924226,0.6896551724137931,1675.2887695394759
1242,14315,0.875,0.8190937500000001,0.9718949524153715,0.6896551724137931,1674.599785922086
1243,22996,0.5828875,0.8505312500000001,0.9860619202505723,0.6896551724137931,1674.255311338843
1244,10865,0.125,0.75646875,0.930333694735574,0.6896551724137931,1673.9108539810516
1245,22872,0.3625,0.849375,0.9746536561860017,0.6896551724137931,1673.3940387534767
1246,20428,0.8388625000000001,0.8915625,0.9276593181544391,0.6896551724137931,1673.0496502974922
1247,11267,0.125,0.88815625,0.8866401638356823,0.6896551724137931,1672.8774130058705
1248,10366,0.1125,0.8883125,0.9325864353692326,0.6896551724137931,1672.8773268786122
1249,13901,0.875,0.72703125,0.9224189856643776,0.6896551724137931,1672.3606839055542
1250,3603,0.3625,0.23395937500000002,0.9138296590772196,0.0,1672.1250418067905
1251,19380,0.6547875000000001,0.11616562500000001,0.955957113600771,0.0,1671.9544359734975
1252,1574,0.875,0.65625,0.6023370678231538,0.6896551724137931,1671.8440753833997
1253,1956,0.8125,0.0,0.6023370678231538,0.0,1671.7838130762084
1254,12910,0.625,0.6875,0.8107697867726779,0.6896551724137931,1671.6718897681333
1255,2724,0.125,0.16485,0.9839657872545476,0.0,1671.6131731149233
1256,4248,0.6125,0.2045125,0.9166606432959884,0.0,1670.930698589763
1257,2291,0.1125,0.325021875,0.7463052644259728,0.0,1670.760058628478
1258,23719,0.3625,0.18690625,0.9879532586435369,0.0,1670.4188298978959
1259,22891,0.3625,0.83378125,0.9953860980604745,0.6896551724137931,1669.7771245312308
1260,2325,0.1125,0.16744375,0.9969883146608842,0.0,1669.736287116751
1261,22920,0.3328,0.8357187500000001,0.9945669196482351,0.6896551724137931,1669.604904465061
1262,3572,0.3625,0.309375,0.7682568365257197,0.13793103448275862,1669.1517391304349
1263,3345,0.3625,0.109803125,0.9472834598241175,0.0,1669.0537784635987
1264,5747,0.8625,0.16485,0.9839657872545476,0.0,1668.712583861009
1265,23817,0.375,0.19003125,0.9878086977472593,0.0,1668.541978027716
1266,2204,0.0,0.109375,0.62643055053608,0.0,1668.371355130427
1267,2930,0.125,0.278125,0.6846187206360679,0.0,1668.2007322331378
1268,6215,0.875,0.2361875,0.9339838573665823,0.0,1668.2007151691416
1269,10328,0.1125,0.83803125,0.8851825081315503,0.6896551724137931,1668.0547516150152
1270,10421,0.1125,0.82203125,0.9989157932779182,0.6896551724137931,1667.5380052892472
1271,23799,0.375,0.18690625,0.9879532586435369,0.0,1667.3476177466925
1272,19310,0.5828,0.11616562500000001,0.955957113600771,0.0,1667.0063719521143
1273,12148,0.375,0.75,0.62643055053608,0.6896551724137931,1666.676904958398
1274,19153,0.8625,0.9181250000000001,0.8918564028430309,0.6896551724137931,1666.3323959242514
1275,9632,0.875,0.6546875,0.716781110709553,0.6896551724137931,1666.3322064442827
1276,5444,0.8625,0.146021875,0.8653776653415252,0.0,1666.3238121069735
1277,6017,0.875,0.20159374999999996,0.8773762197325623,0.0,1665.8119604791025
1278,4158,0.375,0.325021875,0.7463052644259728,0.0,1665.3001259152275
1279,2604,0.1125,0.11320625,0.8647873750150584,0.0,1664.9588801206494
1280,890,0.6875,0.0625,0.62643055053608,0.0,1664.9588630566532
1281,15537,0.12499999999999982,0.6743750000000001,0.7999638597759305,0.6896551724137931,1664.9546009439891
1282,1573,0.8125,0.65625,0.6023370678231538,0.6896551724137931,1664.4378890691246
1283,3732,0.375,0.184375,0.9436453439344656,0.0,1664.1057826982
1284,12794,0.6125,0.75,0.9248042404529574,0.6896551724137931,1663.9210910670013
1285,10976,0.125,0.934375,0.7469943380315623,0.6896551724137931,1663.7487504226694
1286,17938,0.14878750000000002,0.091553125,0.9174677749668713,0.0,1663.2526682117546
1287,6946,0.1125,0.6546875,0.716781110709553,0.6896551724137931,1663.2319179696428
1288,5921,0.875,0.31889687499999997,0.7209938561619081,0.0,1663.0820623784616
1289,11844,0.375,0.7876562500000001,0.8868570051800987,0.6896551724137931,1662.8876500918202
1290,2224,0.1125,0.2045125,0.9166606432959884,0.0,1662.5701766225984
1291,13071,0.625,0.84375,0.8699915672810504,0.6896551724137931,1662.5431582831254
1292,17909,0.12499999999999992,0.08065625,0.8821346825683652,0.0,1662.399519597317
1293,2257,0.1125,0.2361875,0.9339838573665823,0.0,1662.058290866735
1294,899,0.12499999999999993,0.0625,0.62643055053608,0.0,1661.8876509054498
1295,11428,0.3625,0.8294374999999998,0.9969883146608842,0.6896551724137931,1661.1652427247013
1296,10331,0.1125,0.8189062500000001,0.8910372244307915,0.6896551724137931,1660.8207853669098
1297,13553,0.8625,0.78125,0.62643055053608,0.6896551724137931,1660.6485825261918
1298,1231,0.0625,0.3125,0.6023370678231538,0.0,1660.5226847911333
1299,4091,0.375,0.059375,0.6752463558607397,0.13793103448275862,1660.456811594203
1300,4970,0.625,0.246875,0.8186844958438743,0.0,1660.3520789578404
1301,4281,0.6125,0.2361875,0.9339838573665823,0.0,1660.3520618938442
1302,5441,0.8625,0.125,0.8461510661366101,0.0,1660.3520618938442
1303,3935,0.375,0.28125,0.7389965064450066,0.0,1660.1814560605512
1304,3213,0.125,0.2045125,0.9166606432959884,0.0,1660.010833163262
1305,10179,0.8625,0.366625,0.7092350319238645,0.0,1660.010833163262
1306,19308,0.40478749999999997,0.11616562500000001,0.955957113600771,0.0,1659.328341574106
1307,10804,0.1125,0.7876562500000001,0.8868570051800987,0.6896551724137931,1659.2706669677675
1308,3269,0.3625,0.2361875,0.9339838573665823,0.0,1659.1577016128206
1309,5542,0.8625,0.278125,0.6846187206360679,0.0,1659.1577016128206
1310,891,0.625,0.0625,0.62643055053608,0.0,1659.1576845488246
1311,12375,0.6125,0.86990625,0.9562703288760389,0.6896551724137931,1658.9261751590727
1312,10367,0.1125,0.89484375,0.9224189856643776,0.6896551724137931,1658.9261234827177
1313,4945,0.625,0.28125,0.6827141308276111,0.0,1658.8164558182425
1314,12820,0.6125,0.7876562500000001,0.8868570051800987,0.6896551724137931,1658.5817178012812
1315,23656,0.625,0.805625,0.9877002770750511,0.6896551724137931,1658.581683350378
1316,11187,0.125,0.679125,0.7092350319238645,0.6896551724137931,1658.409118775174
1317,6208,0.875,0.26985625,0.9224189856643776,0.0,1658.3046041903715
1318,5531,0.8625,0.25,0.7615106613661005,0.0,1657.7927354985043
1319,19214,0.125,0.09940625,0.9180821587760511,0.0,1657.451489703926
1320,13228,0.625,0.8294374999999998,0.9969883146608842,0.6896551724137931,1657.2037677919539
1321,5979,0.875,0.25,0.8155402963498374,0.0,1657.1102097813557
1322,4811,0.625,0.090625,0.8367546078785688,0.0,1656.9396210120588
1323,12881,0.625,0.75646875,0.930333694735574,0.6896551724137931,1656.6871248188959
1324,4315,0.6125,0.325021875,0.7463052644259728,0.0,1656.4277352561953
1325,13858,0.875,0.8069375000000001,0.8914468136369111,0.6896551724137931,1656.342633010201
1326,22973,0.40470000000000006,0.8357187500000001,0.9945669196482351,0.9655172413793103,1655.9985240464346
1327,10897,0.125,0.7068125000000001,0.7915190940850501,0.6896551724137931,1655.8260244880466
1328,13912,0.875,0.715625,0.9023370678231537,0.6896551724137931,1655.8259900371431
1329,11630,0.3625,0.9252812499999999,0.7551740754126008,0.9655172413793103,1655.6667495854063
1330,11187,0.125,0.679125,0.7092350319238645,0.9655172413793103,1655.6665174129353
1331,13554,0.8625,0.78125,0.8717383447777376,0.6896551724137931,1655.481463777545
1332,11983,0.375,0.9280625,0.7626671485363209,0.9655172413793103,1655.3352072968491
1333,6081,0.875,0.121875,0.7344970485483676,0.0,1655.233392039168
1334,895,0.375,0.0625,0.62643055053608,0.0,1655.2333579111757
1335,21631,0.6125,0.874375,0.9511866040236115,0.9655172413793103,1654.8377777777778
1336,12031,0.375,0.90625,0.7389965064450066,0.9655172413793103,1654.8376782752903
1337,14333,0.875,0.8189062500000001,0.8910372244307915,0.9655172413793103,1654.3402985074626
1338,6249,0.875,0.2045125,0.9166606432959884,0.0,1654.2096546554335
1339,13472,0.8625,0.6546875,0.716781110709553,0.9655172413793103,1654.1740961857379
1340,2245,0.1125,0.194096875,0.9718949524153715,0.0,1654.0390488221406
1341,12910,0.625,0.6875,0.8107697867726779,0.9655172413793103,1654.0088059701493
1342,13176,0.625,0.715625,0.62643055053608,0.9655172413793103,1654.0086733001658
1343,19162,0.8387625,0.904125,0.9196482351523912,0.6896551724137931,1653.9313109274992
1344,14091,0.875,0.84375,0.62643055053608,0.9655172413793103,1653.5112603648424
1345,3053,0.125,0.114709375,0.8335742681604624,0.0,1653.356506040996
1346,5240,0.625,0.3125,0.7872545476448619,0.0,1653.185917271699
1347,316,0.9375,0.65625,0.62643055053608,0.6896551724137931,1652.725736013407
1348,888,0.8125,0.0625,0.62643055053608,0.0,1652.6739973878434
1349,14278,0.875,0.92609375,0.8357908685700518,0.9655172413793103,1652.5162023217247
1350,5841,0.875,0.04685281249999999,0.7463052644259728,0.0,1652.5034256825427
1351,3534,0.3625,0.300271875,0.7551740754126008,0.0,1652.503323298566
1352,19016,0.125,0.9181250000000001,0.8918564028430309,0.6896551724137931,1652.2089380112836
1353,12231,0.375,0.74884375,0.9653294783760993,0.6896551724137931,1652.208920785832
1354,11844,0.375,0.7876562500000001,0.8868570051800987,0.9655172413793103,1652.1846268656716
1355,12794,0.6125,0.75,0.9248042404529574,0.9655172413793103,1652.018855721393
1356,12983,0.625,0.903125,0.8796530538489338,0.9655172413793103,1652.0188225538973
1357,13860,0.875,0.7876562500000001,0.8868570051800987,0.6896551724137931,1651.8644634280406
1358,19370,0.625,0.10253125,0.9362968317070233,0.13793103448275862,1651.7621739130434
1359,13769,0.8625,0.6875,0.7469943380315623,0.6896551724137931,1651.6923294891292
1360,14333,0.875,0.8189062500000001,0.8910372244307915,0.6896551724137931,1651.6922089109673
1361,12480,0.6125,0.6875,0.62643055053608,0.48275862068965514,1651.6359945235022
1362,10830,0.125,0.78125,0.9501746777496686,0.6896551724137931,1651.520006070249
1363,3511,0.3625,0.25,0.6534465727020841,0.0,1651.309048337523
1364,10587,0.1125,0.871875,0.7362920130104806,0.6896551724137931,1651.1755142615543
1365,11742,0.3625,0.7070000000000001,0.8115046379954222,0.6896551724137931,1651.0033630971914
1366,11588,0.3625,0.84375,0.8699915672810504,0.6896551724137931,1651.0032769699328
1367,14237,0.875,0.82203125,0.9989157932779182,0.6896551724137931,1651.0032252935778
1368,5881,0.875,0.23395937500000002,0.9138296590772196,0.0,1650.797179645656
1369,12983,0.625,0.903125,0.8796530538489338,0.6896551724137931,1650.658785161238
1370,5163,0.625,0.3125,0.8297072641850378,0.0,1650.626573812363
1371,7125,0.1125,0.375,0.7059462715335502,0.0,1650.4559509150738
1372,10702,0.1125,0.7252500000000001,0.8892302132273219,0.6896551724137931,1650.3143794798018
1373,13732,0.8625,0.66965625,0.6958065293338151,0.6896551724137931,1650.314189999833
1374,10865,0.125,0.75646875,0.930333694735574,0.9655172413793103,1650.1947927031508
1375,13408,0.8625,0.90625,0.9023370678231537,0.6896551724137931,1649.9698532202035
1376,12471,0.6125,0.679125,0.7092350319238645,0.6896551724137931,1649.7972197431927
1377,10804,0.1125,0.7876562500000001,0.8868570051800987,0.9655172413793103,1649.5315091210614
1378,13688,0.8625,0.9280625,0.7626671485363209,0.6896551724137931,1649.1086150857404
1379,3030,0.125,0.125,0.8461510661366101,0.0,1648.920327775476
1380,11030,0.125,0.903125,0.6846187206360679,0.6896551724137931,1648.7640888261424
1381,12820,0.6125,0.7876562500000001,0.8868570051800987,0.9655172413793103,1648.3707628524046
1382,10603,0.1125,0.88925,0.8236477532827369,0.9655172413793103,1648.3707296849088
1383,14035,0.875,0.934375,0.67944103120106,0.6896551724137931,1648.2474458530844
1384,11217,0.125,0.7924375,0.9969883146608842,0.6896551724137931,1648.2474286276329
1385,1963,0.375,0.0,0.6023370678231538,0.0,1648.0672303530268
1386,4517,0.6125,0.25,0.8155402963498374,0.0,1648.0671962250344
1387,11217,0.125,0.7924375,0.9969883146608842,0.9655172413793103,1648.039071310116
1388,12471,0.6125,0.679125,0.7092350319238645,0.9655172413793103,1648.0387230514095
1389,22966,0.375,0.83378125,0.9953860980604745,0.6896551724137931,1647.5585139120499
1390,1959,0.625,0.0,0.6023370678231538,0.0,1647.5553616611596
1391,12148,0.375,0.75,0.62643055053608,0.9655172413793103,1647.5416915422886
1392,12675,0.6125,0.934375,0.789519335019877,0.9655172413793103,1647.5415754560531
1393,19293,0.6125,0.102578125,0.936369112155162,0.13793103448275862,1647.4147826086958
1394,23041,0.8625,0.8525,0.984652451511866,0.6896551724137931,1647.0417848117336
1395,12750,0.6125,0.7070000000000001,0.8115046379954222,0.9655172413793103,1646.8784577114427
1396,5586,0.8625,0.331240625,0.6826466690760149,0.0,1646.8728871359995
1397,10510,0.1125,0.778125,0.675142753885074,0.6896551724137931,1646.869599196467
1398,13347,0.8625,0.83375,0.9009275990844476,0.6896551724137931,1646.6973446793938
1399,10603,0.1125,0.88925,0.8236477532827369,0.6896551724137931,1646.3528356452473
1400,20395,0.398775,0.88221875,0.953981448018311,0.6896551724137931,1645.836158221286
1401,3956,0.375,0.25,0.62643055053608,0.0,1645.6784756629875
1402,3918,0.375,0.3125,0.6752463558607397,0.0,1645.5078186377061
1403,13134,0.625,0.778125,0.62643055053608,0.6896551724137931,1645.4917180889463
1404,11128,0.125,0.778125,0.8699915672810504,0.6896551724137931,1645.4917008634948
1405,23040,0.625,0.83378125,0.9953860980604745,0.6896551724137931,1645.4916664125913
1406,5293,0.8625,0.2361875,0.9339838573665823,0.0,1645.3372469324054
1407,12993,0.625,0.934375,0.7682568365257197,0.6896551724137931,1645.147088476638
1408,12953,0.625,0.71875,0.8796530538489338,0.6896551724137931,1644.975040664985
1409,13071,0.625,0.84375,0.8699915672810504,0.9655172413793103,1644.8885074626867
1410,12031,0.375,0.90625,0.7389965064450066,0.6896551724137931,1644.630393827225
1411,898,0.1875,0.0625,0.62643055053608,0.0,1644.4841153819639
1412,12136,0.375,0.778125,0.8699915672810504,0.6896551724137931,1644.113819755974
1413,11267,0.125,0.88815625,0.8866401638356823,0.9655172413793103,1644.0594195688225
1414,4615,0.6125,0.23395937500000002,0.9138296590772196,0.0,1643.9722808180888
1415,16628,0.3625,0.0743625,0.8820624021202265,0.0,1643.8016579208
1416,12375,0.6125,0.86990625,0.9562703288760389,0.9655172413793103,1643.7277611940299
1417,1240,0.625,0.3125,0.6023370678231538,0.0,1643.6310179595146
1418,11526,0.3625,0.778125,0.8699915672810504,0.6896551724137931,1643.4248705894877
1419,12953,0.625,0.71875,0.8796530538489338,0.9655172413793103,1643.2303814262023
1420,22905,0.15470250000000002,0.8505312500000001,0.9860619202505723,0.6896551724137931,1643.0803615553411
1421,14076,0.875,0.871875,0.6538959161546801,0.9655172413793103,1643.0643946932007
1422,10783,0.1125,0.76496875,0.96883508011083,0.9655172413793103,1642.8986235489222
1423,1964,0.3125,0.0,0.6023370678231538,0.0,1642.7779205370655
1424,14076,0.875,0.871875,0.6538959161546801,0.6896551724137931,1642.7357836193878
1425,14293,0.875,0.9013125000000001,0.9114323575472835,0.6896551724137931,1642.563615229573
1426,11862,0.375,0.76496875,0.96883508011083,0.6896551724137931,1642.3913779379516
1427,10801,0.1125,0.8069375000000001,0.8914468136369111,0.6896551724137931,1642.0469378056118
1428,4889,0.625,0.278125,0.8360558968798939,0.0,1641.924788986624
1429,10423,0.1125,0.80725,0.9998795325864354,0.9655172413793103,1641.90368159204
1430,22994,0.40470000000000006,0.8505312500000001,0.9860619202505723,0.9655172413793103,1641.7379270315091
1431,3666,0.3625,0.070790625,0.8357908685700518,0.13793103448275862,1641.6182608695651
1432,20303,0.3387875,0.88225,0.9539332610528852,0.9655172413793103,1641.5721061359868
1433,9632,0.875,0.6546875,0.716781110709553,0.9655172413793103,1641.5719237147596
1434,1965,0.25,0.0,0.6023370678231538,0.0,1641.4129373587527
1435,3245,0.3625,0.1875,0.9575954704252498,0.0,1641.4129202947565
1436,6098,0.875,0.090625,0.7389965064450066,0.0,1641.4128520387721
1437,11051,0.125,0.871875,0.6813612817732804,0.6896551724137931,1641.3579197373188
1438,13860,0.875,0.7876562500000001,0.8868570051800987,0.9655172413793103,1641.240464344942
1439,11188,0.125,0.6546875,0.716781110709553,0.6896551724137931,1641.1853723875665
1440,17968,0.6125,0.07753125000000001,0.8752680399951813,0.0,1640.9010516028893
1441,13056,0.625,0.875,0.7344970485483676,0.6896551724137931,1640.841276764261
1442,22966,0.375,0.83378125,0.9953860980604745,0.9655172413793103,1640.411343283582
1443,23656,0.625,0.805625,0.9877002770750511,0.9655172413793103,1640.2455058043117
1444,18067,0.8625,0.0931125,0.9203228526683531,0.13793103448275862,1640.1691304347826
1445,4516,0.6125,0.246875,0.62643055053608,0.13793103448275862,1640.1691304347826
1446,6076,0.875,0.125,0.62643055053608,0.0,1640.0478859244556
1447,11510,0.3625,0.75,0.6813612817732804,0.9655172413793103,1639.9139469320066
1448,13646,0.8625,0.9252812499999999,0.7551740754126008,0.9655172413793103,1639.747943615257
1449,10423,0.1125,0.80725,0.9998795325864354,0.6896551724137931,1639.6355468211032
1450,11668,0.3625,0.934375,0.7682568365257197,0.9655172413793103,1639.2505140961857
1451,11891,0.375,0.6891875,0.8427538850740873,0.6896551724137931,1638.9467526836822
1452,1815,0.9375,0.90625,0.6023370678231538,0.6896551724137931,1638.9466493309721
1453,2924,0.125,0.28125,0.7671364895795687,0.0,1638.8535597714244
1454,330,0.0625,0.65625,0.62643055053608,0.6896551724137931,1638.774567068416
1455,24154,0.15471875,0.8286562499999999,0.9851343211661244,0.6896551724137931,1638.7744292648022
1456,3342,0.3625,0.13098749999999998,0.9729671123960967,0.0,1638.682885682147
1457,5927,0.875,0.3390625,0.6754101915431876,0.0,1638.5123651688345
1458,13948,0.875,0.6578125,0.6955848692928562,0.6896551724137931,1638.4299374561074
1459,13939,0.875,0.6714375,0.7905914950006022,0.9655172413793103,1638.255936981758
1460,6946,0.1125,0.6546875,0.716781110709553,0.9655172413793103,1638.255489220564
1461,8369,0.625,0.63753125,0.7463052644259728,0.6896551724137931,1638.084532698472
1462,2374,0.1125,0.090625,0.7389965064450066,0.0,1638.0003940929905
1463,5582,0.8625,0.3390625,0.6754101915431876,0.0,1637.8298735796782
1464,10830,0.125,0.78125,0.9501746777496686,0.9655172413793103,1637.7582255389718
1465,19153,0.8625,0.9181250000000001,0.8918564028430309,0.9655172413793103,1637.2607628524047
1466,1957,0.75,0.0,0.6023370678231538,0.0,1637.1473649265258
1467,11612,0.3625,0.89625,0.8127815925792072,0.6896551724137931,1636.7075817653435
1468,9703,0.875,0.3453125,0.6552355137935189,0.0,1636.4648904013657
1469,16703,0.375,0.0743625,0.8820624021202265,0.0,1635.6117588509242
1470,12881,0.625,0.75646875,0.930333694735574,0.9655172413793103,1635.270928689884
1471,11439,0.3625,0.74884375,0.9653294783760993,0.9655172413793103,1635.2708955223882
1472,1003,0.8125,0.0625,0.6023370678231538,0.0,1634.7585931724905
1473,13158,0.625,0.746875,0.8155402963498374,0.6896551724137931,1634.4685486506185
1474,13895,0.875,0.7205625,0.9114323575472835,0.9655172413793103,1634.44184079602
1475,3889,0.375,0.309375,0.7682568365257197,0.13793103448275862,1634.3726086956522
1476,13945,0.875,0.68225,0.7330092759908444,0.9655172413793103,1634.2759867330017
1477,1574,0.875,0.65625,0.6023370678231538,0.9655172413793103,1633.9444278606966
1478,17779,0.375,0.936875,0.8462594868088182,0.9655172413793103,1633.9443449419568
1479,1960,0.5625,0.0,0.6023370678231538,0.0,1633.9055298780333
1480,11588,0.3625,0.84375,0.8699915672810504,0.9655172413793103,1633.7785240464345
1481,23041,0.8625,0.8525,0.984652451511866,0.9655172413793103,1633.6126699834163
1482,4341,0.6125,0.22643437500000002,0.9854234429586796,0.0,1633.39364412217
1483,22996,0.5828875,0.8505312500000001,0.9860619202505723,0.9655172413793103,1633.2810613598674
1484,13553,0.8625,0.78125,0.62643055053608,0.9655172413793103,1633.1152736318409
1485,3903,0.375,0.3390625,0.6754101915431876,0.0,1632.881792494299
1486,13045,0.625,0.903125,0.7137128056860619,0.6896551724137931,1632.5738695409743
1487,10380,0.1125,0.912875,0.8218527888206241,0.9655172413793103,1632.2861028192372
1488,22887,0.3625,0.8525,0.97237682206963,0.6896551724137931,1632.2293777322795
1489,2888,0.125,0.331240625,0.6826466690760149,0.0,1632.0286780078536
1490,11025,0.125,0.90625,0.62643055053608,0.8275862068965517,1631.901129032258
1491,23008,0.625,0.849375,0.9746536561860017,0.6896551724137931,1631.884868698133
1492,4013,0.375,0.184375,0.6770473436935309,0.0,1631.8580721745607
1493,1962,0.4375,0.0,0.6023370678231538,0.0,1631.5168093159864
1494,6014,0.875,0.215625,0.8717383447777376,0.0,1631.3461864186972
1495,19225,0.12499999999999992,0.10253125,0.9362968317070233,0.0,1631.3461181627126
1496,13239,0.625,0.74884375,0.9653294783760993,0.6896551724137931,1631.0237339163805
1497,18058,0.625,0.0931125,0.9069871099867486,0.0,1631.004923560123
1498,12769,0.6125,0.6891875,0.8427538850740873,0.6896551724137931,1630.851599977469
1499,14035,0.875,0.934375,0.67944103120106,0.9655172413793103,1630.7937147595358
1500,10702,0.1125,0.7252500000000001,0.8892302132273219,0.9655172413793103,1630.2963349917081
1501,3123,0.125,0.12385312499999998,0.9653294783760993,0.13793103448275862,1630.0252173913043
1502,20448,0.8625,0.8931250000000001,0.9382363570654136,0.9655172413793103,1629.9645771144278
1503,12196,0.375,0.6546875,0.716781110709553,0.6896551724137931,1629.645594427084
1504,10929,0.125,0.66965625,0.6958065293338151,0.6896551724137931,1629.473494939076
1505,19997,0.8625,0.26811250000000003,0.9252258764004336,0.0,1629.4693345485173
1506,22436,0.125,0.22748749999999998,0.97237682206963,0.0,1629.2987116512284
1507,12510,0.6125,0.746875,0.8155402963498374,0.6896551724137931,1629.1291926103502
1508,5238,0.625,0.208765625,0.9009275990844476,0.0,1629.1280887539392
1509,5748,0.8625,0.171346875,0.9860498735092157,0.0,1629.1280375619508
1510,14315,0.875,0.8190937500000001,0.9718949524153715,0.9655172413793103,1628.4722553897182
1511,15717,0.8625,0.6743750000000001,0.7999638597759305,0.9655172413793103,1628.3065505804311
1512,3062,0.125,0.090625,0.7389965064450066,0.0,1628.1042831142202
1513,3558,0.3625,0.3390625,0.6754101915431876,0.0,1627.7631226396227
1514,5572,0.8625,0.327909375,0.6778038790507167,0.0,1627.7631055756267
1515,13762,0.8625,0.7068125000000001,0.7915190940850501,0.6896551724137931,1627.579056985756
1516,13688,0.8625,0.9280625,0.7626671485363209,0.9655172413793103,1627.477296849088
1517,2769,0.125,0.108721875,0.8866401638356823,0.0,1627.4218597810484
1518,13176,0.625,0.715625,0.62643055053608,0.6896551724137931,1627.2345307261578
1519,22920,0.3328,0.8357187500000001,0.9945669196482351,0.9655172413793103,1627.145688225539
1520,12645,0.6125,0.9375,0.6996542585230695,0.6896551724137931,1626.8898494374941
1521,4570,0.6125,0.3390625,0.6754101915431876,0.0,1626.7393852558882
1522,13554,0.8625,0.78125,0.8717383447777376,0.9655172413793103,1626.6482421227197
1523,20428,0.8388625000000001,0.8915625,0.9276593181544391,0.9655172413793103,1626.4824046434494
1524,1893,0.0,0.046875,0.6023370678231538,0.0,1626.3980882693218
1525,3542,0.3625,0.3125,0.6752463558607397,0.0,1626.2274312440404
1526,5365,0.8625,0.1381875,0.9796651005902903,0.0,1626.0568424747437
1527,1563,0.1875,0.65625,0.6023370678231538,0.6896551724137931,1625.340023871031
1528,6405,0.125,0.366625,0.7092350319238645,0.0,1625.0331392190014
1529,3036,0.125,0.125,0.7362920130104806,0.0,1625.0331392190014
1530,13408,0.8625,0.90625,0.9023370678231537,0.9655172413793103,1624.8241956882255
1531,1001,0.6875,0.0625,0.6023370678231538,0.0,1624.5212363991418
1532,10380,0.1125,0.912875,0.8218527888206241,0.6896551724137931,1624.3064623176879
1533,4138,0.375,0.10290625,0.9368871220334899,0.13793103448275862,1624.2286956521739
1534,18000,0.375,0.0931125,0.9203228526683531,0.13793103448275862,1624.2286956521739
1535,3346,0.3625,0.10290625,0.9368871220334899,0.13793103448275862,1624.2286956521739
1536,5002,0.625,0.215625,0.8717383447777376,0.0,1624.180024732556
1537,20671,0.8328624999999998,0.123225,0.9646066738947114,0.0,1624.009401835267
1538,13134,0.625,0.778125,0.62643055053608,0.9655172413793103,1623.9951243781095
1539,19016,0.125,0.9181250000000001,0.8918564028430309,0.9655172413793103,1623.663449419569
1540,11716,0.3625,0.66965625,0.6958065293338151,0.6896551724137931,1623.445051928708
1541,6227,0.875,0.194096875,0.9718949524153715,0.0,1623.3269102461106
1542,12262,0.375,0.92609375,0.8357908685700518,0.6896551724137931,1623.1007323745303
1543,11672,0.3625,0.9280625,0.7626671485363209,0.6896551724137931,1622.9285467592638
1544,24258,0.375,0.8306250000000001,0.9844837971328756,0.6896551724137931,1622.756326693094
1545,11263,0.125,0.875,0.9282857487049753,0.6896551724137931,1622.4118865607543
1546,17054,0.12499999999999992,0.68378125,0.8280327671364895,0.6896551724137931,1622.0675153302213
1547,12195,0.375,0.679125,0.7092350319238645,0.6896551724137931,1622.0670330175735
1548,1815,0.9375,0.90625,0.6023370678231538,0.9655172413793103,1622.005207296849
1549,11866,0.375,0.75,0.9248042404529574,0.6896551724137931,1621.5507345535498
1550,11051,0.125,0.871875,0.6813612817732804,0.9655172413793103,1621.507728026534
1551,10720,0.1125,0.66328125,0.762462353933261,0.6896551724137931,1621.3789968000278
1552,12195,0.375,0.679125,0.7092350319238645,0.9655172413793103,1621.341575456053
1553,2631,0.1125,0.04685281249999999,0.7463052644259728,0.0,1621.2794184146455
1554,12596,0.6125,0.84375,0.8699915672810504,0.6896551724137931,1620.8617337107084
1555,892,0.5625,0.0625,0.62643055053608,0.0,1620.767532658782
1556,13912,0.875,0.715625,0.9023370678231537,0.9655172413793103,1620.5129021558873
1557,8369,0.625,0.63753125,0.7463052644259728,0.9655172413793103,1620.5119237147596
1558,2591,0.1125,0.23395937500000002,0.9138296590772196,0.0,1620.4263039282002
1559,5982,0.875,0.246875,0.8186844958438743,0.0,1620.255681030911
1560,20455,0.8327625000000001,0.87946875,0.9575352367184676,0.6896551724137931,1620.0005644780524
1561,11942,0.375,0.7252500000000001,0.8892302132273219,0.6896551724137931,1619.6561587966162
1562,15717,0.8625,0.6743750000000001,0.7999638597759305,0.6896551724137931,1619.483955955898
1563,13901,0.875,0.72703125,0.9224189856643776,0.9655172413793103,1619.3520895522388
1564,17784,0.6125,0.936875,0.8462594868088182,0.6896551724137931,1619.1393952453964
1565,3979,0.375,0.21875,0.62643055053608,0.0,1618.8907149165946
1566,887,0.875,0.0625,0.62643055053608,0.0,1618.8906807886024
1567,316,0.9375,0.65625,0.62643055053608,0.9655172413793103,1618.8547429519072
1568,12172,0.375,0.715625,0.6827141308276111,0.6896551724137931,1618.7948862112498
1569,2207,0.0,0.0625,0.62643055053608,0.0,1618.7200578913132
1570,2108,1.0,0.90625,0.62643055053608,0.6896551724137931,1618.6226489196283
1571,13732,0.8625,0.66965625,0.6958065293338151,0.9655172413793103,1618.5228524046433
1572,4549,0.6125,0.309375,0.67944103120106,0.0,1618.3788291607311
1573,14164,0.875,0.75,0.62643055053608,0.6896551724137931,1617.7615313633273
1574,1048,0.8125,0.109375,0.6023370678231538,0.0,1617.525731738282
1575,13342,0.8625,0.80071875,0.9265992049150704,0.6896551724137931,1617.2447678121075
1576,13769,0.8625,0.6875,0.7469943380315623,0.9655172413793103,1617.1965339966832
1577,1994,1.0,0.875,0.6023370678231538,0.6896551724137931,1617.072530520486
1578,10625,0.1125,0.934375,0.67944103120106,0.6896551724137931,1617.0724960695825
1579,3881,0.375,0.29638437500000003,0.8183471870858932,0.0,1616.6726172518365
1580,4915,0.625,0.3390625,0.6754101915431876,0.0,1616.6726172518365
1581,12724,0.6125,0.66965625,0.6958065293338151,0.6896551724137931,1616.5556291656526
1582,21806,0.125,0.14315625,0.9714251295024696,0.0,1616.3313543932622
1583,12739,0.6125,0.6756562500000001,0.8040477050957715,0.9655172413793103,1616.201608623549
1584,11612,0.3625,0.89625,0.8127815925792072,0.9655172413793103,1616.2015091210615
1585,11188,0.125,0.6546875,0.716781110709553,0.9655172413793103,1616.201144278607
1586,12464,0.6125,0.6546875,0.716781110709553,0.6896551724137931,1616.038796712626
1587,22949,0.6125,0.849375,0.9746536561860017,0.9655172413793103,1616.0356053067994
1588,24156,0.3625,0.8306250000000001,0.9844837971328756,0.6896551724137931,1615.8668350282317
1589,3456,0.3625,0.184375,0.62643055053608,0.0,1615.819485701395
1590,5376,0.8625,0.063784375,0.8562823756173954,0.0,1615.8194515734028
1591,13937,0.875,0.66328125,0.762462353933261,0.6896551724137931,1615.35065714237
1592,10720,0.1125,0.66328125,0.762462353933261,0.9655172413793103,1615.2070978441127
1593,11987,0.375,0.934375,0.8107697867726779,0.9655172413793103,1615.0407296849087
1594,12919,0.625,0.7070000000000001,0.8115046379954222,0.9655172413793103,1614.8750414593699
1595,3458,0.3625,0.1875,0.8289001325141548,0.0,1614.7957653816568
1596,5331,0.8625,0.321203125,0.8040477050957715,0.0,1614.2838625617972
1597,13564,0.8625,0.809375,0.803589928924226,0.9655172413793103,1614.2116749585407
1598,12680,0.6125,0.9280625,0.7626671485363209,0.6896551724137931,1614.144462112016
1599,19162,0.8387625,0.904125,0.9196482351523912,0.9655172413793103,1614.0458374792704
1600,14338,0.875,0.83375,0.9009275990844476,0.6896551724137931,1613.9722592712978
1601,23059,0.6487499999999999,0.83846875,0.9933020118058066,0.6896551724137931,1613.9722592712978
1602,10510,0.1125,0.778125,0.675142753885074,0.9655172413793103,1613.8800331674959
1603,4869,0.625,0.23395937500000002,0.9138296590772196,0.0,1613.7720109339261
1604,13025,0.625,0.934375,0.62643055053608,0.6896551724137931,1613.6271128954381
1605,24266,0.6125,0.8150625,0.9998554391037224,0.9655172413793103,1613.382487562189
1606,13948,0.875,0.6578125,0.6955848692928562,0.9655172413793103,1613.2166998341625
1607,11500,0.3625,0.746875,0.7615106613661005,0.6896551724137931,1612.5944126146806
1608,17923,0.3625,0.0931125,0.9203228526683531,0.0,1612.5775994609141
1609,19382,0.8328,0.11616562500000001,0.955957113600771,0.0,1612.4070448196096
1610,2890,0.125,0.3390625,0.6552355137935189,0.0,1612.2364389863167
1611,16374,0.125,0.94315625,0.828538730273461,0.8275862068965517,1611.7419838709677
1612,13126,0.625,0.78125,0.7000216841344417,0.8275862068965517,1611.7419677419355
1613,14059,0.875,0.88925,0.8236477532827369,0.6896551724137931,1611.7331400293142
1614,10741,0.1125,0.6875,0.8320322852668354,0.8275862068965517,1611.5808548387097
1615,9452,0.875,0.371875,0.62643055053608,0.8275862068965517,1611.5806129032258
1616,12173,0.375,0.715625,0.6545717383447777,0.9655172413793103,1611.3927031509122
1617,20448,0.8625,0.8931250000000001,0.9382363570654136,0.6896551724137931,1611.3886309951677
1618,12360,0.6125,0.81478125,0.9878207444886157,0.8275862068965517,1611.2581612903225
1619,10801,0.1125,0.8069375000000001,0.8914468136369111,0.9655172413793103,1611.0610613598674
1620,13939,0.875,0.6714375,0.7905914950006022,0.6896551724137931,1611.0444664700553
1621,12440,0.6125,0.79984375,0.9989157932779182,0.8275862068965517,1610.9355
1622,3412,0.3625,0.125,0.7362920130104806,0.0,1610.871438744008
1623,7597,0.375,0.625,0.7240621611853992,0.8275862068965517,1610.774258064516
1624,10652,0.1125,0.9601875,0.6691205878809782,0.8275862068965517,1610.6130806451613
1625,10710,0.1125,0.67796875,0.7209938561619081,0.8275862068965517,1610.4511612903225
1626,24266,0.6125,0.8150625,0.9998554391037224,0.6896551724137931,1610.3551900199866
1627,5203,0.625,0.2361875,0.9339838573665823,0.0,1610.1889300908556
1628,12620,0.6125,0.89625,0.8127815925792072,0.6896551724137931,1610.1830216301719
1629,13652,0.8625,0.934375,0.62643055053608,0.6896551724137931,1610.1823670630072
1630,11866,0.375,0.75,0.9248042404529574,0.9655172413793103,1609.9003316749586
1631,1961,0.5,0.0,0.6023370678231538,0.0,1609.6770784629844
1632,14283,0.875,0.91975,0.8743645343934465,0.6896551724137931,1609.4940207873306
1633,23056,0.8388375,0.8478125000000001,0.9879412119021804,0.8275862068965517,1609.322870967742
1634,23644,0.58285,0.8067812499999999,0.9998554391037224,0.8275862068965517,1609.322870967742
1635,12620,0.6125,0.89625,0.8127815925792072,0.8275862068965517,1609.3228225806452
1636,13937,0.875,0.66328125,0.762462353933261,0.9655172413793103,1609.2374958540631
1637,13034,0.625,0.9252812499999999,0.7551740754126008,0.9655172413793103,1609.2368988391377
1638,12398,0.6125,0.92609375,0.8357908685700518,0.9655172413793103,1609.0711111111111
1639,3329,0.3625,0.22643437500000002,0.9854234429586796,0.0,1608.994569809832
1640,5146,0.625,0.13098749999999998,0.9729671123960967,0.0,1608.9945015538474
1641,22905,0.15470250000000002,0.8505312500000001,0.9860619202505723,0.9655172413793103,1608.9053897180763
1642,4677,0.6125,0.064178125,0.8427538850740873,0.0,1608.6533069512577
1643,13133,0.625,0.78125,0.62643055053608,0.6896551724137931,1608.6329204564813
1644,12044,0.375,0.89625,0.8127815925792072,0.6896551724137931,1608.6329032310296
1645,14278,0.875,0.92609375,0.8357908685700518,0.6896551724137931,1608.6327998783195
1646,13355,0.8625,0.8189062500000001,0.8910372244307915,0.8275862068965517,1608.516435483871
1647,1807,0.4375,0.90625,0.6023370678231538,0.8275862068965517,1608.0326451612902
1648,12534,0.6125,0.778125,0.8699915672810504,0.6896551724137931,1607.9439885154468
1649,22975,0.5828,0.8357187500000001,0.9945669196482351,0.6896551724137931,1607.9439540645435
1650,12243,0.375,0.671,0.8049271172147935,0.8275862068965517,1607.8714838709677
1651,844,0.75,0.109375,0.62643055053608,0.0,1607.8002265928046
1652,10587,0.1125,0.871875,0.7362920130104806,0.9655172413793103,1607.7446434494195
1653,12172,0.375,0.715625,0.6827141308276111,0.9655172413793103,1607.5788225538972
1654,4151,0.375,0.3125,0.8297072641850378,0.0,1607.4589807982265
1655,13446,0.8625,0.814625,0.9998795325864354,0.6896551724137931,1607.4271905133237
1656,13492,0.8625,0.70125,0.7658836284784966,0.9655172413793103,1607.4131011608624
1657,82,0.5625,0.90625,0.62643055053608,0.8275862068965517,1607.3875483870968
1658,11694,0.3625,0.8590312499999999,0.8712323816407661,0.8275862068965517,1607.2262419354838
1659,14039,0.875,0.90625,0.7952776773882665,0.8275862068965517,1607.226193548387
1660,2295,0.1125,0.321203125,0.8040477050957715,0.0,1607.117700875656
1661,13158,0.625,0.746875,0.8155402963498374,0.9655172413793103,1606.749767827529
1662,1040,0.3125,0.109375,0.6023370678231538,0.0,1606.605866311781
1663,2154,0.0,0.890625,0.62643055053608,0.8275862068965517,1606.5811774193548
1664,17054,0.12499999999999992,0.68378125,0.8280327671364895,0.9655172413793103,1606.418192371476
1665,24250,0.6125,0.8306250000000001,0.9844837971328756,0.6896551724137931,1606.3937667635944
1666,5133,0.625,0.22643437500000002,0.9854234429586796,0.0,1606.2646034532067
1667,11069,0.125,0.840625,0.8471991326346222,0.9655172413793103,1606.0864676616916
1668,7127,0.1125,0.371875,0.62643055053608,0.8275862068965517,1605.9360806451614
1669,6026,0.875,0.1875,0.8289001325141548,0.0,1605.9233747226247
1670,24191,0.3625,0.8150625,0.9998554391037224,0.9655172413793103,1605.9205472636816
1671,12196,0.375,0.6546875,0.716781110709553,0.9655172413793103,1605.9203482587066
1672,12739,0.6125,0.6756562500000001,0.8040477050957715,0.6896551724137931,1605.8771926923432
1673,10747,0.1125,0.702125,0.8743645343934465,0.6896551724137931,1605.7049898516252
1674,14166,0.875,0.746875,0.8155402963498374,0.6896551724137931,1605.7049037243667
1675,20395,0.398775,0.88221875,0.953981448018311,0.9655172413793103,1605.5889718076285
1676,19076,0.375,0.915,0.8984941573304421,0.8275862068965517,1605.4522096774194
1677,24313,0.625,0.8275,0.9855077701481749,0.8275862068965517,1605.452177419355
1678,330,0.0625,0.65625,0.62643055053608,0.9655172413793103,1605.4233001658374
1679,13052,0.625,0.89625,0.8127815925792072,0.6896551724137931,1605.3603774647684
1680,4942,0.625,0.300271875,0.7551740754126008,0.0,1605.2407807494917
1681,10315,0.1125,0.78771875,0.9674978918202626,0.8275862068965517,1605.1297096774194
1682,5627,0.8625,0.23395937500000002,0.9138296590772196,0.0,1605.0702431721832
1683,2404,0.1125,0.125,0.62643055053608,0.0,1605.0701919801947
1684,11170,0.125,0.70125,0.7658836284784966,0.9655172413793103,1604.9258374792703
1685,19795,0.8625,0.74,0.9544151307071437,0.8275862068965517,1604.6459032258065
1686,13478,0.8625,0.67396875,0.6938103842910492,0.8275862068965517,1604.6452580645162
1687,852,0.25,0.109375,0.62643055053608,0.0,1604.5583915443121
1688,12026,0.375,0.9252812499999999,0.7551740754126008,0.9655172413793103,1604.2622553897181
1689,1244,0.875,0.3125,0.6023370678231538,0.0,1604.2171286857379
1690,4358,0.6125,0.10290625,0.9368871220334899,0.0,1604.2170774937495
1691,11891,0.375,0.6891875,0.8427538850740873,0.9655172413793103,1604.0966832504146
1692,23751,0.3625,0.19007812500000001,0.9877966510059029,0.0,1604.046522852445
1693,21789,0.3625,0.1618625,0.9827611131189014,0.0,1604.046522852445
1694,23027,0.8328,0.8357187500000001,0.9824478978436332,0.8275862068965517,1604.0008225806453
1695,11844,0.375,0.7876562500000001,0.8868570051800987,0.8275862068965517,1603.8395
1696,10688,0.1125,0.86546875,0.8653294783760993,0.9655172413793103,1603.7649087893865
1697,10549,0.1125,0.8125,0.752969521744368,0.8275862068965517,1603.5170161290323
1698,22887,0.3625,0.8525,0.97237682206963,0.9655172413793103,1603.4332504145937
1699,23553,0.3388125,0.8040625,0.9995904107938802,0.8275862068965517,1603.3557258064516
1700,13710,0.8625,0.8590312499999999,0.8712323816407661,0.8275862068965517,1603.3556774193548
1701,21731,0.832775,0.85759375,0.9682568365257197,0.6896551724137931,1603.2935471907613
1702,13177,0.625,0.715625,0.7671364895795687,0.8275862068965517,1603.1944516129033
1703,22286,0.40474999999999994,0.7849062499999999,0.9818817009998795,0.8275862068965517,1603.033193548387
1704,12629,0.6125,0.90625,0.7389965064450066,0.9655172413793103,1602.9357213930348
1705,12813,0.6125,0.798375,0.9183833273099626,0.8275862068965517,1602.8718870967741
1706,4121,0.375,0.22643437500000002,0.9854234429586796,0.0,1602.8521455074251
1707,13996,0.875,0.90840625,0.8046500421635947,0.8275862068965517,1602.7105483870969
1708,14243,0.875,0.7777499999999999,0.9902300927599084,0.8275862068965517,1602.7105322580644
1709,23068,0.8328875,0.8505312500000001,0.9860619202505723,0.9655172413793103,1602.6041956882254
1710,14128,0.875,0.78825,0.8749909649439825,0.8275862068965517,1602.5493225806451
1711,12091,0.375,0.8125,0.6517383447777376,0.6896551724137931,1602.4323779581052
1712,3305,0.3625,0.3125,0.8297072641850378,0.0,1602.340293879554
1713,24191,0.3625,0.8150625,0.9998554391037224,0.6896551724137931,1602.2600545392252
1714,2666,0.1125,0.102146875,0.8990362606914829,0.0,1602.169670982265
1715,11611,0.3625,0.88925,0.8236477532827369,0.9655172413793103,1602.1066998341626
1716,11958,0.375,0.8590312499999999,0.8712323816407661,0.8275862068965517,1602.0654838709677
1717,3938,0.375,0.278125,0.62643055053608,0.0,1601.9989968929876
1718,12510,0.6125,0.746875,0.8155402963498374,0.9655172413793103,1601.9409618573798
1719,14242,0.875,0.7850625,0.9940850499939766,0.6896551724137931,1601.9156144068854
1720,5683,0.8625,0.07712812499999999,0.8743645343934465,0.0,1601.8283910596947
1721,13446,0.8625,0.814625,0.9998795325864354,0.9655172413793103,1601.7750414593697
1722,22936,0.375,0.849375,0.9746536561860017,0.9655172413793103,1601.775008291874
1723,10579,0.1125,0.84375,0.62643055053608,0.6896551724137931,1601.7434804679742
1724,13347,0.8625,0.83375,0.9009275990844476,0.9655172413793103,1601.6092703150912
1725,23051,0.8151375,0.8400624999999999,0.99250692687628,0.8275862068965517,1601.5817258064517
1726,191,0.3125,0.796875,0.62643055053608,0.8275862068965517,1601.5817258064517
1727,39,0.4375,0.953125,0.62643055053608,0.8275862068965517,1601.420370967742
1728,14342,0.875,0.8050312500000001,0.9129743404409107,0.8275862068965517,1601.2591612903225
1729,2108,1.0,0.90625,0.62643055053608,0.9655172413793103,1601.111791044776
1730,11791,0.3625,0.76496875,0.96883508011083,0.6896551724137931,1601.0544279487776
1731,993,0.1875,0.0625,0.6023370678231538,0.0,1600.9752595092532
1732,11266,0.125,0.89471875,0.8990362606914829,0.6896551724137931,1600.8822078826079
1733,12280,0.375,0.89484375,0.9224189856643776,0.8275862068965517,1600.7752419354838
1734,20386,0.5887875,0.88225,0.9539332610528852,0.6896551724137931,1600.7099878164381
1735,12063,0.375,0.84375,0.8699915672810504,0.9655172413793103,1600.614328358209
1736,13918,0.875,0.6875,0.8107697867726779,0.8275862068965517,1600.2915967741935
1737,11146,0.125,0.746875,0.7074798217082279,0.8275862068965517,1600.2915322580645
1738,10461,0.1125,0.6875,0.7059462715335502,0.9655172413793103,1600.2828855721393
1739,12291,0.375,0.86990625,0.9562703288760389,0.6896551724137931,1600.0210214245
1740,4552,0.6125,0.309375,0.62643055053608,0.0,1599.9515733175072
1741,13253,0.625,0.65996875,0.7669437417178653,0.9655172413793103,1599.9512769485905
1742,12674,0.6125,0.934375,0.8107697867726779,0.6896551724137931,1599.8487669074268
1743,309,0.4375,0.671875,0.62643055053608,0.8275862068965517,1599.8076774193548
1744,10625,0.1125,0.934375,0.67944103120106,0.9655172413793103,1599.7852072968492
1745,886,0.9375,0.0625,0.62643055053608,0.0,1599.7809162922258
1746,15672,0.6125,0.65878125,0.7625828213468256,0.8275862068965517,1599.6464032258064
1747,11224,0.125,0.7417812500000001,0.9567642452716538,0.8275862068965517,1599.6464032258064
1748,2267,0.1125,0.26985625,0.9224189856643776,0.0,1599.6103275229289
1749,2931,0.125,0.278125,0.655524635586074,0.0,1599.6102933949367
1750,11611,0.3625,0.88925,0.8236477532827369,0.6896551724137931,1599.5042923241838
1751,2902,0.125,0.327909375,0.6778038790507167,0.0,1599.4397046256397
1752,10955,0.125,0.871875,0.9248042404529574,0.8275862068965517,1599.3239032258064
1753,10747,0.1125,0.702125,0.8743645343934465,0.9655172413793103,1599.2879104477613
1754,855,0.0625,0.109375,0.62643055053608,0.0,1599.2690817283508
1755,12336,0.6125,0.9375,0.8084809059149499,0.9655172413793103,1599.1219071310115
1756,11986,0.375,0.934375,0.789519335019877,0.9655172413793103,1598.9560364842455
1757,11692,0.3625,0.871875,0.8807252138296592,0.8275862068965517,1598.8400806451614
1758,14164,0.875,0.75,0.62643055053608,0.9655172413793103,1598.7903482587064
1759,2546,0.1125,0.3390625,0.6754101915431876,0.0,1598.7572301004795
1760,13955,0.875,0.67796875,0.7209938561619081,0.8275862068965517,1598.516822580645
1761,13272,0.625,0.912875,0.8218527888206241,0.8275862068965517,1598.3561612903227
1762,11942,0.375,0.7252500000000001,0.8892302132273219,0.9655172413793103,1598.2929021558873
1763,10791,0.1125,0.7606875,0.9339838573665823,0.6896551724137931,1598.1264456675663
1764,4736,0.6125,0.171346875,0.9860498735092157,0.0,1598.0746702553388
1765,11473,0.3625,0.6875,0.7324515118660402,0.8275862068965517,1598.0337096774194
1766,4740,0.6125,0.184375,0.9436453439344656,0.0,1597.904098550038
1767,3738,0.375,0.171346875,0.9860498735092157,0.0,1597.5628015634716
1768,22936,0.375,0.849375,0.9746536561860017,0.6896551724137931,1597.4374103738216
1769,5409,0.8625,0.090625,0.7108553186363088,0.0,1597.0509669995965
1770,10752,0.1125,0.715625,0.9023370678231537,0.6896551724137931,1596.9208363025705
1771,13869,0.875,0.7606875,0.9339838573665823,0.6896551724137931,1596.9207674007637
1772,13045,0.625,0.903125,0.7137128056860619,0.9655172413793103,1596.8004311774462
1773,12173,0.375,0.715625,0.6545717383447777,0.6896551724137931,1596.7485301091422
1774,19290,0.375,0.10253125,0.9232502108179736,0.0,1596.7096870770263
1775,11128,0.125,0.778125,0.8699915672810504,0.9655172413793103,1596.6346766169154
1776,13975,0.875,0.86546875,0.8653294783760993,0.9655172413793103,1596.6345936981759
1777,13299,0.625,0.86990625,0.9562703288760389,0.6896551724137931,1596.4040383004474
1778,12675,0.6125,0.934375,0.789519335019877,0.6896551724137931,1596.4039693986406
1779,2521,0.1125,0.295615625,0.7658836284784966,0.0,1596.3683900904596
1780,12966,0.625,0.8590312499999999,0.8712323816407661,0.8275862068965517,1596.2595967741936
1781,12769,0.6125,0.6891875,0.8427538850740873,0.9655172413793103,1596.137247097844
1782,193,0.1875,0.796875,0.62643055053608,0.8275862068965517,1596.0984032258064
1783,12610,0.6125,0.875,0.7885315022286471,0.8275862068965517,1596.0983225806451
1784,9988,0.8625,0.6546875,0.716781110709553,0.8275862068965517,1596.0980483870967
1785,12136,0.375,0.778125,0.8699915672810504,0.9655172413793103,1595.971393034826
1786,24177,0.3625,0.8275,0.9855077701481749,0.8275862068965517,1595.9369838709677
1787,894,0.4375,0.0625,0.62643055053608,0.0,1595.856589654577
1788,22339,0.39871249999999997,0.77284375,0.9871099867485844,0.8275862068965517,1595.7758548387096
1789,13232,0.625,0.79984375,0.9989157932779182,0.8275862068965517,1595.7757096774194
1790,11987,0.375,0.934375,0.8107697867726779,0.6896551724137931,1595.7150719085093
1791,22603,0.8625,0.21195312500000002,0.9940127695458378,0.0,1595.68600088528
1792,11862,0.375,0.76496875,0.96883508011083,0.9655172413793103,1595.6396849087894
1793,19128,0.625,0.90253125,0.9092398506204071,0.9655172413793103,1595.6396683250414
1794,6569,0.125,0.59859375,0.7859414528370076,0.8275862068965517,1595.614758064516
1795,13233,0.625,0.7924375,0.9969883146608842,0.8275862068965517,1595.6144838709677
1796,12638,0.6125,0.9252812499999999,0.7551740754126008,0.6896551724137931,1595.5427312641775
1797,4604,0.6125,0.27164062499999997,0.8892302132273219,0.0,1595.515377987991
1798,11533,0.3625,0.78125,0.7245512588844717,0.6896551724137931,1595.1984117099998
1799,14048,0.875,0.90625,0.7671364895795687,0.6896551724137931,1595.198170553676
1800,11526,0.3625,0.778125,0.8699915672810504,0.9655172413793103,1595.142288557214
1801,21639,0.375,0.874375,0.9511866040236115,0.9655172413793103,1595.142255389718
1802,11463,0.3625,0.679125,0.7092350319238645,0.6896551724137931,1595.025726556634
1803,4166,0.375,0.30108437499999996,0.8357908685700518,0.0,1595.0034922321277
1804,12676,0.6125,0.934375,0.7682568365257197,0.9655172413793103,1594.9763349917082
1805,12044,0.375,0.89625,0.8127815925792072,0.8275862068965517,1594.969435483871
1806,2373,0.1125,0.090625,0.7108553186363088,0.0,1594.8328693348385
1807,12680,0.6125,0.9280625,0.7626671485363209,0.9655172413793103,1594.8105804311774
1808,11319,0.125,0.80071875,0.9265992049150704,0.6896551724137931,1594.6816826096835
1809,13794,0.8625,0.7693749999999999,0.8973135766775088,0.8275862068965517,1594.4856129032257
1810,12093,0.375,0.8125,0.7023551379351886,0.6896551724137931,1594.337225251892
1811,10461,0.1125,0.6875,0.7059462715335502,0.6896551724137931,1594.1651602147876
1812,7441,0.375,0.403125,0.62643055053608,0.48275862068965514,1594.1634603557425
1813,19101,0.398675,0.9134375,0.9016985905312612,0.8275862068965517,1594.1631129032257
1814,2893,0.125,0.3390625,0.7157583423683893,0.0,1594.1503948096783
1815,13760,0.8625,0.6940000000000001,0.8251897361763642,0.8275862068965517,1593.679258064516
1816,5587,0.8625,0.3390625,0.6552355137935189,0.0,1593.6385431818073
1817,12820,0.6125,0.7876562500000001,0.8868570051800987,0.8275862068965517,1593.356693548387
1818,10804,0.1125,0.7876562500000001,0.8868570051800987,0.8275862068965517,1593.3566774193548
1819,17180,0.8625,0.69625,0.8605951090230093,0.8275862068965517,1593.195564516129
1820,12619,0.6125,0.88925,0.8236477532827369,0.9655172413793103,1593.1523714759535
1821,24362,0.6546875,0.81384375,0.9999277195518612,0.6896551724137931,1593.1315469850895
1822,3061,0.125,0.090625,0.7671364895795687,0.0,1593.126503849979
1823,12445,0.6125,0.7631875,0.9796651005902903,0.8275862068965517,1593.0341451612903
1824,21309,0.8625,0.24936250000000001,0.9637754487411154,0.0,1592.956034528655
1825,12274,0.375,0.89471875,0.8990362606914829,0.8275862068965517,1592.8728709677418
1826,12464,0.6125,0.6546875,0.716781110709553,0.9655172413793103,1592.820447761194
1827,19128,0.625,0.90253125,0.9092398506204071,0.6896551724137931,1592.6148006593214
1828,1846,0.0625,0.953125,0.6023370678231538,0.6896551724137931,1592.6147834338697
1829,4536,0.6125,0.28125,0.7671364895795687,0.0,1592.4441487727916
1830,10571,0.1125,0.84375,0.8212865919768702,0.8275862068965517,1592.2278064516129
1831,24295,0.8625,0.81190625,0.9879532586435369,0.8275862068965517,1592.2277741935484
1832,13620,0.8625,0.875,0.7344970485483676,0.8275862068965517,1592.2277741935484
1833,14214,0.875,0.6546875,0.6565474039272376,0.8275862068965517,1592.2275322580645
1834,3795,0.375,0.064178125,0.8427538850740873,0.0,1592.1028859142173
1835,1788,0.1875,0.890625,0.6023370678231538,0.8275862068965517,1592.0665161290322
1836,12932,0.625,0.6756562500000001,0.8040477050957715,0.9655172413793103,1591.9917247097844
1837,13819,0.8625,0.778125,0.8893988676063125,0.8275862068965517,1591.9052580645161
1838,12714,0.6125,0.71875,0.8360558968798939,0.8275862068965517,1591.7439677419354
1839,20455,0.8327625000000001,0.87946875,0.9575352367184676,0.9655172413793103,1591.6600165837478
1840,18041,0.8329125000000002,0.079471875,0.8795687266594386,0.0,1591.5910513503422
1841,10685,0.1125,0.8525625,0.8764004336826888,0.8275862068965517,1591.4213548387097
1842,189,0.4375,0.796875,0.62643055053608,0.8275862068965517,1591.260177419355
1843,4948,0.625,0.28125,0.7671364895795687,0.0,1591.249788491768
1844,2356,0.1125,0.059375,0.6508384531984098,0.8275862068965517,1591.0988548387097
1845,14077,0.875,0.871875,0.8461510661366101,0.8275862068965517,1591.0988387096775
1846,6253,0.875,0.3125,0.8084809059149499,0.0,1591.0791655944788
1847,2288,0.1125,0.28125,0.8148897723165883,0.0,1590.9085597611859
1848,13898,0.875,0.746875,0.906143838091796,0.6896551724137931,1590.8924794194609
1849,12629,0.6125,0.90625,0.7389965064450066,0.6896551724137931,1590.8923416158473
1850,12620,0.6125,0.89625,0.8127815925792072,0.9655172413793103,1590.8308955223881
1851,10562,0.1125,0.840625,0.7245512588844717,0.8275862068965517,1590.7763387096775
1852,14283,0.875,0.91975,0.8743645343934465,0.9655172413793103,1590.6650248756218
1853,21712,0.625,0.8712500000000001,0.9547885796891941,0.8275862068965517,1590.6150161290323
1854,14242,0.875,0.7850625,0.9940850499939766,0.9655172413793103,1590.4992205638475
1855,1798,0.8125,0.890625,0.6023370678231538,0.8275862068965517,1590.4537741935485
1856,13144,0.625,0.778125,0.8699915672810504,0.6896551724137931,1590.3757847700479
1857,12846,0.625,0.78125,0.9501746777496686,0.6896551724137931,1590.3757675445963
1858,10437,0.1125,0.7078125,0.9004216359474762,0.8275862068965517,1590.2925967741935
1859,13475,0.8625,0.6593125,0.6440983014094687,0.8275862068965517,1590.2923064516128
1860,6876,0.1125,0.3453125,0.6552355137935189,0.0,1590.2260852360257
1861,5122,0.625,0.301878125,0.8718226719672328,0.0,1590.2260511080335
1862,12619,0.6125,0.88925,0.8236477532827369,0.6896551724137931,1590.2034785766195
1863,1768,0.8125,0.859375,0.6023370678231538,0.8275862068965517,1590.1312419354838
1864,12489,0.6125,0.715625,0.7108553186363088,0.8275862068965517,1589.9699516129033
1865,11525,0.3625,0.778125,0.8456330562582821,0.8275862068965517,1589.969935483871
1866,94,0.75,0.890625,0.62643055053608,0.8275862068965517,1589.8086774193548
1867,5980,0.875,0.25,0.62643055053608,0.0,1589.5435424548812
1868,11750,0.3625,0.6875,0.8107697867726779,0.6896551724137931,1589.5146844391986
1869,24154,0.15471875,0.8286562499999999,0.9851343211661244,0.9655172413793103,1589.3385240464345
1870,12044,0.375,0.89625,0.8127815925792072,0.9655172413793103,1589.1726865671642
1871,323,0.5,0.65625,0.62643055053608,0.8275862068965517,1589.1637096774193
1872,4591,0.6125,0.29638437500000003,0.8183471870858932,0.0,1589.0317078910061
1873,1563,0.1875,0.65625,0.6023370678231538,0.9655172413793103,1588.8411774461028
1874,3318,0.3625,0.301878125,0.8718226719672328,0.0,1588.6904450324319
1875,3139,0.125,0.3125,0.8297072641850378,0.0,1588.349233365846
1876,13056,0.625,0.875,0.7344970485483676,0.9655172413793103,1588.3435986733002
1877,5260,0.8625,0.2045125,0.9166606432959884,0.0,1588.1785934045606
1878,23237,0.8625,0.1806125,0.9877002770750511,0.0,1588.1785763405646
1879,11476,0.3625,0.70125,0.7658836284784966,0.9655172413793103,1587.3489054726367
1880,20336,0.582925,0.8943125000000001,0.9233224912661124,0.6896551724137931,1587.2754790699564
1881,12291,0.375,0.86990625,0.9562703288760389,0.9655172413793103,1587.1828358208954
1882,19074,0.375,0.89940625,0.9147693049030237,0.6896551724137931,1587.1032073274316
1883,1846,0.0625,0.953125,0.6023370678231538,0.9655172413793103,1587.0169983416251
1884,13051,0.625,0.88925,0.8236477532827369,0.9655172413793103,1587.0169983416251
1885,12724,0.6125,0.66965625,0.6958065293338151,0.9655172413793103,1587.0168656716419
1886,10688,0.1125,0.86546875,0.8653294783760993,0.6896551724137931,1586.9309528103583
1887,187,0.5625,0.796875,0.62643055053608,0.8275862068965517,1586.9057741935485
1888,1994,1.0,0.875,0.6023370678231538,0.9655172413793103,1586.8512106135986
1889,12812,0.6125,0.8026562500000001,0.9049150704734369,0.8275862068965517,1586.7444516129033
1890,3728,0.3625,0.184375,0.9436453439344656,0.0,1586.642987328959
1891,21585,0.15468375,0.87240625,0.9534513913986267,0.8275862068965517,1586.5832096774193
1892,11848,0.375,0.798375,0.9183833273099626,0.8275862068965517,1586.583193548387
1893,2367,0.1125,0.071603125,0.7551740754126008,0.0,1586.4722620476932
1894,11112,0.125,0.78125,0.7490784242862305,0.8275862068965517,1586.4219677419355
1895,1684,0.25,0.78125,0.6023370678231538,0.8275862068965517,1586.4219516129033
1896,11849,0.375,0.8026562500000001,0.9049150704734369,0.8275862068965517,1586.260629032258
1897,11179,0.125,0.684375,0.6752463558607397,0.8275862068965517,1586.0999193548387
1898,13052,0.625,0.89625,0.8127815925792072,0.9655172413793103,1586.0221061359866
1899,14197,0.875,0.6875,0.65293579086857,0.6896551724137931,1585.8970984243363
1900,11266,0.125,0.89471875,0.8990362606914829,0.9655172413793103,1585.8562686567163
1901,11309,0.125,0.8189062500000001,0.8910372244307915,0.8275862068965517,1585.7767580645161
1902,22987,0.39875,0.83846875,0.9933020118058066,0.9655172413793103,1585.5246434494195
1903,5177,0.625,0.28125,0.8148897723165883,0.0,1585.2780041506464
1904,13492,0.8625,0.70125,0.7658836284784966,0.6896551724137931,1585.2087176977564
1905,13772,0.8625,0.7088125,0.8888085772798457,0.6896551724137931,1585.2087176977564
1906,17963,0.6125,0.0931125,0.9069871099867486,0.0,1585.1073641893613
1907,14225,0.875,0.9074687499999999,0.9134441633538127,0.6896551724137931,1585.0363426025212
1908,12777,0.6125,0.746875,0.884001927478617,0.8275862068965517,1584.9704838709677
1909,1045,0.625,0.109375,0.6023370678231538,0.0,1584.7661354587792
1910,3527,0.3625,0.28125,0.6827141308276111,0.0,1584.766101330787
1911,11937,0.375,0.66965625,0.6958065293338151,0.6896551724137931,1584.6917474411161
1912,13299,0.625,0.86990625,0.9562703288760389,0.9655172413793103,1584.363880597015
1913,12690,0.6125,0.8903125,0.8349837368991687,0.6896551724137931,1584.34744511239
1914,17678,0.3625,0.9244375,0.8634501867244909,0.6896551724137931,1584.1751389189617
1915,11805,0.3625,0.798375,0.9183833273099626,0.8275862068965517,1584.1640806451612
1916,14177,0.875,0.73971875,0.8335742681604624,0.6896551724137931,1584.0030049800503
1917,14254,0.875,0.70134375,0.8865317431634743,0.6896551724137931,1583.8308365902355
1918,13051,0.625,0.88925,0.8236477532827369,0.6896551724137931,1583.830698786622
1919,3179,0.125,0.2361875,0.9339838573665823,0.0,1583.7423810110486
1920,3416,0.3625,0.125,0.62643055053608,0.0,1583.7423298190602
1921,13540,0.8625,0.778125,0.8212865919768702,0.8275862068965517,1583.6802580645162
1922,13052,0.625,0.89625,0.8127815925792072,0.8275862068965517,1583.6802258064515
1923,12447,0.6125,0.74884375,0.9653294783760993,0.6896551724137931,1583.6584787204522
1924,12937,0.625,0.68225,0.7330092759908444,0.8275862068965517,1583.519
1925,12043,0.375,0.88925,0.8236477532827369,0.9655172413793103,1583.3689386401327
1926,24258,0.375,0.8306250000000001,0.9844837971328756,0.9655172413793103,1583.3689386401327
1927,11561,0.3625,0.8125,0.6517383447777376,0.8275862068965517,1583.3577258064515
1928,13985,0.875,0.88378125,0.8441633538127936,0.8275862068965517,1583.3577258064515
1929,3480,0.3625,0.215625,0.8717383447777376,0.0,1583.2305464471735
1930,14166,0.875,0.746875,0.8155402963498374,0.9655172413793103,1583.0373631840796
1931,11878,0.375,0.72715625,0.8990362606914829,0.6896551724137931,1582.6251238725297
1932,8620,0.625,0.6546875,0.6565474039272376,0.8275862068965517,1582.5511129032259
1933,11170,0.125,0.70125,0.7658836284784966,0.6896551724137931,1582.4529899336183
1934,23534,0.3625,0.805625,0.9877002770750511,0.6896551724137931,1582.1083430958581
1935,999,0.5625,0.0625,0.6023370678231538,0.0,1582.0361349741618
1936,11367,0.3625,0.86990625,0.9562703288760389,0.6896551724137931,1581.9361058042366
1937,13860,0.875,0.7876562500000001,0.8868570051800987,0.8275862068965517,1581.9062258064516
1938,23000,0.8328875,0.8505312500000001,0.9738103842910492,0.6896551724137931,1581.7638857380666
1939,10383,0.1125,0.9326874999999999,0.8427538850740873,0.8275862068965517,1581.7449032258064
1940,4306,0.6125,0.30108437499999996,0.8357908685700518,0.0,1581.5242833462905
1941,3372,0.3625,0.059375,0.62643055053608,0.27586206896551724,1581.4019696969697
1942,18974,0.3327375,0.90134375,0.9113359836164318,0.8275862068965517,1581.0999032258064
1943,11731,0.3625,0.6756562500000001,0.8040477050957715,0.9655172413793103,1581.0475290215588
1944,13342,0.8625,0.80071875,0.9265992049150704,0.9655172413793103,1581.047479270315
1945,13857,0.875,0.8004999999999999,0.8906396819660282,0.8275862068965517,1580.9386290322582
1946,12932,0.625,0.6756562500000001,0.8040477050957715,0.6896551724137931,1580.902750956314
1947,102,0.25,0.890625,0.62643055053608,0.8275862068965517,1580.6160483870967
1948,22935,0.375,0.8525,0.97237682206963,0.6896551724137931,1580.5581902458123
1949,13239,0.625,0.74884375,0.9653294783760993,0.9655172413793103,1580.55
1950,7616,0.375,0.6476875,0.6691205878809782,0.8275862068965517,1580.4540967741937
1951,10674,0.1125,0.8903125,0.8349837368991687,0.6896551724137931,1580.386004630546
1952,14231,0.875,0.865875,0.9729671123960967,0.9655172413793103,1580.2183084577114
1953,12043,0.375,0.88925,0.8236477532827369,0.6896551724137931,1580.0414783709477
1954,12700,0.6125,0.871875,0.8807252138296592,0.8275862068965517,1579.8097258064515
1955,14225,0.875,0.9074687499999999,0.9134441633538127,0.9655172413793103,1579.7208623548922
1956,22465,0.12499999999999992,0.21190625000000002,0.9940368630285508,0.0,1579.6474485401068
1957,11252,0.125,0.90625,0.9023370678231537,0.6896551724137931,1579.5248009469865
1958,13975,0.875,0.86546875,0.8653294783760993,0.6896551724137931,1579.524766496083
1959,6161,0.875,0.109803125,0.9472834598241175,0.0,1579.4767915148254
1960,20529,0.15464,0.123225,0.9646066738947114,0.0,1579.1355798482396
1961,20370,0.375,0.87753125,0.9473196000481869,0.9655172413793103,1579.0576119402986
1962,22927,0.6125,0.8525,0.97237682206963,0.9655172413793103,1579.0575953565506
1963,13810,0.8625,0.778125,0.9338392964703047,0.8275862068965517,1579.0033387096773
1964,7604,0.375,0.6546875,0.716781110709553,0.8275862068965517,1579.0030806451614
1965,13133,0.625,0.78125,0.62643055053608,0.9655172413793103,1578.891824212272
1966,22358,0.65475,0.7849062499999999,0.9818817009998795,0.8275862068965517,1578.842064516129
1967,13363,0.8625,0.8341875,0.9831104686182388,0.8275862068965517,1578.8419516129031
1968,10497,0.1125,0.75,0.8186844958438743,0.6896551724137931,1578.8358517805002
1969,4165,0.375,0.28125,0.8148897723165883,0.0,1578.7943340536615
1970,12846,0.625,0.78125,0.9501746777496686,0.9655172413793103,1578.5601824212272
1971,19365,0.8625,0.102578125,0.936369112155162,0.0,1578.4530200030988
1972,14344,0.875,0.796375,0.9402361161305867,0.8275862068965517,1578.0356612903227
1973,24155,0.125,0.8306250000000001,0.9844837971328756,0.8275862068965517,1577.8743225806452
1974,18067,0.8625,0.0931125,0.9203228526683531,0.0,1577.7705284139424
1975,12978,0.625,0.8903125,0.8349837368991687,0.6896551724137931,1577.6301907391494
1976,20442,0.625,0.87753125,0.9473196000481869,0.6896551724137931,1577.6301735136976
1977,4492,0.6125,0.215625,0.8717383447777376,0.0,1577.599973772638
1978,17784,0.6125,0.936875,0.8462594868088182,0.9655172413793103,1577.565240464345
1979,24156,0.3625,0.8306250000000001,0.9844837971328756,0.9655172413793103,1577.5651907131012
1980,10489,0.1125,0.746875,0.6804637995422238,0.6896551724137931,1577.2856989304544
1981,2391,0.1125,0.121875,0.7344970485483676,0.0,1577.2587279780598
1982,3659,0.3625,0.07712812499999999,0.8743645343934465,0.0,1577.2586938500676
1983,13339,0.8625,0.78771875,0.9674978918202626,0.6896551724137931,1576.9412243472113
1984,4317,0.6125,0.3125,0.8297072641850378,0.0,1576.9174821834818
1985,10345,0.1125,0.8190937500000001,0.9718949524153715,0.6896551724137931,1576.5967669894198
1986,19129,0.767775,0.90878125,0.8974701843151427,0.8275862068965517,1576.5842258064515
1987,7419,0.375,0.366625,0.7092350319238645,0.0,1576.4056305556105
1988,11485,0.3625,0.715625,0.62643055053608,0.9655172413793103,1576.4044776119404
1989,10791,0.1125,0.7606875,0.9339838573665823,0.9655172413793103,1576.2386733001658
1990,10426,0.1125,0.7850625,0.9940850499939766,0.9655172413793103,1576.0728192371475
1991,11970,0.375,0.8903125,0.8349837368991687,0.6896551724137931,1575.7355977567638
1992,7890,0.3625,0.3453125,0.6552355137935189,0.0,1575.5525160691652
1993,22943,0.39875,0.83846875,0.9811588965184916,0.8275862068965517,1575.4553064516128
1994,21955,0.8625,0.146328125,0.9860619202505723,0.0,1575.3818249158915
1995,12500,0.6125,0.71875,0.8009998795325863,0.8275862068965517,1575.1327258064516
1996,10726,0.1125,0.684375,0.7872545476448619,0.6896551724137931,1575.046734717536
1997,3235,0.3625,0.208765625,0.9009275990844476,0.0,1575.0406303133018
1998,18427,0.6125,0.718125,0.9203228526683531,0.8275862068965517,1574.9715322580646
1999,21575,0.17247375,0.86190625,0.964413926033008,0.8275862068965517,1574.9714838709676
2000,11750,0.3625,0.6875,0.8107697867726779,0.9655172413793103,1574.9122222222222
2001,13869,0.875,0.7606875,0.9339838573665823,0.9655172413793103,1574.9121061359867
2002,23647,0.8625,0.8087500000000001,0.9879171184194675,0.9655172413793103,1574.9120895522387
2003,24190,0.3625,0.8275,0.9975906517287073,0.8275862068965517,1574.8100967741937
2004,19333,0.8388625000000001,0.104121875,0.9257920732441873,0.0,1574.6993845187237
2005,22898,0.125,0.8525,0.984652451511866,0.6896551724137931,1574.529885039058
2006,5367,0.8625,0.12385312499999998,0.9653294783760993,0.0,1574.52869336545
2007,10531,0.1125,0.78825,0.8749909649439825,0.8275862068965517,1574.4875967741937
2008,1572,0.75,0.65625,0.6023370678231538,0.6896551724137931,1573.668819159112
2009,22342,0.42247500000000004,0.780625,0.9918684495843875,0.8275862068965517,1573.5200161290322
2010,8978,0.6125,0.625,0.7240621611853992,0.8275862068965517,1573.358629032258
2011,23094,0.125,0.1806125,0.9877002770750511,0.0,1573.1637613791258
2012,19074,0.375,0.89940625,0.9147693049030237,0.9655172413793103,1572.9222388059702
2013,11804,0.3625,0.8026562500000001,0.9049150704734369,0.8275862068965517,1572.874870967742
2014,1760,0.3125,0.859375,0.6023370678231538,0.8275862068965517,1572.5523548387098
2015,23556,0.154735,0.8067812499999999,0.9998554391037224,0.8275862068965517,1572.5523548387098
2016,14152,0.875,0.778125,0.8699915672810504,0.6896551724137931,1572.463106441406
2017,10612,0.1125,0.90625,0.7671364895795687,0.9655172413793103,1572.4245771144278
2018,12945,0.625,0.66965625,0.6958065293338151,0.6896551724137931,1572.2905590916537
2019,4555,0.6125,0.3125,0.6508384531984098,0.8275862068965517,1572.229758064516
2020,12441,0.6125,0.7924375,0.9969883146608842,0.8275862068965517,1571.9071612903226
2021,12679,0.6125,0.934375,0.7469943380315623,0.8275862068965517,1571.9071129032259
2022,4459,0.6125,0.184375,0.6770473436935309,0.0,1571.7987952648093
2023,23059,0.6487499999999999,0.83846875,0.9933020118058066,0.9655172413793103,1571.7615091210614
2024,12264,0.375,0.912875,0.8218527888206241,0.8275862068965517,1571.5846451612904
2025,17113,0.6125,0.6993750000000001,0.868027948439947,0.8275862068965517,1571.1009516129031
2026,17678,0.3625,0.9244375,0.8634501867244909,0.9655172413793103,1570.9323383084577
2027,8963,0.6125,0.6314062500000001,0.7209938561619081,0.8275862068965517,1570.6164677419356
2028,2223,0.1125,0.208765625,0.9009275990844476,0.0,1570.4338291504928
2029,3543,0.3625,0.3125,0.6508384531984098,0.8275862068965517,1570.2944838709677
2030,3661,0.3625,0.090625,0.8367546078785688,0.0,1570.2631891892077
2031,12856,0.625,0.798375,0.9183833273099626,0.8275862068965517,1570.1332258064517
2032,4750,0.625,0.171346875,0.9860498735092157,0.0,1570.09251509993
2033,11899,0.375,0.7088125,0.8888085772798457,0.6896551724137931,1570.051853260511
2034,3724,0.3625,0.171346875,0.9860498735092157,0.0,1569.751269305352
2035,12478,0.6125,0.6875,0.67944103120106,0.6896551724137931,1569.7076542844952
2036,11731,0.3625,0.6756562500000001,0.8040477050957715,0.6896551724137931,1569.707309775461
2037,4673,0.6125,0.090625,0.8367546078785688,0.0,1569.5807146640475
2038,11352,0.3625,0.81478125,0.9878207444886157,0.8275862068965517,1569.326870967742
2039,11367,0.3625,0.86990625,0.9562703288760389,0.9655172413793103,1569.2741625207298
2040,12569,0.6125,0.8125,0.6517383447777376,0.6896551724137931,1569.018360608975
2041,12948,0.625,0.7382187499999999,0.8647873750150584,0.8275862068965517,1569.004322580645
2042,22975,0.5828,0.8357187500000001,0.9945669196482351,0.9655172413793103,1568.610912106136
2043,20375,0.6125,0.89625,0.933249006143838,0.6896551724137931,1568.5015626068516
2044,11630,0.3625,0.9252812499999999,0.7551740754126008,0.6896551724137931,1568.1569846708983
2045,24250,0.6125,0.8306250000000001,0.9844837971328756,0.9655172413793103,1568.113416252073
2046,22276,0.3328375,0.77009375,0.9851825081315504,0.8275862068965517,1568.0366935483871
2047,13505,0.8625,0.71875,0.6846187206360679,0.6896551724137931,1567.8127340185274
2048,1790,0.3125,0.890625,0.6023370678231538,0.8275862068965517,1567.714112903226
2049,22962,0.375,0.83378125,0.9832791229972292,0.8275862068965517,1567.7140806451614
2050,5848,0.875,0.059375,0.8297072641850378,0.0,1567.5332057685862
2051,10497,0.1125,0.75,0.8186844958438743,0.9655172413793103,1567.4501658374793
2052,11565,0.3625,0.82659375,0.8773762197325623,0.8275862068965517,1567.3914516129032
2053,19024,0.14878625,0.90409375,0.91972051560053,0.6896551724137931,1567.2959532418558
2054,23534,0.3625,0.805625,0.9877002770750511,0.9655172413793103,1566.9526699834162
2055,2418,0.1125,0.153125,0.8699915672810504,0.0,1566.85071417943
2056,13772,0.8625,0.7088125,0.8888085772798457,0.9655172413793103,1566.7869651741294
2057,13214,0.625,0.9268750000000001,0.8718226719672328,0.8275862068965517,1566.7464193548387
2058,11878,0.375,0.72715625,0.8990362606914829,0.9655172413793103,1566.4552902155888
2059,5480,0.8625,0.184375,0.62643055053608,0.0,1566.1682225902737
2060,13898,0.875,0.746875,0.906143838091796,0.9655172413793103,1566.1236152570482
2061,3930,0.375,0.300271875,0.7551740754126008,0.0,1565.997514373004
2062,10348,0.1125,0.8320000000000001,0.9241055294542827,0.8275862068965517,1565.940129032258
2063,13694,0.8625,0.903125,0.8796530538489338,0.8275862068965517,1565.778822580645
2064,8974,0.6125,0.6546875,0.716781110709553,0.8275862068965517,1565.7785806451614
2065,20371,0.375,0.89625,0.933249006143838,0.6896551724137931,1565.7457831663585
2066,8689,0.625,0.3453125,0.6552355137935189,0.0,1565.4857651291095
2067,11235,0.125,0.671,0.8049271172147935,0.9655172413793103,1565.4605140961858
2068,19724,0.6125,0.743125,0.9584507890615589,0.8275862068965517,1565.4562903225806
2069,12526,0.6125,0.778125,0.675142753885074,0.6896551724137931,1565.401377484922
2070,10481,0.1125,0.71875,0.6846187206360679,0.8275862068965517,1565.295064516129
2071,21763,0.6487625,0.86034375,0.9782194916275146,0.8275862068965517,1565.2950161290323
2072,13253,0.625,0.65996875,0.7669437417178653,0.6896551724137931,1565.2293124478176
2073,12520,0.6125,0.75,0.62643055053608,0.6896551724137931,1565.0569201271308
2074,12014,0.375,0.9375,0.6752463558607397,0.6896551724137931,1565.0566961962586
2075,4965,0.625,0.25,0.7615106613661005,0.0,1564.9738793732463
2076,2160,0.0,0.796875,0.62643055053608,0.8275862068965517,1564.9724838709678
2077,12398,0.6125,0.92609375,0.8357908685700518,0.6896551724137931,1564.8845278064439
2078,3518,0.3625,0.278125,0.6846187206360679,0.0,1564.8032564759571
2079,22978,0.5888125,0.8385,0.9932779183230935,0.6896551724137931,1564.540156575911
2080,14263,0.875,0.9375,0.8297072641850378,0.8275862068965517,1564.4885806451614
2081,8615,0.625,0.6453125,0.6612275629442236,0.8275862068965517,1564.4882580645162
2082,2168,0.0,0.671875,0.62643055053608,0.6896551724137931,1564.3679709606445
2083,12336,0.6125,0.9375,0.8084809059149499,0.6896551724137931,1564.3678676079342
2084,12028,0.375,0.90625,0.6545717383447777,0.8275862068965517,1564.3272258064517
2085,12822,0.6125,0.78125,0.9501746777496686,0.6896551724137931,1564.1956992181194
2086,13610,0.8625,0.871875,0.7088266473918805,0.8275862068965517,1563.8435
2087,22301,0.6125,0.7837500000000001,0.9813155041561258,0.8275862068965517,1563.843435483871
2088,8433,0.625,0.366625,0.7092350319238645,0.0,1563.7795190922227
2089,10752,0.1125,0.715625,0.9023370678231537,0.9655172413793103,1563.636334991708
2090,3905,0.375,0.3390625,0.7157583423683893,0.0,1563.4382732976446
2091,2192,0.0,0.296875,0.62643055053608,0.0,1563.4382732976446
2092,13204,0.625,0.6546875,0.716781110709553,0.6896551724137931,1563.3342543782362
2093,4226,0.375,0.208765625,0.9009275990844476,0.0,1563.2676504003555
2094,2101,1.0,0.796875,0.62643055053608,0.8275862068965517,1563.1984677419355
2095,13709,0.8625,0.8525625,0.8764004336826888,0.8275862068965517,1563.198370967742
2096,12178,0.375,0.70125,0.7658836284784966,0.9655172413793103,1563.1390381426202
2097,11263,0.125,0.875,0.9282857487049753,0.9655172413793103,1563.1388225538972
2098,86,0.3125,0.90625,0.62643055053608,0.8275862068965517,1563.0371451612903
2099,20386,0.5887875,0.88225,0.9539332610528852,0.9655172413793103,1562.9730016583749
2100,23805,0.6125,0.19007812500000001,0.9877966510059029,0.0,1562.9264046057774
2101,12124,0.375,0.78125,0.8471991326346222,0.8275862068965517,1562.8759193548387
2102,17342,0.6125,0.31186250000000004,0.831478135164438,0.0,1562.5851417472031
2103,10716,0.1125,0.6639062499999999,0.7352017829177208,0.8275862068965517,1562.5532903225806
2104,3909,0.375,0.3421875,0.7468979641007107,0.0,1562.4145359139102
2105,4563,0.6125,0.3421875,0.7468979641007107,0.0,1562.4145359139102
2106,10432,0.1125,0.7417812500000001,0.9567642452716538,0.8275862068965517,1562.3920483870968
2107,20375,0.6125,0.89625,0.933249006143838,0.9655172413793103,1562.3096849087894
2108,10891,0.125,0.7088125,0.8888085772798457,0.9655172413793103,1562.1439966832504
2109,2943,0.125,0.25,0.8155402963498374,0.0,1561.7320272607576
2110,10809,0.1125,0.78125,0.8838935068064088,0.6896551724137931,1561.6121226183445
2111,3551,0.3625,0.3421875,0.7468979641007107,0.0,1561.2201756328866
2112,12534,0.6125,0.778125,0.8699915672810504,0.9655172413793103,1561.1490049751244
2113,1564,0.25,0.65625,0.6023370678231538,0.6896551724137931,1561.09551409619
2114,13449,0.8625,0.7924375,0.9969883146608842,0.9655172413793103,1560.81728026534
2115,13756,0.8625,0.678125,0.7455559571136007,0.6896551724137931,1560.7513495710778
2116,10528,0.1125,0.78125,0.6509613299602457,0.8275862068965517,1560.6180483870967
2117,10950,0.125,0.8590312499999999,0.8712323816407661,0.8275862068965517,1560.6180161290322
2118,19034,0.125,0.89940625,0.9279604866883507,0.8275862068965517,1560.2954516129032
2119,1562,0.125,0.65625,0.6023370678231538,0.6896551724137931,1560.2343620889856
2120,10714,0.1125,0.6578125,0.7157583423683893,0.8275862068965517,1559.973177419355
2121,17751,0.375,0.92440625,0.8635586073966991,0.6896551724137931,1559.8896980257737
2122,4138,0.375,0.10290625,0.9368871220334899,0.0,1559.8551241985895
2123,3990,0.375,0.215625,0.8717383447777376,0.0,1559.684586621281
2124,14231,0.875,0.865875,0.9729671123960967,0.6896551724137931,1559.5452062170789
2125,10913,0.125,0.66328125,0.762462353933261,0.6896551724137931,1559.5450339625618
2126,10489,0.1125,0.746875,0.6804637995422238,0.9655172413793103,1559.4907462686567
2127,20371,0.375,0.89625,0.933249006143838,0.9655172413793103,1559.4907296849087
2128,11668,0.3625,0.934375,0.7682568365257197,0.6896551724137931,1559.3729172491023
2129,10836,0.125,0.7876562500000001,0.8868570051800987,0.6896551724137931,1559.2008005356427
2130,11918,0.375,0.684375,0.7872545476448619,0.8275862068965517,1559.1666612903225
2131,11319,0.125,0.80071875,0.9265992049150704,0.9655172413793103,1559.1591210613599
2132,20442,0.625,0.87753125,0.9473196000481869,0.9655172413793103,1558.8274461028193
2133,4134,0.375,0.13098749999999998,0.9729671123960967,0.0,1558.6607468535697
2134,13192,0.625,0.6875,0.62643055053608,0.48275862068965514,1558.5310478572799
2135,13720,0.8625,0.73809375,0.8441633538127936,0.8275862068965517,1558.5214677419356
2136,11988,0.375,0.95796875,0.7352017829177208,0.8275862068965517,1558.3602419354838
2137,4546,0.6125,0.300271875,0.7551740754126008,0.0,1558.3194839949954
2138,20275,0.14869125,0.8915625,0.9276713648957956,0.6896551724137931,1558.1673767859133
2139,10001,0.8625,0.621875,0.62643055053608,0.8275862068965517,1558.0382258064517
2140,20984,0.5828249999999999,0.7630312499999999,0.9671846765449945,0.8275862068965517,1558.037693548387
2141,17928,0.125,0.0931125,0.9203228526683531,0.0,1557.9782723284095
2142,21164,0.3625,0.24936250000000001,0.9637754487411154,0.0,1557.807717687105
2143,13111,0.625,0.809375,0.8289001325141548,0.8275862068965517,1557.3925806451614
2144,12182,0.375,0.6875,0.67944103120106,0.8275862068965517,1556.9090483870968
2145,7985,0.3625,0.59375,0.6827141308276111,0.8275862068965517,1556.9087096774194
2146,13203,0.625,0.679125,0.7092350319238645,0.9655172413793103,1556.8372139303483
2147,13469,0.8625,0.65996875,0.7669437417178653,0.8275862068965517,1556.5861451612902
2148,12478,0.6125,0.6875,0.67944103120106,0.9655172413793103,1556.506368159204
2149,20510,0.125,0.12128125000000001,0.9497048548367667,0.0,1556.4427174447962
2150,11937,0.375,0.66965625,0.6958065293338151,0.9655172413793103,1556.1741791044776
2151,13184,0.625,0.6875,0.7324515118660402,0.8275862068965517,1556.1024193548387
2152,13203,0.625,0.679125,0.7092350319238645,0.6896551724137931,1555.927878583992
2153,11791,0.3625,0.76496875,0.96883508011083,0.9655172413793103,1555.8426699834163
2154,6590,0.125,0.6546875,0.716781110709553,0.8275862068965517,1555.4569516129031
2155,13815,0.8625,0.7606875,0.9339838573665823,0.6896551724137931,1555.4115801199684
2156,5541,0.8625,0.278125,0.655524635586074,0.0,1555.2483400997767
2157,1801,0.0625,0.90625,0.6023370678231538,0.6896551724137931,1555.2393256028952
2158,11252,0.125,0.90625,0.9023370678231537,0.9655172413793103,1555.1794195688226
2159,30,0.0625,0.96875,0.62643055053608,0.8275862068965517,1555.1347096774193
2160,4126,0.375,0.189640625,0.9998795325864354,0.0,1555.0777172024875
2161,12890,0.625,0.746875,0.906143838091796,0.6896551724137931,1555.0671399876287
2162,20342,0.40466250000000004,0.8943125000000001,0.9233224912661124,0.6896551724137931,1555.0671055367252
2163,14254,0.875,0.70134375,0.8865317431634743,0.9655172413793103,1554.8478772802653
2164,13237,0.625,0.7631875,0.9796651005902903,0.8275862068965517,1554.8121612903226
2165,11505,0.3625,0.75,0.8186844958438743,0.8275862068965517,1554.6508709677419
2166,12686,0.6125,0.903125,0.8796530538489338,0.9655172413793103,1554.516135986733
2167,18360,0.3625,0.718125,0.9203228526683531,0.8275862068965517,1554.4897096774193
2168,21731,0.832775,0.85759375,0.9682568365257197,0.9655172413793103,1554.3503150912106
2169,21765,0.6487,0.8696875000000001,0.9690278279725333,0.8275862068965517,1554.3283709677419
2170,10802,0.1125,0.8004999999999999,0.8906396819660282,0.8275862068965517,1554.3283709677419
2171,13089,0.625,0.840625,0.7490784242862305,0.8275862068965517,1554.1671129032259
2172,5836,0.875,0.06880312499999999,0.7626671485363209,0.0,1554.0539968827493
2173,13375,0.8625,0.8503437500000001,0.9739549451873267,0.8275862068965517,1553.8444193548387
2174,98,0.5,0.890625,0.62643055053608,0.8275862068965517,1553.6832580645162
2175,1809,0.5625,0.90625,0.6023370678231538,0.8275862068965517,1553.3606935483872
2176,13942,0.875,0.6761250000000001,0.733739308517046,0.8275862068965517,1553.199887096774
2177,14248,0.875,0.7417812500000001,0.9567642452716538,0.8275862068965517,1553.1994032258065
2178,13892,0.875,0.7403125,0.8742561137212383,0.8275862068965517,1553.038177419355
2179,24251,0.582875,0.8286562499999999,0.9851343211661244,0.6896551724137931,1553.0002580372666
2180,13097,0.625,0.82659375,0.8773762197325623,0.8275862068965517,1552.8767741935485
2181,4891,0.625,0.278125,0.8796530538489338,0.0,1552.8596195377295
2182,12822,0.6125,0.78125,0.9501746777496686,0.9655172413793103,1552.6921227197347
2183,2889,0.125,0.33519375,0.6691205878809782,0.0,1552.6890137044365
2184,21241,0.375,0.24936250000000001,0.9637754487411154,0.0,1552.5184078711436
2185,2293,0.1125,0.3125,0.8297072641850378,0.0,1552.5184078711436
2186,11964,0.375,0.896625,0.8892302132273219,0.6896551724137931,1552.4835461624018
2187,24330,0.625,0.8306250000000001,0.9844837971328756,0.6896551724137931,1552.4834944860468
2188,13646,0.8625,0.9252812499999999,0.7551740754126008,0.6896551724137931,1552.4833911333365
2189,21659,0.582775,0.85759375,0.9682568365257197,0.8275862068965517,1552.3930806451613
2190,12225,0.375,0.7924375,0.9969883146608842,0.8275862068965517,1552.393
2191,22917,0.3388125,0.8385,0.9932779183230935,0.6896551724137931,1552.3113088707803
2192,13809,0.8625,0.778125,0.9116251054089869,0.8275862068965517,1552.231806451613
2193,10836,0.125,0.7876562500000001,0.8868570051800987,0.9655172413793103,1551.8630016583747
2194,12091,0.375,0.8125,0.6517383447777376,0.9655172413793103,1551.6972139303482
2195,7967,0.3625,0.6453125,0.6612275629442236,0.8275862068965517,1551.5863548387097
2196,4002,0.375,0.1875,0.8289001325141548,0.0,1551.4946704874092
2197,1952,0.0,0.96875,0.6023370678231538,0.8275862068965517,1551.2641451612903
2198,6975,0.1125,0.59375,0.62643055053608,0.8275862068965517,1551.264129032258
2199,21743,0.8625,0.874375,0.9637754487411154,0.8275862068965517,1551.1027741935484
2200,11678,0.3625,0.903125,0.8796530538489338,0.9655172413793103,1551.0338971807628
2201,19226,0.125,0.09940625,0.9312251535959523,0.0,1550.4709160396785
2202,11899,0.375,0.7088125,0.8888085772798457,0.9655172413793103,1550.3707131011608
2203,24362,0.6546875,0.81384375,0.9999277195518612,0.9655172413793103,1550.3706135986733
2204,6141,0.875,0.2550875,0.9567642452716538,0.0,1550.3003102063856
2205,9977,0.8625,0.6314062500000001,0.7209938561619081,0.8275862068965517,1550.2956935483871
2206,11682,0.3625,0.8903125,0.8349837368991687,0.9655172413793103,1550.2047927031508
2207,10825,0.125,0.783375,0.9811348030357788,0.6896551724137931,1550.0722068542484
2208,6601,0.125,0.6515625,0.6552355137935189,0.8275862068965517,1549.9735161290323
2209,19012,0.3625,0.915,0.8984941573304421,0.9655172413793103,1549.8731177446102
2210,22288,0.375,0.7837500000000001,0.9813155041561258,0.8275862068965517,1549.8125967741935
2211,4537,0.6125,0.28125,0.7389965064450066,0.0,1549.7884415145184
2212,12520,0.6125,0.75,0.62643055053608,0.9655172413793103,1549.7073797678274
2213,4330,0.6125,0.301878125,0.8718226719672328,0.0,1549.6178015532332
2214,12703,0.6125,0.871875,0.8586917238886881,0.6896551724137931,1549.3832576877621
2215,20336,0.582925,0.8943125000000001,0.9233224912661124,0.9655172413793103,1549.375688225539
2216,18351,0.3625,0.7056875,0.882231056499217,0.8275862068965517,1549.1676774193547
2217,14042,0.875,0.9252812499999999,0.7551740754126008,0.9655172413793103,1549.0438971807628
2218,15934,0.6125,0.3337375,0.7784001927478615,0.0,1548.9353099640769
2219,13728,0.8625,0.7382187499999999,0.8647873750150584,0.8275862068965517,1548.8450322580645
2220,12484,0.6125,0.70125,0.7658836284784966,0.9655172413793103,1548.7126036484246
2221,12686,0.6125,0.903125,0.8796530538489338,0.6896551724137931,1548.522088455106
2222,11214,0.125,0.814625,0.9998795325864354,0.6896551724137931,1548.522036778751
2223,3917,0.375,0.3125,0.6508384531984098,0.8275862068965517,1548.361193548387
2224,13202,0.625,0.67396875,0.6938103842910492,0.8275862068965517,1548.3605161290322
2225,12369,0.6125,0.8634375000000001,0.9629442235875195,0.9655172413793103,1548.2148590381425
2226,6597,0.125,0.6314062500000001,0.7209938561619081,0.8275862068965517,1548.1992903225807
2227,11539,0.3625,0.78825,0.8749909649439825,0.8275862068965517,1548.038629032258
2228,10487,0.1125,0.73971875,0.8335742681604624,0.6896551724137931,1547.8332081904266
2229,1692,0.75,0.78125,0.6023370678231538,0.8275862068965517,1547.7161451612903
2230,9629,0.875,0.6453125,0.6612275629442236,0.8275862068965517,1547.5544516129032
2231,4921,0.625,0.3421875,0.7468979641007107,0.0,1547.3997209524714
2232,10424,0.1125,0.79984375,0.9989157932779182,0.8275862068965517,1547.3934677419354
2233,13083,0.625,0.84375,0.62643055053608,0.8275862068965517,1547.2323387096774
2234,645,0.0625,0.328125,0.62643055053608,0.0,1547.229080991186
2235,13526,0.8625,0.75,0.6813612817732804,0.6896551724137931,1547.1442417984888
2236,8999,0.6125,0.59375,0.6827141308276111,0.8275862068965517,1547.0709677419354
2237,20443,0.625,0.89625,0.933249006143838,0.6896551724137931,1546.9719183796087
2238,121,0.9375,0.859375,0.62643055053608,0.8275862068965517,1546.9097580645162
2239,2168,0.0,0.671875,0.62643055053608,0.9655172413793103,1546.7226036484246
2240,11761,0.3625,0.6891875,0.8427538850740873,0.6896551724137931,1546.455327082906
2241,10509,0.1125,0.778125,0.650786652210577,0.6896551724137931,1546.455258181099
2242,13562,0.8625,0.809375,0.752969521744368,0.8275862068965517,1546.4259516129032
2243,11485,0.3625,0.715625,0.62643055053608,0.6896551724137931,1546.2829864385742
2244,13186,0.625,0.70125,0.7658836284784966,0.9655172413793103,1546.2253067993367
2245,8992,0.6125,0.59859375,0.7859414528370076,0.8275862068965517,1546.103435483871
2246,1953,0.0,0.984375,0.6023370678231538,0.6896551724137931,1545.9385290807827
2247,11986,0.375,0.934375,0.789519335019877,0.6896551724137931,1545.7662056619026
2248,17751,0.375,0.92440625,0.8635586073966991,0.9655172413793103,1545.7275787728026
2249,12127,0.375,0.778125,0.8456330562582821,0.8275862068965517,1545.6195322580645
2250,24262,0.375,0.81503125,0.9998554391037224,0.9655172413793103,1545.5617412935324
2251,13656,0.8625,0.9375,0.62643055053608,0.9655172413793103,1545.4922056384744
2252,12950,0.625,0.7252500000000001,0.8892302132273219,0.6896551724137931,1545.4218688822732
2253,11678,0.3625,0.903125,0.8796530538489338,0.6896551724137931,1545.249562688845
2254,17775,0.6125,0.9244375,0.8634501867244909,0.9655172413793103,1545.2301160862355
2255,3712,0.3625,0.16053125,0.9588001445608962,0.0,1545.1816232877134
2256,11214,0.125,0.814625,0.9998795325864354,0.9655172413793103,1545.0642951907132
2257,2313,0.1125,0.2550875,0.9567642452716538,0.0,1545.0110003904242
2258,17995,0.6125,0.0931125,0.9203228526683531,0.0,1544.8403092371507
2259,11474,0.3625,0.692,0.7440320443320082,0.8275862068965517,1544.8132258064516
2260,22360,0.625,0.7837500000000001,0.9813155041561258,0.8275862068965517,1544.8130806451613
2261,11314,0.125,0.83375,0.9009275990844476,0.6896551724137931,1544.7328680394319
2262,10913,0.125,0.66328125,0.762462353933261,0.9655172413793103,1544.5666500829188
2263,17928,0.125,0.0931125,0.9203228526683531,0.13793103448275862,1544.5265217391304
2264,5566,0.8625,0.3125,0.6752463558607397,0.13793103448275862,1544.5265217391304
2265,11984,0.375,0.934375,0.7469943380315623,0.8275862068965517,1544.4905
2266,8904,0.6125,0.3453125,0.6552355137935189,0.0,1544.328525865264
2267,3793,0.375,0.07740312499999999,0.8288158053246596,0.0,1544.3284576092794
2268,13144,0.625,0.778125,0.8699915672810504,0.9655172413793103,1544.2352570480928
2269,12581,0.6125,0.840625,0.7981448018311047,0.8275862068965517,1544.168129032258
2270,12973,0.625,0.8901562500000001,0.8770148174918684,0.8275862068965517,1544.0067903225806
2271,13516,0.8625,0.746875,0.7615106613661005,0.6896551724137931,1543.8717332576791
2272,12945,0.625,0.66965625,0.6958065293338151,0.9655172413793103,1543.737512437811
2273,10726,0.1125,0.684375,0.7872545476448619,0.9655172413793103,1543.572056384743
2274,10178,0.8625,0.36146875,0.6938103842910492,0.0,1543.4753943148226
2275,12799,0.6125,0.76496875,0.96883508011083,0.6896551724137931,1543.1826979639343
2276,17383,0.625,0.31186250000000004,0.831478135164438,0.0,1543.1341314562483
2277,848,0.5,0.109375,0.62643055053608,0.0,1542.9635256229553
2278,13150,0.625,0.75,0.6813612817732804,0.6896551724137931,1542.838292282498
2279,13302,0.625,0.8634375000000001,0.9629442235875195,0.9655172413793103,1542.5769485903813
2280,24290,0.4046875,0.81384375,0.9999277195518612,0.6896551724137931,1542.4937832483515
2281,19012,0.3625,0.915,0.8984941573304421,0.6896551724137931,1542.3215115058265
2282,13339,0.8625,0.78771875,0.9674978918202626,0.9655172413793103,1542.2453731343282
2283,11802,0.3625,0.7737499999999999,0.9005421033610408,0.8275862068965517,1542.0715161290323
2284,11154,0.125,0.71875,0.655524635586074,0.6896551724137931,1541.8049202091238
2285,11119,0.125,0.778125,0.8456330562582821,0.8275862068965517,1541.7489516129033
2286,11142,0.125,0.746875,0.8155402963498374,0.6896551724137931,1541.632648466599
2287,18072,0.625,0.0931125,0.9203228526683531,0.13793103448275862,1541.628260869565
2288,14177,0.875,0.73971875,0.8335742681604624,0.9655172413793103,1541.5821558872306
2289,20443,0.625,0.89625,0.933249006143838,0.9655172413793103,1541.582056384743
2290,13204,0.625,0.6546875,0.716781110709553,0.9655172413793103,1541.5818739635158
2291,13549,0.8625,0.78125,0.7245512588844717,0.6896551724137931,1541.4603939495257
2292,12567,0.6125,0.8125,0.7023551379351886,0.6896551724137931,1541.460376724074
2293,11671,0.3625,0.934375,0.7469943380315623,0.8275862068965517,1541.2650161290323
2294,5216,0.625,0.18979375,0.9878207444886157,0.0,1541.2572966500645
2295,11771,0.3625,0.746875,0.9282857487049753,0.8275862068965517,1541.1039193548388
2296,8611,0.625,0.625,0.7240621611853992,0.8275862068965517,1541.1038387096773
2297,4568,0.6125,0.3390625,0.7157583423683893,0.0,1541.0866737527754
2298,24262,0.375,0.81503125,0.9998554391037224,0.6896551724137931,1540.9435787219506
2299,9453,0.875,0.375,0.7059462715335502,0.8275862068965517,1540.9425483870968
2300,1801,0.0625,0.90625,0.6023370678231538,0.9655172413793103,1540.9188059701492
2301,12245,0.375,0.65996875,0.7669437417178653,0.9655172413793103,1540.9187893864014
2302,21595,0.125,0.85565625,0.9821949162751474,0.6896551724137931,1540.771410332136
2303,20301,0.3625,0.89625,0.933249006143838,0.6896551724137931,1540.5991385896111
2304,12690,0.6125,0.8903125,0.8349837368991687,0.9655172413793103,1540.5871973466003
2305,13270,0.625,0.92609375,0.8357908685700518,0.9655172413793103,1540.5870978441128
2306,4277,0.6125,0.2384375,0.9629442235875195,0.0,1540.574770932916
2307,12782,0.6125,0.72715625,0.8990362606914829,0.6896551724137931,1540.426987425248
2308,6003,0.875,0.21875,0.62643055053608,0.0,1540.4041821636192
2309,11456,0.3625,0.6546875,0.716781110709553,0.9655172413793103,1540.2552902155887
2310,6342,0.125,0.64378125,0.7470545717383447,0.6896551724137931,1540.081909951195
2311,12176,0.375,0.6875,0.7324515118660402,0.8275862068965517,1539.9751612903226
2312,12089,0.375,0.82659375,0.8773762197325623,0.8275862068965517,1539.9748387096774
2313,13488,0.8625,0.6875,0.62643055053608,0.0,1539.8923646637404
2314,24210,0.17246625,0.8243750000000001,0.9984098301409469,0.8275862068965517,1539.4911612903227
2315,10698,0.1125,0.71875,0.8360558968798939,0.8275862068965517,1539.491129032258
2316,10809,0.1125,0.78125,0.8838935068064088,0.9655172413793103,1539.4264344941957
2317,12178,0.375,0.70125,0.7658836284784966,0.6896551724137931,1539.3937359300357
2318,10758,0.1125,0.72703125,0.9224189856643776,0.9655172413793103,1539.2605970149255
2319,13936,0.875,0.684375,0.8297072641850378,0.6896551724137931,1539.2213780602522
2320,12001,0.375,0.9640625,0.7157583423683893,0.8275862068965517,1539.1685967741935
2321,4814,0.625,0.07712812499999999,0.8743645343934465,0.0,1539.0391648573143
2322,17311,0.375,0.31186250000000004,0.831478135164438,0.0,1538.8685760880176
2323,14090,0.875,0.84375,0.8456330562582821,0.8275862068965517,1538.6847258064515
2324,11186,0.125,0.67396875,0.6938103842910492,0.8275862068965517,1538.6842096774194
2325,1572,0.75,0.65625,0.6023370678231538,0.9655172413793103,1538.5974129353233
2326,12870,0.625,0.76496875,0.96883508011083,0.6896551724137931,1538.5322910901523
2327,15651,0.6125,0.65878125,0.7456993133357427,0.8275862068965517,1538.523629032258
2328,12888,0.625,0.746875,0.8618600168654379,0.8275862068965517,1538.3622419354838
2329,13834,0.8625,0.783375,0.9811348030357788,0.6896551724137931,1538.3600710239825
2330,8151,0.3625,0.366625,0.7092350319238645,0.0,1538.1860844988612
2331,2845,0.125,0.23395937500000002,0.9138296590772196,0.0,1538.186067434865
2332,10561,0.1125,0.840625,0.7000216841344417,0.8275862068965517,1538.0396774193548
2333,13090,0.625,0.840625,0.7245512588844717,0.8275862068965517,1537.8784032258066
2334,21927,0.625,0.1618625,0.9827611131189014,0.0,1537.844838704283
2335,17,0.875,0.96875,0.62643055053608,0.8275862068965517,1537.7171129032258
2336,10674,0.1125,0.8903125,0.8349837368991687,0.9655172413793103,1537.6024212271973
2337,23000,0.8328875,0.8505312500000001,0.9738103842910492,0.9655172413793103,1537.6024046434495
2338,4110,0.375,0.301878125,0.8718226719672328,0.0,1537.5035758457086
2339,6250,0.875,0.208765625,0.9009275990844476,0.0,1537.3329700124157
2340,5721,0.8625,0.153125,0.9116251054089869,0.0,1537.3329529484197
2341,7675,0.375,0.3453125,0.6552355137935189,0.0,1537.1623471151267
2342,3946,0.375,0.25,0.842561137212384,0.0,1536.6504784232595
2343,14202,0.875,0.684375,0.6996542585230695,0.8275862068965517,1536.5879193548387
2344,12526,0.6125,0.778125,0.675142753885074,0.9655172413793103,1536.2758706467662
2345,21595,0.125,0.85565625,0.9821949162751474,0.9655172413793103,1536.2758374792704
2346,20624,0.832825,0.138040625,0.9671846765449945,0.0,1536.1386097313923
2347,12968,0.625,0.871875,0.8586917238886881,0.6896551724137931,1536.1209862329022
2348,10579,0.1125,0.84375,0.62643055053608,0.9655172413793103,1535.9442454394693
2349,12447,0.6125,0.74884375,0.9653294783760993,0.9655172413793103,1535.7783582089553
2350,4354,0.6125,0.13098749999999998,0.9729671123960967,0.0,1535.6266557195443
2351,21602,0.31513749999999996,0.8619375,0.9767738826647391,0.8275862068965517,1535.6205806451612
2352,20301,0.3625,0.89625,0.933249006143838,0.9655172413793103,1535.612520729685
2353,12325,0.375,0.9375,0.8084809059149499,0.9655172413793103,1535.612504145937
2354,13393,0.8625,0.88815625,0.8866401638356823,0.8275862068965517,1535.4592741935485
2355,1565,0.3125,0.65625,0.6023370678231538,0.6896551724137931,1535.4321748700297
2356,10446,0.1125,0.6546875,0.6565474039272376,0.8275862068965517,1535.2977903225806
2357,11964,0.375,0.896625,0.8892302132273219,0.9655172413793103,1535.280912106136
2358,1571,0.6875,0.65625,0.6023370678231538,0.6896551724137931,1535.2599375784082
2359,12764,0.6125,0.7088125,0.8888085772798457,0.6896551724137931,1535.2599031275047
2360,22879,0.1487175,0.8478125000000001,0.9757137694253704,0.8275862068965517,1534.9754677419355
2361,13266,0.625,0.90625,0.8586073966991927,0.8275862068965517,1534.4916612903226
2362,7609,0.375,0.6515625,0.6955848692928562,0.8275862068965517,1534.491177419355
2363,13088,0.625,0.840625,0.7736176364293459,0.8275862068965517,1534.3304032258065
2364,3556,0.3625,0.3390625,0.7157583423683893,0.0,1534.0911349639232
2365,9616,0.875,0.621875,0.65293579086857,0.8275862068965517,1534.0081129032258
2366,12890,0.625,0.746875,0.906143838091796,0.9655172413793103,1533.9543781094528
2367,12978,0.625,0.8903125,0.8349837368991687,0.9655172413793103,1533.9543449419568
2368,17917,0.15458624999999998,0.079471875,0.8795687266594386,0.0,1533.9205120666343
2369,12161,0.375,0.73971875,0.8335742681604624,0.6896551724137931,1533.8820047945321
2370,6342,0.125,0.64378125,0.7470545717383447,0.9655172413793103,1533.7879767827528
2371,23762,0.12499999999999992,0.19003125,0.9998554391037224,0.0,1533.749855041353
2372,10345,0.1125,0.8190937500000001,0.9718949524153715,0.9655172413793103,1533.62271973466
2373,13625,0.8625,0.875,0.842561137212384,0.6896551724137931,1533.3651895669573
2374,12294,0.375,0.8634375000000001,0.9629442235875195,0.9655172413793103,1533.2909950248757
2375,12907,0.625,0.7088125,0.8888085772798457,0.6896551724137931,1533.1930728534976
2376,12160,0.375,0.732625,0.8236477532827369,0.6896551724137931,1533.193055628046
2377,13399,0.8625,0.875,0.884001927478617,0.8275862068965517,1533.040177419355
2378,5138,0.625,0.189640625,0.9998795325864354,0.0,1532.8967405549074
2379,12586,0.6125,0.84375,0.8456330562582821,0.8275862068965517,1532.878870967742
2380,11155,0.125,0.71875,0.6846187206360679,0.9655172413793103,1532.7936650082918
2381,13575,0.8625,0.8125,0.7023551379351886,0.8275862068965517,1532.7176290322582
2382,2153,0.0,0.90625,0.62643055053608,0.6896551724137931,1532.6762231750195
2383,12126,0.375,0.778125,0.62643055053608,0.8275862068965517,1532.5563548387097
2384,3868,0.375,0.27164062499999997,0.8892302132273219,0.0,1532.3848889270364
2385,11388,0.3625,0.912875,0.8218527888206241,0.8275862068965517,1532.2337580645162
2386,1044,0.5625,0.109375,0.6023370678231538,0.0,1532.2142830937435
2387,11970,0.375,0.8903125,0.8349837368991687,0.9655172413793103,1532.1303150912106
2388,9153,0.6125,0.375,0.7059462715335502,0.8275862068965517,1532.0725161290322
2389,10917,0.125,0.67996875,0.817094325984821,0.6896551724137931,1531.9874462630503
2390,11587,0.3625,0.84375,0.62643055053608,0.6896551724137931,1531.6428855525485
2391,11706,0.3625,0.71875,0.8360558968798939,0.8275862068965517,1531.5887096774193
2392,13815,0.8625,0.7606875,0.9339838573665823,0.9655172413793103,1531.4670315091212
2393,19854,0.125,0.26811250000000003,0.9252258764004336,0.0,1531.0199228127199
2394,3802,0.375,0.07712812499999999,0.8743645343934465,0.0,1531.0198886847277
2395,11197,0.125,0.9330937499999999,0.8562823756173954,0.6896551724137931,1530.9538502588039
2396,5210,0.625,0.2384375,0.9629442235875195,0.0,1530.8492657874385
2397,19024,0.14878625,0.90409375,0.91972051560053,0.9655172413793103,1530.8037479270315
2398,14082,0.875,0.84375,0.650786652210577,0.8275862068965517,1530.7823709677418
2399,10541,0.1125,0.809375,0.8289001325141548,0.8275862068965517,1530.6210806451613
2400,10949,0.125,0.8525625,0.8764004336826888,0.8275862068965517,1530.298435483871
2401,13704,0.8625,0.896625,0.8892302132273219,0.6896551724137931,1530.2649355432209
2402,13251,0.625,0.671,0.8049271172147935,0.8275862068965517,1529.9760322580646
2403,22238,0.3625,0.7837500000000001,0.9813155041561258,0.8275862068965517,1529.975870967742
2404,10884,0.125,0.715625,0.8148897723165883,0.8275862068965517,1529.8147419354839
2405,13602,0.8625,0.84375,0.650786652210577,0.8275862068965517,1529.8147419354839
2406,11859,0.375,0.778125,0.9116251054089869,0.8275862068965517,1529.8146935483871
2407,2007,1.0,0.671875,0.6023370678231538,0.9655172413793103,1529.808839137645
2408,10756,0.1125,0.709,0.8218527888206241,0.6896551724137931,1529.7483442465182
2409,20265,0.3625,0.87753125,0.9473196000481869,0.6896551724137931,1529.7482064429046
2410,6272,0.125,0.625,0.7660281893747741,0.8275862068965517,1529.6533548387097
2411,14152,0.875,0.778125,0.8699915672810504,0.9655172413793103,1529.6430182421227
2412,13856,0.875,0.78125,0.8838935068064088,0.6896551724137931,1529.5760036021866
2413,8593,0.625,0.59375,0.6827141308276111,0.8275862068965517,1529.4920806451612
2414,13774,0.8625,0.715625,0.8586073966991927,0.8275862068965517,1529.3309032258064
2415,9982,0.8625,0.6515625,0.6552355137935189,0.8275862068965517,1529.3304193548388
2416,1042,0.4375,0.109375,0.6023370678231538,0.0,1529.313693839829
2417,14324,0.875,0.8341875,0.9831104686182388,0.9655172413793103,1529.1454892205638
2418,5588,0.8625,0.33519375,0.6691205878809782,0.0,1529.143053878544
2419,23584,0.375,0.805625,0.9877002770750511,0.6896551724137931,1529.0592572764183
2420,12968,0.625,0.871875,0.8586917238886881,0.9655172413793103,1528.813880597015
2421,10825,0.125,0.783375,0.9811348030357788,0.9655172413793103,1528.813880597015
2422,10518,0.1125,0.778125,0.8699915672810504,0.6896551724137931,1528.7148343695303
2423,11756,0.3625,0.7088125,0.8888085772798457,0.6896551724137931,1528.5426487542638
2424,19062,0.6125,0.9025624999999999,0.9091555234309118,0.9655172413793103,1528.4822056384744
2425,3417,0.3625,0.125,0.8461510661366101,0.0,1528.4605622893876
2426,997,0.4375,0.0625,0.6023370678231538,0.0,1528.4605452253916
2427,12672,0.6125,0.95796875,0.7352017829177208,0.8275862068965517,1528.3632258064515
2428,5956,0.875,0.28125,0.6545717383447777,0.0,1528.2899052641062
2429,4944,0.625,0.28125,0.6545717383447777,0.0,1528.1192823668173
2430,10727,0.1125,0.684375,0.8084809059149499,0.6896551724137931,1528.0260230066579
2431,11695,0.3625,0.871875,0.8586917238886881,0.6896551724137931,1528.025833526689
2432,11863,0.375,0.77153125,0.9739549451873267,0.6896551724137931,1528.0258163012372
2433,181,0.9375,0.796875,0.62643055053608,0.8275862068965517,1527.8794193548388
2434,8625,0.625,0.6314062500000001,0.7209938561619081,0.8275862068965517,1527.7176129032257
2435,13580,0.8625,0.8195625,0.8788820624021202,0.6896551724137931,1527.6813244925424
2436,21682,0.5888,0.860375,0.9781833514034453,0.8275862068965517,1527.5568548387096
2437,1785,0.9375,0.875,0.6023370678231538,0.6896551724137931,1527.509138877276
2438,12871,0.625,0.77153125,0.9739549451873267,0.6896551724137931,1527.5091044263727
2439,13032,0.625,0.915875,0.7761354053728465,0.8275862068965517,1527.395564516129
2440,12183,0.375,0.6875,0.7059462715335502,0.8275862068965517,1527.3085483870968
2441,2493,0.1125,0.25,0.8155402963498374,0.0,1527.266184944368
2442,4429,0.6125,0.125,0.8461510661366101,0.0,1526.754333316497
2443,6176,0.875,0.321203125,0.8040477050957715,0.0,1526.5836933552116
2444,1564,0.25,0.65625,0.6023370678231538,0.9655172413793103,1526.492504145937
2445,17856,0.8625,0.936875,0.8462594868088182,0.8275862068965517,1526.2666451612904
2446,10317,0.1125,0.796375,0.9402361161305867,0.8275862068965517,1526.2666451612904
2447,12950,0.625,0.7252500000000001,0.8892302132273219,0.9655172413793103,1526.1608126036485
2448,10509,0.1125,0.778125,0.650786652210577,0.9655172413793103,1525.994975124378
2449,13766,0.8625,0.6875,0.8107697867726779,0.6896551724137931,1525.9590032526821
2450,1562,0.125,0.65625,0.6023370678231538,0.9655172413793103,1525.8292537313432
2451,12782,0.6125,0.72715625,0.8990362606914829,0.9655172413793103,1525.8291708126037
2452,11924,0.375,0.6756562500000001,0.8040477050957715,0.9655172413793103,1525.6633830845772
2453,5944,0.875,0.3125,0.62643055053608,0.8275862068965517,1525.6214677419355
2454,845,0.6875,0.109375,0.62643055053608,0.0,1525.5599900994694
2455,10740,0.1125,0.6938125,0.7626671485363209,0.8275862068965517,1525.460306451613
2456,21730,0.8625,0.85565625,0.9698831466088423,0.8275862068965517,1525.4602258064517
2457,1935,0.0,0.703125,0.6023370678231538,0.8275862068965517,1525.2989677419355
2458,17918,0.125,0.07753125000000001,0.8752680399951813,0.0,1525.218727240895
2459,3214,0.125,0.208765625,0.9009275990844476,0.0,1525.0481214076021
2460,5054,0.625,0.125,0.8461510661366101,0.0,1525.0481043436062
2461,14221,0.875,0.9330937499999999,0.8562823756173954,0.8275862068965517,1524.9764193548388
2462,11603,0.3625,0.875,0.7615106613661005,0.8275862068965517,1524.9764193548388
2463,5957,0.875,0.28125,0.6827141308276111,0.0,1524.877481446317
2464,5575,0.8625,0.3421875,0.7468979641007107,0.0,1524.877481446317
2465,3192,0.125,0.18979375,0.9878207444886157,0.0,1524.536252715735
2466,22978,0.5888125,0.8385,0.9932779183230935,0.9655172413793103,1524.5025538971809
2467,12484,0.6125,0.70125,0.7658836284784966,0.6896551724137931,1524.4090743335084
2468,12334,0.6125,0.80071875,0.9265992049150704,0.6896551724137931,1524.4088848535398
2469,2941,0.125,0.25,0.7615106613661005,0.0,1524.365629818446
2470,10917,0.125,0.67996875,0.817094325984821,0.9655172413793103,1524.3368656716418
2471,11154,0.125,0.71875,0.655524635586074,0.9655172413793103,1524.336815920398
2472,14324,0.875,0.8341875,0.9831104686182388,0.6896551724137931,1524.2365786601113
2473,17733,0.125,0.936875,0.8462594868088182,0.8275862068965517,1524.0088064516128
2474,11110,0.125,0.78125,0.7000216841344417,0.8275862068965517,1523.8475483870968
2475,11528,0.3625,0.78125,0.8471991326346222,0.8275862068965517,1523.6862903225806
2476,2897,0.125,0.3421875,0.7468979641007107,0.0,1523.6831211652934
2477,11448,0.3625,0.68878125,0.8562823756173954,0.8275862068965517,1523.3638548387096
2478,9447,0.875,0.366625,0.7092350319238645,0.0,1523.3419094987075
2479,5396,0.8625,0.059375,0.62643055053608,0.0,1523.3413975788237
2480,11947,0.375,0.71875,0.8360558968798939,0.8275862068965517,1522.8798870967742
2481,7125,0.1125,0.375,0.7059462715335502,0.8275862068965517,1522.8798870967742
2482,6595,0.125,0.6515625,0.6955848692928562,0.8275862068965517,1522.8794032258065
2483,17099,0.6125,0.69625,0.8605951090230093,0.6896551724137931,1522.8588353562043
2484,12899,0.625,0.6891875,0.8427538850740873,0.9655172413793103,1522.5128026533996
2485,17986,0.375,0.0931125,0.9069871099867486,0.0,1522.4887608842698
2486,6064,0.875,0.153125,0.8699915672810504,0.0,1522.4887608842698
2487,13554,0.8625,0.78125,0.8717383447777376,0.8275862068965517,1522.3960806451612
2488,5526,0.8625,0.246875,0.8186844958438743,0.0,1522.318137986981
2489,88,0.1875,0.90625,0.62643055053608,0.8275862068965517,1522.2347580645162
2490,12857,0.625,0.8026562500000001,0.9049150704734369,0.8275862068965517,1522.0735
2491,13186,0.625,0.70125,0.7658836284784966,0.6896551724137931,1521.8255494100886
2492,21640,0.375,0.8712500000000001,0.9547885796891941,0.8275862068965517,1521.750935483871
2493,13505,0.8625,0.71875,0.6846187206360679,0.9655172413793103,1521.5178441127696
2494,20362,0.6125,0.87753125,0.9473196000481869,0.6896551724137931,1521.3085791534484
2495,11710,0.3625,0.7252500000000001,0.8892302132273219,0.6896551724137931,1521.1364107636336
2496,19221,0.3625,0.102578125,0.936369112155162,0.0,1520.9531036166798
2497,11695,0.3625,0.871875,0.8586917238886881,0.9655172413793103,1520.8544776119404
2498,4679,0.6125,0.07740312499999999,0.8288158053246596,0.0,1520.7824977833868
2499,12336,0.6125,0.9375,0.8084809059149499,0.8275862068965517,1520.6219677419356
2500,10845,0.125,0.7606875,0.9339838573665823,0.6896551724137931,1520.6196472124138
2501,18040,0.8625,0.07753125000000001,0.8752680399951813,0.0,1520.61190901409
2502,105,0.0625,0.890625,0.62643055053608,0.8275862068965517,1520.4607741935483
2503,7583,0.375,0.59859375,0.7859414528370076,0.8275862068965517,1520.2996129032258
2504,19062,0.6125,0.9025624999999999,0.9091555234309118,0.6896551724137931,1520.2751209528155
2505,7964,0.3625,0.625,0.7240621611853992,0.8275862068965517,1520.1382096774194
2506,12519,0.6125,0.75,0.6538959161546801,0.8275862068965517,1519.8156612903226
2507,2532,0.1125,0.3125,0.62643055053608,0.8275862068965517,1519.8155967741936
2508,994,0.25,0.0625,0.6023370678231538,0.0,1519.7587774636486
2509,20342,0.40466250000000004,0.8943125000000001,0.9233224912661124,0.9655172413793103,1519.6937479270316
2510,10783,0.1125,0.76496875,0.96883508011083,0.8275862068965517,1519.6543225806452
2511,12569,0.6125,0.8125,0.6517383447777376,0.9655172413793103,1519.527960199005
2512,13162,0.625,0.746875,0.7074798217082279,0.8275862068965517,1519.4931451612904
2513,2721,0.125,0.184375,0.92149138657993,0.0,1519.4175487330665
2514,13034,0.625,0.9252812499999999,0.7551740754126008,0.6896551724137931,1519.4138483674492
2515,2978,0.125,0.215625,0.8717383447777376,0.0,1519.2469428997736
2516,13904,0.875,0.709,0.8218527888206241,0.6896551724137931,1519.0695977150783
2517,7265,0.1125,0.625,0.7660281893747741,0.8275862068965517,1518.8483064516129
2518,11139,0.125,0.75,0.8186844958438743,0.6896551724137931,1518.7250370045767
2519,13365,0.8625,0.840625,0.9361402240693892,0.8275862068965517,1518.6867903225807
2520,6404,0.125,0.36146875,0.6938103842910492,0.0,1518.2232055160391
2521,6189,0.875,0.28125,0.8148897723165883,0.0,1518.2232055160391
2522,4198,0.375,0.2384375,0.9629442235875195,0.0,1518.0525484907578
2523,14197,0.875,0.6875,0.65293579086857,0.9655172413793103,1518.0350746268657
2524,4204,0.375,0.18979375,0.9878207444886157,0.0,1517.881959721461
2525,2153,0.0,0.90625,0.62643055053608,0.9655172413793103,1517.8697014925374
2526,4091,0.375,0.059375,0.6752463558607397,0.27586206896551724,1517.7722727272728
2527,19801,0.625,0.743125,0.9584507890615589,0.8275862068965517,1517.7191451612903
2528,13834,0.8625,0.783375,0.9811348030357788,0.9655172413793103,1517.7038805970149
2529,24192,0.3625,0.81190625,1.0,0.6896551724137931,1517.3470697697974
2530,6175,0.875,0.3125,0.8297072641850378,0.0,1517.1994851963009
2531,11151,0.125,0.71875,0.8009998795325863,0.8275862068965517,1517.0740161290323
2532,11504,0.3625,0.746875,0.62643055053608,0.8275862068965517,1517.0739677419356
2533,12224,0.375,0.79984375,0.9989157932779182,0.8275862068965517,1517.0739193548386
2534,12764,0.6125,0.7088125,0.8888085772798457,0.9655172413793103,1517.040713101161
2535,10339,0.1125,0.8341875,0.9831104686182388,0.9655172413793103,1517.0405638474294
2536,12696,0.6125,0.896625,0.8892302132273219,0.6896551724137931,1516.8304267967394
2537,20275,0.14869125,0.8915625,0.9276713648957956,0.9655172413793103,1516.7089718076286
2538,2580,0.1125,0.27164062499999997,0.8892302132273219,0.0,1516.6875823764412
2539,10904,0.125,0.678125,0.7455559571136007,0.6896551724137931,1516.658602915959
2540,12369,0.6125,0.8634375000000001,0.9629442235875195,0.6896551724137931,1516.4858833116896
2541,9383,0.875,0.63753125,0.7463052644259728,0.6896551724137931,1516.4847119809735
2542,23584,0.375,0.805625,0.9877002770750511,0.9655172413793103,1516.2114925373135
2543,13091,0.625,0.840625,0.7000216841344417,0.8275862068965517,1515.945112903226
2544,12676,0.6125,0.934375,0.7682568365257197,0.6896551724137931,1515.7968996943
2545,12557,0.6125,0.809375,0.8289001325141548,0.8275862068965517,1515.622564516129
2546,2628,0.1125,0.059375,0.8297072641850378,0.0,1515.4932220954179
2547,11574,0.3625,0.840625,0.8226719672328634,0.8275862068965517,1515.4613387096774
2548,17825,0.833,0.9380625,0.8281532345500542,0.8275862068965517,1515.3000322580644
2549,5456,0.8625,0.15625,0.8471991326346222,0.0,1515.1520104288318
2550,5953,0.875,0.295615625,0.7658836284784966,0.0,1515.151890980859
2551,21683,0.5651375,0.8619375,0.9767738826647391,0.8275862068965517,1515.1387580645162
2552,3502,0.3625,0.246875,0.8186844958438743,0.0,1514.9813704675466
2553,11679,0.3625,0.903125,0.8578604987350921,0.8275862068965517,1514.9774838709677
2554,12907,0.625,0.7088125,0.8888085772798457,0.9655172413793103,1514.8850580431179
2555,11960,0.375,0.871875,0.8586917238886881,0.6896551724137931,1514.763562071829
2556,13766,0.8625,0.6875,0.8107697867726779,0.9655172413793103,1514.7191376451078
2557,13953,0.875,0.66965625,0.6958065293338151,0.6896551724137931,1514.5909802711733
2558,11761,0.3625,0.6891875,0.8427538850740873,0.9655172413793103,1514.553399668325
2559,13526,0.8625,0.75,0.6813612817732804,0.9655172413793103,1514.387529021559
2560,13625,0.8625,0.875,0.842561137212384,0.9655172413793103,1514.2216417910447
2561,11489,0.3625,0.71875,0.6846187206360679,0.6896551724137931,1513.9024789664315
2562,3817,0.375,0.04685281249999999,0.7463052644259728,0.27586206896551724,1513.833409090909
2563,23791,0.6125,0.18690625,0.9879532586435369,0.27586206896551724,1513.833409090909
2564,5841,0.875,0.04685281249999999,0.7463052644259728,0.27586206896551724,1513.833393939394
2565,1960,0.5625,0.0,0.6023370678231538,0.27586206896551724,1513.6819090909091
2566,5756,0.875,0.184375,0.9436453439344656,0.0,1513.6163872892341
2567,23007,0.625,0.8525,0.97237682206963,0.9655172413793103,1513.5583416252073
2568,12396,0.6125,0.912875,0.8218527888206241,0.8275862068965517,1513.525935483871
2569,17099,0.6125,0.69625,0.8605951090230093,0.9655172413793103,1513.3926533996682
2570,12048,0.375,0.875,0.7344970485483676,0.6896551724137931,1513.3856809643084
2571,10339,0.1125,0.8341875,0.9831104686182388,0.6896551724137931,1513.3856292879532
2572,24184,0.3328125,0.81384375,0.9878809781953981,0.8275862068965517,1513.3647258064516
2573,7425,0.375,0.375,0.7059462715335502,0.8275862068965517,1513.3647258064516
2574,5970,0.875,0.25,0.842561137212384,0.0,1513.2751414946558
2575,11832,0.375,0.78984375,0.9839657872545476,0.8275862068965517,1513.2033709677419
2576,19727,0.375,0.743125,0.9584507890615589,0.8275862068965517,1513.0421774193549
2577,16690,0.375,0.0712375,0.8605951090230093,0.0,1512.9338445080894
2578,3507,0.3625,0.25,0.7615106613661005,0.27586206896551724,1512.9244242424243
2579,898,0.1875,0.0625,0.62643055053608,0.27586206896551724,1512.9243787878788
2580,11564,0.3625,0.8195625,0.8788820624021202,0.9655172413793103,1512.8950414593698
2581,20265,0.3625,0.87753125,0.9473196000481869,0.9655172413793103,1512.7292371475953
2582,1953,0.0,0.984375,0.6023370678231538,0.9655172413793103,1512.5634494195688
2583,14183,0.875,0.71875,0.62643055053608,0.6896551724137931,1512.5245461825557
2584,5146,0.625,0.13098749999999998,0.9729671123960967,0.27586206896551724,1512.4698333333333
2585,1946,0.0,0.875,0.6023370678231538,0.6896551724137931,1512.352257214579
2586,5052,0.625,0.153125,0.8699915672810504,0.0,1512.2513870469254
2587,24251,0.582875,0.8286562499999999,0.9851343211661244,0.9655172413793103,1512.231807628524
2588,13704,0.8625,0.896625,0.8892302132273219,0.9655172413793103,1512.231807628524
2589,4917,0.625,0.3390625,0.7157583423683893,0.0,1512.0807812136325
2590,11769,0.3625,0.746875,0.884001927478617,0.8275862068965517,1512.0745322580644
2591,11924,0.375,0.6756562500000001,0.8040477050957715,0.6896551724137931,1512.0078515331427
2592,8597,0.625,0.59859375,0.7859414528370076,0.8275862068965517,1511.9133225806452
2593,5553,0.8625,0.28125,0.62643055053608,0.0,1511.7394671630698
2594,22917,0.3388125,0.8385,0.9932779183230935,0.9655172413793103,1511.7343449419568
2595,21562,0.332775,0.85759375,0.9682568365257197,0.8275862068965517,1511.429435483871
2596,11107,0.125,0.8023125,0.8788820624021202,0.9655172413793103,1511.4026865671642
2597,4596,0.6125,0.278125,0.8360558968798939,0.0,1511.3982725604799
2598,18000,0.375,0.0931125,0.9203228526683531,0.0,1511.2275984712026
2599,1002,0.75,0.0625,0.6023370678231538,0.0,1511.0570097019056
2600,20435,0.8327625000000001,0.87946875,0.9448379713287555,0.6896551724137931,1510.9743588816066
2601,3924,0.375,0.309375,0.65293579086857,0.27586206896551724,1510.9549696969698
2602,2468,0.1125,0.215625,0.8717383447777376,0.27586206896551724,1510.8034242424242
2603,2257,0.1125,0.2361875,0.9339838573665823,0.27586206896551724,1510.6518939393939
2604,11756,0.3625,0.7088125,0.8888085772798457,0.9655172413793103,1510.5736981757877
2605,1891,0.0,0.015625,0.6023370678231538,0.0,1510.5451751380306
2606,22954,0.6125,0.83378125,0.9832791229972292,0.8275862068965517,1510.461758064516
2607,1816,0.0625,0.921875,0.6023370678231538,0.9655172413793103,1510.407744610282
2608,10780,0.1125,0.75,0.8807252138296592,0.8275862068965517,1510.3005161290323
2609,4248,0.6125,0.2045125,0.9166606432959884,0.27586206896551724,1510.197409090909
2610,1231,0.0625,0.3125,0.6023370678231538,0.27586206896551724,1510.197393939394
2611,195,0.0625,0.796875,0.62643055053608,0.8275862068965517,1509.9779838709678
2612,12134,0.375,0.778125,0.675142753885074,0.6896551724137931,1509.9409695827806
2613,13886,0.875,0.77584375,0.8808095410191542,0.6896551724137931,1509.9409523573288
2614,19225,0.12499999999999992,0.10253125,0.9362968317070233,0.27586206896551724,1509.8943484848485
2615,5603,0.8625,0.29638437500000003,0.8183471870858932,0.0,1509.8627006128704
2616,11432,0.3625,0.79984375,0.9989157932779182,0.8275862068965517,1509.8165806451614
2617,14197,0.875,0.6875,0.65293579086857,0.8275862068965517,1509.6548870967742
2618,13723,0.8625,0.71875,0.8578604987350921,0.8275862068965517,1509.4941451612904
2619,12473,0.6125,0.684375,0.6752463558607397,0.8275862068965517,1509.3335483870967
2620,5979,0.875,0.25,0.8155402963498374,0.27586206896551724,1509.2883787878789
2621,10727,0.1125,0.684375,0.8084809059149499,0.9655172413793103,1509.0813764510779
2622,10323,0.1125,0.83375,0.9009275990844476,0.6896551724137931,1508.9075286075995
2623,1816,0.0625,0.921875,0.6023370678231538,0.6896551724137931,1508.9074769312444
2624,11850,0.375,0.7737499999999999,0.9005421033610408,0.8275862068965517,1508.8490483870967
2625,3062,0.125,0.090625,0.7389965064450066,0.27586206896551724,1508.8338333333334
2626,12260,0.375,0.90625,0.9023370678231537,0.6896551724137931,1508.7352568650747
2627,12785,0.6125,0.746875,0.8618600168654379,0.8275862068965517,1508.687806451613
2628,6182,0.875,0.325021875,0.7463052644259728,0.27586206896551724,1508.682393939394
2629,13150,0.625,0.75,0.6813612817732804,0.9655172413793103,1508.5837976782752
2630,13120,0.625,0.78825,0.8749909649439825,0.8275862068965517,1508.5264677419354
2631,10496,0.1125,0.746875,0.62643055053608,0.8275862068965517,1508.5264032258065
2632,12160,0.375,0.732625,0.8236477532827369,0.9655172413793103,1508.4180099502487
2633,13302,0.625,0.8634375000000001,0.9629442235875195,0.6896551724137931,1508.3907306054764
2634,3953,0.375,0.25,0.7615106613661005,0.0,1508.3270774732728
2635,849,0.4375,0.109375,0.62643055053608,0.0,1508.3270774732728
2636,23061,0.6487125,0.8478125000000001,0.9879412119021804,0.6896551724137931,1508.2185622156617
2637,13756,0.8625,0.678125,0.7455559571136007,0.9655172413793103,1508.0866998341626
2638,12908,0.625,0.6875,0.7682568365257197,0.9655172413793103,1508.0864676616916
2639,11960,0.375,0.871875,0.8586917238886881,0.9655172413793103,1508.0862852404643
2640,2204,0.0,0.109375,0.62643055053608,0.27586206896551724,1508.076409090909
2641,8139,0.3625,0.375,0.7059462715335502,0.8275862068965517,1507.8814032258065
2642,3918,0.375,0.3125,0.6752463558607397,0.27586206896551724,1507.7733484848484
2643,13856,0.875,0.78125,0.8838935068064088,0.9655172413793103,1507.7546600331675
2644,21568,0.1547225,0.85759375,0.9682568365257197,0.6896551724137931,1507.701850340797
2645,19214,0.125,0.09940625,0.9180821587760511,0.27586206896551724,1507.6218939393939
2646,11792,0.3625,0.77153125,0.9739549451873267,0.6896551724137931,1507.5295785982719
2647,19380,0.6547875000000001,0.11616562500000001,0.955957113600771,0.27586206896551724,1507.470409090909
2648,10415,0.1125,0.865875,0.9729671123960967,0.9655172413793103,1507.4229353233832
2649,4281,0.6125,0.2361875,0.9339838573665823,0.27586206896551724,1507.1673939393938
2650,5441,0.8625,0.125,0.8461510661366101,0.27586206896551724,1507.1673939393938
2651,3584,0.3625,0.278125,0.8360558968798939,0.0,1507.132700128253
2652,13403,0.8625,0.9262812500000001,0.8589928924225997,0.9655172413793103,1507.0912935323383
2653,23,0.5,0.96875,0.62643055053608,0.8275862068965517,1507.0750161290323
2654,2005,1.0,0.703125,0.6023370678231538,0.8275862068965517,1507.0749838709678
2655,21313,0.625,0.24936250000000001,0.9637754487411154,0.0,1506.96209429496
2656,4042,0.375,0.125,0.8461510661366101,0.0,1506.9620772309638
2657,5287,0.8625,0.225353125,0.9739549451873267,0.0,1506.9620772309638
2658,13444,0.8625,0.8294374999999998,0.9969883146608842,0.8275862068965517,1506.913693548387
2659,10487,0.1125,0.73971875,0.8335742681604624,0.9655172413793103,1506.759784411277
2660,11492,0.3625,0.71875,0.8009998795325863,0.8275862068965517,1506.7524838709678
2661,13763,0.8625,0.70025,0.7775207806288399,0.8275862068965517,1506.7524516129033
2662,4942,0.625,0.300271875,0.7551740754126008,0.27586206896551724,1506.7128181818182
2663,38,0.5,0.953125,0.62643055053608,0.8275862068965517,1506.429887096774
2664,2513,0.1125,0.28125,0.7389965064450066,0.27586206896551724,1506.4099242424243
2665,4257,0.6125,0.1875,0.9575954704252498,0.27586206896551724,1506.409893939394
2666,24209,0.14872749999999998,0.8259375,0.99802433441754,0.8275862068965517,1506.2686774193548
2667,13936,0.875,0.684375,0.8297072641850378,0.9655172413793103,1506.2623714759536
2668,11621,0.3625,0.90625,0.7389965064450066,0.8275862068965517,1506.1072580645161
2669,12327,0.375,0.80071875,0.9265992049150704,0.6896551724137931,1505.979494650033
2670,3269,0.3625,0.2361875,0.9339838573665823,0.27586206896551724,1505.9553939393938
2671,20362,0.6125,0.87753125,0.9473196000481869,0.9655172413793103,1505.9305804311775
2672,19056,0.375,0.90253125,0.9092398506204071,0.6896551724137931,1505.6349511649832
2673,14017,0.875,0.9640625,0.7157583423683893,0.8275862068965517,1505.4622903225807
2674,19085,0.4047625,0.90134375,0.924587399108541,0.8275862068965517,1505.4622741935484
2675,23520,0.12499999999999992,0.79315625,0.9851222744247681,0.8275862068965517,1505.462177419355
2676,4761,0.625,0.16053125,0.9588001445608962,0.0,1505.4264882193584
2677,13818,0.8625,0.7737499999999999,0.9005421033610408,0.8275862068965517,1505.3009838709677
2678,2300,0.1125,0.336915625,0.7669437417178653,0.0,1505.2558141300808
2679,17121,0.375,0.6993750000000001,0.868027948439947,0.8275862068965517,1505.139806451613
2680,23710,0.672475,0.8025,0.9993735694494639,0.8275862068965517,1505.1397580645162
2681,10756,0.1125,0.709,0.8218527888206241,0.9655172413793103,1505.1016252072968
2682,15937,0.375,0.3337375,0.7784001927478615,0.0,1505.0852424247803
2683,5538,0.8625,0.257165625,0.8335742681604624,0.27586206896551724,1505.046409090909
2684,12245,0.375,0.65996875,0.7669437417178653,0.6896551724137931,1504.9460192239487
2685,23817,0.375,0.19003125,0.9878086977472593,0.27586206896551724,1504.894909090909
2686,18328,0.125,0.718125,0.9069871099867486,0.8275862068965517,1504.6559516129032
2687,10867,0.125,0.7693749999999999,0.8973135766775088,0.8275862068965517,1504.6558870967742
2688,5014,0.625,0.1875,0.8289001325141548,0.0,1504.573390796909
2689,21653,0.6125,0.8712500000000001,0.9547885796891941,0.8275862068965517,1504.4945967741935
2690,11454,0.3625,0.6546875,0.6565474039272376,0.8275862068965517,1504.4944193548388
2691,3957,0.375,0.246875,0.62643055053608,0.0,1504.2320767463464
2692,12159,0.375,0.71875,0.8009998795325863,0.8275862068965517,1504.1720967741935
2693,3513,0.3625,0.25,0.842561137212384,0.0,1504.0615050410458
2694,6964,0.1125,0.59859375,0.7859414528370076,0.8275862068965517,1504.0109193548387
2695,12871,0.625,0.77153125,0.9739549451873267,0.9655172413793103,1503.9407296849088
2696,4834,0.625,0.059375,0.7872545476448619,0.0,1503.8908480157645
2697,5338,0.8625,0.325859375,0.8049271172147935,0.0,1503.8908480157645
2698,11117,0.125,0.78125,0.62643055053608,0.6896551724137931,1503.740409858953
2699,11107,0.125,0.8023125,0.8788820624021202,0.6896551724137931,1503.7403754080494
2700,2304,0.1125,0.3141625,0.8399349475966751,0.0,1503.7202080544791
2701,11863,0.375,0.77153125,0.9739549451873267,0.9655172413793103,1503.609087893864
2702,44,0.12500000000000006,0.953125,0.62643055053608,0.6896551724137931,1503.5681036655244
2703,13506,0.8625,0.71875,0.655524635586074,0.6896551724137931,1503.3960041775165
2704,24195,0.3328125,0.81384375,0.9999277195518612,0.6896551724137931,1503.395918050258
2705,11326,0.3625,0.80071875,0.9265992049150704,0.6896551724137931,1503.395918050258
2706,11710,0.3625,0.7252500000000001,0.8892302132273219,0.9655172413793103,1503.2775290215588
2707,11314,0.125,0.83375,0.9009275990844476,0.9655172413793103,1503.277495854063
2708,11134,0.125,0.75,0.6813612817732804,0.6896551724137931,1503.22371520954
2709,5354,0.8625,0.21913437499999996,0.9902300927599084,0.0,1503.208339362612
2710,17909,0.12499999999999992,0.08065625,0.8821346825683652,0.27586206896551724,1503.0768787878787
2711,11506,0.3625,0.75,0.7912179255511383,0.8275862068965517,1503.0431612903226
2712,7606,0.375,0.6546875,0.6565474039272376,0.8275862068965517,1503.042935483871
2713,4514,0.6125,0.246875,0.8186844958438743,0.27586206896551724,1502.9254090909092
2714,5881,0.875,0.23395937500000002,0.9138296590772196,0.27586206896551724,1502.9253939393939
2715,10728,0.1125,0.684375,0.8297072641850378,0.6896551724137931,1502.8793267535552
2716,13369,0.8625,0.8190937500000001,0.9718949524153715,0.6896551724137931,1502.8792061753934
2717,9383,0.875,0.63753125,0.7463052644259728,0.9655172413793103,1502.7788059701493
2718,11470,0.3625,0.6875,0.67944103120106,0.8275862068965517,1502.559629032258
2719,2726,0.125,0.171346875,0.9860498735092157,0.27586206896551724,1502.4708636363637
2720,24192,0.3625,0.81190625,1.0,0.9655172413793103,1502.4483084577114
2721,24230,0.4046875,0.81384375,0.9878809781953981,0.8275862068965517,1502.2368225806451
2722,5585,0.8625,0.32720625000000003,0.6958065293338151,0.0,1502.184670234862
2723,24290,0.4046875,0.81384375,0.9999277195518612,0.9655172413793103,1502.1167330016583
2724,1003,0.8125,0.0625,0.6023370678231538,0.27586206896551724,1502.0163787878787
2725,4358,0.6125,0.10290625,0.9368871220334899,0.27586206896551724,1502.0163484848485
2726,7978,0.3625,0.59859375,0.7859414528370076,0.8275862068965517,1501.9142903225807
2727,3722,0.3625,0.158371875,0.9811348030357788,0.0,1501.8434073762878
2728,14093,0.875,0.840625,0.8471991326346222,0.8275862068965517,1501.7530161290322
2729,3213,0.125,0.2045125,0.9166606432959884,0.27586206896551724,1501.7134090909092
2730,1571,0.6875,0.65625,0.6023370678231538,0.9655172413793103,1501.6193698175787
2731,10621,0.1125,0.920625,0.7658836284784966,0.8275862068965517,1501.591629032258
2732,10858,0.125,0.75,0.9248042404529574,0.6896551724137931,1501.5013250678726
2733,12800,0.6125,0.77153125,0.9739549451873267,0.6896551724137931,1501.5012733915175
2734,7123,0.1125,0.375,0.65293579086857,0.8275862068965517,1501.4304032258065
2735,5748,0.8625,0.171346875,0.9860498735092157,0.27586206896551724,1501.4103636363636
2736,12696,0.6125,0.896625,0.8892302132273219,0.9655172413793103,1501.121807628524
2737,12023,0.375,0.90625,0.7952776773882665,0.8275862068965517,1501.1077741935485
2738,17168,0.8625,0.6838124999999999,0.8281652812914105,0.6896551724137931,1500.9847165457181
2739,7418,0.375,0.36146875,0.6938103842910492,0.0,1500.8196699925534
2740,3334,0.3625,0.189640625,0.9998795325864354,0.0,1500.819635864561
2741,19293,0.6125,0.102578125,0.936369112155162,0.0,1500.8196017365688
2742,4889,0.625,0.278125,0.8360558968798939,0.27586206896551724,1500.6528939393938
2743,19366,0.8625,0.09940625,0.9312251535959523,0.0,1500.649030031268
2744,12271,0.375,0.875,0.9282857487049753,0.8275862068965517,1500.6240806451613
2745,2486,0.1125,0.246875,0.7088266473918805,0.27586206896551724,1500.5014242424243
2746,12491,0.6125,0.715625,0.7671364895795687,0.8275862068965517,1500.3015161290323
2747,12294,0.375,0.8634375000000001,0.9629442235875195,0.6896551724137931,1500.2955778992632
2748,2224,0.1125,0.2045125,0.9166606432959884,0.27586206896551724,1500.1984242424242
2749,3497,0.3625,0.246875,0.6813612817732804,0.0,1500.1371613394008
2750,21578,0.3625,0.874375,0.9511866040236115,0.6896551724137931,1500.1234095094485
2751,13206,0.625,0.6546875,0.6565474039272376,0.8275862068965517,1499.9787258064516
2752,8441,0.625,0.375,0.65293579086857,0.48275862068965514,1499.9090699035175
2753,12799,0.6125,0.76496875,0.96883508011083,0.9655172413793103,1499.795223880597
2754,44,0.12500000000000006,0.953125,0.62643055053608,0.9655172413793103,1499.7951907131012
2755,23719,0.3625,0.18690625,0.9879532586435369,0.27586206896551724,1499.743909090909
2756,12565,0.6125,0.8125,0.752969521744368,0.8275862068965517,1499.6564516129033
2757,14110,0.875,0.8125,0.7276641368509817,0.8275862068965517,1499.6564193548388
2758,11433,0.3625,0.7924375,0.9969883146608842,0.8275862068965517,1499.495064516129
2759,10845,0.125,0.7606875,0.9339838573665823,0.9655172413793103,1499.463615257048
2760,1236,0.375,0.3125,0.6023370678231538,0.27586206896551724,1499.4409090909091
2761,1785,0.9375,0.875,0.6023370678231538,0.9655172413793103,1499.1319568822553
2762,19241,0.3328,0.11616562500000001,0.955957113600771,0.0,1499.1134410196626
2763,293,0.5,0.6875,0.62643055053608,0.6896551724137931,1499.0899513088157
2764,12458,0.6125,0.67678125,0.822816528129141,0.9655172413793103,1498.9662686567165
2765,14183,0.875,0.71875,0.62643055053608,0.9655172413793103,1498.9661857379767
2766,14340,0.875,0.9375,0.7872545476448619,0.9655172413793103,1498.966135986733
2767,12858,0.625,0.7737499999999999,0.9005421033610408,0.8275862068965517,1498.8500483870969
2768,9984,0.8625,0.6515625,0.6955848692928562,0.8275862068965517,1498.8494838709678
2769,13123,0.625,0.8023125,0.8788820624021202,0.9655172413793103,1498.8002985074627
2770,12934,0.625,0.6761250000000001,0.733739308517046,0.6896551724137931,1498.5738595502125
2771,21237,0.6125,0.24936250000000001,0.9637754487411154,0.0,1498.4309494305062
2772,5902,0.875,0.278125,0.8578604987350921,0.0,1498.43093236651
2773,10872,0.125,0.746875,0.8618600168654379,0.8275862068965517,1498.366241935484
2774,22330,0.5888375,0.772875,0.9871340802312975,0.8275862068965517,1498.2049516129032
2775,5331,0.8625,0.321203125,0.8040477050957715,0.27586206896551724,1498.077393939394
2776,2404,0.1125,0.125,0.62643055053608,0.27586206896551724,1498.0773333333334
2777,7949,0.3625,0.6314062500000001,0.7209938561619081,0.8275862068965517,1497.881887096774
2778,13429,0.8625,0.9330937499999999,0.8562823756173954,0.9655172413793103,1497.8053565505804
2779,11950,0.375,0.7315625,0.8349837368991687,0.8275862068965517,1497.7211935483872
2780,20407,0.8625,0.89625,0.9201421515480062,0.8275862068965517,1497.721064516129
2781,13473,0.8625,0.6546875,0.7468979641007107,0.6896551724137931,1497.7120702012949
2782,11541,0.3625,0.8023125,0.8788820624021202,0.9655172413793103,1497.639552238806
2783,2930,0.125,0.278125,0.6846187206360679,0.27586206896551724,1497.6229090909092
2784,4517,0.6125,0.25,0.8155402963498374,0.27586206896551724,1497.6228939393939
2785,3030,0.125,0.125,0.8461510661366101,0.27586206896551724,1497.471393939394
2786,6661,0.125,0.3453125,0.6552355137935189,0.0,1497.4072120467717
2787,17823,0.625,0.92440625,0.8635586073966991,0.6896551724137931,1497.3675611671483
2788,5572,0.8625,0.327909375,0.6778038790507167,0.27586206896551724,1497.3199242424243
2789,13986,0.875,0.8903125,0.8349837368991687,0.9655172413793103,1497.1421061359868
2790,11049,0.125,0.871875,0.7362920130104806,0.6896551724137931,1496.8509009686388
2791,10956,0.125,0.896625,0.8892302132273219,0.6896551724137931,1496.8509009686388
2792,11724,0.3625,0.6639062499999999,0.7352017829177208,0.8275862068965517,1496.7537096774195
2793,19308,0.40478749999999997,0.11616562500000001,0.955957113600771,0.27586206896551724,1496.713909090909
2794,5240,0.625,0.3125,0.7872545476448619,0.27586206896551724,1496.5624090909091
2795,10937,0.125,0.71875,0.8796530538489338,0.6896551724137931,1496.5064780617508
2796,847,0.5625,0.109375,0.62643055053608,0.0,1496.3834746630373
2797,5746,0.8625,0.158371875,0.9811348030357788,0.0,1496.3834746630373
2798,8432,0.625,0.36146875,0.6938103842910492,0.0,1496.383457599041
2799,13272,0.625,0.912875,0.8218527888206241,0.9655172413793103,1496.312968490879
2800,23512,0.125,0.805625,0.9877002770750511,0.8275862068965517,1496.269629032258
2801,10858,0.125,0.75,0.9248042404529574,0.9655172413793103,1496.1471973466003
2802,2245,0.1125,0.194096875,0.9718949524153715,0.27586206896551724,1496.107909090909
2803,12325,0.375,0.9375,0.8084809059149499,0.6896551724137931,1495.9896456087242
2804,1240,0.625,0.3125,0.6023370678231538,0.27586206896551724,1495.9564090909091
2805,1893,0.0,0.046875,0.6023370678231538,0.27586206896551724,1495.9563787878787
2806,4615,0.6125,0.23395937500000002,0.9138296590772196,0.27586206896551724,1495.501893939394
2807,12870,0.625,0.76496875,0.96883508011083,0.9655172413793103,1495.4838805970148
2808,24261,0.375,0.81190625,1.0,0.6896551724137931,1495.4729509593112
2809,12264,0.375,0.912875,0.8218527888206241,0.9655172413793103,1495.3180597014925
2810,11176,0.125,0.6875,0.62643055053608,0.48275862068965514,1495.3114097153807
2811,14157,0.875,0.75,0.6538959161546801,0.8275862068965517,1495.3019838709677
2812,2906,0.125,0.3125,0.6752463558607397,0.13793103448275862,1495.2560869565218
2813,17938,0.14878750000000002,0.091553125,0.9174677749668713,0.27586206896551724,1495.1989090909092
2814,11018,0.125,0.9252812499999999,0.7551740754126008,0.9655172413793103,1495.1521227197347
2815,13904,0.875,0.709,0.8218527888206241,0.9655172413793103,1494.9865339966832
2816,4525,0.6125,0.25,0.842561137212384,0.0,1494.6772456901465
2817,19119,0.625,0.9181250000000001,0.8780026502830983,0.8275862068965517,1494.656870967742
2818,13473,0.8625,0.6546875,0.7468979641007107,0.9655172413793103,1494.654776119403
2819,11045,0.125,0.871875,0.62643055053608,0.9655172413793103,1494.6546932006634
2820,4954,0.625,0.278125,0.6846187206360679,0.0,1494.5066227928573
2821,17823,0.625,0.92440625,0.8635586073966991,0.9655172413793103,1494.4889220563848
2822,12908,0.625,0.6875,0.7682568365257197,0.6896551724137931,1494.4397339150023
2823,11079,0.125,0.8195625,0.8788820624021202,0.6896551724137931,1494.4395099841302
2824,17136,0.375,0.69625,0.8747861703409228,0.8275862068965517,1494.334435483871
2825,22915,0.3388375,0.8478125000000001,0.9879412119021804,0.6896551724137931,1494.2673415943154
2826,12502,0.6125,0.732625,0.8236477532827369,0.6896551724137931,1494.0951904299525
2827,11853,0.375,0.7606875,0.9339838573665823,0.6896551724137931,1494.0951215281457
2828,10765,0.1125,0.7205625,0.9114323575472835,0.8275862068965517,1494.0118387096775
2829,4805,0.625,0.07740312499999999,0.8288158053246596,0.0,1493.9947029090017
2830,6953,0.1125,0.6453125,0.6612275629442236,0.8275862068965517,1493.850258064516
2831,3326,0.3625,0.248021875,0.9653294783760993,0.0,1493.8241312037012
2832,4930,0.625,0.3125,0.6752463558607397,0.0,1493.6534400504274
2833,11336,0.3625,0.83803125,0.8851825081315503,0.6896551724137931,1493.5783752023776
2834,12161,0.375,0.73971875,0.8335742681604624,0.9655172413793103,1493.4941293532338
2835,11564,0.3625,0.8195625,0.8788820624021202,0.6896551724137931,1493.4061034598526
2836,18981,0.1486725,0.9134375,0.8880375858330322,0.8275862068965517,1493.3667419354838
2837,19149,0.625,0.9181250000000001,0.8918564028430309,0.8275862068965517,1493.366693548387
2838,11600,0.3625,0.871875,0.62643055053608,0.8275862068965517,1493.2053064516128
2839,6249,0.875,0.2045125,0.9166606432959884,0.27586206896551724,1492.9264090909091
2840,1001,0.6875,0.0625,0.6023370678231538,0.27586206896551724,1492.9263787878788
2841,12716,0.6125,0.71875,0.8796530538489338,0.9655172413793103,1492.8308291873964
2842,19651,0.3625,0.743125,0.9584507890615589,0.8275862068965517,1492.721629032258
2843,12334,0.6125,0.80071875,0.9265992049150704,0.9655172413793103,1492.4991376451078
2844,23596,0.5888125,0.8040625,0.9875316226960605,0.8275862068965517,1492.3990967741936
2845,14150,0.875,0.778125,0.675142753885074,0.6896551724137931,1492.3727658373818
2846,2291,0.1125,0.325021875,0.7463052644259728,0.27586206896551724,1492.3203939393939
2847,892,0.5625,0.0625,0.62643055053608,0.27586206896551724,1492.1688787878788
2848,13557,0.8625,0.8023125,0.8788820624021202,0.9655172413793103,1492.1674792703152
2849,4573,0.6125,0.32720625000000003,0.6958065293338151,0.0,1492.1179192948064
2850,1961,0.5,0.0,0.6023370678231538,0.27586206896551724,1492.017409090909
2851,13404,0.8625,0.912875,0.8218527888206241,0.8275862068965517,1491.9152096774194
2852,12458,0.6125,0.67678125,0.822816528129141,0.6896551724137931,1491.8561400897756
2853,24,0.4375,0.96875,0.62643055053608,0.8275862068965517,1491.7539677419354
2854,13403,0.8625,0.9262812500000001,0.8589928924225997,0.6896551724137931,1491.6837133181853
2855,5586,0.8625,0.331240625,0.6826466690760149,0.27586206896551724,1491.562909090909
2856,3542,0.3625,0.3125,0.6752463558607397,0.27586206896551724,1491.5628636363635
2857,3561,0.3625,0.32720625000000003,0.6958065293338151,0.0,1491.4354277056502
2858,12229,0.375,0.7631875,0.9796651005902903,0.8275862068965517,1491.4314032258064
2859,12100,0.375,0.8125,0.62643055053608,0.8275862068965517,1491.2701612903227
2860,85,0.375,0.90625,0.62643055053608,0.8275862068965517,1491.2701129032257
2861,9223,0.6125,0.64378125,0.7470545717383447,0.9655172413793103,1491.1717910447762
2862,17834,0.8327,0.92325,0.8663293579086857,0.8275862068965517,1490.625064516129
2863,8439,0.625,0.375,0.7059462715335502,0.8275862068965517,1490.6250483870967
2864,13123,0.625,0.8023125,0.8788820624021202,0.6896551724137931,1490.305866661568
2865,13966,0.875,0.7315625,0.8349837368991687,0.8275862068965517,1490.3025483870967
2866,3265,0.3625,0.2384375,0.9629442235875195,0.0,1490.2410162326382
2867,6950,0.1125,0.625,0.7240621611853992,0.8275862068965517,1490.141306451613
2868,20450,0.8625,0.87753125,0.9599807252138296,0.8275862068965517,1490.1411612903225
2869,13748,0.8625,0.67996875,0.817094325984821,0.6896551724137931,1490.13376717356
2870,12503,0.6125,0.73971875,0.8335742681604624,0.6896551724137931,1490.133715497205
2871,5163,0.625,0.3125,0.8297072641850378,0.27586206896551724,1490.0479090909091
2872,13549,0.8625,0.78125,0.7245512588844717,0.9655172413793103,1490.011824212272
2873,2446,0.1125,0.1875,0.8289001325141548,0.0,1489.8998216300486
2874,6097,0.875,0.090625,0.7671364895795687,0.0,1489.8996509900871
2875,2131,0.0,1.0,0.62643055053608,0.9655172413793103,1489.8459701492538
2876,14158,0.875,0.75,0.6813612817732804,0.8275862068965517,1489.8186774193548
2877,12716,0.6125,0.71875,0.8796530538489338,0.6896551724137931,1489.7892409139617
2878,887,0.875,0.0625,0.62643055053608,0.27586206896551724,1489.7448787878789
2879,5060,0.625,0.125,0.7362920130104806,0.0,1489.5585587714743
2880,17168,0.8625,0.6838124999999999,0.8281652812914105,0.9655172413793103,1489.5144610281923
2881,8137,0.3625,0.375,0.65293579086857,0.8275862068965517,1489.4960806451613
2882,7956,0.3625,0.6515625,0.6955848692928562,0.8275862068965517,1489.4956935483872
2883,21914,0.40474999999999994,0.15991875,0.9940127695458378,0.0,1489.3879358741851
2884,3528,0.3625,0.28125,0.6545717383447777,0.0,1489.3878846821967
2885,5542,0.8625,0.278125,0.6846187206360679,0.27586206896551724,1488.9874242424241
2886,19036,0.3327375,0.90134375,0.924587399108541,0.6896551724137931,1488.9279855540472
2887,11902,0.375,0.6875,0.8107697867726779,0.6896551724137931,1488.7557999387807
2888,22989,0.39871249999999997,0.8478125000000001,0.9879412119021804,0.6896551724137931,1488.7557482624256
2889,2207,0.0,0.0625,0.62643055053608,0.27586206896551724,1488.6843787878788
2890,1570,0.625,0.65625,0.6023370678231538,0.6896551724137931,1488.5836487744177
2891,4346,0.6125,0.189640625,0.9998795325864354,0.0,1488.5347872597474
2892,2924,0.125,0.28125,0.7671364895795687,0.27586206896551724,1488.532909090909
2893,13994,0.875,0.914875,0.8115046379954222,0.9655172413793103,1488.519320066335
2894,10441,0.1125,0.68271875,0.8399349475966751,0.8275862068965517,1488.3672580645161
2895,21666,0.375,0.85565625,0.9698831466088423,0.8275862068965517,1488.2058870967742
2896,17901,0.3625,0.0962375,0.9126249849415733,0.0,1488.0229356318764
2897,21864,0.375,0.14628125,0.9737742440669798,0.13793103448275862,1488.0104347826086
2898,7955,0.3625,0.6515625,0.6754101915431876,0.6896551724137931,1487.8941139425735
2899,10899,0.125,0.70025,0.7775207806288399,0.8275862068965517,1487.8834193548387
2900,10518,0.1125,0.778125,0.8699915672810504,0.9655172413793103,1487.8561691542288
2901,13953,0.875,0.66965625,0.6958065293338151,0.9655172413793103,1487.8557877280266
2902,12567,0.6125,0.8125,0.7023551379351886,0.9655172413793103,1487.6903482587065
2903,10180,0.8625,0.3421875,0.716781110709553,0.0,1487.6817239652905
2904,20297,0.315125,0.8838125,0.9390555354776532,0.8275862068965517,1487.560870967742
2905,10773,0.1125,0.77584375,0.8808095410191542,0.6896551724137931,1487.5501044465263
2906,2521,0.1125,0.295615625,0.7658836284784966,0.27586206896551724,1487.4723333333334
2907,14142,0.875,0.778125,0.62643055053608,0.8275862068965517,1487.3995806451612
2908,23597,0.6125,0.805625,0.9877002770750511,0.6896551724137931,1487.3778154785498
2909,4158,0.375,0.325021875,0.7463052644259728,0.27586206896551724,1487.320893939394
2910,5982,0.875,0.246875,0.8186844958438743,0.27586206896551724,1487.169409090909
2911,3732,0.375,0.184375,0.9436453439344656,0.27586206896551724,1487.169409090909
2912,16703,0.375,0.0743625,0.8820624021202265,0.27586206896551724,1487.169409090909
2913,11153,0.125,0.73971875,0.8335742681604624,0.8275862068965517,1487.0770806451612
2914,11628,0.3625,0.915875,0.7761354053728465,0.8275862068965517,1487.0770322580645
2915,20281,0.14877,0.88221875,0.9412239489218166,0.8275862068965517,1486.9157741935485
2916,2105,1.0,0.859375,0.62643055053608,0.8275862068965517,1486.9157580645162
2917,1830,0.9375,0.921875,0.6023370678231538,0.9655172413793103,1486.8611774461028
2918,18432,0.375,0.718125,0.9203228526683531,0.8275862068965517,1486.7545483870967
2919,12080,0.375,0.840625,0.7736176364293459,0.8275862068965517,1486.7545161290323
2920,22865,0.3388,0.8385,0.9811348030357788,0.8275862068965517,1486.7545
2921,13506,0.8625,0.71875,0.655524635586074,0.9655172413793103,1486.6954892205638
2922,12612,0.6125,0.875,0.7344970485483676,0.6896551724137931,1486.688900762967
2923,17923,0.3625,0.0931125,0.9203228526683531,0.27586206896551724,1486.5633484848486
2924,5927,0.875,0.3390625,0.6754101915431876,0.27586206896551724,1486.4119242424242
2925,3054,0.125,0.09375,0.655524635586074,0.0,1486.3165530830204
2926,5537,0.8625,0.25,0.842561137212384,0.0,1486.1461178896889
2927,19080,0.6125,0.915,0.8984941573304421,0.9655172413793103,1486.0320729684909
2928,12518,0.6125,0.75,0.6813612817732804,0.8275862068965517,1485.9481129032258
2929,13160,0.625,0.746875,0.7615106613661005,0.6896551724137931,1485.8277659812143
2930,7196,0.1125,0.63753125,0.7463052644259728,0.6896551724137931,1485.8265601995947
2931,3052,0.125,0.107628125,0.8236477532827369,0.0,1485.6341980058332
2932,5582,0.8625,0.3390625,0.6754101915431876,0.27586206896551724,1485.5029242424243
2933,1575,0.9375,0.65625,0.6023370678231538,0.8275862068965517,1485.4643548387096
2934,8623,0.625,0.6515625,0.6955848692928562,0.8275862068965517,1485.463806451613
2935,2238,0.1125,0.20273750000000001,0.9854234429586796,0.0,1485.463575108544
2936,19265,0.5828875,0.10135000000000001,0.9213227322009396,0.0,1485.2929863392474
2937,3430,0.3625,0.153125,0.8699915672810504,0.0,1485.2929692752512
2938,5832,0.875,0.0625,0.7469943380315623,0.0,1485.292935147259
2939,1946,0.0,0.875,0.6023370678231538,0.9655172413793103,1485.203001658375
2940,3236,0.3625,0.2045125,0.9166606432959884,0.27586206896551724,1485.1999090909092
2941,4734,0.6125,0.158371875,0.9811348030357788,0.0,1485.1223634419582
2942,6405,0.125,0.366625,0.7092350319238645,0.27586206896551724,1485.0484242424243
2943,11361,0.3625,0.8634375000000001,0.9629442235875195,0.9655172413793103,1485.0370978441128
2944,13272,0.625,0.912875,0.8218527888206241,0.6896551724137931,1484.7942733296782
2945,1830,0.9375,0.921875,0.6023370678231538,0.6896551724137931,1484.7942388787746
2946,11161,0.125,0.715625,0.7671364895795687,0.8275862068965517,1484.6579032258064
2947,2631,0.1125,0.04685281249999999,0.7463052644259728,0.27586206896551724,1484.5938939393939
2948,11540,0.3625,0.79528125,0.8773762197325623,0.8275862068965517,1484.4965806451612
2949,13557,0.8625,0.8023125,0.8788820624021202,0.6896551724137931,1484.4498159718867
2950,4341,0.6125,0.22643437500000002,0.9854234429586796,0.27586206896551724,1484.442393939394
2951,5101,0.625,0.059375,0.62643055053608,0.27586206896551724,1484.4418181818182
2952,20493,0.3625,0.1399875,0.9688591735935429,0.0,1484.4398547888056
2953,19021,0.3625,0.9181250000000001,0.8918564028430309,0.8275862068965517,1484.3353387096774
2954,12264,0.375,0.912875,0.8218527888206241,0.6896551724137931,1484.2775442293616
2955,7412,0.375,0.3421875,0.716781110709553,0.0,1484.269266019509
2956,13748,0.8625,0.67996875,0.817094325984821,0.9655172413793103,1484.2082089552239
2957,10432,0.1125,0.7417812500000001,0.9567642452716538,0.6896551724137931,1484.1053241631919
2958,11792,0.3625,0.77153125,0.9739549451873267,0.9655172413793103,1484.0422222222223
2959,23634,0.42246249999999996,0.79628125,0.9981086616070354,0.8275862068965517,1484.0128387096775
2960,1812,0.75,0.90625,0.6023370678231538,0.6896551724137931,1483.9330868715704
2961,7610,0.375,0.6515625,0.6754101915431876,0.6896551724137931,1483.9326734607293
2962,6158,0.875,0.13098749999999998,0.9729671123960967,0.0,1483.9279349049502
2963,6099,0.875,0.090625,0.7108553186363088,0.0,1483.5867403023603
2964,3799,0.375,0.090625,0.8367546078785688,0.0,1483.4161344690674
2965,12260,0.375,0.90625,0.9023370678231537,0.9655172413793103,1483.2131509121061
2966,22335,0.5651375,0.780625,0.9918684495843875,0.8275862068965517,1483.2064677419355
2967,12848,0.625,0.78125,0.8838935068064088,0.6896551724137931,1483.0719176389143
2968,1804,0.25,0.90625,0.6023370678231538,0.6896551724137931,1483.0719004134626
2969,12549,0.6125,0.8023125,0.8788820624021202,0.9655172413793103,1483.0472968490878
2970,9703,0.875,0.3453125,0.6552355137935189,0.27586206896551724,1482.9274393939395
2971,18058,0.625,0.0931125,0.9069871099867486,0.27586206896551724,1482.927393939394
2972,10494,0.1125,0.746875,0.8155402963498374,0.6896551724137931,1482.899714798196
2973,14248,0.875,0.7417812500000001,0.9567642452716538,0.6896551724137931,1482.899663121841
2974,11045,0.125,0.871875,0.62643055053608,0.6896551724137931,1482.8995597691307
2975,8972,0.6125,0.6546875,0.6565474039272376,0.8275862068965517,1482.8836612903226
2976,12134,0.375,0.778125,0.675142753885074,0.9655172413793103,1482.8815257048093
2977,8150,0.3625,0.36146875,0.6938103842910492,0.0,1482.733642879911
2978,11009,0.125,0.934375,0.62643055053608,0.6896551724137931,1482.7269435175715
2979,12840,0.625,0.78984375,0.9839657872545476,0.8275862068965517,1482.7225483870968
2980,4268,0.6125,0.18979375,0.9878207444886157,0.0,1482.563019982622
2981,13269,0.625,0.90625,0.8148897723165883,0.8275862068965517,1482.5613709677418
2982,1996,1.0,0.84375,0.6023370678231538,0.8275862068965517,1482.5613387096773
2983,11814,0.3625,0.78125,0.9501746777496686,0.6896551724137931,1482.3829856978798
2984,10708,0.1125,0.66965625,0.6958065293338151,0.6896551724137931,1482.0381493801508
2985,3903,0.375,0.3390625,0.6754101915431876,0.27586206896551724,1481.8669242424241
2986,6081,0.875,0.121875,0.7344970485483676,0.27586206896551724,1481.866909090909
2987,13958,0.875,0.7252500000000001,0.8892302132273219,0.6896551724137931,1481.8662910484668
2988,19290,0.375,0.10253125,0.9232502108179736,0.27586206896551724,1481.7153636363637
2989,6411,0.125,0.375,0.7059462715335502,0.8275862068965517,1481.5937096774194
2990,3935,0.375,0.28125,0.7389965064450066,0.27586206896551724,1481.5639242424243
2991,5466,0.8625,0.15625,0.8717383447777376,0.27586206896551724,1481.563893939394
2992,14176,0.875,0.732625,0.8236477532827369,0.6896551724137931,1481.5218164652235
2993,8624,0.625,0.6515625,0.6754101915431876,0.6896551724137931,1481.5213341525757
2994,12181,0.375,0.6875,0.65293579086857,0.8275862068965517,1481.432064516129
2995,11117,0.125,0.78125,0.62643055053608,0.9655172413793103,1481.389137645108
2996,2127,0.25,1.0,0.62643055053608,0.9655172413793103,1481.389104477612
2997,19204,0.14869,0.104084375,0.925731839537405,0.0,1481.3686597015985
2998,1566,0.375,0.65625,0.6023370678231538,0.6896551724137931,1481.3496653008606
2999,7137,0.1125,0.366625,0.7092350319238645,0.0,1481.1980368043094
3000,13583,0.8625,0.840625,0.6509613299602457,0.8275862068965517,1481.109870967742
3001,293,0.5,0.6875,0.62643055053608,0.9655172413793103,1481.0574295190713
3002,24261,0.375,0.81190625,1.0,0.9655172413793103,1481.0574129353233
3003,22307,0.5828375,0.77009375,0.9729189254306709,0.8275862068965517,1480.9486290322582
3004,13352,0.8625,0.83803125,0.8851825081315503,0.6896551724137931,1480.832832847834
3005,12087,0.375,0.8195625,0.8788820624021202,0.9655172413793103,1480.7257877280265
3006,12461,0.6125,0.65996875,0.7669437417178653,0.9655172413793103,1480.560033167496
3007,2905,0.125,0.3125,0.6508384531984098,0.8275862068965517,1480.4647580645162
3008,1987,1.0,0.984375,0.6023370678231538,0.6896551724137931,1480.3161209729692
3009,10914,0.125,0.6673125,0.7767256956993133,0.8275862068965517,1480.3033870967743
3010,4470,0.6125,0.1875,0.8289001325141548,0.0,1480.174299420575
3011,9698,0.875,0.3491875,0.6691205878809782,0.0,1480.174299420575
3012,77,0.875,0.90625,0.62643055053608,0.8275862068965517,1480.1422096774193
3013,11453,0.3625,0.65996875,0.7669437417178653,0.9655172413793103,1480.0627529021558
3014,2131,0.0,1.0,0.62643055053608,0.6896551724137931,1479.9716291642744
3015,7356,0.375,0.64378125,0.7470545717383447,0.6896551724137931,1479.9709056953027
3016,10382,0.1125,0.92609375,0.8357908685700518,0.9655172413793103,1479.7308126036485
3017,12807,0.6125,0.7606875,0.9339838573665823,0.6896551724137931,1479.6271890319347
3018,5422,0.8625,0.107628125,0.8236477532827369,0.0,1479.4917737034264
3019,4315,0.6125,0.325021875,0.7463052644259728,0.27586206896551724,1479.442893939394
3020,11336,0.3625,0.83803125,0.8851825081315503,0.9655172413793103,1479.3992537313434
3021,2656,0.1125,0.0840125,0.8218527888206241,0.0,1479.3211508061372
3022,12810,0.6125,0.7737499999999999,0.9005421033610408,0.8275862068965517,1479.1745967741936
3023,21665,0.404725,0.85759375,0.9682568365257197,0.8275862068965517,1479.0133064516128
3024,8969,0.6125,0.6515625,0.6754101915431876,0.6896551724137931,1478.9377747782526
3025,24239,0.5651375,0.8181875,0.9874834357306348,0.8275862068965517,1478.6907903225806
3026,16667,0.6125,0.0712375,0.8605951090230093,0.0,1478.6386421529849
3027,10378,0.1125,0.91975,0.8743645343934465,0.6896551724137931,1478.5936791549468
3028,20933,0.125,0.765,0.9688591735935429,0.6896551724137931,1478.4214935396806
3029,2888,0.125,0.331240625,0.6826466690760149,0.27586206896551724,1478.382409090909
3030,11096,0.125,0.809375,0.803589928924226,0.6896551724137931,1478.2492906989623
3031,1850,0.3125,0.953125,0.6023370678231538,0.9655172413793103,1478.2384908789386
3032,6014,0.875,0.215625,0.8717383447777376,0.27586206896551724,1478.0794242424242
3033,11034,0.125,0.875,0.842561137212384,0.6896551724137931,1478.0770017309856
3034,132,0.25,0.859375,0.62643055053608,0.8275862068965517,1477.8844032258064
3035,12800,0.6125,0.77153125,0.9739549451873267,0.9655172413793103,1477.7410281923715
3036,4442,0.6125,0.153125,0.8699915672810504,0.0,1477.6149559612388
3037,2865,0.125,0.278125,0.8360558968798939,0.0,1477.6149388972426
3038,13490,0.8625,0.692,0.7440320443320082,0.9655172413793103,1477.4095024875621
3039,13490,0.8625,0.692,0.7440320443320082,0.6896551724137931,1477.3881559172096
3040,2127,0.25,1.0,0.62643055053608,0.6896551724137931,1477.388069789951
3041,2805,0.125,0.04685281249999999,0.7463052644259728,0.27586206896551724,1477.321893939394
3042,3346,0.3625,0.10290625,0.9368871220334899,0.27586206896551724,1477.3218484848485
3043,9453,0.875,0.375,0.7059462715335502,0.0,1477.2737272306567
3044,23597,0.6125,0.805625,0.9877002770750511,0.9655172413793103,1477.2435655058043
3045,23537,0.31513749999999996,0.7963125,0.9860378267678592,0.8275862068965517,1477.2393225806452
3046,22858,0.154705,0.8357187500000001,0.9824478978436332,0.8275862068965517,1477.239306451613
3047,9455,0.875,0.375,0.65293579086857,0.8275862068965517,1477.239306451613
3048,10618,0.1125,0.90625,0.7952776773882665,0.8275862068965517,1477.239193548387
3049,3558,0.3625,0.3390625,0.6754101915431876,0.27586206896551724,1477.170409090909
3050,5531,0.8625,0.25,0.7615106613661005,0.27586206896551724,1477.170409090909
3051,3795,0.375,0.064178125,0.8427538850740873,0.27586206896551724,1477.1703787878787
3052,13886,0.875,0.77584375,0.8808095410191542,0.9655172413793103,1476.9119568822555
3053,2769,0.125,0.108721875,0.8866401638356823,0.27586206896551724,1476.564409090909
3054,124,0.75,0.859375,0.62643055053608,0.8275862068965517,1476.432935483871
3055,9645,0.875,0.627125,0.7330092759908444,0.8275862068965517,1476.2713064516129
3056,4570,0.6125,0.3390625,0.6754101915431876,0.27586206896551724,1476.2614242424243
3057,10952,0.125,0.871875,0.8586917238886881,0.6896551724137931,1476.1824087486002
3058,2591,0.1125,0.23395937500000002,0.9138296590772196,0.27586206896551724,1476.109893939394
3059,12701,0.6125,0.8525625,0.8764004336826888,0.9655172413793103,1476.0828192371475
3060,11548,0.3625,0.809375,0.803589928924226,0.6896551724137931,1475.8379686162605
3061,12601,0.6125,0.871875,0.6813612817732804,0.6896551724137931,1475.8378997144537
3062,5238,0.625,0.208765625,0.9009275990844476,0.27586206896551724,1475.8069090909091
3063,10901,0.125,0.6940000000000001,0.8251897361763642,0.8275862068965517,1475.7878548387098
3064,3899,0.375,0.32720625000000003,0.6958065293338151,0.0,1475.738121155055
3065,13168,0.625,0.732625,0.8236477532827369,0.6896551724137931,1475.665783000994
3066,10932,0.125,0.7382187499999999,0.8647873750150584,0.8275862068965517,1475.6265483870968
3067,14074,0.875,0.871875,0.7088266473918805,0.8275862068965517,1475.6265161290323
3068,12482,0.6125,0.692,0.7440320443320082,0.8275862068965517,1475.4654838709678
3069,3245,0.3625,0.1875,0.9575954704252498,0.27586206896551724,1475.352393939394
3070,11726,0.3625,0.6761250000000001,0.733739308517046,0.9655172413793103,1475.2543615257048
3071,3979,0.375,0.21875,0.62643055053608,0.27586206896551724,1475.2009090909091
3072,4736,0.6125,0.171346875,0.9860498735092157,0.27586206896551724,1475.2008636363637
3073,13122,0.625,0.79528125,0.8773762197325623,0.8275862068965517,1475.1426774193549
3074,4967,0.625,0.25,0.8155402963498374,0.27586206896551724,1475.049393939394
3075,15538,0.125,0.6775,0.8096373930851704,0.8275862068965517,1474.9816451612903
3076,308,0.5,0.671875,0.62643055053608,0.8275862068965517,1474.9814516129031
3077,5567,0.8625,0.3125,0.6508384531984098,0.8275862068965517,1474.9814193548386
3078,20551,0.6125,0.1399875,0.9688591735935429,0.0,1474.8849725406174
3079,12525,0.6125,0.778125,0.650786652210577,0.6896551724137931,1474.8045448665312
3080,12327,0.375,0.80071875,0.9265992049150704,0.9655172413793103,1474.7563018242122
3081,21055,0.8625,0.765,0.9688591735935429,0.9655172413793103,1474.7562852404644
3082,853,0.1875,0.109375,0.62643055053608,0.0,1474.7143667073244
3083,9166,0.6125,0.3421875,0.716781110709553,0.0,1474.7143667073244
3084,897,0.25,0.0625,0.62643055053608,0.0,1474.7143325793322
3085,13169,0.625,0.73971875,0.8335742681604624,0.6896551724137931,1474.6323592512647
3086,6161,0.875,0.109803125,0.9472834598241175,0.27586206896551724,1474.4433787878788
3087,3875,0.375,0.27175937499999997,0.8250090350560174,0.0,1474.3731209127463
3088,14101,0.875,0.840625,0.6509613299602457,0.8275862068965517,1474.3363548387097
3089,7125,0.1125,0.375,0.7059462715335502,0.27586206896551724,1474.291893939394
3090,13127,0.625,0.78125,0.7245512588844717,0.6896551724137931,1474.2878329916664
3091,8209,0.3625,0.64378125,0.7470545717383447,0.6896551724137931,1474.2868339154675
3092,3665,0.3625,0.064178125,0.8427538850740873,0.0,1474.202463887465
3093,10695,0.1125,0.7315625,0.8349837368991687,0.8275862068965517,1474.1751451612904
3094,7601,0.375,0.6453125,0.6612275629442236,0.8275862068965517,1474.1745967741936
3095,11853,0.375,0.7606875,0.9339838573665823,0.9655172413793103,1474.0930182421228
3096,3579,0.3625,0.29638437500000003,0.8183471870858932,0.0,1474.0318921821643
3097,12549,0.6125,0.8023125,0.8788820624021202,0.6896551724137931,1473.94332395752
3098,11814,0.3625,0.78125,0.9501746777496686,0.9655172413793103,1473.9271973466002
3099,11693,0.3625,0.8525625,0.8764004336826888,0.9655172413793103,1473.9271475953565
3100,12853,0.625,0.78553125,0.9588001445608962,0.6896551724137931,1473.7711211168019
3101,11338,0.3625,0.8252812500000001,0.8897964100710757,0.6896551724137931,1473.5988493742768
3102,5980,0.875,0.25,0.62643055053608,0.27586206896551724,1473.534393939394
3103,843,0.8125,0.109375,0.62643055053608,0.0,1473.520006426301
3104,5002,0.625,0.215625,0.8717383447777376,0.27586206896551724,1473.3829242424242
3105,9918,0.8625,0.3453125,0.6552355137935189,0.0,1473.3494005930079
3106,12480,0.6125,0.6875,0.62643055053608,0.6896551724137931,1473.2540991838064
3107,24166,0.14872749999999998,0.8259375,0.9859414528370076,0.8275862068965517,1473.2074516129032
3108,10584,0.1125,0.871875,0.6538959161546801,0.8275862068965517,1473.2073225806453
3109,4712,0.6125,0.153125,0.978279725334297,0.0,1473.1787435677268
3110,2119,0.75,1.0,0.62643055053608,0.9655172413793103,1473.0980597014925
3111,11134,0.125,0.75,0.6813612817732804,0.9655172413793103,1472.932288557214
3112,842,0.875,0.109375,0.62643055053608,0.0,1472.6668919398555
3113,5280,0.8625,0.18979375,0.9878207444886157,0.0,1472.6668919398555
3114,3007,0.125,0.17732187500000002,0.8788820624021202,0.0,1472.6668407478671
3115,11774,0.3625,0.72715625,0.8990362606914829,0.6896551724137931,1472.5654945263543
3116,4247,0.6125,0.208765625,0.9009275990844476,0.27586206896551724,1472.473909090909
3117,12115,0.375,0.8023125,0.8788820624021202,0.9655172413793103,1472.434776119403
3118,12452,0.6125,0.71440625,0.9134441633538127,0.8275862068965517,1472.4011774193548
3119,11305,0.125,0.8125,0.8915552343091193,0.8275862068965517,1472.4010483870968
3120,19080,0.6125,0.915,0.8984941573304421,0.6896551724137931,1472.3931711074742
3121,11636,0.3625,0.934375,0.62643055053608,0.6896551724137931,1472.3927060202782
3122,9164,0.6125,0.36146875,0.6938103842910492,0.0,1472.3256290812812
3123,18072,0.625,0.0931125,0.9203228526683531,0.0,1472.3255778892928
3124,886,0.9375,0.0625,0.62643055053608,0.27586206896551724,1472.3223787878787
3125,11326,0.3625,0.80071875,0.9265992049150704,0.9655172413793103,1472.2689718076285
3126,24332,0.625,0.81503125,0.9998554391037224,0.9655172413793103,1472.2689054726368
3127,3416,0.3625,0.125,0.62643055053608,0.27586206896551724,1472.1708484848484
3128,993,0.1875,0.0625,0.6023370678231538,0.27586206896551724,1472.0193787878788
3129,3930,0.375,0.300271875,0.7551740754126008,0.27586206896551724,1471.7163181818182
3130,3938,0.375,0.278125,0.62643055053608,0.27586206896551724,1471.5648939393939
3131,11322,0.125,0.78771875,0.9674978918202626,0.6896551724137931,1471.53201910027
3132,13323,0.625,0.83803125,0.8851825081315503,0.6896551724137931,1471.5320018748182
3133,11777,0.3625,0.746875,0.8618600168654379,0.8275862068965517,1471.4334677419354
3134,12112,0.375,0.78825,0.8749909649439825,0.8275862068965517,1471.4334032258064
3135,10323,0.1125,0.83375,0.9009275990844476,0.9655172413793103,1471.2740464344943
3136,11781,0.3625,0.77584375,0.8808095410191542,0.6896551724137931,1471.1875617424785
3137,13711,0.8625,0.871875,0.8586917238886881,0.6896551724137931,1471.187527291575
3138,11256,0.125,0.912875,0.8218527888206241,0.8275862068965517,1471.1108225806452
3139,2990,0.125,0.1875,0.8289001325141548,0.27586206896551724,1471.1104090909091
3140,19370,0.625,0.10253125,0.9362968317070233,0.0,1470.9605947109803
3141,24265,0.6125,0.81190625,1.0,0.6896551724137931,1470.8430182574284
3142,7960,0.3625,0.6546875,0.716781110709553,0.8275862068965517,1470.7880967741935
3143,10560,0.1125,0.840625,0.6754909047102758,0.8275862068965517,1470.6270483870967
3144,6029,0.875,0.184375,0.62643055053608,0.0,1470.6194171723866
3145,13102,0.625,0.8125,0.7276641368509817,0.8275862068965517,1470.465806451613
3146,5329,0.8625,0.3125,0.8297072641850378,0.0,1470.4488113390937
3147,11450,0.3625,0.67678125,0.822816528129141,0.9655172413793103,1470.4450414593698
3148,12502,0.6125,0.732625,0.8236477532827369,0.9655172413793103,1470.445008291874
3149,10912,0.125,0.684375,0.8297072641850378,0.6896551724137931,1470.3264097352742
3150,1856,0.6875,0.953125,0.6023370678231538,0.6896551724137931,1470.3263063825639
3151,23638,0.42247500000000004,0.8025,0.9993735694494639,0.8275862068965517,1470.1432580645162
3152,11527,0.3625,0.778125,0.62643055053608,0.6896551724137931,1469.9819179265792
3153,13894,0.875,0.72715625,0.8990362606914829,0.6896551724137931,1469.9819179265792
3154,13807,0.8625,0.76496875,0.96883508011083,0.6896551724137931,1469.9818662502241
3155,894,0.4375,0.0625,0.62643055053608,0.27586206896551724,1469.8983787878788
3156,11747,0.3625,0.70025,0.7775207806288399,0.8275862068965517,1469.8207580645162
3157,12157,0.375,0.746875,0.842561137212384,0.8275862068965517,1469.8207258064517
3158,12120,0.375,0.78125,0.7490784242862305,0.8275862068965517,1469.8207258064517
3159,11693,0.3625,0.8525625,0.8764004336826888,0.6896551724137931,1469.6373744415293
3160,8209,0.3625,0.64378125,0.7470545717383447,0.9655172413793103,1469.6148424543946
3161,10939,0.125,0.71875,0.8360558968798939,0.8275862068965517,1469.498129032258
3162,9151,0.6125,0.375,0.65293579086857,0.8275862068965517,1469.4980967741935
3163,11055,0.125,0.84375,0.8699915672810504,0.6896551724137931,1469.4651716008111
3164,7955,0.3625,0.6515625,0.6754101915431876,0.9655172413793103,1469.2837645107795
3165,11075,0.125,0.840625,0.7000216841344417,0.8275862068965517,1469.1755967741935
3166,10952,0.125,0.871875,0.8586917238886881,0.9655172413793103,1468.9525538971807
3167,1812,0.75,0.90625,0.6023370678231538,0.9655172413793103,1468.952537313433
3168,2119,0.75,1.0,0.62643055053608,0.6896551724137931,1468.9484425004948
3169,12965,0.625,0.8525625,0.8764004336826888,0.6896551724137931,1468.948425275043
3170,8137,0.3625,0.375,0.65293579086857,0.48275862068965514,1468.8740876814434
3171,4869,0.625,0.23395937500000002,0.9138296590772196,0.27586206896551724,1468.6863939393938
3172,20435,0.8327625000000001,0.87946875,0.9448379713287555,0.9655172413793103,1468.2892703150912
3173,1804,0.25,0.90625,0.6023370678231538,0.9655172413793103,1468.2892537313433
3174,11494,0.3625,0.732625,0.8236477532827369,0.6896551724137931,1468.2595966867189
3175,24333,0.625,0.8275,0.9975906517287073,0.8275862068965517,1468.2078548387096
3176,13958,0.875,0.7252500000000001,0.8892302132273219,0.9655172413793103,1468.1234991708127
3177,4134,0.375,0.13098749999999998,0.9729671123960967,0.27586206896551724,1468.0803333333333
3178,889,0.75,0.0625,0.62643055053608,0.0,1468.0600395850581
3179,3749,0.375,0.16053125,0.9588001445608962,0.0,1467.8894508157614
3180,9446,0.875,0.36146875,0.6938103842910492,0.0,1467.8894337517652
3181,12184,0.375,0.6875,0.62643055053608,0.0,1467.7191350704027
3182,11559,0.3625,0.8125,0.7023551379351886,0.8275862068965517,1467.562870967742
3183,14064,0.875,0.875,0.7344970485483676,0.8275862068965517,1467.401564516129
3184,99,0.4375,0.890625,0.62643055053608,0.8275862068965517,1467.401564516129
3185,25,0.375,0.96875,0.62643055053608,0.8275862068965517,1467.401564516129
3186,4915,0.625,0.3390625,0.6754101915431876,0.27586206896551724,1467.322909090909
3187,11489,0.3625,0.71875,0.6846187206360679,0.9655172413793103,1467.2944112769485
3188,21578,0.3625,0.874375,0.9511866040236115,0.9655172413793103,1467.294344941957
3189,11975,0.375,0.903125,0.8796530538489338,0.9655172413793103,1467.294344941957
3190,19047,0.375,0.9181250000000001,0.8780026502830983,0.8275862068965517,1467.2402580645162
3191,11191,0.125,0.6546875,0.7468979641007107,0.6896551724137931,1467.2260523588275
3192,19298,0.375,0.10253125,0.9362968317070233,0.0,1467.2068909706206
3193,10729,0.1125,0.65934375,0.7478014697024454,0.6896551724137931,1466.882077313684
3194,20631,0.625,0.1399875,0.9688591735935429,0.0,1466.8656963680307
3195,22411,0.6487125,0.77284375,0.9871099867485844,0.8275862068965517,1466.7565
3196,10344,0.1125,0.81478125,0.9878207444886157,0.6896551724137931,1466.7093749348662
3197,12396,0.6125,0.912875,0.8218527888206241,0.9655172413793103,1466.6310447761193
3198,1856,0.6875,0.953125,0.6023370678231538,0.9655172413793103,1466.6310281923716
3199,13352,0.8625,0.83803125,0.8851825081315503,0.9655172413793103,1466.465240464345
3200,21955,0.8625,0.146328125,0.9860619202505723,0.27586206896551724,1466.4138636363637
3201,16025,0.625,0.3337375,0.7784001927478615,0.0,1466.3538276761635
3202,12048,0.375,0.875,0.7344970485483676,0.9655172413793103,1466.2994195688225
3203,12608,0.6125,0.871875,0.62643055053608,0.9655172413793103,1466.1334991708127
3204,12758,0.6125,0.6875,0.8107697867726779,0.6896551724137931,1466.020494670187
3205,11495,0.3625,0.73971875,0.8335742681604624,0.6896551724137931,1465.848274604017
3206,4729,0.6125,0.15625,0.9722684013974219,0.0,1465.8419760482925
3207,5612,0.8625,0.27175937499999997,0.8250090350560174,0.0,1465.8419760482925
3208,14150,0.875,0.778125,0.675142753885074,0.9655172413793103,1465.8019900497513
3209,10888,0.125,0.715625,0.9023370678231537,0.6896551724137931,1465.676002861492
3210,4749,0.625,0.158371875,0.9811348030357788,0.0,1465.6713531510034
3211,5481,0.8625,0.1875,0.8542103361040838,0.0,1465.6713531510034
3212,5977,0.875,0.25,0.7615106613661005,0.0,1465.5007302537142
3213,10904,0.125,0.678125,0.7455559571136007,0.9655172413793103,1465.4707296849087
3214,10769,0.1125,0.746875,0.8618600168654379,0.8275862068965517,1465.3050322580646
3215,11752,0.3625,0.6875,0.7682568365257197,0.9655172413793103,1465.3046766169155
3216,10494,0.1125,0.746875,0.8155402963498374,0.9655172413793103,1465.304543946932
3217,11957,0.375,0.8525625,0.8764004336826888,0.9655172413793103,1465.3044610281925
3218,4225,0.375,0.2045125,0.9166606432959884,0.27586206896551724,1465.201909090909
3219,5376,0.8625,0.063784375,0.8562823756173954,0.27586206896551724,1465.2018636363637
3220,12024,0.375,0.915875,0.7761354053728465,0.8275862068965517,1465.1437419354838
3221,10167,0.8625,0.375,0.7059462715335502,0.8275862068965517,1465.1436774193548
3222,14120,0.875,0.809375,0.803589928924226,0.6896551724137931,1464.9870192441024
3223,23595,0.5651375,0.8025,0.9873147813516442,0.8275862068965517,1464.9824838709678
3224,11191,0.125,0.6546875,0.7468979641007107,0.9655172413793103,1464.9728358208956
3225,4546,0.6125,0.300271875,0.7551740754126008,0.27586206896551724,1464.8988181818181
3226,11283,0.125,0.86990625,0.9562703288760389,0.8275862068965517,1464.8211612903226
3227,8441,0.625,0.375,0.65293579086857,0.8275862068965517,1464.8211451612904
3228,12242,0.375,0.67678125,0.822816528129141,0.9655172413793103,1464.8071641791046
3229,4549,0.6125,0.309375,0.67944103120106,0.27586206896551724,1464.7473787878787
3230,15844,0.3625,0.3337375,0.7784001927478615,0.0,1464.6475987032727
3231,4744,0.625,0.184375,0.9436453439344656,0.0,1464.4769928699798
3232,12848,0.625,0.78125,0.8838935068064088,0.9655172413793103,1464.4753897180763
3233,10874,0.125,0.746875,0.906143838091796,0.6896551724137931,1464.4703073692376
3234,24257,0.404725,0.8286562499999999,0.9851343211661244,0.6896551724137931,1464.470290143786
3235,11167,0.125,0.692,0.7440320443320082,0.9655172413793103,1464.3097014925372
3236,1860,0.9375,0.953125,0.6023370678231538,0.6896551724137931,1464.298018401261
3237,13095,0.625,0.8195625,0.8788820624021202,0.6896551724137931,1464.2980011758093
3238,2931,0.125,0.278125,0.655524635586074,0.27586206896551724,1464.292893939394
3239,10670,0.1125,0.903125,0.8796530538489338,0.8275862068965517,1464.1760967741936
3240,23237,0.8625,0.1806125,0.9877002770750511,0.27586206896551724,1464.141393939394
3241,24332,0.625,0.81503125,0.9998554391037224,0.6896551724137931,1464.125746658736
3242,21568,0.1547225,0.85759375,0.9682568365257197,0.9655172413793103,1463.9779270315091
3243,13711,0.8625,0.871875,0.8586917238886881,0.9655172413793103,1463.9779104477611
3244,17968,0.6125,0.07753125000000001,0.8752680399951813,0.27586206896551724,1463.8383939393939
3245,24195,0.3328125,0.81384375,0.9999277195518612,0.9655172413793103,1463.6462852404643
3246,3077,0.125,0.059375,0.62643055053608,0.0,1463.6233835276466
3247,12760,0.6125,0.6875,0.7682568365257197,0.6896551724137931,1463.437090324929
3248,11167,0.125,0.692,0.7440320443320082,0.6896551724137931,1463.4369869722186
3249,1046,0.6875,0.109375,0.6023370678231538,0.27586206896551724,1463.3839090909091
3250,289,0.75,0.6875,0.62643055053608,0.6896551724137931,1463.2645946515318
3251,19382,0.8328,0.11616562500000001,0.955957113600771,0.27586206896551724,1463.2324090909092
3252,10905,0.125,0.6718437500000001,0.7463052644259728,0.8275862068965517,1463.2090483870968
3253,17750,0.3988125,0.92596875,0.8598000240934827,0.8275862068965517,1463.2084677419355
3254,11051,0.125,0.871875,0.6813612817732804,0.8275862068965517,1463.208370967742
3255,11388,0.3625,0.912875,0.8218527888206241,0.9655172413793103,1463.1488059701492
3256,8624,0.625,0.6515625,0.6754101915431876,0.9655172413793103,1463.1483582089552
3257,12115,0.375,0.8023125,0.8788820624021202,0.6896551724137931,1463.0923745853618
3258,13544,0.8625,0.78125,0.8471991326346222,0.8275862068965517,1463.047193548387
3259,10842,0.125,0.7737499999999999,0.9005421033610408,0.8275862068965517,1463.0471612903225
3260,4138,0.375,0.10290625,0.9368871220334899,0.27586206896551724,1462.9293484848486
3261,22894,0.3625,0.8525,0.984652451511866,0.8275862068965517,1462.8858225806453
3262,11086,0.125,0.8125,0.7276641368509817,0.8275862068965517,1462.724629032258
3263,1048,0.8125,0.109375,0.6023370678231538,0.27586206896551724,1462.6264242424243
3264,5203,0.625,0.2361875,0.9339838573665823,0.27586206896551724,1462.474893939394
3265,4600,0.6125,0.27175937499999997,0.8250090350560174,0.0,1462.429501038515
3266,3517,0.3625,0.278125,0.655524635586074,0.0,1462.4294839745187
3267,22885,0.15470250000000002,0.8505312500000001,0.9738103842910492,0.6896551724137931,1462.4034426443272
3268,12572,0.6125,0.8195625,0.8788820624021202,0.6896551724137931,1462.4033909679722
3269,13724,0.8625,0.71875,0.8796530538489338,0.8275862068965517,1462.4020967741935
3270,20671,0.8328624999999998,0.123225,0.9646066738947114,0.27586206896551724,1462.323409090909
3271,18067,0.8625,0.0931125,0.9203228526683531,0.27586206896551724,1462.3233484848486
3272,11450,0.3625,0.67678125,0.822816528129141,0.6896551724137931,1462.2312914799643
3273,3005,0.125,0.15625,0.8717383447777376,0.27586206896551724,1462.1719090909091
3274,23632,0.5888125,0.8040625,0.9995904107938802,0.8275862068965517,1461.918258064516
3275,4880,0.625,0.27164062499999997,0.8892302132273219,0.0,1461.7470094493585
3276,13776,0.8625,0.715625,0.9023370678231537,0.6896551724137931,1461.7145451541962
3277,11338,0.3625,0.8252812500000001,0.8897964100710757,0.9655172413793103,1461.6564344941958
3278,11390,0.3625,0.92609375,0.8357908685700518,0.9655172413793103,1461.656351575456
3279,21050,0.4047625,0.7630312499999999,0.9795446331767256,0.8275862068965517,1461.5957258064516
3280,10353,0.1125,0.8634375000000001,0.9629442235875195,0.8275862068965517,1461.5955967741936
3281,10918,0.125,0.6761250000000001,0.733739308517046,0.6896551724137931,1461.542945204288
3282,11587,0.3625,0.84375,0.62643055053608,0.9655172413793103,1461.490663349917
3283,2501,0.1125,0.25,0.842561137212384,0.0,1461.4057807187764
3284,12078,0.375,0.840625,0.8226719672328634,0.8275862068965517,1461.273193548387
3285,18049,0.8625,0.0962375,0.9126249849415733,0.0,1461.2351407574913
3286,2282,0.1125,0.30108437499999996,0.8357908685700518,0.0,1461.2351407574913
3287,11799,0.3625,0.7606875,0.9339838573665823,0.6896551724137931,1461.1977816029764
3288,21024,0.375,0.74628125,0.9623298397783399,0.6896551724137931,1461.1977816029764
3289,11034,0.125,0.875,0.842561137212384,0.9655172413793103,1461.1589552238806
3290,12278,0.375,0.8816875,0.9419226599204914,0.8275862068965517,1460.9504838709677
3291,14042,0.875,0.9252812499999999,0.7551740754126008,0.6896551724137931,1460.680931924498
3292,12601,0.6125,0.871875,0.6813612817732804,0.9655172413793103,1460.6614593698175
3293,8969,0.6125,0.6515625,0.6754101915431876,0.9655172413793103,1460.6610613598673
3294,13576,0.8625,0.8125,0.6770473436935309,0.8275862068965517,1460.6280645161291
3295,3338,0.3625,0.16007812500000002,0.9940850499939766,0.0,1460.5526321043387
3296,11957,0.375,0.8525625,0.8764004336826888,0.6896551724137931,1460.5087979855869
3297,3527,0.3625,0.28125,0.6827141308276111,0.27586206896551724,1460.505409090909
3298,5133,0.625,0.22643437500000002,0.9854234429586796,0.27586206896551724,1460.505393939394
3299,10378,0.1125,0.91975,0.8743645343934465,0.9655172413793103,1460.4956218905472
3300,287,0.875,0.6875,0.62643055053608,0.8275862068965517,1460.1441935483872
3301,5627,0.8625,0.23395937500000002,0.9138296590772196,0.27586206896551724,1460.050893939394
3302,12087,0.375,0.8195625,0.8788820624021202,0.6896551724137931,1459.9920516598188
3303,23015,0.6487499999999999,0.83846875,0.9811588965184916,0.8275862068965517,1459.9829838709677
3304,6097,0.875,0.090625,0.7671364895795687,0.27586206896551724,1459.8992575757575
3305,12807,0.6125,0.7606875,0.9339838573665823,0.9655172413793103,1459.8324212271973
3306,10473,0.1125,0.715625,0.7108553186363088,0.8275862068965517,1459.8216935483872
3307,8618,0.625,0.6546875,0.716781110709553,0.8275862068965517,1459.8214677419355
3308,19997,0.8625,0.26811250000000003,0.9252258764004336,0.27586206896551724,1459.596393939394
3309,11260,0.125,0.9262812500000001,0.8589928924225997,0.9655172413793103,1459.500696517413
3310,186,0.625,0.796875,0.62643055053608,0.8275862068965517,1459.4991451612902
3311,12972,0.625,0.896625,0.8892302132273219,0.6896551724137931,1459.4754086867608
3312,2054,1.0,0.0625,0.62643055053608,0.0,1459.3582718233154
3313,11106,0.125,0.79528125,0.8773762197325623,0.8275862068965517,1459.3378225806453
3314,12400,0.6125,0.90625,0.9023370678231537,0.9655172413793103,1459.3349419568822
3315,2328,0.1125,0.145440625,0.9854234429586796,0.0,1459.187614798034
3316,10486,0.1125,0.732625,0.8236477532827369,0.9655172413793103,1459.1691708126036
3317,11592,0.3625,0.871875,0.6538959161546801,0.9655172413793103,1459.1690215588724
3318,17059,0.3625,0.69625,0.8747861703409228,0.6896551724137931,1458.9587829391546
3319,10505,0.1125,0.75,0.8461510661366101,0.6896551724137931,1458.7864767457263
3320,12059,0.375,0.871875,0.6813612817732804,0.6896551724137931,1458.7864078439195
3321,190,0.375,0.796875,0.62643055053608,0.8275862068965517,1458.6927903225805
3322,21806,0.125,0.14315625,0.9714251295024696,0.27586206896551724,1458.687393939394
3323,11975,0.375,0.903125,0.8796530538489338,0.6896551724137931,1458.6142050032013
3324,14176,0.875,0.732625,0.8236477532827369,0.9655172413793103,1458.3400497512437
3325,13323,0.625,0.83803125,0.8851825081315503,0.9655172413793103,1458.34
3326,24265,0.6125,0.81190625,1.0,0.9655172413793103,1458.1741293532339
3327,3153,0.125,0.28125,0.8148897723165883,0.0,1458.163945670284
3328,12346,0.6125,0.8252812500000001,0.8897964100710757,0.6896551724137931,1458.0975103537885
3329,12275,0.375,0.88815625,0.8866401638356823,0.6896551724137931,1458.0975103537885
3330,20345,0.3986875,0.8915625,0.9276713648957956,0.6896551724137931,1458.0975103537885
3331,10501,0.1125,0.75,0.7088266473918805,0.8275862068965517,1458.0477096774193
3332,11055,0.125,0.84375,0.8699915672810504,0.9655172413793103,1457.6767330016585
3333,4118,0.375,0.248021875,0.9653294783760993,0.0,1457.6520769784167
3334,12315,0.375,0.83803125,0.8851825081315503,0.6896551724137931,1457.5807984789237
3335,11592,0.3625,0.871875,0.6538959161546801,0.6896551724137931,1457.5806951262134
3336,4121,0.375,0.22643437500000002,0.9854234429586796,0.27586206896551724,1457.475393939394
3337,21,0.625,0.96875,0.62643055053608,0.8275862068965517,1457.4025645161291
3338,11344,0.3625,0.8125,0.8915552343091193,0.8275862068965517,1457.4025483870969
3339,12969,0.625,0.871875,0.8807252138296592,0.8275862068965517,1457.2413225806451
3340,2666,0.1125,0.102146875,0.8990362606914829,0.27586206896551724,1457.172409090909
3341,5122,0.625,0.301878125,0.8718226719672328,0.27586206896551724,1457.172393939394
3342,1570,0.625,0.65625,0.6023370678231538,0.9655172413793103,1457.0135655058043
3343,24359,0.8388249999999999,0.8259375,0.9980122876761836,0.8275862068965517,1456.9187741935484
3344,11870,0.375,0.77584375,0.8808095410191542,0.6896551724137931,1456.8918665378892
3345,5367,0.8625,0.12385312499999998,0.9653294783760993,0.27586206896551724,1456.8693484848484
3346,2549,0.1125,0.32720625000000003,0.6958065293338151,0.0,1456.7989795559674
3347,4040,0.375,0.153125,0.8699915672810504,0.0,1456.7989454279752
3348,12242,0.375,0.67678125,0.822816528129141,0.6896551724137931,1456.7197325989778
3349,3054,0.125,0.09375,0.655524635586074,0.27586206896551724,1456.7177575757576
3350,10708,0.1125,0.66965625,0.6958065293338151,0.9655172413793103,1456.515671641791
3351,4724,0.6125,0.16053125,0.9588001445608962,0.0,1456.4577166973932
3352,10773,0.1125,0.77584375,0.8808095410191542,0.9655172413793103,1456.1843449419569
3353,23755,0.3625,0.20561249999999998,0.9965787254547644,0.0,1456.116470902815
3354,17685,0.15480125,0.92325,0.8663293579086857,0.8275862068965517,1456.1123870967742
3355,3881,0.375,0.29638437500000003,0.8183471870858932,0.27586206896551724,1455.9604242424243
3356,999,0.5625,0.0625,0.6023370678231538,0.27586206896551724,1455.9603787878789
3357,11880,0.375,0.746875,0.8618600168654379,0.8275862068965517,1455.9511451612902
3358,18057,0.625,0.0962375,0.9126249849415733,0.0,1455.94583094153
3359,3036,0.125,0.125,0.7362920130104806,0.27586206896551724,1455.808909090909
3360,3318,0.3625,0.301878125,0.8718226719672328,0.27586206896551724,1455.6573939393938
3361,11173,0.125,0.6875,0.65293579086857,0.8275862068965517,1455.6283709677418
3362,4887,0.625,0.27175937499999997,0.8250090350560174,0.0,1455.6045851469516
3363,13324,0.625,0.8252812500000001,0.8897964100710757,0.6896551724137931,1455.5139337540134
3364,22,0.5625,0.96875,0.62643055053608,0.8275862068965517,1455.467258064516
3365,1816,0.0625,0.921875,0.6023370678231538,0.8275862068965517,1455.4672258064516
3366,4552,0.6125,0.309375,0.62643055053608,0.27586206896551724,1455.3544696969698
3367,11595,0.3625,0.871875,0.7362920130104806,0.6896551724137931,1455.3417136878434
3368,22860,0.3625,0.83378125,0.9832791229972292,0.8275862068965517,1455.3059838709678
3369,3661,0.3625,0.090625,0.8367546078785688,0.27586206896551724,1455.202909090909
3370,22915,0.3388375,0.8478125000000001,0.9879412119021804,0.9655172413793103,1455.1894195688226
3371,13790,0.8625,0.72715625,0.8990362606914829,0.6896551724137931,1455.1694936216736
3372,12037,0.375,0.903125,0.7137128056860619,0.6896551724137931,1455.16945917077
3373,4673,0.6125,0.090625,0.8367546078785688,0.27586206896551724,1454.899909090909
3374,12758,0.6125,0.6875,0.8107697867726779,0.9655172413793103,1454.8578441127695
3375,11527,0.3625,0.778125,0.62643055053608,0.9655172413793103,1454.8577943615257
3376,13348,0.8625,0.8295,0.9166606432959884,0.6896551724137931,1454.8250018129788
3377,12386,0.6125,0.89471875,0.8990362606914829,0.8275862068965517,1454.8221612903226
3378,21775,0.3625,0.146328125,0.9738103842910492,0.13793103448275862,1454.6804347826087
3379,11586,0.3625,0.84375,0.650786652210577,0.8275862068965517,1454.6609677419356
3380,11049,0.125,0.871875,0.7362920130104806,0.9655172413793103,1454.526135986733
3381,12396,0.6125,0.912875,0.8218527888206241,0.6896551724137931,1454.4804927788323
3382,5736,0.8625,0.16053125,0.9588001445608962,0.0,1454.4102419299243
3383,1038,0.1875,0.109375,0.6023370678231538,0.27586206896551724,1454.293909090909
3384,12934,0.625,0.6761250000000001,0.733739308517046,0.9655172413793103,1454.1950746268656
3385,12827,0.6125,0.78984375,0.9839657872545476,0.8275862068965517,1454.177
3386,3256,0.3625,0.18979375,0.9878207444886157,0.0,1454.0689961353462
3387,14319,0.875,0.840625,0.9361402240693892,0.8275862068965517,1453.8545645161291
3388,12623,0.6125,0.903125,0.7137128056860619,0.6896551724137931,1453.7915608377978
3389,23830,0.6125,0.20561249999999998,0.9965787254547644,0.0,1453.727750340768
3390,1765,0.625,0.859375,0.6023370678231538,0.8275862068965517,1453.6932741935484
3391,21947,0.8328375000000001,0.1451,0.9729189254306709,0.0,1453.557127443479
3392,22436,0.125,0.22748749999999998,0.97237682206963,0.27586206896551724,1453.536409090909
3393,12608,0.6125,0.871875,0.62643055053608,0.6896551724137931,1453.4470001272962
3394,21723,0.81515,0.868125,0.9581857607517166,0.8275862068965517,1453.370741935484
3395,23529,0.125,0.8087500000000001,0.9879171184194675,0.6896551724137931,1453.274848962933
3396,1596,0.375,0.6875,0.6023370678231538,0.8275862068965517,1453.2093548387097
3397,13168,0.625,0.732625,0.8236477532827369,0.9655172413793103,1453.1996517412936
3398,844,0.75,0.109375,0.62643055053608,0.27586206896551724,1453.081909090909
3399,21746,0.8625,0.85565625,0.9821949162751474,0.9655172413793103,1453.0337479270315
3400,17815,0.625,0.936875,0.831478135164438,0.6896551724137931,1452.9303916051417
3401,11181,0.125,0.684375,0.7240621611853992,0.8275862068965517,1452.8865806451613
3402,13608,0.8625,0.871875,0.6538959161546801,0.8275862068965517,1452.7255
3403,4604,0.6125,0.27164062499999997,0.8892302132273219,0.27586206896551724,1452.6273939393939
3404,12853,0.625,0.78553125,0.9588001445608962,0.9655172413793103,1452.5363018242122
3405,19036,0.3327375,0.90134375,0.924587399108541,0.9655172413793103,1452.5362852404644
3406,11208,0.125,0.8586874999999999,0.9796651005902903,0.9655172413793103,1452.5362354892206
3407,2405,0.1125,0.125,0.8461510661366101,0.0,1452.5333729957483
3408,21746,0.8625,0.85565625,0.9821949162751474,0.6896551724137931,1452.2414424386554
3409,22984,0.5888375,0.8478125000000001,0.9879412119021804,0.6896551724137931,1452.2414252132037
3410,12878,0.625,0.77584375,0.8808095410191542,0.6896551724137931,1452.0692223724857
3411,21855,0.375,0.1618625,0.9827611131189014,0.0,1452.0215213678773
3412,2869,0.125,0.29638437500000003,0.8183471870858932,0.0,1452.0215213678773
3413,21789,0.3625,0.1618625,0.9827611131189014,0.27586206896551724,1451.869909090909
3414,10862,0.125,0.77584375,0.8808095410191542,0.6896551724137931,1451.7247477892424
3415,4013,0.375,0.184375,0.6770473436935309,0.27586206896551724,1451.7184242424241
3416,12316,0.375,0.8252812500000001,0.8897964100710757,0.6896551724137931,1451.5524932721692
3417,11388,0.3625,0.912875,0.8218527888206241,0.6896551724137931,1451.5524588212659
3418,11361,0.3625,0.8634375000000001,0.9629442235875195,0.6896551724137931,1451.5524243703624
3419,13183,0.625,0.692,0.7440320443320082,0.8275862068965517,1451.274193548387
3420,4151,0.375,0.3125,0.8297072641850378,0.27586206896551724,1451.263909090909
3421,23094,0.125,0.1806125,0.9877002770750511,0.27586206896551724,1451.263893939394
3422,12503,0.6125,0.73971875,0.8335742681604624,0.9655172413793103,1451.2098009950248
3423,2546,0.1125,0.3390625,0.6754101915431876,0.27586206896551724,1451.1124242424241
3424,12622,0.6125,0.903125,0.6846187206360679,0.9655172413793103,1451.0437810945273
3425,6169,0.875,0.0577125,0.8399349475966751,0.0,1450.9977839841429
3426,22989,0.39871249999999997,0.8478125000000001,0.9879412119021804,0.9655172413793103,1450.7122553897182
3427,13511,0.8625,0.73971875,0.8335742681604624,0.8275862068965517,1450.6290806451614
3428,11817,0.3625,0.78125,0.8838935068064088,0.6896551724137931,1450.5190867478916
3429,4750,0.625,0.171346875,0.9860498735092157,0.27586206896551724,1450.3548636363637
3430,3724,0.3625,0.171346875,0.9860498735092157,0.27586206896551724,1450.3548636363637
3431,16,0.9375,0.96875,0.62643055053608,0.8275862068965517,1450.3065
3432,1566,0.375,0.65625,0.6023370678231538,0.9655172413793103,1450.2149253731343
3433,11752,0.3625,0.6875,0.7682568365257197,0.6896551724137931,1450.0025299020922
3434,24292,0.5828125,0.81384375,0.9999277195518612,0.6896551724137931,1450.002357647575
3435,6398,0.125,0.3421875,0.716781110709553,0.0,1449.9740636644044
3436,16599,0.3625,0.0712375,0.8605951090230093,0.0,1449.97399540842
3437,852,0.25,0.109375,0.62643055053608,0.27586206896551724,1449.900409090909
3438,1848,0.1875,0.953125,0.6023370678231538,0.6896551724137931,1449.8300859050503
3439,97,0.5625,0.890625,0.62643055053608,0.8275862068965517,1449.822677419355
3440,10874,0.125,0.746875,0.906143838091796,0.9655172413793103,1449.7173466003317
3441,303,0.8125,0.671875,0.62643055053608,0.6896551724137931,1449.6579175152356
3442,14163,0.875,0.75,0.8186844958438743,0.6896551724137931,1449.6579002897838
3443,21167,0.125,0.24936250000000001,0.9637754487411154,0.0,1449.6328008058301
3444,1600,0.625,0.6875,0.6023370678231538,0.8275862068965517,1449.3387903225807
3445,2863,0.125,0.27175937499999997,0.8250090350560174,0.0,1449.2915379472558
3446,20422,0.672475,0.88378125,0.939103722443079,0.8275862068965517,1449.1776129032257
3447,14316,0.875,0.81478125,0.9878207444886157,0.6896551724137931,1449.1411711894673
3448,7427,0.375,0.375,0.65293579086857,0.8275862068965517,1448.855
3449,2891,0.125,0.3390625,0.6754101915431876,0.27586206896551724,1448.8399393939394
3450,8426,0.625,0.3421875,0.716781110709553,0.0,1448.7797033833808
3451,13858,0.875,0.8069375000000001,0.8914468136369111,0.8275862068965517,1448.5324838709678
3452,2128,0.1875,1.0,0.62643055053608,0.9655172413793103,1448.3907462686568
3453,1987,1.0,0.984375,0.6023370678231538,0.9655172413793103,1448.3907462686568
3454,23906,0.625,0.20561249999999998,0.9965787254547644,0.0,1448.2678176275176
3455,297,0.25,0.6875,0.62643055053608,0.6896551724137931,1448.107695763383
3456,2430,0.1125,0.15625,0.8717383447777376,0.13793103448275862,1448.0145217391305
3457,4958,0.625,0.25,0.842561137212384,0.0,1447.9265718329393
3458,4536,0.6125,0.28125,0.7671364895795687,0.27586206896551724,1447.779393939394
3459,3743,0.375,0.15625,0.9722684013974219,0.0,1447.7559489356504
3460,3588,0.3625,0.27175937499999997,0.8250090350560174,0.0,1447.7559489356504
3461,6066,0.875,0.125,0.8461510661366101,0.0,1447.7559318716542
3462,12734,0.6125,0.6761250000000001,0.733739308517046,0.6896551724137931,1447.59170735749
3463,17262,0.125,0.31186250000000004,0.831478135164438,0.0,1447.585308974365
3464,4671,0.6125,0.07712812499999999,0.8743645343934465,0.0,1447.585291910369
3465,22532,0.6125,0.20878125,0.9953860980604745,0.13793103448275862,1447.579811594203
3466,2371,0.1125,0.090625,0.6545717383447777,0.0,1447.4146348850877
3467,23532,0.31513749999999996,0.8025,0.9873147813516442,0.8275862068965517,1447.4035967741936
3468,3872,0.375,0.252184375,0.8525719792796047,0.13793103448275862,1447.2899565217392
3469,2893,0.125,0.3390625,0.7157583423683893,0.27586206896551724,1447.1734393939394
3470,3305,0.3625,0.3125,0.8297072641850378,0.27586206896551724,1447.173409090909
3471,4805,0.625,0.07740312499999999,0.8288158053246596,0.13793103448275862,1447.1449855072465
3472,10610,0.1125,0.903125,0.8009998795325863,0.6896551724137931,1447.0742892391054
3473,20363,0.5827625000000001,0.87946875,0.9448379713287555,0.8275862068965517,1446.9197580645161
3474,12135,0.375,0.778125,0.650786652210577,0.6896551724137931,1446.9021208492907
3475,289,0.75,0.6875,0.62643055053608,0.9655172413793103,1446.8983416252072
3476,11966,0.375,0.8836562499999999,0.8647873750150584,0.8275862068965517,1446.7584032258064
3477,12346,0.6125,0.8252812500000001,0.8897964100710757,0.9655172413793103,1446.7325538971807
3478,5259,0.8625,0.208765625,0.9009275990844476,0.0,1446.732211551916
3479,13619,0.8625,0.875,0.7615106613661005,0.6896551724137931,1446.7298146558621
3480,23751,0.3625,0.19007812500000001,0.9877966510059029,0.27586206896551724,1446.7189090909092
3481,855,0.0625,0.109375,0.62643055053608,0.27586206896551724,1446.5674242424243
3482,5587,0.8625,0.3390625,0.6552355137935189,0.27586206896551724,1446.5674242424243
3483,18070,0.8625,0.07753125000000001,0.8891699795205397,0.0,1446.5615886546268
3484,12175,0.375,0.692,0.7440320443320082,0.8275862068965517,1446.4359677419354
3485,1848,0.1875,0.953125,0.6023370678231538,0.9655172413793103,1446.40087893864
3486,4948,0.625,0.28125,0.7671364895795687,0.27586206896551724,1446.264409090909
3487,13934,0.875,0.684375,0.7872545476448619,0.6896551724137931,1446.213257810063
3488,20520,0.125,0.1368625,0.9785086134200698,0.13793103448275862,1446.1306086956522
3489,6253,0.875,0.3125,0.8084809059149499,0.27586206896551724,1446.1129090909092
3490,17963,0.6125,0.0931125,0.9069871099867486,0.27586206896551724,1446.1128939393939
3491,2718,0.1125,0.184375,0.9879412119021804,0.0,1446.0497028987634
3492,5469,0.8625,0.17732187500000002,0.8788820624021202,0.0,1446.0496687707712
3493,5339,0.8625,0.32008749999999997,0.822816528129141,0.13793103448275862,1445.9857246376812
3494,13157,0.625,0.746875,0.62643055053608,0.9655172413793103,1445.903449419569
3495,17977,0.6125,0.0962375,0.9126249849415733,0.0,1445.8790800014742
3496,3317,0.3625,0.308090625,0.8562823756173954,0.13793103448275862,1445.8408405797102
3497,11494,0.3625,0.732625,0.8236477532827369,0.9655172413793103,1445.7377114427861
3498,11026,0.125,0.903125,0.62643055053608,0.9655172413793103,1445.7374792703151
3499,896,0.3125,0.0625,0.62643055053608,0.13793103448275862,1445.695884057971
3500,4680,0.6125,0.0840125,0.8218527888206241,0.13793103448275862,1445.5509855072464
3501,4245,0.6125,0.3125,0.7872545476448619,0.0,1445.5378512708924
3502,22603,0.8625,0.21195312500000002,0.9940127695458378,0.27586206896551724,1445.5069090909092
3503,3793,0.375,0.07740312499999999,0.8288158053246596,0.27586206896551724,1445.5068636363637
3504,2887,0.125,0.32720625000000003,0.6958065293338151,0.0,1445.3672454375994
3505,13994,0.875,0.914875,0.8115046379954222,0.6896551724137931,1445.1796101294613
3506,20433,0.7914125000000001,0.88534375,0.9368871220334899,0.8275862068965517,1445.145758064516
3507,13604,0.8625,0.84375,0.8699915672810504,0.9655172413793103,1445.074328358209
3508,11130,0.125,0.75,0.8461510661366101,0.6896551724137931,1445.0074934160018
3509,22965,0.375,0.83690625,0.9940368630285508,0.8275862068965517,1444.9843870967743
3510,20562,0.42247500000000004,0.13374999999999998,0.9632453921214311,0.13793103448275862,1444.971391304348
3511,12972,0.625,0.896625,0.8892302132273219,0.9655172413793103,1444.9085240464344
3512,5683,0.8625,0.07712812499999999,0.8743645343934465,0.27586206896551724,1444.9008787878788
3513,5017,0.625,0.184375,0.62643055053608,0.0,1444.855359681736
3514,13534,0.8625,0.778125,0.675142753885074,0.8275862068965517,1444.8232096774193
3515,22967,0.6125,0.8525,0.984652451511866,0.8275862068965517,1444.8231129032258
3516,12315,0.375,0.83803125,0.8851825081315503,0.9655172413793103,1444.7427031509121
3517,21607,0.33885,0.8696875000000001,0.9690157812311769,0.8275862068965517,1444.3393709677418
3518,1771,0.0625,0.875,0.6023370678231538,0.6896551724137931,1444.3185270240638
3519,13324,0.625,0.8252812500000001,0.8897964100710757,0.9655172413793103,1444.245240464345
3520,2991,0.125,0.1875,0.8542103361040838,0.13793103448275862,1444.1018840579711
3521,12755,0.6125,0.70025,0.7775207806288399,0.8275862068965517,1444.0168709677419
3522,19334,0.81515,0.105675,0.9282255149981928,0.13793103448275862,1443.957
3523,650,0.6875,0.3125,0.62643055053608,0.13793103448275862,1443.9569420289854
3524,10569,0.1125,0.840625,0.62643055053608,0.8275862068965517,1443.8555161290324
3525,8152,0.3625,0.3421875,0.716781110709553,0.0,1443.8316222980015
3526,3910,0.375,0.3421875,0.6264305505360801,0.13793103448275862,1443.8120869565219
3527,23706,0.6724625,0.79628125,0.9981086616070354,0.8275862068965517,1443.6943064516129
3528,11164,0.125,0.715625,0.6827141308276111,0.8275862068965517,1443.694241935484
3529,12059,0.375,0.871875,0.6813612817732804,0.9655172413793103,1443.5819071310116
3530,2841,0.125,0.100115625,0.8250090350560174,0.13793103448275862,1443.5222028985506
3531,3445,0.3625,0.17732187500000002,0.8788820624021202,0.0,1443.490325311435
3532,17928,0.125,0.0931125,0.9203228526683531,0.27586206896551724,1443.3858484848486
3533,6596,0.125,0.6515625,0.6754101915431876,0.6896551724137931,1443.2846726380417
3534,2419,0.1125,0.153125,0.62643055053608,0.13793103448275862,1443.2324492753623
3535,7579,0.375,0.59375,0.6827141308276111,0.8275862068965517,1443.2104193548387
3536,12461,0.6125,0.65996875,0.7669437417178653,0.6896551724137931,1443.1128832081645
3537,24331,0.625,0.81190625,1.0,0.6896551724137931,1443.1128143063577
3538,21305,0.654725,0.23260625,0.9682568365257197,0.13793103448275862,1443.0875217391304
3539,5799,0.875,0.13783125000000002,0.8712323816407661,0.13793103448275862,1443.0874782608696
3540,21658,0.6125,0.85565625,0.9698831466088423,0.8275862068965517,1443.0491129032257
3541,21842,0.3388,0.157184375,0.9926876279966268,0.13793103448275862,1442.9425942028986
3542,3341,0.3625,0.1381875,0.9796651005902903,0.13793103448275862,1442.9425072463769
3543,998,0.5,0.0625,0.6023370678231538,0.0,1442.807850786275
3544,12513,0.6125,0.75,0.8186844958438743,0.6896551724137931,1442.7683741740182
3545,10912,0.125,0.684375,0.8297072641850378,0.9655172413793103,1442.5870646766168
3546,13790,0.8625,0.72715625,0.8990362606914829,0.9655172413793103,1442.5870646766168
3547,11419,0.3625,0.89396875,0.9368871220334899,0.9655172413793103,1442.5869485903813
3548,616,0.9375,0.34375,0.62643055053608,0.13793103448275862,1442.5078695652173
3549,4228,0.375,0.3125,0.7872545476448619,0.0,1442.4666391196888
3550,10441,0.1125,0.68271875,0.8399349475966751,0.9655172413793103,1442.4214262023218
3551,3456,0.3625,0.184375,0.62643055053608,0.27586206896551724,1442.325409090909
3552,3158,0.125,0.2880625,0.8888085772798457,0.0,1442.2960332863959
3553,11375,0.3625,0.89484375,0.9224189856643776,0.9655172413793103,1442.2553399668325
3554,40,0.375,0.953125,0.62643055053608,0.6896551724137931,1442.2516278482499
3555,20990,0.4047625,0.7630312499999999,0.9671846765449945,0.8275862068965517,1442.242806451613
3556,11437,0.3625,0.7631875,0.9796651005902903,0.8275862068965517,1442.2427741935485
3557,8609,0.625,0.625,0.6508384531984098,0.13793103448275862,1442.218623188406
3558,2749,0.125,0.153125,0.9560534875316226,0.13793103448275862,1442.2180434782608
3559,885,0.0625,0.078125,0.62643055053608,0.13793103448275862,1442.2179855072463
3560,4620,0.6125,0.113090625,0.8441633538127936,0.0,1441.9547704278216
3561,3116,0.125,0.17483437500000001,0.9989157932779182,0.0,1441.9547192358334
3562,5797,0.875,0.1443125,0.8764004336826888,0.13793103448275862,1441.9281304347826
3563,3081,0.125,0.059375,0.7240621611853992,0.13793103448275862,1441.9280869565218
3564,11799,0.3625,0.7606875,0.9339838573665823,0.9655172413793103,1441.9237479270314
3565,7419,0.375,0.366625,0.7092350319238645,0.27586206896551724,1441.8709242424243
3566,22603,0.8625,0.21195312500000002,0.9940127695458378,0.13793103448275862,1441.7832753623188
3567,881,0.3125,0.078125,0.62643055053608,0.13793103448275862,1441.7832463768116
3568,13895,0.875,0.7205625,0.9114323575472835,0.8275862068965517,1441.759
3569,10622,0.1125,0.9252812499999999,0.7551740754126008,0.9655172413793103,1441.7577777777778
3570,23871,0.625,0.18690625,0.9879532586435369,0.27586206896551724,1441.719409090909
3571,3764,0.375,0.153125,0.978279725334297,0.0,1441.6135075692473
3572,11490,0.3625,0.71875,0.655524635586074,0.6896551724137931,1441.5627992599257
3573,21569,0.125,0.85565625,0.9698831466088423,0.8275862068965517,1441.4363709677418
3574,8614,0.625,0.6404062500000001,0.6778038790507167,0.9655172413793103,1441.425655058043
3575,11175,0.125,0.6875,0.7059462715335502,0.6896551724137931,1441.3910270555002
3576,11453,0.3625,0.65996875,0.7669437417178653,0.6896551724137931,1441.390682546466
3577,11177,0.125,0.684375,0.62643055053608,0.48275862068965514,1441.2872069056293
3578,5724,0.8625,0.153125,0.978279725334297,0.0,1441.2722617746692
3579,12053,0.375,0.871875,0.62643055053608,0.9655172413793103,1441.2603482587065
3580,4166,0.375,0.30108437499999996,0.8357908685700518,0.27586206896551724,1441.113393939394
3581,5681,0.8625,0.0625,0.7469943380315623,0.0,1441.101604749388
3582,12778,0.6125,0.746875,0.906143838091796,0.9655172413793103,1441.0946600331674
3583,14248,0.875,0.7417812500000001,0.9567642452716538,0.9655172413793103,1441.0946102819237
3584,13155,0.625,0.75,0.8186844958438743,0.6896551724137931,1441.046018483254
3585,13082,0.625,0.84375,0.8456330562582821,0.8275862068965517,1440.952564516129
3586,13974,0.875,0.8590312499999999,0.8712323816407661,0.8275862068965517,1440.9525483870968
3587,12612,0.6125,0.875,0.7344970485483676,0.9655172413793103,1440.7630016583748
3588,1950,0.0,0.9375,0.6023370678231538,0.8275862068965517,1440.6299677419354
3589,6027,0.875,0.1875,0.8542103361040838,0.13793103448275862,1440.6239710144928
3590,12816,0.6125,0.78553125,0.9588001445608962,0.6896551724137931,1440.3570865422196
3591,13754,0.8625,0.66559375,0.7470545717383447,0.8275862068965517,1440.3085
3592,11503,0.3625,0.746875,0.842561137212384,0.8275862068965517,1440.3075483870969
3593,2126,0.3125,1.0,0.62643055053608,0.9655172413793103,1440.2655223880597
3594,12316,0.375,0.8252812500000001,0.8897964100710757,0.9655172413793103,1440.2655223880597
3595,4807,0.625,0.064178125,0.8427538850740873,0.27586206896551724,1440.2043787878788
3596,14253,0.875,0.7078125,0.9004216359474762,0.8275862068965517,1440.1463225806451
3597,2429,0.1125,0.15625,0.62643055053608,0.13793103448275862,1440.044304347826
3598,14002,0.875,0.934375,0.789519335019877,0.6896551724137931,1440.0125086062662
3599,12513,0.6125,0.75,0.8186844958438743,0.9655172413793103,1439.9338971807629
3600,3412,0.3625,0.125,0.7362920130104806,0.27586206896551724,1439.901393939394
3601,12930,0.625,0.6673125,0.7767256956993133,0.9655172413793103,1439.7682587064676
3602,10432,0.1125,0.7417812500000001,0.9567642452716538,0.9655172413793103,1439.6022222222223
3603,89,0.12499999999999774,0.90625,0.62643055053608,0.8275862068965517,1439.5011129032257
3604,13555,0.8625,0.78825,0.8749909649439825,0.8275862068965517,1439.5011129032257
3605,4833,0.625,0.059375,0.8084809059149499,0.0,1439.395375776497
3606,11260,0.125,0.9262812500000001,0.8589928924225997,0.6896551724137931,1439.3235766652317
3607,11781,0.3625,0.77584375,0.8808095410191542,0.9655172413793103,1439.2706301824212
3608,13973,0.875,0.8525625,0.8764004336826888,0.9655172413793103,1439.2705804311775
3609,10888,0.125,0.715625,0.9023370678231537,0.9655172413793103,1439.1048424543947
3610,20432,0.8151250000000001,0.8838125,0.9390555354776532,0.8275862068965517,1439.0173387096775
3611,6113,0.875,0.059375,0.62643055053608,0.27586206896551724,1438.9919696969696
3612,3179,0.125,0.2361875,0.9339838573665823,0.27586206896551724,1438.840909090909
3613,2373,0.1125,0.090625,0.7108553186363088,0.27586206896551724,1438.840893939394
3614,36,0.625,0.953125,0.62643055053608,0.9655172413793103,1438.7731177446103
3615,21916,0.5828375,0.15991875,0.9940127695458378,0.0,1438.712935379329
3616,12936,0.625,0.6639062499999999,0.7352017829177208,0.8275862068965517,1438.6950161290322
3617,9638,0.875,0.6515625,0.6754101915431876,0.6896551724137931,1438.6341968624529
3618,10610,0.1125,0.903125,0.8009998795325863,0.9655172413793103,1438.6072968490878
3619,11394,0.3625,0.90625,0.8586073966991927,0.8275862068965517,1438.5335161290323
3620,12789,0.6125,0.77584375,0.8808095410191542,0.6896551724137931,1438.4624763343825
3621,10892,0.125,0.6875,0.7682568365257197,0.9655172413793103,1438.44184079602
3622,14082,0.875,0.84375,0.650786652210577,0.9655172413793103,1438.4415588723052
3623,13155,0.625,0.75,0.8186844958438743,0.9655172413793103,1438.4414925373135
3624,12167,0.375,0.71875,0.62643055053608,0.6896551724137931,1438.290290719116
3625,5260,0.8625,0.2045125,0.9166606432959884,0.27586206896551724,1438.083409090909
3626,21711,0.625,0.874375,0.9511866040236115,0.6896551724137931,1437.9457472340662
3627,23738,0.332875,0.20366875,0.9851343211661244,0.13793103448275862,1437.870652173913
3628,3643,0.3625,0.04685281249999999,0.7463052644259728,0.13793103448275862,1437.8706086956522
3629,878,0.5,0.078125,0.62643055053608,0.13793103448275862,1437.7256811594202
3630,12275,0.375,0.88815625,0.8866401638356823,0.9655172413793103,1437.6124046434495
3631,22392,0.625,0.76815625,0.9837128056860619,0.6896551724137931,1437.6012726508231
3632,17675,0.3625,0.936875,0.831478135164438,0.6896551724137931,1437.6012554253714
3633,19326,0.5887875,0.11343125000000001,0.9523310444524755,0.13793103448275862,1437.580811594203
3634,13157,0.625,0.746875,0.62643055053608,0.6896551724137931,1437.4290353592014
3635,5303,0.8625,0.26985625,0.9224189856643776,0.0,1437.3479522010166
3636,4567,0.6125,0.3421875,0.6264305505360801,0.13793103448275862,1437.291
3637,32,0.875,0.953125,0.62643055053608,0.6896551724137931,1437.2567636166766
3638,95,0.6875,0.890625,0.62643055053608,0.8275862068965517,1437.2432903225806
3639,3480,0.3625,0.215625,0.8717383447777376,0.27586206896551724,1437.0229242424243
3640,2787,0.125,0.090625,0.8367546078785688,0.13793103448275862,1436.8562463768117
3641,2572,0.1125,0.278125,0.8360558968798939,0.0,1436.8360835091494
3642,4457,0.6125,0.17732187500000002,0.8788820624021202,0.0,1436.836032317161
3643,3717,0.3625,0.15625,0.9722684013974219,0.0,1436.6654606118602
3644,11708,0.3625,0.71875,0.8796530538489338,0.9655172413793103,1436.6175456053068
3645,11907,0.375,0.70025,0.7775207806288399,0.8275862068965517,1436.5982580645161
3646,12160,0.375,0.732625,0.8236477532827369,0.8275862068965517,1436.5982580645161
3647,3909,0.375,0.3421875,0.7468979641007107,0.27586206896551724,1436.568393939394
3648,893,0.5,0.0625,0.62643055053608,0.0,1436.4948035865789
3649,13169,0.625,0.73971875,0.8335742681604624,0.9655172413793103,1436.4517412935325
3650,2120,0.6875,1.0,0.62643055053608,0.9655172413793103,1436.451625207297
3651,12753,0.6125,0.71346875,0.8046500421635947,0.8275862068965517,1436.4369838709677
3652,13803,0.8625,0.75,0.9027707505119864,0.8275862068965517,1436.436935483871
3653,4563,0.6125,0.3421875,0.7468979641007107,0.27586206896551724,1436.416909090909
3654,10903,0.125,0.7070000000000001,0.8115046379954222,0.6896551724137931,1436.3956632858274
3655,10847,0.125,0.75196875,0.9562703288760389,0.8275862068965517,1436.2756290322582
3656,17420,0.8625,0.299453125,0.8775810143356222,0.13793103448275862,1436.1316811594204
3657,22610,0.625,0.22436249999999996,0.9868931454041681,0.13793103448275862,1436.131623188406
3658,12636,0.6125,0.915875,0.7761354053728465,0.8275862068965517,1436.114370967742
3659,4944,0.625,0.28125,0.6545717383447777,0.27586206896551724,1436.1138787878788
3660,12861,0.625,0.7606875,0.9339838573665823,0.6896551724137931,1436.051137026229
3661,11307,0.125,0.83803125,0.8851825081315503,0.6896551724137931,1436.0511198007773
3662,5409,0.8625,0.090625,0.7108553186363088,0.27586206896551724,1435.810893939394
3663,13830,0.8625,0.78125,0.9501746777496686,0.6896551724137931,1435.7066624429858
3664,10984,0.125,0.939625,0.7330092759908444,0.8275862068965517,1435.4692741935485
3665,13364,0.8625,0.840625,0.9141910613179135,0.8275862068965517,1435.3080322580645
3666,8440,0.625,0.375,0.67944103120106,0.13793103448275862,1435.2622318840579
3667,5868,0.875,0.11320625,0.8647873750150584,0.13793103448275862,1435.26215942029
3668,6941,0.1125,0.6515625,0.6754101915431876,0.6896551724137931,1435.1895199318285
3669,12930,0.625,0.6673125,0.7767256956993133,0.8275862068965517,1435.1467741935485
3670,19133,0.8625,0.915,0.8847729189254305,0.8275862068965517,1435.1466612903225
3671,2341,0.1125,0.0577125,0.8399349475966751,0.0,1435.1298545362586
3672,13776,0.8625,0.715625,0.9023370678231537,0.9655172413793103,1435.1251409618574
3673,32,0.875,0.953125,0.62643055053608,0.9655172413793103,1435.1250580431176
3674,4893,0.625,0.29638437500000003,0.8183471870858932,0.0,1434.9592316389694
3675,3458,0.3625,0.1875,0.8289001325141548,0.27586206896551724,1434.9019242424242
3676,2126,0.3125,1.0,0.62643055053608,0.6896551724137931,1434.8454587594265
3677,12325,0.375,0.9375,0.8084809059149499,0.8275862068965517,1434.8240967741935
3678,13160,0.625,0.746875,0.7615106613661005,0.9655172413793103,1434.6276782752902
3679,5848,0.875,0.059375,0.8297072641850378,0.27586206896551724,1434.598893939394
3680,2443,0.1125,0.184375,0.8795084929526562,0.13793103448275862,1434.5376231884059
3681,278,0.5,0.703125,0.62643055053608,0.8275862068965517,1434.5015967741936
3682,11985,0.375,0.934375,0.7682568365257197,0.6896551724137931,1434.5008808234732
3683,2047,1.0,0.046875,0.6023370678231538,0.0,1434.44732881911
3684,5967,0.875,0.278125,0.655524635586074,0.13793103448275862,1434.3926086956521
3685,5956,0.875,0.28125,0.6545717383447777,0.27586206896551724,1434.2958787878788
3686,2049,1.0,0.015625,0.6023370678231538,0.0,1434.2767400498133
3687,5504,0.8625,0.215625,0.8717383447777376,0.0,1434.2767400498133
3688,19854,0.125,0.26811250000000003,0.9252258764004336,0.13793103448275862,1434.2477971014494
3689,3050,0.125,0.1006375,0.8127815925792072,0.13793103448275862,1434.1028550724639
3690,10008,0.8625,0.603375,0.7761354053728465,0.8275862068965517,1433.8569193548387
3691,12344,0.6125,0.83803125,0.8851825081315503,0.6896551724137931,1433.812035009697
3692,5838,0.875,0.075490625,0.8183471870858932,0.13793103448275862,1433.5231449275361
3693,11318,0.125,0.8050312500000001,0.9129743404409107,0.6896551724137931,1433.4675776519057
3694,13343,0.8625,0.8050312500000001,0.9129743404409107,0.6896551724137931,1433.4675776519057
3695,1045,0.625,0.109375,0.6023370678231538,0.27586206896551724,1433.386909090909
3696,2055,1.0,0.078125,0.62643055053608,0.13793103448275862,1433.3782898550724
3697,1814,0.875,0.90625,0.6023370678231538,0.8275862068965517,1433.3726935483871
3698,5607,0.8625,0.278125,0.8578604987350921,0.0,1433.2529856020826
3699,2821,0.125,0.057245937499999996,0.7330092759908444,0.13793103448275862,1433.2334057971013
3700,24310,0.8388124999999998,0.8166249999999999,0.9876641368509818,0.8275862068965517,1433.2114677419354
3701,11817,0.3625,0.78125,0.8838935068064088,0.9655172413793103,1433.1352570480929
3702,10388,0.1125,0.90625,0.8148897723165883,0.8275862068965517,1433.0501935483871
3703,13354,0.8625,0.8252812500000001,0.8897964100710757,0.9655172413793103,1432.9694029850746
3704,11838,0.375,0.78125,0.9501746777496686,0.6896551724137931,1432.9508830024927
3705,871,0.9375,0.078125,0.62643055053608,0.13793103448275862,1432.9435507246376
3706,13807,0.8625,0.76496875,0.96883508011083,0.9655172413793103,1432.8035655058043
3707,2418,0.1125,0.153125,0.8699915672810504,0.27586206896551724,1432.780909090909
3708,10934,0.125,0.7252500000000001,0.8892302132273219,0.6896551724137931,1432.778662936323
3709,10382,0.1125,0.92609375,0.8357908685700518,0.6896551724137931,1432.778525132709
3710,23831,0.375,0.18690625,1.0,0.0,1432.7410998462192
3711,1793,0.5,0.890625,0.6023370678231538,0.8275862068965517,1432.5663387096774
3712,2118,0.8125,1.0,0.62643055053608,0.9655172413793103,1432.3061194029851
3713,11375,0.3625,0.89484375,0.9224189856643776,0.6896551724137931,1432.2618649341996
3714,13142,0.625,0.778125,0.675142753885074,0.8275862068965517,1432.2438225806452
3715,13556,0.8625,0.79528125,0.8773762197325623,0.8275862068965517,1432.2437580645162
3716,3680,0.3625,0.1153,0.8742561137212383,0.13793103448275862,1432.2190434782608
3717,5255,0.8625,0.180040625,0.9129743404409107,0.13793103448275862,1432.2190289855073
3718,4776,0.625,0.153125,0.978279725334297,0.0,1432.058625321059
3719,4492,0.6125,0.215625,0.8717383447777376,0.27586206896551724,1431.8719242424243
3720,5464,0.8625,0.15625,0.6509613299602457,0.13793103448275862,1431.7842753623188
3721,3328,0.3625,0.2336875,0.9796651005902903,0.13793103448275862,1431.7842608695653
3722,13783,0.8625,0.7335625,0.9325864353692326,0.8275862068965517,1431.7599193548388
3723,13973,0.875,0.8525625,0.8764004336826888,0.6896551724137931,1431.7451702847866
3724,1041,0.375,0.109375,0.6023370678231538,0.27586206896551724,1431.720409090909
3725,3855,0.375,0.113090625,0.8441633538127936,0.0,1431.7174136544731
3726,4774,0.625,0.153125,0.9338392964703047,0.13793103448275862,1431.6393768115943
3727,6415,0.125,0.375,0.7324515118660402,0.13793103448275862,1431.6393623188405
3728,4939,0.625,0.28125,0.7952776773882665,0.13793103448275862,1431.6393333333333
3729,10686,0.1125,0.8590312499999999,0.8712323816407661,0.8275862068965517,1431.5986612903225
3730,22465,0.12499999999999992,0.21190625000000002,0.9940368630285508,0.27586206896551724,1431.568909090909
3731,4591,0.6125,0.29638437500000003,0.8183471870858932,0.27586206896551724,1431.4174090909091
3732,4594,0.6125,0.278125,0.8796530538489338,0.0,1431.3761166679067
3733,4601,0.6125,0.252184375,0.8525719792796047,0.13793103448275862,1431.3495217391305
3734,6235,0.875,0.20273750000000001,0.9854234429586796,0.13793103448275862,1431.3494782608695
3735,10778,0.1125,0.75,0.9248042404529574,0.8275862068965517,1431.276129032258
3736,16762,0.625,0.0712375,0.8605951090230093,0.13793103448275862,1431.2045507246378
3737,12711,0.6125,0.7315625,0.8349837368991687,0.8275862068965517,1431.114935483871
3738,11267,0.125,0.88815625,0.8866401638356823,0.8275862068965517,1431.114870967742
3739,11708,0.3625,0.71875,0.8796530538489338,0.6896551724137931,1431.0563416964624
3740,2120,0.6875,1.0,0.62643055053608,0.6896551724137931,1431.056238343752
3741,21610,0.15468500000000002,0.87240625,0.9660040958920612,0.8275862068965517,1430.792322580645
3742,13617,0.8625,0.875,0.8155402963498374,0.8275862068965517,1430.792193548387
3743,4312,0.6125,0.28125,0.8148897723165883,0.27586206896551724,1430.6599090909092
3744,4170,0.375,0.2880625,0.8888085772798457,0.0,1430.5230363094536
3745,660,0.0625,0.3125,0.62643055053608,0.0,1430.5230192454574
3746,8433,0.625,0.366625,0.7092350319238645,0.27586206896551724,1430.5084242424243
3747,12114,0.375,0.79528125,0.8773762197325623,0.8275862068965517,1430.4697258064516
3748,7126,0.1125,0.375,0.62643055053608,0.8275862068965517,1430.4697096774194
3749,17342,0.6125,0.31186250000000004,0.831478135164438,0.27586206896551724,1430.356893939394
3750,12135,0.375,0.778125,0.650786652210577,0.9655172413793103,1430.3163018242124
3751,24331,0.625,0.81190625,1.0,0.9655172413793103,1430.3162354892206
3752,14173,0.875,0.746875,0.842561137212384,0.8275862068965517,1430.3085322580646
3753,13961,0.875,0.71875,0.8796530538489338,0.8275862068965517,1430.3085161290323
3754,22313,0.40466250000000004,0.77009375,0.9729189254306709,0.8275862068965517,1430.3085161290323
3755,5177,0.625,0.28125,0.8148897723165883,0.27586206896551724,1430.2054090909091
3756,5817,0.875,0.07740312499999999,0.8288158053246596,0.27586206896551724,1430.2053636363637
3757,24338,0.8625,0.8150625,0.9998554391037224,0.9655172413793103,1430.1503814262023
3758,11560,0.3625,0.8125,0.6770473436935309,0.8275862068965517,1430.1472258064516
3759,17815,0.625,0.936875,0.831478135164438,0.9655172413793103,1429.9846434494195
3760,5553,0.8625,0.28125,0.62643055053608,0.27586206896551724,1429.9023636363636
3761,13484,0.8625,0.684375,0.62643055053608,0.48275862068965514,1429.7927690456017
3762,20356,0.5888625000000001,0.8915625,0.9276593181544391,0.6896551724137931,1429.6783572362315
3763,23834,0.375,0.20561249999999998,0.9965787254547644,0.0,1429.669921823008
3764,5702,0.8625,0.102146875,0.8990362606914829,0.0,1429.669904759012
3765,1910,0.0,0.3125,0.6023370678231538,0.0,1429.669904759012
3766,23716,0.83285,0.8067812499999999,0.9998554391037224,0.8275862068965517,1429.6634193548387
3767,6180,0.875,0.33754375,0.7478014697024454,0.13793103448275862,1429.6106231884057
3768,13677,0.8625,0.939625,0.7330092759908444,0.8275862068965517,1429.5021290322582
3769,17930,0.125,0.07753125000000001,0.8891699795205397,0.0,1429.4992989257191
3770,8146,0.3625,0.3468125,0.6440983014094687,0.13793103448275862,1429.4657101449275
3771,21010,0.6125,0.74628125,0.9497048548367667,0.8275862068965517,1429.3408870967742
3772,135,0.0625,0.859375,0.62643055053608,0.8275862068965517,1429.1795967741934
3773,5421,0.8625,0.1006375,0.8127815925792072,0.13793103448275862,1429.1758260869565
3774,6131,0.875,0.32008749999999997,0.822816528129141,0.13793103448275862,1429.1757826086957
3775,5395,0.8625,0.059375,0.7240621611853992,0.13793103448275862,1429.1757246376812
3776,11308,0.125,0.8252812500000001,0.8897964100710757,0.6896551724137931,1429.161628135915
3777,13830,0.8625,0.78125,0.9501746777496686,0.9655172413793103,1429.1555389718076
3778,10178,0.8625,0.36146875,0.6938103842910492,0.27586206896551724,1428.9934242424242
3779,2267,0.1125,0.26985625,0.9224189856643776,0.27586206896551724,1428.9933939393939
3780,13931,0.875,0.65934375,0.7478014697024454,0.6896551724137931,1428.9897525787794
3781,22886,0.125,0.8525,0.97237682206963,0.8275862068965517,1428.8569838709677
3782,5130,0.625,0.248021875,0.9653294783760993,0.0,1428.8168073365628
3783,9449,0.875,0.371875,0.6752463558607397,0.13793103448275862,1428.741115942029
3784,13581,0.8625,0.82659375,0.8773762197325623,0.8275862068965517,1428.695806451613
3785,7890,0.3625,0.3453125,0.6552355137935189,0.27586206896551724,1428.6904393939394
3786,17995,0.6125,0.0931125,0.9203228526683531,0.27586206896551724,1428.6903484848485
3787,14230,0.875,0.87303125,0.9653294783760993,0.9655172413793103,1428.657993366501
3788,1909,0.0,0.296875,0.6023370678231538,0.0,1428.6461844392736
3789,12053,0.375,0.871875,0.62643055053608,0.6896551724137931,1428.64481290834
3790,3095,0.125,0.32008749999999997,0.822816528129141,0.13793103448275862,1428.4512463768117
3791,4867,0.625,0.113090625,0.8441633538127936,0.0,1428.1343157474064
3792,4891,0.625,0.278125,0.8796530538489338,0.27586206896551724,1428.0843787878787
3793,1060,0.625,0.125,0.6023370678231538,0.13793103448275862,1428.0165507246377
3794,5929,0.875,0.3390625,0.7157583423683893,0.0,1427.9636928501175
3795,23757,0.3625,0.18690625,1.0,0.0,1427.963658722125
3796,5358,0.8625,0.189640625,0.9998795325864354,0.0,1427.963658722125
3797,11495,0.3625,0.73971875,0.8335742681604624,0.9655172413793103,1427.8290547263682
3798,12167,0.375,0.71875,0.62643055053608,0.9655172413793103,1427.8290381426202
3799,2925,0.125,0.28125,0.62643055053608,0.0,1427.7930016968437
3800,3235,0.3625,0.208765625,0.9009275990844476,0.27586206896551724,1427.7814090909092
3801,658,0.1875,0.3125,0.62643055053608,0.13793103448275862,1427.7266811594202
3802,17985,0.375,0.0962375,0.9126249849415733,0.0,1427.6224299915432
3803,11144,0.125,0.746875,0.7615106613661005,0.6896551724137931,1427.611561413128
3804,17786,0.6125,0.9244375,0.8775810143356222,0.6896551724137931,1427.611492511321
3805,1592,0.125,0.6875,0.6023370678231538,0.8275862068965517,1427.4055
3806,2569,0.1125,0.309375,0.8320322852668354,0.13793103448275862,1427.292
3807,5438,0.8625,0.125,0.6813612817732804,0.13793103448275862,1427.291927536232
3808,3667,0.3625,0.07740312499999999,0.8288158053246596,0.0,1427.2811500689727
3809,9983,0.8625,0.6515625,0.6754101915431876,0.6896551724137931,1427.26653561543
3810,10801,0.1125,0.8069375000000001,0.8914468136369111,0.8275862068965517,1427.2442903225806
3811,5363,0.8625,0.15274062500000002,0.9902300927599084,0.27586206896551724,1427.1753181818183
3812,14277,0.875,0.90625,0.8148897723165883,0.8275862068965517,1427.0830322580646
3813,13039,0.625,0.90625,0.7389965064450066,0.8275862068965517,1427.0829032258064
3814,21817,0.12499999999999992,0.14628125,0.9860257800265027,0.27586206896551724,1427.0238636363636
3815,4534,0.6125,0.278125,0.8009998795325863,0.13793103448275862,1427.0021304347827
3816,19224,0.125,0.11498749999999999,0.9544151307071437,0.13793103448275862,1427.0020724637682
3817,12825,0.6125,0.78125,0.8838935068064088,0.6896551724137931,1426.9225605702866
3818,2640,0.1125,0.06880312499999999,0.7626671485363209,0.27586206896551724,1426.720893939394
3819,879,0.4375,0.078125,0.62643055053608,0.13793103448275862,1426.5673768115942
3820,9622,0.875,0.625,0.6752463558607397,0.8275862068965517,1426.4375
3821,10766,0.1125,0.72715625,0.8990362606914829,0.6896551724137931,1426.4059003717769
3822,2118,0.8125,1.0,0.62643055053608,0.6896551724137931,1426.40583146997
3823,11838,0.375,0.78125,0.9501746777496686,0.9655172413793103,1426.336600331675
3824,2330,0.1125,0.13098749999999998,0.9729671123960967,0.0,1426.257395621242
3825,13031,0.625,0.90625,0.7952776773882665,0.8275862068965517,1426.1152741935484
3826,12623,0.6125,0.903125,0.7137128056860619,0.9655172413793103,1426.0049087893865
3827,6596,0.125,0.6515625,0.6754101915431876,0.9655172413793103,1426.004527363184
3828,21308,0.8625,0.23065625,0.9821949162751474,0.13793103448275862,1425.9877826086956
3829,13914,0.875,0.702125,0.8743645343934465,0.6896551724137931,1425.8892746241709
3830,10505,0.1125,0.75,0.8461510661366101,0.9655172413793103,1425.8391376451077
3831,17786,0.6125,0.9244375,0.8775810143356222,0.9655172413793103,1425.839104477612
3832,20331,0.33276249999999996,0.87946875,0.9575352367184676,0.8275862068965517,1425.6315483870967
3833,13313,0.625,0.840625,0.9800385495723407,0.8275862068965517,1425.6315
3834,12385,0.6125,0.88815625,0.8866401638356823,0.6896551724137931,1425.544662237314
3835,11870,0.375,0.77584375,0.8808095410191542,0.9655172413793103,1425.507495854063
3836,12077,0.375,0.840625,0.8471991326346222,0.8275862068965517,1425.4703225806452
3837,21926,0.65475,0.15991875,0.9818817009998795,0.13793103448275862,1425.2632173913044
3838,20692,0.832825,0.138040625,0.9795446331767256,0.13793103448275862,1425.2632028985506
3839,2889,0.125,0.33519375,0.6691205878809782,0.27586206896551724,1425.205909090909
3840,12210,0.375,0.90078125,0.9256113721238406,0.8275862068965517,1425.1476129032258
3841,13914,0.875,0.702125,0.8743645343934465,0.9655172413793103,1425.0101658374792
3842,1127,0.125,0.203125,0.6023370678231538,0.13793103448275862,1424.9733913043478
3843,21309,0.8625,0.24936250000000001,0.9637754487411154,0.13793103448275862,1424.9733623188406
3844,2566,0.1125,0.28988749999999996,0.8115046379954222,0.13793103448275862,1424.9733478260869
3845,8614,0.625,0.6404062500000001,0.6778038790507167,0.6896551724137931,1424.8550929545663
3846,6025,0.875,0.1875,0.803589928924226,0.13793103448275862,1424.8284637681159
3847,10836,0.125,0.7876562500000001,0.8868570051800987,0.8275862068965517,1424.5026129032258
3848,11104,0.125,0.78825,0.8749909649439825,0.8275862068965517,1424.5025967741935
3849,4679,0.6125,0.07740312499999999,0.8288158053246596,0.27586206896551724,1424.4483636363636
3850,4618,0.6125,0.100115625,0.8250090350560174,0.13793103448275862,1424.3936811594203
3851,12480,0.6125,0.6875,0.62643055053608,0.0,1424.380936222973
3852,19839,0.3625,0.26811250000000003,0.9252258764004336,0.0,1424.3806120070467
3853,11096,0.125,0.809375,0.803589928924226,0.9655172413793103,1424.3467495854063
3854,12313,0.375,0.8125,0.8915552343091193,0.8275862068965517,1424.3413387096775
3855,13171,0.625,0.71875,0.6846187206360679,0.6896551724137931,1424.33907009777
3856,11111,0.125,0.78125,0.7245512588844717,0.6896551724137931,1424.3390356468665
3857,12622,0.6125,0.903125,0.6846187206360679,0.6896551724137931,1424.3388978432529
3858,10729,0.1125,0.65934375,0.7478014697024454,0.9655172413793103,1424.18135986733
3859,2130,0.0625,1.0,0.62643055053608,0.9655172413793103,1424.180895522388
3860,7600,0.375,0.6404062500000001,0.6778038790507167,0.9655172413793103,1424.1801824212273
3861,312,0.25,0.671875,0.62643055053608,0.6896551724137931,1424.1667811297932
3862,4317,0.6125,0.3125,0.8297072641850378,0.27586206896551724,1424.1454090909092
3863,2286,0.1125,0.28125,0.8586073966991927,0.13793103448275862,1424.1038695652173
3864,21309,0.8625,0.24936250000000001,0.9637754487411154,0.27586206896551724,1423.993909090909
3865,4165,0.375,0.28125,0.8148897723165883,0.27586206896551724,1423.993909090909
3866,5541,0.8625,0.278125,0.655524635586074,0.27586206896551724,1423.9938787878789
3867,5327,0.8625,0.325021875,0.7463052644259728,0.13793103448275862,1423.9589420289856
3868,11922,0.375,0.6673125,0.7767256956993133,0.8275862068965517,1423.8574193548386
3869,20345,0.3986875,0.8915625,0.9276713648957956,0.9655172413793103,1423.8492703150912
3870,21881,0.40466250000000004,0.1451,0.9729189254306709,0.13793103448275862,1423.814072463768
3871,13127,0.625,0.78125,0.7245512588844717,0.9655172413793103,1423.6834660033167
3872,11307,0.125,0.83803125,0.8851825081315503,0.9655172413793103,1423.683449419569
3873,4326,0.6125,0.325859375,0.8049271172147935,0.13793103448275862,1423.6691014492753
3874,14316,0.875,0.81478125,0.9878207444886157,0.9655172413793103,1423.5176285240464
3875,18041,0.8329125000000002,0.079471875,0.8795687266594386,0.27586206896551724,1423.387909090909
3876,12694,0.6125,0.8836562499999999,0.8647873750150584,0.8275862068965517,1423.3736612903226
3877,14240,0.875,0.79984375,0.9989157932779182,0.8275862068965517,1423.3736290322581
3878,4905,0.625,0.326846875,0.7344705457173835,0.0,1423.3568575593163
3879,304,0.75,0.671875,0.62643055053608,0.9655172413793103,1423.3518407960198
3880,4921,0.625,0.3421875,0.7468979641007107,0.27586206896551724,1423.236409090909
3881,1056,0.375,0.125,0.6023370678231538,0.13793103448275862,1423.234420289855
3882,3792,0.375,0.0840125,0.8218527888206241,0.0,1423.186217598031
3883,22243,0.3625,0.76815625,0.9837128056860619,0.6896551724137931,1423.1333401546121
3884,20529,0.15464,0.123225,0.9646066738947114,0.27586206896551724,1423.0849090909092
3885,22348,0.5828375,0.7849062499999999,0.9940127695458378,0.8275862068965517,1423.0511612903226
3886,13236,0.625,0.7704375,0.9854234429586796,0.8275862068965517,1423.0511129032259
3887,22316,0.6125,0.76815625,0.9837128056860619,0.6896551724137931,1422.9611028629906
3888,21674,0.6125,0.85565625,0.9821949162751474,0.8275862068965517,1422.7285967741936
3889,13608,0.8625,0.871875,0.6538959161546801,0.9655172413793103,1422.688441127695
3890,13752,0.8625,0.684375,0.8297072641850378,0.6896551724137931,1422.6166455051991
3891,2267,0.1125,0.26985625,0.9224189856643776,0.13793103448275862,1422.5098260869565
3892,10892,0.125,0.6875,0.7682568365257197,0.6896551724137931,1422.4447182717083
3893,4519,0.6125,0.25,0.7615106613661005,0.0,1422.1625143422887
3894,12344,0.6125,0.83803125,0.8851825081315503,0.9655172413793103,1422.025223880597
3895,4019,0.375,0.17732187500000002,0.8788820624021202,0.0,1421.8212173557222
3896,79,0.75,0.90625,0.62643055053608,0.6896551724137931,1421.755424596188
3897,9638,0.875,0.6515625,0.6754101915431876,0.9655172413793103,1421.6930845771144
3898,7966,0.3625,0.6404062500000001,0.6778038790507167,0.9655172413793103,1421.692985074627
3899,13192,0.625,0.6875,0.62643055053608,0.0,1421.6510381223325
3900,12925,0.625,0.684375,0.8084809059149499,0.8275862068965517,1421.5998225806452
3901,1858,0.8125,0.953125,0.6023370678231538,0.6896551724137931,1421.5831700791148
3902,14273,0.875,0.90625,0.8367546078785688,0.9655172413793103,1421.5277943615256
3903,22885,0.15470250000000002,0.8505312500000001,0.9738103842910492,0.9655172413793103,1421.5277777777778
3904,877,0.5625,0.078125,0.62643055053608,0.13793103448275862,1421.495420289855
3905,656,0.3125,0.3125,0.62643055053608,0.13793103448275862,1421.495420289855
3906,4410,0.6125,0.107628125,0.8236477532827369,0.13793103448275862,1421.3505072463768
3907,12878,0.625,0.77584375,0.8808095410191542,0.9655172413793103,1421.196152570481
3908,11396,0.3625,0.90625,0.8148897723165883,0.8275862068965517,1421.1159032258065
3909,3905,0.375,0.3390625,0.7157583423683893,0.27586206896551724,1421.115409090909
3910,4330,0.6125,0.301878125,0.8718226719672328,0.27586206896551724,1421.115409090909
3911,2223,0.1125,0.208765625,0.9009275990844476,0.27586206896551724,1421.115409090909
3912,13758,0.8625,0.7070000000000001,0.8115046379954222,0.6896551724137931,1421.066527106057
3913,13250,0.625,0.67678125,0.822816528129141,0.9655172413793103,1421.0304145936982
3914,3098,0.125,0.301878125,0.8718226719672328,0.0,1420.968136997269
3915,12547,0.6125,0.78825,0.8749909649439825,0.8275862068965517,1420.954564516129
3916,663,0.8125,0.296875,0.62643055053608,0.13793103448275862,1420.915811594203
3917,648,0.8125,0.3125,0.62643055053608,0.13793103448275862,1420.915768115942
3918,24157,0.332875,0.8286562499999999,0.9851343211661244,0.6896551724137931,1420.894255363532
3919,10745,0.1125,0.6875,0.7469943380315623,0.6896551724137931,1420.7220697482655
3920,4130,0.375,0.16007812500000002,0.9940850499939766,0.0,1420.6268741386948
3921,11548,0.3625,0.809375,0.803589928924226,0.9655172413793103,1420.5328855721393
3922,12816,0.6125,0.78553125,0.9588001445608962,0.9655172413793103,1420.367048092869
3923,21942,0.8625,0.146328125,0.9738103842910492,0.13793103448275862,1420.3360579710145
3924,10862,0.125,0.77584375,0.8808095410191542,0.9655172413793103,1420.2012271973465
3925,874,0.75,0.078125,0.62643055053608,0.13793103448275862,1420.1912028985507
3926,22538,0.375,0.22436249999999996,0.9868931454041681,0.13793103448275862,1420.191188405797
3927,17280,0.125,0.31186250000000004,0.8462594868088182,0.13793103448275862,1420.0462753623187
3928,10918,0.125,0.6761250000000001,0.733739308517046,0.9655172413793103,1420.0360696517414
3929,11819,0.3625,0.78984375,0.9839657872545476,0.8275862068965517,1419.9868870967741
3930,882,0.25,0.078125,0.62643055053608,0.13793103448275862,1419.9013768115942
3931,10766,0.1125,0.72715625,0.8990362606914829,0.9655172413793103,1419.8696185737977
3932,13268,0.625,0.90625,0.9023370678231537,0.6896551724137931,1419.8608316138027
3933,128,0.5,0.859375,0.62643055053608,0.8275862068965517,1419.825693548387
3934,10665,0.1125,0.90840625,0.8046500421635947,0.8275862068965517,1419.8256129032259
3935,2576,0.1125,0.27175937499999997,0.8250090350560174,0.0,1419.7737937802417
3936,16631,0.125,0.0743625,0.8820624021202265,0.13793103448275862,1419.7565072463767
3937,4589,0.6125,0.28339375,0.8046500421635947,0.13793103448275862,1419.7564347826087
3938,2300,0.1125,0.336915625,0.7669437417178653,0.27586206896551724,1419.7518787878787
3939,8689,0.625,0.3453125,0.6552355137935189,0.27586206896551724,1419.6004242424242
3940,3958,0.375,0.246875,0.8186844958438743,0.27586206896551724,1419.6004090909091
3941,14056,0.875,0.903125,0.8009998795325863,0.9655172413793103,1419.5378938640133
3942,11888,0.375,0.709,0.8218527888206241,0.6896551724137931,1419.5164776087215
3943,12548,0.6125,0.79528125,0.8773762197325623,0.8275862068965517,1419.5030806451614
3944,11464,0.3625,0.684375,0.6508384531984098,0.13793103448275862,1419.4660724637681
3945,13619,0.8625,0.875,0.7615106613661005,0.9655172413793103,1419.3720729684908
3946,10753,0.1125,0.6891875,0.8427538850740873,0.6896551724137931,1419.3442575425515
3947,2943,0.125,0.25,0.8155402963498374,0.27586206896551724,1419.297393939394
3948,6176,0.875,0.321203125,0.8040477050957715,0.27586206896551724,1419.2973787878789
3949,2232,0.1125,0.1875,0.979604866883508,0.13793103448275862,1419.1768260869565
3950,5050,0.625,0.153125,0.675142753885074,0.13793103448275862,1419.0319710144927
3951,12915,0.625,0.70025,0.7775207806288399,0.8275862068965517,1419.0194032258064
3952,20449,0.8625,0.8806875,0.9559691603421274,0.8275862068965517,1419.0191935483872
3953,11770,0.3625,0.746875,0.906143838091796,0.6896551724137931,1418.9996796065982
3954,3172,0.125,0.26985625,0.9224189856643776,0.0,1418.9206792937962
3955,2468,0.1125,0.215625,0.8717383447777376,0.13793103448275862,1418.8870144927537
3956,1858,0.8125,0.953125,0.6023370678231538,0.9655172413793103,1418.8746102819237
3957,12198,0.375,0.6546875,0.6565474039272376,0.8275862068965517,1418.8578225806452
3958,21965,0.6546624999999999,0.1451,0.9851825081315504,0.13793103448275862,1418.742115942029
3959,13934,0.875,0.684375,0.7872545476448619,0.9655172413793103,1418.7089386401326
3960,11308,0.125,0.8252812500000001,0.8897964100710757,0.9655172413793103,1418.708822553897
3961,6941,0.1125,0.6515625,0.6754101915431876,0.9655172413793103,1418.7083913764511
3962,22251,0.3388375,0.772875,0.9871340802312975,0.8275862068965517,1418.6967903225807
3963,12861,0.625,0.7606875,0.9339838573665823,0.9655172413793103,1418.5430182421228
3964,4556,0.6125,0.3125,0.62643055053608,0.8275862068965517,1418.5354193548387
3965,12481,0.6125,0.6875,0.7324515118660402,0.6896551724137931,1418.4831572117023
3966,13485,0.8625,0.6875,0.7059462715335502,0.9655172413793103,1418.3777777777777
3967,1771,0.0625,0.875,0.6023370678231538,0.9655172413793103,1418.3771807628525
3968,14273,0.875,0.90625,0.8367546078785688,0.6896551724137931,1418.3106959892086
3969,4126,0.375,0.189640625,0.9998795325864354,0.27586206896551724,1418.2368787878788
3970,3728,0.3625,0.184375,0.9436453439344656,0.27586206896551724,1418.085409090909
3971,19221,0.3625,0.102578125,0.936369112155162,0.27586206896551724,1418.0853484848485
3972,10786,0.1125,0.778125,0.9338392964703047,0.8275862068965517,1418.0517096774195
3973,24171,0.31513749999999996,0.8181875,0.9874834357306348,0.8275862068965517,1418.051693548387
3974,13348,0.8625,0.8295,0.9166606432959884,0.9655172413793103,1418.0455555555557
3975,15934,0.6125,0.3337375,0.7784001927478615,0.27586206896551724,1417.933893939394
3976,21772,0.8329000000000001,0.87240625,0.9660040958920612,0.8275862068965517,1417.8903870967742
3977,11356,0.3625,0.8320000000000001,0.9241055294542827,0.8275862068965517,1417.7291451612903
3978,4609,0.6125,0.22756249999999997,0.8764004336826888,0.13793103448275862,1417.7277391304349
3979,5773,0.875,0.16053125,0.9588001445608962,0.13793103448275862,1417.7277101449276
3980,23529,0.125,0.8087500000000001,0.9879171184194675,0.9655172413793103,1417.5480597014925
3981,5505,0.8625,0.215625,0.62643055053608,0.0,1417.3850390902023
3982,87,0.25,0.90625,0.62643055053608,0.6896551724137931,1417.2772550140276
3983,1755,0.9375,0.84375,0.6023370678231538,0.8275862068965517,1417.2453064516128
3984,10740,0.1125,0.6938125,0.7626671485363209,0.9655172413793103,1417.2164676616915
3985,3659,0.3625,0.07712812499999999,0.8743645343934465,0.27586206896551724,1417.1763787878788
3986,15565,0.16469375,0.67490625,0.8016263100831226,0.8275862068965517,1417.0840967741935
3987,23022,0.8625,0.8369375,0.9818817009998795,0.8275862068965517,1417.0839516129033
3988,10685,0.1125,0.8525625,0.8764004336826888,0.9655172413793103,1417.0505970149254
3989,4226,0.375,0.208765625,0.9009275990844476,0.27586206896551724,1417.024909090909
3990,2387,0.1125,0.114709375,0.8335742681604624,0.13793103448275862,1417.0030869565217
3991,12296,0.375,0.8320000000000001,0.9241055294542827,0.8275862068965517,1416.9227741935483
3992,6877,0.1125,0.3491875,0.6691205878809782,0.0,1416.8732045263273
3993,3094,0.125,0.325859375,0.8049271172147935,0.0,1416.8731874623313
3994,2800,0.125,0.06880312499999999,0.7626671485363209,0.0,1416.8731874623313
3995,17675,0.3625,0.936875,0.831478135164438,0.9655172413793103,1416.7189718076286
3996,4661,0.6125,0.08848125,0.8046500421635947,0.13793103448275862,1416.7132753623189
3997,3184,0.125,0.225353125,0.9739549451873267,0.0,1416.7025645650422
3998,11808,0.3625,0.78553125,0.9588001445608962,0.6896551724137931,1416.5883402984448
3999,3474,0.3625,0.215625,0.7245512588844717,0.0,1416.5319587317492
4000,18031,0.767775,0.0869,0.895084929526563,0.13793103448275862,1416.278608695652
4001,5986,0.875,0.246875,0.7088266473918805,0.13793103448275862,1416.2785942028986
4002,10644,0.1125,0.9640625,0.7157583423683893,0.8275862068965517,1416.2776612903226
4003,2725,0.125,0.158371875,0.9811348030357788,0.27586206896551724,1416.267409090909
4004,8140,0.3625,0.375,0.62643055053608,0.8275862068965517,1415.955
4005,14120,0.875,0.809375,0.803589928924226,0.9655172413793103,1415.8899004975124
4006,2513,0.1125,0.28125,0.7389965064450066,0.13793103448275862,1415.8438550724638
4007,5630,0.8625,0.100115625,0.8250090350560174,0.13793103448275862,1415.8438115942029
4008,3990,0.375,0.215625,0.8717383447777376,0.27586206896551724,1415.812909090909
4009,11546,0.3625,0.809375,0.752969521744368,0.8275862068965517,1415.7938548387096
4010,14310,0.875,0.8634375000000001,0.9629442235875195,0.8275862068965517,1415.793741935484
4011,17774,0.6125,0.936875,0.831478135164438,0.6896551724137931,1415.7271366148852
4012,2498,0.1125,0.25,0.6804637995422238,0.0,1415.6788442453037
4013,8981,0.6125,0.6453125,0.6612275629442236,0.8275862068965517,1415.6320806451613
4014,20662,0.8625,0.1368625,0.9785086134200698,0.13793103448275862,1415.4090289855073
4015,5816,0.875,0.0840125,0.8218527888206241,0.27586206896551724,1415.3583787878788
4016,21122,0.6547625,0.7630312499999999,0.9795446331767256,0.8275862068965517,1415.3100322580644
4017,22984,0.5888375,0.8478125000000001,0.9879412119021804,0.9655172413793103,1415.226583747927
4018,11926,0.375,0.6761250000000001,0.733739308517046,0.6896551724137931,1415.2110620817336
4019,21721,0.767775,0.86503125,0.9613781472111793,0.8275862068965517,1414.9874838709677
4020,3784,0.375,0.121875,0.8618600168654379,0.13793103448275862,1414.9743913043478
4021,2661,0.1125,0.121875,0.884001927478617,0.13793103448275862,1414.9743913043478
4022,6001,0.875,0.21875,0.8212865919768702,0.13793103448275862,1414.974347826087
4023,14029,0.875,0.9375,0.6508384531984098,0.13793103448275862,1414.8293478260869
4024,10934,0.125,0.7252500000000001,0.8892302132273219,0.9655172413793103,1414.7291542288558
4025,2859,0.125,0.278125,0.9014576557041319,0.13793103448275862,1414.6845217391303
4026,4301,0.6125,0.2880625,0.8888085772798457,0.0,1414.6551068615693
4027,5953,0.875,0.295615625,0.7658836284784966,0.27586206896551724,1414.600818181818
4028,5685,0.8625,0.090625,0.8367546078785688,0.13793103448275862,1414.5396376811593
4029,13093,0.625,0.840625,0.6509613299602457,0.8275862068965517,1414.5036129032258
4030,5836,0.875,0.06880312499999999,0.7626671485363209,0.27586206896551724,1414.297893939394
4031,2585,0.1125,0.22756249999999997,0.8764004336826888,0.13793103448275862,1414.2498260869565
4032,11900,0.375,0.6875,0.7682568365257197,0.9655172413793103,1414.2318739635157
4033,11419,0.3625,0.89396875,0.9368871220334899,0.8275862068965517,1414.1809677419355
4034,2192,0.0,0.296875,0.62643055053608,0.27586206896551724,1414.1464090909092
4035,5142,0.625,0.16007812500000002,0.9940850499939766,0.0,1414.1432040417099
4036,6400,0.125,0.3421875,0.62643055053608,0.13793103448275862,1414.1049275362318
4037,2674,0.1125,0.1443125,0.8764004336826888,0.13793103448275862,1414.10484057971
4038,11390,0.3625,0.92609375,0.8357908685700518,0.6896551724137931,1414.0046603459593
4039,3589,0.3625,0.252184375,0.8525719792796047,0.13793103448275862,1413.959956521739
4040,21024,0.375,0.74628125,0.9623298397783399,0.9655172413793103,1413.9
4041,13992,0.875,0.927875,0.8251897361763642,0.9655172413793103,1413.899966832504
4042,2391,0.1125,0.121875,0.7344970485483676,0.27586206896551724,1413.843409090909
4043,11199,0.125,0.92053125,0.8865317431634743,0.6896551724137931,1413.8325264070481
4044,13608,0.8625,0.871875,0.6538959161546801,0.6896551724137931,1413.8324230543378
4045,8429,0.625,0.3468125,0.6440983014094687,0.13793103448275862,1413.6701594202898
4046,11208,0.125,0.8586874999999999,0.9796651005902903,0.6896551724137931,1413.6602374390714
4047,854,0.125,0.109375,0.62643055053608,0.0,1413.6313694778348
4048,14076,0.875,0.871875,0.6538959161546801,0.8275862068965517,1413.5358709677419
4049,17383,0.625,0.31186250000000004,0.831478135164438,0.27586206896551724,1413.388893939394
4050,10438,0.1125,0.70134375,0.8865317431634743,0.6896551724137931,1413.143697818724
4051,8370,0.625,0.64378125,0.7470545717383447,0.6896551724137931,1413.1425437134594
4052,24292,0.5828125,0.81384375,0.9999277195518612,0.9655172413793103,1413.070912106136
4053,5742,0.8625,0.15625,0.9501746777496686,0.13793103448275862,1412.9455652173913
4054,5655,0.8625,0.057245937499999996,0.7330092759908444,0.13793103448275862,1412.8006811594203
4055,5841,0.875,0.04685281249999999,0.7463052644259728,0.13793103448275862,1412.800652173913
4056,6156,0.875,0.145440625,0.9854234429586796,0.27586206896551724,1412.7828636363636
4057,9897,0.8625,0.35934374999999996,0.7463052644259728,0.13793103448275862,1412.655695652174
4058,19333,0.8388625000000001,0.104121875,0.9257920732441873,0.27586206896551724,1412.631409090909
4059,11419,0.3625,0.89396875,0.9368871220334899,0.6896551724137931,1412.6267964638903
4060,3131,0.125,0.069996875,0.8718226719672328,0.13793103448275862,1412.510811594203
4061,10616,0.1125,0.90625,0.6545717383447777,0.9655172413793103,1412.407529021559
4062,1043,0.5,0.109375,0.6023370678231538,0.27586206896551724,1412.3284090909092
4063,127,0.5625,0.859375,0.62643055053608,0.8275862068965517,1412.0845322580644
4064,11626,0.3625,0.90625,0.7952776773882665,0.8275862068965517,1412.0844193548387
4065,2072,1.0,0.34375,0.62643055053608,0.13793103448275862,1412.0761449275362
4066,17348,0.6125,0.299453125,0.8775810143356222,0.13793103448275862,1411.9312028985507
4067,23805,0.6125,0.19007812500000001,0.9877966510059029,0.27586206896551724,1411.7224090909092
4068,5899,0.875,0.27175937499999997,0.8250090350560174,0.0,1411.5838776463697
4069,11199,0.125,0.92053125,0.8865317431634743,0.9655172413793103,1411.5785240464345
4070,2115,1.0,1.0,0.62643055053608,0.9655172413793103,1411.5785074626865
4071,22392,0.625,0.76815625,0.9837128056860619,0.9655172413793103,1411.4127031509122
4072,3278,0.3625,0.26331875,0.9325864353692326,0.13793103448275862,1411.3515507246377
4073,11729,0.3625,0.6673125,0.7767256956993133,0.9655172413793103,1411.247064676617
4074,4804,0.625,0.0840125,0.8218527888206241,0.0,1411.2426147877954
4075,9165,0.6125,0.366625,0.7092350319238645,0.27586206896551724,1411.1164242424243
4076,8370,0.625,0.64378125,0.7470545717383447,0.9655172413793103,1411.080033167496
4077,5943,0.875,0.3125,0.6996542585230695,0.0,1411.0720772104871
4078,4755,0.625,0.15625,0.9722684013974219,0.0,1411.0720260184987
4079,2716,0.1125,0.184375,0.9436453439344656,0.0,1411.0720260184987
4080,5684,0.8625,0.0838125,0.8888085772798457,0.0,1411.0719918905065
4081,3614,0.3625,0.10023437500000001,0.8892302132273219,0.13793103448275862,1411.0617101449275
4082,13487,0.8625,0.6875,0.65293579086857,0.8275862068965517,1410.9554193548388
4083,13250,0.625,0.67678125,0.822816528129141,0.6896551724137931,1410.90457857674
4084,5244,0.625,0.171375,0.9402361161305867,0.13793103448275862,1410.627
4085,12825,0.6125,0.78125,0.8838935068064088,0.9655172413793103,1410.583615257048
4086,11595,0.3625,0.871875,0.7362920130104806,0.9655172413793103,1410.5835820895522
4087,3226,0.3625,0.24761875,0.8543067100349354,0.13793103448275862,1410.4820869565217
4088,9623,0.875,0.625,0.6508384531984098,0.8275862068965517,1410.4715
4089,4348,0.6125,0.17483437500000001,0.9989157932779182,0.0,1410.389483237354
4090,11845,0.375,0.78553125,0.9588001445608962,0.6896551724137931,1410.3877978000687
4091,4110,0.375,0.301878125,0.8718226719672328,0.27586206896551724,1410.358893939394
4092,1050,0.9375,0.109375,0.6023370678231538,0.13793103448275862,1410.3371449275362
4093,129,0.4375,0.859375,0.62643055053608,0.8275862068965517,1410.3105161290323
4094,9983,0.8625,0.6515625,0.6754101915431876,0.9655172413793103,1410.2514593698177
4095,4865,0.625,0.100115625,0.8250090350560174,0.13793103448275862,1410.1922173913044
4096,7136,0.1125,0.36146875,0.6938103842910492,0.0,1410.048271570768
4097,14230,0.875,0.87303125,0.9653294783760993,0.6896551724137931,1410.0432198641154
4098,79,0.75,0.90625,0.62643055053608,0.9655172413793103,1409.9202985074626
4099,12228,0.375,0.7704375,0.9854234429586796,0.8275862068965517,1409.826629032258
4100,2304,0.1125,0.3141625,0.8399349475966751,0.27586206896551724,1409.4498636363637
4101,19984,0.625,0.26811250000000003,0.9252258764004336,0.0,1409.195174148319
4102,13138,0.625,0.778125,0.7725695699313335,0.8275862068965517,1409.1816129032259
4103,13442,0.8625,0.844125,0.9902300927599084,0.9655172413793103,1409.091094527363
4104,1069,0.25,0.140625,0.6023370678231538,0.13793103448275862,1409.0329420289854
4105,890,0.6875,0.0625,0.62643055053608,0.13793103448275862,1409.032884057971
4106,4070,0.375,0.09375,0.7718949524153716,0.13793103448275862,1409.0328550724637
4107,11739,0.3625,0.6718437500000001,0.7463052644259728,0.8275862068965517,1409.0207258064515
4108,22963,0.375,0.8525,0.984652451511866,0.8275862068965517,1409.020241935484
4109,12904,0.625,0.715625,0.9023370678231537,0.6896551724137931,1409.0099511434514
4110,17311,0.375,0.31186250000000004,0.831478135164438,0.27586206896551724,1408.995393939394
4111,14226,0.875,0.90078125,0.9256113721238406,0.9655172413793103,1408.9253067993366
4112,9456,0.875,0.375,0.62643055053608,0.8275862068965517,1408.859
4113,19039,0.6125,0.9181250000000001,0.8780026502830983,0.8275862068965517,1408.859
4114,4154,0.375,0.329559375,0.7767256956993133,0.0,1408.8538942257485
4115,13933,0.875,0.684375,0.8084809059149499,0.6896551724137931,1408.8378344299917
4116,11896,0.375,0.715625,0.9023370678231537,0.6896551724137931,1408.8376966263781
4117,10175,0.8625,0.3421875,0.62643055053608,0.13793103448275862,1408.7431449275362
4118,3861,0.375,0.22756249999999997,0.8764004336826888,0.13793103448275862,1408.7431304347826
4119,10685,0.1125,0.8525625,0.8764004336826888,0.6896551724137931,1408.6653904329496
4120,4766,0.625,0.14876562499999998,0.9005421033610408,0.13793103448275862,1408.3083913043479
4121,12789,0.6125,0.77584375,0.8808095410191542,0.9655172413793103,1408.0963018242123
4122,4277,0.6125,0.2384375,0.9629442235875195,0.27586206896551724,1408.0863787878789
4123,18007,0.39878749999999996,0.091553125,0.9174677749668713,0.13793103448275862,1408.0185362318841
4124,4484,0.6125,0.215625,0.6754909047102758,0.13793103448275862,1408.0185072463769
4125,313,0.1875,0.671875,0.62643055053608,0.6896551724137931,1407.9764757173668
4126,13146,0.625,0.75,0.8461510661366101,0.6896551724137931,1407.9764757173668
4127,10903,0.125,0.7070000000000001,0.8115046379954222,0.9655172413793103,1407.9305140961858
4128,11881,0.375,0.746875,0.9282857487049753,0.8275862068965517,1407.891435483871
4129,2849,0.125,0.22756249999999997,0.8764004336826888,0.13793103448275862,1407.8736521739131
4130,645,0.0625,0.328125,0.62643055053608,0.27586206896551724,1407.783393939394
4131,21711,0.625,0.874375,0.9511866040236115,0.9655172413793103,1407.7646434494195
4132,3016,0.125,0.15625,0.8471991326346222,0.13793103448275862,1407.7287391304349
4133,11879,0.375,0.7205625,0.9114323575472835,0.6896551724137931,1407.6320183595753
4134,22492,0.3388125,0.213503125,0.9932779183230935,0.13793103448275862,1407.5838260869566
4135,8151,0.3625,0.366625,0.7092350319238645,0.27586206896551724,1407.480409090909
4136,12480,0.6125,0.6875,0.62643055053608,0.9655172413793103,1407.4327031509122
4137,19289,0.3986875,0.104084375,0.925731839537405,0.0,1407.318322278139
4138,3398,0.3625,0.107628125,0.8236477532827369,0.13793103448275862,1407.2939420289856
4139,5118,0.625,0.325859375,0.8049271172147935,0.13793103448275862,1407.2939275362319
4140,14270,0.875,0.95003125,0.7463052644259728,0.8275862068965517,1407.246193548387
4141,11840,0.375,0.78125,0.8838935068064088,0.6896551724137931,1407.1152720338073
4142,14337,0.875,0.8295,0.9166606432959884,0.6896551724137931,1406.9430347421858
4143,7600,0.375,0.6404062500000001,0.6778038790507167,0.6896551724137931,1406.9422940477623
4144,3390,0.3625,0.09375,0.7718949524153716,0.13793103448275862,1406.7142463768116
4145,6003,0.875,0.21875,0.62643055053608,0.27586206896551724,1406.5714242424242
4146,4655,0.6125,0.04685281249999999,0.7463052644259728,0.13793103448275862,1406.5694057971014
4147,3544,0.3625,0.3125,0.62643055053608,0.8275862068965517,1406.2785806451614
4148,12385,0.6125,0.88815625,0.8866401638356823,0.9655172413793103,1406.272255389718
4149,4183,0.375,0.26331875,0.9325864353692326,0.13793103448275862,1406.1346811594203
4150,17822,0.6488125,0.92596875,0.8598000240934827,0.8275862068965517,1406.1174032258064
4151,11081,0.125,0.82659375,0.8773762197325623,0.8275862068965517,1406.1172580645161
4152,11318,0.125,0.8050312500000001,0.9129743404409107,0.9655172413793103,1406.1064344941956
4153,13343,0.8625,0.8050312500000001,0.9129743404409107,0.9655172413793103,1405.9406135986733
4154,2883,0.125,0.3390625,0.735933020118058,0.13793103448275862,1405.8448260869566
4155,5076,0.625,0.107628125,0.8236477532827369,0.13793103448275862,1405.6998985507246
4156,8991,0.6125,0.621875,0.7324515118660402,0.48275862068965514,1405.6547944071667
4157,17776,0.58875,0.9259999999999999,0.8597036501626311,0.8275862068965517,1405.6335806451614
4158,5399,0.8625,0.0625,0.65293579086857,0.13793103448275862,1405.5898550724637
4159,5526,0.8625,0.246875,0.8186844958438743,0.27586206896551724,1405.510909090909
4160,21737,0.654725,0.85759375,0.9682568365257197,0.8275862068965517,1405.4722903225806
4161,13603,0.8625,0.84375,0.62643055053608,0.9655172413793103,1405.443217247098
4162,2796,0.125,0.0625,0.7469943380315623,0.0,1405.4414192159709
4163,10168,0.8625,0.375,0.62643055053608,0.13793103448275862,1405.4101739130435
4164,1014,0.5625,0.078125,0.6023370678231538,0.13793103448275862,1405.1202463768116
4165,12734,0.6125,0.6761250000000001,0.733739308517046,0.9655172413793103,1404.946351575456
4166,22341,0.39875,0.7821875,0.9926876279966268,0.8275862068965517,1404.8271935483872
4167,19912,0.375,0.26811250000000003,0.9252258764004336,0.0,1404.758978818803
4168,3486,0.3625,0.21875,0.7482110589085652,0.13793103448275862,1404.6855652173913
4169,6071,0.875,0.125,0.7088266473918805,0.0,1404.5883217935216
4170,20510,0.125,0.12128125000000001,0.9497048548367667,0.27586206896551724,1404.450393939394
4171,8684,0.625,0.3491875,0.6691205878809782,0.0,1404.4177330242248
4172,10484,0.1125,0.71875,0.8009998795325863,0.8275862068965517,1404.3433548387097
4173,6063,0.875,0.153125,0.650786652210577,0.13793103448275862,1404.2508550724638
4174,1012,0.4375,0.078125,0.6023370678231538,0.13793103448275862,1404.250768115942
4175,13992,0.875,0.927875,0.8251897361763642,0.6896551724137931,1404.1872036253374
4176,7966,0.3625,0.6404062500000001,0.6778038790507167,0.6896551724137931,1404.1866179599795
4177,5588,0.8625,0.33519375,0.6691205878809782,0.27586206896551724,1404.1474090909092
4178,14287,0.875,0.875,0.9282857487049753,0.8275862068965517,1404.0208387096775
4179,11760,0.3625,0.715625,0.9023370678231537,0.6896551724137931,1404.0150524609744
4180,11018,0.125,0.9252812499999999,0.7551740754126008,0.6896551724137931,1404.0148629810058
4181,5957,0.875,0.28125,0.6827141308276111,0.27586206896551724,1403.995893939394
4182,5832,0.875,0.0625,0.7469943380315623,0.27586206896551724,1403.9958636363635
4183,11770,0.3625,0.746875,0.906143838091796,0.9655172413793103,1403.9507960199005
4184,12462,0.6125,0.6546875,0.6565474039272376,0.8275862068965517,1403.859322580645
4185,2989,0.125,0.1875,0.803589928924226,0.13793103448275862,1403.816072463768
4186,3668,0.3625,0.0840125,0.8218527888206241,0.13793103448275862,1403.8160144927535
4187,2044,1.0,0.09375,0.6023370678231538,0.0,1403.7352243710723
4188,3457,0.3625,0.1875,0.8542103361040838,0.13793103448275862,1403.6711449275363
4189,1225,0.625,0.296875,0.6023370678231538,0.13793103448275862,1403.5262463768115
4190,13485,0.8625,0.6875,0.7059462715335502,0.6896551724137931,1403.498909026016
4191,21022,0.6125,0.7618750000000001,0.9785086134200698,0.6896551724137931,1403.3260171672298
4192,18557,0.12499999999999992,0.27753125,0.9092398506204071,0.13793103448275862,1403.236420289855
4193,10393,0.1125,0.9375,0.8297072641850378,0.8275862068965517,1403.214387096774
4194,21098,0.8625,0.74628125,0.9623298397783399,0.6896551724137931,1403.1538143265116
4195,13404,0.8625,0.912875,0.8218527888206241,0.9655172413793103,1403.1216417910448
4196,3518,0.3625,0.278125,0.6846187206360679,0.27586206896551724,1403.0869242424242
4197,5480,0.8625,0.184375,0.62643055053608,0.27586206896551724,1403.0869242424242
4198,14151,0.875,0.778125,0.650786652210577,0.6896551724137931,1402.9816114857933
4199,4680,0.6125,0.0840125,0.8218527888206241,0.0,1402.7114699233416
4200,10578,0.1125,0.84375,0.650786652210577,0.6896551724137931,1402.637154128002
4201,13882,0.875,0.75,0.9248042404529574,0.8275862068965517,1402.5693064516129
4202,3481,0.3625,0.215625,0.62643055053608,0.27586206896551724,1402.480893939394
4203,13514,0.8625,0.746875,0.7074798217082279,0.8275862068965517,1402.4080806451614
4204,11256,0.125,0.912875,0.8218527888206241,0.9655172413793103,1402.2925207296848
4205,20911,0.3625,0.74628125,0.9497048548367667,0.8275862068965517,1402.2468225806451
4206,21062,0.6547625,0.7630312499999999,0.9671846765449945,0.8275862068965517,1402.2468225806451
4207,10211,0.8625,0.46525,0.9902300927599084,0.48275862068965514,1402.2063480932843
4208,3528,0.3625,0.28125,0.6545717383447777,0.27586206896551724,1402.1778787878789
4209,11922,0.375,0.6673125,0.7767256956993133,0.9655172413793103,1402.126782752902
4210,12505,0.6125,0.746875,0.6804637995422238,0.6896551724137931,1402.1203905767823
4211,76,0.9375,0.90625,0.62643055053608,0.6896551724137931,1402.1203733513305
4212,1795,0.625,0.890625,0.6023370678231538,0.8275862068965517,1402.0855161290322
4213,1802,0.125,0.90625,0.6023370678231538,0.8275862068965517,1401.9242258064517
4214,2293,0.1125,0.3125,0.8297072641850378,0.27586206896551724,1401.8749090909091
4215,13709,0.8625,0.8525625,0.8764004336826888,0.9655172413793103,1401.7950580431177
4216,5575,0.8625,0.3421875,0.7468979641007107,0.27586206896551724,1401.7233939393939
4217,5440,0.8625,0.125,0.62643055053608,0.0,1401.687698411615
4218,9443,0.875,0.3468125,0.6440983014094687,0.13793103448275862,1401.6424057971014
4219,4718,0.6125,0.14876562499999998,0.9005421033610408,0.13793103448275862,1401.642391304348
4220,313,0.1875,0.671875,0.62643055053608,0.9655172413793103,1401.6292868988392
4221,10387,0.1125,0.90625,0.8367546078785688,0.9655172413793103,1401.6292868988392
4222,21693,0.3987,0.8696875000000001,0.9690278279725333,0.8275862068965517,1401.6017096774194
4223,12533,0.6125,0.778125,0.8456330562582821,0.8275862068965517,1401.601677419355
4224,5416,0.8625,0.09375,0.7137128056860619,0.13793103448275862,1401.497420289855
4225,4568,0.6125,0.3390625,0.7157583423683893,0.27586206896551724,1401.2689090909091
4226,316,0.9375,0.65625,0.62643055053608,0.8275862068965517,1401.1179677419354
4227,20014,0.8625,0.26811250000000003,0.9382363570654136,0.13793103448275862,1401.0627391304347
4228,3883,0.375,0.309375,0.8320322852668354,0.13793103448275862,1401.0627391304347
4229,995,0.3125,0.0625,0.6023370678231538,0.13793103448275862,1401.0626666666667
4230,2845,0.125,0.23395937500000002,0.9138296590772196,0.27586206896551724,1400.965893939394
4231,3568,0.3625,0.332953125,0.7352017829177208,0.13793103448275862,1400.9177536231884
4232,4805,0.625,0.07740312499999999,0.8288158053246596,0.27586206896551724,1400.8143636363636
4233,2645,0.1125,0.0625,0.7469943380315623,0.0,1400.6639610278805
4234,8904,0.6125,0.3453125,0.6552355137935189,0.27586206896551724,1400.6629242424242
4235,2897,0.125,0.3421875,0.7468979641007107,0.27586206896551724,1400.6628787878788
4236,5313,0.8625,0.2880625,0.8888085772798457,0.0,1400.493406386576
4237,3386,0.3625,0.090625,0.7389965064450066,0.0,1400.4933210665954
4238,12081,0.375,0.840625,0.7490784242862305,0.8275862068965517,1400.472806451613
4239,13360,0.8625,0.8125,0.8915552343091193,0.8275862068965517,1400.4727741935483
4240,4884,0.625,0.252184375,0.8525719792796047,0.13793103448275862,1400.3381304347827
4241,10377,0.1125,0.9130625,0.8888085772798457,0.8275862068965517,1400.3114516129033
4242,2115,1.0,1.0,0.62643055053608,0.6896551724137931,1400.0535258518719
4243,5621,0.8625,0.22756249999999997,0.8764004336826888,0.13793103448275862,1400.048347826087
4244,11744,0.3625,0.6940000000000001,0.8251897361763642,0.8275862068965517,1399.9890322580645
4245,23533,0.3388125,0.8040625,0.9875316226960605,0.8275862068965517,1399.9889838709678
4246,13340,0.8625,0.79203125,0.9538730273461028,0.8275862068965517,1399.988935483871
4247,1830,0.9375,0.921875,0.6023370678231538,0.8275862068965517,1399.827629032258
4248,21975,0.8151375,0.15563125,0.9918684495843875,0.13793103448275862,1399.7585362318841
4249,1221,0.375,0.296875,0.6023370678231538,0.13793103448275862,1399.758507246377
4250,3606,0.3625,0.100115625,0.8250090350560174,0.13793103448275862,1399.7584782608697
4251,12622,0.6125,0.903125,0.6846187206360679,0.8275862068965517,1399.6662903225806
4252,2768,0.125,0.1153,0.8742561137212383,0.13793103448275862,1399.4686811594204
4253,6088,0.875,0.107628125,0.8236477532827369,0.13793103448275862,1399.468623188406
4254,5210,0.625,0.2384375,0.9629442235875195,0.27586206896551724,1399.4508787878788
4255,10387,0.1125,0.90625,0.8367546078785688,0.6896551724137931,1399.3645939108374
4256,13196,0.625,0.684375,0.6508384531984098,0.13793103448275862,1399.3231739130435
4257,10441,0.1125,0.68271875,0.8399349475966751,0.6896551724137931,1399.0203432584663
4258,1849,0.25,0.953125,0.6023370678231538,0.6896551724137931,1399.0200848766908
4259,11472,0.3625,0.6875,0.62643055053608,0.0,1398.9582098468813
4260,6589,0.125,0.6546875,0.7468979641007107,0.8275862068965517,1398.6987903225806
4261,5138,0.625,0.189640625,0.9998795325864354,0.27586206896551724,1398.6933787878788
4262,10659,0.1125,0.934375,0.789519335019877,0.9655172413793103,1398.6444112769486
4263,19293,0.6125,0.102578125,0.936369112155162,0.27586206896551724,1398.5418484848485
4264,13828,0.8625,0.7876562500000001,0.8868570051800987,0.8275862068965517,1398.5374677419354
4265,4459,0.6125,0.184375,0.6770473436935309,0.27586206896551724,1398.3904242424242
4266,17122,0.375,0.69625,0.8605951090230093,0.6896551724137931,1398.3312562883664
4267,11575,0.3625,0.840625,0.8471991326346222,0.8275862068965517,1398.2149838709677
4268,12958,0.625,0.7315625,0.8349837368991687,0.8275862068965517,1398.0537258064517
4269,13286,0.625,0.8816875,0.9419226599204914,0.8275862068965517,1398.0535483870967
4270,3502,0.3625,0.246875,0.8186844958438743,0.27586206896551724,1397.935909090909
4271,11888,0.375,0.709,0.8218527888206241,0.9655172413793103,1397.8155058043117
4272,11900,0.375,0.6875,0.7682568365257197,0.6896551724137931,1397.8146822171154
4273,2934,0.125,0.25,0.842561137212384,0.0,1397.7634400299507
4274,17900,0.125,0.0962375,0.9126249849415733,0.0,1397.7634229659545
4275,3638,0.3625,0.059375,0.7872545476448619,0.0,1397.7634059019585
4276,2253,0.1125,0.2384375,0.9629442235875195,0.13793103448275862,1397.7296666666666
4277,22243,0.3625,0.76815625,0.9837128056860619,0.9655172413793103,1397.6495688225539
4278,18630,0.6125,0.277578125,0.9091555234309118,0.13793103448275862,1397.5848115942028
4279,12472,0.6125,0.684375,0.6508384531984098,0.13793103448275862,1397.5842608695652
4280,7984,0.3625,0.59375,0.6545717383447777,0.8275862068965517,1397.5697580645162
4281,12208,0.375,0.9140625,0.9004216359474762,0.9655172413793103,1397.4836815920398
4282,10448,0.1125,0.6546875,0.716781110709553,0.6896551724137931,1397.4697942230314
4283,9154,0.6125,0.375,0.62643055053608,0.8275862068965517,1397.2472096774193
4284,6942,0.1125,0.6515625,0.6955848692928562,0.8275862068965517,1397.2469032258064
4285,13956,0.875,0.7382187499999999,0.8647873750150584,0.8275862068965517,1397.086
4286,22316,0.6125,0.76815625,0.9837128056860619,0.9655172413793103,1396.9862852404644
4287,11524,0.3625,0.778125,0.8212865919768702,0.8275862068965517,1396.9247419354838
4288,5375,0.8625,0.069996875,0.8718226719672328,0.13793103448275862,1396.8602028985508
4289,22991,0.4461875,0.8446875,0.9899048307432838,0.8275862068965517,1396.7635
4290,10719,0.1125,0.68225,0.7330092759908444,0.8275862068965517,1396.7634516129033
4291,18000,0.375,0.0931125,0.9203228526683531,0.27586206896551724,1396.7238484848485
4292,5173,0.625,0.28125,0.8367546078785688,0.13793103448275862,1396.7152753623188
4293,2800,0.125,0.06880312499999999,0.7626671485363209,0.13793103448275862,1396.7152753623188
4294,13752,0.8625,0.684375,0.8297072641850378,0.9655172413793103,1396.6546600331676
4295,848,0.5,0.109375,0.62643055053608,0.27586206896551724,1396.572409090909
4296,1849,0.25,0.953125,0.6023370678231538,0.9655172413793103,1396.4887728026533
4297,12737,0.6125,0.6673125,0.7767256956993133,0.8275862068965517,1396.4409677419355
4298,19164,0.7914,0.90721875,0.9139139862667148,0.8275862068965517,1396.4409516129033
4299,13745,0.8625,0.6673125,0.7767256956993133,0.8275862068965517,1396.4408064516128
4300,3238,0.3625,0.19600625,0.9481387784604264,0.13793103448275862,1396.425492753623
4301,3868,0.375,0.27164062499999997,0.8892302132273219,0.27586206896551724,1396.4208939393939
4302,12781,0.6125,0.7205625,0.9114323575472835,0.6896551724137931,1396.2643743380045
4303,5521,0.8625,0.246875,0.6813612817732804,0.0,1396.0571939930637
4304,20690,0.6547625,0.138040625,0.9795446331767256,0.0,1395.886605223767
4305,20593,0.375,0.1399875,0.981195036742561,0.13793103448275862,1395.8458115942028
4306,14201,0.875,0.684375,0.62643055053608,0.13793103448275862,1395.7002173913042
4307,13268,0.625,0.90625,0.9023370678231537,0.9655172413793103,1395.6597180762853
4308,11141,0.125,0.746875,0.62643055053608,0.9655172413793103,1395.6597180762853
4309,20356,0.5888625000000001,0.8915625,0.9276593181544391,0.9655172413793103,1395.6597180762853
4310,18615,0.375,0.2931125,0.8780026502830983,0.13793103448275862,1395.5560434782608
4311,13041,0.625,0.90625,0.62643055053608,0.9655172413793103,1395.4937479270316
4312,13709,0.8625,0.8525625,0.8764004336826888,0.6896551724137931,1395.0586271693949
4313,10837,0.125,0.78553125,0.9588001445608962,0.6896551724137931,1394.8864415541284
4314,4955,0.625,0.278125,0.655524635586074,0.0,1394.8628166480441
4315,17774,0.6125,0.936875,0.831478135164438,0.9655172413793103,1394.8306135986734
4316,4965,0.625,0.25,0.7615106613661005,0.27586206896551724,1394.7544242424242
4317,3556,0.3625,0.3390625,0.7157583423683893,0.27586206896551724,1394.754393939394
4318,4685,0.6125,0.121875,0.884001927478617,0.13793103448275862,1394.6865652173913
4319,12737,0.6125,0.6673125,0.7767256956993133,0.9655172413793103,1394.6648258706468
4320,12930,0.625,0.6673125,0.7767256956993133,0.6896551724137931,1394.5421392254025
4321,20284,0.332925,0.8943125000000001,0.9233224912661124,0.6896551724137931,1394.5419497454336
4322,1077,0.75,0.140625,0.6023370678231538,0.13793103448275862,1394.5416376811595
4323,11740,0.3625,0.678125,0.7455559571136007,0.6896551724137931,1394.3700914137496
4324,9631,0.875,0.6546875,0.7468979641007107,0.8275862068965517,1394.343822580645
4325,7675,0.375,0.3453125,0.6552355137935189,0.27586206896551724,1394.2999242424241
4326,9447,0.875,0.366625,0.7092350319238645,0.27586206896551724,1394.2999242424241
4327,2493,0.1125,0.25,0.8155402963498374,0.27586206896551724,1394.299893939394
4328,4801,0.625,0.10201875,0.9224189856643776,0.13793103448275862,1394.2517101449275
4329,5439,0.8625,0.125,0.6538959161546801,0.13793103448275862,1394.2517101449275
4330,10532,0.1125,0.79528125,0.8773762197325623,0.8275862068965517,1394.1830322580645
4331,17247,0.3625,0.31186250000000004,0.831478135164438,0.27586206896551724,1394.1483939393938
4332,4834,0.625,0.059375,0.7872545476448619,0.27586206896551724,1394.1483787878788
4333,2553,0.1125,0.314628125,0.7330092759908444,0.13793103448275862,1394.106884057971
4334,15491,0.8625,0.34628125,0.7625828213468256,0.13793103448275862,1394.1067536231883
4335,23762,0.12499999999999992,0.19003125,0.9998554391037224,0.27586206896551724,1393.9968787878788
4336,3294,0.3625,0.30108437499999996,0.8357908685700518,0.0,1393.839096328306
4337,10410,0.1125,0.90078125,0.9256113721238406,0.9655172413793103,1393.6697844112769
4338,2191,0.0,0.3125,0.62643055053608,0.0,1393.6684734310168
4339,3537,0.3625,0.309375,0.67944103120106,0.0,1393.6684734310168
4340,11122,0.125,0.778125,0.7725695699313335,0.8275862068965517,1393.5380161290323
4341,3670,0.3625,0.10201875,0.9224189856643776,0.13793103448275862,1393.5271449275363
4342,4824,0.625,0.06880312499999999,0.7626671485363209,0.13793103448275862,1393.2373623188405
4343,5704,0.8625,0.1153,0.8742561137212383,0.13793103448275862,1392.9476086956522
4344,21164,0.3625,0.24936250000000001,0.9637754487411154,0.27586206896551724,1392.9364090909091
4345,21927,0.625,0.1618625,0.9827611131189014,0.27586206896551724,1392.9364090909091
4346,6064,0.875,0.153125,0.8699915672810504,0.27586206896551724,1392.9363939393938
4347,17122,0.375,0.69625,0.8605951090230093,0.9655172413793103,1392.8408623548921
4348,13758,0.8625,0.7070000000000001,0.8115046379954222,0.9655172413793103,1392.8407960199006
4349,14154,0.875,0.75,0.8461510661366101,0.6896551724137931,1392.8195940546698
4350,4904,0.625,0.332953125,0.7352017829177208,0.13793103448275862,1392.8026666666667
4351,17945,0.332775,0.0942875,0.9224189856643776,0.13793103448275862,1392.8026666666667
4352,13383,0.8625,0.86990625,0.9562703288760389,0.8275862068965517,1392.7315967741936
4353,5216,0.625,0.18979375,0.9878207444886157,0.27586206896551724,1392.633409090909
4354,125,0.6875,0.859375,0.62643055053608,0.8275862068965517,1392.5703548387096
4355,13404,0.8625,0.912875,0.8218527888206241,0.6896551724137931,1392.4750677950715
4356,2709,0.1125,0.15625,0.8838935068064088,0.13793103448275862,1392.3679130434782
4357,6250,0.875,0.208765625,0.9009275990844476,0.27586206896551724,1392.1789090909092
4358,10745,0.1125,0.6875,0.7469943380315623,0.9655172413793103,1392.1775456053067
4359,9628,0.875,0.6404062500000001,0.6778038790507167,0.9655172413793103,1392.0110779436152
4360,14215,0.875,0.6546875,0.7468979641007107,0.8275862068965517,1391.9252258064516
4361,3923,0.375,0.309375,0.67944103120106,0.0,1391.7916044968408
4362,3266,0.3625,0.22310937500000003,0.9005421033610408,0.13793103448275862,1391.643347826087
4363,10616,0.1125,0.90625,0.6545717383447777,0.8275862068965517,1391.6025806451612
4364,18696,0.625,0.27753125,0.9092398506204071,0.13793103448275862,1391.3535507246377
4365,11845,0.375,0.78553125,0.9588001445608962,0.9655172413793103,1391.348391376451
4366,1002,0.75,0.0625,0.6023370678231538,0.27586206896551724,1391.2698787878787
4367,76,0.9375,0.90625,0.62643055053608,0.9655172413793103,1391.182537313433
4368,883,0.1875,0.078125,0.62643055053608,0.13793103448275862,1391.0636811594202
4369,3649,0.3625,0.08848125,0.8046500421635947,0.13793103448275862,1391.0636666666667
4370,11840,0.375,0.78125,0.8838935068064088,0.9655172413793103,1391.0167330016584
4371,10435,0.1125,0.72109375,0.9256113721238406,0.8275862068965517,1390.7963387096775
4372,5498,0.8625,0.215625,0.7245512588844717,0.0,1390.7679012410986
4373,4064,0.375,0.107628125,0.8236477532827369,0.13793103448275862,1390.628927536232
4374,12505,0.6125,0.746875,0.6804637995422238,0.9655172413793103,1390.5192537313433
4375,3417,0.3625,0.125,0.8461510661366101,0.27586206896551724,1390.5124090909092
4376,1944,0.0,0.84375,0.6023370678231538,0.8275862068965517,1390.3125161290322
4377,11618,0.3625,0.903125,0.8009998795325863,0.6896551724137931,1390.236000229443
4378,5981,0.875,0.246875,0.62643055053608,0.27586206896551724,1390.2093787878787
4379,11945,0.375,0.71875,0.8796530538489338,0.9655172413793103,1390.1876948590382
4380,13450,0.8625,0.7850625,0.9940850499939766,0.6896551724137931,1390.063728486918
4381,16744,0.8625,0.055655625,0.819069991567281,0.13793103448275862,1390.049347826087
4382,12427,0.6125,0.89396875,0.9368871220334899,0.9655172413793103,1390.0217412935324
4383,182,0.875,0.796875,0.62643055053608,0.8275862068965517,1389.9899838709678
4384,3300,0.3625,0.28125,0.8148897723165883,0.27586206896551724,1389.9064090909092
4385,20947,0.3625,0.74628125,0.9623298397783399,0.6896551724137931,1389.8915256461999
4386,11256,0.125,0.912875,0.8218527888206241,0.6896551724137931,1389.891508420748
4387,21561,0.3625,0.85565625,0.9698831466088423,0.8275862068965517,1389.828629032258
4388,23096,0.17246875,0.1775,0.9873147813516442,0.13793103448275862,1389.7595217391304
4389,83,0.5,0.90625,0.62643055053608,0.6896551724137931,1389.5470510629568
4390,10438,0.1125,0.70134375,0.8865317431634743,0.9655172413793103,1389.35864013267
4391,19076,0.375,0.915,0.8984941573304421,0.9655172413793103,1389.3584908789387
4392,11610,0.3625,0.8821562500000001,0.8335742681604624,0.8275862068965517,1389.344758064516
4393,5787,0.875,0.153125,0.9116251054089869,0.0,1389.2322781015007
4394,2710,0.1125,0.158371875,0.9811348030357788,0.13793103448275862,1389.1798405797101
4395,6158,0.875,0.13098749999999998,0.9729671123960967,0.27586206896551724,1389.1488484848485
4396,4429,0.6125,0.125,0.8461510661366101,0.27586206896551724,1388.997393939394
4397,24247,0.42247500000000004,0.81815625,0.9874954824719914,0.8275862068965517,1388.861064516129
4398,13288,0.625,0.89484375,0.9224189856643776,0.9655172413793103,1388.8609950248756
4399,12278,0.375,0.8816875,0.9419226599204914,0.9655172413793103,1388.8609784411276
4400,11152,0.125,0.732625,0.8236477532827369,0.6896551724137931,1388.6859335066558
4401,14151,0.875,0.778125,0.650786652210577,0.9655172413793103,1388.5294527363185
4402,10321,0.1125,0.9375,0.7872545476448619,0.9655172413793103,1388.5294195688225
4403,11141,0.125,0.746875,0.62643055053608,0.6896551724137931,1388.513644538679
4404,21241,0.375,0.24936250000000001,0.9637754487411154,0.27586206896551724,1388.391409090909
4405,10321,0.1125,0.9375,0.7872545476448619,0.6896551724137931,1388.169169955436
4406,7426,0.375,0.375,0.67944103120106,0.13793103448275862,1388.1655072463768
4407,10668,0.1125,0.927875,0.8251897361763642,0.9655172413793103,1388.0319237147596
4408,21939,0.8151375,0.15563125,0.9797012408143597,0.13793103448275862,1388.0205652173913
4409,4198,0.375,0.2384375,0.9629442235875195,0.27586206896551724,1387.9368787878789
4410,12618,0.6125,0.8821562500000001,0.8335742681604624,0.8275862068965517,1387.8932903225807
4411,10753,0.1125,0.6891875,0.8427538850740873,0.9655172413793103,1387.8662686567163
4412,8910,0.6125,0.42571875000000003,0.8647873750150584,0.3448275862068966,1387.7978932730748
4413,17986,0.375,0.0931125,0.9069871099867486,0.27586206896551724,1387.785393939394
4414,9462,0.875,0.39828125000000003,0.7859414528370076,0.13793103448275862,1387.730768115942
4415,19346,0.8328,0.11616562500000001,0.943235754728346,0.0,1387.6966890898952
4416,11473,0.3625,0.6875,0.7324515118660402,0.9655172413793103,1387.5346600331675
4417,2323,0.1125,0.182234375,0.9998795325864354,0.0,1387.5260150006177
4418,21847,0.6125,0.1618625,0.9827611131189014,0.27586206896551724,1387.4824090909092
4419,8432,0.625,0.36146875,0.6938103842910492,0.27586206896551724,1387.4824090909092
4420,2628,0.1125,0.059375,0.8297072641850378,0.27586206896551724,1387.482393939394
4421,23585,0.3987375,0.8040625,0.9875316226960605,0.8275862068965517,1387.4095967741935
4422,5054,0.625,0.125,0.8461510661366101,0.27586206896551724,1387.330893939394
4423,888,0.8125,0.0625,0.62643055053608,0.13793103448275862,1387.2959275362318
4424,101,0.3125,0.890625,0.62643055053608,0.8275862068965517,1387.2482903225807
4425,7138,0.1125,0.3421875,0.716781110709553,0.0,1387.184820398028
4426,10164,0.8625,0.39828125000000003,0.7859414528370076,0.13793103448275862,1387.1511014492753
4427,22465,0.12499999999999992,0.21190625000000002,0.9940368630285508,0.13793103448275862,1387.1510579710146
4428,20487,0.3625,0.1368625,0.9661366100469823,0.13793103448275862,1387.1509855072463
4429,10612,0.1125,0.90625,0.7671364895795687,0.8275862068965517,1387.125806451613
4430,7286,0.375,0.625,0.7660281893747741,0.8275862068965517,1387.087064516129
4431,6141,0.875,0.2550875,0.9567642452716538,0.27586206896551724,1387.0279090909091
4432,18465,0.8625,0.70253125,0.8752680399951813,0.8275862068965517,1386.9258387096775
4433,11618,0.3625,0.903125,0.8009998795325863,0.9655172413793103,1386.8711940298508
4434,4559,0.6125,0.32289375,0.6938103842910492,0.13793103448275862,1386.8612028985508
4435,9278,0.6125,0.5216875,0.9831104686182388,0.3448275862068966,1386.824599339475
4436,11153,0.125,0.73971875,0.8335742681604624,0.6896551724137931,1386.6190860071972
4437,4003,0.375,0.1875,0.8542103361040838,0.13793103448275862,1386.4264927536233
4438,1044,0.5625,0.109375,0.6023370678231538,0.27586206896551724,1386.4219090909091
4439,9224,0.6125,0.63753125,0.7463052644259728,0.3448275862068966,1386.40810707457
4440,17055,0.125,0.69625,0.8605951090230093,0.9655172413793103,1386.3738308457712
4441,912,0.25,0.046875,0.62643055053608,0.13793103448275862,1386.281536231884
4442,12208,0.375,0.9140625,0.9004216359474762,0.6896551724137931,1386.1022535541706
4443,24157,0.332875,0.8286562499999999,0.9851343211661244,0.9655172413793103,1386.0420895522388
4444,23827,0.6125,0.18690625,1.0,0.0,1385.9904259890122
4445,16762,0.625,0.0712375,0.8605951090230093,0.0,1385.990408925016
4446,8604,0.625,0.621875,0.7059462715335502,0.3448275862068966,1385.8515278984878
4447,2544,0.1125,0.3390625,0.7157583423683893,0.0,1385.8198372197153
4448,12521,0.6125,0.75,0.8461510661366101,0.6896551724137931,1385.757865098186
4449,7400,0.375,0.40190625,0.9134441633538127,0.3448275862068966,1385.7122475230315
4450,3712,0.3625,0.16053125,0.9588001445608962,0.27586206896551724,1385.6644090909092
4451,846,0.625,0.109375,0.62643055053608,0.0,1385.4785914251372
4452,23662,0.6724625,0.79628125,0.9860257800265027,0.8275862068965517,1385.4743064516128
4453,10631,0.1125,0.9375,0.6508384531984098,0.13793103448275862,1385.4119855072463
4454,13450,0.8625,0.7850625,0.9940850499939766,0.9655172413793103,1385.3787893864014
4455,5052,0.625,0.153125,0.8699915672810504,0.27586206896551724,1385.361393939394
4456,6602,0.125,0.6476875,0.6691205878809782,0.8275862068965517,1385.3122741935483
4457,4548,0.6125,0.309375,0.65293579086857,0.0,1385.3080026558403
4458,2729,0.125,0.15625,0.9280809541019153,0.13793103448275862,1385.2672173913043
4459,1811,0.6875,0.90625,0.6023370678231538,0.6896551724137931,1385.2411187724178
4460,194,0.12500000000000044,0.796875,0.62643055053608,0.8275862068965517,1385.1517580645161
4461,1131,0.375,0.203125,0.6023370678231538,0.13793103448275862,1385.122304347826
4462,2720,0.125,0.184375,0.9436453439344656,0.13793103448275862,1385.1222753623188
4463,611,0.3125,0.359375,0.62643055053608,0.3448275862068966,1385.0170276377542
4464,8595,0.625,0.59375,0.62643055053608,0.48275862068965514,1384.9646913032432
4465,3853,0.375,0.100115625,0.8250090350560174,0.13793103448275862,1384.832420289855
4466,11473,0.3625,0.6875,0.7324515118660402,0.6896551724137931,1384.724596377522
4467,11980,0.375,0.90840625,0.8046500421635947,0.9655172413793103,1384.715472636816
4468,12038,0.375,0.903125,0.6846187206360679,0.9655172413793103,1384.7154228855723
4469,20516,0.3625,0.1399875,0.981195036742561,0.13793103448275862,1384.6875072463768
4470,17131,0.6125,0.69625,0.8747861703409228,0.8275862068965517,1384.668
4471,10856,0.125,0.75,0.8807252138296592,0.8275862068965517,1384.6679193548387
4472,10832,0.125,0.78125,0.8838935068064088,0.6896551724137931,1384.552204056835
4473,11173,0.125,0.6875,0.65293579086857,0.6896551724137931,1384.5520145768662
4474,13488,0.8625,0.6875,0.62643055053608,0.27586206896551724,1384.4525606060606
4475,22982,0.5414749999999999,0.84471875,0.9898927840019274,0.8275862068965517,1384.3453870967742
4476,8998,0.6125,0.59375,0.6545717383447777,0.8275862068965517,1384.3452580645162
4477,16622,0.125,0.055655625,0.819069991567281,0.13793103448275862,1384.2528260869565
4478,31,0.9375,0.953125,0.62643055053608,0.8275862068965517,1384.0227580645162
4479,18066,0.625,0.08065625,0.8821346825683652,0.13793103448275862,1383.9629130434782
4480,19925,0.6125,0.26811250000000003,0.9252258764004336,0.0,1383.9429853495355
4481,23600,0.5651375,0.7963125,0.9860378267678592,0.8275862068965517,1383.861564516129
4482,21024,0.375,0.74628125,0.9623298397783399,0.8275862068965517,1383.8615161290322
4483,3920,0.375,0.3125,0.62643055053608,0.8275862068965517,1383.8614838709677
4484,1042,0.4375,0.109375,0.6023370678231538,0.27586206896551724,1383.846409090909
4485,4596,0.6125,0.278125,0.8360558968798939,0.27586206896551724,1383.846409090909
4486,3309,0.3625,0.329559375,0.7767256956993133,0.0,1383.7723283242542
4487,12904,0.625,0.715625,0.9023370678231537,0.9655172413793103,1383.5548590381427
4488,3214,0.125,0.208765625,0.9009275990844476,0.27586206896551724,1383.543409090909
4489,12896,0.625,0.709,0.8218527888206241,0.6896551724137931,1383.5188664343643
4490,6190,0.875,0.30108437499999996,0.8357908685700518,0.0,1383.4310995936721
4491,5164,0.625,0.321203125,0.8040477050957715,0.13793103448275862,1383.3832753623187
4492,4537,0.6125,0.28125,0.7389965064450066,0.27586206896551724,1383.2404393939394
4493,7672,0.375,0.35715625,0.6958065293338151,0.13793103448275862,1383.2384202898552
4494,11945,0.375,0.71875,0.8796530538489338,0.6896551724137931,1383.1743574002178
4495,6128,0.875,0.336915625,0.7669437417178653,0.27586206896551724,1383.088893939394
4496,11896,0.375,0.715625,0.9023370678231537,0.9655172413793103,1383.0573963515756
4497,12917,0.625,0.6940000000000001,0.8251897361763642,0.8275862068965517,1383.0552419354838
4498,1135,0.625,0.203125,0.6023370678231538,0.13793103448275862,1382.9486086956522
4499,6558,0.125,0.590625,0.7428056860619202,0.3448275862068966,1382.9313679819224
4500,10949,0.125,0.8525625,0.8764004336826888,0.9655172413793103,1382.8914759535655
4501,5437,0.8625,0.125,0.7088266473918805,0.0,1382.7486080045157
4502,19261,0.5888625000000001,0.104121875,0.9257920732441873,0.0,1382.5780021712228
4503,6819,0.1125,0.4212187500000001,0.8866401638356823,0.3448275862068966,1382.3751781679123
4504,19227,0.3328875,0.10135000000000001,0.9344054933140584,0.13793103448275862,1382.3689420289854
4505,20273,0.1547425,0.87946875,0.9448379713287555,0.6896551724137931,1382.313102040303
4506,12872,0.625,0.75,0.8807252138296592,0.8275862068965517,1382.248822580645
4507,8442,0.625,0.375,0.62643055053608,0.8275862068965517,1382.2487258064516
4508,850,0.375,0.109375,0.62643055053608,0.0,1382.2367563766447
4509,17277,0.3625,0.299453125,0.8775810143356222,0.0,1382.2367563766447
4510,2313,0.1125,0.2550875,0.9567642452716538,0.27586206896551724,1382.1799090909092
4511,1857,0.75,0.953125,0.6023370678231538,0.6896551724137931,1382.1408302977782
4512,20279,0.19624000000000003,0.88534375,0.9369232622575593,0.8275862068965517,1382.0875483870968
4513,19087,0.5827375,0.90134375,0.924587399108541,0.8275862068965517,1382.0875161290323
4514,12634,0.6125,0.90625,0.7952776773882665,0.8275862068965517,1382.0874193548386
4515,4829,0.625,0.04685281249999999,0.7463052644259728,0.13793103448275862,1382.0790869565217
4516,13739,0.8625,0.6578125,0.735933020118058,0.8275862068965517,1381.926564516129
4517,12345,0.6125,0.83165625,0.8878448379713287,0.8275862068965517,1381.7649193548386
4518,19330,0.8387875000000001,0.11343125000000001,0.9395494518732683,0.13793103448275862,1381.644391304348
4519,5926,0.875,0.3390625,0.6552355137935189,0.13793103448275862,1381.6443768115942
4520,8686,0.625,0.35715625,0.6958065293338151,0.13793103448275862,1381.6443623188406
4521,14251,0.875,0.72109375,0.9256113721238406,0.8275862068965517,1381.6037096774194
4522,2384,0.1125,0.09375,0.8009998795325863,0.0,1381.5542306594962
4523,3526,0.3625,0.28125,0.7108553186363088,0.13793103448275862,1381.4994782608696
4524,10200,0.8625,0.5461875,0.9796651005902903,0.3448275862068966,1381.4018425169477
4525,5064,0.625,0.125,0.62643055053608,0.13793103448275862,1381.3544202898552
4526,10578,0.1125,0.84375,0.650786652210577,0.8275862068965517,1381.2812096774194
4527,11292,0.125,0.81478125,0.9878207444886157,0.8275862068965517,1381.2811612903226
4528,13171,0.625,0.71875,0.6846187206360679,0.9655172413793103,1381.233366500829
4529,2129,0.125,1.0,0.62643055053608,0.9655172413793103,1381.2332835820896
4530,7228,0.1125,0.5530625,0.9451270931213106,0.3448275862068966,1381.12381018599
4531,5667,0.8625,0.04685281249999999,0.7463052644259728,0.13793103448275862,1381.064695652174
4532,3414,0.3625,0.125,0.6813612817732804,0.13793103448275862,1381.0646521739131
4533,8905,0.6125,0.3491875,0.6691205878809782,0.0,1381.0423960956211
4534,23903,0.625,0.18690625,1.0,0.0,1381.042361967629
4535,3849,0.375,0.09375,0.8796530538489338,0.13793103448275862,1380.9198115942029
4536,8409,0.625,0.43634375,0.9653294783760993,0.3448275862068966,1380.8456805145142
4537,880,0.375,0.078125,0.62643055053608,0.13793103448275862,1380.7748550724639
4538,21986,0.65475,0.15991875,0.9940127695458378,0.0,1380.701150301043
4539,5877,0.875,0.100115625,0.8250090350560174,0.13793103448275862,1380.6299420289854
4540,898,0.1875,0.0625,0.62643055053608,0.13793103448275862,1380.629927536232
4541,4321,0.6125,0.329559375,0.7767256956993133,0.0,1380.5304932757617
4542,2978,0.125,0.215625,0.8717383447777376,0.27586206896551724,1380.5134242424242
4543,845,0.6875,0.109375,0.62643055053608,0.27586206896551724,1380.5134090909091
4544,3584,0.3625,0.278125,0.8360558968798939,0.27586206896551724,1380.5133939393938
4545,4873,0.625,0.22756249999999997,0.8764004336826888,0.13793103448275862,1380.4850869565216
4546,891,0.625,0.0625,0.62643055053608,0.13793103448275862,1380.4850144927536
4547,13282,0.625,0.89471875,0.8990362606914829,0.8275862068965517,1380.4747580645162
4548,11474,0.3625,0.692,0.7440320443320082,0.9655172413793103,1380.4043615257049
4549,12404,0.6125,0.90625,0.8148897723165883,0.8275862068965517,1380.3135161290322
4550,1857,0.75,0.953125,0.6023370678231538,0.9655172413793103,1380.0725207296848
4551,83,0.5,0.90625,0.62643055053608,0.9655172413793103,1380.0725207296848
4552,7524,0.375,0.528125,0.6754909047102758,0.3448275862068966,1380.0114444637582
4553,7828,0.3625,0.44390625000000006,0.8653294783760993,0.3448275862068966,1379.8723865809143
4554,20264,0.125,0.89625,0.9201421515480062,0.8275862068965517,1379.829629032258
4555,3944,0.375,0.278125,0.8009998795325863,0.13793103448275862,1379.7604782608696
4556,14226,0.875,0.90078125,0.9256113721238406,0.6896551724137931,1379.7294565387213
4557,15593,0.3625,0.6775,0.8249126611251656,0.8275862068965517,1379.6685161290322
4558,12314,0.375,0.83165625,0.8878448379713287,0.8275862068965517,1379.6683548387098
4559,20648,0.81515,0.12755,0.956896759426575,0.13793103448275862,1379.615608695652
4560,6658,0.125,0.35715625,0.6958065293338151,0.13793103448275862,1379.6155942028986
4561,3957,0.375,0.246875,0.62643055053608,0.27586206896551724,1379.6043787878789
4562,9971,0.8625,0.621875,0.8107697867726779,0.3448275862068966,1379.5944515904746
4563,14176,0.875,0.732625,0.8236477532827369,0.8275862068965517,1379.5071451612903
4564,21988,0.8328375000000001,0.15991875,0.9940127695458378,0.0,1379.5067900200195
4565,3700,0.3625,0.153125,0.978279725334297,0.0,1379.5067729560233
4566,5721,0.8625,0.153125,0.9116251054089869,0.27586206896551724,1379.452893939394
4567,4002,0.375,0.1875,0.8289001325141548,0.27586206896551724,1379.3014242424242
4568,12511,0.6125,0.746875,0.842561137212384,0.8275862068965517,1379.184629032258
4569,11284,0.125,0.8503437500000001,0.9739549451873267,0.8275862068965517,1379.1844677419356
4570,3192,0.125,0.18979375,0.9878207444886157,0.27586206896551724,1379.149909090909
4571,4763,0.625,0.16909687499999998,0.9318515841464884,0.13793103448275862,1379.0359710144928
4572,1133,0.5,0.203125,0.6023370678231538,0.13793103448275862,1379.035956521739
4573,4751,0.625,0.17785625,0.9873750150584266,0.0,1378.9948701361639
4574,11144,0.125,0.746875,0.7615106613661005,0.9655172413793103,1378.9118573797678
4575,11879,0.375,0.7205625,0.9114323575472835,0.9655172413793103,1378.9118573797678
4576,13146,0.625,0.75,0.8461510661366101,0.9655172413793103,1378.911824212272
4577,11760,0.3625,0.715625,0.9023370678231537,0.9655172413793103,1378.7460530679934
4578,15937,0.375,0.3337375,0.7784001927478615,0.27586206896551724,1378.6953787878788
4579,5762,0.875,0.171346875,0.9860498735092157,0.13793103448275862,1378.601115942029
4580,12335,0.6125,0.8050312500000001,0.9129743404409107,0.6896551724137931,1378.5238816246288
4581,3007,0.125,0.17732187500000002,0.8788820624021202,0.27586206896551724,1378.3923636363636
4582,311,0.3125,0.671875,0.62643055053608,0.6896551724137931,1378.3516787839108
4583,22926,0.154705,0.8357187500000001,0.9945669196482351,0.6896551724137931,1378.351661558459
4584,2656,0.1125,0.0840125,0.8218527888206241,0.27586206896551724,1378.2408787878787
4585,21052,0.5828249999999999,0.7630312499999999,0.9795446331767256,0.8275862068965517,1378.2169516129031
4586,4192,0.375,0.231828125,0.922840621611854,0.0,1378.1417897777108
4587,3582,0.3625,0.278125,0.8796530538489338,0.0,1378.1417727137145
4588,12402,0.6125,0.90625,0.8586073966991927,0.8275862068965517,1377.8944193548386
4589,3739,0.375,0.17785625,0.9873750150584266,0.0,1377.8005098551403
4590,2466,0.1125,0.215625,0.8226719672328634,0.13793103448275862,1377.7317391304348
4591,4662,0.6125,0.0818,0.7915190940850501,0.13793103448275862,1377.7316231884058
4592,7395,0.375,0.43634375,0.9653294783760993,0.3448275862068966,1377.647682948027
4593,9293,0.6125,0.625,0.7660281893747741,0.8275862068965517,1377.5718387096774
4594,10616,0.1125,0.90625,0.6545717383447777,0.6896551724137931,1377.4903545221891
4595,3233,0.3625,0.3125,0.7872545476448619,0.27586206896551724,1377.4834090909092
4596,19797,0.8625,0.7275625,0.936369112155162,0.8275862068965517,1377.410564516129
4597,11474,0.3625,0.692,0.7440320443320082,0.6896551724137931,1377.3183756123433
4598,12188,0.375,0.684375,0.6508384531984098,0.13793103448275862,1377.2964347826087
4599,11111,0.125,0.78125,0.7245512588844717,0.9655172413793103,1377.253631840796
4600,12772,0.6125,0.709,0.8218527888206241,0.9655172413793103,1377.0878772802653
4601,3802,0.375,0.07712812499999999,0.8743645343934465,0.27586206896551724,1377.0288787878787
4602,1134,0.5625,0.203125,0.6023370678231538,0.13793103448275862,1377.0071739130435
4603,5510,0.8625,0.21875,0.7482110589085652,0.13793103448275862,1377.0071739130435
4604,9474,0.875,0.40625,0.655524635586074,0.13793103448275862,1377.0071594202898
4605,4824,0.625,0.06880312499999999,0.7626671485363209,0.0,1376.9474294966872
4606,11218,0.125,0.7850625,0.9940850499939766,0.6896551724137931,1376.8014570320581
4607,21045,0.3987625,0.7603125000000001,0.9770991446813637,0.8275862068965517,1376.7655
4608,17854,0.625,0.92128125,0.8848572461149259,0.6896551724137931,1376.6292714167917
4609,11911,0.375,0.7070000000000001,0.8115046379954222,0.8275862068965517,1376.6042580645162
4610,8980,0.6125,0.6404062500000001,0.6778038790507167,0.9655172413793103,1376.589568822554
4611,3223,0.375,0.24761875,0.8543067100349354,0.13793103448275862,1376.5724347826088
4612,12886,0.625,0.72715625,0.8990362606914829,0.6896551724137931,1376.4570858015252
4613,11351,0.3625,0.840625,0.9800385495723407,0.8275862068965517,1376.4428870967743
4614,4516,0.6125,0.246875,0.62643055053608,0.0,1376.4355266768277
4615,5360,0.8625,0.17483437500000001,0.9989157932779182,0.0,1376.4355266768277
4616,13511,0.8625,0.73971875,0.8335742681604624,0.6896551724137931,1376.284831284452
4617,12171,0.375,0.715625,0.7108553186363088,0.8275862068965517,1376.2816612903225
4618,2737,0.125,0.16053125,0.9588001445608962,0.0,1376.264954971527
4619,11920,0.375,0.684375,0.8297072641850378,0.9655172413793103,1376.2587396351576
4620,8603,0.625,0.621875,0.67944103120106,0.3448275862068966,1375.979461150704
4621,11436,0.3625,0.7704375,0.9854234429586796,0.8275862068965517,1375.9590483870968
4622,13288,0.625,0.89484375,0.9224189856643776,0.6896551724137931,1375.9402533484986
4623,11638,0.3625,0.9375,0.6752463558607397,0.6896551724137931,1375.9401327703367
4624,9896,0.8625,0.365625,0.7455559571136007,0.3448275862068966,1375.8400417173648
4625,24302,0.6546875,0.81384375,0.9878809781953981,0.8275862068965517,1375.7978548387098
4626,11974,0.375,0.903125,0.8578604987350921,0.8275862068965517,1375.7978387096773
4627,13469,0.8625,0.65996875,0.7669437417178653,0.9655172413793103,1375.761177446103
4628,18084,0.6548125,0.0942875,0.9224189856643776,0.13793103448275862,1375.702927536232
4629,1764,0.5625,0.859375,0.6023370678231538,0.8275862068965517,1375.636564516129
4630,10949,0.125,0.8525625,0.8764004336826888,0.6896551724137931,1375.5958132161588
4631,3522,0.3625,0.278125,0.8009998795325863,0.13793103448275862,1375.5580144927537
4632,20369,0.4047375000000001,0.87946875,0.9448379713287555,0.8275862068965517,1375.4752903225806
4633,11373,0.3625,0.8816875,0.9419226599204914,0.8275862068965517,1375.4751612903226
4634,13777,0.8625,0.6891875,0.8427538850740873,0.6896551724137931,1375.4236448263441
4635,14192,0.875,0.6875,0.7324515118660402,0.3448275862068966,1375.4229097861985
4636,21798,0.125,0.1587375,0.9813155041561258,0.0,1375.4118063570893
4637,3229,0.3625,0.171375,0.9402361161305867,0.13793103448275862,1375.2682173913045
4638,13510,0.8625,0.732625,0.8236477532827369,0.6896551724137931,1375.2513730838193
4639,8150,0.3625,0.36146875,0.6938103842910492,0.27586206896551724,1375.2109090909091
4640,10343,0.1125,0.840625,0.9800385495723407,0.9655172413793103,1375.097927031509
4641,22176,0.625,0.45565625,0.9837128056860619,0.3448275862068966,1375.00587519555
4642,4917,0.625,0.3390625,0.7157583423683893,0.27586206896551724,1374.907893939394
4643,20983,0.6125,0.765,0.9688591735935429,0.6896551724137931,1374.9068812751243
4644,21956,0.8625,0.14315625,0.9837128056860619,0.13793103448275862,1374.8334347826087
4645,14337,0.875,0.8295,0.9166606432959884,0.9655172413793103,1374.7662852404644
4646,19370,0.625,0.10253125,0.9362968317070233,0.27586206896551724,1374.7563484848486
4647,1847,0.125,0.953125,0.6023370678231538,0.6896551724137931,1374.734626758051
4648,9657,0.875,0.59590625,0.8046500421635947,0.3448275862068966,1374.7278289588041
4649,7580,0.375,0.59375,0.6545717383447777,0.3448275862068966,1374.7277594298628
4650,6975,0.1125,0.59375,0.62643055053608,0.3448275862068966,1374.727717712498
4651,1792,0.4375,0.890625,0.6023370678231538,0.8275862068965517,1374.6689032258064
4652,10837,0.125,0.78553125,0.9588001445608962,0.9655172413793103,1374.6004643449419
4653,1132,0.4375,0.203125,0.6023370678231538,0.13793103448275862,1374.543652173913
4654,1691,0.6875,0.78125,0.6023370678231538,0.8275862068965517,1374.5076612903226
4655,14141,0.875,0.78125,0.62643055053608,0.6896551724137931,1374.390203851163
4656,8754,0.625,0.44390625000000006,0.8653294783760993,0.3448275862068966,1374.3106414044846
4657,1847,0.125,0.953125,0.6023370678231538,0.9655172413793103,1374.2687893864013
4658,305,0.6875,0.671875,0.62643055053608,0.6896551724137931,1374.2179837849933
4659,1598,0.5,0.6875,0.6023370678231538,0.6896551724137931,1374.2179148831865
4660,668,0.5,0.296875,0.62643055053608,0.0,1374.2174802040581
4661,4194,0.375,0.22310937500000003,0.9005421033610408,0.13793103448275862,1374.1088695652174
4662,19076,0.375,0.915,0.8984941573304421,0.6896551724137931,1374.045677591565
4663,9628,0.875,0.6404062500000001,0.6778038790507167,0.6896551724137931,1374.045143602562
4664,2371,0.1125,0.090625,0.6545717383447777,0.27586206896551724,1373.9988484848484
4665,8635,0.625,0.6515625,0.735933020118058,0.3448275862068966,1373.8932591691291
4666,7670,0.375,0.3491875,0.6691205878809782,0.0,1373.87623440948
4667,2042,1.0,0.125,0.6023370678231538,0.0,1373.87623440948
4668,11331,0.3625,0.83375,0.9009275990844476,0.6896551724137931,1373.8734747508468
4669,13135,0.625,0.778125,0.8456330562582821,0.8275862068965517,1373.8625161290322
4670,12427,0.6125,0.89396875,0.9368871220334899,0.8275862068965517,1373.8624193548387
4671,3946,0.375,0.25,0.842561137212384,0.27586206896551724,1373.8474090909092
4672,3665,0.3625,0.064178125,0.8427538850740873,0.27586206896551724,1373.8473787878788
4673,3706,0.3625,0.14876562499999998,0.9005421033610408,0.13793103448275862,1373.8190869565217
4674,915,0.0625,0.046875,0.62643055053608,0.13793103448275862,1373.8190289855072
4675,1811,0.6875,0.90625,0.6023370678231538,0.9655172413793103,1373.7713432835822
4676,9597,0.875,0.590625,0.655524635586074,0.3448275862068966,1373.7544794020512
4677,7947,0.3625,0.6515625,0.735933020118058,0.3448275862068966,1373.7542569094385
4678,21164,0.3625,0.24936250000000001,0.9637754487411154,0.13793103448275862,1373.6741449275362
4679,2319,0.1125,0.21179687500000002,0.9940850499939766,0.13793103448275862,1373.6741014492754
4680,21869,0.6125,0.1587375,0.9813155041561258,0.13793103448275862,1373.6740869565217
4681,11926,0.375,0.6761250000000001,0.733739308517046,0.9655172413793103,1373.6061691542288
4682,20991,0.375,0.765,0.9688591735935429,0.6896551724137931,1373.5290001676037
4683,10668,0.1125,0.927875,0.8251897361763642,0.6896551724137931,1373.5289657167002
4684,16690,0.375,0.0712375,0.8605951090230093,0.27586206896551724,1373.3928636363637
4685,17917,0.15458624999999998,0.079471875,0.8795687266594386,0.27586206896551724,1373.2414090909092
4686,11229,0.125,0.7078125,0.9004216359474762,0.8275862068965517,1373.2175322580645
4687,207,0.25,0.78125,0.62643055053608,0.8275862068965517,1373.2174677419355
4688,20425,0.767775,0.88690625,0.9346705216239007,0.8275862068965517,1373.2174677419355
4689,8960,0.6125,0.63325,0.733739308517046,0.8275862068965517,1373.2169032258064
4690,8950,0.6125,0.59590625,0.8046500421635947,0.3448275862068966,1373.1983313054059
4691,11102,0.125,0.809375,0.6517383447777376,0.8275862068965517,1373.0562258064517
4692,7415,0.375,0.3468125,0.6440983014094687,0.13793103448275862,1372.9496086956522
4693,6952,0.1125,0.6404062500000001,0.6778038790507167,0.9655172413793103,1372.9417578772802
4694,20624,0.832825,0.138040625,0.9671846765449945,0.27586206896551724,1372.938409090909
4695,4930,0.625,0.3125,0.6752463558607397,0.27586206896551724,1372.9383484848486
4696,311,0.3125,0.671875,0.62643055053608,0.9655172413793103,1372.7764676616916
4697,8704,0.625,0.371875,0.7872545476448619,0.13793103448275862,1372.6597826086957
4698,2898,0.125,0.3421875,0.6264305505360801,0.13793103448275862,1372.514884057971
4699,2359,0.1125,0.059375,0.7240621611853992,0.13793103448275862,1372.5147246376812
4700,12928,0.625,0.684375,0.8297072641850378,0.6896551724137931,1372.4956797705845
4701,19854,0.125,0.26811250000000003,0.9252258764004336,0.27586206896551724,1372.483909090909
4702,1932,0.0,0.65625,0.6023370678231538,0.8275862068965517,1372.4111774193548
4703,9989,0.8625,0.6546875,0.7468979641007107,0.8275862068965517,1372.411129032258
4704,6451,0.125,0.4375,0.7088266473918805,0.3448275862068966,1372.3640257257084
4705,2129,0.125,1.0,0.62643055053608,0.6896551724137931,1372.3233219008011
4706,13219,0.625,0.89396875,0.9368871220334899,0.8275862068965517,1372.2496774193548
4707,2522,0.1125,0.300271875,0.7551740754126008,0.0,1372.1699030526124
4708,1569,0.5625,0.65625,0.6023370678231538,0.6896551724137931,1371.9789851211715
4709,12768,0.6125,0.715625,0.9023370678231537,0.6896551724137931,1371.9789334448164
4710,4607,0.6125,0.246875,0.9027707505119864,0.13793103448275862,1371.9352028985506
4711,22462,0.3625,0.20878125,0.9953860980604745,0.13793103448275862,1371.9352028985506
4712,6976,0.1125,0.590625,0.62643055053608,0.3448275862068966,1371.8078498174866
4713,9143,0.6125,0.403125,0.6545717383447777,0.13793103448275862,1371.6453913043479
4714,21815,0.125,0.1618625,0.9948801349235032,0.13793103448275862,1371.6453333333334
4715,1005,0.9375,0.0625,0.6023370678231538,0.13793103448275862,1371.5004057971014
4716,5166,0.625,0.329559375,0.7767256956993133,0.0,1371.4874626554445
4717,13442,0.8625,0.844125,0.9902300927599084,0.6896551724137931,1371.462032089983
4718,9734,0.875,0.375,0.8107697867726779,0.3448275862068966,1371.3906344515906
4719,23128,0.14872625,0.1697125,0.9976749789182027,0.13793103448275862,1371.3555652173914
4720,20485,0.31513749999999996,0.13375625,0.9632453921214311,0.13793103448275862,1371.3555652173914
4721,12580,0.6125,0.840625,0.7736176364293459,0.8275862068965517,1371.282193548387
4722,6238,0.875,0.1875,0.9355860739669918,0.13793103448275862,1371.2106231884059
4723,4042,0.375,0.125,0.8461510661366101,0.27586206896551724,1371.120393939394
4724,7975,0.3625,0.621875,0.67944103120106,0.8275862068965517,1370.9590967741935
4725,23751,0.3625,0.19007812500000001,0.9877966510059029,0.13793103448275862,1370.9207971014494
4726,17854,0.625,0.92128125,0.8848572461149259,0.9655172413793103,1370.7865837479271
4727,873,0.8125,0.078125,0.62643055053608,0.13793103448275862,1370.7758550724639
4728,1988,1.0,0.96875,0.6023370678231538,0.8275862068965517,1370.6370483870967
4729,4932,0.625,0.3125,0.62643055053608,0.8275862068965517,1370.6369838709677
4730,976,0.0625,0.046875,0.6023370678231538,0.0,1370.6343652329952
4731,5472,0.8625,0.184375,0.7023551379351886,0.0,1370.4637764636984
4732,10455,0.1125,0.679125,0.7092350319238645,0.9655172413793103,1370.2886898839138
4733,6175,0.875,0.3125,0.8297072641850378,0.27586206896551724,1370.211409090909
4734,3334,0.3625,0.189640625,0.9998795325864354,0.27586206896551724,1370.2113787878789
4735,14212,0.875,0.6546875,0.716781110709553,0.9655172413793103,1370.1231177446102
4736,10153,0.8625,0.403125,0.7671364895795687,0.3448275862068966,1370.0002363984008
4737,2116,0.9375,1.0,0.62643055053608,0.9655172413793103,1369.9574626865672
4738,7673,0.375,0.36128125,0.7085905312612938,0.13793103448275862,1369.906420289855
4739,7868,0.3625,0.365625,0.7455559571136007,0.3448275862068966,1369.861220232922
4740,12738,0.6125,0.6714375,0.7905914950006022,0.8275862068965517,1369.830741935484
4741,4902,0.625,0.309375,0.789519335019877,0.0,1369.7812507465499
4742,2375,0.1125,0.090625,0.7671364895795687,0.0,1369.7811142345809
4743,9160,0.6125,0.3468125,0.6440983014094687,0.13793103448275862,1369.7615217391303
4744,10914,0.125,0.6673125,0.7767256956993133,0.9655172413793103,1369.625870646766
4745,2328,0.1125,0.145440625,0.9854234429586796,0.27586206896551724,1369.6053484848485
4746,8480,0.625,0.4375,0.6813612817732804,0.3448275862068966,1369.583132278811
4747,12278,0.375,0.8816875,0.9419226599204914,0.6896551724137931,1369.567473558501
4748,9612,0.875,0.603375,0.7761354053728465,0.8275862068965517,1369.5085161290322
4749,7618,0.375,0.63325,0.733739308517046,0.8275862068965517,1369.507612903226
4750,18037,0.838875,0.082246875,0.8855318636308878,0.13793103448275862,1369.4716956521738
4751,11152,0.125,0.732625,0.8236477532827369,0.9655172413793103,1369.4600497512438
4752,6189,0.875,0.28125,0.8148897723165883,0.27586206896551724,1369.453909090909
4753,21725,0.8625,0.8712500000000001,0.9547885796891941,0.6896551724137931,1369.3952879432345
4754,5902,0.875,0.278125,0.8578604987350921,0.27586206896551724,1369.302393939394
4755,20958,0.3625,0.7618750000000001,0.9785086134200698,0.6896551724137931,1369.2230334261612
4756,12626,0.6125,0.903125,0.8009998795325863,0.6896551724137931,1369.2230334261612
4757,11980,0.375,0.90840625,0.8046500421635947,0.6896551724137931,1369.222998975258
4758,9389,0.875,0.6420625,0.7767256956993133,0.3448275862068966,1369.166250651834
4759,9923,0.8625,0.36546875,0.7209938561619081,0.3448275862068966,1369.1660420650096
4760,19298,0.375,0.10253125,0.9362968317070233,0.27586206896551724,1369.1508484848484
4761,23018,0.7914749999999999,0.84471875,0.9777014817491867,0.8275862068965517,1369.0243387096775
4762,13049,0.625,0.8821562500000001,0.8335742681604624,0.8275862068965517,1368.862935483871
4763,305,0.6875,0.671875,0.62643055053608,0.9655172413793103,1368.7967495854064
4764,3754,0.375,0.14876562499999998,0.9005421033610408,0.13793103448275862,1368.7471304347825
4765,1794,0.5625,0.890625,0.6023370678231538,0.8275862068965517,1368.701758064516
4766,10704,0.1125,0.7382187499999999,0.8647873750150584,0.8275862068965517,1368.701758064516
4767,11791,0.3625,0.76496875,0.96883508011083,0.8275862068965517,1368.7017096774193
4768,23977,0.125,0.5181250000000001,0.9965787254547644,0.3448275862068966,1368.6098383452113
4769,5453,0.8625,0.153125,0.8456330562582821,0.0,1368.5869075295225
4770,3081,0.125,0.059375,0.7240621611853992,0.0,1368.586856337534
4771,2721,0.125,0.184375,0.92149138657993,0.27586206896551724,1368.544893939394
4772,3597,0.3625,0.22756249999999997,0.8764004336826888,0.13793103448275862,1368.457304347826
4773,3201,0.125,0.1875,0.9135766775087338,0.13793103448275862,1368.4572898550725
4774,20119,0.6125,0.58375,0.9201421515480062,0.3448275862068966,1368.3317782026768
4775,13184,0.625,0.6875,0.7324515118660402,0.9655172413793103,1368.2994195688225
4776,13520,0.8625,0.746875,0.62643055053608,0.9655172413793103,1368.2992703150912
4777,10701,0.1125,0.71875,0.9014576557041319,0.6896551724137931,1368.1896958036905
4778,3026,0.125,0.153125,0.675142753885074,0.13793103448275862,1368.1674927536233
4779,5815,0.875,0.11517812499999999,0.9419226599204914,0.0,1367.9043647483777
4780,10521,0.1125,0.78125,0.8226719672328634,0.8275862068965517,1367.8954193548386
4781,1261,0.0625,0.34375,0.6023370678231538,0.13793103448275862,1367.8776666666668
4782,10410,0.1125,0.90078125,0.9256113721238406,0.6896551724137931,1367.845066191382
4783,12781,0.6125,0.7205625,0.9114323575472835,0.9655172413793103,1367.8018573797679
4784,22104,0.375,0.45565625,0.9837128056860619,0.3448275862068966,1367.7755883886668
4785,3893,0.375,0.326846875,0.7344705457173835,0.0,1367.733775979081
4786,5250,0.8625,0.24761875,0.8543067100349354,0.13793103448275862,1367.7327391304348
4787,21936,0.625,0.14628125,0.9737742440669798,0.13793103448275862,1367.732608695652
4788,6922,0.1125,0.59590625,0.8046500421635947,0.3448275862068966,1367.6365861289762
4789,3289,0.3625,0.2880625,0.8888085772798457,0.0,1367.5632042737802
4790,12927,0.625,0.684375,0.7660281893747741,0.9655172413793103,1367.470199004975
4791,3781,0.375,0.108721875,0.8866401638356823,0.0,1367.392564312495
4792,10237,0.8625,0.64378125,0.7470545717383447,0.6896551724137931,1367.3277514257077
4793,13496,0.8625,0.715625,0.6827141308276111,0.8275862068965517,1367.2502741935484
4794,5676,0.8625,0.06880312499999999,0.7626671485363209,0.0,1367.2219072872138
4795,3789,0.375,0.10201875,0.9224189856643776,0.13793103448275862,1367.1529710144928
4796,4975,0.625,0.246875,0.6813612817732804,0.0,1367.0513014539208
4797,3257,0.3625,0.194096875,0.9718949524153715,0.13793103448275862,1367.0081449275363
4798,4923,0.625,0.31775625,0.7092350319238645,0.3448275862068966,1366.9412967147575
4799,12383,0.6125,0.89484375,0.9224189856643776,0.9655172413793103,1366.8068325041459
4800,3911,0.375,0.31775625,0.7092350319238645,0.3448275862068966,1366.8022666434904
4801,8682,0.625,0.42571875000000003,0.8647873750150584,0.3448275862068966,1366.8022388319139
4802,13322,0.625,0.83165625,0.8878448379713287,0.8275862068965517,1366.7664193548387
4803,904,0.75,0.046875,0.62643055053608,0.13793103448275862,1366.7182898550725
4804,613,0.1875,0.359375,0.62643055053608,0.3448275862068966,1366.6632226664349
4805,12886,0.625,0.72715625,0.8990362606914829,0.9655172413793103,1366.641111111111
4806,10237,0.8625,0.64378125,0.7470545717383447,0.9655172413793103,1366.6403316749586
4807,12364,0.6125,0.8320000000000001,0.9241055294542827,0.8275862068965517,1366.4439516129032
4808,3063,0.125,0.090625,0.7108553186363088,0.0,1366.3688098647644
4809,12626,0.6125,0.903125,0.8009998795325863,0.9655172413793103,1366.3093864013267
4810,13689,0.8625,0.90840625,0.8046500421635947,0.9655172413793103,1366.3093698175787
4811,3166,0.125,0.269728125,0.8990362606914829,0.13793103448275862,1366.283536231884
4812,9164,0.6125,0.36146875,0.6938103842910492,0.27586206896551724,1366.2724242424242
4813,1803,0.1875,0.90625,0.6023370678231538,0.6896551724137931,1366.122779402425
4814,7428,0.375,0.375,0.62643055053608,0.8275862068965517,1366.1213225806453
4815,17918,0.125,0.07753125000000001,0.8752680399951813,0.27586206896551724,1366.120893939394
4816,5354,0.8625,0.21913437499999996,0.9902300927599084,0.27586206896551724,1365.8178636363637
4817,5681,0.8625,0.0625,0.7469943380315623,0.27586206896551724,1365.8178484848486
4818,17087,0.15454375,0.68259375,0.8396096855800506,0.8275862068965517,1365.7989032258065
4819,1762,0.4375,0.859375,0.6023370678231538,0.8275862068965517,1365.637564516129
4820,11729,0.3625,0.6673125,0.7767256956993133,0.6896551724137931,1365.6062570075292
4821,21745,0.8625,0.8588125,0.9795446331767256,0.6896551724137931,1365.6060503021085
4822,13219,0.625,0.89396875,0.9368871220334899,0.6896551724137931,1365.6060158512053
4823,4579,0.6125,0.326846875,0.7344705457173835,0.0,1365.515695378319
4824,5700,0.8625,0.121875,0.9504276593181543,0.13793103448275862,1365.414115942029
4825,849,0.4375,0.109375,0.62643055053608,0.27586206896551724,1365.363409090909
4826,6656,0.125,0.3491875,0.6691205878809782,0.0,1365.345089545026
4827,4048,0.375,0.125,0.7362920130104806,0.0,1365.345089545026
4828,12570,0.6125,0.8125,0.62643055053608,0.8275862068965517,1365.3150161290323
4829,6243,0.875,0.21301874999999998,0.8851825081315503,0.0,1365.1744495837409
4830,10486,0.1125,0.732625,0.8236477532827369,0.8275862068965517,1365.1537741935483
4831,22373,0.8625,0.7837500000000001,0.9813155041561258,0.8275862068965517,1365.153629032258
4832,19366,0.8625,0.09940625,0.9312251535959523,0.27586206896551724,1365.0603939393939
4833,10954,0.125,0.871875,0.9027707505119864,0.8275862068965517,1364.9924838709678
4834,13184,0.625,0.6875,0.7324515118660402,0.6896551724137931,1364.9172733901394
4835,13924,0.875,0.6938125,0.7626671485363209,0.8275862068965517,1364.8311774193548
4836,20284,0.332925,0.8943125000000001,0.9233224912661124,0.9655172413793103,1364.817031509121
4837,22028,0.3625,0.45565625,0.9837128056860619,0.3448275862068966,1364.7166208934468
4838,20127,0.375,0.58375,0.9201421515480062,0.3448275862068966,1364.4384912219712
4839,13048,0.625,0.903125,0.8009998795325863,0.9655172413793103,1364.319552238806
4840,9350,0.875,0.5530625,0.9451270931213106,0.3448275862068966,1364.2995028680689
4841,4676,0.6125,0.090625,0.9023370678231537,0.13793103448275862,1364.254811594203
4842,9759,0.875,0.4212187500000001,0.8866401638356823,0.3448275862068966,1364.1604588910134
4843,7132,0.1125,0.3468125,0.6440983014094687,0.13793103448275862,1363.9650144927537
4844,6089,0.875,0.114709375,0.8335742681604624,0.13793103448275862,1363.9648985507247
4845,8129,0.3625,0.403125,0.6545717383447777,0.13793103448275862,1363.8200869565217
4846,5571,0.8625,0.32289375,0.6938103842910492,0.13793103448275862,1363.820043478261
4847,17710,0.3625,0.9244375,0.8775810143356222,0.9655172413793103,1363.6562686567165
4848,9519,0.875,0.46875,0.6754909047102758,0.3448275862068966,1363.6042412654267
4849,3265,0.3625,0.2384375,0.9629442235875195,0.27586206896551724,1363.5453787878787
4850,6578,0.125,0.621875,0.62643055053608,0.8275862068965517,1363.5417258064517
4851,17743,0.375,0.936875,0.831478135164438,0.6896551724137931,1363.5392372535532
4852,13479,0.8625,0.679125,0.7092350319238645,0.3448275862068966,1363.4649330783939
4853,10883,0.125,0.6891875,0.8427538850740873,0.6896551724137931,1363.1948143466652
4854,10504,0.1125,0.75,0.62643055053608,0.6896551724137931,1363.1948143466652
4855,11291,0.125,0.8190937500000001,0.9718949524153715,0.6896551724137931,1363.1947626703102
4856,5560,0.8625,0.309375,0.65293579086857,0.3448275862068966,1363.048009734052
4857,12896,0.625,0.709,0.8218527888206241,0.9655172413793103,1362.9931177446103
4858,3733,0.375,0.184375,0.92149138657993,0.0,1362.785729021694
4859,10920,0.125,0.6639062499999999,0.7352017829177208,0.8275862068965517,1362.7354677419355
4860,4128,0.375,0.17483437500000001,0.9989157932779182,0.0,1362.6150719964126
4861,131,0.3125,0.859375,0.62643055053608,0.8275862068965517,1362.4120806451613
4862,12988,0.625,0.90840625,0.8046500421635947,0.6896551724137931,1362.3335073103956
4863,14199,0.875,0.6875,0.7059462715335502,0.9655172413793103,1362.3299170812604
4864,14130,0.875,0.79528125,0.8773762197325623,0.8275862068965517,1362.250758064516
4865,2359,0.1125,0.059375,0.7240621611853992,0.0,1362.1031862405491
4866,2631,0.1125,0.04685281249999999,0.7463052644259728,0.13793103448275862,1362.0811014492754
4867,24348,0.6487499999999999,0.81659375,0.9997229249488012,0.6896551724137931,1361.8168643373378
4868,9446,0.875,0.36146875,0.6938103842910492,0.27586206896551724,1361.727409090909
4869,8032,0.3625,0.528125,0.62643055053608,0.3448275862068966,1361.6576255866505
4870,21020,0.6125,0.74628125,0.9623298397783399,0.6896551724137931,1361.6446098202646
4871,17704,0.33875,0.9259999999999999,0.8597036501626311,0.8275862068965517,1361.4444516129033
4872,12389,0.6125,0.875,0.9282857487049753,0.8275862068965517,1361.4444516129033
4873,12444,0.6125,0.7704375,0.9854234429586796,0.8275862068965517,1361.4443548387096
4874,22594,0.8625,0.20878125,0.9832791229972292,0.13793103448275862,1361.3565507246376
4875,674,0.12499999999999989,0.296875,0.62643055053608,0.13793103448275862,1361.3565507246376
4876,2156,0.0,0.859375,0.62643055053608,0.8275862068965517,1361.2831612903226
4877,10391,0.1125,0.95003125,0.7463052644259728,0.8275862068965517,1361.2830645161291
4878,5603,0.8625,0.29638437500000003,0.8183471870858932,0.27586206896551724,1361.2729242424243
4879,18072,0.625,0.0931125,0.9203228526683531,0.27586206896551724,1361.2728484848485
4880,6135,0.875,0.29553124999999997,0.8865317431634743,0.0,1361.2501400100882
4881,10785,0.1125,0.778125,0.9116251054089869,0.6896551724137931,1361.1279323963033
4882,20199,0.625,0.58375,0.9201421515480062,0.3448275862068966,1361.1015053015817
4883,3546,0.3625,0.31775625,0.7092350319238645,0.3448275862068966,1361.1014635842168
4884,5141,0.625,0.16744375,0.9969883146608842,0.13793103448275862,1360.921724637681
4885,3722,0.3625,0.158371875,0.9811348030357788,0.27586206896551724,1360.8184090909092
4886,11703,0.3625,0.7315625,0.8349837368991687,0.8275862068965517,1360.7993870967741
4887,12041,0.375,0.8821562500000001,0.8335742681604624,0.8275862068965517,1360.7992258064517
4888,2228,0.1125,0.21301874999999998,0.8851825081315503,0.0,1360.7382542542248
4889,12032,0.375,0.90625,0.7671364895795687,0.9655172413793103,1360.6712935323383
4890,5241,0.625,0.3125,0.8084809059149499,0.27586206896551724,1360.6668787878789
4891,13283,0.625,0.88815625,0.8866401638356823,0.6896551724137931,1360.6112032959868
4892,1602,0.75,0.6875,0.6023370678231538,0.6896551724137931,1360.6111688450835
4893,4408,0.6125,0.09375,0.8009998795325863,0.0,1360.5676142929397
4894,897,0.25,0.0625,0.62643055053608,0.27586206896551724,1360.5153787878787
4895,1598,0.5,0.6875,0.6023370678231538,0.9655172413793103,1360.5056384742952
4896,17710,0.3625,0.9244375,0.8775810143356222,0.6896551724137931,1360.4389487789135
4897,5585,0.8625,0.32720625000000003,0.6958065293338151,0.27586206896551724,1360.3639393939393
4898,3650,0.3625,0.0818,0.7915190940850501,0.13793103448275862,1360.3420579710146
4899,12152,0.375,0.746875,0.7615106613661005,0.9655172413793103,1360.3399170812604
4900,12502,0.6125,0.732625,0.8236477532827369,0.8275862068965517,1360.3155483870967
4901,5756,0.875,0.184375,0.9436453439344656,0.27586206896551724,1360.212409090909
4902,18040,0.8625,0.07753125000000001,0.8752680399951813,0.27586206896551724,1360.212393939394
4903,17064,0.12499999999999992,0.68378125,0.8428984459703649,0.9655172413793103,1360.1743283582089
4904,10586,0.1125,0.871875,0.7088266473918805,0.8275862068965517,1360.1541935483872
4905,10292,0.8625,0.5216875,0.9831104686182388,0.3448275862068966,1360.1281279332522
4906,6409,0.125,0.371875,0.7240621611853992,0.3448275862068966,1360.1281279332522
4907,2524,0.1125,0.309375,0.65293579086857,0.3448275862068966,1360.1280584043109
4908,5324,0.8625,0.28125,0.8148897723165883,0.0,1360.0557797290646
4909,13924,0.875,0.6938125,0.7626671485363209,0.6896551724137931,1359.9222541295005
4910,7031,0.1125,0.51409375,0.8773762197325623,0.3448275862068966,1359.8500538849296
4911,18793,0.3625,0.5900624999999999,0.9224430791470907,0.3448275862068966,1359.8500399791412
4912,2436,0.1125,0.184375,0.7023551379351886,0.13793103448275862,1359.7625217391305
4913,12427,0.6125,0.89396875,0.9368871220334899,0.6896551724137931,1359.7499479360722
4914,23023,0.8388,0.8385,0.9811348030357788,0.8275862068965517,1359.670435483871
4915,2355,0.1125,0.05412,0.7092350319238645,0.0,1359.5438939732014
4916,11882,0.375,0.746875,0.906143838091796,0.6896551724137931,1359.4055767055393
4917,1594,0.25,0.6875,0.6023370678231538,0.6896551724137931,1359.4055078037325
4918,21940,0.8388,0.157184375,0.9805324659679556,0.13793103448275862,1359.3277826086955
4919,6014,0.875,0.215625,0.8717383447777376,0.13793103448275862,1359.3277536231883
4920,3547,0.3625,0.32289375,0.6938103842910492,0.13793103448275862,1359.327724637681
4921,11766,0.3625,0.72703125,0.9224189856643776,0.6896551724137931,1359.2333049630145
4922,2386,0.1125,0.107628125,0.8236477532827369,0.0,1359.2026311146271
4923,2152,0.0,0.921875,0.62643055053608,0.9655172413793103,1359.179087893864
4924,4319,0.6125,0.321203125,0.8040477050957715,0.13793103448275862,1359.0378695652173
4925,4346,0.6125,0.189640625,0.9998795325864354,0.27586206896551724,1359.0003787878788
4926,12104,0.375,0.809375,0.803589928924226,0.6896551724137931,1358.888847605223
4927,11754,0.3625,0.69559375,0.8589928924225997,0.8275862068965517,1358.864129032258
4928,2941,0.125,0.25,0.7615106613661005,0.27586206896551724,1358.848909090909
4929,20493,0.3625,0.1399875,0.9688591735935429,0.27586206896551724,1358.848893939394
4930,11217,0.125,0.7924375,0.9969883146608842,0.8275862068965517,1358.702693548387
4931,3543,0.3625,0.3125,0.6508384531984098,0.3448275862068966,1358.5986024682775
4932,13995,0.875,0.934375,0.8320322852668354,0.6896551724137931,1358.5443385710764
4933,19099,0.39878749999999996,0.90409375,0.91972051560053,0.8275862068965517,1358.5414838709678
4934,6947,0.1125,0.6546875,0.7468979641007107,0.8275862068965517,1358.5409032258065
4935,5722,0.8625,0.153125,0.9338392964703047,0.0,1358.520173653463
4936,6661,0.125,0.3453125,0.6552355137935189,0.27586206896551724,1358.394409090909
4937,2116,0.9375,1.0,0.62643055053608,0.6896551724137931,1358.1998639878334
4938,12740,0.6125,0.67996875,0.817094325984821,0.9655172413793103,1358.1842620232173
4939,17908,0.1486725,0.082209375,0.885459583182749,0.13793103448275862,1358.1684782608695
4940,20568,0.375,0.12440625000000001,0.9533911576918442,0.13793103448275862,1358.168420289855
4941,122,0.875,0.859375,0.62643055053608,0.8275862068965517,1358.0576774193548
4942,15848,0.125,0.3337375,0.7784001927478615,0.13793103448275862,1358.0235072463768
4943,8842,0.6125,0.44390625000000006,0.8653294783760993,0.3448275862068966,1357.9034382061534
4944,13683,0.8625,0.934375,0.789519335019877,0.8275862068965517,1357.735
4945,8980,0.6125,0.6404062500000001,0.6778038790507167,0.6896551724137931,1357.682428643997
4946,5231,0.625,0.21301874999999998,0.8851825081315503,0.0,1357.6670591670177
4947,3668,0.3625,0.0840125,0.8218527888206241,0.0,1357.6670250390252
4948,4992,0.625,0.215625,0.62643055053608,0.0,1357.6670250390252
4949,21856,0.375,0.1587375,0.9813155041561258,0.13793103448275862,1357.5887391304348
4950,11399,0.3625,0.95003125,0.7463052644259728,0.8275862068965517,1357.4124838709677
4951,12521,0.6125,0.75,0.8461510661366101,0.9655172413793103,1357.3551077943616
4952,5746,0.8625,0.158371875,0.9811348030357788,0.27586206896551724,1357.3339090909092
4953,2751,0.125,0.153125,0.9116251054089869,0.0,1357.3257963084434
4954,5579,0.8625,0.3421875,0.6264305505360801,0.13793103448275862,1357.299
4955,6123,0.875,0.05412,0.7092350319238645,0.0,1357.1551904751504
4956,11313,0.125,0.8295,0.9166606432959884,0.6896551724137931,1356.994220171934
4957,22703,0.3625,0.5244375,0.9940127695458378,0.3448275862068966,1356.9301442725534
4958,10624,0.1125,0.934375,0.65293579086857,0.3448275862068966,1356.9300052146707
4959,23803,0.588825,0.20093437500000003,0.9859414528370076,0.13793103448275862,1356.8642608695652
4960,3218,0.125,0.180040625,0.9129743404409107,0.13793103448275862,1356.8642463768117
4961,21818,0.125,0.14315625,0.9837128056860619,0.13793103448275862,1356.8642173913042
4962,7137,0.1125,0.366625,0.7092350319238645,0.27586206896551724,1356.7279090909092
4963,4833,0.625,0.059375,0.8084809059149499,0.27586206896551724,1356.7278636363637
4964,14136,0.875,0.78125,0.7490784242862305,0.8275862068965517,1356.606241935484
4965,23669,0.8625,0.805625,0.9877002770750511,0.8275862068965517,1356.606177419355
4966,20191,0.8625,0.58375,0.9201421515480062,0.3448275862068966,1356.5130401529636
4967,13783,0.8625,0.7335625,0.9325864353692326,0.6896551724137931,1356.4774566207143
4968,12038,0.375,0.903125,0.6846187206360679,0.6896551724137931,1356.4773877189075
4969,2993,0.125,0.184375,0.62643055053608,0.0,1356.472698885994
4970,3600,0.3625,0.240484375,0.8653294783760993,0.13793103448275862,1356.4295217391305
4971,12540,0.6125,0.78125,0.7490784242862305,0.8275862068965517,1356.2836935483872
4972,4409,0.6125,0.1006375,0.8127815925792072,0.13793103448275862,1356.1396376811595
4973,2340,0.1125,0.063784375,0.8562823756173954,0.13793103448275862,1356.1396231884057
4974,2660,0.1125,0.11517812499999999,0.9419226599204914,0.0,1356.1313848354314
4975,13020,0.625,0.9625625,0.6440983014094687,0.8275862068965517,1356.1223870967742
4976,10701,0.1125,0.71875,0.9014576557041319,0.9655172413793103,1356.0285903814263
4977,13510,0.8625,0.732625,0.8236477532827369,0.9655172413793103,1356.0285240464345
4978,20958,0.3625,0.7618750000000001,0.9785086134200698,0.9655172413793103,1356.0284908789386
4979,1851,0.375,0.953125,0.6023370678231538,0.9655172413793103,1356.0284908789386
4980,13216,0.625,0.9140625,0.9004216359474762,0.9655172413793103,1356.0284577114428
4981,2094,1.0,0.6875,0.62643055053608,0.8275862068965517,1355.9610806451612
4982,12740,0.6125,0.67996875,0.817094325984821,0.6896551724137931,1355.9608653240116
4983,13431,0.8625,0.92053125,0.8865317431634743,0.6896551724137931,1355.9607964222048
4984,21092,0.625,0.7618750000000001,0.9785086134200698,0.6896551724137931,1355.9607619713013
4985,22753,0.6125,0.5244375,0.9940127695458378,0.3448275862068966,1355.9568364331653
4986,3168,0.125,0.256575,0.8742561137212383,0.13793103448275862,1355.7048985507247
4987,6216,0.875,0.231828125,0.922840621611854,0.0,1355.6195673355526
4988,12741,0.6125,0.684375,0.7660281893747741,0.6896551724137931,1355.61640796622
4989,11922,0.375,0.6673125,0.7767256956993133,0.6896551724137931,1355.6163735153168
4990,12383,0.6125,0.89484375,0.9224189856643776,0.6896551724137931,1355.6162529371547
4991,6239,0.875,0.1875,0.9575954704252498,0.27586206896551724,1355.515893939394
4992,5917,0.875,0.326846875,0.7344705457173835,0.0,1355.4489444382634
4993,1851,0.375,0.953125,0.6023370678231538,0.6896551724137931,1355.4440500964367
4994,6039,0.875,0.184375,0.8795084929526562,0.13793103448275862,1355.4151014492754
4995,3813,0.375,0.068996875,0.8251897361763642,0.13793103448275862,1355.415043478261
4996,6070,0.875,0.125,0.6813612817732804,0.13793103448275862,1355.415043478261
4997,1803,0.1875,0.90625,0.6023370678231538,0.9655172413793103,1355.3652238805971
4998,5182,0.625,0.2880625,0.8888085772798457,0.0,1355.2783386049705
4999,7612,0.375,0.63559375,0.7085905312612938,0.6896551724137931,1355.2714855212328
5000,3913,0.375,0.32289375,0.6938103842910492,0.13793103448275862,1355.2701884057972
5001,7118,0.1125,0.375,0.7324515118660402,0.13793103448275862,1355.1252608695652
5002,2233,0.1125,0.1875,0.9575954704252498,0.0,1355.1076986436854
5003,3497,0.3625,0.246875,0.6813612817732804,0.27586206896551724,1355.0613939393938
5004,11237,0.125,0.65996875,0.7669437417178653,0.9655172413793103,1355.0335655058043
5005,23749,0.33882500000000004,0.20093437500000003,0.9859414528370076,0.13793103448275862,1354.980391304348
5006,5422,0.8625,0.107628125,0.8236477532827369,0.27586206896551724,1354.909893939394
5007,2925,0.125,0.28125,0.62643055053608,0.27586206896551724,1354.9098787878788
5008,5469,0.8625,0.17732187500000002,0.8788820624021202,0.27586206896551724,1354.9098787878788
5009,24118,0.8625,0.5181250000000001,0.9965787254547644,0.3448275862068966,1354.8444846167217
5010,20641,0.767775,0.13065,0.9601614263341766,0.13793103448275862,1354.8354782608696
5011,13057,0.625,0.875,0.7615106613661005,0.8275862068965517,1354.8321451612903
5012,5075,0.625,0.09375,0.8009998795325863,0.0,1354.766435785111
5013,5970,0.875,0.25,0.842561137212384,0.27586206896551724,1354.7584242424243
5014,847,0.5625,0.109375,0.62643055053608,0.27586206896551724,1354.758409090909
5015,2854,0.125,0.246875,0.9027707505119864,0.13793103448275862,1354.6905507246377
5016,4442,0.6125,0.153125,0.8699915672810504,0.27586206896551724,1354.606909090909
5017,18470,0.625,0.70565625,0.8821346825683652,0.6896551724137931,1354.5830014419425
5018,2152,0.0,0.921875,0.62643055053608,0.6896551724137931,1354.582863638329
5019,12335,0.6125,0.8050312500000001,0.9129743404409107,0.9655172413793103,1354.536135986733
5020,10972,0.125,0.90840625,0.8046500421635947,0.9655172413793103,1354.5360862354892
5021,2865,0.125,0.278125,0.8360558968798939,0.27586206896551724,1354.4554090909091
5022,6952,0.1125,0.6404062500000001,0.6778038790507167,0.6896551724137931,1354.4101440340596
5023,10504,0.1125,0.75,0.62643055053608,0.9655172413793103,1354.3703648424544
5024,1855,0.625,0.953125,0.6023370678231538,0.9655172413793103,1354.3702819237149
5025,9698,0.875,0.3491875,0.6691205878809782,0.27586206896551724,1354.3039242424243
5026,19241,0.3328,0.11616562500000001,0.955957113600771,0.27586206896551724,1354.3039090909092
5027,3831,0.375,0.045029374999999996,0.7344705457173835,0.13793103448275862,1354.255811594203
5028,19274,0.5828,0.11616562500000001,0.943235754728346,0.13793103448275862,1354.255811594203
5029,17901,0.3625,0.0962375,0.9126249849415733,0.27586206896551724,1354.152393939394
5030,889,0.75,0.0625,0.62643055053608,0.27586206896551724,1354.1523636363636
5031,2921,0.125,0.28125,0.6827141308276111,0.0,1354.083961259951
5032,9659,0.875,0.608875,0.8183471870858932,0.3448275862068966,1353.7321188944898
5033,12147,0.375,0.75,0.8186844958438743,0.6896551724137931,1353.7217116311244
5034,1855,0.625,0.953125,0.6023370678231538,0.6896551724137931,1353.7216599547694
5035,14141,0.875,0.78125,0.62643055053608,0.9655172413793103,1353.707048092869
5036,1752,0.75,0.84375,0.6023370678231538,0.8275862068965517,1353.7032741935484
5037,2375,0.1125,0.090625,0.7671364895795687,0.27586206896551724,1353.6977575757576
5038,10126,0.8625,0.4375,0.6813612817732804,0.3448275862068966,1353.5930610116461
5039,11187,0.125,0.679125,0.7092350319238645,0.3448275862068966,1353.5928246132453
5040,3396,0.3625,0.09375,0.8009998795325863,0.0,1353.4014696707945
5041,4078,0.375,0.090625,0.7952776773882665,0.13793103448275862,1353.2413333333334
5042,5761,0.875,0.158371875,0.9811348030357788,0.13793103448275862,1353.0964927536231
5043,5395,0.8625,0.059375,0.7240621611853992,0.0,1353.060172684228
5044,8192,0.3625,0.40190625,0.9134441633538127,0.3448275862068966,1353.036871197636
5045,3329,0.3625,0.22643437500000002,0.9854234429586796,0.13793103448275862,1352.9515507246376
5046,11733,0.3625,0.684375,0.7660281893747741,0.6896551724137931,1352.8605596239202
5047,22608,0.625,0.20878125,0.9953860980604745,0.13793103448275862,1352.8066811594204
5048,907,0.5625,0.046875,0.62643055053608,0.13793103448275862,1352.8066376811594
5049,3445,0.3625,0.17732187500000002,0.8788820624021202,0.27586206896551724,1352.7888636363637
5050,5178,0.625,0.30108437499999996,0.8357908685700518,0.0,1352.7189780816382
5051,6151,0.875,0.182234375,0.9998795325864354,0.0,1352.7189610176422
5052,21672,0.6125,0.8712500000000001,0.9673292374412721,0.9655172413793103,1352.7120232172472
5053,10330,0.1125,0.8252812500000001,0.8897964100710757,0.6896551724137931,1352.6882878813951
5054,1808,0.5,0.90625,0.6023370678231538,0.6896551724137931,1352.6882706559434
5055,5133,0.625,0.22643437500000002,0.9854234429586796,0.13793103448275862,1352.6617246376811
5056,12359,0.6125,0.840625,0.9800385495723407,0.8275862068965517,1352.574306451613
5057,13689,0.8625,0.90840625,0.8046500421635947,0.6896551724137931,1352.5159989134186
5058,24358,0.8151375,0.8243750000000001,0.9984098301409469,0.8275862068965517,1352.4130806451612
5059,22926,0.154705,0.8357187500000001,0.9945669196482351,0.9655172413793103,1352.3804643449419
5060,4411,0.6125,0.114709375,0.8335742681604624,0.0,1352.377698159068
5061,4573,0.6125,0.32720625000000003,0.6958065293338151,0.27586206896551724,1352.3344393939394
5062,851,0.3125,0.109375,0.62643055053608,0.27586206896551724,1352.334409090909
5063,11764,0.3625,0.709,0.8218527888206241,0.9655172413793103,1352.214759535655
5064,17853,0.625,0.92440625,0.8776894350078304,0.9655172413793103,1352.2146268656716
5065,4737,0.6125,0.17785625,0.9873750150584266,0.0,1352.2070752617788
5066,11930,0.375,0.6578125,0.735933020118058,0.8275862068965517,1352.0907258064517
5067,11153,0.125,0.73971875,0.8335742681604624,0.9655172413793103,1352.048872305141
5068,13521,0.8625,0.75,0.8186844958438743,0.9655172413793103,1352.0488225538973
5069,20551,0.6125,0.1399875,0.9688591735935429,0.27586206896551724,1352.0313939393939
5070,5564,0.8625,0.309375,0.62643055053608,0.6896551724137931,1351.999269813102
5071,20738,0.125,0.449375,0.9785086134200698,0.3448275862068966,1351.924547192769
5072,6182,0.875,0.325021875,0.7463052644259728,0.13793103448275862,1351.7922753623188
5073,12176,0.375,0.6875,0.7324515118660402,0.9655172413793103,1351.7173797678274
5074,2981,0.125,0.20159374999999996,0.8773762197325623,0.13793103448275862,1351.6472898550724
5075,7594,0.375,0.625,0.6752463558607397,0.3448275862068966,1351.647001564401
5076,21573,0.21993625,0.865,0.9613901939525359,0.8275862068965517,1351.6067096774193
5077,3877,0.375,0.278125,0.8360558968798939,0.27586206896551724,1351.576909090909
5078,13286,0.625,0.8816875,0.9419226599204914,0.9655172413793103,1351.5512935323384
5079,3216,0.125,0.3125,0.7872545476448619,0.0,1351.5246348646108
5080,3667,0.3625,0.07740312499999999,0.8288158053246596,0.13793103448275862,1351.502376811594
5081,24235,0.588825,0.8259375,0.9859414528370076,0.6896551724137931,1351.4826268400443
5082,13399,0.8625,0.875,0.884001927478617,0.6896551724137931,1351.4826096145925
5083,3561,0.3625,0.32720625000000003,0.6958065293338151,0.27586206896551724,1351.4254242424242
5084,10180,0.8625,0.3421875,0.716781110709553,0.27586206896551724,1351.4254242424242
5085,13431,0.8625,0.92053125,0.8865317431634743,0.9655172413793103,1351.2197180762853
5086,4906,0.625,0.3207375,0.733739308517046,0.13793103448275862,1351.2126376811593
5087,21814,0.3625,0.14315625,0.9837128056860619,0.13793103448275862,1351.2125942028986
5088,5945,0.875,0.309375,0.62643055053608,0.0,1351.1833720060365
5089,19759,0.8625,0.7275625,0.9233224912661124,0.6896551724137931,1351.1381522568013
5090,13542,0.8625,0.778125,0.8699915672810504,0.8275862068965517,1351.1229032258063
5091,4223,0.375,0.19600625,0.9481387784604264,0.13793103448275862,1351.0677101449276
5092,20839,0.8625,0.4525,0.9688591735935429,0.3448275862068966,1350.9512671649575
5093,4909,0.625,0.31889687499999997,0.7209938561619081,0.13793103448275862,1350.9227971014493
5094,7621,0.375,0.6515625,0.735933020118058,0.3448275862068966,1350.8117921084652
5095,7893,0.3625,0.35715625,0.6958065293338151,0.13793103448275862,1350.7779130434783
5096,22438,0.3328875,0.22554687499999998,0.9738103842910492,0.13793103448275862,1350.7778985507246
5097,2031,1.0,0.296875,0.6023370678231538,0.0,1350.6715203781655
5098,2713,0.1125,0.17785625,0.9873750150584266,0.0,1350.671469186177
5099,21241,0.375,0.24936250000000001,0.9637754487411154,0.13793103448275862,1350.6329710144928
5100,11176,0.125,0.6875,0.62643055053608,0.27586206896551724,1350.5165151515153
5101,3566,0.3625,0.3207375,0.733739308517046,0.13793103448275862,1350.4880289855073
5102,20381,0.4047375000000001,0.87946875,0.9575352367184676,0.8275862068965517,1350.4777741935484
5103,10622,0.1125,0.9252812499999999,0.7551740754126008,0.6896551724137931,1350.4490480612496
5104,4761,0.625,0.16053125,0.9588001445608962,0.27586206896551724,1350.3649090909091
5105,13726,0.8625,0.7252500000000001,0.8892302132273219,0.6896551724137931,1350.276983024145
5106,5567,0.8625,0.3125,0.6508384531984098,0.3448275862068966,1350.2559638449504
5107,13083,0.625,0.84375,0.62643055053608,0.6896551724137931,1350.104780183427
5108,13757,0.8625,0.684375,0.7448066498012287,0.6896551724137931,1350.104780183427
5109,13777,0.8625,0.6891875,0.8427538850740873,0.9655172413793103,1350.0590049751245
5110,1685,0.3125,0.78125,0.6023370678231538,0.8275862068965517,1349.9939838709677
5111,22320,0.375,0.76815625,0.9837128056860619,0.9655172413793103,1349.8931343283582
5112,2951,0.125,0.246875,0.6813612817732804,0.0,1349.818388827724
5113,12182,0.375,0.6875,0.67944103120106,0.6896551724137931,1349.7606156583145
5114,10464,0.1125,0.6875,0.62643055053608,0.0,1349.6482607863227
5115,2577,0.1125,0.252184375,0.8525719792796047,0.13793103448275862,1349.6185652173913
5116,7412,0.375,0.3421875,0.716781110709553,0.27586206896551724,1349.6074242424243
5117,13708,0.8625,0.871875,0.8807252138296592,0.8275862068965517,1349.5101451612902
5118,9469,0.875,0.403125,0.62643055053608,0.48275862068965514,1349.3319339371583
5119,5766,0.875,0.15625,0.9501746777496686,0.0,1349.3065201358568
5120,603,0.8125,0.359375,0.62643055053608,0.3448275862068966,1349.2827255345037
5121,291,0.625,0.6875,0.62643055053608,0.6896551724137931,1349.243490372609
5122,7612,0.375,0.63559375,0.7085905312612938,0.9655172413793103,1349.2295024875623
5123,2780,0.125,0.0840125,0.8218527888206241,0.13793103448275862,1349.1837971014493
5124,13920,0.875,0.6875,0.7469943380315623,0.6896551724137931,1349.0713564336977
5125,295,0.375,0.6875,0.62643055053608,0.6896551724137931,1349.0712530809874
5126,13521,0.8625,0.75,0.8186844958438743,0.6896551724137931,1348.899067465721
5127,4036,0.375,0.153125,0.7238561619082038,0.13793103448275862,1348.8940579710145
5128,5815,0.875,0.11517812499999999,0.9419226599204914,0.13793103448275862,1348.8939130434783
5129,11686,0.3625,0.8836562499999999,0.8647873750150584,0.8275862068965517,1348.8649677419355
5130,4868,0.625,0.24041562500000002,0.930333694735574,0.13793103448275862,1348.7490869565218
5131,3397,0.3625,0.1006375,0.8127815925792072,0.13793103448275862,1348.7490869565218
5132,21668,0.375,0.8712500000000001,0.9673292374412721,0.9655172413793103,1348.73232172471
5133,7491,0.375,0.46875,0.6754909047102758,0.3448275862068966,1348.726549626282
5134,3240,0.3625,0.21301874999999998,0.8851825081315503,0.0,1348.6240285467004
5135,1605,0.9375,0.6875,0.6023370678231538,0.8275862068965517,1348.5424516129033
5136,9637,0.875,0.6515625,0.6955848692928562,0.8275862068965517,1348.5420483870969
5137,14199,0.875,0.6875,0.7059462715335502,0.6896551724137931,1348.382545070825
5138,12627,0.6125,0.903125,0.62643055053608,0.6896551724137931,1348.382028307274
5139,13995,0.875,0.934375,0.8320322852668354,0.9655172413793103,1348.2349253731343
5140,8206,0.3625,0.6420625,0.7767256956993133,0.3448275862068966,1348.1712219711455
5141,16667,0.6125,0.0712375,0.8605951090230093,0.27586206896551724,1348.0923636363636
5142,10420,0.1125,0.8294374999999998,0.9969883146608842,0.9655172413793103,1348.069071310116
5143,21725,0.8625,0.8712500000000001,0.9547885796891941,0.9655172413793103,1347.9032669983417
5144,12176,0.375,0.6875,0.7324515118660402,0.6896551724137931,1347.8658331959602
5145,12737,0.6125,0.6673125,0.7767256956993133,0.6896551724137931,1347.865678166895
5146,21313,0.625,0.24936250000000001,0.9637754487411154,0.27586206896551724,1347.7894090909092
5147,2376,0.1125,0.090625,0.7952776773882665,0.13793103448275862,1347.7346376811595
5148,13216,0.625,0.9140625,0.9004216359474762,0.6896551724137931,1347.6933375225633
5149,5880,0.875,0.24041562500000002,0.930333694735574,0.13793103448275862,1347.5897826086957
5150,13770,0.8625,0.69559375,0.8589928924225997,0.8275862068965517,1347.5749677419356
5151,5002,0.625,0.215625,0.8717383447777376,0.13793103448275862,1347.444884057971
5152,6228,0.875,0.18979375,0.9878207444886157,0.13793103448275862,1347.444884057971
5153,12768,0.6125,0.715625,0.9023370678231537,0.9655172413793103,1347.405887230514
5154,1602,0.75,0.6875,0.6023370678231538,0.9655172413793103,1347.4058043117745
5155,21026,0.375,0.7618750000000001,0.9785086134200698,0.6896551724137931,1347.3488973902236
5156,10160,0.8625,0.375,0.7324515118660402,0.13793103448275862,1347.3
5157,12893,0.625,0.72703125,0.9224189856643776,0.6896551724137931,1347.1766773240536
5158,1892,0.0,0.03125,0.6023370678231538,0.0,1347.0884054071025
5159,6507,0.125,0.51409375,0.8773762197325623,0.3448275862068966,1347.0580079958283
5160,7591,0.375,0.621875,0.7324515118660402,0.48275862068965514,1347.033161321027
5161,4457,0.6125,0.17732187500000002,0.8788820624021202,0.27586206896551724,1347.0318636363636
5162,11688,0.3625,0.896625,0.8892302132273219,0.6896551724137931,1347.0044572578838
5163,2967,0.125,0.21875,0.62643055053608,0.0,1346.9178337018018
5164,23521,0.3625,0.8087500000000001,0.9879171184194675,0.9655172413793103,1346.9083582089552
5165,10659,0.1125,0.934375,0.789519335019877,0.6896551724137931,1346.8321338390037
5166,10042,0.8625,0.559375,0.7088266473918805,0.3448275862068966,1346.7799617590822
5167,13334,0.625,0.8050312500000001,0.9129743404409107,0.6896551724137931,1346.6599826746406
5168,1774,0.25,0.875,0.6023370678231538,0.6896551724137931,1346.6599826746406
5169,10922,0.125,0.6578125,0.735933020118058,0.8275862068965517,1346.607564516129
5170,12928,0.625,0.684375,0.8297072641850378,0.9655172413793103,1346.5768325041458
5171,4991,0.625,0.21875,0.62643055053608,0.13793103448275862,1346.5754057971014
5172,11740,0.3625,0.678125,0.7455559571136007,0.9655172413793103,1346.4112935323383
5173,18470,0.625,0.70565625,0.8821346825683652,0.9655172413793103,1346.4110116086235
5174,4501,0.6125,0.21875,0.675142753885074,0.13793103448275862,1346.2855942028984
5175,11180,0.125,0.684375,0.6508384531984098,0.13793103448275862,1346.2851594202898
5176,6592,0.125,0.6546875,0.6565474039272376,0.8275862068965517,1346.2844193548387
5177,10330,0.1125,0.8252812500000001,0.8897964100710757,0.9655172413793103,1346.2450912106135
5178,1594,0.25,0.6875,0.6023370678231538,0.9655172413793103,1346.0792205638475
5179,16633,0.12499999999999992,0.058780624999999996,0.8428984459703649,0.13793103448275862,1345.9957826086957
5180,900,0.0625,0.0625,0.62643055053608,0.13793103448275862,1345.9957101449274
5181,4734,0.6125,0.158371875,0.9811348030357788,0.27586206896551724,1345.971409090909
5182,8710,0.625,0.365625,0.7455559571136007,0.3448275862068966,1345.9456700851729
5183,6178,0.875,0.329559375,0.7767256956993133,0.0,1345.894028062083
5184,8643,0.625,0.59590625,0.8046500421635947,0.3448275862068966,1345.806653919694
5185,14332,0.875,0.8252812500000001,0.8897964100710757,0.6896551724137931,1345.7987789910812
5186,11882,0.375,0.746875,0.906143838091796,0.9655172413793103,1345.5818407960198
5187,2727,0.125,0.17785625,0.9873750150584266,0.13793103448275862,1345.560927536232
5188,2054,1.0,0.0625,0.62643055053608,0.27586206896551724,1345.5168787878788
5189,8907,0.6125,0.35715625,0.6958065293338151,0.13793103448275862,1345.4161304347826
5190,12582,0.6125,0.840625,0.8226719672328634,0.8275862068965517,1345.317064516129
5191,12261,0.375,0.90625,0.8148897723165883,0.8275862068965517,1345.3170161290323
5192,4691,0.6125,0.108721875,0.8866401638356823,0.0,1345.0409647676258
5193,11127,0.125,0.778125,0.650786652210577,0.8275862068965517,1344.9944677419355
5194,17743,0.375,0.936875,0.831478135164438,0.9655172413793103,1344.9185240464344
5195,20947,0.3625,0.74628125,0.9623298397783399,0.9655172413793103,1344.9185074626866
5196,8687,0.625,0.36128125,0.7085905312612938,0.13793103448275862,1344.8364347826086
5197,7740,0.375,0.44390625000000006,0.8653294783760993,0.3448275862068966,1344.8333043629411
5198,3338,0.3625,0.16007812500000002,0.9940850499939766,0.27586206896551724,1344.7593787878789
5199,977,0.125,0.046875,0.6023370678231538,0.0,1344.6996848450556
5200,8084,0.3625,0.465625,0.8212865919768702,0.3448275862068966,1344.6942603858856
5201,3513,0.3625,0.25,0.842561137212384,0.27586206896551724,1344.607909090909
5202,3953,0.375,0.25,0.7615106613661005,0.27586206896551724,1344.607909090909
5203,17423,0.625,0.29940625,0.8776894350078304,0.0,1344.5290960757586
5204,15568,0.322925,0.67490625,0.8016263100831226,0.8275862068965517,1344.5107419354838
5205,16025,0.625,0.3337375,0.7784001927478615,0.27586206896551724,1344.456393939394
5206,19647,0.3625,0.7275625,0.9233224912661124,0.6896551724137931,1344.4208978835604
5207,899,0.12499999999999993,0.0625,0.62643055053608,0.13793103448275862,1344.4016666666666
5208,5759,0.875,0.184375,0.9879412119021804,0.0,1344.1878332171843
5209,2932,0.125,0.278125,0.8009998795325863,0.13793103448275862,1344.1118695652174
5210,20273,0.1547425,0.87946875,0.9448379713287555,0.9655172413793103,1344.0894195688224
5211,22536,0.375,0.20878125,0.9953860980604745,0.13793103448275862,1343.9669855072464
5212,12182,0.375,0.6875,0.67944103120106,0.9655172413793103,1343.758142620232
5213,13170,0.625,0.71875,0.655524635586074,0.6896551724137931,1343.732017618881
5214,12304,0.375,0.840625,0.9141910613179135,0.8275862068965517,1343.7042903225806
5215,19216,0.3328875,0.10135000000000001,0.9213227322009396,0.0,1343.6759815893133
5216,10578,0.1125,0.84375,0.650786652210577,0.9655172413793103,1343.592006633499
5217,20983,0.6125,0.765,0.9688591735935429,0.9655172413793103,1343.5919402985076
5218,12921,0.625,0.6718437500000001,0.7463052644259728,0.8275862068965517,1343.5433870967743
5219,7936,0.3625,0.59590625,0.8046500421635947,0.3448275862068966,1343.4429202155397
5220,1808,0.5,0.90625,0.6023370678231538,0.9655172413793103,1343.426119402985
5221,24321,0.625,0.81503125,0.9878086977472593,0.6896551724137931,1343.3874569083794
5222,21960,0.625,0.14315625,0.9837128056860619,0.13793103448275862,1343.3872898550724
5223,892,0.5625,0.0625,0.62643055053608,0.13793103448275862,1343.2423623188406
5224,330,0.0625,0.65625,0.62643055053608,0.8275862068965517,1343.2205806451614
5225,12914,0.625,0.71346875,0.8046500421635947,0.8275862068965517,1343.2205322580646
5226,6911,0.1125,0.57128125,0.8441633538127936,0.3448275862068966,1343.164846167217
5227,13283,0.625,0.88815625,0.8866401638356823,0.9655172413793103,1343.0945107794362
5228,15844,0.3625,0.3337375,0.7784001927478615,0.27586206896551724,1343.092893939394
5229,5896,0.875,0.252184375,0.8525719792796047,0.13793103448275862,1342.9525797101448
5230,3473,0.3625,0.215625,0.7000216841344417,0.13793103448275862,1342.9525797101448
5231,7581,0.375,0.59375,0.62643055053608,0.3448275862068966,1342.8866886841647
5232,5373,0.8625,0.0828125,0.9004216359474762,0.0,1342.8227988468834
5233,20631,0.625,0.1399875,0.9688591735935429,0.27586206896551724,1342.789893939394
5234,17853,0.625,0.92440625,0.8776894350078304,0.6896551724137931,1342.698507741893
5235,6659,0.125,0.36128125,0.7085905312612938,0.13793103448275862,1342.662768115942
5236,5677,0.8625,0.0625,0.8320322852668354,0.13793103448275862,1342.662724637681
5237,5084,0.625,0.090625,0.62643055053608,0.0,1342.6521588855983
5238,20991,0.375,0.765,0.9688591735935429,0.9655172413793103,1342.597031509121
5239,14083,0.875,0.84375,0.675142753885074,0.8275862068965517,1342.575370967742
5240,199,0.75,0.78125,0.62643055053608,0.8275862068965517,1342.575370967742
5241,1782,0.75,0.875,0.6023370678231538,0.6896551724137931,1342.5262876757233
5242,21092,0.625,0.7618750000000001,0.9785086134200698,0.9655172413793103,1342.4311940298508
5243,20948,0.3625,0.7494375,0.9660040958920612,0.8275862068965517,1342.4140483870967
5244,2106,1.0,0.875,0.62643055053608,0.6896551724137931,1342.3540503841018
5245,23583,0.375,0.8087500000000001,0.9879171184194675,0.6896551724137931,1342.35403315865
5246,4280,0.6125,0.231828125,0.922840621611854,0.0,1342.3109984110006
5247,12482,0.6125,0.692,0.7440320443320082,0.9655172413793103,1342.2655223880597
5248,22953,0.5414375,0.84159375,0.9795084929526562,0.8275862068965517,1342.0915483870967
5249,301,0.9375,0.671875,0.62643055053608,0.8275862068965517,1342.0915322580645
5250,1763,0.5,0.859375,0.6023370678231538,0.8275862068965517,1342.0915322580645
5251,3788,0.375,0.121875,0.9504276593181543,0.13793103448275862,1342.0831014492753
5252,5074,0.625,0.1006375,0.8127815925792072,0.13793103448275862,1342.0830869565218
5253,2909,0.125,0.309375,0.62643055053608,0.6896551724137931,1342.0094896736
5254,7322,0.375,0.5530625,0.9451270931213106,0.3448275862068966,1341.9134225621415
5255,8564,0.625,0.559375,0.7088266473918805,0.3448275862068966,1341.7743646792978
5256,12887,0.625,0.7205625,0.9114323575472835,0.6896551724137931,1341.6651356685188
5257,3817,0.375,0.04685281249999999,0.7463052644259728,0.13793103448275862,1341.6483623188406
5258,6570,0.125,0.603375,0.7761354053728465,0.8275862068965517,1341.6079516129032
5259,13511,0.8625,0.73971875,0.8335742681604624,0.9655172413793103,1341.6021393034825
5260,5774,0.875,0.1648125,0.945319840983014,0.13793103448275862,1341.503463768116
5261,2373,0.1125,0.090625,0.7108553186363088,0.13793103448275862,1341.5034347826088
5262,92,0.875,0.890625,0.62643055053608,0.8275862068965517,1341.4464193548388
5263,12741,0.6125,0.684375,0.7660281893747741,0.9655172413793103,1341.436368159204
5264,9054,0.6125,0.528125,0.6754909047102758,0.3448275862068966,1341.3572327481313
5265,2117,0.875,1.0,0.62643055053608,0.6896551724137931,1341.3206094089207
5266,2530,0.1125,0.3125,0.6752463558607397,0.0,1341.2871927712818
5267,9166,0.6125,0.3421875,0.716781110709553,0.27586206896551724,1341.2749242424243
5268,2238,0.1125,0.20273750000000001,0.9854234429586796,0.27586206896551724,1341.2748787878788
5269,1852,0.4375,0.953125,0.6023370678231538,0.9655172413793103,1341.1046102819237
5270,3450,0.3625,0.184375,0.752969521744368,0.13793103448275862,1341.0687391304348
5271,12326,0.375,0.8050312500000001,0.9129743404409107,0.6896551724137931,1340.9761520511292
5272,4350,0.6125,0.16007812500000002,0.9940850499939766,0.27586206896551724,1340.971893939394
5273,2655,0.1125,0.07740312499999999,0.8288158053246596,0.27586206896551724,1340.9718636363637
5274,9549,0.875,0.51409375,0.8773762197325623,0.3448275862068966,1340.940045193812
5275,1854,0.5625,0.953125,0.6023370678231538,0.9655172413793103,1340.9387728026534
5276,5515,0.8625,0.21875,0.62643055053608,0.13793103448275862,1340.9238115942028
5277,4268,0.6125,0.18979375,0.9878207444886157,0.27586206896551724,1340.8204242424242
5278,4954,0.625,0.278125,0.6846187206360679,0.27586206896551724,1340.8204090909092
5279,10687,0.1125,0.871875,0.8586917238886881,0.6896551724137931,1340.803897534056
5280,14318,0.875,0.840625,0.958089386820865,0.8275862068965517,1340.8013387096773
5281,5456,0.8625,0.15625,0.8471991326346222,0.27586206896551724,1340.6689393939394
5282,21237,0.6125,0.24936250000000001,0.9637754487411154,0.27586206896551724,1340.517409090909
5283,3667,0.3625,0.07740312499999999,0.8288158053246596,0.27586206896551724,1340.5173636363636
5284,2851,0.125,0.240484375,0.8653294783760993,0.13793103448275862,1340.4891014492753
5285,4682,0.6125,0.10201875,0.9224189856643776,0.13793103448275862,1340.4889710144928
5286,10972,0.125,0.90840625,0.8046500421635947,0.6896551724137931,1340.4593884999094
5287,5581,0.8625,0.3390625,0.6955848692928562,0.0,1340.434163604817
5288,16019,0.8625,0.321328125,0.8190820383086375,0.0,1340.4341294768246
5289,981,0.375,0.046875,0.6023370678231538,0.0,1340.4341124128287
5290,21914,0.40474999999999994,0.15991875,0.9940127695458378,0.27586206896551724,1340.2144090909092
5291,13304,0.625,0.8320000000000001,0.9241055294542827,0.8275862068965517,1340.1562580645161
5292,13924,0.875,0.6938125,0.7626671485363209,0.9655172413793103,1340.1097180762852
5293,11373,0.3625,0.8816875,0.9419226599204914,0.9655172413793103,1340.1096517412934
5294,1693,0.8125,0.78125,0.6023370678231538,0.8275862068965517,1339.9949838709676
5295,1852,0.4375,0.953125,0.6023370678231538,0.6896551724137931,1339.770456558875
5296,18967,0.125,0.915,0.8847729189254305,0.8275862068965517,1339.6723387096774
5297,1854,0.5625,0.953125,0.6023370678231538,0.6896551724137931,1339.5982020418016
5298,4558,0.6125,0.31775625,0.7092350319238645,0.3448275862068966,1339.5496471406223
5299,11552,0.3625,0.809375,0.62643055053608,0.8275862068965517,1339.5112096774194
5300,13793,0.8625,0.746875,0.8618600168654379,0.8275862068965517,1339.5111612903227
5301,2772,0.125,0.121875,0.8618600168654379,0.13793103448275862,1339.474695652174
5302,5342,0.8625,0.301878125,0.8718226719672328,0.0,1339.4103920930902
5303,2256,0.1125,0.231828125,0.922840621611854,0.0,1339.4103920930902
5304,14279,0.875,0.9194687500000001,0.8288158053246596,0.8275862068965517,1339.3497580645162
5305,13183,0.625,0.692,0.7440320443320082,0.9655172413793103,1339.2807628524047
5306,12920,0.625,0.678125,0.7455559571136007,0.6896551724137931,1339.254175320303
5307,5690,0.8625,0.070790625,0.8357908685700518,0.0,1339.2397180038129
5308,11444,0.3625,0.71440625,0.9134441633538127,0.8275862068965517,1339.1886612903227
5309,1741,0.0625,0.84375,0.6023370678231538,0.8275862068965517,1339.1885967741935
5310,14332,0.875,0.8252812500000001,0.8897964100710757,0.9655172413793103,1339.114792703151
5311,13529,0.8625,0.75,0.8461510661366101,0.6896551724137931,1339.081559068744
5312,10854,0.125,0.76496875,0.96883508011083,0.6896551724137931,1339.0815073923886
5313,5077,0.625,0.114709375,0.8335742681604624,0.0,1339.069129234516
5314,19265,0.5828875,0.10135000000000001,0.9213227322009396,0.27586206896551724,1339.0024090909092
5315,17217,0.625,0.69625,0.8747861703409228,0.9655172413793103,1338.949054726368
5316,11733,0.3625,0.684375,0.7660281893747741,0.9655172413793103,1338.9490049751244
5317,4406,0.6125,0.09375,0.655524635586074,0.0,1338.898386889254
5318,13662,0.8625,0.9625625,0.6440983014094687,0.8275862068965517,1338.866064516129
5319,10533,0.1125,0.8023125,0.8788820624021202,0.9655172413793103,1338.7831343283583
5320,2444,0.1125,0.184375,0.62643055053608,0.13793103448275862,1338.7501014492755
5321,2877,0.125,0.309375,0.7682568365257197,0.13793103448275862,1338.75
5322,14168,0.875,0.746875,0.7615106613661005,0.6896551724137931,1338.7371189364042
5323,12175,0.375,0.692,0.7440320443320082,0.9655172413793103,1338.617495854063
5324,11331,0.3625,0.83375,0.9009275990844476,0.9655172413793103,1338.6173466003318
5325,20491,0.1547675,0.138040625,0.9671846765449945,0.0,1338.5572946706409
5326,12303,0.375,0.840625,0.9361402240693892,0.8275862068965517,1338.5435161290322
5327,21770,0.6546875,0.87240625,0.9660040958920612,0.8275862068965517,1338.5434838709677
5328,5064,0.625,0.125,0.62643055053608,0.0,1338.2159806200784
5329,4593,0.6125,0.309375,0.8320322852668354,0.13793103448275862,1338.1704782608695
5330,10687,0.1125,0.871875,0.8586917238886881,0.9655172413793103,1338.1198507462686
5331,4510,0.6125,0.246875,0.7088266473918805,0.13793103448275862,1338.025536231884
5332,10883,0.125,0.6891875,0.8427538850740873,0.9655172413793103,1337.954096185738
5333,2330,0.1125,0.13098749999999998,0.9729671123960967,0.27586206896551724,1337.9418636363637
5334,23534,0.3625,0.805625,0.9877002770750511,0.8275862068965517,1337.8983548387096
5335,4121,0.375,0.22643437500000002,0.9854234429586796,0.13793103448275862,1337.8805942028985
5336,2604,0.1125,0.11320625,0.8647873750150584,0.13793103448275862,1337.880579710145
5337,6301,0.125,0.5378437500000001,0.9739549451873267,0.3448275862068966,1337.7420476273248
5338,5859,0.875,0.0328125,0.7157583423683893,0.13793103448275862,1337.7357391304347
5339,3907,0.375,0.3421875,0.6866642573183953,0.13793103448275862,1337.7357391304347
5340,12482,0.6125,0.692,0.7440320443320082,0.6896551724137931,1337.7037985393852
5341,3899,0.375,0.32720625000000003,0.6958065293338151,0.27586206896551724,1337.6389242424243
5342,10908,0.125,0.684375,0.7448066498012287,0.6896551724137931,1337.5314751205049
5343,21094,0.625,0.74628125,0.9623298397783399,0.6896551724137931,1337.531406218698
5344,10073,0.8625,0.51409375,0.8773762197325623,0.3448275862068966,1337.463959673214
5345,6099,0.875,0.090625,0.7108553186363088,0.27586206896551724,1337.3358939393938
5346,4152,0.375,0.321203125,0.8040477050957715,0.13793103448275862,1337.3009420289854
5347,22990,0.42246249999999996,0.8462500000000001,0.9889410914347668,0.8275862068965517,1337.2533064516128
5348,9918,0.8625,0.3453125,0.6552355137935189,0.27586206896551724,1337.1844393939393
5349,1951,0.0,0.953125,0.6023370678231538,0.8275862068965517,1337.0919677419354
5350,5014,0.625,0.1875,0.8289001325141548,0.27586206896551724,1337.0329242424243
5351,7235,0.1125,0.54440625,0.96883508011083,0.3448275862068966,1336.9077559534155
5352,4158,0.375,0.325021875,0.7463052644259728,0.13793103448275862,1336.7212898550724
5353,6087,0.875,0.09375,0.8009998795325863,0.0,1336.680408672469
5354,24308,0.8625,0.8275,0.9855077701481749,0.8275862068965517,1336.608112903226
5355,4525,0.6125,0.25,0.842561137212384,0.27586206896551724,1336.5784090909092
5356,7693,0.375,0.34684375,0.7478014697024454,0.13793103448275862,1336.5764782608696
5357,3110,0.125,0.21913437499999996,0.9902300927599084,0.0,1336.5097687111836
5358,11688,0.3625,0.896625,0.8892302132273219,0.9655172413793103,1336.4616583747927
5359,291,0.625,0.6875,0.62643055053608,0.9655172413793103,1336.2957877280264
5360,3639,0.3625,0.059375,0.8084809059149499,0.0,1336.1685229166055
5361,23864,0.8328125,0.188853125,0.9878809781953981,0.13793103448275862,1336.141695652174
5362,295,0.375,0.6875,0.62643055053608,0.9655172413793103,1336.1299668325041
5363,755,0.6875,0.203125,0.62643055053608,0.13793103448275862,1335.9967826086956
5364,13824,0.8625,0.78553125,0.9588001445608962,0.6896551724137931,1335.9812878195557
5365,24337,0.8625,0.81190625,1.0,0.6896551724137931,1335.981218917749
5366,3326,0.3625,0.248021875,0.9653294783760993,0.27586206896551724,1335.9724090909092
5367,4040,0.375,0.153125,0.8699915672810504,0.27586206896551724,1335.9724090909092
5368,2867,0.125,0.278125,0.8796530538489338,0.0,1335.8272941860234
5369,14171,0.875,0.746875,0.6804637995422238,0.6896551724137931,1335.8090333024825
5370,23575,0.6125,0.8087500000000001,0.9879171184194675,0.6896551724137931,1335.809016077031
5371,17781,0.375,0.92440625,0.8776894350078304,0.9655172413793103,1335.7983582089553
5372,7145,0.1125,0.6325937500000001,0.822816528129141,0.3448275862068966,1335.795696158526
5373,12407,0.6125,0.95003125,0.7463052644259728,0.8275862068965517,1335.6404677419355
5374,5328,0.8625,0.33128437499999996,0.7470545717383447,0.13793103448275862,1335.5619855072464
5375,8605,0.625,0.621875,0.7324515118660402,0.48275862068965514,1335.5388384168737
5376,1805,0.3125,0.90625,0.6023370678231538,0.6896551724137931,1335.4645414937877
5377,13928,0.875,0.678125,0.7455559571136007,0.6896551724137931,1335.292614260297
5378,7192,0.1125,0.6420625,0.7767256956993133,0.3448275862068966,1335.2394646271512
5379,11925,0.375,0.67996875,0.817094325984821,0.9655172413793103,1335.1351409618574
5380,10229,0.8625,0.34746875,0.7669437417178653,0.13793103448275862,1335.127115942029
5381,12138,0.375,0.75,0.8461510661366101,0.6896551724137931,1335.120101361448
5382,17851,0.625,0.936875,0.8462594868088182,0.8275862068965517,1334.9954516129033
5383,1567,0.4375,0.65625,0.6023370678231538,0.9655172413793103,1334.9693864013268
5384,11126,0.125,0.778125,0.675142753885074,0.6896551724137931,1334.9478812952782
5385,853,0.1875,0.109375,0.62643055053608,0.27586206896551724,1334.9119090909091
5386,13183,0.625,0.692,0.7440320443320082,0.6896551724137931,1334.7757645818185
5387,21941,0.8625,0.1587375,0.9813155041561258,0.0,1334.6329339049998
5388,3879,0.375,0.278125,0.8796530538489338,0.0,1334.462311007711
5389,3399,0.3625,0.114709375,0.8335742681604624,0.0,1334.4622939437147
5390,10238,0.8625,0.63753125,0.7463052644259728,0.3448275862068966,1334.405478880584
5391,6413,0.125,0.375,0.65293579086857,0.8275862068965517,1334.350370967742
5392,8626,0.625,0.63559375,0.7085905312612938,0.6896551724137931,1334.2586048452094
5393,5493,0.8625,0.20159374999999996,0.8773762197325623,0.13793103448275862,1334.2577101449276
5394,12632,0.6125,0.90625,0.6545717383447777,0.8275862068965517,1334.1889354838709
5395,843,0.8125,0.109375,0.62643055053608,0.27586206896551724,1334.154409090909
5396,3123,0.125,0.12385312499999998,0.9653294783760993,0.27586206896551724,1334.1543484848485
5397,19090,0.5887625,0.904125,0.9196482351523912,0.8275862068965517,1334.0278064516128
5398,2125,0.375,1.0,0.62643055053608,0.9655172413793103,1333.974328358209
5399,12175,0.375,0.692,0.7440320443320082,0.6896551724137931,1333.9145781237107
5400,12905,0.625,0.69559375,0.8589928924225997,0.8275862068965517,1333.866629032258
5401,842,0.875,0.109375,0.62643055053608,0.27586206896551724,1333.8514242424242
5402,20069,0.3625,0.5806250000000001,0.9252258764004336,0.3448275862068966,1333.8487467408308
5403,17781,0.375,0.92440625,0.8776894350078304,0.6896551724137931,1333.742168577572
5404,13469,0.8625,0.65996875,0.7669437417178653,0.6896551724137931,1333.7421513521203
5405,608,0.5,0.359375,0.62643055053608,0.3448275862068966,1333.7098001042934
5406,13945,0.875,0.68225,0.7330092759908444,0.8275862068965517,1333.7052258064516
5407,16002,0.8625,0.3337375,0.7619563907962895,0.13793103448275862,1333.6781304347826
5408,21026,0.375,0.7618750000000001,0.9785086134200698,0.9655172413793103,1333.6426699834162
5409,4019,0.375,0.17732187500000002,0.8788820624021202,0.27586206896551724,1333.5483636363635
5410,2796,0.125,0.0625,0.7469943380315623,0.27586206896551724,1333.5483484848485
5411,12793,0.6125,0.75,0.9468497771352848,0.8275862068965517,1333.544
5412,12545,0.6125,0.78125,0.62643055053608,0.8275862068965517,1333.5439516129031
5413,8449,0.625,0.403125,0.6545717383447777,0.13793103448275862,1333.5332608695653
5414,1952,0.0,0.96875,0.6023370678231538,0.6896551724137931,1333.397693994329
5415,294,0.4375,0.6875,0.62643055053608,0.6896551724137931,1333.3976423179738
5416,4880,0.625,0.27164062499999997,0.8892302132273219,0.27586206896551724,1333.396893939394
5417,9201,0.6125,0.43634375,0.9653294783760993,0.3448275862068966,1333.2926403615504
5418,2268,0.1125,0.256575,0.8742561137212383,0.13793103448275862,1333.243376811594
5419,6069,0.875,0.125,0.6538959161546801,0.13793103448275862,1333.0984057971013
5420,13874,0.875,0.778125,0.9338392964703047,0.8275862068965517,1333.0601935483871
5421,2244,0.1125,0.18979375,0.9878207444886157,0.13793103448275862,1332.9535797101448
5422,5280,0.8625,0.18979375,0.9878207444886157,0.27586206896551724,1332.9424242424243
5423,15566,0.14490875,0.6761874999999999,0.8056499216961811,0.8275862068965517,1332.8989677419354
5424,2121,0.625,1.0,0.62643055053608,0.9655172413793103,1332.8135820895523
5425,14211,0.875,0.679125,0.7092350319238645,0.9655172413793103,1332.8131343283583
5426,5674,0.8625,0.0818,0.7915190940850501,0.0,1332.585442073535
5427,18463,0.8625,0.718125,0.9069871099867486,0.8275862068965517,1332.5763870967742
5428,3203,0.125,0.1875,0.9575954704252498,0.13793103448275862,1332.3738985507246
5429,23552,0.31513749999999996,0.8025,0.9993735694494639,0.8275862068965517,1332.2538225806452
5430,14331,0.875,0.83803125,0.8851825081315503,0.8275862068965517,1332.2537580645162
5431,4241,0.6125,0.171375,0.9402361161305867,0.13793103448275862,1332.2290434782608
5432,11925,0.375,0.67996875,0.817094325984821,0.6896551724137931,1332.192101854785
5433,21063,0.625,0.765,0.9688591735935429,0.6896551724137931,1332.1920501784298
5434,5060,0.625,0.125,0.7362920130104806,0.27586206896551724,1332.184909090909
5435,14103,0.875,0.8195625,0.8788820624021202,0.9655172413793103,1331.9844610281923
5436,5086,0.625,0.090625,0.7389965064450066,0.0,1331.9029163563864
5437,5274,0.8625,0.20273750000000001,0.9854234429586796,0.13793103448275862,1331.794231884058
5438,5742,0.8625,0.15625,0.9501746777496686,0.0,1331.7323617150819
5439,5140,0.625,0.17483437500000001,0.9989157932779182,0.27586206896551724,1331.7303636363636
5440,13165,0.625,0.746875,0.842561137212384,0.8275862068965517,1331.608741935484
5441,14028,0.875,0.9625625,0.6440983014094687,0.8275862068965517,1331.6087258064515
5442,4896,0.625,0.28339375,0.8046500421635947,0.13793103448275862,1331.5043768115943
5443,13755,0.8625,0.6718437500000001,0.7463052644259728,0.8275862068965517,1331.4480483870968
5444,13963,0.875,0.71875,0.8360558968798939,0.8275862068965517,1331.447435483871
5445,13580,0.8625,0.8195625,0.8788820624021202,0.8275862068965517,1331.4473387096775
5446,998,0.5,0.0625,0.6023370678231538,0.27586206896551724,1331.4273787878788
5447,4565,0.6125,0.3421875,0.6866642573183953,0.13793103448275862,1331.3595652173913
5448,909,0.4375,0.046875,0.62643055053608,0.13793103448275862,1331.3594927536233
5449,12654,0.6125,0.9625625,0.6440983014094687,0.8275862068965517,1331.2861774193548
5450,12974,0.625,0.8836562499999999,0.8647873750150584,0.8275862068965517,1331.2860806451613
5451,18079,0.6487875,0.091553125,0.9174677749668713,0.13793103448275862,1331.2146231884058
5452,13904,0.875,0.709,0.8218527888206241,0.8275862068965517,1331.1249677419355
5453,7361,0.375,0.6420625,0.7767256956993133,0.3448275862068966,1331.0688962280549
5454,7197,0.1125,0.63125,0.7455559571136007,0.3448275862068966,1331.068173127064
5455,1784,0.875,0.875,0.6023370678231538,0.6896551724137931,1330.641914553836
5456,2291,0.1125,0.325021875,0.7463052644259728,0.13793103448275862,1330.6349275362318
5457,12322,0.375,0.83375,0.9009275990844476,0.9655172413793103,1330.4921227197347
5458,17846,0.8625,0.936875,0.831478135164438,0.6896551724137931,1330.4696772622142
5459,13286,0.625,0.8816875,0.9419226599204914,0.6896551724137931,1330.4695911349556
5460,12681,0.6125,0.90840625,0.8046500421635947,0.9655172413793103,1330.3262189054726
5461,23047,0.8328,0.8357187500000001,0.9945669196482351,0.6896551724137931,1330.2974399705927
5462,9395,0.875,0.6325937500000001,0.822816528129141,0.3448275862068966,1330.2340622284025
5463,5624,0.8625,0.240484375,0.8653294783760993,0.13793103448275862,1330.2002608695652
5464,22436,0.125,0.22748749999999998,0.97237682206963,0.13793103448275862,1330.200231884058
5465,13519,0.8625,0.746875,0.842561137212384,0.8275862068965517,1330.157258064516
5466,10669,0.1125,0.934375,0.8320322852668354,0.6896551724137931,1330.1251854535194
5467,19204,0.14869,0.104084375,0.925731839537405,0.27586206896551724,1330.0639090909092
5468,10559,0.1125,0.840625,0.6509613299602457,0.8275862068965517,1329.9959354838709
5469,12508,0.6125,0.746875,0.7615106613661005,0.6896551724137931,1329.9530170637047
5470,2446,0.1125,0.1875,0.8289001325141548,0.27586206896551724,1329.9124242424243
5471,5407,0.8625,0.090625,0.6545717383447777,0.13793103448275862,1329.9103188405797
5472,11295,0.125,0.840625,0.9361402240693892,0.8275862068965517,1329.8347096774194
5473,13440,0.8625,0.8586874999999999,0.9796651005902903,0.9655172413793103,1329.8287728026535
5474,12598,0.6125,0.8579062499999999,0.8598602578002649,0.9655172413793103,1329.8287562189055
5475,23592,0.375,0.79315625,0.9851222744247681,0.6896551724137931,1329.7806764193729
5476,24321,0.625,0.81503125,0.9878086977472593,0.9655172413793103,1329.662985074627
5477,106,0.9375,0.875,0.62643055053608,0.6896551724137931,1329.6084908041064
5478,8375,0.625,0.6420625,0.7767256956993133,0.3448275862068966,1329.5393429515036
5479,6615,0.125,0.59590625,0.8046500421635947,0.3448275862068966,1329.5385642273595
5480,7915,0.3625,0.55296875,0.8653294783760993,0.3448275862068966,1329.5384946984182
5481,4555,0.6125,0.3125,0.6508384531984098,0.3448275862068966,1329.5384112636884
5482,21839,0.15475,0.15991875,0.9940127695458378,0.0,1329.5142811143198
5483,13745,0.8625,0.6673125,0.7767256956993133,0.9655172413793103,1329.4972470978441
5484,9921,0.8625,0.35715625,0.6958065293338151,0.13793103448275862,1329.4757391304347
5485,21777,0.31513749999999996,0.149425,0.9759547042524996,0.13793103448275862,1329.475695652174
5486,13907,0.875,0.6891875,0.8427538850740873,0.6896551724137931,1329.4363913160985
5487,20925,0.3625,0.765,0.9688591735935429,0.6896551724137931,1329.4362535124849
5488,18999,0.3625,0.9025624999999999,0.9091555234309118,0.6896551724137931,1329.4362018361298
5489,13170,0.625,0.71875,0.655524635586074,0.9655172413793103,1329.3314262023218
5490,5920,0.875,0.314628125,0.7330092759908444,0.13793103448275862,1329.330768115942
5491,5974,0.875,0.25,0.6804637995422238,0.13793103448275862,1329.3307536231885
5492,3577,0.3625,0.28339375,0.8046500421635947,0.13793103448275862,1329.3306811594202
5493,10468,0.1125,0.70125,0.7658836284784966,0.6896551724137931,1329.2642057008322
5494,6613,0.125,0.621875,0.7469943380315623,0.8275862068965517,1329.189677419355
5495,5329,0.8625,0.3125,0.8297072641850378,0.27586206896551724,1329.154909090909
5496,5577,0.8625,0.3421875,0.6866642573183953,0.13793103448275862,1328.896043478261
5497,15588,0.34265,0.6761874999999999,0.8210095169256716,0.6896551724137931,1328.7475110514192
5498,13086,0.625,0.840625,0.8226719672328634,0.8275862068965517,1328.705806451613
5499,13447,0.8625,0.80725,0.9998795325864354,0.8275862068965517,1328.7056451612902
5500,4749,0.625,0.158371875,0.9811348030357788,0.27586206896551724,1328.700409090909
5501,8626,0.625,0.63559375,0.7085905312612938,0.9655172413793103,1328.6677777777777
5502,18030,0.5887625,0.09155624999999999,0.9174798217082278,0.13793103448275862,1328.6061884057972
5503,3579,0.3625,0.29638437500000003,0.8183471870858932,0.27586206896551724,1328.5489242424242
5504,93,0.8125,0.890625,0.62643055053608,0.8275862068965517,1328.5444838709677
5505,13757,0.8625,0.684375,0.7448066498012287,0.9655172413793103,1328.5023051409619
5506,949,0.25,0.015625,0.6023370678231538,0.0,1328.4905437305854
5507,1217,0.125,0.296875,0.6023370678231538,0.13793103448275862,1328.4613043478262
5508,3892,0.375,0.332953125,0.7352017829177208,0.13793103448275862,1328.4612608695652
5509,1911,0.0,0.328125,0.6023370678231538,0.13793103448275862,1328.4612608695652
5510,20703,0.125,0.4525,0.9688591735935429,0.3448275862068966,1328.4261289761864
5511,4062,0.375,0.1006375,0.8127815925792072,0.13793103448275862,1328.316347826087
5512,3557,0.3625,0.3390625,0.6955848692928562,0.0,1328.1492979360073
5513,13508,0.8625,0.71875,0.8009998795325863,0.8275862068965517,1328.0606774193548
5514,1813,0.8125,0.90625,0.6023370678231538,0.6896551724137931,1328.0583379540608
5515,22867,0.29143749999999996,0.84159375,0.9795084929526562,0.8275862068965517,1327.8994193548388
5516,9986,0.8625,0.6546875,0.6565474039272376,0.8275862068965517,1327.8991451612903
5517,5537,0.8625,0.25,0.842561137212384,0.27586206896551724,1327.7914090909092
5518,20299,0.125,0.87753125,0.9599807252138296,0.8275862068965517,1327.7380483870968
5519,23805,0.6125,0.19007812500000001,0.9877966510059029,0.13793103448275862,1327.7367101449274
5520,12158,0.375,0.725625,0.8127815925792072,0.6896551724137931,1327.713949498076
5521,21672,0.6125,0.8712500000000001,0.9673292374412721,0.6896551724137931,1327.7137944690107
5522,3792,0.375,0.0840125,0.8218527888206241,0.27586206896551724,1327.639893939394
5523,13168,0.625,0.732625,0.8236477532827369,0.8275862068965517,1327.5769032258065
5524,2645,0.1125,0.0625,0.7469943380315623,0.27586206896551724,1327.4883484848485
5525,6254,0.875,0.180040625,0.9129743404409107,0.0,1327.466806346851
5526,9964,0.8625,0.59590625,0.8046500421635947,0.3448275862068966,1327.4529184773162
5527,7015,0.1125,0.53125,0.8212865919768702,0.3448275862068966,1327.4528350425865
5528,3812,0.375,0.06880312499999999,0.7626671485363209,0.13793103448275862,1327.301927536232
5529,103,0.1875,0.890625,0.62643055053608,0.8275862068965517,1327.2542741935483
5530,14171,0.875,0.746875,0.6804637995422238,0.9655172413793103,1327.175688225539
5531,5410,0.8625,0.090625,0.7389965064450066,0.13793103448275862,1327.1569565217392
5532,4821,0.625,0.0818,0.7915190940850501,0.0,1327.1255093602845
5533,12012,0.375,0.9625625,0.6440983014094687,0.8275862068965517,1327.0930483870968
5534,12744,0.6125,0.684375,0.8297072641850378,0.6896551724137931,1327.02500033159
5535,12339,0.6125,0.83375,0.9009275990844476,0.6896551724137931,1327.0249486552348
5536,13330,0.625,0.83375,0.9009275990844476,0.6896551724137931,1327.024931429783
5537,8908,0.6125,0.36128125,0.7085905312612938,0.13793103448275862,1327.0121739130434
5538,23616,0.6125,0.805625,0.9997470184315143,0.9655172413793103,1327.0098175787728
5539,3119,0.125,0.15274062500000002,0.9902300927599084,0.0,1326.954835271007
5540,22260,0.15475,0.7849062499999999,0.9940127695458378,0.8275862068965517,1326.931758064516
5541,90,0.0625,0.90625,0.62643055053608,0.6896551724137931,1326.8526769127097
5542,3448,0.3625,0.184375,0.7023551379351886,0.0,1326.7843147576946
5543,22208,0.3328375,0.77009375,0.9729189254306709,0.8275862068965517,1326.7704838709678
5544,2707,0.1125,0.15625,0.9280809541019153,0.13793103448275862,1326.7223333333334
5545,5768,0.875,0.15625,0.8838935068064088,0.13793103448275862,1326.7223043478261
5546,12442,0.6125,0.7850625,0.9940850499939766,0.6896551724137931,1326.6804223956367
5547,5935,0.875,0.31775625,0.7092350319238645,0.3448275862068966,1326.6185572744655
5548,9256,0.6125,0.5530625,0.9451270931213106,0.3448275862068966,1326.6185572744655
5549,893,0.5,0.0625,0.62643055053608,0.27586206896551724,1326.5793787878788
5550,609,0.4375,0.359375,0.62643055053608,0.3448275862068966,1326.47951329741
5551,18049,0.8625,0.0962375,0.9126249849415733,0.27586206896551724,1326.427893939394
5552,3764,0.375,0.153125,0.978279725334297,0.27586206896551724,1326.276393939394
5553,24337,0.8625,0.81190625,1.0,0.9655172413793103,1326.1807131011608
5554,24322,0.8625,0.8306250000000001,0.9844837971328756,0.6896551724137931,1326.163710520772
5555,23272,0.8388124999999998,0.179059375,0.9995904107938802,0.13793103448275862,1326.1426956521739
5556,6955,0.1125,0.625,0.6508384531984098,0.13793103448275862,1325.8533768115942
5557,1805,0.3125,0.90625,0.6023370678231538,0.9655172413793103,1325.6832669983417
5558,5206,0.625,0.22310937500000003,0.9005421033610408,0.13793103448275862,1325.563
5559,3442,0.3625,0.15625,0.8717383447777376,0.13793103448275862,1325.563
5560,17785,0.6125,0.92128125,0.8848572461149259,0.6896551724137931,1325.4747958051892
5561,4406,0.6125,0.09375,0.655524635586074,0.27586206896551724,1325.3672575757575
5562,13880,0.875,0.75,0.8807252138296592,0.8275862068965517,1325.3190161290322
5563,18994,0.1546325,0.9161875,0.882231056499217,0.6896551724137931,1325.302541288116
5564,6117,0.875,0.059375,0.7240621611853992,0.0,1325.2486404261085
5565,17262,0.125,0.31186250000000004,0.831478135164438,0.27586206896551724,1325.215909090909
5566,18057,0.625,0.0962375,0.9126249849415733,0.27586206896551724,1325.215893939394
5567,758,0.5,0.203125,0.62643055053608,0.13793103448275862,1325.128304347826
5568,3809,0.375,0.0818,0.7915190940850501,0.0,1325.0780345928156
5569,12952,0.625,0.71875,0.9014576557041319,0.6896551724137931,1324.9581528321312
5570,19781,0.625,0.72753125,0.9232502108179736,0.6896551724137931,1324.9580839303244
5571,4911,0.625,0.32720625000000003,0.6958065293338151,0.27586206896551724,1324.9129242424242
5572,12424,0.6125,0.9140625,0.9004216359474762,0.9655172413793103,1324.854129353234
5573,6218,0.875,0.22310937500000003,0.9005421033610408,0.13793103448275862,1324.8384347826086
5574,22876,0.14874625,0.83846875,0.9811588965184916,0.8275862068965517,1324.8352096774192
5575,10495,0.1125,0.746875,0.842561137212384,0.8275862068965517,1324.8352096774192
5576,9382,0.875,0.63125,0.7455559571136007,0.3448275862068966,1324.8112497827221
5577,2125,0.375,1.0,0.62643055053608,0.6896551724137931,1324.7858294132511
5578,10666,0.1125,0.914875,0.8115046379954222,0.6896551724137931,1324.7857432859926
5579,9943,0.8625,0.55296875,0.8653294783760993,0.3448275862068966,1324.5328837128454
5580,13606,0.8625,0.8579062499999999,0.8598602578002649,0.9655172413793103,1324.522487562189
5581,13040,0.625,0.90625,0.7671364895795687,0.9655172413793103,1324.5223383084576
5582,5724,0.8625,0.153125,0.978279725334297,0.27586206896551724,1324.458393939394
5583,14211,0.875,0.679125,0.7092350319238645,0.6896551724137931,1324.4409069682636
5584,20634,0.672475,0.13374999999999998,0.9632453921214311,0.13793103448275862,1324.4037391304348
5585,3652,0.3625,0.06880312499999999,0.7626671485363209,0.0,1324.3955771316514
5586,5568,0.8625,0.3125,0.62643055053608,0.3448275862068966,1324.393742395272
5587,23592,0.375,0.79315625,0.9851222744247681,0.9655172413793103,1324.3566832504146
5588,22336,0.5888,0.7821875,0.9926876279966268,0.8275862068965517,1324.351370967742
5589,5943,0.875,0.3125,0.6996542585230695,0.3448275862068966,1324.2547540413698
5590,4879,0.625,0.246875,0.9248042404529574,0.13793103448275862,1324.1138695652173
5591,11470,0.3625,0.6875,0.67944103120106,0.6896551724137931,1324.0972419812508
5592,21668,0.375,0.8712500000000001,0.9673292374412721,0.6896551724137931,1324.096811344958
5593,4065,0.375,0.114709375,0.8335742681604624,0.0,1324.0542972090811
5594,10454,0.1125,0.67396875,0.6938103842910492,0.8275862068965517,1324.0280967741935
5595,10533,0.1125,0.8023125,0.8788820624021202,0.6896551724137931,1323.9246429551433
5596,3142,0.125,0.329559375,0.7767256956993133,0.0,1323.883674311792
5597,13802,0.8625,0.75,0.9248042404529574,0.9655172413793103,1323.8592703150912
5598,11173,0.125,0.6875,0.65293579086857,0.9655172413793103,1323.859087893864
5599,4729,0.6125,0.15625,0.9722684013974219,0.27586206896551724,1323.852409090909
5600,18865,0.6125,0.5900624999999999,0.9224430791470907,0.3448275862068966,1323.837705544933
5601,21097,0.8625,0.7494375,0.9660040958920612,0.8275862068965517,1323.7062258064516
5602,13334,0.625,0.8050312500000001,0.9129743404409107,0.9655172413793103,1323.6934494195689
5603,12442,0.6125,0.7850625,0.9940850499939766,0.9655172413793103,1323.6933996683251
5604,2121,0.625,1.0,0.62643055053608,0.6896551724137931,1323.5801511464485
5605,20278,0.21993625,0.8868750000000001,0.9346946151066136,0.8275862068965517,1323.5450161290323
5606,2511,0.1125,0.278125,0.62643055053608,0.0,1323.542428517214
5607,10669,0.1125,0.934375,0.8320322852668354,0.9655172413793103,1323.5276119402986
5608,2909,0.125,0.309375,0.62643055053608,0.9655172413793103,1323.5275621890548
5609,11534,0.3625,0.78125,0.7000216841344417,0.6896551724137931,1323.407965531182
5610,13802,0.8625,0.75,0.9248042404529574,0.6896551724137931,1323.407965531182
5611,3553,0.3625,0.3421875,0.6866642573183953,0.13793103448275862,1323.389347826087
5612,2685,0.1125,0.153125,0.9116251054089869,0.13793103448275862,1323.389304347826
5613,24319,0.672475,0.81815625,0.9874954824719914,0.8275862068965517,1323.3837419354838
5614,3118,0.125,0.16007812500000002,0.9940850499939766,0.0,1323.371822683921
5615,11313,0.125,0.8295,0.9166606432959884,0.9655172413793103,1323.361807628524
5616,6168,0.875,0.063784375,0.8562823756173954,0.13793103448275862,1323.2443623188406
5617,290,0.6875,0.6875,0.62643055053608,0.6896551724137931,1323.2356593377538
5618,15718,0.8625,0.6775,0.8096373930851704,0.8275862068965517,1323.222629032258
5619,22303,0.5888375,0.772875,0.9749066377544873,0.8275862068965517,1323.2224677419356
5620,23054,0.7914749999999999,0.84471875,0.9898927840019274,0.8275862068965517,1323.2224677419356
5621,17391,0.625,0.29940625,0.8635586073966991,0.0,1323.201233914624
5622,10414,0.1125,0.87303125,0.9653294783760993,0.9655172413793103,1323.195903814262
5623,3751,0.375,0.16909687499999998,0.9318515841464884,0.13793103448275862,1323.0995217391305
5624,654,0.4375,0.3125,0.62643055053608,0.13793103448275862,1323.099463768116
5625,24348,0.6487499999999999,0.81659375,0.9997229249488012,0.9655172413793103,1323.0301658374792
5626,10540,0.1125,0.809375,0.803589928924226,0.6896551724137931,1322.891270881769
5627,5247,0.875,0.24761875,0.8543067100349354,0.13793103448275862,1322.8097101449275
5628,4154,0.375,0.329559375,0.7767256956993133,0.27586206896551724,1322.7918787878789
5629,7627,0.375,0.621875,0.7469943380315623,0.8275862068965517,1322.7385645161291
5630,19147,0.8625,0.9025624999999999,0.9224430791470907,0.8275862068965517,1322.7385161290322
5631,13022,0.625,0.9375,0.6752463558607397,0.9655172413793103,1322.6983582089551
5632,16699,0.6125,0.0712375,0.8747861703409228,0.0,1322.6893481587606
5633,2405,0.1125,0.125,0.8461510661366101,0.27586206896551724,1322.640409090909
5634,17742,0.3625,0.92128125,0.8848572461149259,0.6896551724137931,1322.5467618476225
5635,13920,0.875,0.6875,0.7469943380315623,0.9655172413793103,1322.5327529021558
5636,6638,0.125,0.55296875,0.8653294783760993,0.3448275862068966,1322.447237962802
5637,4410,0.6125,0.107628125,0.8236477532827369,0.0,1322.3480853001863
5638,4929,0.625,0.3125,0.6508384531984098,0.3448275862068966,1322.3081383625934
5639,10638,0.1125,0.9625625,0.6440983014094687,0.8275862068965517,1322.254806451613
5640,11120,0.125,0.778125,0.8212865919768702,0.8275862068965517,1322.2547903225807
5641,6220,0.875,0.225353125,0.9739549451873267,0.13793103448275862,1322.2299710144928
5642,12158,0.375,0.725625,0.8127815925792072,0.9655172413793103,1322.201127694859
5643,17203,0.8625,0.69625,0.8747861703409228,0.8275862068965517,1322.0935967741937
5644,11378,0.3625,0.89471875,0.8990362606914829,0.8275862068965517,1322.0935
5645,11291,0.125,0.8190937500000001,0.9718949524153715,0.9655172413793103,1322.035240464345
5646,1035,0.9375,0.09375,0.6023370678231538,0.13793103448275862,1321.9401739130435
5647,13698,0.8625,0.8903125,0.8349837368991687,0.8275862068965517,1321.9322580645162
5648,8954,0.6125,0.621875,0.7469943380315623,0.8275862068965517,1321.9321935483872
5649,8044,0.3625,0.5,0.8795084929526562,0.3448275862068966,1321.8910620545803
5650,12184,0.375,0.6875,0.62643055053608,0.27586206896551724,1321.8832727272727
5651,5923,0.875,0.32720625000000003,0.6958065293338151,0.27586206896551724,1321.8829393939393
5652,3875,0.375,0.27175937499999997,0.8250090350560174,0.27586206896551724,1321.8828939393939
5653,24329,0.654725,0.8286562499999999,0.9851343211661244,0.6896551724137931,1321.8578126811365
5654,1896,0.0,0.09375,0.6023370678231538,0.0,1321.8362336723153
5655,20970,0.33282500000000004,0.7630312499999999,0.9795446331767256,0.8275862068965517,1321.771
5656,23548,0.31513749999999996,0.7963125,0.9981086616070354,0.8275862068965517,1321.771
5657,6682,0.125,0.365625,0.7455559571136007,0.3448275862068966,1321.7520876064661
5658,6251,0.875,0.3125,0.7660281893747741,0.3448275862068966,1321.7520180775248
5659,9403,0.875,0.58146875,0.9368871220334899,0.3448275862068966,1321.7519902659483
5660,2718,0.1125,0.184375,0.9879412119021804,0.27586206896551724,1321.731393939394
5661,5931,0.875,0.3421875,0.6866642573183953,0.13793103448275862,1321.5054782608695
5662,2282,0.1125,0.30108437499999996,0.8357908685700518,0.27586206896551724,1321.428393939394
5663,4232,0.375,0.171375,0.9402361161305867,0.13793103448275862,1321.3605652173912
5664,10217,0.8625,0.4223125,0.9472834598241175,0.3448275862068966,1321.3348583347818
5665,10556,0.1125,0.8195625,0.8788820624021202,0.9655172413793103,1321.2061028192372
5666,8939,0.6125,0.57128125,0.8441633538127936,0.3448275862068966,1321.0568538154007
5667,1879,0.25,0.984375,0.6023370678231538,0.6896551724137931,1320.9966262230287
5668,5084,0.625,0.090625,0.62643055053608,0.27586206896551724,1320.9738181818182
5669,294,0.4375,0.6875,0.62643055053608,0.9655172413793103,1320.8744278606964
5670,11026,0.125,0.903125,0.62643055053608,0.6896551724137931,1320.8240616478247
5671,11004,0.125,0.9625625,0.6440983014094687,0.8275862068965517,1320.8033387096775
5672,2473,0.1125,0.21875,0.7725695699313335,0.13793103448275862,1320.7808985507247
5673,4315,0.6125,0.325021875,0.7463052644259728,0.13793103448275862,1320.7808550724637
5674,1774,0.25,0.875,0.6023370678231538,0.9655172413793103,1320.7086733001659
5675,4252,0.6125,0.21301874999999998,0.8851825081315503,0.0,1320.6418733912917
5676,1826,0.6875,0.921875,0.6023370678231538,0.9655172413793103,1320.5428026533996
5677,2549,0.1125,0.32720625000000003,0.6958065293338151,0.27586206896551724,1320.5194242424243
5678,9087,0.6125,0.46875,0.6754909047102758,0.3448275862068966,1320.5006222840257
5679,6178,0.875,0.329559375,0.7767256956993133,0.13793103448275862,1320.4909710144927
5680,17064,0.12499999999999992,0.68378125,0.8428984459703649,0.6896551724137931,1320.4802071808429
5681,13833,0.8625,0.78125,0.8838935068064088,0.6896551724137931,1320.3076770565424
5682,19759,0.8625,0.7275625,0.9233224912661124,0.9655172413793103,1320.2112106135987
5683,4085,0.375,0.0625,0.65293579086857,0.13793103448275862,1320.168115942029
5684,8989,0.6125,0.621875,0.67944103120106,0.8275862068965517,1320.157741935484
5685,6882,0.1125,0.42571875000000003,0.8647873750150584,0.3448275862068966,1320.0834486354945
5686,16599,0.3625,0.0712375,0.8605951090230093,0.27586206896551724,1320.0648636363637
5687,12155,0.375,0.746875,0.6804637995422238,0.6896551724137931,1319.9632024732994
5688,4348,0.6125,0.17483437500000001,0.9989157932779182,0.27586206896551724,1319.9133636363636
5689,6857,0.1125,0.34684375,0.7478014697024454,0.13793103448275862,1319.9114347826087
5690,5032,0.625,0.15625,0.6509613299602457,0.13793103448275862,1319.9114057971015
5691,9672,0.875,0.584125,0.8892302132273219,0.3448275862068966,1319.8054580219016
5692,607,0.5625,0.359375,0.62643055053608,0.3448275862068966,1319.8054163045367
5693,2795,0.125,0.0625,0.8320322852668354,0.13793103448275862,1319.766463768116
5694,16022,0.8625,0.3337375,0.7784001927478615,0.13793103448275862,1319.7664492753622
5695,11470,0.3625,0.6875,0.67944103120106,0.9655172413793103,1319.714096185738
5696,14189,0.875,0.715625,0.6545717383447777,0.9655172413793103,1319.7137976782753
5697,9968,0.8625,0.621875,0.7469943380315623,0.8275862068965517,1319.6745967741936
5698,4875,0.625,0.240484375,0.8653294783760993,0.13793103448275862,1319.6216086956522
5699,10324,0.1125,0.8295,0.9166606432959884,0.6896551724137931,1319.6187451155079
5700,14065,0.875,0.875,0.7615106613661005,0.6896551724137931,1319.6186934391528
5701,10889,0.125,0.69559375,0.8589928924225997,0.8275862068965517,1319.5132419354838
5702,4594,0.6125,0.278125,0.8796530538489338,0.27586206896551724,1319.4588787878788
5703,957,0.75,0.015625,0.6023370678231538,0.0,1319.4475301742643
5704,11766,0.3625,0.72703125,0.9224189856643776,0.9655172413793103,1319.3820895522388
5705,15627,0.6125,0.6743750000000001,0.7999638597759305,0.8275862068965517,1319.3518870967741
5706,286,0.9375,0.6875,0.62643055053608,0.8275862068965517,1319.3518225806451
5707,761,0.3125,0.203125,0.62643055053608,0.13793103448275862,1319.3317826086957
5708,23583,0.375,0.8087500000000001,0.9879171184194675,0.9655172413793103,1319.2162686567165
5709,22216,0.12499999999999996,0.7837500000000001,0.9813155041561258,0.8275862068965517,1319.1904838709677
5710,21795,0.17246375,0.14939375,0.9759306107697867,0.13793103448275862,1319.0419565217392
5711,4916,0.625,0.3390625,0.6955848692928562,0.0,1318.935661482397
5712,927,0.25,0.03125,0.62643055053608,0.0,1318.935644418401
5713,15817,0.125,0.3337375,0.7619563907962895,0.13793103448275862,1318.8970144927537
5714,13390,0.8625,0.8883125,0.9325864353692326,0.9655172413793103,1318.884543946932
5715,10962,0.125,0.8903125,0.8349837368991687,0.8275862068965517,1318.8680322580644
5716,17414,0.8625,0.31186250000000004,0.831478135164438,0.0,1318.765021521112
5717,2868,0.125,0.302878125,0.8251897361763642,0.13793103448275862,1318.6072028985507
5718,3016,0.125,0.15625,0.8471991326346222,0.0,1318.594432751815
5719,6132,0.875,0.3141625,0.8399349475966751,0.0,1318.5943815598266
5720,17180,0.8625,0.69625,0.8605951090230093,0.6896551724137931,1318.5854247184886
5721,1813,0.8125,0.90625,0.6023370678231538,0.9655172413793103,1318.552968490879
5722,10702,0.1125,0.7252500000000001,0.8892302132273219,0.8275862068965517,1318.5455161290322
5723,13368,0.8625,0.81478125,0.9878207444886157,0.8275862068965517,1318.5455
5724,3241,0.3625,0.206659375,0.8878448379713287,0.13793103448275862,1318.4622028985507
5725,19291,0.6125,0.11498749999999999,0.9544151307071437,0.13793103448275862,1318.4621739130434
5726,13480,0.8625,0.684375,0.6508384531984098,0.13793103448275862,1318.46184057971
5727,12326,0.375,0.8050312500000001,0.9129743404409107,0.9655172413793103,1318.3871807628525
5728,12222,0.375,0.814625,0.9998795325864354,0.8275862068965517,1318.3841129032257
5729,7977,0.3625,0.621875,0.7324515118660402,0.48275862068965514,1318.2971816268325
5730,1820,0.3125,0.921875,0.6023370678231538,0.9655172413793103,1318.2213266998342
5731,4847,0.625,0.0328125,0.7157583423683893,0.13793103448275862,1318.1724782608696
5732,6398,0.125,0.3421875,0.716781110709553,0.27586206896551724,1318.0954393939394
5733,13487,0.8625,0.6875,0.65293579086857,0.6896551724137931,1318.0684544618484
5734,21117,0.6487625,0.7603125000000001,0.9770991446813637,0.8275862068965517,1318.061693548387
5735,2106,1.0,0.875,0.62643055053608,0.9655172413793103,1318.0555389718077
5736,21020,0.6125,0.74628125,0.9623298397783399,0.9655172413793103,1318.0555223880597
5737,90,0.0625,0.90625,0.62643055053608,0.9655172413793103,1318.0555223880597
5738,4776,0.625,0.153125,0.978279725334297,0.27586206896551724,1317.943893939394
5739,5204,0.625,0.231828125,0.922840621611854,0.0,1317.9119070346665
5740,10914,0.125,0.6673125,0.7767256956993133,0.6896551724137931,1317.8963721992923
5741,292,0.5625,0.6875,0.62643055053608,0.6896551724137931,1317.8963032974855
5742,4804,0.625,0.0840125,0.8218527888206241,0.27586206896551724,1317.7923939393938
5743,5509,0.8625,0.21875,0.7725695699313335,0.0,1317.7413012013735
5744,9922,0.8625,0.36128125,0.7085905312612938,0.13793103448275862,1317.7377681159421
5745,7894,0.3625,0.36128125,0.7085905312612938,0.13793103448275862,1317.7377391304349
5746,12184,0.375,0.6875,0.62643055053608,0.3448275862068966,1317.7199235181645
5747,6066,0.875,0.125,0.8461510661366101,0.27586206896551724,1317.6409090909092
5748,4595,0.6125,0.278125,0.8578604987350921,0.13793103448275862,1317.5927826086956
5749,20574,0.6125,0.12445312500000001,0.9534393446572701,0.13793103448275862,1317.5927826086956
5750,13824,0.8625,0.78553125,0.9588001445608962,0.9655172413793103,1317.5580762852405
5751,21648,0.375,0.85878125,0.9672328635104203,0.9655172413793103,1317.5579933665008
5752,14257,0.875,0.68271875,0.8399349475966751,0.9655172413793103,1317.392504145937
5753,17977,0.6125,0.0962375,0.9126249849415733,0.27586206896551724,1317.337893939394
5754,17785,0.6125,0.92128125,0.8848572461149259,0.9655172413793103,1317.2264344941957
5755,12042,0.375,0.875,0.842561137212384,0.6896551724137931,1317.2073885819027
5756,16196,0.6125,0.63065625,0.828538730273461,0.3448275862068966,1317.1639005736138
5757,1590,0.9375,0.671875,0.6023370678231538,0.8275862068965517,1317.0940483870968
5758,12501,0.6125,0.725625,0.8127815925792072,0.6896551724137931,1317.035220192088
5759,3158,0.125,0.2880625,0.8888085772798457,0.27586206896551724,1317.0349090909092
5760,6341,0.125,0.63753125,0.7463052644259728,0.3448275862068966,1317.0249678428645
5761,7718,0.375,0.38328125,0.8357908685700518,0.3448275862068966,1317.0245228576396
5762,3215,0.125,0.3125,0.7660281893747741,0.3448275862068966,1317.0245228576396
5763,3950,0.375,0.25,0.6804637995422238,0.13793103448275862,1317.0131449275361
5764,1782,0.75,0.875,0.6023370678231538,0.9655172413793103,1316.8947927031509
5765,3749,0.375,0.16053125,0.9588001445608962,0.27586206896551724,1316.731909090909
5766,4219,0.375,0.21301874999999998,0.8851825081315503,0.0,1316.717563817639
5767,1931,0.0,0.640625,0.6023370678231538,0.3448275862068966,1316.6074604554146
5768,17327,0.40458750000000004,0.31305312500000004,0.8281532345500542,0.13793103448275862,1316.5784347826086
5769,10908,0.125,0.684375,0.7448066498012287,0.9655172413793103,1316.5632338308458
5770,12952,0.625,0.71875,0.9014576557041319,0.9655172413793103,1316.5632172470978
5771,10870,0.125,0.72715625,0.8990362606914829,0.6896551724137931,1316.5184910917715
5772,21626,0.1547225,0.85759375,0.9805926996747379,0.8275862068965517,1316.4489193548386
5773,21855,0.375,0.1618625,0.9827611131189014,0.27586206896551724,1316.4289090909092
5774,12034,0.375,0.903125,0.62643055053608,0.9655172413793103,1316.3970149253732
5775,763,0.1875,0.203125,0.62643055053608,0.13793103448275862,1316.1437101449276
5776,18577,0.12499999999999992,0.27753125,0.922527406336586,0.13793103448275862,1316.1436956521738
5777,4278,0.6125,0.22310937500000003,0.9005421033610408,0.13793103448275862,1316.143652173913
5778,4664,0.6125,0.06880312499999999,0.7626671485363209,0.0,1316.0350551644867
5779,14321,0.875,0.840625,0.9800385495723407,0.6896551724137931,1316.0017447660034
5780,21799,0.14874749999999998,0.15718125,0.9805324659679556,0.13793103448275862,1315.9987826086956
5781,1003,0.8125,0.0625,0.6023370678231538,0.13793103448275862,1315.9986956521739
5782,3153,0.125,0.28125,0.8148897723165883,0.27586206896551724,1315.9744090909091
5783,8300,0.625,0.625,0.7660281893747741,0.8275862068965517,1315.9652258064516
5784,6854,0.1125,0.365625,0.7455559571136007,0.3448275862068966,1315.9122405701373
5785,20537,0.33282500000000004,0.138040625,0.9795446331767256,0.0,1315.8644493311938
5786,4470,0.6125,0.1875,0.8289001325141548,0.27586206896551724,1315.822909090909
5787,1952,0.0,0.96875,0.6023370678231538,0.9655172413793103,1315.7340298507463
5788,6029,0.875,0.184375,0.62643055053608,0.27586206896551724,1315.671409090909
5789,2791,0.125,0.0838125,0.8888085772798457,0.27586206896551724,1315.671378787879
5790,11885,0.375,0.72703125,0.9224189856643776,0.6896551724137931,1315.6572529573086
5791,21870,0.6125,0.146328125,0.9738103842910492,0.13793103448275862,1315.5639130434784
5792,11468,0.3625,0.684375,0.62643055053608,0.13793103448275862,1315.5634492753622
5793,7178,0.1125,0.40190625,0.9134441633538127,0.3448275862068966,1315.494969581088
5794,1826,0.6875,0.921875,0.6023370678231538,0.6896551724137931,1315.4849984402354
5795,8632,0.625,0.63325,0.733739308517046,0.8275862068965517,1315.4806774193548
5796,1067,0.125,0.140625,0.6023370678231538,0.13793103448275862,1315.419115942029
5797,11620,0.3625,0.90625,0.7671364895795687,0.9655172413793103,1315.4021890547265
5798,6575,0.125,0.621875,0.67944103120106,0.8275862068965517,1315.319564516129
5799,5436,0.8625,0.125,0.7362920130104806,0.13793103448275862,1315.274188405797
5800,5440,0.8625,0.125,0.62643055053608,0.27586206896551724,1315.2168333333334
5801,14036,0.875,0.934375,0.65293579086857,0.3448275862068966,1315.216812098036
5802,5349,0.8625,0.2550875,0.9567642452716538,0.0,1315.1819577420374
5803,5362,0.8625,0.16007812500000002,0.9940850499939766,0.0,1315.1819236140452
5804,22908,0.19618625,0.8446875,0.9899048307432838,0.8275862068965517,1315.1587580645162
5805,8964,0.6125,0.63559375,0.7085905312612938,0.6896551724137931,1315.1401621225064
5806,11505,0.3625,0.75,0.8186844958438743,0.9655172413793103,1315.0707628524046
5807,3256,0.3625,0.18979375,0.9878207444886157,0.27586206896551724,1315.065409090909
5808,5076,0.625,0.107628125,0.8236477532827369,0.0,1315.011300716756
5809,4203,0.375,0.194096875,0.9718949524153715,0.13793103448275862,1314.9843623188406
5810,610,0.375,0.359375,0.62643055053608,0.3448275862068966,1314.938877107596
5811,3105,0.125,0.2550875,0.9567642452716538,0.0,1314.8407119474593
5812,4756,0.625,0.15625,0.8838935068064088,0.13793103448275862,1314.8394347826088
5813,5607,0.8625,0.278125,0.8578604987350921,0.27586206896551724,1314.7623939393939
5814,24235,0.588825,0.8259375,0.9859414528370076,0.9655172413793103,1314.7391210613598
5815,23590,0.42246249999999996,0.79628125,0.9860257800265027,0.8275862068965517,1314.674935483871
5816,12305,0.375,0.840625,0.9800385495723407,0.8275862068965517,1314.674870967742
5817,6044,0.875,0.15625,0.6509613299602457,0.13793103448275862,1314.5496231884058
5818,12871,0.625,0.77153125,0.9739549451873267,0.8275862068965517,1314.352306451613
5819,17742,0.3625,0.92128125,0.8848572461149259,0.9655172413793103,1314.2416583747927
5820,1933,0.0,0.671875,0.6023370678231538,0.8275862068965517,1314.1911129032258
5821,21599,0.3625,0.85565625,0.9821949162751474,0.8275862068965517,1314.191064516129
5822,12381,0.6125,0.8816875,0.9419226599204914,0.8275862068965517,1314.1909677419355
5823,5259,0.8625,0.208765625,0.9009275990844476,0.27586206896551724,1314.1564090909092
5824,21867,0.5651375,0.15563125,0.9797012408143597,0.13793103448275862,1314.1149130434783
5825,11377,0.3625,0.88815625,0.8866401638356823,0.6896551724137931,1314.1071345581663
5826,2572,0.1125,0.278125,0.8360558968798939,0.27586206896551724,1314.004893939394
5827,3398,0.3625,0.107628125,0.8236477532827369,0.0,1313.9875633330216
5828,8211,0.3625,0.63125,0.7455559571136007,0.3448275862068966,1313.965722231879
5829,13041,0.625,0.90625,0.62643055053608,0.6896551724137931,1313.9347422374794
5830,13529,0.8625,0.75,0.8461510661366101,0.9655172413793103,1313.9100331674958
5831,15769,0.8625,0.6775,0.8249126611251656,0.8275862068965517,1313.868693548387
5832,11979,0.375,0.934375,0.8320322852668354,0.8275862068965517,1313.8685161290323
5833,13685,0.8625,0.9150625,0.7915190940850501,0.8275862068965517,1313.8684193548388
5834,14210,0.875,0.67396875,0.6938103842910492,0.8275862068965517,1313.8677419354838
5835,5612,0.8625,0.27175937499999997,0.8250090350560174,0.27586206896551724,1313.853393939394
5836,20618,0.4047625,0.138040625,0.9795446331767256,0.0,1313.816974563725
5837,3810,0.375,0.08848125,0.8046500421635947,0.0,1313.6463175384436
5838,10420,0.1125,0.8294374999999998,0.9969883146608842,0.6896551724137931,1313.5903710069465
5839,11327,0.3625,0.8050312500000001,0.9129743404409107,0.9655172413793103,1313.5783747927032
5840,17846,0.8625,0.936875,0.831478135164438,0.9655172413793103,1313.5783747927032
5841,3592,0.3625,0.27164062499999997,0.8892302132273219,0.27586206896551724,1313.5503939393939
5842,8152,0.3625,0.3421875,0.716781110709553,0.27586206896551724,1313.398909090909
5843,10511,0.1125,0.778125,0.6995000602337067,0.8275862068965517,1313.384758064516
5844,4812,0.625,0.090625,0.9023370678231537,0.13793103448275862,1313.245420289855
5845,1001,0.6875,0.0625,0.6023370678231538,0.13793103448275862,1313.1004492753623
5846,23575,0.6125,0.8087500000000001,0.9879171184194675,0.9655172413793103,1313.0808955223881
5847,12681,0.6125,0.90840625,0.8046500421635947,0.6896551724137931,1313.0736419066302
5848,12762,0.6125,0.69559375,0.8589928924225997,0.8275862068965517,1313.062258064516
5849,23755,0.3625,0.20561249999999998,0.9965787254547644,0.27586206896551724,1312.9444090909092
5850,2770,0.125,0.102146875,0.8990362606914829,0.0,1312.7932201159942
5851,24276,0.3987375,0.81659375,0.9997229249488012,0.6896551724137931,1312.7292362251937
5852,1820,0.3125,0.921875,0.6023370678231538,0.6896551724137931,1312.7291845488387
5853,11126,0.125,0.778125,0.675142753885074,0.9655172413793103,1312.5834825870647
5854,606,0.625,0.359375,0.62643055053608,0.3448275862068966,1312.5751155918651
5855,11912,0.375,0.678125,0.7455559571136007,0.6896551724137931,1312.5574123444133
5856,11505,0.3625,0.75,0.8186844958438743,0.6896551724137931,1312.5569989335722
5857,652,0.5625,0.3125,0.62643055053608,0.13793103448275862,1312.520811594203
5858,1887,0.75,0.984375,0.6023370678231538,0.6896551724137931,1312.3847616419507
5859,23655,0.625,0.8087500000000001,0.9879171184194675,0.6896551724137931,1312.384744416499
5860,3094,0.125,0.325859375,0.8049271172147935,0.27586206896551724,1312.3383939393939
5861,8885,0.6125,0.34684375,0.7478014697024454,0.13793103448275862,1312.086115942029
5862,2776,0.125,0.121875,0.9504276593181543,0.13793103448275862,1311.9412028985507
5863,3570,0.3625,0.309375,0.8107697867726779,0.13793103448275862,1311.9411739130435
5864,17180,0.8625,0.69625,0.8605951090230093,0.9655172413793103,1311.7544610281923
5865,11237,0.125,0.65996875,0.7669437417178653,0.6896551724137931,1311.6957607991094
5866,17715,0.3625,0.936875,0.8462594868088182,0.8275862068965517,1311.6106935483872
5867,12501,0.6125,0.725625,0.8127815925792072,0.9655172413793103,1311.5885737976782
5868,12155,0.375,0.746875,0.6804637995422238,0.9655172413793103,1311.5885240464345
5869,4919,0.625,0.3421875,0.6866642573183953,0.13793103448275862,1311.5064782608695
5870,19343,0.6546125,0.10135000000000001,0.9213227322009396,0.0,1311.4282540016777
5871,11513,0.3625,0.75,0.8461510661366101,0.9655172413793103,1311.42271973466
5872,4600,0.6125,0.27175937499999997,0.8250090350560174,0.27586206896551724,1311.2778939393938
5873,2320,0.1125,0.20443125,0.9969883146608842,0.0,1311.2576140403926
5874,21598,0.3625,0.8712500000000001,0.9673292374412721,0.9655172413793103,1311.2567993366501
5875,24169,0.3625,0.8150625,0.9877966510059029,0.6896551724137931,1311.0068460835266
5876,23616,0.6125,0.805625,0.9997470184315143,0.6896551724137931,1311.006811632623
5877,23830,0.6125,0.20561249999999998,0.9965787254547644,0.27586206896551724,1310.974909090909
5878,11535,0.3625,0.78125,0.6754909047102758,0.8275862068965517,1310.9655967741935
5879,290,0.6875,0.6875,0.62643055053608,0.9655172413793103,1310.925190713101
5880,13072,0.625,0.8579062499999999,0.8598602578002649,0.9655172413793103,1310.9251741293533
5881,8860,0.6125,0.38328125,0.8357908685700518,0.3448275862068966,1310.9065878671997
5882,4888,0.625,0.278125,0.8142633417660522,0.0,1310.7457624125213
5883,19375,0.648775,0.11342812499999999,0.9523310444524755,0.0,1310.7457624125213
5884,5481,0.8625,0.1875,0.8542103361040838,0.27586206896551724,1310.6719090909091
5885,15744,0.822925,0.67490625,0.8016263100831226,0.8275862068965517,1310.6431451612902
5886,6565,0.125,0.59375,0.6827141308276111,0.8275862068965517,1310.6430806451613
5887,11867,0.375,0.75,0.9468497771352848,0.8275862068965517,1310.643064516129
5888,5242,0.625,0.180040625,0.9129743404409107,0.13793103448275862,1310.6369855072464
5889,24242,0.398725,0.8259375,0.9859414528370076,0.6896551724137931,1310.4901514341136
5890,12718,0.6125,0.7252500000000001,0.8892302132273219,0.8275862068965517,1310.481806451613
5891,8964,0.6125,0.63559375,0.7085905312612938,0.9655172413793103,1310.4273963515755
5892,4245,0.6125,0.3125,0.7872545476448619,0.27586206896551724,1310.368909090909
5893,7136,0.1125,0.36146875,0.6938103842910492,0.27586206896551724,1310.368909090909
5894,24092,0.8625,0.515,0.9855077701481749,0.3448275862068966,1310.3503841474014
5895,15317,0.125,0.34628125,0.7625828213468256,0.13793103448275862,1310.3472608695652
5896,19208,0.1724775,0.11187499999999999,0.9373810384291048,0.13793103448275862,1310.3471739130434
5897,11745,0.3625,0.71346875,0.8046500421635947,0.8275862068965517,1310.3205806451613
5898,11673,0.3625,0.90840625,0.8046500421635947,0.9655172413793103,1310.2619071310116
5899,4680,0.6125,0.0840125,0.8218527888206241,0.27586206896551724,1310.2173787878787
5900,2457,0.1125,0.20159374999999996,0.8773762197325623,0.13793103448275862,1310.20215942029
5901,21023,0.375,0.74940625,0.9659559089266353,0.8275862068965517,1310.159193548387
5902,12424,0.6125,0.9140625,0.9004216359474762,0.6896551724137931,1310.1456079490636
5903,1065,0.9375,0.125,0.6023370678231538,0.0,1310.0632708233652
5904,5069,0.625,0.121875,0.7344970485483676,0.0,1310.0632708233652
5905,9978,0.8625,0.63559375,0.7085905312612938,0.6896551724137931,1309.972853893891
5906,18861,0.375,0.59003125,0.922527406336586,0.3448275862068966,1309.9332383104468
5907,7637,0.375,0.57128125,0.8441633538127936,0.3448275862068966,1309.794277768121
5908,5334,0.8625,0.33754375,0.7478014697024454,0.13793103448275862,1309.767507246377
5909,14188,0.875,0.715625,0.6827141308276111,0.9655172413793103,1309.7645107794363
5910,21720,0.625,0.85878125,0.9672328635104203,0.9655172413793103,1309.7644278606965
5911,2869,0.125,0.29638437500000003,0.8183471870858932,0.27586206896551724,1309.7629242424243
5912,4744,0.625,0.184375,0.9436453439344656,0.27586206896551724,1309.762909090909
5913,10239,0.8625,0.63125,0.7455559571136007,0.3448275862068966,1309.6553450373717
5914,12748,0.6125,0.678125,0.7455559571136007,0.6896551724137931,1309.6293956122986
5915,20474,0.6546624999999999,0.8943125000000001,0.936369112155162,0.6896551724137931,1309.6289649760058
5916,2887,0.125,0.32720625000000003,0.6958065293338151,0.27586206896551724,1309.6114242424242
5917,12583,0.6125,0.840625,0.8471991326346222,0.8275862068965517,1309.5141774193548
5918,12038,0.375,0.903125,0.6846187206360679,0.8275862068965517,1309.352741935484
5919,10557,0.1125,0.82659375,0.8773762197325623,0.8275862068965517,1309.352741935484
5920,884,0.12500000000000006,0.078125,0.62643055053608,0.13793103448275862,1309.187811594203
5921,4130,0.375,0.16007812500000002,0.9940850499939766,0.27586206896551724,1309.156878787879
5922,20293,0.31515,0.89,0.9300566196843754,0.8275862068965517,1309.0303387096774
5923,4535,0.6125,0.278125,0.62643055053608,0.27586206896551724,1309.0053787878787
5924,3493,0.3625,0.225853125,0.8653776653415252,0.13793103448275862,1308.8980289855072
5925,22240,0.3388375,0.772875,0.9749066377544873,0.8275862068965517,1308.8690483870969
5926,17239,0.3625,0.299453125,0.8634501867244909,0.0,1308.8689105423416
5927,3468,0.3625,0.194553125,0.8788820624021202,0.0,1308.868842286357
5928,5977,0.875,0.25,0.7615106613661005,0.27586206896551724,1308.8539242424242
5929,6222,0.875,0.2384375,0.9629442235875195,0.13793103448275862,1308.7530579710144
5930,2501,0.1125,0.25,0.842561137212384,0.27586206896551724,1308.7024242424243
5931,12138,0.375,0.75,0.8461510661366101,0.9655172413793103,1308.6037645107795
5932,14321,0.875,0.840625,0.9800385495723407,0.9655172413793103,1308.6037479270315
5933,16005,0.791575,0.329084375,0.7783520057824359,0.13793103448275862,1308.4632898550724
5934,10870,0.125,0.72715625,0.8990362606914829,0.9655172413793103,1308.437960199005
5935,12104,0.375,0.809375,0.803589928924226,0.9655172413793103,1308.4379436152572
5936,13180,0.625,0.715625,0.6827141308276111,0.9655172413793103,1308.4379104477612
5937,12064,0.375,0.8579062499999999,0.8598602578002649,0.9655172413793103,1308.4378606965174
5938,21648,0.375,0.85878125,0.9672328635104203,0.6896551724137931,1308.4232178073964
5939,5428,0.8625,0.121875,0.7615106613661005,0.0,1308.3570077224822
5940,2915,0.125,0.28125,0.7952776773882665,0.13793103448275862,1308.3183333333334
5941,19647,0.3625,0.7275625,0.9233224912661124,0.9655172413793103,1308.2721061359866
5942,11416,0.3625,0.9140625,0.9004216359474762,0.9655172413793103,1308.2720398009951
5943,7696,0.375,0.365625,0.7455559571136007,0.3448275862068966,1308.2647383973579
5944,12040,0.375,0.903125,0.8009998795325863,0.6896551724137931,1308.25103219213
5945,296,0.3125,0.6875,0.62643055053608,0.6896551724137931,1308.2510149666782
5946,14343,0.875,0.80071875,0.9265992049150704,0.6896551724137931,1308.0788293514117
5947,21957,0.8625,0.1618625,0.9948801349235032,0.13793103448275862,1308.0285072463769
5948,4228,0.375,0.3125,0.7872545476448619,0.27586206896551724,1307.944909090909
5949,12180,0.375,0.7107812499999999,0.7859414528370076,0.9655172413793103,1307.9406135986733
5950,20414,0.6546624999999999,0.8943125000000001,0.9233224912661124,0.6896551724137931,1307.9065920597902
5951,18074,0.625,0.08065625,0.8959161546801591,0.13793103448275862,1307.8835797101449
5952,5564,0.8625,0.309375,0.62643055053608,0.3448275862068966,1307.8475091256735
5953,13112,0.625,0.809375,0.803589928924226,0.9655172413793103,1307.7746600331675
5954,17905,0.21993625,0.086884375,0.8950608360438501,0.13793103448275862,1307.7387391304349
5955,2669,0.1125,0.121875,0.8618600168654379,0.13793103448275862,1307.7387391304349
5956,3743,0.375,0.15625,0.9722684013974219,0.27586206896551724,1307.6419090909092
5957,12893,0.625,0.72703125,0.9224189856643776,0.9655172413793103,1307.6088059701492
5958,4001,0.375,0.1875,0.803589928924226,0.13793103448275862,1307.5938260869566
5959,13230,0.625,0.814625,0.9998795325864354,0.8275862068965517,1307.5787419354838
5960,15588,0.34265,0.6761874999999999,0.8210095169256716,0.9655172413793103,1307.44320066335
5961,1859,0.875,0.953125,0.6023370678231538,0.9655172413793103,1307.442951907131
5962,20280,0.1724775,0.88378125,0.939103722443079,0.8275862068965517,1307.4175967741935
5963,3098,0.125,0.301878125,0.8718226719672328,0.27586206896551724,1307.338893939394
5964,27,0.25,0.96875,0.62643055053608,0.6896551724137931,1307.2176084424007
5965,5736,0.8625,0.16053125,0.9588001445608962,0.27586206896551724,1307.1874090909091
5966,7439,0.375,0.403125,0.7671364895795687,0.3448275862068966,1307.1523448635494
5967,13833,0.8625,0.78125,0.8838935068064088,0.9655172413793103,1306.9455555555555
5968,12040,0.375,0.903125,0.8009998795325863,0.9655172413793103,1306.9455058043118
5969,4724,0.6125,0.16053125,0.9588001445608962,0.27586206896551724,1306.884409090909
5970,894,0.4375,0.0625,0.62643055053608,0.13793103448275862,1306.869188405797
5971,5292,0.8625,0.231828125,0.922840621611854,0.0,1306.8214187108765
5972,23047,0.8328,0.8357187500000001,0.9945669196482351,0.9655172413793103,1306.613897180763
5973,8760,0.625,0.4459375,0.9629442235875195,0.3448275862068966,1306.596182861116
5974,5492,0.8625,0.194553125,0.8788820624021202,0.0,1306.48012172431
5975,13781,0.8625,0.715625,0.8148897723165883,0.8275862068965517,1306.4499677419356
5976,21698,0.4046875,0.87240625,0.9660040958920612,0.8275862068965517,1306.4499193548388
5977,13394,0.8625,0.89471875,0.8990362606914829,0.8275862068965517,1306.449887096774
5978,12617,0.6125,0.875,0.842561137212384,0.6896551724137931,1306.3564219842929
5979,6549,0.125,0.5625,0.6534465727020841,0.3448275862068966,1306.3181088127933
5980,1859,0.875,0.953125,0.6023370678231538,0.6896551724137931,1306.1841846926714
5981,4063,0.375,0.09375,0.8009998795325863,0.0,1306.1389271217201
5982,10993,0.125,0.9640625,0.7157583423683893,0.8275862068965517,1306.127387096774
5983,106,0.9375,0.875,0.62643055053608,0.9655172413793103,1306.1164510779436
5984,5924,0.875,0.331240625,0.6826466690760149,0.13793103448275862,1305.9997826086956
5985,3638,0.3625,0.059375,0.7872545476448619,0.27586206896551724,1305.9753787878788
5986,5928,0.875,0.3390625,0.6955848692928562,0.0,1305.9683212884272
5987,292,0.5625,0.6875,0.62643055053608,0.9655172413793103,1305.9505638474295
5988,10318,0.1125,0.80071875,0.9265992049150704,0.6896551724137931,1305.8397617857831
5989,23906,0.625,0.20561249999999998,0.9965787254547644,0.27586206896551724,1305.8239090909092
5990,5757,0.875,0.184375,0.92149138657993,0.0,1305.797681327142
5991,919,0.75,0.03125,0.62643055053608,0.0,1305.797681327142
5992,23962,0.125,0.515,0.9855077701481749,0.3448275862068966,1305.761960716148
5993,6051,0.875,0.15625,0.8226719672328634,0.13793103448275862,1305.7099710144928
5994,4170,0.375,0.2880625,0.8888085772798457,0.27586206896551724,1305.672409090909
5995,660,0.0625,0.3125,0.62643055053608,0.27586206896551724,1305.672393939394
5996,6962,0.1125,0.621875,0.65293579086857,0.13793103448275862,1305.5646811594204
5997,5702,0.8625,0.102146875,0.8990362606914829,0.27586206896551724,1305.520893939394
5998,5692,0.8625,0.0840125,0.8218527888206241,0.0,1305.4564184685678
5999,9994,0.8625,0.6404062500000001,0.6778038790507167,0.9655172413793103,1305.4522553897182
6000,4887,0.625,0.27175937499999997,0.8250090350560174,0.27586206896551724,1305.3694090909091
6001,14143,0.875,0.778125,0.8456330562582821,0.8275862068965517,1305.321
6002,12042,0.375,0.875,0.842561137212384,0.9655172413793103,1305.2872968490879
6003,5504,0.8625,0.215625,0.8717383447777376,0.27586206896551724,1305.0664242424243
6004,14103,0.875,0.8195625,0.8788820624021202,0.6896551724137931,1304.9785064258685
6005,10854,0.125,0.76496875,0.96883508011083,0.9655172413793103,1304.955655058043
6006,3727,0.3625,0.184375,0.92149138657993,0.0,1304.9445668406968
6007,8882,0.6125,0.365625,0.7455559571136007,0.3448275862068966,1304.927682948027
6008,13464,0.8625,0.68878125,0.8562823756173954,0.8275862068965517,1304.8373387096774
6009,18336,0.12499999999999992,0.70565625,0.8821346825683652,0.8275862068965517,1304.8372580645162
6010,22881,0.19618625,0.8446875,0.9777014817491867,0.8275862068965517,1304.8372096774194
6011,45,0.0625,0.953125,0.62643055053608,0.9655172413793103,1304.7898341625207
6012,2534,0.1125,0.31775625,0.7092350319238645,0.3448275862068966,1304.78865287676
6013,10732,0.1125,0.678125,0.7455559571136007,0.6896551724137931,1304.6343935771113
6014,22372,0.8388,0.7821875,0.9805324659679556,0.8275862068965517,1304.5146612903227
6015,12902,0.625,0.715625,0.8586073966991927,0.6896551724137931,1304.2896778375443
6016,11609,0.3625,0.875,0.842561137212384,0.6896551724137931,1304.289574484834
6017,12258,0.375,0.90625,0.8586073966991927,0.8275862068965517,1304.0308387096775
6018,7425,0.375,0.375,0.7059462715335502,0.3448275862068966,1303.815205979489
6019,1910,0.0,0.3125,0.6023370678231538,0.27586206896551724,1303.702893939394
6020,5163,0.625,0.3125,0.8297072641850378,0.13793103448275862,1303.6811449275363
6021,4118,0.375,0.248021875,0.9653294783760993,0.27586206896551724,1303.5514090909091
6022,3386,0.3625,0.090625,0.7389965064450066,0.27586206896551724,1303.5513333333333
6023,2409,0.1125,0.153125,0.650786652210577,0.13793103448275862,1303.5362753623187
6024,12381,0.6125,0.8816875,0.9419226599204914,0.9655172413793103,1303.4632172470979
6025,45,0.0625,0.953125,0.62643055053608,0.6896551724137931,1303.4283708012747
6026,5142,0.625,0.16007812500000002,0.9940850499939766,0.27586206896551724,1303.3998787878788
6027,4688,0.6125,0.121875,0.9504276593181543,0.13793103448275862,1303.3913188405797
6028,9058,0.6125,0.5,0.8795084929526562,0.3448275862068966,1303.2591830349384
6029,5548,0.8625,0.28125,0.7671364895795687,0.13793103448275862,1303.246347826087
6030,3337,0.3625,0.16744375,0.9969883146608842,0.13793103448275862,1303.2463333333333
6031,11732,0.3625,0.67996875,0.817094325984821,0.9655172413793103,1303.1316915422885
6032,19632,0.12499999999999992,0.72753125,0.9232502108179736,0.6896551724137931,1303.0839478943867
6033,13672,0.8625,0.94809375,0.7085905312612938,0.8275862068965517,1303.0631612903226
6034,4671,0.6125,0.07712812499999999,0.8743645343934465,0.27586206896551724,1302.9453787878788
6035,2648,0.1125,0.0838125,0.8888085772798457,0.13793103448275862,1302.8116376811595
6036,13501,0.8625,0.715625,0.62643055053608,0.9655172413793103,1302.800016583748
6037,5358,0.8625,0.189640625,0.9998795325864354,0.27586206896551724,1302.7938787878788
6038,126,0.625,0.859375,0.62643055053608,0.8275862068965517,1302.740629032258
6039,8603,0.625,0.621875,0.67944103120106,0.8275862068965517,1302.578870967742
6040,8562,0.625,0.559375,0.6538959161546801,0.3448275862068966,1302.5639492438727
6041,3544,0.3625,0.3125,0.62643055053608,0.3448275862068966,1302.5638240917783
6042,21571,0.17246125,0.868125,0.9581857607517166,0.8275862068965517,1302.4180967741936
6043,12744,0.6125,0.684375,0.8297072641850378,0.9655172413793103,1302.3026036484246
6044,7125,0.1125,0.375,0.7059462715335502,0.13793103448275862,1302.2319565217392
6045,11773,0.3625,0.7205625,0.9114323575472835,0.6896551724137931,1302.222813112634
6046,21063,0.625,0.765,0.9688591735935429,0.9655172413793103,1302.1367164179105
6047,7950,0.3625,0.63559375,0.7085905312612938,0.9655172413793103,1302.1364344941958
6048,6341,0.125,0.63753125,0.7463052644259728,0.8275862068965517,1302.095
6049,2688,0.1125,0.153125,0.978279725334297,0.13793103448275862,1302.087115942029
6050,11741,0.3625,0.684375,0.7448066498012287,0.6896551724137931,1302.0506274973675
6051,9724,0.875,0.365625,0.7455559571136007,0.3448275862068966,1302.0076899009212
6052,11338,0.3625,0.8252812500000001,0.8897964100710757,0.8275862068965517,1301.9342096774194
6053,13399,0.8625,0.875,0.884001927478617,0.9655172413793103,1301.8050912106137
6054,2402,0.1125,0.125,0.6813612817732804,0.13793103448275862,1301.7972173913045
6055,928,0.1875,0.03125,0.62643055053608,0.0,1301.7027317922043
6056,3231,0.3625,0.180040625,0.9129743404409107,0.13793103448275862,1301.6523768115942
6057,15541,0.3625,0.6743750000000001,0.7999638597759305,0.8275862068965517,1301.611741935484
6058,8368,0.625,0.63125,0.7455559571136007,0.3448275862068966,1301.5907804623675
6059,6169,0.875,0.0577125,0.8399349475966751,0.27586206896551724,1301.581909090909
6060,13783,0.8625,0.7335625,0.9325864353692326,0.9655172413793103,1301.473399668325
6061,10020,0.8625,0.590625,0.7428056860619202,0.3448275862068966,1301.451583521641
6062,7519,0.375,0.5,0.8795084929526562,0.3448275862068966,1301.3125534503738
6063,14131,0.875,0.8023125,0.8788820624021202,0.9655172413793103,1301.3076119402986
6064,2109,1.0,0.921875,0.62643055053608,0.9655172413793103,1301.3075953565506
6065,5591,0.8625,0.326846875,0.7344705457173835,0.0,1301.190863100337
6066,13907,0.875,0.6891875,0.8427538850740873,0.9655172413793103,1300.976119402985
6067,3309,0.3625,0.329559375,0.7767256956993133,0.27586206896551724,1300.9758787878789
6068,22941,0.4462125,0.84159375,0.9795205396940128,0.8275862068965517,1300.966629032258
6069,5551,0.8625,0.28125,0.6827141308276111,0.0,1300.8496173057588
6070,4722,0.6125,0.16909687499999998,0.9318515841464884,0.13793103448275862,1300.7829130434782
6071,11736,0.3625,0.684375,0.8297072641850378,0.6896551724137931,1300.6726947134916
6072,12902,0.625,0.715625,0.8586073966991927,0.9655172413793103,1300.6444112769486
6073,14065,0.875,0.875,0.7615106613661005,0.9655172413793103,1300.6443117744611
6074,2547,0.1125,0.31889687499999997,0.7209938561619081,0.13793103448275862,1300.6379710144927
6075,4925,0.625,0.32289375,0.6938103842910492,0.13793103448275862,1300.6379420289854
6076,3307,0.3625,0.321203125,0.8040477050957715,0.13793103448275862,1300.4930144927537
6077,8912,0.6125,0.41274999999999995,0.8892302132273219,0.3448275862068966,1300.4783313054058
6078,759,0.4375,0.203125,0.62643055053608,0.13793103448275862,1300.3481739130434
6079,11992,0.375,0.939625,0.7330092759908444,0.8275862068965517,1300.3215
6080,21947,0.8328375000000001,0.1451,0.9729189254306709,0.27586206896551724,1300.218409090909
6081,21591,0.3625,0.8588125,0.9671967232863511,0.9655172413793103,1300.14679933665
6082,17985,0.375,0.0962375,0.9126249849415733,0.27586206896551724,1300.066893939394
6083,21720,0.625,0.85878125,0.9672328635104203,0.6896551724137931,1299.9836077433918
6084,2617,0.1125,0.045029374999999996,0.7344705457173835,0.13793103448275862,1299.9134347826086
6085,20282,0.12499999999999992,0.88065625,0.9433080351764848,0.8275862068965517,1299.837629032258
6086,17954,0.33876249999999997,0.09155624999999999,0.9174798217082278,0.13793103448275862,1299.7684927536231
6087,8641,0.625,0.621875,0.7469943380315623,0.8275862068965517,1299.6762903225806
6088,10125,0.8625,0.4375,0.6538959161546801,0.3448275862068966,1299.6439840083435
6089,23831,0.375,0.18690625,1.0,0.27586206896551724,1299.6123787878787
6090,5754,0.8625,0.184375,0.9879412119021804,0.13793103448275862,1299.4786666666666
6091,2930,0.125,0.278125,0.6846187206360679,0.13793103448275862,1299.4786666666666
6092,24163,0.14873625,0.81659375,0.9876761835923381,0.8275862068965517,1299.353887096774
6093,20925,0.3625,0.765,0.9688591735935429,0.9655172413793103,1299.3177611940298
6094,13406,0.8625,0.92609375,0.8357908685700518,0.9655172413793103,1299.317694859038
6095,2863,0.125,0.27175937499999997,0.8250090350560174,0.27586206896551724,1299.3094090909092
6096,4799,0.625,0.121875,0.884001927478617,0.13793103448275862,1299.1888695652174
6097,6420,0.125,0.39828125000000003,0.7859414528370076,0.13793103448275862,1299.1888695652174
6098,5929,0.875,0.3390625,0.7157583423683893,0.27586206896551724,1299.157909090909
6099,3583,0.3625,0.278125,0.8578604987350921,0.13793103448275862,1299.0438985507246
6100,24169,0.3625,0.8150625,0.9877966510059029,0.9655172413793103,1298.986119402985
6101,24176,0.33882500000000004,0.8259375,0.9859414528370076,0.6896551724137931,1298.9502528954692
6102,757,0.5625,0.203125,0.62643055053608,0.13793103448275862,1298.8990434782609
6103,123,0.8125,0.859375,0.62643055053608,0.8275862068965517,1298.8700483870969
6104,23657,0.6487375,0.8040625,0.9875316226960605,0.8275862068965517,1298.7087903225806
6105,12195,0.375,0.679125,0.7092350319238645,0.3448275862068966,1298.6703980531897
6106,3874,0.375,0.265309375,0.8349837368991687,0.13793103448275862,1298.6091739130434
6107,10414,0.1125,0.87303125,0.9653294783760993,0.6896551724137931,1298.6056921849677
6108,12749,0.6125,0.684375,0.7448066498012287,0.6896551724137931,1298.4336443733148
6109,11206,0.125,0.87303125,0.9653294783760993,0.8275862068965517,1298.3861129032257
6110,18933,0.625,0.59003125,0.922527406336586,0.3448275862068966,1298.2536137667305
6111,3588,0.3625,0.27175937499999997,0.8250090350560174,0.27586206896551724,1298.2488939393938
6112,2860,0.125,0.252184375,0.8525719792796047,0.13793103448275862,1298.1744347826086
6113,11377,0.3625,0.88815625,0.8866401638356823,0.9655172413793103,1298.157031509121
6114,6877,0.1125,0.3491875,0.6691205878809782,0.27586206896551724,1298.0974090909092
6115,2522,0.1125,0.300271875,0.7551740754126008,0.27586206896551724,1298.097318181818
6116,24336,0.8625,0.8306250000000001,0.9965787254547644,0.8275862068965517,1298.0636290322582
6117,7652,0.375,0.55296875,0.8653294783760993,0.3448275862068966,1297.9755258126195
6118,23266,0.8388249999999999,0.16975,0.997687025659559,0.13793103448275862,1297.884652173913
6119,5705,0.8625,0.121875,0.8618600168654379,0.13793103448275862,1297.884652173913
6120,8651,0.625,0.57128125,0.8441633538127936,0.3448275862068966,1297.8365096471407
6121,8929,0.6125,0.55296875,0.8653294783760993,0.3448275862068966,1297.836440118199
6122,12226,0.375,0.7850625,0.9940850499939766,0.6896551724137931,1297.744557403215
6123,19137,0.7914,0.90721875,0.900469822912902,0.8275862068965517,1297.7411451612904
6124,10072,0.8625,0.5,0.8795084929526562,0.3448275862068966,1297.6973961411438
6125,4321,0.6125,0.329559375,0.7767256956993133,0.27586206896551724,1297.6428787878788
6126,12356,0.6125,0.840625,0.9141910613179135,0.8275862068965517,1297.5798870967742
6127,10329,0.1125,0.83165625,0.8878448379713287,0.8275862068965517,1297.5797903225807
6128,9261,0.6125,0.55740625,0.9562703288760389,0.3448275862068966,1297.5583521640883
6129,2498,0.1125,0.25,0.6804637995422238,0.27586206896551724,1297.4914090909092
6130,4402,0.6125,0.09375,0.7718949524153716,0.0,1297.437125231985
6131,12750,0.6125,0.7070000000000001,0.8115046379954222,0.8275862068965517,1297.4186129032257
6132,11919,0.375,0.684375,0.7660281893747741,0.6896551724137931,1297.400186172682
6133,107,0.875,0.875,0.62643055053608,0.6896551724137931,1297.2278799792537
6134,75,0.0625,0.921875,0.62643055053608,0.9655172413793103,1297.162056384743
6135,130,0.375,0.859375,0.62643055053608,0.8275862068965517,1297.0960322580645
6136,10759,0.1125,0.7335625,0.9325864353692326,0.8275862068965517,1297.096
6137,1254,0.5625,0.328125,0.6023370678231538,0.13793103448275862,1297.0151304347826
6138,33,0.8125,0.953125,0.62643055053608,0.9655172413793103,1296.9962354892205
6139,20055,0.125,0.58375,0.9201421515480062,0.3448275862068966,1296.863132278811
6140,21167,0.125,0.24936250000000001,0.9637754487411154,0.27586206896551724,1296.733909090909
6141,7583,0.375,0.59859375,0.7859414528370076,0.3448275862068966,1296.7242273596385
6142,12903,0.625,0.715625,0.8367546078785688,0.8275862068965517,1296.6122741935483
6143,10881,0.125,0.70240625,0.8288158053246596,0.8275862068965517,1296.612258064516
6144,296,0.3125,0.6875,0.62643055053608,0.9655172413793103,1296.4987728026533
6145,43,0.1875,0.953125,0.62643055053608,0.9655172413793103,1296.4987728026533
6146,11978,0.375,0.914875,0.8115046379954222,0.9655172413793103,1296.4987230514096
6147,12265,0.375,0.9326874999999999,0.8427538850740873,0.9655172413793103,1296.332951907131
6148,12470,0.6125,0.67396875,0.6938103842910492,0.9655172413793103,1296.3323714759536
6149,3114,0.125,0.189640625,0.9998795325864354,0.0,1296.2427820149576
6150,1560,0.9375,0.640625,0.6023370678231538,0.3448275862068966,1296.1679958282634
6151,7122,0.1125,0.39828125000000003,0.7859414528370076,0.13793103448275862,1296.145695652174
6152,1597,0.4375,0.6875,0.6023370678231538,0.6896551724137931,1296.0221672615476
6153,18077,0.648675,0.082209375,0.899168774846404,0.13793103448275862,1296.0007826086955
6154,2049,1.0,0.015625,0.6023370678231538,0.27586206896551724,1295.976409090909
6155,13600,0.8625,0.84375,0.6995000602337067,0.8275862068965517,1295.9671451612903
6156,9199,0.6125,0.4506875,0.9796651005902903,0.3448275862068966,1295.8898383452113
6157,5725,0.8625,0.12696875,0.9562703288760389,0.13793103448275862,1295.8558115942028
6158,13976,0.875,0.871875,0.8586917238886881,0.6896551724137931,1295.849981646281
6159,22928,0.5828875,0.8505312500000001,0.9738103842910492,0.6896551724137931,1295.849981646281
6160,20449,0.8625,0.8806875,0.9559691603421274,0.9655172413793103,1295.835472636816
6161,11056,0.125,0.8579062499999999,0.8598602578002649,0.9655172413793103,1295.835472636816
6162,3385,0.3625,0.090625,0.7108553186363088,0.0,1295.7309303870866
6163,21934,0.6724625,0.14939375,0.9759306107697867,0.13793103448275862,1295.710956521739
6164,12933,0.625,0.67996875,0.817094325984821,0.9655172413793103,1295.669767827529
6165,12226,0.375,0.7850625,0.9940850499939766,0.9655172413793103,1295.6696849087893
6166,22595,0.8328,0.210728125,0.9824478978436332,0.13793103448275862,1295.5660434782608
6167,33,0.8125,0.953125,0.62643055053608,0.6896551724137931,1295.5054726121348
6168,1036,0.0625,0.109375,0.6023370678231538,0.13793103448275862,1295.4211014492753
6169,13166,0.625,0.725625,0.8127815925792072,0.6896551724137931,1295.3333386732234
6170,2109,1.0,0.921875,0.62643055053608,0.6896551724137931,1295.333235320513
6171,2592,0.1125,0.24041562500000002,0.930333694735574,0.13793103448275862,1295.2761739130435
6172,2660,0.1125,0.11517812499999999,0.9419226599204914,0.13793103448275862,1295.2760869565218
6173,21916,0.5828375,0.15991875,0.9940127695458378,0.27586206896551724,1295.2189090909092
6174,23757,0.3625,0.18690625,1.0,0.27586206896551724,1295.2188787878788
6175,2895,0.125,0.3421875,0.6866642573183953,0.13793103448275862,1295.1312898550725
6176,7891,0.3625,0.3491875,0.6691205878809782,0.27586206896551724,1295.0674242424243
6177,14168,0.875,0.746875,0.7615106613661005,0.9655172413793103,1295.0064842454394
6178,11016,0.125,0.915875,0.7761354053728465,0.8275862068965517,1294.9994677419354
6179,12180,0.375,0.7107812499999999,0.7859414528370076,0.6896551724137931,1294.9889329917871
6180,17171,0.625,0.68065625,0.819069991567281,0.6896551724137931,1294.9888468645286
6181,3044,0.125,0.121875,0.7615106613661005,0.13793103448275862,1294.986347826087
6182,16200,0.375,0.63065625,0.828538730273461,0.3448275862068966,1294.9167947158005
6183,5901,0.875,0.278125,0.8360558968798939,0.0,1294.877815900641
6184,19944,0.375,0.25253125,0.9599807252138296,0.13793103448275862,1294.841463768116
6185,12617,0.6125,0.875,0.842561137212384,0.9655172413793103,1294.8405804311774
6186,14105,0.875,0.82659375,0.8773762197325623,0.8275862068965517,1294.838064516129
6187,4958,0.625,0.25,0.842561137212384,0.27586206896551724,1294.764409090909
6188,14189,0.875,0.715625,0.6545717383447777,0.6896551724137931,1294.6443550558338
6189,43,0.1875,0.953125,0.62643055053608,0.6896551724137931,1294.6442689285752
6190,11416,0.3625,0.9140625,0.9004216359474762,0.6896551724137931,1294.6442517031235
6191,4700,0.6125,0.131390625,0.8653294783760993,0.13793103448275862,1294.5515507246378
6192,3866,0.375,0.246875,0.9027707505119864,0.13793103448275862,1294.4067246376812
6193,4968,0.625,0.25,0.62643055053608,0.13793103448275862,1294.4066666666668
6194,3652,0.3625,0.06880312499999999,0.7626671485363209,0.13793103448275862,1294.4066666666668
6195,4290,0.6125,0.26331875,0.9325864353692326,0.13793103448275862,1294.261811594203
6196,17671,0.125,0.936875,0.831478135164438,0.6896551724137931,1294.1276087300657
6197,11434,0.3625,0.7850625,0.9940850499939766,0.6896551724137931,1294.1275742791622
6198,21094,0.625,0.74628125,0.9623298397783399,0.9655172413793103,1294.0115091210614
6199,8961,0.6125,0.6515625,0.735933020118058,0.3448275862068966,1293.9427637754216
6200,12236,0.375,0.71440625,0.9134441633538127,0.8275862068965517,1293.8706129032257
6201,1909,0.0,0.296875,0.6023370678231538,0.27586206896551724,1293.855409090909
6202,4662,0.6125,0.0818,0.7915190940850501,0.0,1293.8540273249182
6203,5013,0.625,0.1875,0.803589928924226,0.13793103448275862,1293.8270724637682
6204,6505,0.125,0.5,0.8795084929526562,0.3448275862068966,1293.8041925951677
6205,12989,0.625,0.9150625,0.7915190940850501,0.8275862068965517,1293.7091451612903
6206,4893,0.625,0.29638437500000003,0.8183471870858932,0.27586206896551724,1293.703909090909
6207,5505,0.8625,0.215625,0.62643055053608,0.27586206896551724,1293.703893939394
6208,19,0.75,0.96875,0.62643055053608,0.6896551724137931,1293.6108624042974
6209,2360,0.1125,0.059375,0.62643055053608,0.27586206896551724,1293.5519696969698
6210,13330,0.625,0.83375,0.9009275990844476,0.9655172413793103,1293.514063018242
6211,5763,0.875,0.17785625,0.9873750150584266,0.0,1293.5127985943363
6212,3141,0.125,0.325428125,0.7905914950006022,0.13793103448275862,1293.3922608695652
6213,12339,0.6125,0.83375,0.9009275990844476,0.9655172413793103,1293.3482255389717
6214,1818,0.1875,0.921875,0.6023370678231538,0.9655172413793103,1293.348175787728
6215,2433,0.1125,0.17732187500000002,0.8788820624021202,0.0,1293.3421756970472
6216,11916,0.375,0.684375,0.7448066498012287,0.6896551724137931,1293.266525624668
6217,5684,0.8625,0.0838125,0.8888085772798457,0.27586206896551724,1293.2493787878789
6218,21991,0.3625,0.47437500000000005,0.9827611131189014,0.3448275862068966,1293.2480027811578
6219,22820,0.625,0.52440625,0.9940368630285508,0.3448275862068966,1293.2479888753694
6220,7817,0.3625,0.4459375,0.9629442235875195,0.3448275862068966,1293.108903180949
6221,1807,0.4375,0.90625,0.6023370678231538,0.6896551724137931,1293.0941677548847
6222,11430,0.3625,0.814625,0.9998795325864354,0.8275862068965517,1293.064064516129
6223,12920,0.625,0.678125,0.7455559571136007,0.9655172413793103,1293.0169651741294
6224,6148,0.875,0.20443125,0.9969883146608842,0.0,1293.0009640304613
6225,10556,0.1125,0.8195625,0.8788820624021202,0.6896551724137931,1292.9218960123596
6226,11730,0.3625,0.6714375,0.7905914950006022,0.8275862068965517,1292.9029193548388
6227,6956,0.1125,0.625,0.6752463558607397,0.3448275862068966,1292.8314827046759
6228,11609,0.3625,0.875,0.842561137212384,0.9655172413793103,1292.6849087893863
6229,5600,0.8625,0.303071875,0.7626671485363209,0.13793103448275862,1292.6677536231884
6230,24206,0.3388125,0.8166249999999999,0.9997229249488012,0.6896551724137931,1292.5774731054717
6231,7698,0.375,0.39449999999999996,0.8115046379954222,0.3448275862068966,1292.552768990092
6232,11434,0.3625,0.7850625,0.9940850499939766,0.9655172413793103,1292.519087893864
6233,3917,0.375,0.3125,0.6508384531984098,0.3448275862068966,1292.4136832956717
6234,2541,0.1125,0.3421875,0.6866642573183953,0.13793103448275862,1292.3779565217392
6235,6122,0.875,0.048982187499999996,0.6938103842910492,0.0,1292.3184895053012
6236,2782,0.125,0.070790625,0.8357908685700518,0.0,1292.3184212493165
6237,10341,0.1125,0.840625,0.9361402240693892,0.8275862068965517,1292.257822580645
6238,13708,0.8625,0.871875,0.8807252138296592,0.6896551724137931,1292.2329985222284
6239,24263,0.6125,0.8275,0.9975906517287073,0.9655172413793103,1292.1874295190712
6240,12399,0.6125,0.9326874999999999,0.8427538850740873,0.9655172413793103,1292.1874129353234
6241,13991,0.875,0.903125,0.8796530538489338,0.8275862068965517,1292.0965322580646
6242,5662,0.8625,0.059375,0.7872545476448619,0.13793103448275862,1292.0880724637682
6243,4935,0.625,0.309375,0.67944103120106,0.0,1291.9772266467269
6244,4822,0.625,0.08848125,0.8046500421635947,0.0,1291.9772095827307
6245,21591,0.3625,0.8588125,0.9671967232863511,0.6896551724137931,1291.8884378117268
6246,2297,0.1125,0.329559375,0.7767256956993133,0.0,1291.8065696214455
6247,3439,0.3625,0.15625,0.6754909047102758,0.13793103448275862,1291.7982898550724
6248,6598,0.125,0.63559375,0.7085905312612938,0.9655172413793103,1291.6895688225538
6249,19203,0.17245749999999999,0.10564375,0.9281773280327671,0.13793103448275862,1291.653391304348
6250,4833,0.625,0.059375,0.8084809059149499,0.13793103448275862,1291.6532898550724
6251,4301,0.6125,0.2880625,0.8888085772798457,0.27586206896551724,1291.5829242424243
6252,8938,0.6125,0.5646875,0.8525719792796047,0.3448275862068966,1291.5795167738572
6253,12579,0.6125,0.840625,0.7490784242862305,0.8275862068965517,1291.290177419355
6254,21827,0.17247125,0.15562499999999999,0.9918684495843875,0.13793103448275862,1291.2186521739131
6255,13166,0.625,0.725625,0.8127815925792072,0.9655172413793103,1291.1926202321724
6256,24329,0.654725,0.8286562499999999,0.9851343211661244,0.9655172413793103,1291.1925538971807
6257,5855,0.875,0.045029374999999996,0.7344705457173835,0.13793103448275862,1291.073739130435
6258,3388,0.3625,0.090625,0.7952776773882665,0.13793103448275862,1291.0736376811594
6259,9180,0.6125,0.58828125,0.9256113721238406,0.3448275862068966,1291.0233130540587
6260,5360,0.8625,0.17483437500000001,0.9989157932779182,0.27586206896551724,1290.9768636363635
6261,17674,0.12499999999999992,0.92440625,0.8635586073966991,0.8275862068965517,1290.9675
6262,2510,0.1125,0.278125,0.8009998795325863,0.13793103448275862,1290.9287826086957
6263,1879,0.25,0.984375,0.6023370678231538,0.9655172413793103,1290.860912106136
6264,23655,0.625,0.8087500000000001,0.9879171184194675,0.9655172413793103,1290.860895522388
6265,12933,0.625,0.67996875,0.817094325984821,0.6896551724137931,1290.6829145739896
6266,5226,0.625,0.1875,0.9355860739669918,0.13793103448275862,1290.6389710144927
6267,27,0.25,0.96875,0.62643055053608,0.9655172413793103,1290.5292537313433
6268,5017,0.625,0.184375,0.62643055053608,0.27586206896551724,1290.5224090909092
6269,5303,0.8625,0.26985625,0.9224189856643776,0.27586206896551724,1290.5223939393939
6270,3800,0.375,0.090625,0.9023370678231537,0.13793103448275862,1290.4940724637681
6271,5463,0.8625,0.15625,0.6754909047102758,0.13793103448275862,1290.4940579710144
6272,3686,0.3625,0.1443125,0.8764004336826888,0.13793103448275862,1290.494
6273,8414,0.625,0.40190625,0.9134441633538127,0.3448275862068966,1290.4671510516253
6274,1273,0.8125,0.34375,0.6023370678231538,0.3448275862068966,1290.467137145837
6275,7167,0.1125,0.4799375,0.9969883146608842,0.3448275862068966,1290.467095428472
6276,2800,0.125,0.06880312499999999,0.7626671485363209,0.27586206896551724,1290.370893939394
6277,3041,0.125,0.121875,0.62643055053608,0.13793103448275862,1290.3491304347826
6278,133,0.1875,0.859375,0.62643055053608,0.8275862068965517,1290.3225161290322
6279,17930,0.125,0.07753125000000001,0.8891699795205397,0.27586206896551724,1290.219409090909
6280,19315,0.4046125,0.10135000000000001,0.9344054933140584,0.13793103448275862,1290.2042463768116
6281,12499,0.6125,0.71875,0.62643055053608,0.6896551724137931,1290.1662371500283
6282,8994,0.6125,0.603375,0.7761354053728465,0.8275862068965517,1290.1613387096775
6283,5166,0.625,0.329559375,0.7767256956993133,0.27586206896551724,1290.0678787878787
6284,3763,0.375,0.153125,0.9116251054089869,0.13793103448275862,1290.0593043478261
6285,4017,0.375,0.15625,0.8717383447777376,0.13793103448275862,1290.0592898550724
6286,10324,0.1125,0.8295,0.9166606432959884,0.9655172413793103,1290.0318076285241
6287,13673,0.8625,0.9522187499999999,0.6958065293338151,0.8275862068965517,1289.9999677419355
6288,75,0.0625,0.921875,0.62643055053608,0.6896551724137931,1289.9938792802448
6289,23664,0.625,0.79315625,0.9851222744247681,0.6896551724137931,1289.9938620547932
6290,3608,0.3625,0.113090625,0.8441633538127936,0.27586206896551724,1289.9164242424242
6291,3115,0.125,0.182234375,0.9998795325864354,0.13793103448275862,1289.9143333333334
6292,17192,0.6486500000000001,0.68534375,0.8323695940248163,0.6896551724137931,1289.8217625667853
6293,9620,0.875,0.621875,0.62643055053608,0.3448275862068966,1289.7714305579698
6294,20623,0.8625,0.1399875,0.9688591735935429,0.0,1289.7591289819688
6295,10605,0.1125,0.903125,0.655524635586074,0.9655172413793103,1289.5341293532338
6296,11508,0.3625,0.75,0.7362920130104806,0.8275862068965517,1289.516193548387
6297,13065,0.625,0.871875,0.7362920130104806,0.9655172413793103,1289.3685240464345
6298,19781,0.625,0.72753125,0.9232502108179736,0.9655172413793103,1289.3685240464345
6299,10718,0.1125,0.6761250000000001,0.733739308517046,0.6896551724137931,1289.305429651858
6300,9756,0.875,0.434375,0.9504276593181543,0.3448275862068966,1289.0766556579176
6301,23834,0.375,0.20561249999999998,0.9965787254547644,0.27586206896551724,1289.007409090909
6302,5966,0.875,0.278125,0.6846187206360679,0.27586206896551724,1289.007409090909
6303,3369,0.3625,0.059375,0.6752463558607397,0.27586206896551724,1289.0072727272727
6304,8242,0.3625,0.5530625,0.9451270931213106,0.3448275862068966,1288.9376394924386
6305,18994,0.1546325,0.9161875,0.882231056499217,0.9655172413793103,1288.8710613598673
6306,21613,0.33290000000000003,0.87240625,0.9660040958920612,0.8275862068965517,1288.8710322580646
6307,20559,0.375,0.1399875,0.9688591735935429,0.27586206896551724,1288.855893939394
6308,6401,0.125,0.3468125,0.6440983014094687,0.13793103448275862,1288.755115942029
6309,10792,0.1125,0.76503125,0.922840621611854,0.6896551724137931,1288.6160153981757
6310,872,0.875,0.078125,0.62643055053608,0.13793103448275862,1288.6101594202898
6311,2801,0.125,0.068996875,0.8251897361763642,0.13793103448275862,1288.6101304347826
6312,13928,0.875,0.678125,0.7455559571136007,0.9655172413793103,1288.5397014925372
6313,2354,0.1125,0.048982187499999996,0.6938103842910492,0.0,1288.3941628676523
6314,23658,0.672475,0.8025,0.9873147813516442,0.8275862068965517,1288.3872419354839
6315,12805,0.6125,0.75196875,0.9562703288760389,0.8275862068965517,1288.3872096774194
6316,7107,0.1125,0.40625,0.7428056860619202,0.3448275862068966,1288.3814635842168
6317,6814,0.1125,0.44390625000000006,0.8653294783760993,0.3448275862068966,1288.3814635842168
6318,14235,0.875,0.8368125,0.9940850499939766,0.9655172413793103,1288.3735157545605
6319,5195,0.625,0.26331875,0.9325864353692326,0.13793103448275862,1288.3203768115943
6320,13050,0.625,0.875,0.842561137212384,0.6896551724137931,1288.271523589481
6321,1601,0.6875,0.6875,0.6023370678231538,0.6896551724137931,1288.2714891385776
6322,18912,0.625,0.59003125,0.9092398506204071,0.3448275862068966,1288.2424613245264
6323,41,0.3125,0.953125,0.62643055053608,0.9655172413793103,1288.207728026534
6324,4054,0.375,0.121875,0.8155402963498374,0.13793103448275862,1288.1753478260869
6325,6412,0.125,0.375,0.67944103120106,0.13793103448275862,1288.0305217391303
6326,5230,0.625,0.206659375,0.8878448379713287,0.13793103448275862,1287.8855652173913
6327,5673,0.8625,0.08848125,0.8046500421635947,0.0,1287.882260047793
6328,11504,0.3625,0.746875,0.62643055053608,0.9655172413793103,1287.7102985074628
6329,1781,0.6875,0.875,0.6023370678231538,0.6896551724137931,1287.5825916484464
6330,17101,0.5889125,0.685375,0.8324659679556681,0.6896551724137931,1287.4104404840834
6331,1818,0.1875,0.921875,0.6023370678231538,0.6896551724137931,1287.4103199059214
6332,1219,0.25,0.296875,0.6023370678231538,0.13793103448275862,1287.3059855072463
6333,8563,0.625,0.559375,0.6813612817732804,0.3448275862068966,1287.2691117677734
6334,15710,0.5887125,0.6728125,0.8106011323936874,0.8275862068965517,1287.2583548387097
6335,1252,0.4375,0.328125,0.6023370678231538,0.13793103448275862,1287.1610434782608
6336,13390,0.8625,0.8883125,0.9325864353692326,0.6896551724137931,1287.0657764208715
6337,5712,0.8625,0.131390625,0.8653294783760993,0.13793103448275862,1287.016072463768
6338,12199,0.375,0.6546875,0.7468979641007107,0.8275862068965517,1286.9357096774193
6339,4998,0.625,0.215625,0.7245512588844717,0.0,1286.8585738560469
6340,13621,0.8625,0.875,0.7074798217082279,0.8275862068965517,1286.7745
6341,8684,0.625,0.3491875,0.6691205878809782,0.27586206896551724,1286.7349242424243
6342,13083,0.625,0.84375,0.62643055053608,0.9655172413793103,1286.71543946932
6343,2008,1.0,0.65625,0.6023370678231538,0.8275862068965517,1286.6132580645162
6344,19171,0.6487875,0.90409375,0.91972051560053,0.8275862068965517,1286.613193548387
6345,12717,0.6125,0.71875,0.9014576557041319,0.6896551724137931,1286.5492368005239
6346,41,0.3125,0.953125,0.62643055053608,0.6896551724137931,1286.549116222362
6347,22694,0.125,0.536875,0.9868931454041681,0.3448275862068966,1286.4348339996523
6348,13440,0.8625,0.8586874999999999,0.9796651005902903,0.6896551724137931,1286.3768789307405
6349,2596,0.1125,0.113090625,0.8441633538127936,0.0,1286.3466881001834
6350,2044,1.0,0.09375,0.6023370678231538,0.27586206896551724,1286.280393939394
6351,2663,0.1125,0.121875,0.9282857487049753,0.13793103448275862,1286.146695652174
6352,13410,0.8625,0.90625,0.8586073966991927,0.8275862068965517,1286.1294032258065
6353,14131,0.875,0.8023125,0.8788820624021202,0.6896551724137931,1286.0324387984008
6354,3626,0.3625,0.0328125,0.7157583423683893,0.13793103448275862,1286.0017826086957
6355,19288,0.42246249999999996,0.10564375,0.9281773280327671,0.13793103448275862,1286.0017826086957
6356,12664,0.6125,0.94809375,0.7085905312612938,0.8275862068965517,1285.9681129032258
6357,12293,0.375,0.85690625,0.96883508011083,0.8275862068965517,1285.8067096774193
6358,12476,0.6125,0.684375,0.62643055053608,0.13793103448275862,1285.7114347826086
6359,12556,0.6125,0.809375,0.803589928924226,0.6896551724137931,1285.6880158915128
6360,14346,0.875,0.78771875,0.9674978918202626,0.6896551724137931,1285.6879814406093
6361,2341,0.1125,0.0577125,0.8399349475966751,0.27586206896551724,1285.6744090909092
6362,2551,0.1125,0.3390625,0.6552355137935189,0.13793103448275862,1285.5670289855072
6363,5318,0.8625,0.30108437499999996,0.8357908685700518,0.0,1285.493556549742
6364,11534,0.3625,0.78125,0.7000216841344417,0.9655172413793103,1285.3888391376452
6365,14343,0.875,0.80071875,0.9265992049150704,0.9655172413793103,1285.3888225538972
6366,1807,0.4375,0.90625,0.6023370678231538,0.9655172413793103,1285.3888059701492
6367,12471,0.6125,0.679125,0.7092350319238645,0.3448275862068966,1285.3221762558665
6368,4978,0.625,0.225853125,0.8653776653415252,0.13793103448275862,1285.2772173913042
6369,2297,0.1125,0.329559375,0.7767256956993133,0.13793103448275862,1285.132231884058
6370,11919,0.375,0.684375,0.7660281893747741,0.9655172413793103,1285.057263681592
6371,19148,0.8625,0.89940625,0.9279604866883507,0.9655172413793103,1285.0571475953566
6372,9994,0.8625,0.6404062500000001,0.6778038790507167,0.6896551724137931,1284.9981365506344
6373,12499,0.6125,0.71875,0.62643055053608,0.9655172413793103,1284.8914593698175
6374,1597,0.4375,0.6875,0.6023370678231538,0.9655172413793103,1284.8913101160863
6375,23664,0.625,0.79315625,0.9851222744247681,0.9655172413793103,1284.8912935323383
6376,13203,0.625,0.679125,0.7092350319238645,0.3448275862068966,1284.7659725360681
6377,1144,0.25,0.21875,0.6023370678231538,0.13793103448275862,1284.6975652173912
6378,1226,0.6875,0.296875,0.6023370678231538,0.13793103448275862,1284.6975652173912
6379,17321,0.583,0.31305312500000004,0.8281532345500542,0.13793103448275862,1284.6975652173912
6380,2254,0.1125,0.22310937500000003,0.9005421033610408,0.13793103448275862,1284.6975217391305
6381,19722,0.375,0.72753125,0.9232502108179736,0.6896551724137931,1284.65455769088
6382,2892,0.125,0.3390625,0.6955848692928562,0.0,1284.6404591272926
6383,22143,0.625,0.47437500000000005,0.9827611131189014,0.3448275862068966,1284.627290109508
6384,12508,0.6125,0.746875,0.7615106613661005,0.9655172413793103,1284.559767827529
6385,4230,0.375,0.180040625,0.9129743404409107,0.13793103448275862,1284.5526376811595
6386,23899,0.8625,0.18690625,1.0,0.0,1284.4698021020113
6387,2797,0.125,0.0818,0.7915190940850501,0.0,1284.469785038015
6388,4218,0.375,0.206659375,0.8878448379713287,0.13793103448275862,1284.4076376811595
6389,5025,0.625,0.184375,0.6770473436935309,0.13793103448275862,1284.2627971014492
6390,4454,0.6125,0.15625,0.8717383447777376,0.13793103448275862,1284.262768115942
6391,3234,0.3625,0.3125,0.7660281893747741,0.3448275862068966,1284.2101442725534
6392,9373,0.875,0.60696875,0.8288158053246596,0.3448275862068966,1284.071197636016
6393,5290,0.8625,0.22310937500000003,0.9005421033610408,0.13793103448275862,1283.9729565217392
6394,4785,0.625,0.1443125,0.8764004336826888,0.13793103448275862,1283.9729130434782
6395,7026,0.1125,0.528125,0.6754909047102758,0.3448275862068966,1283.9320702242308
6396,13234,0.625,0.7850625,0.9940850499939766,0.6896551724137931,1283.7933367818687
6397,23013,0.6962125,0.84159375,0.9795205396940128,0.8275862068965517,1283.7102903225807
6398,1891,0.0,0.015625,0.6023370678231538,0.13793103448275862,1283.5382463768117
6399,3406,0.3625,0.121875,0.8155402963498374,0.13793103448275862,1283.5381449275362
