rank,node_number,x_n,y_n,z_n,t_n,score
1,3878,0.375,0.278125,0.8578604987350921,0.13793103448275862,18158.18109090909
2,6462,0.125,0.465625,0.7238561619082038,0.48275862068965514,14284.999428571427
3,12600,0.6125,0.871875,0.6538959161546801,0.48275862068965514,7141.142285714285
4,18651,0.46415000000000006,0.28025625,0.917588242380436,1.0,5998.199299999999
5,6137,0.875,0.28247187500000004,0.9134441633538127,0.0,5143.341182519279
6,487,0.5625,0.484375,0.62643055053608,0.13793103448275862,4545.090272727272
7,16985,0.6486500000000001,0.37284375000000003,0.8323695940248163,0.27586206896551724,4000.899299999999
8,378,0.8125,0.59375,0.62643055053608,0.27586206896551724,3999.899299999999
9,19427,0.14877125,0.4259375,0.9395494518732683,0.6896551724137931,3571.3566428571426
10,19853,0.12499999999999992,0.25565625000000003,0.9433080351764848,0.8275862068965517,3132.0620624999997
11,397,0.5625,0.578125,0.62643055053608,0.9655172413793103,2857.0709285714283
12,17320,0.6125,0.31498750000000003,0.8226478737501505,0.3448275862068966,2498.8327499999996
13,3991,0.375,0.194553125,0.8788820624021202,0.6206896551724137,2460.166083333333
14,10633,0.1125,0.9375,0.7240621611853992,0.0,2055.012133676092
15,6830,0.1125,0.39649999999999996,0.8218527888206241,0.27586206896551724,2001.5992999999996
16,7457,0.375,0.434375,0.7885315022286471,0.27586206896551724,1996.8992999999996
17,5682,0.8625,0.07058125,0.8589928924225997,0.3448275862068966,1676.7494166666663
18,15217,0.8625,0.036951875,0.7576316106493193,0.3448275862068966,1650.0827499999998
19,7260,0.1125,0.5042500000000001,0.9638718226719671,1.0,1000.1992999999998
20,5132,0.625,0.2336875,0.9796651005902903,0.6206896551724137,860.8327499999999
21,7269,0.1125,0.48821875,0.9265992049150704,0.3448275862068966,833.1994166666666
22,10204,0.8625,0.5169374999999999,0.9969883146608842,0.6896551724137931,714.3566428571428
23,1786,0.0625,0.890625,0.6023370678231538,0.27586206896551724,300.0694
24,11940,0.375,0.7382187499999999,0.8647873750150584,0.27586206896551724,299.39939999999996
25,5396,0.8625,0.059375,0.62643055053608,0.27586206896551724,239.99999999999994
26,6113,0.875,0.059375,0.62643055053608,0.27586206896551724,239.99999999999994
27,5101,0.625,0.059375,0.62643055053608,0.27586206896551724,229.99999999999997
28,4089,0.375,0.059375,0.62643055053608,0.27586206896551724,229.99999999999997
29,3372,0.3625,0.059375,0.62643055053608,0.27586206896551724,229.99999999999997
30,3077,0.125,0.059375,0.62643055053608,0.27586206896551724,229.99999999999997
31,2360,0.1125,0.059375,0.62643055053608,0.27586206896551724,219.99999999999997
32,4384,0.6125,0.059375,0.62643055053608,0.27586206896551724,219.99999999999997
33,5101,0.625,0.059375,0.62643055053608,1.0,216.39999999999995
34,6113,0.875,0.059375,0.62643055053608,1.0,209.89999999999995
35,4089,0.375,0.059375,0.62643055053608,1.0,208.29999999999995
36,7311,0.375,0.5152187500000001,0.9400313215275267,0.0,205.46982005141385
37,3372,0.3625,0.059375,0.62643055053608,1.0,202.89999999999998
38,5392,0.8625,0.059375,0.6508384531984098,0.27586206896551724,199.99999999999997
39,2360,0.1125,0.059375,0.62643055053608,1.0,199.59999999999997
40,4384,0.6125,0.059375,0.62643055053608,1.0,199.19999999999996
41,7953,0.3625,0.6476875,0.6691205878809782,0.27586206896551724,198.29939999999996
42,5400,0.8625,0.0625,0.62643055053608,0.27586206896551724,189.99999999999997
43,5104,0.625,0.059375,0.6508384531984098,0.27586206896551724,189.99999999999997
44,2364,0.1125,0.0625,0.62643055053608,0.27586206896551724,189.99999999999997
45,4388,0.6125,0.0625,0.62643055053608,0.27586206896551724,189.99999999999997
46,4380,0.6125,0.059375,0.6508384531984098,0.27586206896551724,189.99999999999997
47,4092,0.375,0.059375,0.6508384531984098,0.27586206896551724,189.99999999999997
48,6112,0.875,0.0625,0.62643055053608,0.27586206896551724,189.99999999999997
49,3368,0.3625,0.059375,0.6508384531984098,0.27586206896551724,189.99999999999997
50,6116,0.875,0.059375,0.6508384531984098,0.27586206896551724,189.99999999999997
51,3080,0.125,0.059375,0.6508384531984098,0.27586206896551724,189.99999999999997
52,5396,0.8625,0.059375,0.62643055053608,0.0,185.0899742930591
53,5101,0.625,0.059375,0.62643055053608,0.6206896551724137,184.99999999999997
54,10828,0.125,0.78125,0.9059872304541622,0.13793103448275862,181.97218181818178
55,2356,0.1125,0.059375,0.6508384531984098,0.27586206896551724,179.99999999999997
56,5100,0.625,0.0625,0.62643055053608,0.27586206896551724,179.99999999999997
57,4088,0.375,0.0625,0.62643055053608,0.27586206896551724,179.99999999999997
58,3376,0.3625,0.0625,0.62643055053608,0.27586206896551724,179.99999999999997
59,3076,0.125,0.0625,0.62643055053608,0.27586206896551724,179.99999999999997
60,4089,0.375,0.059375,0.62643055053608,0.6206896551724137,179.16666666666663
61,3077,0.125,0.059375,0.62643055053608,0.6206896551724137,177.49999999999997
62,6113,0.875,0.059375,0.62643055053608,0.6206896551724137,176.66666666666663
63,3372,0.3625,0.059375,0.62643055053608,0.6206896551724137,174.99999999999997
64,4089,0.375,0.059375,0.62643055053608,0.0,174.8071979434447
65,6113,0.875,0.059375,0.62643055053608,0.0,174.8071979434447
66,5104,0.625,0.059375,0.6508384531984098,1.0,173.19999999999996
67,5396,0.8625,0.059375,0.62643055053608,0.13793103448275862,172.7272727272727
68,6113,0.875,0.059375,0.62643055053608,0.13793103448275862,172.7272727272727
69,4384,0.6125,0.059375,0.62643055053608,0.6206896551724137,171.66666666666663
70,4388,0.6125,0.0625,0.62643055053608,1.0,171.09999999999997
71,2360,0.1125,0.059375,0.62643055053608,0.6206896551724137,170.83333333333331
72,5396,0.8625,0.059375,0.62643055053608,0.6206896551724137,168.33333333333331
73,6116,0.875,0.059375,0.6508384531984098,1.0,167.49999999999997
74,12403,0.6125,0.90625,0.8367546078785688,0.3448275862068966,166.37449999999998
75,3077,0.125,0.059375,0.62643055053608,1.0,165.63999999999996
76,3368,0.3625,0.059375,0.6508384531984098,1.0,164.99999999999997
77,2360,0.1125,0.059375,0.62643055053608,0.0,164.5244215938303
78,5101,0.625,0.059375,0.62643055053608,0.0,164.5244215938303
79,4384,0.6125,0.059375,0.62643055053608,0.0,164.5244215938303
80,3372,0.3625,0.059375,0.62643055053608,0.0,164.5244215938303
81,3077,0.125,0.059375,0.62643055053608,0.0,164.5244215938303
82,4089,0.375,0.059375,0.62643055053608,0.13793103448275862,163.6363636363636
83,3077,0.125,0.059375,0.62643055053608,0.13793103448275862,163.6363636363636
84,4092,0.375,0.059375,0.6508384531984098,1.0,162.49999999999997
85,5400,0.8625,0.0625,0.62643055053608,1.0,161.49999999999997
86,2356,0.1125,0.059375,0.6508384531984098,1.0,159.09999999999997
87,4380,0.6125,0.059375,0.6508384531984098,1.0,158.79999999999998
88,5101,0.625,0.059375,0.62643055053608,0.48275862068965514,158.57142857142856
89,5101,0.625,0.059375,0.62643055053608,0.9655172413793103,157.35714285714283
90,3076,0.125,0.0625,0.62643055053608,1.0,156.59999999999997
91,2364,0.1125,0.0625,0.62643055053608,1.0,154.69999999999996
92,5400,0.8625,0.0625,0.62643055053608,0.13793103448275862,154.54545454545453
93,5392,0.8625,0.059375,0.6508384531984098,0.13793103448275862,154.54545454545453
94,2360,0.1125,0.059375,0.62643055053608,0.13793103448275862,154.54545454545453
95,5101,0.625,0.059375,0.62643055053608,0.13793103448275862,154.54545454545453
96,4388,0.6125,0.0625,0.62643055053608,0.13793103448275862,154.54545454545453
97,4384,0.6125,0.059375,0.62643055053608,0.13793103448275862,154.54545454545453
98,6112,0.875,0.0625,0.62643055053608,0.13793103448275862,154.54545454545453
99,3372,0.3625,0.059375,0.62643055053608,0.13793103448275862,154.54545454545453
100,6116,0.875,0.059375,0.6508384531984098,0.13793103448275862,154.54545454545453
101,5101,0.625,0.059375,0.62643055053608,0.6896551724137931,153.78571428571428
102,4089,0.375,0.059375,0.62643055053608,0.48275862068965514,152.85714285714283
103,4088,0.375,0.0625,0.62643055053608,1.0,152.79999999999998
104,4089,0.375,0.059375,0.62643055053608,0.9655172413793103,152.7142857142857
105,6113,0.875,0.059375,0.62643055053608,0.9655172413793103,151.1428571428571
106,5101,0.625,0.059375,0.62643055053608,0.3448275862068966,150.83333333333331
107,3077,0.125,0.059375,0.62643055053608,0.9655172413793103,150.78571428571428
108,3077,0.125,0.059375,0.62643055053608,0.48275862068965514,149.99999999999997
109,4089,0.375,0.059375,0.62643055053608,0.6896551724137931,149.28571428571428
110,4388,0.6125,0.0625,0.62643055053608,0.6206896551724137,148.33333333333331
111,6113,0.875,0.059375,0.62643055053608,0.6896551724137931,147.99999999999997
112,3372,0.3625,0.059375,0.62643055053608,0.9655172413793103,147.85714285714283
113,3372,0.3625,0.059375,0.62643055053608,0.48275862068965514,147.85714285714283
114,3077,0.125,0.059375,0.62643055053608,0.6896551724137931,147.42857142857142
115,5397,0.8625,0.0625,0.7059462715335502,0.27586206896551724,146.99999999999997
116,3364,0.3625,0.039074375,0.6612275629442236,0.9655172413793103,146.10671428571428
117,5104,0.625,0.059375,0.6508384531984098,0.6206896551724137,145.83333333333331
118,4089,0.375,0.059375,0.62643055053608,0.3448275862068966,145.83333333333331
119,4384,0.6125,0.059375,0.62643055053608,0.9655172413793103,145.57142857142856
120,2356,0.1125,0.059375,0.6508384531984098,0.13793103448275862,145.45454545454544
121,5104,0.625,0.059375,0.6508384531984098,0.13793103448275862,145.45454545454544
122,2364,0.1125,0.0625,0.62643055053608,0.13793103448275862,145.45454545454544
123,5100,0.625,0.0625,0.62643055053608,0.13793103448275862,145.45454545454544
124,4092,0.375,0.059375,0.6508384531984098,0.13793103448275862,145.45454545454544
125,3376,0.3625,0.0625,0.62643055053608,0.13793103448275862,145.45454545454544
126,3080,0.125,0.059375,0.6508384531984098,0.13793103448275862,145.45454545454544
127,3372,0.3625,0.059375,0.62643055053608,0.6896551724137931,145.1428571428571
128,2360,0.1125,0.059375,0.62643055053608,0.9655172413793103,145.07142857142856
129,2360,0.1125,0.059375,0.62643055053608,0.48275862068965514,144.99999999999997
130,4384,0.6125,0.059375,0.62643055053608,0.48275862068965514,144.99999999999997
131,6111,0.875,0.0625,0.7059462715335502,0.27586206896551724,144.99999999999997
132,6113,0.875,0.059375,0.62643055053608,0.48275862068965514,144.28571428571428
133,6113,0.875,0.059375,0.62643055053608,0.3448275862068966,144.16666666666666
134,5400,0.8625,0.0625,0.62643055053608,0.0,143.95886889460152
135,5392,0.8625,0.059375,0.6508384531984098,0.0,143.95886889460152
136,2364,0.1125,0.0625,0.62643055053608,0.0,143.95886889460152
137,4380,0.6125,0.059375,0.6508384531984098,0.0,143.95886889460152
138,4092,0.375,0.059375,0.6508384531984098,0.0,143.95886889460152
139,6112,0.875,0.0625,0.62643055053608,0.0,143.95886889460152
140,6116,0.875,0.059375,0.6508384531984098,0.0,143.95886889460152
141,3080,0.125,0.059375,0.6508384531984098,0.0,143.95886889460152
142,5396,0.8625,0.059375,0.62643055053608,0.9655172413793103,143.57142857142856
143,3077,0.125,0.059375,0.62643055053608,0.3448275862068966,143.33333333333331
144,4384,0.6125,0.059375,0.62643055053608,0.6896551724137931,142.99999999999997
145,4092,0.375,0.059375,0.6508384531984098,0.6206896551724137,142.49999999999997
146,2360,0.1125,0.059375,0.62643055053608,0.6896551724137931,142.35714285714283
147,5396,0.8625,0.059375,0.62643055053608,0.6896551724137931,141.28571428571428
148,3372,0.3625,0.059375,0.62643055053608,0.3448275862068966,140.83333333333331
149,6116,0.875,0.059375,0.6508384531984098,0.6206896551724137,140.83333333333331
150,3080,0.125,0.059375,0.6508384531984098,0.6206896551724137,140.83333333333331
151,2364,0.1125,0.0625,0.62643055053608,0.6206896551724137,139.99999999999997
152,2360,0.1125,0.059375,0.62643055053608,0.3448275862068966,139.16666666666666
153,4384,0.6125,0.059375,0.62643055053608,0.3448275862068966,139.16666666666666
154,3368,0.3625,0.059375,0.6508384531984098,0.6206896551724137,139.16666666666666
155,3373,0.3625,0.0625,0.7059462715335502,0.27586206896551724,138.99999999999997
156,6112,0.875,0.0625,0.62643055053608,1.0,137.89999999999998
157,5101,0.625,0.059375,0.62643055053608,0.8275862068965517,137.49999999999997
158,3376,0.3625,0.0625,0.62643055053608,0.6206896551724137,137.49999999999997
159,5099,0.625,0.0625,0.7059462715335502,0.27586206896551724,136.99999999999997
160,4385,0.6125,0.0625,0.7059462715335502,0.27586206896551724,136.99999999999997
161,4087,0.375,0.0625,0.7059462715335502,0.27586206896551724,136.99999999999997
162,5396,0.8625,0.059375,0.62643055053608,0.3448275862068966,136.66666666666666
163,4380,0.6125,0.059375,0.6508384531984098,0.6206896551724137,136.66666666666666
164,5396,0.8625,0.059375,0.62643055053608,0.48275862068965514,136.42857142857142
165,4380,0.6125,0.059375,0.6508384531984098,0.13793103448275862,136.36363636363635
166,4088,0.375,0.0625,0.62643055053608,0.13793103448275862,136.36363636363635
167,3368,0.3625,0.059375,0.6508384531984098,0.13793103448275862,136.36363636363635
168,3076,0.125,0.0625,0.62643055053608,0.13793103448275862,136.36363636363635
169,3075,0.125,0.0625,0.7059462715335502,0.27586206896551724,135.99999999999997
170,5392,0.8625,0.059375,0.6508384531984098,0.6206896551724137,135.83333333333331
171,2356,0.1125,0.059375,0.6508384531984098,0.6206896551724137,135.83333333333331
172,5100,0.625,0.0625,0.62643055053608,0.6206896551724137,134.99999999999997
173,2361,0.1125,0.0625,0.7059462715335502,0.27586206896551724,134.99999999999997
174,4089,0.375,0.059375,0.62643055053608,0.8275862068965517,133.74999999999997
175,2356,0.1125,0.059375,0.6508384531984098,0.0,133.6760925449871
176,5104,0.625,0.059375,0.6508384531984098,0.0,133.6760925449871
177,5100,0.625,0.0625,0.62643055053608,0.0,133.6760925449871
178,4388,0.6125,0.0625,0.62643055053608,0.0,133.6760925449871
179,4088,0.375,0.0625,0.62643055053608,0.0,133.6760925449871
180,3376,0.3625,0.0625,0.62643055053608,0.0,133.6760925449871
181,3368,0.3625,0.059375,0.6508384531984098,0.0,133.6760925449871
182,3076,0.125,0.0625,0.62643055053608,0.0,133.6760925449871
183,5400,0.8625,0.0625,0.62643055053608,0.6206896551724137,133.33333333333331
184,3076,0.125,0.0625,0.62643055053608,0.6206896551724137,133.33333333333331
185,4088,0.375,0.0625,0.62643055053608,0.6206896551724137,132.49999999999997
186,3077,0.125,0.059375,0.62643055053608,0.8275862068965517,131.43749999999997
187,5944,0.875,0.3125,0.62643055053608,0.27586206896551724,129.99999999999997
188,3372,0.3625,0.059375,0.62643055053608,0.8275862068965517,128.74999999999997
189,6113,0.875,0.059375,0.62643055053608,0.8275862068965517,128.74999999999997
190,4388,0.6125,0.0625,0.62643055053608,0.48275862068965514,128.57142857142856
191,5568,0.8625,0.3125,0.62643055053608,0.27586206896551724,127.99999999999997
192,4932,0.625,0.3125,0.62643055053608,0.27586206896551724,127.99999999999997
193,6109,0.875,0.0625,0.65293579086857,0.27586206896551724,127.99999999999997
194,5397,0.8625,0.0625,0.7059462715335502,0.13793103448275862,127.27272727272725
195,2360,0.1125,0.059375,0.62643055053608,0.8275862068965517,126.87499999999999
196,4384,0.6125,0.059375,0.62643055053608,0.8275862068965517,126.87499999999999
197,5399,0.8625,0.0625,0.65293579086857,0.27586206896551724,125.99999999999997
198,3920,0.375,0.3125,0.62643055053608,0.27586206896551724,125.99999999999997
199,6112,0.875,0.0625,0.62643055053608,0.6206896551724137,125.83333333333331
200,5568,0.8625,0.3125,0.62643055053608,1.0,125.79999999999998
201,4388,0.6125,0.0625,0.62643055053608,0.9655172413793103,125.57142857142856
202,5100,0.625,0.0625,0.62643055053608,1.0,125.47999999999998
203,2363,0.1125,0.0625,0.65293579086857,0.27586206896551724,124.99999999999997
204,4556,0.6125,0.3125,0.62643055053608,0.27586206896551724,124.99999999999997
205,5944,0.875,0.3125,0.62643055053608,1.0,124.39999999999998
206,4385,0.6125,0.0625,0.7059462715335502,1.0,124.09999999999998
207,5104,0.625,0.059375,0.6508384531984098,0.9655172413793103,123.99999999999999
208,5104,0.625,0.059375,0.6508384531984098,0.48275862068965514,123.57142857142856
209,4387,0.6125,0.0625,0.65293579086857,0.27586206896551724,122.99999999999997
210,2908,0.125,0.3125,0.62643055053608,0.27586206896551724,122.99999999999997
211,5396,0.8625,0.059375,0.62643055053608,0.8275862068965517,122.49999999999999
212,4388,0.6125,0.0625,0.62643055053608,0.6896551724137931,122.2142857142857
213,3544,0.3625,0.3125,0.62643055053608,0.27586206896551724,121.99999999999997
214,21288,0.625,0.23378125,0.9672328635104203,1.0,121.49999999999997
215,4092,0.375,0.059375,0.6508384531984098,0.48275862068965514,121.42857142857142
216,5104,0.625,0.059375,0.6508384531984098,0.6896551724137931,121.28571428571426
217,5397,0.8625,0.0625,0.7059462715335502,1.0,121.19999999999997
218,4092,0.375,0.059375,0.6508384531984098,0.9655172413793103,120.99999999999999
219,5097,0.625,0.0625,0.65293579086857,0.27586206896551724,120.99999999999997
220,6116,0.875,0.059375,0.6508384531984098,0.9655172413793103,120.28571428571426
221,3373,0.3625,0.0625,0.7059462715335502,1.0,120.19999999999997
222,4388,0.6125,0.0625,0.62643055053608,0.3448275862068966,119.99999999999999
223,2532,0.1125,0.3125,0.62643055053608,0.27586206896551724,118.99999999999997
224,3375,0.3625,0.0625,0.65293579086857,0.27586206896551724,118.99999999999997
225,2364,0.1125,0.0625,0.62643055053608,0.48275862068965514,118.57142857142856
226,3368,0.3625,0.059375,0.6508384531984098,0.9655172413793103,118.57142857142856
227,3080,0.125,0.059375,0.6508384531984098,0.48275862068965514,118.57142857142856
228,4092,0.375,0.059375,0.6508384531984098,0.6896551724137931,118.42857142857142
229,5104,0.625,0.059375,0.6508384531984098,0.3448275862068966,118.33333333333331
230,6111,0.875,0.0625,0.7059462715335502,0.13793103448275862,118.18181818181816
231,23901,0.8625,0.2024875,0.9975906517287073,0.27586206896551724,117.99999999999997
232,3073,0.125,0.0625,0.65293579086857,0.27586206896551724,117.99999999999997
233,6116,0.875,0.059375,0.6508384531984098,0.6896551724137931,117.92857142857142
234,3376,0.3625,0.0625,0.62643055053608,0.48275862068965514,117.85714285714285
235,3368,0.3625,0.059375,0.6508384531984098,0.48275862068965514,117.85714285714285
236,4125,0.375,0.197040625,0.9989157932779182,1.0,117.79999999999998
237,2364,0.1125,0.0625,0.62643055053608,0.9655172413793103,117.28571428571426
238,4556,0.6125,0.3125,0.62643055053608,1.0,117.09999999999998
239,4087,0.375,0.0625,0.7059462715335502,1.0,116.99999999999999
240,4085,0.375,0.0625,0.65293579086857,0.27586206896551724,116.99999999999999
241,3080,0.125,0.059375,0.6508384531984098,0.9655172413793103,116.92857142857142
242,3368,0.3625,0.059375,0.6508384531984098,0.6896551724137931,116.49999999999999
243,6116,0.875,0.059375,0.6508384531984098,0.48275862068965514,116.42857142857142
244,3376,0.3625,0.0625,0.62643055053608,0.9655172413793103,116.28571428571428
245,4380,0.6125,0.059375,0.6508384531984098,0.9655172413793103,115.92857142857142
246,4092,0.375,0.059375,0.6508384531984098,0.3448275862068966,115.83333333333331
247,5100,0.625,0.0625,0.62643055053608,0.48275862068965514,115.7142857142857
248,4932,0.625,0.3125,0.62643055053608,1.0,115.49999999999999
249,3920,0.375,0.3125,0.62643055053608,1.0,115.49999999999999
250,5392,0.8625,0.059375,0.6508384531984098,0.9655172413793103,115.14285714285712
251,2356,0.1125,0.059375,0.6508384531984098,0.9655172413793103,115.14285714285712
252,4380,0.6125,0.059375,0.6508384531984098,0.48275862068965514,114.99999999999999
253,6116,0.875,0.059375,0.6508384531984098,0.3448275862068966,114.99999999999999
254,5099,0.625,0.0625,0.7059462715335502,1.0,114.79999999999998
255,3544,0.3625,0.3125,0.62643055053608,1.0,114.69999999999997
256,5400,0.8625,0.0625,0.62643055053608,0.9655172413793103,114.64285714285712
257,3080,0.125,0.059375,0.6508384531984098,0.6896551724137931,114.35714285714285
258,2356,0.1125,0.059375,0.6508384531984098,0.48275862068965514,114.28571428571428
259,2364,0.1125,0.0625,0.62643055053608,0.6896551724137931,114.2142857142857
260,3368,0.3625,0.059375,0.6508384531984098,0.3448275862068966,114.16666666666664
261,3080,0.125,0.059375,0.6508384531984098,0.3448275862068966,114.16666666666664
262,5100,0.625,0.0625,0.62643055053608,0.9655172413793103,113.99999999999999
263,4380,0.6125,0.059375,0.6508384531984098,0.6896551724137931,113.99999999999999
264,3076,0.125,0.0625,0.62643055053608,0.48275862068965514,113.57142857142856
265,3075,0.125,0.0625,0.7059462715335502,1.0,113.49999999999999
266,4387,0.6125,0.0625,0.65293579086857,1.0,113.40999999999998
267,5392,0.8625,0.059375,0.6508384531984098,0.6896551724137931,113.35714285714285
268,3376,0.3625,0.0625,0.62643055053608,0.6896551724137931,113.2142857142857
269,2908,0.125,0.3125,0.62643055053608,1.0,113.19999999999997
270,2356,0.1125,0.059375,0.6508384531984098,0.6896551724137931,113.14285714285712
271,5352,0.8625,0.2336875,0.9796651005902903,0.27586206896551724,112.99999999999999
272,4088,0.375,0.0625,0.62643055053608,0.48275862068965514,112.85714285714285
273,3076,0.125,0.0625,0.62643055053608,0.9655172413793103,112.64285714285712
274,2532,0.1125,0.3125,0.62643055053608,1.0,112.49999999999999
275,5400,0.8625,0.0625,0.62643055053608,0.6896551724137931,111.92857142857142
276,4088,0.375,0.0625,0.62643055053608,0.9655172413793103,111.85714285714285
277,2364,0.1125,0.0625,0.62643055053608,0.3448275862068966,111.66666666666664
278,5100,0.625,0.0625,0.62643055053608,0.6896551724137931,111.64285714285712
279,5392,0.8625,0.059375,0.6508384531984098,0.48275862068965514,111.42857142857142
280,4388,0.6125,0.0625,0.62643055053608,0.8275862068965517,111.24999999999999
281,5392,0.8625,0.059375,0.6508384531984098,0.3448275862068966,110.83333333333331
282,2356,0.1125,0.059375,0.6508384531984098,0.3448275862068966,110.83333333333331
283,4380,0.6125,0.059375,0.6508384531984098,0.3448275862068966,110.83333333333331
284,23190,0.6125,0.1806125,0.9997470184315143,1.0,110.49999999999999
285,3076,0.125,0.0625,0.62643055053608,0.6896551724137931,110.14285714285712
286,5397,0.8625,0.0625,0.7059462715335502,0.0,110.02570694087402
287,3376,0.3625,0.0625,0.62643055053608,0.3448275862068966,109.99999999999999
288,22590,0.8625,0.21195312500000002,0.9818817009998795,0.27586206896551724,109.99999999999999
289,4088,0.375,0.0625,0.62643055053608,0.6896551724137931,109.49999999999999
290,5568,0.8625,0.3125,0.62643055053608,0.13793103448275862,109.09090909090908
291,5099,0.625,0.0625,0.7059462715335502,0.13793103448275862,109.09090909090908
292,4932,0.625,0.3125,0.62643055053608,0.13793103448275862,109.09090909090908
293,4385,0.6125,0.0625,0.7059462715335502,0.13793103448275862,109.09090909090908
294,4087,0.375,0.0625,0.7059462715335502,0.13793103448275862,109.09090909090908
295,6111,0.875,0.0625,0.7059462715335502,0.0,108.99742930591258
296,6111,0.875,0.0625,0.7059462715335502,1.0,108.86999999999998
297,5100,0.625,0.0625,0.62643055053608,0.3448275862068966,108.33333333333331
298,4385,0.6125,0.0625,0.7059462715335502,0.6206896551724137,108.33333333333331
299,2361,0.1125,0.0625,0.7059462715335502,1.0,108.20999999999998
300,5104,0.625,0.059375,0.6508384531984098,0.8275862068965517,108.06249999999999
301,5400,0.8625,0.0625,0.62643055053608,0.3448275862068966,107.49999999999999
302,5941,0.875,0.3125,0.6508384531984098,0.27586206896551724,106.99999999999999
303,6112,0.875,0.0625,0.62643055053608,0.9655172413793103,106.92857142857142
304,2363,0.1125,0.0625,0.65293579086857,1.0,106.79999999999998
305,4088,0.375,0.0625,0.62643055053608,0.3448275862068966,106.66666666666666
306,3076,0.125,0.0625,0.62643055053608,0.3448275862068966,106.66666666666666
307,5400,0.8625,0.0625,0.62643055053608,0.48275862068965514,106.42857142857142
308,5567,0.8625,0.3125,0.6508384531984098,0.27586206896551724,105.99999999999999
309,4929,0.625,0.3125,0.6508384531984098,0.27586206896551724,105.99999999999999
310,4092,0.375,0.059375,0.6508384531984098,0.8275862068965517,105.56249999999999
311,6112,0.875,0.0625,0.62643055053608,0.6896551724137931,105.07142857142856
312,5568,0.8625,0.3125,0.62643055053608,0.6206896551724137,104.99999999999999
313,5397,0.8625,0.0625,0.7059462715335502,0.6206896551724137,104.99999999999999
314,3373,0.3625,0.0625,0.7059462715335502,0.6206896551724137,104.99999999999999
315,4555,0.6125,0.3125,0.6508384531984098,0.27586206896551724,103.99999999999999
316,3917,0.375,0.3125,0.6508384531984098,0.27586206896551724,103.99999999999999
317,21288,0.625,0.23378125,0.9672328635104203,0.6206896551724137,103.91666666666666
318,2364,0.1125,0.0625,0.62643055053608,0.8275862068965517,103.31249999999999
319,6116,0.875,0.059375,0.6508384531984098,0.8275862068965517,103.31249999999999
320,3080,0.125,0.059375,0.6508384531984098,0.8275862068965517,103.31249999999999
321,3368,0.3625,0.059375,0.6508384531984098,0.8275862068965517,103.12499999999999
322,5399,0.8625,0.0625,0.65293579086857,1.0,102.99999999999999
323,7808,0.3625,0.45253125,0.922840621611854,0.0,102.8579948586118
324,3376,0.3625,0.0625,0.62643055053608,0.8275862068965517,101.99999999999999
325,5357,0.8625,0.197040625,0.9989157932779182,0.27586206896551724,101.99999999999999
326,3543,0.3625,0.3125,0.6508384531984098,0.27586206896551724,101.99999999999999
327,2905,0.125,0.3125,0.6508384531984098,0.27586206896551724,101.99999999999999
328,5396,0.8625,0.059375,0.62643055053608,1.0,101.88999999999999
329,3373,0.3625,0.0625,0.7059462715335502,0.0,101.7994858611825
330,5944,0.875,0.3125,0.62643055053608,0.6206896551724137,101.66666666666666
331,4087,0.375,0.0625,0.7059462715335502,0.6206896551724137,101.66666666666666
332,4380,0.6125,0.059375,0.6508384531984098,0.8275862068965517,101.24999999999999
333,5941,0.875,0.3125,0.6508384531984098,1.0,100.99999999999999
334,5567,0.8625,0.3125,0.6508384531984098,1.0,100.89999999999998
335,2361,0.1125,0.0625,0.7059462715335502,0.6206896551724137,100.83333333333331
336,3075,0.125,0.0625,0.7059462715335502,0.6206896551724137,100.83333333333331
337,5099,0.625,0.0625,0.7059462715335502,0.0,100.77120822622106
338,4385,0.6125,0.0625,0.7059462715335502,0.0,100.77120822622106
339,4087,0.375,0.0625,0.7059462715335502,0.0,100.77120822622106
340,2356,0.1125,0.059375,0.6508384531984098,0.8275862068965517,100.62499999999999
341,5100,0.625,0.0625,0.62643055053608,0.8275862068965517,100.62499999999999
342,3073,0.125,0.0625,0.65293579086857,1.0,100.49999999999999
343,23882,0.648725,0.20093125,0.9859414528370076,1.0,100.09999999999998
344,6112,0.875,0.0625,0.62643055053608,0.3448275862068966,99.99999999999999
345,5399,0.8625,0.0625,0.65293579086857,0.13793103448275862,99.99999999999999
346,5944,0.875,0.3125,0.62643055053608,0.13793103448275862,99.99999999999999
347,2361,0.1125,0.0625,0.7059462715335502,0.13793103448275862,99.99999999999999
348,4556,0.6125,0.3125,0.62643055053608,0.13793103448275862,99.99999999999999
349,4387,0.6125,0.0625,0.65293579086857,0.13793103448275862,99.99999999999999
350,3920,0.375,0.3125,0.62643055053608,0.13793103448275862,99.99999999999999
351,3544,0.3625,0.3125,0.62643055053608,0.13793103448275862,99.99999999999999
352,6109,0.875,0.0625,0.65293579086857,0.13793103448275862,99.99999999999999
353,3373,0.3625,0.0625,0.7059462715335502,0.13793103448275862,99.99999999999999
354,3075,0.125,0.0625,0.7059462715335502,0.13793103448275862,99.99999999999999
355,2908,0.125,0.3125,0.62643055053608,0.13793103448275862,99.99999999999999
356,21307,0.8625,0.233828125,0.9795446331767256,0.27586206896551724,99.99999999999999
357,3075,0.125,0.0625,0.7059462715335502,0.0,99.74293059125962
358,5392,0.8625,0.059375,0.6508384531984098,0.8275862068965517,99.43749999999999
359,5099,0.625,0.0625,0.7059462715335502,0.6206896551724137,99.16666666666666
360,2531,0.1125,0.3125,0.6508384531984098,0.27586206896551724,98.99999999999999
361,4085,0.375,0.0625,0.65293579086857,1.0,98.72999999999998
362,2361,0.1125,0.0625,0.7059462715335502,0.0,98.71465295629818
363,6112,0.875,0.0625,0.62643055053608,0.48275862068965514,98.57142857142856
364,22584,0.625,0.21190625000000002,0.9819057944825923,1.0,98.19999999999999
365,4088,0.375,0.0625,0.62643055053608,0.8275862068965517,98.12499999999999
366,3076,0.125,0.0625,0.62643055053608,0.8275862068965517,98.12499999999999
367,5568,0.8625,0.3125,0.62643055053608,0.3448275862068966,97.49999999999999
368,5218,0.625,0.215625,0.958089386820865,0.27586206896551724,97.09999999999998
369,4387,0.6125,0.0625,0.65293579086857,0.6206896551724137,96.66666666666666
370,6111,0.875,0.0625,0.7059462715335502,0.6206896551724137,96.66666666666666
371,4555,0.6125,0.3125,0.6508384531984098,1.0,96.39999999999998
372,23901,0.8625,0.2024875,0.9975906517287073,0.13793103448275862,96.36363636363635
373,5400,0.8625,0.0625,0.62643055053608,0.8275862068965517,96.24999999999999
374,4556,0.6125,0.3125,0.62643055053608,0.6206896551724137,95.83333333333331
375,21288,0.625,0.23378125,0.9672328635104203,0.3448275862068966,95.74999999999999
376,5568,0.8625,0.3125,0.62643055053608,0.0,95.62982005141386
377,6109,0.875,0.0625,0.65293579086857,0.0,95.62982005141386
378,6109,0.875,0.0625,0.65293579086857,1.0,95.29999999999998
379,4929,0.625,0.3125,0.6508384531984098,1.0,95.19999999999999
380,3917,0.375,0.3125,0.6508384531984098,1.0,95.09999999999998
381,3920,0.375,0.3125,0.62643055053608,0.6206896551724137,94.99999999999999
382,5944,0.875,0.3125,0.62643055053608,0.0,94.60154241645242
383,23901,0.8625,0.2024875,0.9975906517287073,0.0,94.60154241645242
384,5357,0.8625,0.197040625,0.9989157932779182,0.13793103448275862,94.54545454545453
385,5352,0.8625,0.2336875,0.9796651005902903,0.13793103448275862,94.54545454545453
386,3543,0.3625,0.3125,0.6508384531984098,1.0,94.49999999999999
387,4385,0.6125,0.0625,0.7059462715335502,0.48275862068965514,94.28571428571428
388,5944,0.875,0.3125,0.62643055053608,0.3448275862068966,94.16666666666666
389,4932,0.625,0.3125,0.62643055053608,0.6206896551724137,94.16666666666666
390,15228,0.8625,0.036951875,0.7741838332730996,1.0,93.99999999999999
391,23876,0.8625,0.2024875,0.9855077701481749,0.27586206896551724,93.99999999999999
392,5132,0.625,0.2336875,0.9796651005902903,0.27586206896551724,93.99999999999999
393,2383,0.1125,0.09375,0.62643055053608,0.27586206896551724,93.99999999999999
394,6095,0.875,0.09375,0.62643055053608,0.27586206896551724,93.99999999999999
395,22590,0.8625,0.21195312500000002,0.9818817009998795,0.13793103448275862,93.63636363636363
396,3544,0.3625,0.3125,0.62643055053608,0.6206896551724137,93.33333333333331
397,2908,0.125,0.3125,0.62643055053608,0.6206896551724137,93.33333333333331
398,5568,0.8625,0.3125,0.62643055053608,0.48275862068965514,92.85714285714285
399,23190,0.6125,0.1806125,0.9997470184315143,0.6206896551724137,92.74999999999999
400,5568,0.8625,0.3125,0.62643055053608,0.6896551724137931,92.64285714285712
401,5352,0.8625,0.2336875,0.9796651005902903,0.0,92.54498714652955
402,21288,0.625,0.23378125,0.9672328635104203,0.48275862068965514,92.42857142857142
403,2905,0.125,0.3125,0.6508384531984098,1.0,92.39999999999998
404,22534,0.6125,0.22436249999999996,0.9868931454041681,1.0,92.19999999999999
405,2531,0.1125,0.3125,0.6508384531984098,1.0,92.09999999999998
406,2532,0.1125,0.3125,0.62643055053608,0.6206896551724137,91.66666666666666
407,22531,0.6125,0.21195312500000002,0.9940127695458378,1.0,91.59999999999998
408,5399,0.8625,0.0625,0.65293579086857,0.0,91.51670951156811
409,4932,0.625,0.3125,0.62643055053608,0.0,91.51670951156811
410,4556,0.6125,0.3125,0.62643055053608,0.0,91.51670951156811
411,22590,0.8625,0.21195312500000002,0.9818817009998795,0.0,91.51670951156811
412,4385,0.6125,0.0625,0.7059462715335502,0.9655172413793103,91.49999999999999
413,2363,0.1125,0.0625,0.65293579086857,0.6206896551724137,91.24999999999999
414,4125,0.375,0.197040625,0.9989157932779182,0.6206896551724137,91.24999999999999
415,23803,0.588825,0.20093437500000003,0.9859414528370076,1.0,91.09999999999998
416,5941,0.875,0.3125,0.6508384531984098,0.13793103448275862,90.90909090909089
417,2363,0.1125,0.0625,0.65293579086857,0.13793103448275862,90.90909090909089
418,5097,0.625,0.0625,0.65293579086857,0.13793103448275862,90.90909090909089
419,4929,0.625,0.3125,0.6508384531984098,0.13793103448275862,90.90909090909089
420,2532,0.1125,0.3125,0.62643055053608,0.13793103448275862,90.90909090909089
421,4085,0.375,0.0625,0.65293579086857,0.13793103448275862,90.90909090909089
422,3375,0.3625,0.0625,0.65293579086857,0.13793103448275862,90.90909090909089
423,3073,0.125,0.0625,0.65293579086857,0.13793103448275862,90.90909090909089
424,2363,0.1125,0.0625,0.65293579086857,0.0,90.48843187660667
425,5097,0.625,0.0625,0.65293579086857,0.0,90.48843187660667
426,3920,0.375,0.3125,0.62643055053608,0.0,90.48843187660667
427,3544,0.3625,0.3125,0.62643055053608,0.0,90.48843187660667
428,22601,0.6547,0.210728125,0.9824478978436332,1.0,90.39999999999998
429,21235,0.6125,0.233828125,0.9795446331767256,1.0,90.09999999999998
430,5944,0.875,0.3125,0.62643055053608,0.48275862068965514,89.99999999999999
431,3373,0.3625,0.0625,0.7059462715335502,0.48275862068965514,89.99999999999999
432,5419,0.8625,0.09375,0.62643055053608,0.27586206896551724,89.99999999999999
433,5083,0.625,0.09375,0.62643055053608,0.27586206896551724,89.99999999999999
434,4407,0.6125,0.09375,0.62643055053608,0.27586206896551724,89.99999999999999
435,3395,0.3625,0.09375,0.62643055053608,0.27586206896551724,89.99999999999999
436,6112,0.875,0.0625,0.62643055053608,0.8275862068965517,89.93749999999999
437,5397,0.8625,0.0625,0.7059462715335502,0.9655172413793103,89.71428571428571
438,5568,0.8625,0.3125,0.62643055053608,0.9655172413793103,89.49999999999999
439,4387,0.6125,0.0625,0.65293579086857,0.0,89.46015424164523
440,2908,0.125,0.3125,0.62643055053608,0.0,89.46015424164523
441,4385,0.6125,0.0625,0.7059462715335502,0.6896551724137931,89.42857142857142
442,4210,0.375,0.196271875,0.9870015660763762,1.0,89.39999999999998
443,23804,0.6125,0.2024875,0.9855077701481749,1.0,89.19999999999999
444,4556,0.6125,0.3125,0.62643055053608,0.3448275862068966,89.16666666666666
445,5401,0.8625,0.0625,0.7324515118660402,0.27586206896551724,88.99999999999999
446,22606,0.8625,0.22436249999999996,0.9868931454041681,0.27586206896551724,88.99999999999999
447,22584,0.625,0.21190625000000002,0.9819057944825923,0.27586206896551724,88.99999999999999
448,3373,0.3625,0.0625,0.7059462715335502,0.9655172413793103,88.78571428571428
449,22590,0.8625,0.21195312500000002,0.9818817009998795,1.0,88.69999999999999
450,21288,0.625,0.23378125,0.9672328635104203,0.6896551724137931,88.42857142857142
451,3920,0.375,0.3125,0.62643055053608,0.3448275862068966,88.33333333333331
452,3375,0.3625,0.0625,0.65293579086857,0.6206896551724137,88.16666666666666
453,5397,0.8625,0.0625,0.7059462715335502,0.6896551724137931,87.99999999999999
454,22603,0.8625,0.21195312500000002,0.9940127695458378,0.27586206896551724,87.99999999999999
455,21288,0.625,0.23378125,0.9672328635104203,0.9655172413793103,87.78571428571428
456,5097,0.625,0.0625,0.65293579086857,0.6206896551724137,87.49999999999999
457,4932,0.625,0.3125,0.62643055053608,0.3448275862068966,87.49999999999999
458,4385,0.6125,0.0625,0.7059462715335502,0.3448275862068966,87.49999999999999
459,3544,0.3625,0.3125,0.62643055053608,0.3448275862068966,87.49999999999999
460,2532,0.1125,0.3125,0.62643055053608,0.0,87.40359897172235
461,21307,0.8625,0.233828125,0.9795446331767256,0.0,87.40359897172235
462,3073,0.125,0.0625,0.65293579086857,0.0,87.40359897172235
463,5356,0.8625,0.20443125,0.9969883146608842,0.27586206896551724,86.99999999999999
464,23881,0.625,0.2024875,0.9855077701481749,1.0,86.99999999999999
465,4284,0.6125,0.21875,0.978279725334297,0.27586206896551724,86.99999999999999
466,4071,0.375,0.09375,0.62643055053608,0.27586206896551724,86.99999999999999
467,6104,0.875,0.0625,0.7324515118660402,0.27586206896551724,86.99999999999999
468,3059,0.125,0.09375,0.62643055053608,0.27586206896551724,86.99999999999999
469,3373,0.3625,0.0625,0.7059462715335502,0.6896551724137931,86.85714285714285
470,2532,0.1125,0.3125,0.62643055053608,0.3448275862068966,86.66666666666666
471,2908,0.125,0.3125,0.62643055053608,0.3448275862068966,86.66666666666666
472,4087,0.375,0.0625,0.7059462715335502,0.48275862068965514,86.42857142857142
473,4085,0.375,0.0625,0.65293579086857,0.0,86.3753213367609
474,3375,0.3625,0.0625,0.65293579086857,0.0,86.3753213367609
475,23876,0.8625,0.2024875,0.9855077701481749,0.13793103448275862,86.36363636363635
476,4087,0.375,0.0625,0.7059462715335502,0.9655172413793103,86.07142857142856
477,6017,0.875,0.20159374999999996,0.8773762197325623,0.27586206896551724,85.99999999999999
478,21294,0.8625,0.233828125,0.9671967232863511,0.27586206896551724,85.99999999999999
479,22531,0.6125,0.21195312500000002,0.9940127695458378,0.27586206896551724,85.99999999999999
480,5397,0.8625,0.0625,0.7059462715335502,0.3448275862068966,85.83333333333331
481,3073,0.125,0.0625,0.65293579086857,0.6206896551724137,85.83333333333331
482,5657,0.8625,0.042315000000000005,0.7767256956993133,1.0,85.79999999999998
483,2361,0.1125,0.0625,0.7059462715335502,0.48275862068965514,85.71428571428571
484,4125,0.375,0.197040625,0.9989157932779182,0.6896551724137931,85.42857142857142
485,4125,0.375,0.197040625,0.9989157932779182,0.9655172413793103,85.35714285714285
486,3075,0.125,0.0625,0.7059462715335502,0.9655172413793103,85.21428571428571
487,2361,0.1125,0.0625,0.7059462715335502,0.9655172413793103,85.14285714285714
488,3075,0.125,0.0625,0.7059462715335502,0.48275862068965514,84.99999999999999
489,5567,0.8625,0.3125,0.6508384531984098,0.6206896551724137,84.99999999999999
490,5399,0.8625,0.0625,0.65293579086857,0.6206896551724137,84.99999999999999
491,4085,0.375,0.0625,0.65293579086857,0.6206896551724137,84.99999999999999
492,3373,0.3625,0.0625,0.7059462715335502,0.3448275862068966,84.99999999999999
493,4087,0.375,0.0625,0.7059462715335502,0.6896551724137931,84.35714285714285
494,23876,0.8625,0.2024875,0.9855077701481749,0.0,84.31876606683804
495,5397,0.8625,0.0625,0.7059462715335502,0.48275862068965514,84.28571428571428
496,4387,0.6125,0.0625,0.65293579086857,0.48275862068965514,84.28571428571428
497,5099,0.625,0.0625,0.7059462715335502,0.9655172413793103,84.21428571428571
498,4389,0.6125,0.0625,0.7324515118660402,0.27586206896551724,83.99999999999999
499,3377,0.3625,0.0625,0.7324515118660402,0.27586206896551724,83.99999999999999
500,23882,0.648725,0.20093125,0.9859414528370076,0.6206896551724137,83.74999999999999
501,5218,0.625,0.215625,0.958089386820865,0.13793103448275862,83.63636363636363
502,5099,0.625,0.0625,0.7059462715335502,0.48275862068965514,83.57142857142856
503,4556,0.6125,0.3125,0.62643055053608,0.48275862068965514,83.57142857142856
504,3075,0.125,0.0625,0.7059462715335502,0.6896551724137931,83.42857142857142
505,2361,0.1125,0.0625,0.7059462715335502,0.6896551724137931,83.28571428571428
506,3920,0.375,0.3125,0.62643055053608,0.6896551724137931,82.99999999999999
507,5562,0.8625,0.309375,0.7059462715335502,0.27586206896551724,82.99999999999999
508,4080,0.375,0.0625,0.7324515118660402,0.27586206896551724,82.99999999999999
509,2908,0.125,0.3125,0.62643055053608,0.6896551724137931,82.92857142857142
510,4932,0.625,0.3125,0.62643055053608,0.6896551724137931,82.85714285714285
511,5099,0.625,0.0625,0.7059462715335502,0.6896551724137931,82.49999999999999
512,6111,0.875,0.0625,0.7059462715335502,0.9655172413793103,82.49999999999999
513,5941,0.875,0.3125,0.6508384531984098,0.6206896551724137,82.49999999999999
514,4087,0.375,0.0625,0.7059462715335502,0.3448275862068966,82.49999999999999
515,23190,0.6125,0.1806125,0.9997470184315143,0.3448275862068966,82.41666666666666
516,22600,0.684375,0.212678125,0.9815443922418986,1.0,82.29999999999998
517,22577,0.6487125,0.22280625,0.9757137694253704,1.0,82.29999999999998
518,22584,0.625,0.21190625000000002,0.9819057944825923,0.6206896551724137,82.24999999999999
519,3920,0.375,0.3125,0.62643055053608,0.48275862068965514,82.14285714285714
520,2383,0.1125,0.09375,0.62643055053608,1.0,82.03999999999999
521,2365,0.1125,0.0625,0.7324515118660402,0.27586206896551724,81.99999999999999
522,5092,0.625,0.0625,0.7324515118660402,0.27586206896551724,81.99999999999999
523,4550,0.6125,0.309375,0.7059462715335502,0.27586206896551724,81.99999999999999
524,6114,0.875,0.059375,0.6996542585230695,0.27586206896551724,81.99999999999999
525,3068,0.125,0.0625,0.7324515118660402,0.27586206896551724,81.99999999999999
526,5567,0.8625,0.3125,0.6508384531984098,0.13793103448275862,81.8181818181818
527,4555,0.6125,0.3125,0.6508384531984098,0.13793103448275862,81.8181818181818
528,2531,0.1125,0.3125,0.6508384531984098,0.13793103448275862,81.8181818181818
529,3917,0.375,0.3125,0.6508384531984098,0.13793103448275862,81.8181818181818
530,3543,0.3625,0.3125,0.6508384531984098,0.13793103448275862,81.8181818181818
531,2905,0.125,0.3125,0.6508384531984098,0.13793103448275862,81.8181818181818
532,4387,0.6125,0.0625,0.65293579086857,0.9655172413793103,81.78571428571428
533,3075,0.125,0.0625,0.7059462715335502,0.3448275862068966,81.66666666666666
534,4932,0.625,0.3125,0.62643055053608,0.48275862068965514,81.42857142857142
535,3544,0.3625,0.3125,0.62643055053608,0.48275862068965514,81.42857142857142
536,2361,0.1125,0.0625,0.7059462715335502,0.3448275862068966,81.41666666666666
537,4125,0.375,0.197040625,0.9989157932779182,0.3448275862068966,81.16666666666666
538,6111,0.875,0.0625,0.7059462715335502,0.6896551724137931,81.07142857142856
539,4934,0.625,0.309375,0.7059462715335502,0.27586206896551724,80.99999999999999
540,3538,0.3625,0.309375,0.7059462715335502,0.27586206896551724,80.99999999999999
541,22602,0.625,0.20878125,0.9832791229972292,1.0,80.99999999999999
542,4385,0.6125,0.0625,0.7059462715335502,0.8275862068965517,80.93749999999999
543,23190,0.6125,0.1806125,0.9997470184315143,0.6896551724137931,80.92857142857142
544,23190,0.6125,0.1806125,0.9997470184315143,0.9655172413793103,80.78571428571428
545,3920,0.375,0.3125,0.62643055053608,0.9655172413793103,80.78571428571428
546,2908,0.125,0.3125,0.62643055053608,0.48275862068965514,80.71428571428571
547,22576,0.625,0.22436249999999996,0.9746536561860017,1.0,80.69999999999999
548,4932,0.625,0.3125,0.62643055053608,0.9655172413793103,80.64285714285714
549,23830,0.6125,0.20561249999999998,0.9965787254547644,1.0,80.59999999999998
550,2908,0.125,0.3125,0.62643055053608,0.9655172413793103,80.49999999999999
551,6109,0.875,0.0625,0.65293579086857,0.6206896551724137,80.33333333333331
552,23190,0.6125,0.1806125,0.9997470184315143,0.48275862068965514,80.21428571428571
553,5568,0.8625,0.3125,0.62643055053608,0.8275862068965517,80.06249999999999
554,5099,0.625,0.0625,0.7059462715335502,0.3448275862068966,79.99999999999999
555,5562,0.8625,0.309375,0.7059462715335502,1.0,79.99999999999999
556,5394,0.8625,0.059375,0.6996542585230695,0.27586206896551724,79.99999999999999
557,5946,0.875,0.309375,0.7059462715335502,0.27586206896551724,79.99999999999999
558,3922,0.375,0.309375,0.7059462715335502,0.27586206896551724,79.99999999999999
559,22583,0.6487499999999999,0.21346249999999997,0.9811588965184916,1.0,79.99999999999999
560,5954,0.875,0.300271875,0.7551740754126008,1.0,79.89999999999999
561,22523,0.5828,0.210728125,0.9824478978436332,1.0,79.89999999999999
562,21294,0.8625,0.233828125,0.9671967232863511,1.0,79.69999999999999
563,4387,0.6125,0.0625,0.65293579086857,0.6896551724137931,79.42857142857142
564,2532,0.1125,0.3125,0.62643055053608,0.48275862068965514,79.28571428571428
565,5567,0.8625,0.3125,0.6508384531984098,0.0,79.17737789203083
566,5567,0.8625,0.3125,0.6508384531984098,0.3448275862068966,79.16666666666666
567,21307,0.8625,0.233828125,0.9795446331767256,0.13793103448275862,79.09090909090908
568,5558,0.8625,0.300271875,0.7551740754126008,0.27586206896551724,78.99999999999999
569,5351,0.8625,0.2408875,0.9729671123960967,0.27586206896551724,78.99999999999999
570,5289,0.8625,0.2384375,0.9629442235875195,0.27586206896551724,78.99999999999999
571,2358,0.1125,0.059375,0.6996542585230695,0.27586206896551724,78.99999999999999
572,5954,0.875,0.300271875,0.7551740754126008,0.27586206896551724,78.99999999999999
573,2526,0.1125,0.309375,0.7059462715335502,0.27586206896551724,78.99999999999999
574,6015,0.875,0.194553125,0.8788820624021202,0.27586206896551724,78.99999999999999
575,21308,0.8625,0.23065625,0.9821949162751474,0.27586206896551724,78.99999999999999
576,6144,0.875,0.2336875,0.9796651005902903,0.27586206896551724,78.99999999999999
577,4407,0.6125,0.09375,0.62643055053608,1.0,78.64999999999999
578,3375,0.3625,0.0625,0.65293579086857,1.0,78.50999999999999
579,4389,0.6125,0.0625,0.7324515118660402,1.0,78.42999999999999
580,22534,0.6125,0.22436249999999996,0.9868931454041681,0.6206896551724137,78.41666666666666
581,5946,0.875,0.309375,0.7059462715335502,1.0,78.39999999999999
582,5558,0.8625,0.300271875,0.7551740754126008,1.0,78.39999999999999
583,4387,0.6125,0.0625,0.65293579086857,0.3448275862068966,78.33333333333331
584,23875,0.8388249999999999,0.20093437500000003,0.9859414528370076,0.27586206896551724,78.29999999999998
585,23889,0.625,0.19003125,0.9878086977472593,1.0,78.19999999999999
586,6144,0.875,0.2336875,0.9796651005902903,0.13793103448275862,78.18181818181817
587,5357,0.8625,0.197040625,0.9989157932779182,0.0,78.14910025706939
588,5941,0.875,0.3125,0.6508384531984098,0.0,78.14910025706939
589,21226,0.6125,0.23065625,0.9698831466088423,1.0,78.09999999999998
590,5419,0.8625,0.09375,0.62643055053608,1.0,78.09999999999998
591,3373,0.3625,0.0625,0.7059462715335502,0.8275862068965517,78.06249999999999
592,23803,0.588825,0.20093437500000003,0.9859414528370076,0.6206896551724137,77.99999999999999
593,6111,0.875,0.0625,0.7059462715335502,0.3448275862068966,77.99999999999999
594,6090,0.875,0.09375,0.655524635586074,0.27586206896551724,77.99999999999999
595,3113,0.125,0.197040625,0.9989157932779182,1.0,77.99999999999999
596,3078,0.125,0.059375,0.6996542585230695,0.27586206896551724,77.99999999999999
597,2363,0.1125,0.0625,0.65293579086857,0.48275862068965514,77.85714285714285
598,5944,0.875,0.3125,0.62643055053608,0.8275862068965517,77.68749999999999
599,23882,0.648725,0.20093125,0.9859414528370076,0.3448275862068966,77.66666666666666
600,6095,0.875,0.09375,0.62643055053608,1.0,77.65999999999998
601,21288,0.625,0.23378125,0.9672328635104203,0.8275862068965517,77.49999999999999
602,4555,0.6125,0.3125,0.6508384531984098,0.6206896551724137,77.49999999999999
603,3543,0.3625,0.3125,0.6508384531984098,0.6206896551724137,77.49999999999999
604,3917,0.375,0.3125,0.6508384531984098,0.6206896551724137,77.49999999999999
605,22603,0.8625,0.21195312500000002,0.9940127695458378,1.0,77.49999999999999
606,4125,0.375,0.197040625,0.9989157932779182,0.8275862068965517,77.24999999999999
607,2382,0.1125,0.09375,0.655524635586074,0.27586206896551724,76.99999999999999
608,23829,0.6125,0.2024875,0.9975906517287073,0.27586206896551724,76.99999999999999
609,2910,0.125,0.309375,0.7059462715335502,0.27586206896551724,76.99999999999999
610,3395,0.3625,0.09375,0.62643055053608,1.0,76.79999999999998
611,4071,0.375,0.09375,0.62643055053608,1.0,76.68999999999998
612,4929,0.625,0.3125,0.6508384531984098,0.6206896551724137,76.66666666666666
613,3059,0.125,0.09375,0.62643055053608,1.0,76.59999999999998
614,23804,0.6125,0.2024875,0.9855077701481749,0.6206896551724137,76.58333333333333
615,2363,0.1125,0.0625,0.65293579086857,0.9655172413793103,76.49999999999999
616,6111,0.875,0.0625,0.7059462715335502,0.48275862068965514,76.42857142857142
617,2532,0.1125,0.3125,0.62643055053608,0.6896551724137931,76.42857142857142
618,5218,0.625,0.215625,0.958089386820865,1.0,76.38999999999999
619,5397,0.8625,0.0625,0.7059462715335502,0.8275862068965517,76.37499999999999
620,23144,0.58285,0.18179375,0.9877966510059029,1.0,76.29999999999998
621,4555,0.6125,0.3125,0.6508384531984098,0.0,76.09254498714651
622,21294,0.8625,0.233828125,0.9671967232863511,0.0,76.09254498714651
623,4929,0.625,0.3125,0.6508384531984098,0.0,76.09254498714651
624,5137,0.625,0.197040625,0.9989157932779182,0.27586206896551724,75.99999999999999
625,4090,0.375,0.059375,0.6996542585230695,0.27586206896551724,75.99999999999999
626,22594,0.8625,0.20878125,0.9832791229972292,0.27586206896551724,75.99999999999999
627,5941,0.875,0.3125,0.6508384531984098,0.3448275862068966,75.83333333333333
628,2905,0.125,0.3125,0.6508384531984098,0.6206896551724137,75.83333333333333
629,3375,0.3625,0.0625,0.65293579086857,0.48275862068965514,75.71428571428571
630,5097,0.625,0.0625,0.65293579086857,0.48275862068965514,75.71428571428571
631,5567,0.8625,0.3125,0.6508384531984098,0.6896551724137931,75.71428571428571
632,22546,0.5888125,0.213503125,0.9932779183230935,1.0,75.49999999999999
633,23817,0.375,0.19003125,0.9878086977472593,1.0,75.49999999999999
634,6017,0.875,0.20159374999999996,0.8773762197325623,0.13793103448275862,75.45454545454544
635,23107,0.3625,0.1806125,0.9997470184315143,1.0,75.39999999999999
636,22584,0.625,0.21190625000000002,0.9819057944825923,0.3448275862068966,75.33333333333333
637,22531,0.6125,0.21195312500000002,0.9940127695458378,0.6206896551724137,75.33333333333333
638,22582,0.672475,0.215021875,0.980363811588965,1.0,75.29999999999998
639,4087,0.375,0.0625,0.7059462715335502,0.8275862068965517,75.24999999999999
640,22601,0.6547,0.210728125,0.9824478978436332,0.6206896551724137,75.24999999999999
641,22590,0.8625,0.21195312500000002,0.9818817009998795,0.6206896551724137,75.08333333333333
642,3543,0.3625,0.3125,0.6508384531984098,0.0,75.06426735218507
643,3917,0.375,0.3125,0.6508384531984098,0.0,75.06426735218507
644,22606,0.8625,0.22436249999999996,0.9868931454041681,0.0,75.06426735218507
645,5567,0.8625,0.3125,0.6508384531984098,0.48275862068965514,74.99999999999999
646,5102,0.625,0.059375,0.6996542585230695,0.27586206896551724,74.99999999999999
647,5363,0.8625,0.15274062500000002,0.9902300927599084,0.27586206896551724,74.99999999999999
648,3370,0.3625,0.059375,0.6996542585230695,0.27586206896551724,74.99999999999999
649,6018,0.875,0.208621875,0.8749909649439825,0.27586206896551724,74.99999999999999
650,5418,0.8625,0.09375,0.655524635586074,0.27586206896551724,74.99999999999999
651,4382,0.6125,0.059375,0.6996542585230695,0.27586206896551724,74.99999999999999
652,4934,0.625,0.309375,0.7059462715335502,1.0,74.89999999999999
653,4550,0.6125,0.309375,0.7059462715335502,1.0,74.89999999999999
654,23190,0.6125,0.1806125,0.9997470184315143,0.8275862068965517,74.74999999999999
655,2361,0.1125,0.0625,0.7059462715335502,0.8275862068965517,74.56249999999999
656,3075,0.125,0.0625,0.7059462715335502,0.8275862068965517,74.56249999999999
657,5132,0.625,0.2336875,0.9796651005902903,0.13793103448275862,74.54545454545453
658,3377,0.3625,0.0625,0.7324515118660402,1.0,74.50999999999999
659,3538,0.3625,0.309375,0.7059462715335502,1.0,74.49999999999999
660,3375,0.3625,0.0625,0.65293579086857,0.9655172413793103,74.42857142857142
661,23881,0.625,0.2024875,0.9855077701481749,0.6206896551724137,74.33333333333333
662,2363,0.1125,0.0625,0.65293579086857,0.6896551724137931,74.28571428571428
663,15228,0.8625,0.036951875,0.7741838332730996,0.6206896551724137,74.24999999999999
664,2531,0.1125,0.3125,0.6508384531984098,0.6206896551724137,74.16666666666666
665,21235,0.6125,0.233828125,0.9795446331767256,0.27586206896551724,73.99999999999999
666,6097,0.875,0.090625,0.7671364895795687,0.27586206896551724,73.99999999999999
667,3922,0.375,0.309375,0.7059462715335502,1.0,73.99999999999999
668,6151,0.875,0.182234375,0.9998795325864354,0.27586206896551724,73.99999999999999
669,5078,0.625,0.09375,0.655524635586074,0.27586206896551724,73.99999999999999
670,5413,0.8625,0.090625,0.62643055053608,0.27586206896551724,73.99999999999999
671,5961,0.875,0.28125,0.62643055053608,0.27586206896551724,73.99999999999999
672,23892,0.8032125000000001,0.201725,0.9857246114925913,0.27586206896551724,73.99999999999999
673,4406,0.6125,0.09375,0.655524635586074,0.27586206896551724,73.99999999999999
674,4481,0.6125,0.20159374999999996,0.8773762197325623,0.27586206896551724,73.99999999999999
675,4541,0.6125,0.28125,0.62643055053608,0.27586206896551724,73.99999999999999
676,5097,0.625,0.0625,0.65293579086857,0.9655172413793103,73.71428571428571
677,3073,0.125,0.0625,0.65293579086857,0.48275862068965514,73.57142857142856
678,5099,0.625,0.0625,0.7059462715335502,0.8275862068965517,73.56249999999999
679,22578,0.6724625,0.22125,0.9767377424406698,1.0,73.49999999999999
680,18702,0.8625,0.277578125,0.9091555234309118,1.0,73.39999999999999
681,5278,0.8625,0.215625,0.958089386820865,0.27586206896551724,73.29999999999998
682,5567,0.8625,0.3125,0.6508384531984098,0.9655172413793103,73.21428571428571
683,4556,0.6125,0.3125,0.62643055053608,0.8275862068965517,73.18749999999999
684,4481,0.6125,0.20159374999999996,0.8773762197325623,1.0,73.11599999999999
685,5399,0.8625,0.0625,0.65293579086857,0.9655172413793103,73.07142857142856
686,2905,0.125,0.3125,0.6508384531984098,0.0,73.0077120822622
687,2531,0.1125,0.3125,0.6508384531984098,0.0,73.0077120822622
688,22603,0.8625,0.21195312500000002,0.9940127695458378,0.0,73.0077120822622
689,21235,0.6125,0.233828125,0.9795446331767256,0.6206896551724137,72.99999999999999
690,5953,0.875,0.295615625,0.7658836284784966,0.27586206896551724,72.99999999999999
691,6149,0.875,0.197040625,0.9989157932779182,0.27586206896551724,72.99999999999999
692,5411,0.8625,0.090625,0.7671364895795687,0.27586206896551724,72.99999999999999
693,5083,0.625,0.09375,0.62643055053608,1.0,72.97999999999999
694,3395,0.3625,0.09375,0.62643055053608,0.13793103448275862,72.72727272727272
695,5351,0.8625,0.2408875,0.9729671123960967,0.13793103448275862,72.72727272727272
696,5401,0.8625,0.0625,0.7324515118660402,0.13793103448275862,72.72727272727272
697,5419,0.8625,0.09375,0.62643055053608,0.13793103448275862,72.72727272727272
698,3059,0.125,0.09375,0.62643055053608,0.13793103448275862,72.72727272727272
699,5218,0.625,0.215625,0.958089386820865,0.0,72.69922879177376
700,2363,0.1125,0.0625,0.65293579086857,0.3448275862068966,72.66666666666666
701,2532,0.1125,0.3125,0.62643055053608,0.9655172413793103,72.57142857142856
702,3920,0.375,0.3125,0.62643055053608,0.8275862068965517,72.49999999999999
703,4932,0.625,0.3125,0.62643055053608,0.8275862068965517,72.49999999999999
704,4555,0.6125,0.3125,0.6508384531984098,0.3448275862068966,72.49999999999999
705,5210,0.625,0.2384375,0.9629442235875195,1.0,72.49999999999999
706,3073,0.125,0.0625,0.65293579086857,0.9655172413793103,72.35714285714285
707,23882,0.648725,0.20093125,0.9859414528370076,0.48275862068965514,72.28571428571428
708,3375,0.3625,0.0625,0.65293579086857,0.6896551724137931,72.21428571428571
709,3544,0.3625,0.3125,0.62643055053608,0.8275862068965517,72.18749999999999
710,4085,0.375,0.0625,0.65293579086857,0.48275862068965514,72.14285714285714
711,5941,0.875,0.3125,0.6508384531984098,0.48275862068965514,72.14285714285714
712,4387,0.6125,0.0625,0.65293579086857,0.8275862068965517,72.12499999999999
713,5097,0.625,0.0625,0.65293579086857,0.6896551724137931,72.07142857142856
714,23882,0.648725,0.20093125,0.9859414528370076,0.6896551724137931,71.99999999999999
715,23756,0.3625,0.2024875,0.9975906517287073,0.27586206896551724,71.99999999999999
716,3394,0.3625,0.09375,0.655524635586074,0.27586206896551724,71.99999999999999
717,4072,0.375,0.090625,0.62643055053608,0.27586206896551724,71.99999999999999
718,5085,0.625,0.090625,0.7671364895795687,0.27586206896551724,71.99999999999999
719,3061,0.125,0.090625,0.7671364895795687,0.27586206896551724,71.99999999999999
720,5557,0.8625,0.295615625,0.7658836284784966,0.27586206896551724,71.99999999999999
721,4879,0.625,0.246875,0.9248042404529574,0.27586206896551724,71.99999999999999
722,4399,0.6125,0.090625,0.7671364895795687,0.27586206896551724,71.99999999999999
723,4546,0.6125,0.300271875,0.7551740754126008,0.27586206896551724,71.99999999999999
724,3376,0.3625,0.0625,0.62643055053608,1.0,71.93999999999998
725,23882,0.648725,0.20093125,0.9859414528370076,0.9655172413793103,71.92857142857142
726,5131,0.625,0.2408875,0.9729671123960967,1.0,71.89999999999999
727,2908,0.125,0.3125,0.62643055053608,0.8275862068965517,71.87499999999999
728,5289,0.8625,0.2384375,0.9629442235875195,0.13793103448275862,71.81818181818181
729,6114,0.875,0.059375,0.6996542585230695,0.13793103448275862,71.81818181818181
730,6151,0.875,0.182234375,0.9998795325864354,0.13793103448275862,71.81818181818181
731,22606,0.8625,0.22436249999999996,0.9868931454041681,0.13793103448275862,71.81818181818181
732,4284,0.6125,0.21875,0.978279725334297,0.13793103448275862,71.81818181818181
733,2526,0.1125,0.309375,0.7059462715335502,1.0,71.79999999999998
734,5961,0.875,0.28125,0.62643055053608,1.0,71.79999999999998
735,2910,0.125,0.309375,0.7059462715335502,1.0,71.69999999999999
736,3543,0.3625,0.3125,0.6508384531984098,0.3448275862068966,71.66666666666666
737,3917,0.375,0.3125,0.6508384531984098,0.3448275862068966,71.66666666666666
738,5553,0.8625,0.28125,0.62643055053608,1.0,71.59999999999998
739,22584,0.625,0.21190625000000002,0.9819057944825923,0.48275862068965514,71.57142857142856
740,23819,0.582875,0.20366875,0.9851343211661244,0.27586206896551724,71.49999999999999
741,23888,0.6487375,0.1915875,0.9876761835923381,1.0,71.39999999999999
742,4085,0.375,0.0625,0.65293579086857,0.9655172413793103,71.35714285714285
743,5399,0.8625,0.0625,0.65293579086857,0.6896551724137931,71.21428571428571
744,23809,0.375,0.2024875,0.9855077701481749,1.0,71.09999999999998
745,22584,0.625,0.21190625000000002,0.9819057944825923,0.6896551724137931,71.07142857142856
746,22601,0.6547,0.210728125,0.9824478978436332,0.3448275862068966,70.99999999999999
747,21216,0.375,0.23378125,0.9672328635104203,1.0,70.99999999999999
748,3937,0.375,0.28125,0.62643055053608,0.27586206896551724,70.99999999999999
749,2375,0.1125,0.090625,0.7671364895795687,0.27586206896551724,70.99999999999999
750,3060,0.125,0.090625,0.62643055053608,0.27586206896551724,70.99999999999999
751,5553,0.8625,0.28125,0.62643055053608,0.27586206896551724,70.99999999999999
752,5132,0.625,0.2336875,0.9796651005902903,0.0,70.95115681233932
753,22584,0.625,0.21190625000000002,0.9819057944825923,0.0,70.95115681233932
754,21307,0.8625,0.233828125,0.9795446331767256,1.0,70.89999999999999
755,22512,0.375,0.21190625000000002,0.9819057944825923,1.0,70.89999999999999
756,23875,0.8388249999999999,0.20093437500000003,0.9859414528370076,0.0,70.84832904884317
757,22534,0.6125,0.22436249999999996,0.9868931454041681,0.3448275862068966,70.83333333333333
758,4929,0.625,0.3125,0.6508384531984098,0.3448275862068966,70.83333333333333
759,5137,0.625,0.197040625,0.9989157932779182,1.0,70.79999999999998
760,3073,0.125,0.0625,0.65293579086857,0.6896551724137931,70.78571428571428
761,2316,0.1125,0.2336875,0.9796651005902903,1.0,70.69999999999999
762,1073,0.5,0.140625,0.6023370678231538,0.3448275862068966,70.67541666666665
763,22584,0.625,0.21190625000000002,0.9819057944825923,0.9655172413793103,70.42857142857142
764,23803,0.588825,0.20093437500000003,0.9859414528370076,0.3448275862068966,70.41666666666666
765,3375,0.3625,0.0625,0.65293579086857,0.3448275862068966,70.24999999999999
766,5953,0.875,0.295615625,0.7658836284784966,1.0,70.19999999999999
767,4080,0.375,0.0625,0.7324515118660402,1.0,70.14999999999999
768,5092,0.625,0.0625,0.7324515118660402,1.0,70.10999999999999
769,22573,0.6844625,0.22359999999999997,0.975183712805686,1.0,70.1
770,4737,0.6125,0.17785625,0.9873750150584266,1.0,70.1
771,2382,0.1125,0.09375,0.655524635586074,1.0,70.08999999999999
772,2383,0.1125,0.09375,0.62643055053608,0.6206896551724137,70.08333333333333
773,2532,0.1125,0.3125,0.62643055053608,0.8275862068965517,70.06249999999999
774,23804,0.6125,0.2024875,0.9855077701481749,0.3448275862068966,69.99999999999999
775,5097,0.625,0.0625,0.65293579086857,0.3448275862068966,69.99999999999999
776,2905,0.125,0.3125,0.6508384531984098,0.3448275862068966,69.99999999999999
777,2531,0.1125,0.3125,0.6508384531984098,0.3448275862068966,69.99999999999999
778,6015,0.875,0.194553125,0.8788820624021202,0.13793103448275862,69.99999999999999
779,5562,0.8625,0.309375,0.7059462715335502,0.13793103448275862,69.99999999999999
780,3529,0.3625,0.28125,0.62643055053608,0.27586206896551724,69.99999999999999
781,6096,0.875,0.090625,0.62643055053608,0.27586206896551724,69.99999999999999
782,5132,0.625,0.2336875,0.9796651005902903,1.0,69.99999999999999
783,23803,0.588825,0.20093437500000003,0.9859414528370076,0.27586206896551724,69.99999999999999
784,4066,0.375,0.09375,0.655524635586074,0.27586206896551724,69.99999999999999
785,3054,0.125,0.09375,0.655524635586074,0.27586206896551724,69.99999999999999
786,4949,0.625,0.28125,0.62643055053608,0.27586206896551724,69.99999999999999
787,4942,0.625,0.300271875,0.7551740754126008,0.27586206896551724,69.99999999999999
788,4401,0.6125,0.090625,0.62643055053608,0.27586206896551724,69.99999999999999
789,6095,0.875,0.09375,0.62643055053608,0.0,69.92287917737788
790,4085,0.375,0.0625,0.65293579086857,0.6896551724137931,69.78571428571428
791,5218,0.625,0.215625,0.958089386820865,0.6206896551724137,69.63333333333333
792,23892,0.8032125000000001,0.201725,0.9857246114925913,0.0,69.61439588688944
793,23858,0.4046875,0.188853125,0.9999277195518612,1.0,69.39999999999999
794,6111,0.875,0.0625,0.7059462715335502,0.8275862068965517,69.37499999999999
795,22571,0.7439250000000001,0.219709375,0.9777014817491867,0.27586206896551724,69.29999999999998
796,22590,0.8625,0.21195312500000002,0.9818817009998795,0.3448275862068966,69.24999999999999
797,5657,0.8625,0.042315000000000005,0.7767256956993133,0.6206896551724137,69.24999999999999
798,22571,0.7439250000000001,0.219709375,0.9777014817491867,1.0,69.19999999999999
799,5083,0.625,0.09375,0.62643055053608,0.13793103448275862,69.09090909090908
800,23892,0.8032125000000001,0.201725,0.9857246114925913,0.13793103448275862,69.09090909090908
801,2925,0.125,0.28125,0.62643055053608,0.27586206896551724,68.99999999999999
802,5136,0.625,0.20443125,0.9969883146608842,0.27586206896551724,68.99999999999999
803,3534,0.3625,0.300271875,0.7551740754126008,0.27586206896551724,68.99999999999999
804,3930,0.375,0.300271875,0.7551740754126008,0.27586206896551724,68.99999999999999
805,3389,0.3625,0.090625,0.62643055053608,0.27586206896551724,68.99999999999999
806,5353,0.8625,0.22643437500000002,0.9854234429586796,0.27586206896551724,68.99999999999999
807,4073,0.375,0.090625,0.7671364895795687,0.27586206896551724,68.99999999999999
808,5084,0.625,0.090625,0.62643055053608,0.27586206896551724,68.99999999999999
809,2517,0.1125,0.28125,0.62643055053608,0.27586206896551724,68.99999999999999
810,5618,0.8625,0.246875,0.9248042404529574,0.27586206896551724,68.99999999999999
811,5760,0.875,0.16485,0.9839657872545476,0.27586206896551724,68.99999999999999
812,2918,0.125,0.300271875,0.7551740754126008,0.27586206896551724,68.99999999999999
813,2383,0.1125,0.09375,0.62643055053608,0.0,68.89460154241644
814,4284,0.6125,0.21875,0.978279725334297,0.0,68.89460154241644
815,3917,0.375,0.3125,0.6508384531984098,0.6896551724137931,68.85714285714285
816,4389,0.6125,0.0625,0.7324515118660402,0.6206896551724137,68.83333333333333
817,15228,0.8625,0.036951875,0.7741838332730996,0.3448275862068966,68.83333333333333
818,21165,0.3625,0.233828125,0.9795446331767256,1.0,68.79999999999998
819,4736,0.6125,0.171346875,0.9860498735092157,1.0,68.79999999999998
820,22602,0.625,0.20878125,0.9832791229972292,0.6206896551724137,68.66666666666666
821,6109,0.875,0.0625,0.65293579086857,0.9655172413793103,68.42857142857142
822,23827,0.6125,0.18690625,1.0,1.0,68.39999999999999
823,22574,0.6547,0.22554687499999998,0.9738103842910492,1.0,68.39999999999999
824,3073,0.125,0.0625,0.65293579086857,0.3448275862068966,68.33333333333333
825,22600,0.684375,0.212678125,0.9815443922418986,0.6206896551724137,68.33333333333333
826,4480,0.6125,0.194553125,0.8788820624021202,1.0,68.27999999999999
827,22534,0.6125,0.22436249999999996,0.9868931454041681,0.6896551724137931,68.21428571428571
828,5557,0.8625,0.295615625,0.7658836284784966,1.0,68.19999999999999
829,5356,0.8625,0.20443125,0.9969883146608842,0.13793103448275862,68.18181818181817
830,5394,0.8625,0.059375,0.6996542585230695,0.13793103448275862,68.18181818181817
831,22603,0.8625,0.21195312500000002,0.9940127695458378,0.13793103448275862,68.18181818181817
832,22598,0.74375,0.216571875,0.9795205396940128,1.0,68.1
833,3387,0.3625,0.090625,0.7671364895795687,0.27586206896551724,67.99999999999999
834,2522,0.1125,0.300271875,0.7551740754126008,0.27586206896551724,67.99999999999999
835,5748,0.8625,0.171346875,0.9860498735092157,0.27586206896551724,67.99999999999999
836,4555,0.6125,0.3125,0.6508384531984098,0.48275862068965514,67.85714285714285
837,5399,0.8625,0.0625,0.65293579086857,0.48275862068965514,67.85714285714285
838,5955,0.875,0.30485937500000004,0.7440320443320082,1.0,67.79999999999998
839,22534,0.6125,0.22436249999999996,0.9868931454041681,0.9655172413793103,67.78571428571428
840,6095,0.875,0.09375,0.62643055053608,0.6206896551724137,67.58333333333333
841,4085,0.375,0.0625,0.65293579086857,0.3448275862068966,67.49999999999999
842,5399,0.8625,0.0625,0.65293579086857,0.3448275862068966,67.49999999999999
843,22571,0.7439250000000001,0.219709375,0.9777014817491867,0.0,67.45501285347042
844,22606,0.8625,0.22436249999999996,0.9868931454041681,1.0,67.39999999999999
845,2905,0.125,0.3125,0.6508384531984098,0.6896551724137931,67.35714285714285
846,23881,0.625,0.2024875,0.9855077701481749,0.3448275862068966,67.33333333333333
847,4750,0.625,0.171346875,0.9860498735092157,1.0,67.29999999999998
848,5946,0.875,0.309375,0.7059462715335502,0.13793103448275862,67.27272727272727
849,21294,0.8625,0.233828125,0.9671967232863511,0.13793103448275862,67.27272727272727
850,21308,0.8625,0.23065625,0.9821949162751474,0.13793103448275862,67.27272727272727
851,5954,0.875,0.300271875,0.7551740754126008,0.13793103448275862,67.27272727272727
852,23875,0.8388249999999999,0.20093437500000003,0.9859414528370076,0.13793103448275862,67.27272727272727
853,5558,0.8625,0.300271875,0.7551740754126008,0.13793103448275862,67.27272727272727
854,2363,0.1125,0.0625,0.65293579086857,0.8275862068965517,67.24999999999999
855,4407,0.6125,0.09375,0.62643055053608,0.6206896551724137,67.24999999999999
856,6109,0.875,0.0625,0.65293579086857,0.6896551724137931,67.21428571428571
857,22523,0.5828,0.210728125,0.9824478978436332,0.6206896551724137,67.16666666666666
858,3917,0.375,0.3125,0.6508384531984098,0.48275862068965514,67.14285714285714
859,4929,0.625,0.3125,0.6508384531984098,0.6896551724137931,67.14285714285714
860,4284,0.6125,0.21875,0.978279725334297,1.0,67.1
861,22598,0.74375,0.216571875,0.9795205396940128,0.27586206896551724,67.1
862,5559,0.8625,0.30485937500000004,0.7440320443320082,1.0,67.1
863,22572,0.7141625,0.22165625000000003,0.9764727141308276,1.0,67.1
864,3917,0.375,0.3125,0.6508384531984098,0.9655172413793103,66.99999999999999
865,22534,0.6125,0.22436249999999996,0.9868931454041681,0.27586206896551724,66.99999999999999
866,6150,0.875,0.189640625,0.9998795325864354,0.27586206896551724,66.99999999999999
867,4345,0.6125,0.197040625,0.9989157932779182,0.27586206896551724,66.99999999999999
868,5559,0.8625,0.30485937500000004,0.7440320443320082,0.27586206896551724,66.99999999999999
869,4480,0.6125,0.194553125,0.8788820624021202,0.27586206896551724,66.99999999999999
870,4482,0.6125,0.208621875,0.8749909649439825,0.27586206896551724,66.99999999999999
871,3395,0.3625,0.09375,0.62643055053608,0.6206896551724137,66.91666666666666
872,5401,0.8625,0.0625,0.7324515118660402,0.0,66.83804627249356
873,5083,0.625,0.09375,0.62643055053608,0.0,66.83804627249356
874,5419,0.8625,0.09375,0.62643055053608,0.0,66.83804627249356
875,4407,0.6125,0.09375,0.62643055053608,0.0,66.83804627249356
876,22581,0.6962125,0.216578125,0.9795205396940128,1.0,66.79999999999998
877,15228,0.8625,0.036951875,0.7741838332730996,0.9655172413793103,66.71428571428571
878,6090,0.875,0.09375,0.655524635586074,1.0,66.65999999999998
879,22531,0.6125,0.21195312500000002,0.9940127695458378,0.9655172413793103,66.64285714285714
880,23803,0.588825,0.20093437500000003,0.9859414528370076,0.48275862068965514,66.57142857142857
881,22531,0.6125,0.21195312500000002,0.9940127695458378,0.6896551724137931,66.57142857142857
882,21227,0.582775,0.23260625,0.9682568365257197,1.0,66.49999999999999
883,21236,0.6125,0.23065625,0.9821949162751474,1.0,66.49999999999999
884,5269,0.8625,0.1875,0.9575954704252498,0.27586206896551724,66.49999999999999
885,22572,0.7141625,0.22165625000000003,0.9764727141308276,0.27586206896551724,66.49999999999999
886,3543,0.3625,0.3125,0.6508384531984098,0.48275862068965514,66.42857142857142
887,4929,0.625,0.3125,0.6508384531984098,0.48275862068965514,66.42857142857142
888,22577,0.6487125,0.22280625,0.9757137694253704,0.6206896551724137,66.41666666666666
889,23803,0.588825,0.20093437500000003,0.9859414528370076,0.6896551724137931,66.21428571428571
890,23803,0.588825,0.20093437500000003,0.9859414528370076,0.9655172413793103,66.21428571428571
891,4406,0.6125,0.09375,0.655524635586074,1.0,66.13999999999999
892,23804,0.6125,0.2024875,0.9855077701481749,0.48275862068965514,65.99999999999999
893,5083,0.625,0.09375,0.62643055053608,0.6206896551724137,65.99999999999999
894,5419,0.8625,0.09375,0.62643055053608,0.6206896551724137,65.99999999999999
895,23830,0.6125,0.20561249999999998,0.9965787254547644,0.6206896551724137,65.99999999999999
896,5143,0.625,0.15274062500000002,0.9902300927599084,0.27586206896551724,65.99999999999999
897,5131,0.625,0.2408875,0.9729671123960967,0.27586206896551724,65.99999999999999
898,5227,0.625,0.1875,0.9575954704252498,0.27586206896551724,65.99999999999999
899,3113,0.125,0.197040625,0.9989157932779182,0.27586206896551724,65.99999999999999
900,4125,0.375,0.197040625,0.9989157932779182,0.27586206896551724,65.99999999999999
901,23224,0.625,0.1806125,0.9877002770750511,0.27586206896551724,65.99999999999999
902,3394,0.3625,0.09375,0.655524635586074,1.0,65.87999999999998
903,15228,0.8625,0.036951875,0.7741838332730996,0.48275862068965514,65.85714285714285
904,3395,0.3625,0.09375,0.62643055053608,0.0,65.80976863753212
905,5356,0.8625,0.20443125,0.9969883146608842,0.0,65.80976863753212
906,3937,0.375,0.28125,0.62643055053608,1.0,65.79999999999998
907,2905,0.125,0.3125,0.6508384531984098,0.48275862068965514,65.71428571428571
908,23887,0.672475,0.19314375,0.9874954824719914,1.0,65.69999999999999
909,4541,0.6125,0.28125,0.62643055053608,1.0,65.69999999999999
910,4929,0.625,0.3125,0.6508384531984098,0.9655172413793103,65.57142857142857
911,2905,0.125,0.3125,0.6508384531984098,0.9655172413793103,65.49999999999999
912,21301,0.7734,0.23650312499999998,0.9647753282737019,1.0,65.49999999999999
913,21226,0.6125,0.23065625,0.9698831466088423,0.6206896551724137,65.41666666666666
914,22531,0.6125,0.21195312500000002,0.9940127695458378,0.3448275862068966,65.41666666666666
915,22598,0.74375,0.216571875,0.9795205396940128,0.0,65.39845758354754
916,4071,0.375,0.09375,0.62643055053608,0.6206896551724137,65.33333333333333
917,5418,0.8625,0.09375,0.655524635586074,1.0,65.29999999999998
918,3375,0.3625,0.0625,0.65293579086857,0.8275862068965517,65.24999999999999
919,22546,0.5888125,0.213503125,0.9932779183230935,0.6206896551724137,65.16666666666666
920,21223,0.5888,0.235378125,0.9658113480303577,1.0,65.1
921,3377,0.3625,0.0625,0.7324515118660402,0.6206896551724137,65.08333333333333
922,5567,0.8625,0.3125,0.6508384531984098,0.8275862068965517,65.06249999999999
923,5097,0.625,0.0625,0.65293579086857,0.8275862068965517,64.99999999999999
924,22603,0.8625,0.21195312500000002,0.9940127695458378,0.6206896551724137,64.99999999999999
925,5657,0.8625,0.042315000000000005,0.7767256956993133,0.3448275862068966,64.99999999999999
926,5763,0.875,0.17785625,0.9873750150584266,0.27586206896551724,64.99999999999999
927,5955,0.875,0.30485937500000004,0.7440320443320082,0.27586206896551724,64.99999999999999
928,22602,0.625,0.20878125,0.9832791229972292,0.27586206896551724,64.99999999999999
929,4340,0.6125,0.2336875,0.9796651005902903,0.27586206896551724,64.99999999999999
930,5564,0.8625,0.309375,0.62643055053608,0.27586206896551724,64.99999999999999
931,22512,0.375,0.21190625000000002,0.9819057944825923,0.27586206896551724,64.99999999999999
932,4545,0.6125,0.295615625,0.7658836284784966,0.27586206896551724,64.99999999999999
933,5762,0.875,0.171346875,0.9860498735092157,0.27586206896551724,64.99999999999999
934,15228,0.8625,0.036951875,0.7741838332730996,0.6896551724137931,64.92857142857142
935,23144,0.58285,0.18179375,0.9877966510059029,0.6206896551724137,64.83333333333333
936,22523,0.5828,0.210728125,0.9824478978436332,0.27586206896551724,64.79999999999998
937,6104,0.875,0.0625,0.7324515118660402,0.0,64.78149100257068
938,4071,0.375,0.09375,0.62643055053608,0.0,64.78149100257068
939,6017,0.875,0.20159374999999996,0.8773762197325623,0.0,64.78149100257068
940,3059,0.125,0.09375,0.62643055053608,0.0,64.78149100257068
941,3059,0.125,0.09375,0.62643055053608,0.6206896551724137,64.74999999999999
942,4210,0.375,0.196271875,0.9870015660763762,0.9655172413793103,64.71428571428571
943,22601,0.6547,0.210728125,0.9824478978436332,0.9655172413793103,64.64285714285714
944,3469,0.3625,0.20159374999999996,0.8773762197325623,1.0,64.624
945,5195,0.625,0.26331875,0.9325864353692326,1.0,64.6
946,22600,0.684375,0.212678125,0.9815443922418986,0.3448275862068966,64.58333333333333
947,23889,0.625,0.19003125,0.9878086977472593,0.6206896551724137,64.58333333333333
948,23804,0.6125,0.2024875,0.9855077701481749,0.6896551724137931,64.57142857142857
949,23804,0.6125,0.2024875,0.9855077701481749,0.9655172413793103,64.57142857142857
950,22601,0.6547,0.210728125,0.9824478978436332,0.6896551724137931,64.57142857142857
951,3538,0.3625,0.309375,0.7059462715335502,0.13793103448275862,64.54545454545453
952,5953,0.875,0.295615625,0.7658836284784966,0.13793103448275862,64.54545454545453
953,5269,0.8625,0.1875,0.9575954704252498,0.13793103448275862,64.54545454545453
954,6018,0.875,0.208621875,0.8749909649439825,0.13793103448275862,64.54545454545453
955,4210,0.375,0.196271875,0.9870015660763762,0.6896551724137931,64.49999999999999
956,22602,0.625,0.20878125,0.9832791229972292,0.3448275862068966,64.49999999999999
957,22583,0.6487499999999999,0.21346249999999997,0.9811588965184916,0.6206896551724137,64.49999999999999
958,3529,0.3625,0.28125,0.62643055053608,1.0,64.49999999999999
959,23892,0.8032125000000001,0.201725,0.9857246114925913,1.0,64.29999999999998
960,2531,0.1125,0.3125,0.6508384531984098,0.48275862068965514,64.28571428571428
961,22601,0.6547,0.210728125,0.9824478978436332,0.48275862068965514,64.21428571428571
962,5562,0.8625,0.309375,0.7059462715335502,0.6206896551724137,64.16666666666666
963,22572,0.7141625,0.22165625000000003,0.9764727141308276,0.0,64.16452442159382
964,21235,0.6125,0.233828125,0.9795446331767256,0.6896551724137931,64.14285714285714
965,5218,0.625,0.215625,0.958089386820865,0.48275862068965514,64.14285714285714
966,21235,0.6125,0.233828125,0.9795446331767256,0.9655172413793103,64.07142857142857
967,4066,0.375,0.09375,0.655524635586074,1.0,64.02999999999999
968,22590,0.8625,0.21195312500000002,0.9818817009998795,0.6896551724137931,63.99999999999999
969,2320,0.1125,0.20443125,0.9969883146608842,0.27586206896551724,63.999999999999986
970,3328,0.3625,0.2336875,0.9796651005902903,0.27586206896551724,63.999999999999986
971,5393,0.8625,0.059375,0.6752463558607397,0.27586206896551724,63.999999999999986
972,2377,0.1125,0.090625,0.62643055053608,0.27586206896551724,63.999999999999986
973,4091,0.375,0.059375,0.6752463558607397,0.27586206896551724,63.999999999999986
974,6155,0.875,0.15274062500000002,0.9902300927599084,0.27586206896551724,63.999999999999986
975,5493,0.8625,0.20159374999999996,0.8773762197325623,0.27586206896551724,63.999999999999986
976,4351,0.6125,0.15274062500000002,0.9902300927599084,0.27586206896551724,63.999999999999986
977,4540,0.6125,0.28125,0.6545717383447777,0.27586206896551724,63.999999999999986
978,6242,0.875,0.206659375,0.8878448379713287,0.27586206896551724,63.999999999999986
979,3054,0.125,0.09375,0.655524635586074,1.0,63.96999999999999
980,22534,0.6125,0.22436249999999996,0.9868931454041681,0.48275862068965514,63.92857142857142
981,15231,0.625,0.036905625,0.7740151788941092,1.0,63.89999999999999
982,6097,0.875,0.090625,0.7671364895795687,1.0,63.86999999999999
983,21235,0.6125,0.233828125,0.9795446331767256,0.48275862068965514,63.78571428571428
984,21308,0.8625,0.23065625,0.9821949162751474,0.0,63.75321336760924
985,22590,0.8625,0.21195312500000002,0.9818817009998795,0.9655172413793103,63.71428571428571
986,5227,0.625,0.1875,0.9575954704252498,1.0,63.70999999999999
987,2517,0.1125,0.28125,0.62643055053608,1.0,63.69999999999999
988,21235,0.6125,0.233828125,0.9795446331767256,0.3448275862068966,63.66666666666666
989,6095,0.875,0.09375,0.62643055053608,0.13793103448275862,63.636363636363626
990,3922,0.375,0.309375,0.7059462715335502,0.13793103448275862,63.636363636363626
991,5102,0.625,0.059375,0.6996542585230695,0.13793103448275862,63.636363636363626
992,3377,0.3625,0.0625,0.7324515118660402,0.13793103448275862,63.636363636363626
993,6104,0.875,0.0625,0.7324515118660402,0.13793103448275862,63.636363636363626
994,2365,0.1125,0.0625,0.7324515118660402,0.13793103448275862,63.636363636363626
995,4071,0.375,0.09375,0.62643055053608,0.13793103448275862,63.636363636363626
996,4080,0.375,0.0625,0.7324515118660402,0.13793103448275862,63.636363636363626
997,3068,0.125,0.0625,0.7324515118660402,0.13793103448275862,63.636363636363626
998,2382,0.1125,0.09375,0.655524635586074,0.13793103448275862,63.636363636363626
999,2383,0.1125,0.09375,0.62643055053608,0.13793103448275862,63.636363636363626
1000,4934,0.625,0.309375,0.7059462715335502,0.13793103448275862,63.636363636363626
1001,22584,0.625,0.21190625000000002,0.9819057944825923,0.13793103448275862,63.636363636363626
1002,4389,0.6125,0.0625,0.7324515118660402,0.13793103448275862,63.636363636363626
1003,4407,0.6125,0.09375,0.62643055053608,0.13793103448275862,63.636363636363626
1004,4550,0.6125,0.309375,0.7059462715335502,0.13793103448275862,63.636363636363626
1005,2375,0.1125,0.090625,0.7671364895795687,1.0,63.62999999999999
1006,6109,0.875,0.0625,0.65293579086857,0.3448275862068966,63.58333333333332
1007,23882,0.648725,0.20093125,0.9859414528370076,0.8275862068965517,63.49999999999999
1008,3073,0.125,0.0625,0.65293579086857,0.8275862068965517,63.43749999999999
1009,2531,0.1125,0.3125,0.6508384531984098,0.6896551724137931,63.42857142857142
1010,5954,0.875,0.300271875,0.7551740754126008,0.6206896551724137,63.41666666666666
1011,23909,0.654725,0.20366875,0.9972292494880134,1.0,63.39999999999999
1012,4348,0.6125,0.17483437500000001,0.9989157932779182,1.0,63.39999999999999
1013,5946,0.875,0.309375,0.7059462715335502,0.6206896551724137,63.33333333333332
1014,5401,0.8625,0.0625,0.7324515118660402,0.6206896551724137,63.33333333333332
1015,5748,0.8625,0.171346875,0.9860498735092157,1.0,63.29999999999999
1016,3061,0.125,0.090625,0.7671364895795687,1.0,63.23999999999999
1017,23881,0.625,0.2024875,0.9855077701481749,0.9655172413793103,63.21428571428571
1018,4339,0.6125,0.2408875,0.9729671123960967,1.0,63.19999999999999
1019,22579,0.6961875,0.21969374999999997,0.9777014817491867,1.0,63.19999999999999
1020,5078,0.625,0.09375,0.655524635586074,1.0,63.15999999999999
1021,23881,0.625,0.2024875,0.9855077701481749,0.6896551724137931,63.14285714285713
1022,22577,0.6487125,0.22280625,0.9757137694253704,0.3448275862068966,63.08333333333332
1023,5941,0.875,0.3125,0.6508384531984098,0.8275862068965517,62.99999999999999
1024,23881,0.625,0.2024875,0.9855077701481749,0.27586206896551724,62.999999999999986
1025,3469,0.3625,0.20159374999999996,0.8773762197325623,0.27586206896551724,62.999999999999986
1026,2316,0.1125,0.2336875,0.9796651005902903,0.27586206896551724,62.999999999999986
1027,5956,0.875,0.28125,0.6545717383447777,0.27586206896551724,62.999999999999986
1028,5945,0.875,0.309375,0.62643055053608,0.27586206896551724,62.999999999999986
1029,3369,0.3625,0.059375,0.6752463558607397,0.27586206896551724,62.999999999999986
1030,23901,0.8625,0.2024875,0.9975906517287073,1.0,62.999999999999986
1031,23818,0.6125,0.20561249999999998,0.9844837971328756,0.27586206896551724,62.999999999999986
1032,22610,0.625,0.22436249999999996,0.9868931454041681,0.27586206896551724,62.999999999999986
1033,22607,0.625,0.21190625000000002,0.9940368630285508,0.27586206896551724,62.999999999999986
1034,5552,0.8625,0.28125,0.6545717383447777,1.0,62.999999999999986
1035,6212,0.875,0.21875,0.978279725334297,0.27586206896551724,62.999999999999986
1036,2925,0.125,0.28125,0.62643055053608,1.0,62.89999999999999
1037,23860,0.5828125,0.188853125,0.9999277195518612,1.0,62.89999999999999
1038,6109,0.875,0.0625,0.65293579086857,0.48275862068965514,62.85714285714285
1039,5558,0.8625,0.300271875,0.7551740754126008,0.6206896551724137,62.83333333333332
1040,22599,0.7140875,0.214625,0.9805686061920249,1.0,62.79999999999999
1041,5956,0.875,0.28125,0.6545717383447777,1.0,62.79999999999999
1042,2526,0.1125,0.309375,0.7059462715335502,0.13793103448275862,62.72727272727272
1043,5557,0.8625,0.295615625,0.7658836284784966,0.13793103448275862,62.72727272727272
1044,5289,0.8625,0.2384375,0.9629442235875195,0.0,62.7249357326478
1045,3333,0.3625,0.197040625,0.9989157932779182,1.0,62.69999999999999
1046,2918,0.125,0.300271875,0.7551740754126008,1.0,62.69999999999999
1047,4085,0.375,0.0625,0.65293579086857,0.8275862068965517,62.68749999999999
1048,21294,0.8625,0.233828125,0.9671967232863511,0.6206896551724137,62.58333333333332
1049,5657,0.8625,0.042315000000000005,0.7767256956993133,0.48275862068965514,62.49999999999999
1050,21287,0.6487625,0.235340625,0.9658474882544271,1.0,62.499999999999986
1051,22588,0.8388375,0.2228125,0.9757137694253704,0.27586206896551724,62.499999999999986
1052,21216,0.375,0.23378125,0.9672328635104203,0.6206896551724137,62.41666666666666
1053,5102,0.625,0.059375,0.6996542585230695,0.6206896551724137,62.41666666666666
1054,22575,0.625,0.22748749999999998,0.97237682206963,1.0,62.39999999999999
1055,5401,0.8625,0.0625,0.7324515118660402,1.0,62.23999999999999
1056,3534,0.3625,0.300271875,0.7551740754126008,1.0,62.19999999999999
1057,4080,0.375,0.0625,0.7324515118660402,0.6206896551724137,62.16666666666666
1058,22582,0.672475,0.215021875,0.980363811588965,0.6206896551724137,62.16666666666666
1059,3930,0.375,0.300271875,0.7551740754126008,1.0,62.09999999999999
1060,22552,0.5888375,0.2228125,0.9879412119021804,1.0,62.09999999999999
1061,5210,0.625,0.2384375,0.9629442235875195,0.6206896551724137,61.99999999999999
1062,2365,0.1125,0.0625,0.7324515118660402,0.6206896551724137,61.99999999999999
1063,23905,0.625,0.2024875,0.9975906517287073,0.27586206896551724,61.999999999999986
1064,5103,0.625,0.059375,0.6752463558607397,0.27586206896551724,61.999999999999986
1065,3932,0.375,0.28125,0.6545717383447777,0.27586206896551724,61.999999999999986
1066,6115,0.875,0.059375,0.6752463558607397,0.27586206896551724,61.999999999999986
1067,3333,0.3625,0.197040625,0.9989157932779182,0.27586206896551724,61.999999999999986
1068,21941,0.8625,0.1587375,0.9813155041561258,0.27586206896551724,61.999999999999986
1069,3119,0.125,0.15274062500000002,0.9902300927599084,0.27586206896551724,61.999999999999986
1070,6145,0.875,0.22643437500000002,0.9854234429586796,0.27586206896551724,61.999999999999986
1071,4751,0.625,0.17785625,0.9873750150584266,0.27586206896551724,61.999999999999986
1072,23817,0.375,0.19003125,0.9878086977472593,0.6206896551724137,61.91666666666666
1073,22603,0.8625,0.21195312500000002,0.9940127695458378,0.3448275862068966,61.83333333333332
1074,2358,0.1125,0.059375,0.6996542585230695,0.13793103448275862,61.818181818181806
1075,6149,0.875,0.197040625,0.9989157932779182,0.13793103448275862,61.818181818181806
1076,4382,0.6125,0.059375,0.6996542585230695,0.13793103448275862,61.818181818181806
1077,2910,0.125,0.309375,0.7059462715335502,0.13793103448275862,61.818181818181806
1078,22531,0.6125,0.21195312500000002,0.9940127695458378,0.13793103448275862,61.818181818181806
1079,15183,0.8625,0.033780624999999995,0.7456993133357427,1.0,61.79999999999999
1080,4210,0.375,0.196271875,0.9870015660763762,0.6206896551724137,61.74999999999999
1081,4949,0.625,0.28125,0.62643055053608,1.0,61.69999999999999
1082,3377,0.3625,0.0625,0.7324515118660402,0.0,61.69665809768637
1083,5351,0.8625,0.2408875,0.9729671123960967,0.0,61.69665809768637
1084,4080,0.375,0.0625,0.7324515118660402,0.0,61.69665809768637
1085,4389,0.6125,0.0625,0.7324515118660402,0.0,61.69665809768637
1086,22531,0.6125,0.21195312500000002,0.9940127695458378,0.0,61.69665809768637
1087,5218,0.625,0.215625,0.958089386820865,0.3448275862068966,61.67499999999999
1088,5278,0.8625,0.215625,0.958089386820865,1.0,61.59999999999999
1089,2522,0.1125,0.300271875,0.7551740754126008,1.0,61.59999999999999
1090,5210,0.625,0.2384375,0.9629442235875195,0.48275862068965514,61.57142857142856
1091,4481,0.6125,0.20159374999999996,0.8773762197325623,0.6206896551724137,61.49999999999999
1092,22591,0.8388,0.213503125,0.9811348030357788,0.27586206896551724,61.499999999999986
1093,5564,0.8625,0.309375,0.62643055053608,1.0,61.499999999999986
1094,5411,0.8625,0.090625,0.7671364895795687,1.0,61.36999999999999
1095,5941,0.875,0.3125,0.6508384531984098,0.6896551724137931,61.35714285714285
1096,22590,0.8625,0.21195312500000002,0.9818817009998795,0.48275862068965514,61.35714285714285
1097,4668,0.6125,0.0625,0.7682568365257197,1.0,61.27999999999999
1098,5657,0.8625,0.042315000000000005,0.7767256956993133,0.9655172413793103,61.21428571428571
1099,22597,0.7734125,0.214625,0.9805686061920249,0.27586206896551724,61.19999999999999
1100,3068,0.125,0.0625,0.7324515118660402,0.6206896551724137,61.16666666666666
1101,22584,0.625,0.21190625000000002,0.9819057944825923,0.8275862068965517,61.12499999999999
1102,22578,0.6724625,0.22125,0.9767377424406698,0.6206896551724137,61.08333333333332
1103,22583,0.6487499999999999,0.21346249999999997,0.9811588965184916,0.3448275862068966,60.99999999999999
1104,22571,0.7439250000000001,0.219709375,0.9777014817491867,0.13793103448275862,60.99999999999999
1105,4552,0.6125,0.309375,0.62643055053608,0.27586206896551724,60.999999999999986
1106,3533,0.3625,0.295615625,0.7658836284784966,0.27586206896551724,60.999999999999986
1107,3528,0.3625,0.28125,0.6545717383447777,0.27586206896551724,60.999999999999986
1108,5210,0.625,0.2384375,0.9629442235875195,0.27586206896551724,60.999999999999986
1109,21301,0.7734,0.23650312499999998,0.9647753282737019,0.27586206896551724,60.999999999999986
1110,5360,0.8625,0.17483437500000001,0.9989157932779182,0.27586206896551724,60.999999999999986
1111,21886,0.6125,0.1587375,0.9934586194434405,0.27586206896551724,60.999999999999986
1112,3079,0.125,0.059375,0.6752463558607397,0.27586206896551724,60.999999999999986
1113,5909,0.875,0.29007499999999997,0.7915190940850501,1.0,60.999999999999986
1114,4131,0.375,0.15274062500000002,0.9902300927599084,0.27586206896551724,60.999999999999986
1115,2528,0.1125,0.309375,0.62643055053608,0.27586206896551724,60.999999999999986
1116,23828,0.6125,0.19007812500000001,0.9998554391037224,0.27586206896551724,60.999999999999986
1117,5492,0.8625,0.194553125,0.8788820624021202,0.27586206896551724,60.999999999999986
1118,23831,0.375,0.18690625,1.0,1.0,60.999999999999986
1119,5552,0.8625,0.28125,0.6545717383447777,0.27586206896551724,60.999999999999986
1120,4941,0.625,0.295615625,0.7658836284784966,0.27586206896551724,60.999999999999986
1121,4381,0.6125,0.059375,0.6752463558607397,0.27586206896551724,60.999999999999986
1122,5399,0.8625,0.0625,0.65293579086857,0.8275862068965517,60.93749999999999
1123,5092,0.625,0.0625,0.7324515118660402,0.6206896551724137,60.91666666666666
1124,5413,0.8625,0.090625,0.62643055053608,0.13793103448275862,60.9090909090909
1125,5760,0.875,0.16485,0.9839657872545476,0.13793103448275862,60.9090909090909
1126,21223,0.5888,0.235378125,0.9658113480303577,0.27586206896551724,60.79999999999999
1127,21313,0.625,0.24936250000000001,0.9637754487411154,1.0,60.79999999999999
1128,6114,0.875,0.059375,0.6996542585230695,0.0,60.668380462724926
1129,5092,0.625,0.0625,0.7324515118660402,0.0,60.668380462724926
1130,3068,0.125,0.0625,0.7324515118660402,0.0,60.668380462724926
1131,22594,0.8625,0.20878125,0.9832791229972292,0.0,60.668380462724926
1132,5562,0.8625,0.309375,0.7059462715335502,0.0,60.668380462724926
1133,5131,0.625,0.2408875,0.9729671123960967,0.6206896551724137,60.66666666666666
1134,23888,0.6487375,0.1915875,0.9876761835923381,0.6206896551724137,60.66666666666666
1135,2531,0.1125,0.3125,0.6508384531984098,0.9655172413793103,60.57142857142856
1136,5945,0.875,0.309375,0.62643055053608,1.0,60.39999999999999
1137,23869,0.684375,0.1908,0.9877484640404769,1.0,60.39999999999999
1138,22597,0.7734125,0.214625,0.9805686061920249,0.0,60.359897172236494
1139,3468,0.3625,0.194553125,0.8788820624021202,1.0,60.34999999999999
1140,4546,0.6125,0.300271875,0.7551740754126008,1.0,60.29999999999999
1141,22588,0.8388375,0.2228125,0.9757137694253704,0.0,60.25706940874035
1142,5606,0.8625,0.278125,0.8796530538489338,1.0,60.19999999999999
1143,23819,0.582875,0.20366875,0.9851343211661244,1.0,60.09999999999999
1144,4942,0.625,0.300271875,0.7551740754126008,1.0,60.09999999999999
1145,4284,0.6125,0.21875,0.978279725334297,0.6206896551724137,60.08333333333332
1146,4389,0.6125,0.0625,0.7324515118660402,0.48275862068965514,59.99999999999999
1147,21307,0.8625,0.233828125,0.9795446331767256,0.6206896551724137,59.99999999999999
1148,5553,0.8625,0.28125,0.62643055053608,0.6206896551724137,59.99999999999999
1149,5562,0.8625,0.309375,0.7059462715335502,0.3448275862068966,59.99999999999999
1150,23756,0.3625,0.2024875,0.9975906517287073,0.13793103448275862,59.99999999999999
1151,5281,0.8625,0.194096875,0.9718949524153715,0.13793103448275862,59.99999999999999
1152,3078,0.125,0.059375,0.6996542585230695,0.13793103448275862,59.99999999999999
1153,6150,0.875,0.189640625,0.9998795325864354,0.13793103448275862,59.99999999999999
1154,4090,0.375,0.059375,0.6996542585230695,0.13793103448275862,59.99999999999999
1155,22594,0.8625,0.20878125,0.9832791229972292,0.13793103448275862,59.99999999999999
1156,4879,0.625,0.246875,0.9248042404529574,0.13793103448275862,59.99999999999999
1157,5961,0.875,0.28125,0.62643055053608,0.13793103448275862,59.99999999999999
1158,3929,0.375,0.295615625,0.7658836284784966,0.27586206896551724,59.999999999999986
1159,5281,0.8625,0.194096875,0.9718949524153715,0.27586206896551724,59.999999999999986
1160,5279,0.8625,0.215625,0.9800385495723407,0.27586206896551724,59.999999999999986
1161,23875,0.8388249999999999,0.20093437500000003,0.9859414528370076,1.0,59.999999999999986
1162,6148,0.875,0.20443125,0.9969883146608842,0.27586206896551724,59.999999999999986
1163,3060,0.125,0.090625,0.62643055053608,1.0,59.999999999999986
1164,4951,0.625,0.278125,0.7718949524153716,0.27586206896551724,59.999999999999986
1165,4339,0.6125,0.2408875,0.9729671123960967,0.27586206896551724,59.999999999999986
1166,4944,0.625,0.28125,0.6545717383447777,0.27586206896551724,59.999999999999986
1167,22461,0.3625,0.21195312500000002,0.9940127695458378,0.27586206896551724,59.999999999999986
1168,5545,0.8625,0.278125,0.7718949524153716,0.27586206896551724,59.999999999999986
1169,5547,0.8625,0.278125,0.62643055053608,0.27586206896551724,59.999999999999986
1170,2521,0.1125,0.295615625,0.7658836284784966,0.27586206896551724,59.999999999999986
1171,2516,0.1125,0.28125,0.6545717383447777,0.27586206896551724,59.999999999999986
1172,22589,0.8625,0.22436249999999996,0.9746536561860017,0.27586206896551724,59.999999999999986
1173,22576,0.625,0.22436249999999996,0.9746536561860017,0.27586206896551724,59.999999999999986
1174,4750,0.625,0.171346875,0.9860498735092157,0.27586206896551724,59.999999999999986
1175,5891,0.875,0.246875,0.9248042404529574,0.27586206896551724,59.999999999999986
1176,22519,0.5888,0.213503125,0.9811348030357788,0.27586206896551724,59.999999999999986
1177,4547,0.6125,0.30485937500000004,0.7440320443320082,0.27586206896551724,59.999999999999986
1178,2920,0.125,0.28125,0.6545717383447777,0.27586206896551724,59.999999999999986
1179,2917,0.125,0.295615625,0.7658836284784966,0.27586206896551724,59.999999999999986
1180,22591,0.8388,0.213503125,0.9811348030357788,1.0,59.89999999999999
1181,4837,0.625,0.038275312500000006,0.762462353933261,1.0,59.89999999999999
1182,4072,0.375,0.090625,0.62643055053608,1.0,59.84999999999999
1183,21301,0.7734,0.23650312499999998,0.9647753282737019,0.0,59.84575835475577
1184,5657,0.8625,0.042315000000000005,0.7767256956993133,0.6896551724137931,59.78571428571428
1185,22602,0.625,0.20878125,0.9832791229972292,0.6896551724137931,59.71428571428571
1186,22461,0.3625,0.21195312500000002,0.9940127695458378,1.0,59.69999999999999
1187,5084,0.625,0.090625,0.62643055053608,1.0,59.67999999999999
1188,5946,0.875,0.309375,0.7059462715335502,0.0,59.640102827763485
1189,2365,0.1125,0.0625,0.7324515118660402,0.0,59.640102827763485
1190,6151,0.875,0.182234375,0.9998795325864354,0.0,59.640102827763485
1191,4934,0.625,0.309375,0.7059462715335502,0.0,59.640102827763485
1192,5558,0.8625,0.300271875,0.7551740754126008,0.0,59.640102827763485
1193,4550,0.6125,0.309375,0.7059462715335502,0.0,59.640102827763485
1194,15184,0.842825,0.0350715625,0.7506083604385013,1.0,59.59999999999999
1195,23889,0.625,0.19003125,0.9878086977472593,0.3448275862068966,59.58333333333332
1196,22582,0.672475,0.215021875,0.980363811588965,0.3448275862068966,59.58333333333332
1197,22602,0.625,0.20878125,0.9832791229972292,0.9655172413793103,59.57142857142856
1198,3917,0.375,0.3125,0.6508384531984098,0.8275862068965517,59.56249999999999
1199,22531,0.6125,0.21195312500000002,0.9940127695458378,0.48275862068965514,59.49999999999999
1200,23858,0.4046875,0.188853125,0.9999277195518612,0.6206896551724137,59.49999999999999
1201,22523,0.5828,0.210728125,0.9824478978436332,0.3448275862068966,59.49999999999999
1202,5380,0.8625,0.04040375,0.7863028550777015,1.0,59.499999999999986
1203,4188,0.375,0.21875,0.978279725334297,1.0,59.499999999999986
1204,22519,0.5888,0.213503125,0.9811348030357788,1.0,59.499999999999986
1205,23756,0.3625,0.2024875,0.9975906517287073,1.0,59.39999999999999
1206,21226,0.6125,0.23065625,0.9698831466088423,0.3448275862068966,59.33333333333332
1207,4929,0.625,0.3125,0.6508384531984098,0.8275862068965517,59.31249999999999
1208,22574,0.6547,0.22554687499999998,0.9738103842910492,0.6206896551724137,59.24999999999999
1209,21317,0.654725,0.23260625,0.9805926996747379,1.0,59.19999999999999
1210,22496,0.5828875,0.22554687499999998,0.9738103842910492,1.0,59.19999999999999
1211,22588,0.8388375,0.2228125,0.9757137694253704,1.0,59.19999999999999
1212,4838,0.625,0.042315000000000005,0.7767256956993133,1.0,59.19999999999999
1213,15228,0.8625,0.036951875,0.7741838332730996,0.8275862068965517,59.18749999999999
1214,3538,0.3625,0.309375,0.7059462715335502,0.6206896551724137,59.16666666666666
1215,5946,0.875,0.309375,0.7059462715335502,0.3448275862068966,59.16666666666666
1216,3922,0.375,0.309375,0.7059462715335502,0.6206896551724137,59.16666666666666
1217,4934,0.625,0.309375,0.7059462715335502,0.6206896551724137,59.16666666666666
1218,4550,0.6125,0.309375,0.7059462715335502,0.6206896551724137,59.16666666666666
1219,3370,0.3625,0.059375,0.6996542585230695,0.13793103448275862,59.09090909090908
1220,6145,0.875,0.22643437500000002,0.9854234429586796,0.13793103448275862,59.09090909090908
1221,5618,0.8625,0.246875,0.9248042404529574,0.13793103448275862,59.09090909090908
1222,5961,0.875,0.28125,0.62643055053608,0.6206896551724137,59.08333333333332
1223,2383,0.1125,0.09375,0.62643055053608,0.9655172413793103,59.07142857142856
1224,23107,0.3625,0.1806125,0.9997470184315143,0.6206896551724137,58.99999999999999
1225,3540,0.3625,0.309375,0.62643055053608,0.27586206896551724,58.999999999999986
1226,5135,0.625,0.21179687500000002,0.9940850499939766,0.27586206896551724,58.999999999999986
1227,5133,0.625,0.22643437500000002,0.9854234429586796,0.27586206896551724,58.999999999999986
1228,21295,0.8388,0.235378125,0.9658113480303577,0.27586206896551724,58.999999999999986
1229,21311,0.625,0.23378125,0.979580773400795,0.27586206896551724,58.999999999999986
1230,3339,0.3625,0.15274062500000002,0.9902300927599084,0.27586206896551724,58.999999999999986
1231,4120,0.375,0.2336875,0.9796651005902903,0.27586206896551724,58.999999999999986
1232,5407,0.8625,0.090625,0.6545717383447777,0.27586206896551724,58.999999999999986
1233,5545,0.8625,0.278125,0.7718949524153716,1.0,58.999999999999986
1234,4871,0.625,0.246875,0.9468497771352848,0.27586206896551724,58.999999999999986
1235,2457,0.1125,0.20159374999999996,0.8773762197325623,0.27586206896551724,58.999999999999986
1236,5747,0.8625,0.16485,0.9839657872545476,0.27586206896551724,58.999999999999986
1237,4555,0.6125,0.3125,0.6508384531984098,0.8275862068965517,58.93749999999999
1238,4210,0.375,0.196271875,0.9870015660763762,0.8275862068965517,58.81249999999999
1239,22600,0.684375,0.212678125,0.9815443922418986,0.6896551724137931,58.78571428571428
1240,22534,0.6125,0.22436249999999996,0.9868931454041681,0.8275862068965517,58.74999999999999
1241,2382,0.1125,0.09375,0.655524635586074,0.6206896551724137,58.74999999999999
1242,22600,0.684375,0.212678125,0.9815443922418986,0.9655172413793103,58.71428571428571
1243,5597,0.8625,0.29007499999999997,0.7915190940850501,1.0,58.69999999999999
1244,6017,0.875,0.20159374999999996,0.8773762197325623,1.0,58.67599999999999
1245,22600,0.684375,0.212678125,0.9815443922418986,0.48275862068965514,58.64285714285713
1246,3538,0.3625,0.309375,0.7059462715335502,0.0,58.611825192802044
1247,3922,0.375,0.309375,0.7059462715335502,0.0,58.611825192802044
1248,5954,0.875,0.300271875,0.7551740754126008,0.0,58.611825192802044
1249,5394,0.8625,0.059375,0.6996542585230695,0.0,58.611825192802044
1250,6144,0.875,0.2336875,0.9796651005902903,0.0,58.611825192802044
1251,6015,0.875,0.194553125,0.8788820624021202,0.0,58.611825192802044
1252,22597,0.7734125,0.214625,0.9805686061920249,1.0,58.59999999999999
1253,23894,0.7439250000000001,0.197834375,0.9866883508011083,1.0,58.59999999999999
1254,22578,0.6724625,0.22125,0.9767377424406698,0.3448275862068966,58.58333333333332
1255,22573,0.6844625,0.22359999999999997,0.975183712805686,0.6206896551724137,58.58333333333332
1256,2383,0.1125,0.09375,0.62643055053608,0.48275862068965514,58.57142857142856
1257,23803,0.588825,0.20093437500000003,0.9859414528370076,0.8275862068965517,58.56249999999999
1258,22531,0.6125,0.21195312500000002,0.9940127695458378,0.8275862068965517,58.56249999999999
1259,4401,0.6125,0.090625,0.62643055053608,1.0,58.52999999999999
1260,23881,0.625,0.2024875,0.9855077701481749,0.48275862068965514,58.49999999999999
1261,23144,0.58285,0.18179375,0.9877966510059029,0.48275862068965514,58.42857142857142
1262,22546,0.5888125,0.213503125,0.9932779183230935,0.3448275862068966,58.41666666666666
1263,22570,0.7736,0.22165625000000003,0.9764727141308276,1.0,58.39999999999999
1264,3543,0.3625,0.3125,0.6508384531984098,0.8275862068965517,58.37499999999999
1265,2905,0.125,0.3125,0.6508384531984098,0.8275862068965517,58.31249999999999
1266,4389,0.6125,0.0625,0.7324515118660402,0.9655172413793103,58.28571428571428
1267,23144,0.58285,0.18179375,0.9877966510059029,0.3448275862068966,58.24999999999999
1268,4750,0.625,0.171346875,0.9860498735092157,0.6206896551724137,58.24999999999999
1269,22591,0.8388,0.213503125,0.9811348030357788,0.0,58.20051413881747
1270,22600,0.684375,0.212678125,0.9815443922418986,0.27586206896551724,58.19999999999999
1271,4072,0.375,0.090625,0.62643055053608,0.13793103448275862,58.18181818181817
1272,6090,0.875,0.09375,0.655524635586074,0.13793103448275862,58.18181818181817
1273,23819,0.582875,0.20366875,0.9851343211661244,0.13793103448275862,58.18181818181817
1274,4541,0.6125,0.28125,0.62643055053608,0.13793103448275862,58.18181818181817
1275,23802,0.5651375,0.19938125,0.9863389953017708,0.27586206896551724,58.09999999999999
1276,5954,0.875,0.300271875,0.7551740754126008,0.3448275862068966,58.08333333333332
1277,22606,0.8625,0.22436249999999996,0.9868931454041681,0.6206896551724137,58.08333333333332
1278,23830,0.6125,0.20561249999999998,0.9965787254547644,0.6896551724137931,57.99999999999999
1279,2357,0.1125,0.059375,0.6752463558607397,0.27586206896551724,57.99999999999999
1280,3535,0.3625,0.30485937500000004,0.7440320443320082,0.27586206896551724,57.99999999999999
1281,3468,0.3625,0.194553125,0.8788820624021202,0.27586206896551724,57.99999999999999
1282,21288,0.625,0.23378125,0.9672328635104203,0.27586206896551724,57.99999999999999
1283,5275,0.8625,0.20919375,0.9831104686182388,0.27586206896551724,57.99999999999999
1284,21928,0.625,0.1587375,0.9813155041561258,0.27586206896551724,57.99999999999999
1285,3108,0.125,0.2336875,0.9796651005902903,0.27586206896551724,57.99999999999999
1286,6152,0.875,0.17483437500000001,0.9989157932779182,0.27586206896551724,57.99999999999999
1287,4943,0.625,0.30485937500000004,0.7440320443320082,0.27586206896551724,57.99999999999999
1288,4933,0.625,0.309375,0.62643055053608,0.27586206896551724,57.99999999999999
1289,5962,0.875,0.278125,0.62643055053608,0.27586206896551724,57.99999999999999
1290,22579,0.6961875,0.21969374999999997,0.9777014817491867,0.27586206896551724,57.99999999999999
1291,5880,0.875,0.24041562500000002,0.930333694735574,0.27586206896551724,57.99999999999999
1292,5749,0.8625,0.17785625,0.9873750150584266,0.27586206896551724,57.99999999999999
1293,5851,0.875,0.0464478125,0.7905914950006022,1.0,57.99999999999999
1294,22577,0.6487125,0.22280625,0.9757137694253704,0.48275862068965514,57.92857142857142
1295,5289,0.8625,0.2384375,0.9629442235875195,1.0,57.89999999999999
1296,21312,0.625,0.23065625,0.9821949162751474,1.0,57.89999999999999
1297,23806,0.5888125,0.191625,0.9876641368509818,1.0,57.89999999999999
1298,22581,0.6962125,0.216578125,0.9795205396940128,0.27586206896551724,57.89999999999999
1299,21312,0.625,0.23065625,0.9821949162751474,0.6206896551724137,57.83333333333332
1300,23224,0.625,0.1806125,0.9877002770750511,1.0,57.79999999999999
1301,23830,0.6125,0.20561249999999998,0.9965787254547644,0.3448275862068966,57.74999999999999
1302,23830,0.6125,0.20561249999999998,0.9965787254547644,0.9655172413793103,57.71428571428571
1303,22577,0.6487125,0.22280625,0.9757137694253704,0.9655172413793103,57.71428571428571
1304,21227,0.582775,0.23260625,0.9682568365257197,0.27586206896551724,57.69999999999999
1305,22569,0.8032250000000001,0.22359999999999997,0.975183712805686,0.27586206896551724,57.69999999999999
1306,23888,0.6487375,0.1915875,0.9876761835923381,0.3448275862068966,57.66666666666666
1307,2383,0.1125,0.09375,0.62643055053608,0.6896551724137931,57.64285714285714
1308,22577,0.6487125,0.22280625,0.9757137694253704,0.6896551724137931,57.64285714285714
1309,23876,0.8625,0.2024875,0.9855077701481749,1.0,57.59999999999999
1310,3068,0.125,0.0625,0.7324515118660402,1.0,57.59999999999999
1311,22604,0.8625,0.20878125,0.9953860980604745,0.27586206896551724,57.59999999999999
1312,2358,0.1125,0.059375,0.6996542585230695,0.0,57.5835475578406
1313,6090,0.875,0.09375,0.655524635586074,0.0,57.5835475578406
1314,22610,0.625,0.22436249999999996,0.9868931454041681,0.0,57.5835475578406
1315,22607,0.625,0.21190625000000002,0.9940368630285508,0.0,57.5835475578406
1316,5558,0.8625,0.300271875,0.7551740754126008,0.3448275862068966,57.58333333333332
1317,23804,0.6125,0.2024875,0.9855077701481749,0.8275862068965517,57.49999999999999
1318,5953,0.875,0.295615625,0.7658836284784966,0.6206896551724137,57.49999999999999
1319,2526,0.1125,0.309375,0.7059462715335502,0.6206896551724137,57.49999999999999
1320,22576,0.625,0.22436249999999996,0.9746536561860017,0.6206896551724137,57.49999999999999
1321,2910,0.125,0.309375,0.7059462715335502,0.6206896551724137,57.49999999999999
1322,22598,0.74375,0.216571875,0.9795205396940128,0.13793103448275862,57.454545454545446
1323,21226,0.6125,0.23065625,0.9698831466088423,0.48275862068965514,57.42857142857142
1324,22523,0.5828,0.210728125,0.9824478978436332,0.6896551724137931,57.42857142857142
1325,22523,0.5828,0.210728125,0.9824478978436332,0.9655172413793103,57.42857142857142
1326,5218,0.625,0.215625,0.958089386820865,0.6896551724137931,57.35714285714285
1327,4125,0.375,0.197040625,0.9989157932779182,0.48275862068965514,57.35714285714285
1328,4407,0.6125,0.09375,0.62643055053608,0.9655172413793103,57.35714285714285
1329,22574,0.6547,0.22554687499999998,0.9738103842910492,0.3448275862068966,57.33333333333332
1330,5363,0.8625,0.15274062500000002,0.9902300927599084,0.13793103448275862,57.272727272727266
1331,22607,0.625,0.21190625000000002,0.9940368630285508,0.13793103448275862,57.272727272727266
1332,23829,0.6125,0.2024875,0.9975906517287073,0.13793103448275862,57.272727272727266
1333,5493,0.8625,0.20159374999999996,0.8773762197325623,0.13793103448275862,57.272727272727266
1334,4340,0.6125,0.2336875,0.9796651005902903,0.13793103448275862,57.272727272727266
1335,5553,0.8625,0.28125,0.62643055053608,0.13793103448275862,57.272727272727266
1336,6242,0.875,0.206659375,0.8878448379713287,0.13793103448275862,57.272727272727266
1337,4546,0.6125,0.300271875,0.7551740754126008,0.13793103448275862,57.272727272727266
1338,5210,0.625,0.2384375,0.9629442235875195,0.3448275862068966,57.24999999999999
1339,21294,0.8625,0.233828125,0.9671967232863511,0.3448275862068966,57.24999999999999
1340,6109,0.875,0.0625,0.65293579086857,0.8275862068965517,57.18749999999999
1341,4480,0.6125,0.194553125,0.8788820624021202,0.6206896551724137,57.16666666666666
1342,5941,0.875,0.3125,0.6508384531984098,0.9655172413793103,57.164285714285704
1343,6095,0.875,0.09375,0.62643055053608,0.48275862068965514,57.14285714285714
1344,5102,0.625,0.059375,0.6996542585230695,0.48275862068965514,57.14285714285714
1345,21235,0.6125,0.233828125,0.9795446331767256,0.8275862068965517,57.12499999999999
1346,5197,0.625,0.21875,0.9116251054089869,0.27586206896551724,57.09999999999999
1347,22571,0.7439250000000001,0.219709375,0.9777014817491867,0.6206896551724137,57.08333333333332
1348,5218,0.625,0.215625,0.958089386820865,0.9655172413793103,57.06428571428571
1349,23889,0.625,0.19003125,0.9878086977472593,0.6896551724137931,56.99999999999999
1350,4389,0.6125,0.0625,0.7324515118660402,0.6896551724137931,56.99999999999999
1351,5790,0.875,0.139959375,0.96883508011083,0.27586206896551724,56.99999999999999
1352,5140,0.625,0.17483437500000001,0.9989157932779182,0.27586206896551724,56.99999999999999
1353,3521,0.3625,0.278125,0.7718949524153716,0.27586206896551724,56.99999999999999
1354,2713,0.1125,0.17785625,0.9873750150584266,0.27586206896551724,56.99999999999999
1355,3725,0.3625,0.17785625,0.9873750150584266,0.27586206896551724,56.99999999999999
1356,3931,0.375,0.30485937500000004,0.7440320443320082,0.27586206896551724,56.99999999999999
1357,5296,0.8625,0.21875,0.978279725334297,0.27586206896551724,56.99999999999999
1358,3993,0.375,0.20159374999999996,0.8773762197325623,0.27586206896551724,56.99999999999999
1359,4077,0.375,0.090625,0.6545717383447777,0.27586206896551724,56.99999999999999
1360,2523,0.1125,0.30485937500000004,0.7440320443320082,0.27586206896551724,56.99999999999999
1361,4341,0.6125,0.22643437500000002,0.9854234429586796,0.27586206896551724,56.99999999999999
1362,4391,0.6125,0.071603125,0.7551740754126008,0.27586206896551724,56.99999999999999
1363,2909,0.125,0.309375,0.62643055053608,0.27586206896551724,56.99999999999999
1364,4736,0.6125,0.171346875,0.9860498735092157,0.27586206896551724,56.99999999999999
1365,5680,0.8625,0.0625,0.7682568365257197,0.27586206896551724,56.99999999999999
1366,2919,0.125,0.30485937500000004,0.7440320443320082,0.27586206896551724,56.99999999999999
1367,3395,0.3625,0.09375,0.62643055053608,0.9655172413793103,56.92857142857142
1368,5954,0.875,0.300271875,0.7551740754126008,0.6896551724137931,56.92857142857142
1369,22582,0.672475,0.215021875,0.980363811588965,0.13793103448275862,56.9090909090909
1370,6090,0.875,0.09375,0.655524635586074,0.6206896551724137,56.83333333333332
1371,3389,0.3625,0.090625,0.62643055053608,1.0,56.78999999999999
1372,22578,0.6724625,0.22125,0.9767377424406698,0.13793103448275862,56.72727272727272
1373,6095,0.875,0.09375,0.62643055053608,0.9655172413793103,56.71428571428571
1374,23223,0.625,0.1837375,0.9879171184194675,1.0,56.69999999999999
1375,22599,0.7140875,0.214625,0.9805686061920249,0.27586206896551724,56.69999999999999
1376,22583,0.6487499999999999,0.21346249999999997,0.9811588965184916,0.48275862068965514,56.64285714285714
1377,23889,0.625,0.19003125,0.9878086977472593,0.9655172413793103,56.64285714285714
1378,5310,0.8625,0.25,0.906143838091796,1.0,56.59999999999999
1379,22587,0.8151375,0.22125625,0.9767256956993133,0.27586206896551724,56.59999999999999
1380,3469,0.3625,0.20159374999999996,0.8773762197325623,0.6206896551724137,56.58333333333332
1381,21236,0.6125,0.23065625,0.9821949162751474,0.6206896551724137,56.58333333333332
1382,5558,0.8625,0.300271875,0.7551740754126008,0.6896551724137931,56.57142857142856
1383,3078,0.125,0.059375,0.6996542585230695,0.0,56.55526992287917
1384,2382,0.1125,0.09375,0.655524635586074,0.0,56.55526992287917
1385,2526,0.1125,0.309375,0.7059462715335502,0.0,56.55526992287917
1386,2910,0.125,0.309375,0.7059462715335502,0.0,56.55526992287917
1387,22601,0.6547,0.210728125,0.9824478978436332,0.8275862068965517,56.49999999999999
1388,21294,0.8625,0.233828125,0.9671967232863511,0.6896551724137931,56.49999999999999
1389,22598,0.74375,0.216571875,0.9795205396940128,0.6206896551724137,56.49999999999999
1390,3932,0.375,0.28125,0.6545717383447777,1.0,56.49999999999999
1391,5413,0.8625,0.090625,0.62643055053608,1.0,56.49999999999999
1392,23893,0.773575,0.199778125,0.986242621370919,0.27586206896551724,56.49999999999999
1393,23277,0.6487375,0.17905625,0.9995904107938802,1.0,56.49999999999999
1394,3395,0.3625,0.09375,0.62643055053608,0.48275862068965514,56.42857142857142
1395,3377,0.3625,0.0625,0.7324515118660402,0.48275862068965514,56.42857142857142
1396,5562,0.8625,0.309375,0.7059462715335502,0.48275862068965514,56.42857142857142
1397,4407,0.6125,0.09375,0.62643055053608,0.48275862068965514,56.42857142857142
1398,21216,0.375,0.23378125,0.9672328635104203,0.3448275862068966,56.41666666666666
1399,2383,0.1125,0.09375,0.62643055053608,0.3448275862068966,56.41666666666666
1400,23829,0.6125,0.2024875,0.9975906517287073,1.0,56.39999999999999
1401,22569,0.8032250000000001,0.22359999999999997,0.975183712805686,1.0,56.39999999999999
1402,22522,0.6125,0.20878125,0.9832791229972292,1.0,56.39999999999999
1403,5944,0.875,0.3125,0.62643055053608,0.6896551724137931,56.38571428571428
1404,6096,0.875,0.090625,0.62643055053608,0.13793103448275862,56.36363636363635
1405,21311,0.625,0.23378125,0.979580773400795,0.13793103448275862,56.36363636363635
1406,3937,0.375,0.28125,0.62643055053608,0.13793103448275862,56.36363636363635
1407,23818,0.6125,0.20561249999999998,0.9844837971328756,0.13793103448275862,56.36363636363635
1408,5078,0.625,0.09375,0.655524635586074,0.13793103448275862,56.36363636363635
1409,3060,0.125,0.090625,0.62643055053608,0.13793103448275862,56.36363636363635
1410,22587,0.8151375,0.22125625,0.9767256956993133,0.0,56.34961439588688
1411,5197,0.625,0.21875,0.9116251054089869,1.0,56.32999999999999
1412,22583,0.6487499999999999,0.21346249999999997,0.9811588965184916,0.6896551724137931,56.28571428571428
1413,22590,0.8625,0.21195312500000002,0.9818817009998795,0.8275862068965517,56.24999999999999
1414,4389,0.6125,0.0625,0.7324515118660402,0.3448275862068966,56.24999999999999
1415,22602,0.625,0.20878125,0.9832791229972292,0.48275862068965514,56.21428571428571
1416,6155,0.875,0.15274062500000002,0.9902300927599084,1.0,56.19999999999999
1417,22516,0.5888375,0.2228125,0.9757137694253704,1.0,56.19999999999999
1418,22581,0.6962125,0.216578125,0.9795205396940128,0.0,56.14395886889459
1419,5963,0.875,0.278125,0.7718949524153716,1.0,56.09999999999999
1420,23817,0.375,0.19003125,0.9878086977472593,0.3448275862068966,56.08333333333332
1421,4382,0.6125,0.059375,0.6996542585230695,0.6206896551724137,56.08333333333332
1422,21294,0.8625,0.233828125,0.9671967232863511,0.9655172413793103,56.07142857142856
1423,22583,0.6487499999999999,0.21346249999999997,0.9811588965184916,0.9655172413793103,56.07142857142856
1424,22576,0.625,0.22436249999999996,0.9746536561860017,0.6896551724137931,56.07142857142856
1425,22523,0.5828,0.210728125,0.9824478978436332,0.48275862068965514,56.07142857142856
1426,5419,0.8625,0.09375,0.62643055053608,0.9655172413793103,55.99999999999999
1427,22573,0.6844625,0.22359999999999997,0.975183712805686,0.3448275862068966,55.99999999999999
1428,2927,0.125,0.278125,0.7718949524153716,0.27586206896551724,55.99999999999999
1429,5089,0.625,0.090625,0.6545717383447777,0.27586206896551724,55.99999999999999
1430,3939,0.375,0.278125,0.7718949524153716,0.27586206896551724,55.99999999999999
1431,6143,0.875,0.2408875,0.9729671123960967,0.27586206896551724,55.99999999999999
1432,4950,0.625,0.278125,0.62643055053608,0.27586206896551724,55.99999999999999
1433,5963,0.875,0.278125,0.7718949524153716,0.27586206896551724,55.99999999999999
1434,5563,0.8625,0.309375,0.7324515118660402,0.27586206896551724,55.99999999999999
1435,22587,0.8151375,0.22125625,0.9767256956993133,1.0,55.99999999999999
1436,5909,0.875,0.29007499999999997,0.7915190940850501,0.27586206896551724,55.99999999999999
1437,6101,0.875,0.090625,0.6545717383447777,0.27586206896551724,55.99999999999999
1438,2727,0.125,0.17785625,0.9873750150584266,0.27586206896551724,55.99999999999999
1439,22570,0.7736,0.22165625000000003,0.9764727141308276,0.27586206896551724,55.99999999999999
1440,4533,0.6125,0.278125,0.7718949524153716,0.27586206896551724,55.99999999999999
1441,5083,0.625,0.09375,0.62643055053608,0.9655172413793103,55.92857142857142
1442,5954,0.875,0.300271875,0.7551740754126008,0.9655172413793103,55.92857142857142
1443,4407,0.6125,0.09375,0.62643055053608,0.6896551724137931,55.92857142857142
1444,3113,0.125,0.197040625,0.9989157932779182,0.6206896551724137,55.91666666666666
1445,21283,0.696175,0.24156875000000003,0.9598120708348392,0.27586206896551724,55.89999999999999
1446,4540,0.6125,0.28125,0.6545717383447777,1.0,55.89999999999999
1447,23144,0.58285,0.18179375,0.9877966510059029,0.6896551724137931,55.85714285714285
1448,23893,0.773575,0.199778125,0.986242621370919,0.0,55.83547557840616
1449,22569,0.8032250000000001,0.22359999999999997,0.975183712805686,0.0,55.83547557840616
1450,3272,0.3625,0.21875,0.978279725334297,1.0,55.79999999999999
1451,5200,0.625,0.21875,0.978279725334297,1.0,55.79999999999999
1452,21312,0.625,0.23065625,0.9821949162751474,0.48275862068965514,55.78571428571428
1453,22603,0.8625,0.21195312500000002,0.9940127695458378,0.6896551724137931,55.78571428571428
1454,22576,0.625,0.22436249999999996,0.9746536561860017,0.9655172413793103,55.78571428571428
1455,5557,0.8625,0.295615625,0.7658836284784966,0.6206896551724137,55.74999999999999
1456,22581,0.6962125,0.216578125,0.9795205396940128,0.6206896551724137,55.74999999999999
1457,21295,0.8388,0.235378125,0.9658113480303577,0.0,55.73264781491002
1458,22570,0.7736,0.22165625000000003,0.9764727141308276,0.0,55.73264781491002
1459,5083,0.625,0.09375,0.62643055053608,0.48275862068965514,55.71428571428571
1460,5419,0.8625,0.09375,0.62643055053608,0.48275862068965514,55.71428571428571
1461,22603,0.8625,0.21195312500000002,0.9940127695458378,0.9655172413793103,55.71428571428571
1462,5946,0.875,0.309375,0.7059462715335502,0.48275862068965514,55.71428571428571
1463,22580,0.7199375,0.218134375,0.9786411275749909,1.0,55.69999999999999
1464,22520,0.5651375,0.21505000000000002,0.9803397181062522,0.27586206896551724,55.69999999999999
1465,5137,0.625,0.197040625,0.9989157932779182,0.6206896551724137,55.66666666666666
1466,6104,0.875,0.0625,0.7324515118660402,0.6206896551724137,55.66666666666666
1467,3533,0.3625,0.295615625,0.7658836284784966,1.0,55.59999999999999
1468,22572,0.7141625,0.22165625000000003,0.9764727141308276,0.6206896551724137,55.58333333333332
1469,6095,0.875,0.09375,0.62643055053608,0.6896551724137931,55.57142857142856
1470,23144,0.58285,0.18179375,0.9877966510059029,0.9655172413793103,55.57142857142856
1471,4090,0.375,0.059375,0.6996542585230695,0.0,55.52699228791773
1472,6018,0.875,0.208621875,0.8749909649439825,0.0,55.52699228791773
1473,5413,0.8625,0.090625,0.62643055053608,0.0,55.52699228791773
1474,5102,0.625,0.059375,0.6996542585230695,0.0,55.52699228791773
1475,22599,0.7140875,0.214625,0.9805686061920249,0.0,55.52699228791773
1476,5557,0.8625,0.295615625,0.7658836284784966,0.0,55.52699228791773
1477,22579,0.6961875,0.21969374999999997,0.9777014817491867,0.0,55.52699228791773
1478,5953,0.875,0.295615625,0.7658836284784966,0.0,55.52699228791773
1479,3395,0.3625,0.09375,0.62643055053608,0.6896551724137931,55.49999999999999
1480,23830,0.6125,0.20561249999999998,0.9965787254547644,0.48275862068965514,55.49999999999999
1481,5558,0.8625,0.300271875,0.7551740754126008,0.9655172413793103,55.49999999999999
1482,18702,0.8625,0.277578125,0.9091555234309118,0.3448275862068966,55.49999999999999
1483,5131,0.625,0.2408875,0.9729671123960967,0.3448275862068966,55.49999999999999
1484,4406,0.6125,0.09375,0.655524635586074,0.6206896551724137,55.49999999999999
1485,22571,0.7439250000000001,0.219709375,0.9777014817491867,0.3448275862068966,55.49999999999999
1486,18702,0.8625,0.277578125,0.9091555234309118,0.6206896551724137,55.49999999999999
1487,4351,0.6125,0.15274062500000002,0.9902300927599084,1.0,55.49999999999999
1488,5618,0.8625,0.246875,0.9248042404529574,1.0,55.49999999999999
1489,3528,0.3625,0.28125,0.6545717383447777,1.0,55.49999999999999
1490,5136,0.625,0.20443125,0.9969883146608842,0.13793103448275862,55.454545454545446
1491,22610,0.625,0.22436249999999996,0.9868931454041681,0.13793103448275862,55.454545454545446
1492,5559,0.8625,0.30485937500000004,0.7440320443320082,0.13793103448275862,55.454545454545446
1493,4401,0.6125,0.090625,0.62643055053608,0.13793103448275862,55.454545454545446
1494,4406,0.6125,0.09375,0.655524635586074,0.13793103448275862,55.454545454545446
1495,5748,0.8625,0.171346875,0.9860498735092157,0.13793103448275862,55.454545454545446
1496,5363,0.8625,0.15274062500000002,0.9902300927599084,1.0,55.39999999999999
1497,3929,0.375,0.295615625,0.7658836284784966,1.0,55.39999999999999
1498,21283,0.696175,0.24156875000000003,0.9598120708348392,1.0,55.39999999999999
1499,4071,0.375,0.09375,0.62643055053608,0.9655172413793103,55.35714285714285
1500,23889,0.625,0.19003125,0.9878086977472593,0.48275862068965514,55.35714285714285
1501,3394,0.3625,0.09375,0.655524635586074,0.6206896551724137,55.33333333333332
1502,5418,0.8625,0.09375,0.655524635586074,0.6206896551724137,55.33333333333332
1503,22598,0.74375,0.216571875,0.9795205396940128,0.3448275862068966,55.33333333333332
1504,5606,0.8625,0.278125,0.8796530538489338,0.6206896551724137,55.33333333333332
1505,22596,0.803125,0.212678125,0.9815443922418986,0.27586206896551724,55.29999999999999
1506,22496,0.5828875,0.22554687499999998,0.9738103842910492,0.27586206896551724,55.29999999999999
1507,23817,0.375,0.19003125,0.9878086977472593,0.6896551724137931,55.28571428571428
1508,21307,0.8625,0.233828125,0.9795446331767256,0.3448275862068966,55.24999999999999
1509,3061,0.125,0.090625,0.7671364895795687,0.6206896551724137,55.24999999999999
1510,2358,0.1125,0.059375,0.6996542585230695,0.6206896551724137,55.24999999999999
1511,22533,0.6125,0.22748749999999998,0.984652451511866,1.0,55.19999999999999
1512,5133,0.625,0.22643437500000002,0.9854234429586796,1.0,55.19999999999999
1513,2917,0.125,0.295615625,0.7658836284784966,1.0,55.19999999999999
1514,23809,0.375,0.2024875,0.9855077701481749,0.6206896551724137,55.16666666666666
1515,21223,0.5888,0.235378125,0.9658113480303577,0.6206896551724137,55.16666666666666
1516,21226,0.6125,0.23065625,0.9698831466088423,0.9655172413793103,55.14285714285714
1517,23887,0.672475,0.19314375,0.9874954824719914,0.6206896551724137,55.08333333333332
1518,22606,0.8625,0.22436249999999996,0.9868931454041681,0.3448275862068966,55.08333333333332
1519,3377,0.3625,0.0625,0.7324515118660402,0.9655172413793103,55.07142857142856
1520,23817,0.375,0.19003125,0.9878086977472593,0.9655172413793103,55.07142857142856
1521,21226,0.6125,0.23065625,0.9698831466088423,0.6896551724137931,55.07142857142856
1522,22546,0.5888125,0.213503125,0.9932779183230935,0.9655172413793103,54.99999999999999
1523,22546,0.5888125,0.213503125,0.9932779183230935,0.6896551724137931,54.99999999999999
1524,4071,0.375,0.09375,0.62643055053608,0.48275862068965514,54.99999999999999
1525,3113,0.125,0.197040625,0.9989157932779182,0.6896551724137931,54.99999999999999
1526,3113,0.125,0.197040625,0.9989157932779182,0.9655172413793103,54.99999999999999
1527,2375,0.1125,0.090625,0.7671364895795687,0.6206896551724137,54.99999999999999
1528,3078,0.125,0.059375,0.6996542585230695,0.6206896551724137,54.99999999999999
1529,3922,0.375,0.309375,0.7059462715335502,0.3448275862068966,54.99999999999999
1530,4934,0.625,0.309375,0.7059462715335502,0.3448275862068966,54.99999999999999
1531,3538,0.3625,0.309375,0.7059462715335502,0.3448275862068966,54.99999999999999
1532,4551,0.6125,0.309375,0.7324515118660402,0.27586206896551724,54.99999999999999
1533,6245,0.875,0.19389375,0.8910372244307915,0.27586206896551724,54.99999999999999
1534,3379,0.3625,0.071603125,0.7551740754126008,0.27586206896551724,54.99999999999999
1535,5093,0.625,0.071603125,0.7551740754126008,0.27586206896551724,54.99999999999999
1536,3383,0.3625,0.090625,0.6545717383447777,0.27586206896551724,54.99999999999999
1537,3108,0.125,0.2336875,0.9796651005902903,1.0,54.99999999999999
1538,4119,0.375,0.2408875,0.9729671123960967,0.27586206896551724,54.99999999999999
1539,3065,0.125,0.090625,0.6545717383447777,0.27586206896551724,54.99999999999999
1540,4253,0.6125,0.206659375,0.8878448379713287,0.27586206896551724,54.99999999999999
1541,4267,0.6125,0.215625,0.9800385495723407,0.27586206896551724,54.99999999999999
1542,3921,0.375,0.309375,0.62643055053608,0.27586206896551724,54.99999999999999
1543,6222,0.875,0.2384375,0.9629442235875195,0.27586206896551724,54.99999999999999
1544,2981,0.125,0.20159374999999996,0.8773762197325623,0.27586206896551724,54.99999999999999
1545,5628,0.8625,0.24041562500000002,0.930333694735574,0.27586206896551724,54.99999999999999
1546,5629,0.8625,0.246875,0.9468497771352848,0.27586206896551724,54.99999999999999
1547,4395,0.6125,0.090625,0.6545717383447777,0.27586206896551724,54.99999999999999
1548,3656,0.3625,0.0625,0.7682568365257197,0.27586206896551724,54.99999999999999
1549,4457,0.6125,0.17732187500000002,0.8788820624021202,0.27586206896551724,54.99999999999999
1550,5949,0.875,0.309375,0.7324515118660402,0.27586206896551724,54.99999999999999
1551,2456,0.1125,0.194553125,0.8788820624021202,0.27586206896551724,54.99999999999999
1552,22516,0.5888375,0.2228125,0.9757137694253704,0.27586206896551724,54.99999999999999
1553,4668,0.6125,0.0625,0.7682568365257197,0.27586206896551724,54.99999999999999
1554,6096,0.875,0.090625,0.62643055053608,1.0,54.94999999999999
1555,22546,0.5888125,0.213503125,0.9932779183230935,0.48275862068965514,54.92857142857142
1556,3059,0.125,0.09375,0.62643055053608,0.9655172413793103,54.92857142857142
1557,21301,0.7734,0.23650312499999998,0.9647753282737019,0.6206896551724137,54.91666666666666
1558,4091,0.375,0.059375,0.6752463558607397,1.0,54.89999999999999
1559,23883,0.6724625,0.199375,0.9863389953017708,1.0,54.89999999999999
1560,2521,0.1125,0.295615625,0.7658836284784966,1.0,54.89999999999999
1561,21287,0.6487625,0.235340625,0.9658474882544271,0.6206896551724137,54.83333333333332
1562,23858,0.4046875,0.188853125,0.9999277195518612,0.3448275862068966,54.83333333333332
1563,4204,0.375,0.18979375,0.9878207444886157,1.0,54.79999999999999
1564,2909,0.125,0.309375,0.62643055053608,1.0,54.79999999999999
1565,5083,0.625,0.09375,0.62643055053608,0.6896551724137931,54.78571428571428
1566,22512,0.375,0.21190625000000002,0.9819057944825923,0.6206896551724137,54.74999999999999
1567,5419,0.8625,0.09375,0.62643055053608,0.6896551724137931,54.71428571428571
1568,22573,0.6844625,0.22359999999999997,0.975183712805686,0.27586206896551724,54.69999999999999
1569,4341,0.6125,0.22643437500000002,0.9854234429586796,1.0,54.59999999999999
1570,23894,0.7439250000000001,0.197834375,0.9866883508011083,0.27586206896551724,54.59999999999999
1571,6095,0.875,0.09375,0.62643055053608,0.3448275862068966,54.58333333333333
1572,2531,0.1125,0.3125,0.6508384531984098,0.8275862068965517,54.56249999999999
1573,5353,0.8625,0.22643437500000002,0.9854234429586796,0.13793103448275862,54.54545454545454
1574,4073,0.375,0.090625,0.7671364895795687,0.13793103448275862,54.54545454545454
1575,5092,0.625,0.0625,0.7324515118660402,0.13793103448275862,54.54545454545454
1576,4066,0.375,0.09375,0.655524635586074,0.13793103448275862,54.54545454545454
1577,5393,0.8625,0.059375,0.6752463558607397,0.13793103448275862,54.54545454545454
1578,2375,0.1125,0.090625,0.7671364895795687,0.13793103448275862,54.54545454545454
1579,3387,0.3625,0.090625,0.7671364895795687,0.13793103448275862,54.54545454545454
1580,3394,0.3625,0.09375,0.655524635586074,0.13793103448275862,54.54545454545454
1581,5955,0.875,0.30485937500000004,0.7440320443320082,0.13793103448275862,54.54545454545454
1582,5084,0.625,0.090625,0.62643055053608,0.13793103448275862,54.54545454545454
1583,5418,0.8625,0.09375,0.655524635586074,0.13793103448275862,54.54545454545454
1584,3061,0.125,0.090625,0.7671364895795687,0.13793103448275862,54.54545454545454
1585,3054,0.125,0.09375,0.655524635586074,0.13793103448275862,54.54545454545454
1586,4949,0.625,0.28125,0.62643055053608,0.13793103448275862,54.54545454545454
1587,5492,0.8625,0.194553125,0.8788820624021202,0.13793103448275862,54.54545454545454
1588,5251,0.8625,0.16270625,0.9674978918202626,0.13793103448275862,54.54545454545454
1589,5564,0.8625,0.309375,0.62643055053608,0.13793103448275862,54.54545454545454
1590,4399,0.6125,0.090625,0.7671364895795687,0.13793103448275862,54.54545454545454
1591,3529,0.3625,0.28125,0.62643055053608,0.13793103448275862,54.54545454545454
1592,3534,0.3625,0.300271875,0.7551740754126008,0.13793103448275862,54.54545454545454
1593,2918,0.125,0.300271875,0.7551740754126008,0.13793103448275862,54.54545454545454
1594,2925,0.125,0.28125,0.62643055053608,0.13793103448275862,54.54545454545454
1595,21301,0.7734,0.23650312499999998,0.9647753282737019,0.3448275862068966,54.49999999999999
1596,4210,0.375,0.196271875,0.9870015660763762,0.3448275862068966,54.49999999999999
1597,2516,0.1125,0.28125,0.6545717383447777,1.0,54.49999999999999
1598,4950,0.625,0.278125,0.62643055053608,1.0,54.49999999999999
1599,4541,0.6125,0.28125,0.62643055053608,0.0,54.49871465295629
1600,4382,0.6125,0.059375,0.6996542585230695,0.0,54.49871465295629
1601,4879,0.625,0.246875,0.9248042404529574,0.0,54.49871465295629
1602,5961,0.875,0.28125,0.62643055053608,0.0,54.49871465295629
1603,6097,0.875,0.090625,0.7671364895795687,0.0,54.49871465295629
1604,5418,0.8625,0.09375,0.655524635586074,0.0,54.49871465295629
1605,4406,0.6125,0.09375,0.655524635586074,0.0,54.49871465295629
1606,23819,0.582875,0.20366875,0.9851343211661244,0.0,54.49871465295629
1607,6149,0.875,0.197040625,0.9989157932779182,0.0,54.49871465295629
1608,5078,0.625,0.09375,0.655524635586074,0.0,54.49871465295629
1609,6150,0.875,0.189640625,0.9998795325864354,0.0,54.49871465295629
1610,3370,0.3625,0.059375,0.6996542585230695,0.0,54.49871465295629
1611,22597,0.7734125,0.214625,0.9805686061920249,0.13793103448275862,54.454545454545446
1612,6097,0.875,0.090625,0.7671364895795687,0.6206896551724137,54.41666666666666
1613,5078,0.625,0.09375,0.655524635586074,0.6206896551724137,54.41666666666666
1614,4090,0.375,0.059375,0.6996542585230695,0.6206896551724137,54.41666666666666
1615,22589,0.8625,0.22436249999999996,0.9746536561860017,1.0,54.39999999999999
1616,2528,0.1125,0.309375,0.62643055053608,1.0,54.39999999999999
1617,22575,0.625,0.22748749999999998,0.97237682206963,0.6206896551724137,54.33333333333333
1618,4121,0.375,0.22643437500000002,0.9854234429586796,1.0,54.29999999999999
1619,3059,0.125,0.09375,0.62643055053608,0.48275862068965514,54.28571428571428
1620,5946,0.875,0.309375,0.7059462715335502,0.6896551724137931,54.28571428571428
1621,5085,0.625,0.090625,0.7671364895795687,0.6206896551724137,54.24999999999999
1622,4071,0.375,0.09375,0.62643055053608,0.6896551724137931,54.21428571428571
1623,4933,0.625,0.309375,0.62643055053608,1.0,54.19999999999999
1624,23881,0.625,0.2024875,0.9855077701481749,0.8275862068965517,54.18749999999999
1625,5657,0.8625,0.042315000000000005,0.7767256956993133,0.8275862068965517,54.18749999999999
1626,2365,0.1125,0.0625,0.7324515118660402,1.0,54.16999999999999
1627,4541,0.6125,0.28125,0.62643055053608,0.6206896551724137,54.16666666666666
1628,4550,0.6125,0.309375,0.7059462715335502,0.3448275862068966,54.16666666666666
1629,5553,0.8625,0.28125,0.62643055053608,0.3448275862068966,54.16666666666666
1630,3937,0.375,0.28125,0.62643055053608,0.6206896551724137,54.16666666666666
1631,22603,0.8625,0.21195312500000002,0.9940127695458378,0.48275862068965514,54.14285714285714
1632,5954,0.875,0.300271875,0.7551740754126008,0.48275862068965514,54.14285714285714
1633,23886,0.6961999999999999,0.194703125,0.9872665943862186,1.0,54.09999999999999
1634,23802,0.5651375,0.19938125,0.9863389953017708,1.0,54.09999999999999
1635,22581,0.6962125,0.216578125,0.9795205396940128,0.3448275862068966,54.08333333333333
1636,22572,0.7141625,0.22165625000000003,0.9764727141308276,0.3448275862068966,54.08333333333333
1637,22582,0.672475,0.215021875,0.980363811588965,0.48275862068965514,54.07142857142856
1638,3054,0.125,0.09375,0.655524635586074,0.6206896551724137,53.99999999999999
1639,4284,0.6125,0.21875,0.978279725334297,0.3448275862068966,53.99999999999999
1640,4407,0.6125,0.09375,0.62643055053608,0.3448275862068966,53.99999999999999
1641,4066,0.375,0.09375,0.655524635586074,0.6206896551724137,53.99999999999999
1642,2920,0.125,0.28125,0.6545717383447777,1.0,53.99999999999999
1643,5828,0.875,0.0625,0.7682568365257197,0.27586206896551724,53.99999999999999
1644,23237,0.8625,0.1806125,0.9877002770750511,0.27586206896551724,53.99999999999999
1645,2509,0.1125,0.278125,0.7718949524153716,0.27586206896551724,53.99999999999999
1646,4937,0.625,0.309375,0.7324515118660402,0.27586206896551724,53.99999999999999
1647,2325,0.1125,0.16744375,0.9969883146608842,0.27586206896551724,53.99999999999999
1648,22459,0.3625,0.22436249999999996,0.9868931454041681,0.27586206896551724,53.99999999999999
1649,3925,0.375,0.309375,0.7324515118660402,0.27586206896551724,53.99999999999999
1650,3470,0.3625,0.208621875,0.8749909649439825,0.27586206896551724,53.99999999999999
1651,5005,0.625,0.20159374999999996,0.8773762197325623,0.27586206896551724,53.99999999999999
1652,3069,0.125,0.071603125,0.7551740754126008,0.27586206896551724,53.99999999999999
1653,2726,0.125,0.171346875,0.9860498735092157,0.27586206896551724,53.99999999999999
1654,6043,0.875,0.17732187500000002,0.8788820624021202,0.27586206896551724,53.99999999999999
1655,3116,0.125,0.17483437500000001,0.9989157932779182,0.27586206896551724,53.99999999999999
1656,4081,0.375,0.071603125,0.7551740754126008,0.27586206896551724,53.99999999999999
1657,3122,0.125,0.13098749999999998,0.9729671123960967,0.27586206896551724,53.99999999999999
1658,3539,0.3625,0.309375,0.7324515118660402,0.27586206896551724,53.99999999999999
1659,5401,0.8625,0.0625,0.7324515118660402,0.9655172413793103,53.92857142857142
1660,21312,0.625,0.23065625,0.9821949162751474,0.3448275862068966,53.91666666666666
1661,23909,0.654725,0.20366875,0.9972292494880134,0.6206896551724137,53.91666666666666
1662,4073,0.375,0.090625,0.7671364895795687,0.6206896551724137,53.91666666666666
1663,2457,0.1125,0.20159374999999996,0.8773762197325623,1.0,53.88999999999999
1664,3377,0.3625,0.0625,0.7324515118660402,0.6896551724137931,53.85714285714285
1665,4545,0.6125,0.295615625,0.7658836284784966,1.0,53.79999999999999
1666,21295,0.8388,0.235378125,0.9658113480303577,1.0,53.79999999999999
1667,23107,0.3625,0.1806125,0.9997470184315143,0.6896551724137931,53.78571428571428
1668,5558,0.8625,0.300271875,0.7551740754126008,0.48275862068965514,53.78571428571428
1669,3059,0.125,0.09375,0.62643055053608,0.6896551724137931,53.78571428571428
1670,3395,0.3625,0.09375,0.62643055053608,0.3448275862068966,53.74999999999999
1671,23888,0.6487375,0.1915875,0.9876761835923381,0.48275862068965514,53.71428571428571
1672,4399,0.6125,0.090625,0.7671364895795687,0.6206896551724137,53.66666666666666
1673,23860,0.5828125,0.188853125,0.9999277195518612,0.6206896551724137,53.66666666666666
1674,23107,0.3625,0.1806125,0.9997470184315143,0.9655172413793103,53.64285714285714
1675,5762,0.875,0.171346875,0.9860498735092157,0.13793103448275862,53.636363636363626
1676,4942,0.625,0.300271875,0.7551740754126008,0.13793103448275862,53.636363636363626
1677,2522,0.1125,0.300271875,0.7551740754126008,0.13793103448275862,53.636363636363626
1678,21235,0.6125,0.233828125,0.9795446331767256,0.13793103448275862,53.636363636363626
1679,6097,0.875,0.090625,0.7671364895795687,0.13793103448275862,53.636363636363626
1680,3930,0.375,0.300271875,0.7551740754126008,0.13793103448275862,53.636363636363626
1681,5411,0.8625,0.090625,0.7671364895795687,0.13793103448275862,53.636363636363626
1682,5085,0.625,0.090625,0.7671364895795687,0.13793103448275862,53.636363636363626
1683,3389,0.3625,0.090625,0.62643055053608,0.13793103448275862,53.636363636363626
1684,5143,0.625,0.15274062500000002,0.9902300927599084,0.13793103448275862,53.636363636363626
1685,5747,0.8625,0.16485,0.9839657872545476,0.13793103448275862,53.636363636363626
1686,5961,0.875,0.28125,0.62643055053608,0.3448275862068966,53.58333333333333
1687,23892,0.8032125000000001,0.201725,0.9857246114925913,0.6206896551724137,53.58333333333333
1688,5411,0.8625,0.090625,0.7671364895795687,0.6206896551724137,53.58333333333333
1689,22600,0.684375,0.212678125,0.9815443922418986,0.0,53.57326478149099
1690,21216,0.375,0.23378125,0.9672328635104203,0.48275862068965514,53.49999999999999
1691,21300,0.8031124999999999,0.234553125,0.9665582459944585,0.27586206896551724,53.49999999999999
1692,23828,0.6125,0.19007812500000001,0.9998554391037224,1.0,53.49999999999999
1693,4546,0.6125,0.300271875,0.7551740754126008,0.0,53.47043701799485
1694,5553,0.8625,0.28125,0.62643055053608,0.0,53.47043701799485
1695,5411,0.8625,0.090625,0.7671364895795687,0.0,53.47043701799485
1696,4399,0.6125,0.090625,0.7671364895795687,0.0,53.47043701799485
1697,3394,0.3625,0.09375,0.655524635586074,0.0,53.47043701799485
1698,5363,0.8625,0.15274062500000002,0.9902300927599084,0.0,53.47043701799485
1699,23803,0.588825,0.20093437500000003,0.9859414528370076,0.0,53.47043701799485
1700,5353,0.8625,0.22643437500000002,0.9854234429586796,0.0,53.47043701799485
1701,23893,0.773575,0.199778125,0.986242621370919,0.13793103448275862,53.454545454545446
1702,22582,0.672475,0.215021875,0.980363811588965,0.6896551724137931,53.42857142857142
1703,4481,0.6125,0.20159374999999996,0.8773762197325623,0.48275862068965514,53.42857142857142
1704,4255,0.6125,0.19389375,0.8910372244307915,1.0,53.36999999999999
1705,22582,0.672475,0.215021875,0.980363811588965,0.9655172413793103,53.35714285714285
1706,23858,0.4046875,0.188853125,0.9999277195518612,0.48275862068965514,53.35714285714285
1707,2526,0.1125,0.309375,0.7059462715335502,0.3448275862068966,53.33333333333333
1708,2910,0.125,0.309375,0.7059462715335502,0.3448275862068966,53.33333333333333
1709,3529,0.3625,0.28125,0.62643055053608,0.6206896551724137,53.33333333333333
1710,5945,0.875,0.309375,0.62643055053608,0.6206896551724137,53.33333333333333
1711,4941,0.625,0.295615625,0.7658836284784966,1.0,53.29999999999999
1712,5949,0.875,0.309375,0.7324515118660402,1.0,53.29999999999999
1713,22576,0.625,0.22436249999999996,0.9746536561860017,0.3448275862068966,53.24999999999999
1714,22578,0.6724625,0.22125,0.9767377424406698,0.48275862068965514,53.21428571428571
1715,23817,0.375,0.19003125,0.9878086977472593,0.48275862068965514,53.21428571428571
1716,5563,0.8625,0.309375,0.7324515118660402,1.0,53.19999999999999
1717,3109,0.125,0.22643437500000002,0.9854234429586796,1.0,53.19999999999999
1718,5748,0.8625,0.171346875,0.9860498735092157,0.6206896551724137,53.16666666666666
1719,3540,0.3625,0.309375,0.62643055053608,1.0,53.09999999999999
1720,3369,0.3625,0.059375,0.6752463558607397,1.0,53.09999999999999
1721,5083,0.625,0.09375,0.62643055053608,0.3448275862068966,53.08333333333333
1722,4381,0.6125,0.059375,0.6752463558607397,1.0,53.06999999999999
1723,5419,0.8625,0.09375,0.62643055053608,0.3448275862068966,52.99999999999999
1724,4481,0.6125,0.20159374999999996,0.8773762197325623,0.3448275862068966,52.99999999999999
1725,6114,0.875,0.059375,0.6996542585230695,0.6206896551724137,52.99999999999999
1726,6218,0.875,0.22310937500000003,0.9005421033610408,0.27586206896551724,52.99999999999999
1727,23893,0.773575,0.199778125,0.986242621370919,1.0,52.99999999999999
1728,23107,0.3625,0.1806125,0.9997470184315143,0.27586206896551724,52.99999999999999
1729,2979,0.125,0.194553125,0.8788820624021202,0.27586206896551724,52.99999999999999
1730,5597,0.8625,0.29007499999999997,0.7915190940850501,0.27586206896551724,52.99999999999999
1731,4868,0.625,0.24041562500000002,0.930333694735574,0.27586206896551724,52.99999999999999
1732,5469,0.8625,0.17732187500000002,0.8788820624021202,0.27586206896551724,52.99999999999999
1733,4255,0.6125,0.19389375,0.8910372244307915,0.27586206896551724,52.99999999999999
1734,22445,0.12499999999999992,0.21190625000000002,0.9819057944825923,0.27586206896551724,52.99999999999999
1735,3724,0.3625,0.171346875,0.9860498735092157,0.27586206896551724,52.99999999999999
1736,5306,0.8625,0.269728125,0.8990362606914829,0.27586206896551724,52.99999999999999
1737,2367,0.1125,0.071603125,0.7551740754126008,0.27586206896551724,52.99999999999999
1738,6104,0.875,0.0625,0.7324515118660402,1.0,52.92999999999999
1739,22579,0.6961875,0.21969374999999997,0.9777014817491867,0.6206896551724137,52.91666666666666
1740,3387,0.3625,0.090625,0.7671364895795687,0.6206896551724137,52.91666666666666
1741,22520,0.5651375,0.21505000000000002,0.9803397181062522,1.0,52.89999999999999
1742,5146,0.625,0.13098749999999998,0.9729671123960967,1.0,52.89999999999999
1743,5553,0.8625,0.28125,0.62643055053608,0.48275862068965514,52.85714285714285
1744,5401,0.8625,0.0625,0.7324515118660402,0.6896551724137931,52.85714285714285
1745,4080,0.375,0.0625,0.7324515118660402,0.48275862068965514,52.85714285714285
1746,2365,0.1125,0.0625,0.7324515118660402,0.48275862068965514,52.85714285714285
1747,3377,0.3625,0.0625,0.7324515118660402,0.3448275862068966,52.83333333333333
1748,2919,0.125,0.30485937500000004,0.7440320443320082,1.0,52.79999999999999
1749,21300,0.8031124999999999,0.234553125,0.9665582459944585,1.0,52.79999999999999
1750,23810,0.398725,0.20093125,0.9859414528370076,1.0,52.79999999999999
1751,2377,0.1125,0.090625,0.62643055053608,1.0,52.78999999999999
1752,23107,0.3625,0.1806125,0.9997470184315143,0.3448275862068966,52.74999999999999
1753,6212,0.875,0.21875,0.978279725334297,0.13793103448275862,52.72727272727272
1754,2517,0.1125,0.28125,0.62643055053608,0.13793103448275862,52.72727272727272
1755,23905,0.625,0.2024875,0.9975906517287073,0.13793103448275862,52.72727272727272
1756,5278,0.8625,0.215625,0.958089386820865,0.13793103448275862,52.72727272727272
1757,6155,0.875,0.15274062500000002,0.9902300927599084,0.13793103448275862,52.72727272727272
1758,4751,0.625,0.17785625,0.9873750150584266,0.13793103448275862,52.72727272727272
1759,22569,0.8032250000000001,0.22359999999999997,0.975183712805686,0.13793103448275862,52.72727272727272
1760,4481,0.6125,0.20159374999999996,0.8773762197325623,0.13793103448275862,52.72727272727272
1761,23803,0.588825,0.20093437500000003,0.9859414528370076,0.13793103448275862,52.72727272727272
1762,3328,0.3625,0.2336875,0.9796651005902903,0.13793103448275862,52.72727272727272
1763,23877,0.8625,0.19007812500000001,0.9877966510059029,0.13793103448275862,52.72727272727272
1764,5210,0.625,0.2384375,0.9629442235875195,0.6896551724137931,52.71428571428571
1765,5946,0.875,0.309375,0.7059462715335502,0.9655172413793103,52.71428571428571
1766,3931,0.375,0.30485937500000004,0.7440320443320082,1.0,52.69999999999999
1767,4552,0.6125,0.309375,0.62643055053608,1.0,52.69999999999999
1768,5953,0.875,0.295615625,0.7658836284784966,0.3448275862068966,52.66666666666666
1769,23894,0.7439250000000001,0.197834375,0.9866883508011083,0.0,52.647814910025694
1770,4481,0.6125,0.20159374999999996,0.8773762197325623,0.6896551724137931,52.599999999999994
1771,4944,0.625,0.28125,0.6545717383447777,1.0,52.59999999999999
1772,3535,0.3625,0.30485937500000004,0.7440320443320082,1.0,52.59999999999999
1773,5084,0.625,0.090625,0.62643055053608,0.6206896551724137,52.58333333333333
1774,4284,0.6125,0.21875,0.978279725334297,0.6896551724137931,52.57142857142856
1775,4481,0.6125,0.20159374999999996,0.8773762197325623,0.9655172413793103,52.55714285714285
1776,5278,0.8625,0.215625,0.958089386820865,0.0,52.54498714652955
1777,2517,0.1125,0.28125,0.62643055053608,0.6206896551724137,52.49999999999999
1778,23887,0.672475,0.19314375,0.9874954824719914,0.3448275862068966,52.49999999999999
1779,4071,0.375,0.09375,0.62643055053608,0.3448275862068966,52.49999999999999
1780,3198,0.125,0.196271875,0.9870015660763762,1.0,52.49999999999999
1781,5137,0.625,0.197040625,0.9989157932779182,0.0,52.442159383033406
1782,22534,0.6125,0.22436249999999996,0.9868931454041681,0.0,52.442159383033406
1783,22596,0.803125,0.212678125,0.9815443922418986,0.0,52.442159383033406
1784,22589,0.8625,0.22436249999999996,0.9746536561860017,0.0,52.442159383033406
1785,3054,0.125,0.09375,0.655524635586074,0.0,52.442159383033406
1786,23756,0.3625,0.2024875,0.9975906517287073,0.0,52.442159383033406
1787,3061,0.125,0.090625,0.7671364895795687,0.0,52.442159383033406
1788,21311,0.625,0.23378125,0.979580773400795,0.0,52.442159383033406
1789,4481,0.6125,0.20159374999999996,0.8773762197325623,0.0,52.442159383033406
1790,2375,0.1125,0.090625,0.7671364895795687,0.0,52.442159383033406
1791,5085,0.625,0.090625,0.7671364895795687,0.0,52.442159383033406
1792,3529,0.3625,0.28125,0.62643055053608,0.0,52.442159383033406
1793,4066,0.375,0.09375,0.655524635586074,0.0,52.442159383033406
1794,4072,0.375,0.090625,0.62643055053608,0.0,52.442159383033406
1795,4284,0.6125,0.21875,0.978279725334297,0.9655172413793103,52.42857142857142
1796,4080,0.375,0.0625,0.7324515118660402,0.9655172413793103,52.42857142857142
1797,5955,0.875,0.30485937500000004,0.7440320443320082,0.6206896551724137,52.41666666666666
1798,22586,0.7914749999999999,0.21970312500000003,0.9777014817491867,1.0,52.39999999999999
1799,21283,0.696175,0.24156875000000003,0.9598120708348392,0.0,52.33933161953726
1800,22586,0.7914749999999999,0.21970312500000003,0.9777014817491867,0.0,52.33933161953726
1801,23827,0.6125,0.18690625,1.0,0.6206896551724137,52.33333333333333
1802,22602,0.625,0.20878125,0.9832791229972292,0.8275862068965517,52.31249999999999
1803,3921,0.375,0.309375,0.62643055053608,1.0,52.29999999999999
1804,23874,0.8151375,0.19938125,0.9863389953017708,0.27586206896551724,52.29999999999999
1805,18702,0.8625,0.277578125,0.9091555234309118,0.6896551724137931,52.28571428571428
1806,23888,0.6487375,0.1915875,0.9876761835923381,0.6896551724137931,52.28571428571428
1807,3468,0.3625,0.194553125,0.8788820624021202,0.6206896551724137,52.24999999999999
1808,22578,0.6724625,0.22125,0.9767377424406698,0.9655172413793103,52.21428571428571
1809,5131,0.625,0.2408875,0.9729671123960967,0.6896551724137931,52.21428571428571
1810,4267,0.6125,0.215625,0.9800385495723407,1.0,52.19999999999999
1811,5559,0.8625,0.30485937500000004,0.7440320443320082,0.6206896551724137,52.16666666666666
1812,22575,0.625,0.22748749999999998,0.97237682206963,0.3448275862068966,52.16666666666666
1813,5102,0.625,0.059375,0.6996542585230695,0.9655172413793103,52.14285714285714
1814,22578,0.6724625,0.22125,0.9767377424406698,0.6896551724137931,52.14285714285714
1815,2365,0.1125,0.0625,0.7324515118660402,0.9655172413793103,52.14285714285714
1816,22586,0.7914749999999999,0.21970312500000003,0.9777014817491867,0.27586206896551724,52.09999999999999
1817,5352,0.8625,0.2336875,0.9796651005902903,1.0,52.09999999999999
1818,22496,0.5828875,0.22554687499999998,0.9738103842910492,0.6206896551724137,52.08333333333333
1819,5606,0.8625,0.278125,0.8796530538489338,0.3448275862068966,52.08333333333333
1820,23888,0.6487375,0.1915875,0.9876761835923381,0.9655172413793103,51.99999999999999
1821,22552,0.5888375,0.2228125,0.9879412119021804,0.6206896551724137,51.99999999999999
1822,5552,0.8625,0.28125,0.6545717383447777,0.6206896551724137,51.99999999999999
1823,23831,0.375,0.18690625,1.0,0.6206896551724137,51.99999999999999
1824,3059,0.125,0.09375,0.62643055053608,0.3448275862068966,51.99999999999999
1825,2913,0.125,0.309375,0.7324515118660402,0.27586206896551724,51.99999999999999
1826,2527,0.1125,0.309375,0.7324515118660402,0.27586206896551724,51.99999999999999
1827,3804,0.375,0.0625,0.7682568365257197,0.27586206896551724,51.99999999999999
1828,5221,0.625,0.215625,0.9800385495723407,0.27586206896551724,51.99999999999999
1829,5656,0.8625,0.038275312500000006,0.762462353933261,1.0,51.99999999999999
1830,5414,0.8625,0.09375,0.7718949524153716,0.27586206896551724,51.99999999999999
1831,6094,0.875,0.09375,0.7718949524153716,0.27586206896551724,51.99999999999999
1832,2321,0.1125,0.197040625,0.9989157932779182,0.27586206896551724,51.99999999999999
1833,23820,0.5532125,0.201725,0.9857246114925913,1.0,51.99999999999999
1834,3738,0.375,0.171346875,0.9860498735092157,0.27586206896551724,51.99999999999999
1835,2644,0.1125,0.0625,0.7682568365257197,0.27586206896551724,51.99999999999999
1836,6076,0.875,0.125,0.62643055053608,0.27586206896551724,51.99999999999999
1837,3521,0.3625,0.278125,0.7718949524153716,1.0,51.99999999999999
1838,3523,0.3625,0.278125,0.62643055053608,0.27586206896551724,51.99999999999999
1839,3991,0.375,0.194553125,0.8788820624021202,0.27586206896551724,51.99999999999999
1840,2926,0.125,0.278125,0.62643055053608,0.27586206896551724,51.99999999999999
1841,4524,0.6125,0.25,0.62643055053608,0.27586206896551724,51.99999999999999
1842,5146,0.625,0.13098749999999998,0.9729671123960967,0.27586206896551724,51.99999999999999
1843,4535,0.6125,0.278125,0.62643055053608,0.27586206896551724,51.99999999999999
1844,21317,0.654725,0.23260625,0.9805926996747379,0.6206896551724137,51.91666666666666
1845,5103,0.625,0.059375,0.6752463558607397,1.0,51.89999999999999
1846,18702,0.8625,0.277578125,0.9091555234309118,0.9655172413793103,51.85714285714285
1847,5218,0.625,0.215625,0.958089386820865,0.8275862068965517,51.856249999999996
1848,22599,0.7140875,0.214625,0.9805686061920249,0.6206896551724137,51.83333333333333
1849,5137,0.625,0.197040625,0.9989157932779182,0.13793103448275862,51.81818181818181
1850,4345,0.6125,0.197040625,0.9989157932779182,0.13793103448275862,51.81818181818181
1851,22588,0.8388375,0.2228125,0.9757137694253704,0.13793103448275862,51.81818181818181
1852,5275,0.8625,0.20919375,0.9831104686182388,0.13793103448275862,51.81818181818181
1853,23224,0.625,0.1806125,0.9877002770750511,0.13793103448275862,51.81818181818181
1854,4339,0.6125,0.2408875,0.9729671123960967,0.13793103448275862,51.81818181818181
1855,5131,0.625,0.2408875,0.9729671123960967,0.13793103448275862,51.81818181818181
1856,3113,0.125,0.197040625,0.9989157932779182,0.13793103448275862,51.81818181818181
1857,21886,0.6125,0.1587375,0.9934586194434405,0.13793103448275862,51.81818181818181
1858,5956,0.875,0.28125,0.6545717383447777,0.13793103448275862,51.81818181818181
1859,4552,0.6125,0.309375,0.62643055053608,0.13793103448275862,51.81818181818181
1860,23889,0.625,0.19003125,0.9878086977472593,0.8275862068965517,51.81249999999999
1861,23164,0.5888125,0.179059375,0.9875316226960605,1.0,51.79999999999999
1862,4951,0.625,0.278125,0.7718949524153716,1.0,51.79999999999999
1863,21216,0.375,0.23378125,0.9672328635104203,0.6896551724137931,51.71428571428571
1864,5401,0.8625,0.0625,0.7324515118660402,0.3448275862068966,51.66666666666666
1865,5945,0.875,0.309375,0.62643055053608,0.3448275862068966,51.66666666666666
1866,2925,0.125,0.28125,0.62643055053608,0.6206896551724137,51.66666666666666
1867,5553,0.8625,0.28125,0.62643055053608,0.6896551724137931,51.64285714285714
1868,4389,0.6125,0.0625,0.7324515118660402,0.8275862068965517,51.62499999999999
1869,2383,0.1125,0.09375,0.62643055053608,0.8275862068965517,51.62499999999999
1870,2523,0.1125,0.30485937500000004,0.7440320443320082,1.0,51.59999999999999
1871,3939,0.375,0.278125,0.7718949524153716,1.0,51.59999999999999
1872,5143,0.625,0.15274062500000002,0.9902300927599084,1.0,51.59999999999999
1873,23901,0.8625,0.2024875,0.9975906517287073,0.6206896551724137,51.58333333333333
1874,3370,0.3625,0.059375,0.6996542585230695,0.6206896551724137,51.58333333333333
1875,21216,0.375,0.23378125,0.9672328635104203,0.9655172413793103,51.57142857142856
1876,4737,0.6125,0.17785625,0.9873750150584266,0.9655172413793103,51.57142857142856
1877,5210,0.625,0.2384375,0.9629442235875195,0.9655172413793103,51.57142857142856
1878,2456,0.1125,0.194553125,0.8788820624021202,1.0,51.56999999999999
1879,4080,0.375,0.0625,0.7324515118660402,0.6896551724137931,51.49999999999999
1880,5956,0.875,0.28125,0.6545717383447777,0.6206896551724137,51.49999999999999
1881,4206,0.375,0.215625,0.958089386820865,0.27586206896551724,51.49999999999999
1882,23143,0.6125,0.1837375,0.9879171184194675,1.0,51.49999999999999
1883,23891,0.8328749999999999,0.20366875,0.9851343211661244,1.0,51.49999999999999
1884,3538,0.3625,0.309375,0.7059462715335502,0.48275862068965514,51.42857142857142
1885,5092,0.625,0.0625,0.7324515118660402,0.9655172413793103,51.42857142857142
1886,5092,0.625,0.0625,0.7324515118660402,0.48275862068965514,51.42857142857142
1887,3068,0.125,0.0625,0.7324515118660402,0.48275862068965514,51.42857142857142
1888,4934,0.625,0.309375,0.7059462715335502,0.48275862068965514,51.42857142857142
1889,4737,0.6125,0.17785625,0.9873750150584266,0.6896551724137931,51.42857142857142
1890,22574,0.6547,0.22554687499999998,0.9738103842910492,0.48275862068965514,51.42857142857142
1891,4550,0.6125,0.309375,0.7059462715335502,0.48275862068965514,51.42857142857142
1892,3922,0.375,0.309375,0.7059462715335502,0.48275862068965514,51.42857142857142
1893,5953,0.875,0.295615625,0.7658836284784966,0.48275862068965514,51.42857142857142
1894,4401,0.6125,0.090625,0.62643055053608,0.6206896551724137,51.41666666666666
1895,4482,0.6125,0.208621875,0.8749909649439825,0.6206896551724137,51.41666666666666
1896,4073,0.375,0.090625,0.7671364895795687,0.0,51.41388174807197
1897,5618,0.8625,0.246875,0.9248042404529574,0.0,51.41388174807197
1898,3937,0.375,0.28125,0.62643055053608,0.0,51.41388174807197
1899,4401,0.6125,0.090625,0.62643055053608,0.0,51.41388174807197
1900,5760,0.875,0.16485,0.9839657872545476,0.0,51.41388174807197
1901,23829,0.6125,0.2024875,0.9975906517287073,0.0,51.41388174807197
1902,23905,0.625,0.2024875,0.9975906517287073,0.0,51.41388174807197
1903,5136,0.625,0.20443125,0.9969883146608842,0.0,51.41388174807197
1904,22602,0.625,0.20878125,0.9832791229972292,0.0,51.41388174807197
1905,21235,0.6125,0.233828125,0.9795446331767256,0.0,51.41388174807197
1906,3060,0.125,0.090625,0.62643055053608,0.0,51.41388174807197
1907,22624,0.8388375,0.2228125,0.9879412119021804,1.0,51.39999999999999
1908,5299,0.8625,0.21875,0.9116251054089869,0.27586206896551724,51.39999999999999
1909,3336,0.3625,0.17483437500000001,0.9989157932779182,1.0,51.39999999999999
1910,22445,0.12499999999999992,0.21190625000000002,0.9819057944825923,1.0,51.39999999999999
1911,5131,0.625,0.2408875,0.9729671123960967,0.9655172413793103,51.35714285714285
1912,21287,0.6487625,0.235340625,0.9658474882544271,0.3448275862068966,51.33333333333333
1913,4668,0.6125,0.0625,0.7682568365257197,0.6206896551724137,51.33333333333333
1914,22579,0.6961875,0.21969374999999997,0.9777014817491867,0.3448275862068966,51.33333333333333
1915,23144,0.58285,0.18179375,0.9877966510059029,0.8275862068965517,51.31249999999999
1916,22592,0.8151375,0.21505000000000002,0.9803397181062522,0.0,51.31105398457583
1917,3068,0.125,0.0625,0.7324515118660402,0.9655172413793103,51.28571428571428
1918,22601,0.6547,0.210728125,0.9824478978436332,0.13793103448275862,51.272727272727266
1919,5305,0.8625,0.263153125,0.8866401638356823,1.0,51.25999999999999
1920,2918,0.125,0.300271875,0.7551740754126008,0.6206896551724137,51.24999999999999
1921,22592,0.8151375,0.21505000000000002,0.9803397181062522,1.0,51.19999999999999
1922,3328,0.3625,0.2336875,0.9796651005902903,1.0,51.19999999999999
1923,22600,0.684375,0.212678125,0.9815443922418986,0.8275862068965517,51.18749999999999
1924,5137,0.625,0.197040625,0.9989157932779182,0.9655172413793103,51.14285714285714
1925,21307,0.8625,0.233828125,0.9795446331767256,0.6896551724137931,51.14285714285714
1926,21300,0.8031124999999999,0.234553125,0.9665582459944585,0.0,51.10539845758354
1927,22585,0.767775,0.21814999999999998,0.9786290808336345,1.0,51.09999999999999
1928,22515,0.5651375,0.22125625,0.9767256956993133,0.27586206896551724,51.09999999999999
1929,2320,0.1125,0.20443125,0.9969883146608842,1.0,51.09999999999999
1930,23892,0.8032125000000001,0.201725,0.9857246114925913,0.3448275862068966,51.08333333333333
1931,4072,0.375,0.090625,0.62643055053608,0.6206896551724137,51.08333333333333
1932,23817,0.375,0.19003125,0.9878086977472593,0.8275862068965517,51.06249999999999
1933,5137,0.625,0.197040625,0.9989157932779182,0.6896551724137931,50.99999999999999
1934,21307,0.8625,0.233828125,0.9795446331767256,0.9655172413793103,50.99999999999999
1935,4344,0.6125,0.20443125,0.9969883146608842,0.27586206896551724,50.99999999999999
1936,2511,0.1125,0.278125,0.62643055053608,0.27586206896551724,50.99999999999999
1937,23164,0.5888125,0.179059375,0.9875316226960605,0.27586206896551724,50.99999999999999
1938,2778,0.125,0.10855624999999999,0.9325864353692326,0.27586206896551724,50.99999999999999
1939,4816,0.625,0.0625,0.7682568365257197,0.27586206896551724,50.99999999999999
1940,5403,0.8625,0.071603125,0.7551740754126008,0.27586206896551724,50.99999999999999
1941,5881,0.875,0.23395937500000002,0.9138296590772196,0.27586206896551724,50.99999999999999
1942,5468,0.8625,0.17028125,0.8773762197325623,0.27586206896551724,50.99999999999999
1943,4340,0.6125,0.2336875,0.9796651005902903,1.0,50.99999999999999
1944,5273,0.8625,0.196271875,0.9870015660763762,0.27586206896551724,50.99999999999999
1945,3739,0.375,0.17785625,0.9873750150584266,0.27586206896551724,50.99999999999999
1946,21313,0.625,0.24936250000000001,0.9637754487411154,0.27586206896551724,50.99999999999999
1947,4402,0.6125,0.09375,0.7718949524153716,0.27586206896551724,50.99999999999999
1948,3249,0.3625,0.196271875,0.9870015660763762,1.0,50.99999999999999
1949,5082,0.625,0.09375,0.7718949524153716,0.27586206896551724,50.99999999999999
1950,23804,0.6125,0.2024875,0.9855077701481749,0.27586206896551724,50.99999999999999
1951,5356,0.8625,0.20443125,0.9969883146608842,1.0,50.99999999999999
1952,3342,0.3625,0.13098749999999998,0.9729671123960967,0.27586206896551724,50.99999999999999
1953,23187,0.6125,0.168203125,0.9972292494880134,0.27586206896551724,50.99999999999999
1954,21928,0.625,0.1587375,0.9813155041561258,1.0,50.99999999999999
1955,3938,0.375,0.278125,0.62643055053608,0.27586206896551724,50.99999999999999
1956,4277,0.6125,0.2384375,0.9629442235875195,0.27586206896551724,50.99999999999999
1957,4134,0.375,0.13098749999999998,0.9729671123960967,0.27586206896551724,50.99999999999999
1958,23858,0.4046875,0.188853125,0.9999277195518612,0.6896551724137931,50.92857142857142
1959,2365,0.1125,0.0625,0.7324515118660402,0.6896551724137931,50.92857142857142
1960,22512,0.375,0.21190625000000002,0.9819057944825923,0.48275862068965514,50.92857142857142
1961,22522,0.6125,0.20878125,0.9832791229972292,0.6206896551724137,50.91666666666666
1962,5557,0.8625,0.295615625,0.7658836284784966,0.3448275862068966,50.91666666666666
1963,21295,0.8388,0.235378125,0.9658113480303577,0.13793103448275862,50.9090909090909
1964,6152,0.875,0.17483437500000001,0.9989157932779182,0.13793103448275862,50.9090909090909
1965,4125,0.375,0.197040625,0.9989157932779182,0.13793103448275862,50.9090909090909
1966,4540,0.6125,0.28125,0.6545717383447777,0.13793103448275862,50.9090909090909
1967,2377,0.1125,0.090625,0.62643055053608,0.13793103448275862,50.9090909090909
1968,5360,0.8625,0.17483437500000001,0.9989157932779182,0.13793103448275862,50.9090909090909
1969,5945,0.875,0.309375,0.62643055053608,0.13793103448275862,50.9090909090909
1970,2316,0.1125,0.2336875,0.9796651005902903,0.13793103448275862,50.9090909090909
1971,21941,0.8625,0.1587375,0.9813155041561258,0.13793103448275862,50.9090909090909
1972,21301,0.7734,0.23650312499999998,0.9647753282737019,0.13793103448275862,50.9090909090909
1973,2528,0.1125,0.309375,0.62643055053608,0.13793103448275862,50.9090909090909
1974,4545,0.6125,0.295615625,0.7658836284784966,0.13793103448275862,50.9090909090909
1975,22591,0.8388,0.213503125,0.9811348030357788,0.13793103448275862,50.9090909090909
1976,4535,0.6125,0.278125,0.62643055053608,1.0,50.89999999999999
1977,4547,0.6125,0.30485937500000004,0.7440320443320082,1.0,50.89999999999999
1978,22585,0.767775,0.21814999999999998,0.9786290808336345,0.27586206896551724,50.89999999999999
1979,23830,0.6125,0.20561249999999998,0.9965787254547644,0.8275862068965517,50.87499999999999
1980,23858,0.4046875,0.188853125,0.9999277195518612,0.9655172413793103,50.85714285714285
1981,3060,0.125,0.090625,0.62643055053608,0.6206896551724137,50.83333333333333
1982,23819,0.582875,0.20366875,0.9851343211661244,0.6206896551724137,50.83333333333333
1983,23874,0.8151375,0.19938125,0.9863389953017708,1.0,50.79999999999999
1984,22592,0.8151375,0.21505000000000002,0.9803397181062522,0.27586206896551724,50.79999999999999
1985,5616,0.8625,0.27164062499999997,0.8892302132273219,1.0,50.79999999999999
1986,22573,0.6844625,0.22359999999999997,0.975183712805686,0.0,50.79691516709511
1987,23809,0.375,0.2024875,0.9855077701481749,0.6896551724137931,50.78571428571428
1988,5132,0.625,0.2336875,0.9796651005902903,0.6896551724137931,50.78571428571428
1989,23809,0.375,0.2024875,0.9855077701481749,0.9655172413793103,50.78571428571428
1990,23869,0.684375,0.1908,0.9877484640404769,0.6206896551724137,50.74999999999999
1991,6015,0.875,0.194553125,0.8788820624021202,1.0,50.73999999999999
1992,5401,0.8625,0.0625,0.7324515118660402,0.48275862068965514,50.71428571428571
1993,5961,0.875,0.28125,0.62643055053608,0.48275862068965514,50.71428571428571
