rank,node_number,x_n,y_n,z_n,t_n,score
1,23761,0.125,0.18690625,1.0,0.27586206896551724,11126.665777777776
2,20375,0.6125,0.89625,0.933249006143838,0.6896551724137931,9999.899199999998
3,3142,0.125,0.329559375,0.7767256956993133,0.9655172413793103,9992.299199999998
4,18071,0.625,0.0962375,0.9258523069509698,0.27586206896551724,9990.88811111111
5,10766,0.1125,0.72715625,0.8990362606914829,0.9655172413793103,8999.8993
6,7406,0.375,0.36428125,0.822816528129141,0.48275862068965514,8997.199299999998
7,5564,0.8625,0.309375,0.62643055053608,0.0,8914.776999999998
8,12051,0.375,0.875,0.8155402963498374,0.3448275862068966,5000.9992999999995
9,12769,0.6125,0.6891875,0.8427538850740873,0.0,4444.665888888888
10,10565,0.1125,0.840625,0.7981448018311047,0.9655172413793103,3999.4992999999995
11,23909,0.654725,0.20366875,0.9972292494880134,0.6896551724137931,3997.799299999999
12,19979,0.7439250000000001,0.263459375,0.9323816407661726,0.27586206896551724,3336.443666666666
13,15471,0.625,0.34940625000000003,0.7574509095289723,0.3448275862068966,3000.0992999999994
14,19775,0.8032,0.73921875,0.9406336585953499,1.0,2857.284714285714
15,16910,0.4699375,0.3775,0.8449343452596073,1.0,2856.8561428571425
16,22149,0.6961875,0.46343750000000006,0.9769425370437297,0.0,2222.3325555555552
17,21286,0.672475,0.236896875,0.964413926033008,0.6896551724137931,2005.2992999999997
18,8600,0.625,0.61278125,0.7551740754126008,0.9655172413793103,1998.9992999999997
19,19918,0.42247500000000004,0.258771875,0.939103722443079,0.3448275862068966,1966.2992999999997
20,16153,0.42242499999999994,0.6431250000000001,0.773027346102879,0.8275862068965517,1666.7494166666663
21,10188,0.8625,0.62665625,0.8399349475966751,1.0,1428.1132857142854
22,11329,0.3625,0.9375,0.7872545476448619,1.0,1142.5134285714284
23,4828,0.625,0.0531140625,0.7455559571136007,1.0,1021.184857142857
24,2350,0.1125,0.0296875,0.62643055053608,0.9655172413793103,1001.7992999999998
25,10186,0.8625,0.638375,0.8049271172147935,0.9655172413793103,1000.6992999999998
26,6238,0.875,0.1875,0.9355860739669918,0.48275862068965514,1000.5992999999999
27,2249,0.1125,0.21131875,0.908167690639682,0.48275862068965514,1000.3992999999998
28,21437,0.6125,0.5587500000000001,0.9547885796891941,0.9655172413793103,999.9892999999998
29,4374,0.6125,0.0296875,0.62643055053608,0.9655172413793103,998.5592999999998
30,15443,0.541575,0.35409375,0.790350560173473,0.8275862068965517,833.5827499999999
31,10974,0.125,0.921625,0.7775207806288399,0.9655172413793103,799.9293999999999
32,15799,0.24392624999999998,0.329084375,0.7783640525237921,0.48275862068965514,701.3293999999999
33,2756,0.125,0.125,0.8807252138296592,0.48275862068965514,700.8493999999998
34,9342,0.875,0.528125,0.8922418985664377,0.8275862068965517,500.30783333333324
35,15532,0.803275,0.35015625,0.7767377424406698,0.48275862068965514,400.16939999999994
36,15862,0.26345,0.324653125,0.8087700277075051,0.9655172413793103,399.7593999999999
37,13537,0.8625,0.778125,0.7482110589085652,0.6206896551724137,299.96939999999995
38,8762,0.625,0.45903124999999995,0.9739549451873267,0.27586206896551724,222.81044444444439
39,2532,0.1125,0.3125,0.62643055053608,1.0,155.74285714285713
40,3372,0.3625,0.059375,0.62643055053608,1.0,138.42857142857142
41,2360,0.1125,0.059375,0.62643055053608,1.0,135.7142857142857
42,4384,0.6125,0.059375,0.62643055053608,1.0,135.42857142857142
43,2531,0.1125,0.3125,0.6508384531984098,1.0,134.7285714285714
44,5396,0.8625,0.059375,0.62643055053608,1.0,134.42857142857142
45,2908,0.125,0.3125,0.62643055053608,1.0,131.49999999999997
46,3946,0.375,0.25,0.842561137212384,1.0,129.39785714285713
47,5101,0.625,0.059375,0.62643055053608,1.0,127.99999999999999
48,2905,0.125,0.3125,0.6508384531984098,1.0,127.92857142857142
49,6113,0.875,0.059375,0.62643055053608,1.0,127.85714285714285
50,3077,0.125,0.059375,0.62643055053608,1.0,127.7142857142857
51,4089,0.375,0.059375,0.62643055053608,1.0,127.14285714285712
52,2532,0.1125,0.3125,0.62643055053608,0.27586206896551724,117.77777777777776
53,2532,0.1125,0.3125,0.62643055053608,0.6896551724137931,116.99999999999999
54,2532,0.1125,0.3125,0.62643055053608,0.9655172413793103,116.99999999999999
55,4088,0.375,0.0625,0.62643055053608,1.0,113.99999999999999
56,3076,0.125,0.0625,0.62643055053608,1.0,112.57142857142856
57,21242,0.375,0.24623750000000003,0.9673292374412721,1.0,111.42857142857142
58,6112,0.875,0.0625,0.62643055053608,1.0,110.28571428571428
59,3920,0.375,0.3125,0.62643055053608,0.0,109.99999999999997
60,5100,0.625,0.0625,0.62643055053608,1.0,109.42857142857142
61,2532,0.1125,0.3125,0.62643055053608,0.3448275862068966,108.99999999999999
62,2532,0.1125,0.3125,0.62643055053608,0.0,108.88888888888887
63,3372,0.3625,0.059375,0.62643055053608,0.27586206896551724,108.88888888888887
64,3368,0.3625,0.059375,0.6508384531984098,1.0,108.28571428571428
65,2532,0.1125,0.3125,0.62643055053608,0.48275862068965514,107.99999999999999
66,17351,0.375,0.29940625,0.8776894350078304,1.0,107.7142857142857
67,2532,0.1125,0.3125,0.62643055053608,0.6206896551724137,106.99999999999999
68,5396,0.8625,0.059375,0.62643055053608,0.27586206896551724,106.66666666666664
69,3920,0.375,0.3125,0.62643055053608,0.27586206896551724,106.66666666666664
70,4384,0.6125,0.059375,0.62643055053608,0.27586206896551724,106.66666666666664
71,4380,0.6125,0.059375,0.6508384531984098,1.0,106.42857142857142
72,2360,0.1125,0.059375,0.62643055053608,0.27586206896551724,105.55555555555553
73,2908,0.125,0.3125,0.62643055053608,0.27586206896551724,105.55555555555553
74,5392,0.8625,0.059375,0.6508384531984098,1.0,105.42857142857142
75,2364,0.1125,0.0625,0.62643055053608,1.0,105.28571428571428
76,2356,0.1125,0.059375,0.6508384531984098,1.0,105.14285714285712
77,3917,0.375,0.3125,0.6508384531984098,1.0,104.75714285714284
78,2879,0.125,0.309375,0.8107697867726779,1.0,104.4142857142857
79,2531,0.1125,0.3125,0.6508384531984098,0.6896551724137931,103.99999999999999
80,2531,0.1125,0.3125,0.6508384531984098,0.9655172413793103,103.99999999999999
81,2908,0.125,0.3125,0.62643055053608,0.6896551724137931,103.99999999999999
82,2531,0.1125,0.3125,0.6508384531984098,0.27586206896551724,103.33333333333331
83,5400,0.8625,0.0625,0.62643055053608,1.0,103.28571428571428
84,2908,0.125,0.3125,0.62643055053608,0.9655172413793103,102.99999999999999
85,3376,0.3625,0.0625,0.62643055053608,1.0,102.99999999999999
86,4089,0.375,0.059375,0.62643055053608,0.27586206896551724,102.2222222222222
87,4388,0.6125,0.0625,0.62643055053608,1.0,101.99999999999999
88,5568,0.8625,0.3125,0.62643055053608,1.0,101.62857142857142
89,3077,0.125,0.059375,0.62643055053608,0.27586206896551724,101.11111111111109
90,6113,0.875,0.059375,0.62643055053608,0.27586206896551724,101.11111111111109
91,5101,0.625,0.059375,0.62643055053608,0.27586206896551724,101.11111111111109
92,5104,0.625,0.059375,0.6508384531984098,1.0,100.71428571428571
93,5944,0.875,0.3125,0.62643055053608,1.0,100.14285714285712
94,2532,0.1125,0.3125,0.62643055053608,0.8275862068965517,99.99999999999999
95,3372,0.3625,0.059375,0.62643055053608,0.13793103448275862,99.99999999999999
96,174,0.4375,0.8125,0.62643055053608,0.3448275862068966,99.93339999999998
97,6116,0.875,0.059375,0.6508384531984098,1.0,99.85714285714285
98,4092,0.375,0.059375,0.6508384531984098,1.0,99.71428571428571
99,3080,0.125,0.059375,0.6508384531984098,1.0,99.57142857142856
100,17352,0.375,0.29628125,0.8848572461149259,1.0,99.42857142857142
101,2908,0.125,0.3125,0.62643055053608,0.3448275862068966,98.99999999999999
102,2908,0.125,0.3125,0.62643055053608,0.48275862068965514,98.99999999999999
103,3372,0.3625,0.059375,0.62643055053608,0.9655172413793103,98.99999999999999
104,2908,0.125,0.3125,0.62643055053608,0.0,98.88888888888887
105,3544,0.3625,0.3125,0.62643055053608,0.0,98.88888888888887
106,4556,0.6125,0.3125,0.62643055053608,0.0,98.88888888888887
107,3582,0.3625,0.278125,0.8796530538489338,1.0,98.05714285714285
108,2360,0.1125,0.059375,0.62643055053608,0.9655172413793103,97.99999999999999
109,2532,0.1125,0.3125,0.62643055053608,0.13793103448275862,97.99999999999999
110,3372,0.3625,0.059375,0.62643055053608,0.6206896551724137,97.99999999999999
111,3920,0.375,0.3125,0.62643055053608,0.13793103448275862,97.99999999999999
112,4384,0.6125,0.059375,0.62643055053608,0.9655172413793103,97.99999999999999
113,2908,0.125,0.3125,0.62643055053608,0.6206896551724137,96.99999999999999
114,5396,0.8625,0.059375,0.62643055053608,0.9655172413793103,96.99999999999999
115,3917,0.375,0.3125,0.6508384531984098,0.0,96.66666666666664
116,4932,0.625,0.3125,0.62643055053608,0.0,96.66666666666664
117,18558,0.12500000000000017,0.2899875,0.8847729189254305,1.0,96.42857142857142
118,2531,0.1125,0.3125,0.6508384531984098,0.3448275862068966,95.99999999999999
119,2531,0.1125,0.3125,0.6508384531984098,0.0,95.55555555555554
120,4556,0.6125,0.3125,0.62643055053608,0.27586206896551724,95.55555555555554
121,4555,0.6125,0.3125,0.6508384531984098,1.0,95.14285714285712
122,2360,0.1125,0.059375,0.62643055053608,0.6206896551724137,94.99999999999999
123,2531,0.1125,0.3125,0.6508384531984098,0.48275862068965514,94.99999999999999
124,3372,0.3625,0.059375,0.62643055053608,0.48275862068965514,94.99999999999999
125,5396,0.8625,0.059375,0.62643055053608,0.6206896551724137,94.99999999999999
126,4384,0.6125,0.059375,0.62643055053608,0.6206896551724137,94.99999999999999
127,3570,0.3625,0.309375,0.8107697867726779,1.0,94.75714285714284
128,2905,0.125,0.3125,0.6508384531984098,0.27586206896551724,94.44444444444443
129,3544,0.3625,0.3125,0.62643055053608,0.27586206896551724,94.44444444444443
130,5568,0.8625,0.3125,0.62643055053608,0.0,94.44444444444443
131,2531,0.1125,0.3125,0.6508384531984098,0.6206896551724137,93.99999999999999
132,3543,0.3625,0.3125,0.6508384531984098,1.0,93.79999999999998
133,3917,0.375,0.3125,0.6508384531984098,0.27586206896551724,93.33333333333331
134,2905,0.125,0.3125,0.6508384531984098,0.6896551724137931,92.99999999999999
135,2905,0.125,0.3125,0.6508384531984098,0.9655172413793103,92.99999999999999
136,3920,0.375,0.3125,0.62643055053608,0.3448275862068966,92.99999999999999
137,4932,0.625,0.3125,0.62643055053608,0.27586206896551724,92.2222222222222
138,2307,0.1125,0.29553124999999997,0.8865317431634743,0.9655172413793103,92.19999999999999
139,2360,0.1125,0.059375,0.62643055053608,0.48275862068965514,91.99999999999999
140,5396,0.8625,0.059375,0.62643055053608,0.48275862068965514,91.99999999999999
141,3920,0.375,0.3125,0.62643055053608,0.48275862068965514,91.99999999999999
142,3920,0.375,0.3125,0.62643055053608,0.6896551724137931,91.99999999999999
143,3920,0.375,0.3125,0.62643055053608,0.9655172413793103,91.99999999999999
144,4384,0.6125,0.059375,0.62643055053608,0.48275862068965514,91.99999999999999
145,21194,0.33885,0.2446875,0.9690157812311769,1.0,91.57142857142856
146,2307,0.1125,0.29553124999999997,0.8865317431634743,0.0,91.44444444444443
147,2307,0.1125,0.29553124999999997,0.8865317431634743,1.0,91.14285714285712
148,3076,0.125,0.0625,0.62643055053608,0.27586206896551724,91.11111111111109
149,5568,0.8625,0.3125,0.62643055053608,0.27586206896551724,91.11111111111109
150,5101,0.625,0.059375,0.62643055053608,0.6206896551724137,90.99999999999999
151,3920,0.375,0.3125,0.62643055053608,0.6206896551724137,90.99999999999999
152,21207,0.375,0.24936250000000001,0.9511866040236115,1.0,90.57142857142856
153,19875,0.33276249999999996,0.25448125,0.9575352367184676,1.0,90.57142857142856
154,2867,0.125,0.278125,0.8796530538489338,1.0,90.3142857142857
155,2307,0.1125,0.29553124999999997,0.8865317431634743,0.6896551724137931,90.29999999999998
156,5567,0.8625,0.3125,0.6508384531984098,1.0,90.19999999999999
157,2360,0.1125,0.059375,0.62643055053608,0.13793103448275862,89.99999999999999
158,3077,0.125,0.059375,0.62643055053608,0.13793103448275862,89.99999999999999
159,3077,0.125,0.059375,0.62643055053608,0.6206896551724137,89.99999999999999
160,3077,0.125,0.059375,0.62643055053608,0.9655172413793103,89.99999999999999
161,3372,0.3625,0.059375,0.62643055053608,0.6896551724137931,89.99999999999999
162,6113,0.875,0.059375,0.62643055053608,0.6206896551724137,89.99999999999999
163,6113,0.875,0.059375,0.62643055053608,0.9655172413793103,89.99999999999999
164,6113,0.875,0.059375,0.62643055053608,0.13793103448275862,89.99999999999999
165,5396,0.8625,0.059375,0.62643055053608,0.13793103448275862,89.99999999999999
166,5101,0.625,0.059375,0.62643055053608,0.9655172413793103,89.99999999999999
167,4089,0.375,0.059375,0.62643055053608,0.13793103448275862,89.99999999999999
168,4089,0.375,0.059375,0.62643055053608,0.6206896551724137,89.99999999999999
169,4384,0.6125,0.059375,0.62643055053608,0.13793103448275862,89.99999999999999
170,5944,0.875,0.3125,0.62643055053608,0.0,89.99999999999999
171,3582,0.3625,0.278125,0.8796530538489338,0.27586206896551724,89.88888888888887
172,2531,0.1125,0.3125,0.6508384531984098,0.8275862068965517,89.16666666666666
173,3372,0.3625,0.059375,0.62643055053608,0.3448275862068966,88.99999999999999
174,4089,0.375,0.059375,0.62643055053608,0.9655172413793103,88.99999999999999
175,4384,0.6125,0.059375,0.62643055053608,0.6896551724137931,88.99999999999999
176,3372,0.3625,0.059375,0.62643055053608,0.0,88.88888888888887
177,6112,0.875,0.0625,0.62643055053608,0.27586206896551724,88.88888888888887
178,3543,0.3625,0.3125,0.6508384531984098,0.0,88.88888888888887
179,18650,0.375,0.2899875,0.8984941573304421,0.27586206896551724,88.55555555555554
180,21141,0.3625,0.24936250000000001,0.9511866040236115,1.0,88.42857142857142
181,4111,0.375,0.29553124999999997,0.8865317431634743,1.0,88.34285714285713
182,2360,0.1125,0.059375,0.62643055053608,0.6896551724137931,87.99999999999999
183,2905,0.125,0.3125,0.6508384531984098,0.3448275862068966,87.99999999999999
184,2905,0.125,0.3125,0.6508384531984098,0.48275862068965514,87.99999999999999
185,6113,0.875,0.059375,0.62643055053608,0.48275862068965514,87.99999999999999
186,3544,0.3625,0.3125,0.62643055053608,0.13793103448275862,87.99999999999999
187,5396,0.8625,0.059375,0.62643055053608,0.6896551724137931,87.99999999999999
188,5101,0.625,0.059375,0.62643055053608,0.48275862068965514,87.99999999999999
189,5100,0.625,0.0625,0.62643055053608,0.27586206896551724,87.77777777777776
190,4088,0.375,0.0625,0.62643055053608,0.27586206896551724,87.77777777777776
191,21206,0.4046875,0.24742187499999999,0.9534513913986267,1.0,87.42857142857142
192,2307,0.1125,0.29553124999999997,0.8865317431634743,0.13793103448275862,86.99999999999999
193,2908,0.125,0.3125,0.62643055053608,0.13793103448275862,86.99999999999999
194,3077,0.125,0.059375,0.62643055053608,0.48275862068965514,86.99999999999999
195,4089,0.375,0.059375,0.62643055053608,0.48275862068965514,86.99999999999999
196,4556,0.6125,0.3125,0.62643055053608,0.13793103448275862,86.99999999999999
197,4384,0.6125,0.059375,0.62643055053608,0.3448275862068966,86.99999999999999
198,2908,0.125,0.3125,0.62643055053608,0.8275862068965517,86.66666666666666
199,2905,0.125,0.3125,0.6508384531984098,0.0,86.66666666666664
200,5944,0.875,0.3125,0.62643055053608,0.27586206896551724,86.66666666666664
201,5396,0.8625,0.059375,0.62643055053608,0.0,86.66666666666664
202,4384,0.6125,0.059375,0.62643055053608,0.0,86.66666666666664
203,2360,0.1125,0.059375,0.62643055053608,0.3448275862068966,85.99999999999999
204,2531,0.1125,0.3125,0.6508384531984098,0.13793103448275862,85.99999999999999
205,2905,0.125,0.3125,0.6508384531984098,0.6206896551724137,85.99999999999999
206,3544,0.3625,0.3125,0.62643055053608,0.6896551724137931,85.99999999999999
207,5396,0.8625,0.059375,0.62643055053608,0.3448275862068966,85.99999999999999
208,3917,0.375,0.3125,0.6508384531984098,0.13793103448275862,85.99999999999999
209,4932,0.625,0.3125,0.62643055053608,0.13793103448275862,85.99999999999999
210,17352,0.375,0.29628125,0.8848572461149259,0.6206896551724137,85.69999999999999
211,3299,0.3625,0.28125,0.8367546078785688,1.0,85.65714285714284
212,2360,0.1125,0.059375,0.62643055053608,0.0,85.55555555555554
213,2364,0.1125,0.0625,0.62643055053608,0.27586206896551724,85.55555555555554
214,3368,0.3625,0.059375,0.6508384531984098,0.27586206896551724,85.55555555555554
215,4555,0.6125,0.3125,0.6508384531984098,0.0,85.55555555555554
216,4929,0.625,0.3125,0.6508384531984098,1.0,85.42857142857142
217,2530,0.1125,0.3125,0.6752463558607397,1.0,85.32857142857142
218,2877,0.125,0.309375,0.7682568365257197,1.0,85.22857142857141
219,3544,0.3625,0.3125,0.62643055053608,0.9655172413793103,84.99999999999999
220,18593,0.33294999999999997,0.291175,0.8960004818696542,1.0,84.71428571428571
221,2778,0.125,0.10855624999999999,0.9325864353692326,0.48275862068965514,84.47999999999999
222,3543,0.3625,0.3125,0.6508384531984098,0.27586206896551724,84.44444444444443
223,5392,0.8625,0.059375,0.6508384531984098,0.27586206896551724,84.44444444444443
224,4929,0.625,0.3125,0.6508384531984098,0.0,84.44444444444443
225,4380,0.6125,0.059375,0.6508384531984098,0.27586206896551724,84.44444444444443
226,3583,0.3625,0.278125,0.8578604987350921,1.0,84.21428571428571
227,4088,0.375,0.0625,0.62643055053608,0.9655172413793103,83.99999999999999
228,4556,0.6125,0.3125,0.62643055053608,0.6896551724137931,83.99999999999999
229,4556,0.6125,0.3125,0.62643055053608,0.9655172413793103,83.99999999999999
230,4556,0.6125,0.3125,0.62643055053608,0.3448275862068966,83.99999999999999
231,2360,0.1125,0.059375,0.62643055053608,0.8275862068965517,83.33333333333331
232,5400,0.8625,0.0625,0.62643055053608,0.27586206896551724,83.33333333333331
233,5101,0.625,0.059375,0.62643055053608,0.0,83.33333333333331
234,4555,0.6125,0.3125,0.6508384531984098,0.27586206896551724,83.33333333333331
235,4388,0.6125,0.0625,0.62643055053608,0.27586206896551724,83.33333333333331
236,17352,0.375,0.29628125,0.8848572461149259,0.3448275862068966,83.29999999999998
237,5941,0.875,0.3125,0.6508384531984098,1.0,83.18571428571427
238,2307,0.1125,0.29553124999999997,0.8865317431634743,0.8275862068965517,83.16666666666666
239,3544,0.3625,0.3125,0.62643055053608,0.3448275862068966,82.99999999999999
240,5568,0.8625,0.3125,0.62643055053608,0.13793103448275862,82.99999999999999
241,4556,0.6125,0.3125,0.62643055053608,0.48275862068965514,82.99999999999999
242,2307,0.1125,0.29553124999999997,0.8865317431634743,0.27586206896551724,82.33333333333331
243,2558,0.1125,0.309375,0.8107697867726779,1.0,82.28571428571428
244,17289,0.1548,0.298234375,0.8803999518130344,1.0,82.28571428571428
245,2356,0.1125,0.059375,0.6508384531984098,0.27586206896551724,82.2222222222222
246,2910,0.125,0.309375,0.7059462715335502,0.27586206896551724,82.2222222222222
247,3077,0.125,0.059375,0.62643055053608,0.0,82.2222222222222
248,6113,0.875,0.059375,0.62643055053608,0.0,82.2222222222222
249,4929,0.625,0.3125,0.6508384531984098,0.27586206896551724,82.2222222222222
250,4089,0.375,0.059375,0.62643055053608,0.0,82.2222222222222
251,17278,0.3625,0.29628125,0.8848572461149259,0.9655172413793103,82.19999999999999
252,19920,0.375,0.25565625000000003,0.9433080351764848,1.0,82.14285714285714
253,2867,0.125,0.278125,0.8796530538489338,0.9655172413793103,81.99999999999999
254,2910,0.125,0.309375,0.7059462715335502,0.6896551724137931,81.99999999999999
255,2910,0.125,0.309375,0.7059462715335502,0.9655172413793103,81.99999999999999
256,6113,0.875,0.059375,0.62643055053608,0.3448275862068966,81.99999999999999
257,5101,0.625,0.059375,0.62643055053608,0.3448275862068966,81.99999999999999
258,4932,0.625,0.3125,0.62643055053608,0.3448275862068966,81.99999999999999
259,4089,0.375,0.059375,0.62643055053608,0.3448275862068966,81.99999999999999
260,4556,0.6125,0.3125,0.62643055053608,0.6206896551724137,81.99999999999999
261,21261,0.3987,0.244684375,0.9690278279725333,1.0,81.99999999999999
262,3582,0.3625,0.278125,0.8796530538489338,0.0,81.77777777777776
263,17351,0.375,0.29940625,0.8776894350078304,0.6206896551724137,81.69999999999999
264,17351,0.375,0.29940625,0.8776894350078304,0.9655172413793103,81.39999999999999
265,2526,0.1125,0.309375,0.7059462715335502,0.27586206896551724,81.1111111111111
266,3376,0.3625,0.0625,0.62643055053608,0.27586206896551724,81.1111111111111
267,5567,0.8625,0.3125,0.6508384531984098,0.0,81.1111111111111
268,3077,0.125,0.059375,0.62643055053608,0.3448275862068966,80.99999999999999
269,3077,0.125,0.059375,0.62643055053608,0.6896551724137931,80.99999999999999
270,6112,0.875,0.0625,0.62643055053608,0.9655172413793103,80.99999999999999
271,3544,0.3625,0.3125,0.62643055053608,0.48275862068965514,80.99999999999999
272,5944,0.875,0.3125,0.62643055053608,0.13793103448275862,80.99999999999999
273,5568,0.8625,0.3125,0.62643055053608,0.3448275862068966,80.99999999999999
274,4088,0.375,0.0625,0.62643055053608,0.6206896551724137,80.99999999999999
275,17352,0.375,0.29628125,0.8848572461149259,0.9655172413793103,80.79999999999998
276,2879,0.125,0.309375,0.8107697867726779,0.27586206896551724,80.44444444444443
277,2906,0.125,0.3125,0.6752463558607397,1.0,80.42857142857142
278,18650,0.375,0.2899875,0.8984941573304421,0.48275862068965514,80.29999999999998
279,3076,0.125,0.0625,0.62643055053608,0.13793103448275862,79.99999999999999
280,3076,0.125,0.0625,0.62643055053608,0.6206896551724137,79.99999999999999
281,3076,0.125,0.0625,0.62643055053608,0.9655172413793103,79.99999999999999
282,3368,0.3625,0.059375,0.6508384531984098,0.13793103448275862,79.99999999999999
283,6113,0.875,0.059375,0.62643055053608,0.6896551724137931,79.99999999999999
284,3544,0.3625,0.3125,0.62643055053608,0.6206896551724137,79.99999999999999
285,5101,0.625,0.059375,0.62643055053608,0.13793103448275862,79.99999999999999
286,5101,0.625,0.059375,0.62643055053608,0.6896551724137931,79.99999999999999
287,5100,0.625,0.0625,0.62643055053608,0.9655172413793103,79.99999999999999
288,3917,0.375,0.3125,0.6508384531984098,0.3448275862068966,79.99999999999999
289,3917,0.375,0.3125,0.6508384531984098,0.6896551724137931,79.99999999999999
290,3917,0.375,0.3125,0.6508384531984098,0.9655172413793103,79.99999999999999
291,4932,0.625,0.3125,0.62643055053608,0.48275862068965514,79.99999999999999
292,4932,0.625,0.3125,0.62643055053608,0.6896551724137931,79.99999999999999
293,6116,0.875,0.059375,0.6508384531984098,0.27586206896551724,79.99999999999999
294,5567,0.8625,0.3125,0.6508384531984098,0.27586206896551724,79.99999999999999
295,5104,0.625,0.059375,0.6508384531984098,0.27586206896551724,79.99999999999999
296,4092,0.375,0.059375,0.6508384531984098,0.27586206896551724,79.99999999999999
297,18650,0.375,0.2899875,0.8984941573304421,1.0,79.85714285714285
298,3075,0.125,0.0625,0.7059462715335502,1.0,79.85714285714285
299,17351,0.375,0.29940625,0.8776894350078304,0.48275862068965514,79.79999999999998
300,17278,0.3625,0.29628125,0.8848572461149259,0.6896551724137931,79.59999999999998
301,4087,0.375,0.0625,0.7059462715335502,1.0,79.57142857142856
302,18650,0.375,0.2899875,0.8984941573304421,0.0,79.2222222222222
303,2905,0.125,0.3125,0.6508384531984098,0.8275862068965517,79.16666666666666
304,2778,0.125,0.10855624999999999,0.9325864353692326,1.0,79.02857142857142
305,2526,0.1125,0.309375,0.7059462715335502,0.6896551724137931,78.99999999999999
306,2867,0.125,0.278125,0.8796530538489338,0.6896551724137931,78.99999999999999
307,3543,0.3625,0.3125,0.6508384531984098,0.13793103448275862,78.99999999999999
308,5568,0.8625,0.3125,0.62643055053608,0.48275862068965514,78.99999999999999
309,5568,0.8625,0.3125,0.62643055053608,0.6896551724137931,78.99999999999999
310,5568,0.8625,0.3125,0.62643055053608,0.9655172413793103,78.99999999999999
311,3917,0.375,0.3125,0.6508384531984098,0.48275862068965514,78.99999999999999
312,4932,0.625,0.3125,0.62643055053608,0.9655172413793103,78.99999999999999
313,4932,0.625,0.3125,0.62643055053608,0.6206896551724137,78.99999999999999
314,4089,0.375,0.059375,0.62643055053608,0.6896551724137931,78.99999999999999
315,3319,0.3625,0.29553124999999997,0.8865317431634743,1.0,78.99999999999999
316,17351,0.375,0.29940625,0.8776894350078304,0.3448275862068966,78.89999999999999
317,3080,0.125,0.059375,0.6508384531984098,0.27586206896551724,78.88888888888887
318,3298,0.3625,0.28125,0.8586073966991927,1.0,78.88571428571427
319,19926,0.6125,0.25570312500000003,0.9432478014697024,1.0,78.85714285714285
320,2517,0.1125,0.28125,0.62643055053608,1.0,78.34285714285713
321,17351,0.375,0.29940625,0.8776894350078304,0.27586206896551724,78.33333333333331
322,2526,0.1125,0.309375,0.7059462715335502,0.9655172413793103,77.99999999999999
323,3076,0.125,0.0625,0.62643055053608,0.48275862068965514,77.99999999999999
324,3368,0.3625,0.059375,0.6508384531984098,0.9655172413793103,77.99999999999999
325,6112,0.875,0.0625,0.62643055053608,0.6206896551724137,77.99999999999999
326,3582,0.3625,0.278125,0.8796530538489338,0.13793103448275862,77.99999999999999
327,5568,0.8625,0.3125,0.62643055053608,0.6206896551724137,77.99999999999999
328,3917,0.375,0.3125,0.6508384531984098,0.6206896551724137,77.99999999999999
329,4088,0.375,0.0625,0.62643055053608,0.48275862068965514,77.99999999999999
330,5099,0.625,0.0625,0.7059462715335502,1.0,77.85714285714285
331,5941,0.875,0.3125,0.6508384531984098,0.0,77.77777777777776
332,19944,0.375,0.25253125,0.9599807252138296,1.0,77.71428571428571
333,17351,0.375,0.29940625,0.8776894350078304,0.6896551724137931,77.69999999999999
334,18650,0.375,0.2899875,0.8984941573304421,0.6206896551724137,77.49999999999999
335,17352,0.375,0.29628125,0.8848572461149259,0.6896551724137931,77.49999999999999
336,2905,0.125,0.3125,0.6508384531984098,0.13793103448275862,76.99999999999999
337,5100,0.625,0.0625,0.62643055053608,0.6206896551724137,76.99999999999999
338,4380,0.6125,0.059375,0.6508384531984098,0.9655172413793103,76.99999999999999
339,2879,0.125,0.309375,0.8107697867726779,0.9655172413793103,76.89999999999999
340,4336,0.6125,0.262071875,0.9472834598241175,1.0,76.8142857142857
341,18649,0.375,0.2931125,0.8918564028430309,1.0,76.57142857142856
342,6111,0.875,0.0625,0.7059462715335502,1.0,76.57142857142856
343,2361,0.1125,0.0625,0.7059462715335502,1.0,76.42857142857142
344,19870,0.3625,0.25253125,0.9599807252138296,1.0,76.42857142857142
345,5397,0.8625,0.0625,0.7059462715335502,1.0,76.42857142857142
346,4385,0.6125,0.0625,0.7059462715335502,1.0,76.42857142857142
347,3584,0.3625,0.278125,0.8360558968798939,1.0,76.1
348,2356,0.1125,0.059375,0.6508384531984098,0.9655172413793103,75.99999999999999
349,3368,0.3625,0.059375,0.6508384531984098,0.6206896551724137,75.99999999999999
350,6112,0.875,0.0625,0.62643055053608,0.13793103448275862,75.99999999999999
351,6112,0.875,0.0625,0.62643055053608,0.48275862068965514,75.99999999999999
352,5944,0.875,0.3125,0.62643055053608,0.3448275862068966,75.99999999999999
353,5392,0.8625,0.059375,0.6508384531984098,0.9655172413793103,75.99999999999999
354,4929,0.625,0.3125,0.6508384531984098,0.13793103448275862,75.99999999999999
355,4088,0.375,0.0625,0.62643055053608,0.6896551724137931,75.99999999999999
356,4555,0.6125,0.3125,0.6508384531984098,0.13793103448275862,75.99999999999999
357,3373,0.3625,0.0625,0.7059462715335502,1.0,75.99999999999999
358,18650,0.375,0.2899875,0.8984941573304421,0.3448275862068966,75.79999999999998
359,3299,0.3625,0.28125,0.8367546078785688,0.27586206896551724,75.55555555555554
360,3538,0.3625,0.309375,0.7059462715335502,0.0,75.55555555555554
361,5941,0.875,0.3125,0.6508384531984098,0.27586206896551724,75.55555555555554
362,3285,0.3625,0.25,0.9282857487049753,0.27586206896551724,75.33333333333331
363,4085,0.375,0.0625,0.65293579086857,1.0,75.28571428571428
364,3324,0.3625,0.262071875,0.9472834598241175,0.9655172413793103,75.19999999999999
365,3077,0.125,0.059375,0.62643055053608,0.8275862068965517,74.99999999999999
366,3372,0.3625,0.059375,0.62643055053608,0.8275862068965517,74.99999999999999
367,6113,0.875,0.059375,0.62643055053608,0.8275862068965517,74.99999999999999
368,5396,0.8625,0.059375,0.62643055053608,0.8275862068965517,74.99999999999999
369,3920,0.375,0.3125,0.62643055053608,0.8275862068965517,74.99999999999999
370,4384,0.6125,0.059375,0.62643055053608,0.8275862068965517,74.99999999999999
371,2910,0.125,0.309375,0.7059462715335502,0.3448275862068966,74.99999999999999
372,3543,0.3625,0.3125,0.6508384531984098,0.6896551724137931,74.99999999999999
373,3543,0.3625,0.3125,0.6508384531984098,0.9655172413793103,74.99999999999999
374,5100,0.625,0.0625,0.62643055053608,0.13793103448275862,74.99999999999999
375,5100,0.625,0.0625,0.62643055053608,0.48275862068965514,74.99999999999999
376,4380,0.6125,0.059375,0.6508384531984098,0.6206896551724137,74.99999999999999
377,17278,0.3625,0.29628125,0.8848572461149259,0.8275862068965517,74.74999999999999
378,2879,0.125,0.309375,0.8107697867726779,0.0,74.66666666666666
379,3682,0.3625,0.144375,0.8973135766775088,1.0,74.65214285714285
380,2516,0.1125,0.28125,0.6545717383447777,1.0,74.47142857142856
381,18649,0.375,0.2931125,0.8918564028430309,0.27586206896551724,74.44444444444443
382,3073,0.125,0.0625,0.65293579086857,1.0,74.28571428571428
383,3583,0.3625,0.278125,0.8578604987350921,0.27586206896551724,74.2222222222222
384,2364,0.1125,0.0625,0.62643055053608,0.6206896551724137,73.99999999999999
385,2526,0.1125,0.309375,0.7059462715335502,0.3448275862068966,73.99999999999999
386,2526,0.1125,0.309375,0.7059462715335502,0.48275862068965514,73.99999999999999
387,2910,0.125,0.309375,0.7059462715335502,0.48275862068965514,73.99999999999999
388,2910,0.125,0.309375,0.7059462715335502,0.6206896551724137,73.99999999999999
389,3368,0.3625,0.059375,0.6508384531984098,0.48275862068965514,73.99999999999999
390,3376,0.3625,0.0625,0.62643055053608,0.9655172413793103,73.99999999999999
391,5944,0.875,0.3125,0.62643055053608,0.48275862068965514,73.99999999999999
392,5944,0.875,0.3125,0.62643055053608,0.6896551724137931,73.99999999999999
393,5400,0.8625,0.0625,0.62643055053608,0.9655172413793103,73.99999999999999
394,5392,0.8625,0.059375,0.6508384531984098,0.6206896551724137,73.99999999999999
395,2879,0.125,0.309375,0.8107697867726779,0.6896551724137931,73.89999999999999
396,2879,0.125,0.309375,0.8107697867726779,0.6206896551724137,73.49999999999999
397,2910,0.125,0.309375,0.7059462715335502,0.0,73.33333333333331
398,3076,0.125,0.0625,0.62643055053608,0.0,73.33333333333331
399,3538,0.3625,0.309375,0.7059462715335502,0.27586206896551724,73.33333333333331
400,17352,0.375,0.29628125,0.8848572461149259,0.48275862068965514,73.29999999999998
401,3570,0.3625,0.309375,0.8107697867726779,0.27586206896551724,73.1111111111111
402,2356,0.1125,0.059375,0.6508384531984098,0.6206896551724137,72.99999999999999
403,2364,0.1125,0.0625,0.62643055053608,0.9655172413793103,72.99999999999999
404,2526,0.1125,0.309375,0.7059462715335502,0.6206896551724137,72.99999999999999
405,5944,0.875,0.3125,0.62643055053608,0.6206896551724137,72.99999999999999
406,5944,0.875,0.3125,0.62643055053608,0.9655172413793103,72.99999999999999
407,5567,0.8625,0.3125,0.6508384531984098,0.13793103448275862,72.99999999999999
408,5400,0.8625,0.0625,0.62643055053608,0.6206896551724137,72.99999999999999
409,4088,0.375,0.0625,0.62643055053608,0.3448275862068966,72.99999999999999
410,4555,0.6125,0.3125,0.6508384531984098,0.6896551724137931,72.99999999999999
411,4555,0.6125,0.3125,0.6508384531984098,0.9655172413793103,72.99999999999999
412,4388,0.6125,0.0625,0.62643055053608,0.6206896551724137,72.99999999999999
413,4388,0.6125,0.0625,0.62643055053608,0.9655172413793103,72.99999999999999
414,4380,0.6125,0.059375,0.6508384531984098,0.48275862068965514,72.99999999999999
415,6109,0.875,0.0625,0.65293579086857,1.0,72.85714285714285
416,2879,0.125,0.309375,0.8107697867726779,0.48275862068965514,72.79999999999998
417,3571,0.3625,0.309375,0.789519335019877,1.0,72.5142857142857
418,21242,0.375,0.24623750000000003,0.9673292374412721,0.6206896551724137,72.49999999999999
419,2526,0.1125,0.309375,0.7059462715335502,0.0,72.22222222222221
420,6112,0.875,0.0625,0.62643055053608,0.0,72.22222222222221
421,19919,0.398775,0.257215625,0.9412239489218166,1.0,72.14285714285714
422,2356,0.1125,0.059375,0.6508384531984098,0.48275862068965514,71.99999999999999
423,2364,0.1125,0.0625,0.62643055053608,0.48275862068965514,71.99999999999999
424,3076,0.125,0.0625,0.62643055053608,0.3448275862068966,71.99999999999999
425,3376,0.3625,0.0625,0.62643055053608,0.6206896551724137,71.99999999999999
426,6112,0.875,0.0625,0.62643055053608,0.6896551724137931,71.99999999999999
427,3543,0.3625,0.3125,0.6508384531984098,0.3448275862068966,71.99999999999999
428,3543,0.3625,0.3125,0.6508384531984098,0.48275862068965514,71.99999999999999
429,3582,0.3625,0.278125,0.8796530538489338,0.6206896551724137,71.99999999999999
430,5400,0.8625,0.0625,0.62643055053608,0.13793103448275862,71.99999999999999
431,5392,0.8625,0.059375,0.6508384531984098,0.48275862068965514,71.99999999999999
432,5104,0.625,0.059375,0.6508384531984098,0.6206896551724137,71.99999999999999
433,5100,0.625,0.0625,0.62643055053608,0.6896551724137931,71.99999999999999
434,4555,0.6125,0.3125,0.6508384531984098,0.3448275862068966,71.99999999999999
435,4555,0.6125,0.3125,0.6508384531984098,0.48275862068965514,71.99999999999999
436,4388,0.6125,0.0625,0.62643055053608,0.13793103448275862,71.99999999999999
437,5097,0.625,0.0625,0.65293579086857,1.0,71.85714285714285
438,3324,0.3625,0.262071875,0.9472834598241175,0.6896551724137931,71.69999999999999
439,3570,0.3625,0.309375,0.8107697867726779,0.0,71.44444444444443
440,19946,0.375,0.26811250000000003,0.9382363570654136,1.0,71.42857142857142
441,3932,0.375,0.28125,0.6545717383447777,1.0,71.12857142857142
442,3215,0.125,0.3125,0.7660281893747741,1.0,71.1142857142857
443,5100,0.625,0.0625,0.62643055053608,0.0,71.1111111111111
444,3922,0.375,0.309375,0.7059462715335502,0.0,71.1111111111111
445,4088,0.375,0.0625,0.62643055053608,0.0,71.1111111111111
446,3582,0.3625,0.278125,0.8796530538489338,0.48275862068965514,71.09999999999998
447,21242,0.375,0.24623750000000003,0.9673292374412721,0.3448275862068966,70.99999999999999
448,3076,0.125,0.0625,0.62643055053608,0.6896551724137931,70.99999999999999
449,3080,0.125,0.059375,0.6508384531984098,0.9655172413793103,70.99999999999999
450,3376,0.3625,0.0625,0.62643055053608,0.48275862068965514,70.99999999999999
451,6116,0.875,0.059375,0.6508384531984098,0.9655172413793103,70.99999999999999
452,6116,0.875,0.059375,0.6508384531984098,0.6206896551724137,70.99999999999999
453,3543,0.3625,0.3125,0.6508384531984098,0.6206896551724137,70.99999999999999
454,5941,0.875,0.3125,0.6508384531984098,0.13793103448275862,70.99999999999999
455,5400,0.8625,0.0625,0.62643055053608,0.48275862068965514,70.99999999999999
456,5104,0.625,0.059375,0.6508384531984098,0.9655172413793103,70.99999999999999
457,4555,0.6125,0.3125,0.6508384531984098,0.6206896551724137,70.99999999999999
458,3544,0.3625,0.3125,0.62643055053608,0.8275862068965517,70.83333333333333
459,2879,0.125,0.309375,0.8107697867726779,0.3448275862068966,70.69999999999999
460,2866,0.125,0.278125,0.8578604987350921,1.0,70.41428571428571
461,2559,0.1125,0.309375,0.789519335019877,1.0,70.22857142857141
462,3582,0.3625,0.278125,0.8796530538489338,0.9655172413793103,70.19999999999999
463,17351,0.375,0.29940625,0.8776894350078304,0.0,70.1111111111111
464,2878,0.125,0.309375,0.789519335019877,0.27586206896551724,70.1111111111111
465,2867,0.125,0.278125,0.8796530538489338,0.8275862068965517,69.99999999999999
466,2356,0.1125,0.059375,0.6508384531984098,0.13793103448275862,69.99999999999999
467,2356,0.1125,0.059375,0.6508384531984098,0.6896551724137931,69.99999999999999
468,2364,0.1125,0.0625,0.62643055053608,0.13793103448275862,69.99999999999999
469,3080,0.125,0.059375,0.6508384531984098,0.6206896551724137,69.99999999999999
470,3368,0.3625,0.059375,0.6508384531984098,0.6896551724137931,69.99999999999999
471,3376,0.3625,0.0625,0.62643055053608,0.13793103448275862,69.99999999999999
472,6112,0.875,0.0625,0.62643055053608,0.3448275862068966,69.99999999999999
473,5392,0.8625,0.059375,0.6508384531984098,0.13793103448275862,69.99999999999999
474,5104,0.625,0.059375,0.6508384531984098,0.48275862068965514,69.99999999999999
475,5104,0.625,0.059375,0.6508384531984098,0.13793103448275862,69.99999999999999
476,5100,0.625,0.0625,0.62643055053608,0.3448275862068966,69.99999999999999
477,4929,0.625,0.3125,0.6508384531984098,0.6896551724137931,69.99999999999999
478,4929,0.625,0.3125,0.6508384531984098,0.3448275862068966,69.99999999999999
479,4088,0.375,0.0625,0.62643055053608,0.13793103448275862,69.99999999999999
480,4092,0.375,0.059375,0.6508384531984098,0.13793103448275862,69.99999999999999
481,4092,0.375,0.059375,0.6508384531984098,0.6206896551724137,69.99999999999999
482,4388,0.6125,0.0625,0.62643055053608,0.48275862068965514,69.99999999999999
483,4380,0.6125,0.059375,0.6508384531984098,0.13793103448275862,69.99999999999999
484,4380,0.6125,0.059375,0.6508384531984098,0.6896551724137931,69.99999999999999
485,2364,0.1125,0.0625,0.62643055053608,0.0,69.99999999999999
486,3368,0.3625,0.059375,0.6508384531984098,0.0,69.99999999999999
487,3285,0.3625,0.25,0.9282857487049753,0.13793103448275862,69.89999999999999
488,3099,0.125,0.29553124999999997,0.8865317431634743,1.0,69.84285714285713
489,18649,0.375,0.2931125,0.8918564028430309,0.0,69.77777777777776
490,3582,0.3625,0.278125,0.8796530538489338,0.3448275862068966,69.69999999999999
491,3891,0.375,0.309375,0.8107697867726779,1.0,69.6
492,4556,0.6125,0.3125,0.62643055053608,1.0,69.42857142857142
493,2910,0.125,0.309375,0.7059462715335502,0.8275862068965517,69.16666666666666
494,19913,0.3986875,0.26655937500000004,0.9276713648957956,1.0,69.14285714285714
495,3368,0.3625,0.059375,0.6508384531984098,0.3448275862068966,68.99999999999999
496,6116,0.875,0.059375,0.6508384531984098,0.48275862068965514,68.99999999999999
497,5567,0.8625,0.3125,0.6508384531984098,0.3448275862068966,68.99999999999999
498,5392,0.8625,0.059375,0.6508384531984098,0.6896551724137931,68.99999999999999
499,4929,0.625,0.3125,0.6508384531984098,0.9655172413793103,68.99999999999999
500,4929,0.625,0.3125,0.6508384531984098,0.48275862068965514,68.99999999999999
501,4092,0.375,0.059375,0.6508384531984098,0.9655172413793103,68.99999999999999
502,2363,0.1125,0.0625,0.65293579086857,1.0,68.99999999999999
503,5392,0.8625,0.059375,0.6508384531984098,0.0,68.88888888888887
504,4380,0.6125,0.059375,0.6508384531984098,0.0,68.88888888888887
505,18650,0.375,0.2899875,0.8984941573304421,0.9655172413793103,68.69999999999999
506,2867,0.125,0.278125,0.8796530538489338,0.27586206896551724,68.66666666666666
507,3299,0.3625,0.28125,0.8367546078785688,0.0,68.55555555555554
508,4088,0.375,0.0625,0.62643055053608,0.8275862068965517,68.33333333333333
509,4556,0.6125,0.3125,0.62643055053608,0.8275862068965517,68.33333333333333
510,3285,0.3625,0.25,0.9282857487049753,0.0,68.1111111111111
511,2560,0.1125,0.309375,0.7682568365257197,1.0,68.08571428571427
512,3570,0.3625,0.309375,0.8107697867726779,0.13793103448275862,67.99999999999999
513,5567,0.8625,0.3125,0.6508384531984098,0.9655172413793103,67.99999999999999
514,5567,0.8625,0.3125,0.6508384531984098,0.48275862068965514,67.99999999999999
515,5567,0.8625,0.3125,0.6508384531984098,0.6896551724137931,67.99999999999999
516,5392,0.8625,0.059375,0.6508384531984098,0.3448275862068966,67.99999999999999
517,4929,0.625,0.3125,0.6508384531984098,0.6206896551724137,67.99999999999999
518,4092,0.375,0.059375,0.6508384531984098,0.48275862068965514,67.99999999999999
519,4380,0.6125,0.059375,0.6508384531984098,0.3448275862068966,67.99999999999999
520,3583,0.3625,0.278125,0.8578604987350921,0.0,67.99999999999999
521,18649,0.375,0.2931125,0.8918564028430309,0.48275862068965514,67.89999999999999
522,19949,0.4047375000000001,0.25448125,0.9575352367184676,1.0,67.85714285714285
523,2356,0.1125,0.059375,0.6508384531984098,0.0,67.77777777777776
524,5400,0.8625,0.0625,0.62643055053608,0.0,67.77777777777776
525,4934,0.625,0.309375,0.7059462715335502,0.0,67.77777777777776
526,4550,0.6125,0.309375,0.7059462715335502,0.0,67.77777777777776
527,3149,0.125,0.28125,0.8367546078785688,0.9655172413793103,67.69999999999999
528,18616,0.375,0.2899875,0.8847729189254305,1.0,67.57142857142857
529,3099,0.125,0.29553124999999997,0.8865317431634743,0.9655172413793103,67.49999999999999
530,3570,0.3625,0.309375,0.8107697867726779,0.9655172413793103,67.49999999999999
531,3298,0.3625,0.28125,0.8586073966991927,0.27586206896551724,67.44444444444443
532,3149,0.125,0.28125,0.8367546078785688,1.0,67.3142857142857
533,2927,0.125,0.278125,0.7718949524153716,1.0,67.3
534,2878,0.125,0.309375,0.789519335019877,0.9655172413793103,67.29999999999998
535,5399,0.8625,0.0625,0.65293579086857,1.0,67.28571428571428
536,4111,0.375,0.29553124999999997,0.8865317431634743,0.27586206896551724,67.1111111111111
537,2356,0.1125,0.059375,0.6508384531984098,0.3448275862068966,66.99999999999999
538,2364,0.1125,0.0625,0.62643055053608,0.3448275862068966,66.99999999999999
539,3080,0.125,0.059375,0.6508384531984098,0.48275862068965514,66.99999999999999
540,3538,0.3625,0.309375,0.7059462715335502,0.13793103448275862,66.99999999999999
541,5567,0.8625,0.3125,0.6508384531984098,0.6206896551724137,66.99999999999999
542,21242,0.375,0.24623750000000003,0.9673292374412721,0.48275862068965514,66.89999999999999
543,17282,0.125,0.29628125,0.8848572461149259,0.13793103448275862,66.89999999999999
544,3375,0.3625,0.0625,0.65293579086857,1.0,66.85714285714285
545,6112,0.875,0.0625,0.62643055053608,0.8275862068965517,66.66666666666666
546,5101,0.625,0.059375,0.62643055053608,0.8275862068965517,66.66666666666666
547,5100,0.625,0.0625,0.62643055053608,0.8275862068965517,66.66666666666666
548,4089,0.375,0.059375,0.62643055053608,0.8275862068965517,66.66666666666666
549,4380,0.6125,0.059375,0.6508384531984098,0.8275862068965517,66.66666666666666
550,4550,0.6125,0.309375,0.7059462715335502,0.27586206896551724,66.66666666666666
551,4388,0.6125,0.0625,0.62643055053608,0.0,66.66666666666666
552,18650,0.375,0.2899875,0.8984941573304421,0.6896551724137931,66.49999999999999
553,3285,0.3625,0.25,0.9282857487049753,0.9655172413793103,66.39999999999999
554,2307,0.1125,0.29553124999999997,0.8865317431634743,0.48275862068965514,66.19999999999999
555,2879,0.125,0.309375,0.8107697867726779,0.13793103448275862,66.19999999999999
556,18617,0.398675,0.288434375,0.8880375858330322,1.0,66.14285714285714
557,4387,0.6125,0.0625,0.65293579086857,1.0,66.14285714285714
558,2910,0.125,0.309375,0.7059462715335502,0.13793103448275862,65.99999999999999
559,3299,0.3625,0.28125,0.8367546078785688,0.13793103448275862,65.99999999999999
560,3376,0.3625,0.0625,0.62643055053608,0.3448275862068966,65.99999999999999
561,3582,0.3625,0.278125,0.8796530538489338,0.6896551724137931,65.99999999999999
562,5400,0.8625,0.0625,0.62643055053608,0.3448275862068966,65.99999999999999
563,5400,0.8625,0.0625,0.62643055053608,0.6896551724137931,65.99999999999999
564,2867,0.125,0.278125,0.8796530538489338,0.0,65.99999999999999
565,3286,0.3625,0.25,0.906143838091796,1.0,65.95714285714286
566,3099,0.125,0.29553124999999997,0.8865317431634743,0.0,65.88888888888887
567,3319,0.3625,0.29553124999999997,0.8865317431634743,0.27586206896551724,65.88888888888887
568,4111,0.375,0.29553124999999997,0.8865317431634743,0.9655172413793103,65.87999999999998
569,2526,0.1125,0.309375,0.7059462715335502,0.8275862068965517,65.83333333333333
570,3917,0.375,0.3125,0.6508384531984098,0.8275862068965517,65.83333333333333
571,3324,0.3625,0.262071875,0.9472834598241175,0.8275862068965517,65.74999999999999
572,3297,0.3625,0.28125,0.8804722322611732,1.0,65.65714285714284
573,3376,0.3625,0.0625,0.62643055053608,0.0,65.55555555555554
574,6116,0.875,0.059375,0.6508384531984098,0.0,65.55555555555554
575,3584,0.3625,0.278125,0.8360558968798939,0.27586206896551724,65.55555555555554
576,5104,0.625,0.059375,0.6508384531984098,0.0,65.55555555555554
577,3922,0.375,0.309375,0.7059462715335502,0.27586206896551724,65.55555555555554
578,3937,0.375,0.28125,0.62643055053608,0.27586206896551724,65.55555555555554
579,4934,0.625,0.309375,0.7059462715335502,0.27586206896551724,65.55555555555554
580,4092,0.375,0.059375,0.6508384531984098,0.0,65.55555555555554
581,2866,0.125,0.278125,0.8578604987350921,0.9655172413793103,65.49999999999999
582,3099,0.125,0.29553124999999997,0.8865317431634743,0.6896551724137931,65.29999999999998
583,2867,0.125,0.278125,0.8796530538489338,0.48275862068965514,65.19999999999999
584,2526,0.1125,0.309375,0.7059462715335502,0.13793103448275862,64.99999999999999
585,2878,0.125,0.309375,0.789519335019877,0.6896551724137931,64.99999999999999
586,3376,0.3625,0.0625,0.62643055053608,0.6896551724137931,64.99999999999999
587,5941,0.875,0.3125,0.6508384531984098,0.3448275862068966,64.99999999999999
588,3583,0.3625,0.278125,0.8578604987350921,0.13793103448275862,64.99999999999999
589,5104,0.625,0.059375,0.6508384531984098,0.3448275862068966,64.99999999999999
590,4388,0.6125,0.0625,0.62643055053608,0.3448275862068966,64.99999999999999
591,4388,0.6125,0.0625,0.62643055053608,0.6896551724137931,64.99999999999999
592,2526,0.1125,0.309375,0.7059462715335502,1.0,64.95714285714286
593,18650,0.375,0.2899875,0.8984941573304421,0.13793103448275862,64.89999999999999
594,3149,0.125,0.28125,0.8367546078785688,0.6896551724137931,64.69999999999999
595,3319,0.3625,0.29553124999999997,0.8865317431634743,0.48275862068965514,64.6
596,5562,0.8625,0.309375,0.7059462715335502,0.0,64.44444444444443
597,2867,0.125,0.278125,0.8796530538489338,0.6206896551724137,64.29999999999998
598,3570,0.3625,0.309375,0.8107697867726779,0.6896551724137931,64.19999999999999
599,17351,0.375,0.29940625,0.8776894350078304,0.8275862068965517,64.16666666666666
600,2879,0.125,0.309375,0.8107697867726779,0.8275862068965517,64.16666666666666
601,5568,0.8625,0.3125,0.62643055053608,0.8275862068965517,64.16666666666666
602,4932,0.625,0.3125,0.62643055053608,0.8275862068965517,64.16666666666666
603,3299,0.3625,0.28125,0.8367546078785688,0.6206896551724137,64.1
604,2364,0.1125,0.0625,0.62643055053608,0.6896551724137931,63.999999999999986
605,3080,0.125,0.059375,0.6508384531984098,0.6896551724137931,63.999999999999986
606,6116,0.875,0.059375,0.6508384531984098,0.3448275862068966,63.999999999999986
607,3538,0.3625,0.309375,0.7059462715335502,0.9655172413793103,63.999999999999986
608,3570,0.3625,0.309375,0.8107697867726779,0.6206896551724137,63.999999999999986
609,5941,0.875,0.3125,0.6508384531984098,0.48275862068965514,63.999999999999986
610,5941,0.875,0.3125,0.6508384531984098,0.6896551724137931,63.999999999999986
611,3922,0.375,0.309375,0.7059462715335502,0.13793103448275862,63.999999999999986
612,4092,0.375,0.059375,0.6508384531984098,0.3448275862068966,63.999999999999986
613,17282,0.125,0.29628125,0.8848572461149259,0.0,63.88888888888888
614,19895,0.1546625,0.269296875,0.936369112155162,1.0,63.71428571428571
615,3299,0.3625,0.28125,0.8367546078785688,0.48275862068965514,63.69999999999999
616,18649,0.375,0.2931125,0.8918564028430309,0.6206896551724137,63.59999999999999
617,17352,0.375,0.29628125,0.8848572461149259,0.8275862068965517,63.58333333333332
618,4903,0.625,0.309375,0.8107697867726779,1.0,63.57142857142856
619,4111,0.375,0.29553124999999997,0.8865317431634743,0.48275862068965514,63.499999999999986
620,4111,0.375,0.29553124999999997,0.8865317431634743,0.6896551724137931,63.47999999999999
621,19875,0.33276249999999996,0.25448125,0.9575352367184676,0.27586206896551724,63.44444444444443
622,2877,0.125,0.309375,0.7682568365257197,0.27586206896551724,63.33333333333332
623,3080,0.125,0.059375,0.6508384531984098,0.0,63.33333333333332
624,3570,0.3625,0.309375,0.8107697867726779,0.48275862068965514,63.29999999999999
625,17253,0.3625,0.31498750000000003,0.8226478737501505,1.0,63.28571428571428
626,3580,0.3625,0.302878125,0.8251897361763642,1.0,63.22857142857142
627,3159,0.125,0.294746875,0.8743645343934465,1.0,63.19999999999999
628,2530,0.1125,0.3125,0.6752463558607397,0.6896551724137931,62.999999999999986
629,2530,0.1125,0.3125,0.6752463558607397,0.9655172413793103,62.999999999999986
630,2877,0.125,0.309375,0.7682568365257197,0.9655172413793103,62.999999999999986
631,3080,0.125,0.059375,0.6508384531984098,0.3448275862068966,62.999999999999986
632,6116,0.875,0.059375,0.6508384531984098,0.6896551724137931,62.999999999999986
633,3538,0.3625,0.309375,0.7059462715335502,0.6896551724137931,62.999999999999986
634,5941,0.875,0.3125,0.6508384531984098,0.6206896551724137,62.999999999999986
635,5941,0.875,0.3125,0.6508384531984098,0.9655172413793103,62.999999999999986
636,5104,0.625,0.059375,0.6508384531984098,0.6896551724137931,62.999999999999986
637,3099,0.125,0.29553124999999997,0.8865317431634743,0.27586206896551724,62.999999999999986
638,18624,0.375,0.27753125,0.9092398506204071,0.27586206896551724,62.777777777777764
639,5946,0.875,0.309375,0.7059462715335502,1.0,62.771428571428565
640,4550,0.6125,0.309375,0.7059462715335502,1.0,62.757142857142846
641,3299,0.3625,0.28125,0.8367546078785688,0.9655172413793103,62.69999999999999
642,3543,0.3625,0.3125,0.6508384531984098,0.8275862068965517,62.49999999999999
643,2866,0.125,0.278125,0.8578604987350921,0.6896551724137931,62.499999999999986
644,19951,0.5827625000000001,0.25448125,0.9575352367184676,1.0,62.42857142857142
645,2867,0.125,0.278125,0.8796530538489338,0.3448275862068966,62.29999999999999
646,3373,0.3625,0.0625,0.7059462715335502,0.27586206896551724,62.22222222222221
647,5946,0.875,0.309375,0.7059462715335502,0.0,62.22222222222221
648,5562,0.8625,0.309375,0.7059462715335502,0.27586206896551724,62.22222222222221
649,5099,0.625,0.0625,0.7059462715335502,0.27586206896551724,62.22222222222221
650,3937,0.375,0.28125,0.62643055053608,0.0,62.22222222222221
651,4087,0.375,0.0625,0.7059462715335502,0.27586206896551724,62.22222222222221
652,3299,0.3625,0.28125,0.8367546078785688,0.3448275862068966,62.09999999999999
653,3583,0.3625,0.278125,0.8578604987350921,0.9655172413793103,61.999999999999986
654,4092,0.375,0.059375,0.6508384531984098,0.6896551724137931,61.999999999999986
655,17319,0.375,0.29940625,0.8635586073966991,0.27586206896551724,61.999999999999986
656,3298,0.3625,0.28125,0.8586073966991927,0.0,61.999999999999986
657,18548,0.125,0.2931125,0.8780026502830983,1.0,61.85714285714285
658,18649,0.375,0.2931125,0.8918564028430309,0.3448275862068966,61.79999999999999
659,3918,0.375,0.3125,0.6752463558607397,1.0,61.71428571428571
660,3570,0.3625,0.309375,0.8107697867726779,0.3448275862068966,61.69999999999999
661,3076,0.125,0.0625,0.62643055053608,0.8275862068965517,61.66666666666666
662,3542,0.3625,0.3125,0.6752463558607397,1.0,61.55714285714285
663,19898,0.3388625,0.2665625,0.9406336585953499,0.27586206896551724,61.55555555555554
664,3099,0.125,0.29553124999999997,0.8865317431634743,0.13793103448275862,61.39999999999999
665,3285,0.3625,0.25,0.9282857487049753,0.6896551724137931,61.39999999999999
666,18549,0.3625,0.2931125,0.8780026502830983,0.27586206896551724,61.33333333333332
667,3937,0.375,0.28125,0.62643055053608,1.0,61.31428571428571
668,17283,0.3327,0.298234375,0.8803999518130344,1.0,61.28571428571428
669,19882,0.14869125,0.26655937500000004,0.9406457053367063,1.0,61.14285714285713
670,2361,0.1125,0.0625,0.7059462715335502,0.27586206896551724,61.1111111111111
671,2530,0.1125,0.3125,0.6752463558607397,0.27586206896551724,61.1111111111111
672,3073,0.125,0.0625,0.65293579086857,0.27586206896551724,61.1111111111111
673,3075,0.125,0.0625,0.7059462715335502,0.27586206896551724,61.1111111111111
674,6111,0.875,0.0625,0.7059462715335502,0.27586206896551724,61.1111111111111
675,5946,0.875,0.309375,0.7059462715335502,0.27586206896551724,61.1111111111111
676,5397,0.8625,0.0625,0.7059462715335502,0.27586206896551724,61.1111111111111
677,3932,0.375,0.28125,0.6545717383447777,0.27586206896551724,61.1111111111111
678,4385,0.6125,0.0625,0.7059462715335502,0.27586206896551724,61.1111111111111
679,18548,0.125,0.2931125,0.8780026502830983,0.9655172413793103,61.09999999999999
680,18623,0.39878749999999996,0.279090625,0.9063847729189254,1.0,60.99999999999999
681,3521,0.3625,0.278125,0.7718949524153716,1.0,60.99999999999999
682,2867,0.125,0.278125,0.8796530538489338,0.13793103448275862,60.999999999999986
683,2877,0.125,0.309375,0.7682568365257197,0.6896551724137931,60.999999999999986
684,3538,0.3625,0.309375,0.7059462715335502,0.3448275862068966,60.999999999999986
685,4550,0.6125,0.309375,0.7059462715335502,0.13793103448275862,60.999999999999986
686,2878,0.125,0.309375,0.789519335019877,1.0,60.85857142857142
687,3930,0.375,0.300271875,0.7551740754126008,1.0,60.671428571428564
688,3319,0.3625,0.29553124999999997,0.8865317431634743,0.0,60.66666666666666
689,3584,0.3625,0.278125,0.8360558968798939,0.0,60.66666666666666
690,3319,0.3625,0.29553124999999997,0.8865317431634743,0.9655172413793103,60.499999999999986
691,4111,0.375,0.29553124999999997,0.8865317431634743,0.0,60.444444444444436
692,21163,0.3625,0.24623750000000003,0.9673292374412721,1.0,60.42857142857142
693,19925,0.6125,0.26811250000000003,0.9252258764004336,1.0,60.42857142857142
694,19889,0.332925,0.269296875,0.936369112155162,1.0,60.42857142857142
695,3125,0.125,0.109803125,0.9472834598241175,0.48275862068965514,60.35999999999999
696,17308,0.33875,0.30100625000000003,0.873906758221901,1.0,60.28571428571428
697,3604,0.3625,0.24041562500000002,0.930333694735574,1.0,60.25714285714285
698,19875,0.33276249999999996,0.25448125,0.9575352367184676,0.13793103448275862,60.19999999999999
699,4555,0.6125,0.3125,0.6508384531984098,0.8275862068965517,59.99999999999999
700,2906,0.125,0.3125,0.6752463558607397,0.9655172413793103,59.999999999999986
701,3080,0.125,0.059375,0.6508384531984098,0.13793103448275862,59.999999999999986
702,6116,0.875,0.059375,0.6508384531984098,0.13793103448275862,59.999999999999986
703,3538,0.3625,0.309375,0.7059462715335502,0.48275862068965514,59.999999999999986
704,3538,0.3625,0.309375,0.7059462715335502,0.6206896551724137,59.999999999999986
705,3922,0.375,0.309375,0.7059462715335502,0.6896551724137931,59.999999999999986
706,3922,0.375,0.309375,0.7059462715335502,0.9655172413793103,59.999999999999986
707,4934,0.625,0.309375,0.7059462715335502,0.13793103448275862,59.999999999999986
708,19875,0.33276249999999996,0.25448125,0.9575352367184676,0.0,59.999999999999986
709,6109,0.875,0.0625,0.65293579086857,0.27586206896551724,59.999999999999986
710,3920,0.375,0.3125,0.62643055053608,1.0,59.98571428571428
711,2878,0.125,0.309375,0.789519335019877,0.0,59.777777777777764
712,3150,0.125,0.28125,0.8586073966991927,1.0,59.771428571428565
713,4582,0.6125,0.309375,0.8107697867726779,1.0,59.771428571428565
714,3544,0.3625,0.3125,0.62643055053608,1.0,59.599999999999994
715,19876,0.3031125,0.256428125,0.9550174677749668,1.0,59.57142857142856
716,17319,0.375,0.29940625,0.8635586073966991,0.0,59.55555555555554
717,3571,0.3625,0.309375,0.789519335019877,0.0,59.55555555555554
718,18548,0.125,0.2931125,0.8780026502830983,0.6896551724137931,59.39999999999999
719,3299,0.3625,0.28125,0.8367546078785688,0.6896551724137931,59.39999999999999
720,2866,0.125,0.278125,0.8578604987350921,0.27586206896551724,59.33333333333332
721,3149,0.125,0.28125,0.8367546078785688,0.27586206896551724,59.33333333333332
722,3572,0.3625,0.309375,0.7682568365257197,1.0,59.171428571428564
723,3376,0.3625,0.0625,0.62643055053608,0.8275862068965517,59.16666666666666
724,5944,0.875,0.3125,0.62643055053608,0.8275862068965517,59.16666666666666
725,17351,0.375,0.29940625,0.8776894350078304,0.13793103448275862,59.09999999999999
726,2906,0.125,0.3125,0.6752463558607397,0.6896551724137931,58.999999999999986
727,3298,0.3625,0.28125,0.8586073966991927,0.13793103448275862,58.999999999999986
728,18548,0.125,0.2931125,0.8780026502830983,0.27586206896551724,58.999999999999986
729,2517,0.1125,0.28125,0.62643055053608,0.27586206896551724,58.88888888888888
730,4594,0.6125,0.278125,0.8796530538489338,0.27586206896551724,58.88888888888888
731,21142,0.33290000000000003,0.24742187499999999,0.9534513913986267,1.0,58.71428571428571
732,3583,0.3625,0.278125,0.8578604987350921,0.6896551724137931,58.69999999999999
733,19875,0.33276249999999996,0.25448125,0.9575352367184676,0.6206896551724137,58.59999999999999
734,2570,0.1125,0.278125,0.8796530538489338,1.0,58.55714285714285
735,3285,0.3625,0.25,0.9282857487049753,1.0,58.54285714285714
736,2312,0.1125,0.262071875,0.9472834598241175,1.0,58.514285714285705
737,3584,0.3625,0.278125,0.8360558968798939,0.13793103448275862,58.39999999999999
738,2356,0.1125,0.059375,0.6508384531984098,0.8275862068965517,58.33333333333332
739,3080,0.125,0.059375,0.6508384531984098,0.8275862068965517,58.33333333333332
740,3099,0.125,0.29553124999999997,0.8865317431634743,0.8275862068965517,58.33333333333332
741,3368,0.3625,0.059375,0.6508384531984098,0.8275862068965517,58.33333333333332
742,6116,0.875,0.059375,0.6508384531984098,0.8275862068965517,58.33333333333332
743,5400,0.8625,0.0625,0.62643055053608,0.8275862068965517,58.33333333333332
744,5392,0.8625,0.059375,0.6508384531984098,0.8275862068965517,58.33333333333332
745,5104,0.625,0.059375,0.6508384531984098,0.8275862068965517,58.33333333333332
746,4092,0.375,0.059375,0.6508384531984098,0.8275862068965517,58.33333333333332
747,4388,0.6125,0.0625,0.62643055053608,0.8275862068965517,58.33333333333332
748,19831,0.3625,0.25570312500000003,0.9432478014697024,1.0,58.28571428571428
749,3342,0.3625,0.13098749999999998,0.9729671123960967,0.48275862068965514,58.22999999999999
750,3149,0.125,0.28125,0.8367546078785688,0.0,58.22222222222221
751,18572,0.3625,0.2931125,0.8918564028430309,1.0,58.14285714285714
752,18624,0.375,0.27753125,0.9092398506204071,0.0,58.1111111111111
753,17282,0.125,0.29628125,0.8848572461149259,0.27586206896551724,58.1111111111111
754,3075,0.125,0.0625,0.7059462715335502,0.9655172413793103,57.99999999999999
755,3319,0.3625,0.29553124999999997,0.8865317431634743,0.6896551724137931,57.89999999999999
756,3571,0.3625,0.309375,0.789519335019877,0.27586206896551724,57.88888888888888
757,2363,0.1125,0.0625,0.65293579086857,0.27586206896551724,57.777777777777764
758,5097,0.625,0.0625,0.65293579086857,0.27586206896551724,57.777777777777764
759,3932,0.375,0.28125,0.6545717383447777,0.0,57.777777777777764
760,4085,0.375,0.0625,0.65293579086857,0.27586206896551724,57.777777777777764
761,4554,0.6125,0.3125,0.6752463558607397,1.0,57.71428571428571
762,19875,0.33276249999999996,0.25448125,0.9575352367184676,0.3448275862068966,57.69999999999999
763,19898,0.3388625,0.2665625,0.9406336585953499,0.0,57.55555555555554
764,2779,0.125,0.11517812499999999,0.9419226599204914,0.48275862068965514,57.51999999999999
765,3149,0.125,0.28125,0.8367546078785688,0.8275862068965517,57.49999999999999
766,2525,0.1125,0.309375,0.67944103120106,1.0,57.49999999999999
767,18548,0.125,0.2931125,0.8780026502830983,0.0,57.444444444444436
768,4594,0.6125,0.278125,0.8796530538489338,1.0,57.42857142857142
769,3298,0.3625,0.28125,0.8586073966991927,0.9655172413793103,57.39999999999999
770,19896,0.2915,0.26345625,0.9452837007589447,1.0,57.28571428571428
771,3285,0.3625,0.25,0.9282857487049753,0.48275862068965514,57.139999999999986
772,2517,0.1125,0.28125,0.62643055053608,0.9655172413793103,56.99999999999999
773,3584,0.3625,0.278125,0.8360558968798939,0.9655172413793103,56.99999999999999
774,5562,0.8625,0.309375,0.7059462715335502,0.13793103448275862,56.99999999999999
775,3937,0.375,0.28125,0.62643055053608,0.13793103448275862,56.99999999999999
776,3937,0.375,0.28125,0.62643055053608,0.48275862068965514,56.99999999999999
777,3937,0.375,0.28125,0.62643055053608,0.9655172413793103,56.99999999999999
778,4934,0.625,0.309375,0.7059462715335502,0.6896551724137931,56.99999999999999
779,4934,0.625,0.309375,0.7059462715335502,0.9655172413793103,56.99999999999999
780,4550,0.6125,0.309375,0.7059462715335502,0.9655172413793103,56.99999999999999
781,21256,0.58885,0.2446875,0.9690157812311769,1.0,56.99999999999999
782,21241,0.375,0.24936250000000001,0.9637754487411154,1.0,56.99999999999999
783,2911,0.125,0.309375,0.67944103120106,1.0,56.914285714285704
784,3319,0.3625,0.29553124999999997,0.8865317431634743,0.13793103448275862,56.89999999999999
785,2866,0.125,0.278125,0.8578604987350921,0.0,56.88888888888888
786,3891,0.375,0.309375,0.8107697867726779,0.27586206896551724,56.88888888888888
787,4119,0.375,0.2408875,0.9729671123960967,1.0,56.85714285714285
788,19890,0.30322499999999997,0.26735000000000003,0.9394289844597036,1.0,56.71428571428571
789,4929,0.625,0.3125,0.6508384531984098,0.8275862068965517,56.66666666666666
790,2517,0.1125,0.28125,0.62643055053608,0.0,56.66666666666666
791,3521,0.3625,0.278125,0.7718949524153716,0.27586206896551724,56.66666666666666
792,17319,0.375,0.29940625,0.8635586073966991,0.13793103448275862,56.59999999999999
793,18548,0.125,0.2931125,0.8780026502830983,0.48275862068965514,56.49999999999999
794,19889,0.332925,0.269296875,0.936369112155162,0.27586206896551724,56.444444444444436
795,2558,0.1125,0.309375,0.8107697867726779,0.9655172413793103,56.29999999999999
796,3150,0.125,0.28125,0.8586073966991927,0.9655172413793103,56.29999999999999
797,17278,0.3625,0.29628125,0.8848572461149259,1.0,56.28571428571428
798,18549,0.3625,0.2931125,0.8780026502830983,0.0,56.222222222222214
799,19946,0.375,0.26811250000000003,0.9382363570654136,0.6206896551724137,56.19999999999999
800,19897,0.31515,0.26500625,0.9429827731598602,1.0,56.14285714285714
801,17319,0.375,0.29940625,0.8635586073966991,1.0,56.14285714285714
802,2517,0.1125,0.28125,0.62643055053608,0.6896551724137931,55.99999999999999
803,3075,0.125,0.0625,0.7059462715335502,0.6206896551724137,55.99999999999999
804,3149,0.125,0.28125,0.8367546078785688,0.48275862068965514,55.99999999999999
805,3694,0.3625,0.13343750000000001,0.9629442235875195,0.48275862068965514,55.99999999999999
806,5099,0.625,0.0625,0.7059462715335502,0.9655172413793103,55.99999999999999
807,3922,0.375,0.309375,0.7059462715335502,0.3448275862068966,55.99999999999999
808,3937,0.375,0.28125,0.62643055053608,0.3448275862068966,55.99999999999999
809,3937,0.375,0.28125,0.62643055053608,0.6206896551724137,55.99999999999999
810,3937,0.375,0.28125,0.62643055053608,0.6896551724137931,55.99999999999999
811,4934,0.625,0.309375,0.7059462715335502,0.3448275862068966,55.99999999999999
812,4085,0.375,0.0625,0.65293579086857,0.9655172413793103,55.99999999999999
813,4087,0.375,0.0625,0.7059462715335502,0.6206896551724137,55.99999999999999
814,4087,0.375,0.0625,0.7059462715335502,0.9655172413793103,55.99999999999999
815,4550,0.6125,0.309375,0.7059462715335502,0.3448275862068966,55.99999999999999
816,4550,0.6125,0.309375,0.7059462715335502,0.6896551724137931,55.99999999999999
817,21207,0.375,0.24936250000000001,0.9511866040236115,0.27586206896551724,55.88888888888888
818,21194,0.33885,0.2446875,0.9690157812311769,0.27586206896551724,55.88888888888888
819,3890,0.375,0.309375,0.789519335019877,1.0,55.88571428571428
820,21193,0.31515,0.24313125000000002,0.9706661847970124,1.0,55.85714285714285
821,2364,0.1125,0.0625,0.62643055053608,0.8275862068965517,55.83333333333332
822,2878,0.125,0.309375,0.789519335019877,0.8275862068965517,55.83333333333332
823,5567,0.8625,0.3125,0.6508384531984098,0.8275862068965517,55.83333333333332
824,2222,0.1125,0.3125,0.7660281893747741,1.0,55.81428571428571
825,19913,0.3986875,0.26655937500000004,0.9276713648957956,0.27586206896551724,55.777777777777764
826,3298,0.3625,0.28125,0.8586073966991927,0.6206896551724137,55.76999999999999
827,21194,0.33885,0.2446875,0.9690157812311769,0.6206896551724137,55.69999999999999
828,18558,0.12500000000000017,0.2899875,0.8847729189254305,0.9655172413793103,55.69999999999999
829,3149,0.125,0.28125,0.8367546078785688,0.6206896551724137,55.59999999999999
830,2906,0.125,0.3125,0.6752463558607397,0.27586206896551724,55.55555555555554
831,5399,0.8625,0.0625,0.65293579086857,0.27586206896551724,55.55555555555554
832,19940,0.6125,0.25253125,0.9599807252138296,1.0,55.42857142857142
833,6095,0.875,0.09375,0.62643055053608,1.0,55.42857142857142
834,2865,0.125,0.278125,0.8360558968798939,0.9655172413793103,55.29999999999999
835,3099,0.125,0.29553124999999997,0.8865317431634743,0.48275862068965514,55.29999999999999
836,4111,0.375,0.29553124999999997,0.8865317431634743,0.13793103448275862,55.29999999999999
837,3099,0.125,0.29553124999999997,0.8865317431634743,0.6206896551724137,55.19999999999999
838,3584,0.3625,0.278125,0.8360558968798939,0.48275862068965514,55.19999999999999
839,18548,0.125,0.2931125,0.8780026502830983,0.6206896551724137,55.09999999999999
840,2530,0.1125,0.3125,0.6752463558607397,0.8275862068965517,54.99999999999999
841,2866,0.125,0.278125,0.8578604987350921,0.8275862068965517,54.99999999999999
842,3570,0.3625,0.309375,0.8107697867726779,0.8275862068965517,54.99999999999999
843,3582,0.3625,0.278125,0.8796530538489338,0.8275862068965517,54.99999999999999
844,4111,0.375,0.29553124999999997,0.8865317431634743,0.8275862068965517,54.99999999999999
845,2361,0.1125,0.0625,0.7059462715335502,0.9655172413793103,54.99999999999999
846,18624,0.375,0.27753125,0.9092398506204071,0.13793103448275862,54.99999999999999
847,2878,0.125,0.309375,0.789519335019877,0.13793103448275862,54.99999999999999
848,3075,0.125,0.0625,0.7059462715335502,0.48275862068965514,54.99999999999999
849,6111,0.875,0.0625,0.7059462715335502,0.9655172413793103,54.99999999999999
850,3571,0.3625,0.309375,0.789519335019877,0.13793103448275862,54.99999999999999
851,5946,0.875,0.309375,0.7059462715335502,0.13793103448275862,54.99999999999999
852,5397,0.8625,0.0625,0.7059462715335502,0.9655172413793103,54.99999999999999
853,5099,0.625,0.0625,0.7059462715335502,0.6206896551724137,54.99999999999999
854,3922,0.375,0.309375,0.7059462715335502,0.48275862068965514,54.99999999999999
855,3922,0.375,0.309375,0.7059462715335502,0.6206896551724137,54.99999999999999
856,4934,0.625,0.309375,0.7059462715335502,0.48275862068965514,54.99999999999999
857,4087,0.375,0.0625,0.7059462715335502,0.13793103448275862,54.99999999999999
858,4550,0.6125,0.309375,0.7059462715335502,0.48275862068965514,54.99999999999999
859,4550,0.6125,0.309375,0.7059462715335502,0.6206896551724137,54.99999999999999
860,4385,0.6125,0.0625,0.7059462715335502,0.6206896551724137,54.99999999999999
861,4385,0.6125,0.0625,0.7059462715335502,0.9655172413793103,54.99999999999999
862,3584,0.3625,0.278125,0.8360558968798939,0.6206896551724137,54.89999999999999
863,5083,0.625,0.09375,0.62643055053608,1.0,54.85714285714285
864,21194,0.33885,0.2446875,0.9690157812311769,0.3448275862068966,54.79999999999999
865,4903,0.625,0.309375,0.8107697867726779,0.27586206896551724,54.777777777777764
866,3104,0.125,0.262071875,0.9472834598241175,0.48275862068965514,54.70999999999999
867,3163,0.125,0.25,0.9282857487049753,0.9655172413793103,54.69999999999999
868,19898,0.3388625,0.2665625,0.9406336585953499,1.0,54.57142857142856
869,3297,0.3625,0.28125,0.8804722322611732,0.27586206896551724,54.55555555555554
870,3298,0.3625,0.28125,0.8586073966991927,0.6896551724137931,54.49999999999999
871,2516,0.1125,0.28125,0.6545717383447777,0.27586206896551724,54.444444444444436
872,18593,0.33294999999999997,0.291175,0.8960004818696542,0.27586206896551724,54.444444444444436
873,3521,0.3625,0.278125,0.7718949524153716,0.0,54.444444444444436
874,3918,0.375,0.3125,0.6752463558607397,0.0,54.444444444444436
875,4387,0.6125,0.0625,0.65293579086857,0.27586206896551724,54.444444444444436
876,4311,0.6125,0.28125,0.8367546078785688,1.0,54.342857142857135
877,19875,0.33276249999999996,0.25448125,0.9575352367184676,0.48275862068965514,54.29999999999999
878,19901,0.315125,0.25880000000000003,0.9518491747982171,1.0,54.28571428571428
879,3150,0.125,0.28125,0.8586073966991927,0.27586206896551724,54.222222222222214
880,2558,0.1125,0.309375,0.8107697867726779,0.6896551724137931,54.19999999999999
881,3584,0.3625,0.278125,0.8360558968798939,0.6896551724137931,54.19999999999999
882,19900,0.3387875,0.25725312499999997,0.9539332610528852,1.0,54.14285714285714
883,4071,0.375,0.09375,0.62643055053608,1.0,54.14285714285714
884,18593,0.33294999999999997,0.291175,0.8960004818696542,0.0,54.1111111111111
885,18535,0.3625,0.277578125,0.9091555234309118,0.27586206896551724,54.1111111111111
886,3298,0.3625,0.28125,0.8586073966991927,0.48275862068965514,54.09999999999999
887,18650,0.375,0.2899875,0.8984941573304421,0.8275862068965517,53.99999999999999
888,19946,0.375,0.26811250000000003,0.9382363570654136,0.3448275862068966,53.99999999999999
889,2516,0.1125,0.28125,0.6545717383447777,0.9655172413793103,53.99999999999999
890,3149,0.125,0.28125,0.8367546078785688,0.13793103448275862,53.99999999999999
891,3373,0.3625,0.0625,0.7059462715335502,0.13793103448275862,53.99999999999999
892,3373,0.3625,0.0625,0.7059462715335502,0.6206896551724137,53.99999999999999
893,3373,0.3625,0.0625,0.7059462715335502,0.9655172413793103,53.99999999999999
894,6111,0.875,0.0625,0.7059462715335502,0.6206896551724137,53.99999999999999
895,6109,0.875,0.0625,0.65293579086857,0.9655172413793103,53.99999999999999
896,5397,0.8625,0.0625,0.7059462715335502,0.6206896551724137,53.99999999999999
897,5097,0.625,0.0625,0.65293579086857,0.9655172413793103,53.99999999999999
898,3932,0.375,0.28125,0.6545717383447777,0.13793103448275862,53.99999999999999
899,4934,0.625,0.309375,0.7059462715335502,0.6206896551724137,53.99999999999999
900,4085,0.375,0.0625,0.65293579086857,0.6206896551724137,53.99999999999999
901,4087,0.375,0.0625,0.7059462715335502,0.48275862068965514,53.99999999999999
902,18579,0.3327375,0.276359375,0.924587399108541,1.0,53.99999999999999
903,17337,0.375,0.29628125,0.8708709794000722,1.0,53.99999999999999
904,4902,0.625,0.309375,0.789519335019877,1.0,53.942857142857136
905,18558,0.12500000000000017,0.2899875,0.8847729189254305,0.6896551724137931,53.89999999999999
906,3149,0.125,0.28125,0.8367546078785688,0.3448275862068966,53.89999999999999
907,3150,0.125,0.28125,0.8586073966991927,0.6896551724137931,53.89999999999999
908,18594,0.3032375,0.289225,0.9000843271894953,1.0,53.85714285714285
909,19913,0.3986875,0.26655937500000004,0.9276713648957956,0.6206896551724137,53.79999999999999
910,3298,0.3625,0.28125,0.8586073966991927,0.3448275862068966,53.75999999999999
911,2515,0.1125,0.28125,0.6827141308276111,1.0,53.75714285714285
912,3880,0.375,0.302878125,0.8251897361763642,1.0,53.57142857142856
913,2865,0.125,0.278125,0.8360558968798939,0.27586206896551724,53.55555555555554
914,19897,0.31515,0.26500625,0.9429827731598602,0.27586206896551724,53.444444444444436
915,4930,0.625,0.3125,0.6752463558607397,1.0,53.442857142857136
916,18593,0.33294999999999997,0.291175,0.8960004818696542,0.9655172413793103,53.43999999999999
917,5594,0.8625,0.309375,0.8107697867726779,1.0,53.42857142857142
918,18548,0.125,0.2931125,0.8780026502830983,0.3448275862068966,53.39999999999999
919,2516,0.1125,0.28125,0.6545717383447777,0.0,53.33333333333332
920,3542,0.3625,0.3125,0.6752463558607397,0.0,53.33333333333332
921,3572,0.3625,0.309375,0.7682568365257197,0.0,53.33333333333332
922,3918,0.375,0.3125,0.6752463558607397,0.27586206896551724,53.33333333333332
923,4594,0.6125,0.278125,0.8796530538489338,0.0,53.33333333333332
924,18649,0.375,0.2931125,0.8918564028430309,0.13793103448275862,53.29999999999999
925,21199,0.6125,0.24936250000000001,0.9511866040236115,1.0,53.28571428571428
926,4582,0.6125,0.309375,0.8107697867726779,0.27586206896551724,53.222222222222214
927,3584,0.3625,0.278125,0.8360558968798939,0.3448275862068966,53.19999999999999
928,4336,0.6125,0.262071875,0.9472834598241175,0.6206896551724137,53.15999999999999
929,19945,0.375,0.2712375,0.933249006143838,1.0,53.14285714285714
930,3931,0.375,0.30485937500000004,0.7440320443320082,1.0,53.14285714285714
931,3217,0.125,0.3125,0.8084809059149499,0.27586206896551724,53.1111111111111
932,3099,0.125,0.29553124999999997,0.8865317431634743,0.3448275862068966,53.09999999999999
933,2361,0.1125,0.0625,0.7059462715335502,0.6206896551724137,52.99999999999999
934,2516,0.1125,0.28125,0.6545717383447777,0.6896551724137931,52.99999999999999
935,2517,0.1125,0.28125,0.62643055053608,0.48275862068965514,52.99999999999999
936,17347,0.6125,0.29628125,0.8848572461149259,0.9655172413793103,52.99999999999999
937,3073,0.125,0.0625,0.65293579086857,0.9655172413793103,52.99999999999999
938,6111,0.875,0.0625,0.7059462715335502,0.13793103448275862,52.99999999999999
939,6111,0.875,0.0625,0.7059462715335502,0.48275862068965514,52.99999999999999
940,5397,0.8625,0.0625,0.7059462715335502,0.13793103448275862,52.99999999999999
941,5099,0.625,0.0625,0.7059462715335502,0.48275862068965514,52.99999999999999
942,5099,0.625,0.0625,0.7059462715335502,0.13793103448275862,52.99999999999999
943,3932,0.375,0.28125,0.6545717383447777,0.9655172413793103,52.99999999999999
944,4385,0.6125,0.0625,0.7059462715335502,0.13793103448275862,52.99999999999999
945,4385,0.6125,0.0625,0.7059462715335502,0.48275862068965514,52.99999999999999
946,17281,0.12499999999999992,0.29940625,0.8776894350078304,1.0,52.99999999999999
947,18722,0.625,0.2899875,0.8984941573304421,0.27586206896551724,52.999999999999986
948,3891,0.375,0.309375,0.8107697867726779,0.0,52.999999999999986
949,19889,0.332925,0.269296875,0.936369112155162,0.0,52.88888888888888
950,3324,0.3625,0.262071875,0.9472834598241175,0.6206896551724137,52.87999999999999
951,2865,0.125,0.278125,0.8360558968798939,0.6896551724137931,52.79999999999999
952,21238,0.6125,0.24623750000000003,0.9673292374412721,1.0,52.71428571428571
953,4583,0.6125,0.309375,0.789519335019877,1.0,52.699999999999996
954,19889,0.332925,0.269296875,0.936369112155162,0.6206896551724137,52.69999999999999
955,18548,0.125,0.2931125,0.8780026502830983,0.13793103448275862,52.69999999999999
956,21194,0.33885,0.2446875,0.9690157812311769,0.48275862068965514,52.59999999999999
957,4942,0.625,0.300271875,0.7551740754126008,1.0,52.58571428571428
958,21185,0.33290000000000003,0.24742187499999999,0.9660040958920612,1.0,52.57142857142856
959,2920,0.125,0.28125,0.6545717383447777,1.0,52.57142857142856
960,2877,0.125,0.309375,0.7682568365257197,0.8275862068965517,52.49999999999999
961,3891,0.375,0.309375,0.8107697867726779,0.13793103448275862,52.49999999999999
962,21194,0.33885,0.2446875,0.9690157812311769,0.0,52.444444444444436
963,3593,0.3625,0.278125,0.9014576557041319,0.27586206896551724,52.444444444444436
964,19891,0.2736375,0.265409375,0.9423804360920371,1.0,52.42857142857142
965,19913,0.3986875,0.26655937500000004,0.9276713648957956,0.48275862068965514,52.39999999999999
966,3571,0.3625,0.309375,0.789519335019877,0.9655172413793103,52.39999999999999
967,3319,0.3625,0.29553124999999997,0.8865317431634743,0.8275862068965517,52.33333333333333
968,21209,0.3987,0.244684375,0.9565112637031683,1.0,52.28571428571428
969,2530,0.1125,0.3125,0.6752463558607397,0.0,52.222222222222214
970,3375,0.3625,0.0625,0.65293579086857,0.27586206896551724,52.222222222222214
971,3542,0.3625,0.3125,0.6752463558607397,0.27586206896551724,52.222222222222214
972,19889,0.332925,0.269296875,0.936369112155162,0.9655172413793103,52.19999999999999
973,19901,0.315125,0.25880000000000003,0.9518491747982171,0.27586206896551724,52.1111111111111
974,3150,0.125,0.28125,0.8586073966991927,0.0,52.1111111111111
975,2361,0.1125,0.0625,0.7059462715335502,0.48275862068965514,51.99999999999999
976,2517,0.1125,0.28125,0.62643055053608,0.3448275862068966,51.99999999999999
977,2517,0.1125,0.28125,0.62643055053608,0.6206896551724137,51.99999999999999
978,3073,0.125,0.0625,0.65293579086857,0.13793103448275862,51.99999999999999
979,3073,0.125,0.0625,0.65293579086857,0.48275862068965514,51.99999999999999
980,3073,0.125,0.0625,0.65293579086857,0.6206896551724137,51.99999999999999
981,3075,0.125,0.0625,0.7059462715335502,0.13793103448275862,51.99999999999999
982,3075,0.125,0.0625,0.7059462715335502,0.6896551724137931,51.99999999999999
983,3373,0.3625,0.0625,0.7059462715335502,0.48275862068965514,51.99999999999999
984,5946,0.875,0.309375,0.7059462715335502,0.3448275862068966,51.99999999999999
985,5562,0.8625,0.309375,0.7059462715335502,0.6896551724137931,51.99999999999999
986,5562,0.8625,0.309375,0.7059462715335502,0.9655172413793103,51.99999999999999
987,5562,0.8625,0.309375,0.7059462715335502,0.3448275862068966,51.99999999999999
988,5397,0.8625,0.0625,0.7059462715335502,0.48275862068965514,51.99999999999999
989,3932,0.375,0.28125,0.6545717383447777,0.48275862068965514,51.99999999999999
990,3932,0.375,0.28125,0.6545717383447777,0.6896551724137931,51.99999999999999
991,4085,0.375,0.0625,0.65293579086857,0.48275862068965514,51.99999999999999
992,4594,0.6125,0.278125,0.8796530538489338,0.13793103448275862,51.99999999999999
993,4336,0.6125,0.262071875,0.9472834598241175,0.48275862068965514,51.99999999999999
994,18623,0.39878749999999996,0.279090625,0.9063847729189254,0.27586206896551724,51.99999999999999
995,21207,0.375,0.24936250000000001,0.9511866040236115,0.6206896551724137,51.89999999999999
996,19946,0.375,0.26811250000000003,0.9382363570654136,0.13793103448275862,51.89999999999999
997,3932,0.375,0.28125,0.6545717383447777,0.6206896551724137,51.89999999999999
998,2558,0.1125,0.309375,0.8107697867726779,0.27586206896551724,51.88888888888888
999,21141,0.3625,0.24936250000000001,0.9511866040236115,0.9655172413793103,51.79999999999999
1000,19882,0.14869125,0.26655937500000004,0.9406457053367063,0.9655172413793103,51.79999999999999
1001,18543,0.3625,0.2899875,0.8847729189254305,0.27586206896551724,51.777777777777764
1002,4336,0.6125,0.262071875,0.9472834598241175,0.3448275862068966,51.71999999999999
1003,5419,0.8625,0.09375,0.62643055053608,1.0,51.71428571428571
1004,21206,0.4046875,0.24742187499999999,0.9534513913986267,0.6206896551724137,51.69999999999999
1005,19913,0.3986875,0.26655937500000004,0.9276713648957956,0.3448275862068966,51.69999999999999
1006,18549,0.3625,0.2931125,0.8780026502830983,0.9655172413793103,51.69999999999999
1007,3932,0.375,0.28125,0.6545717383447777,0.3448275862068966,51.69999999999999
1008,3166,0.125,0.269728125,0.8990362606914829,1.0,51.685714285714276
1009,3163,0.125,0.25,0.9282857487049753,0.8275862068965517,51.66666666666666
1010,3538,0.3625,0.309375,0.7059462715335502,0.8275862068965517,51.66666666666666
1011,5941,0.875,0.3125,0.6508384531984098,0.8275862068965517,51.66666666666666
1012,2865,0.125,0.278125,0.8360558968798939,0.0,51.66666666666666
1013,5562,0.8625,0.309375,0.7059462715335502,1.0,51.599999999999994
1014,18593,0.33294999999999997,0.291175,0.8960004818696542,0.6896551724137931,51.53999999999999
1015,2925,0.125,0.28125,0.62643055053608,1.0,51.514285714285705
1016,2866,0.125,0.278125,0.8578604987350921,0.13793103448275862,51.49999999999999
1017,18579,0.3327375,0.276359375,0.924587399108541,0.27586206896551724,51.444444444444436
1018,18603,0.267775,0.283775,0.9109625346343814,1.0,51.42857142857142
1019,21261,0.3987,0.244684375,0.9690278279725333,0.6206896551724137,51.39999999999999
1020,18641,0.4047625,0.276359375,0.9113359836164318,1.0,51.28571428571428
1021,18592,0.14878625,0.279090625,0.91972051560053,1.0,51.28571428571428
1022,17272,0.3327,0.298234375,0.8663293579086857,1.0,51.28571428571428
1023,4407,0.6125,0.09375,0.62643055053608,1.0,51.28571428571428
1024,2558,0.1125,0.309375,0.8107697867726779,0.0,51.1111111111111
1025,2927,0.125,0.278125,0.7718949524153716,0.27586206896551724,51.1111111111111
1026,3373,0.3625,0.0625,0.7059462715335502,0.0,51.1111111111111
1027,5099,0.625,0.0625,0.7059462715335502,0.0,51.1111111111111
1028,3930,0.375,0.300271875,0.7551740754126008,0.27586206896551724,51.1111111111111
1029,21194,0.33885,0.2446875,0.9690157812311769,0.13793103448275862,51.09999999999999
1030,21141,0.3625,0.24936250000000001,0.9511866040236115,0.6206896551724137,51.09999999999999
1031,19946,0.375,0.26811250000000003,0.9382363570654136,0.48275862068965514,51.09999999999999
1032,3163,0.125,0.25,0.9282857487049753,0.6896551724137931,51.09999999999999
1033,3324,0.3625,0.262071875,0.9472834598241175,0.48275862068965514,51.09999999999999
1034,21207,0.375,0.24936250000000001,0.9511866040236115,0.3448275862068966,50.99999999999999
1035,2361,0.1125,0.0625,0.7059462715335502,0.13793103448275862,50.99999999999999
1036,2517,0.1125,0.28125,0.62643055053608,0.13793103448275862,50.99999999999999
1037,17347,0.6125,0.29628125,0.8848572461149259,0.6896551724137931,50.99999999999999
1038,2927,0.125,0.278125,0.7718949524153716,0.9655172413793103,50.99999999999999
1039,3075,0.125,0.0625,0.7059462715335502,0.3448275862068966,50.99999999999999
1040,6109,0.875,0.0625,0.65293579086857,0.13793103448275862,50.99999999999999
1041,6109,0.875,0.0625,0.65293579086857,0.6206896551724137,50.99999999999999
1042,5946,0.875,0.309375,0.7059462715335502,0.48275862068965514,50.99999999999999
1043,5946,0.875,0.309375,0.7059462715335502,0.6896551724137931,50.99999999999999
1044,5946,0.875,0.309375,0.7059462715335502,0.9655172413793103,50.99999999999999
1045,5562,0.8625,0.309375,0.7059462715335502,0.6206896551724137,50.99999999999999
1046,5562,0.8625,0.309375,0.7059462715335502,0.48275862068965514,50.99999999999999
1047,5097,0.625,0.0625,0.65293579086857,0.13793103448275862,50.99999999999999
1048,5097,0.625,0.0625,0.65293579086857,0.6206896551724137,50.99999999999999
1049,4085,0.375,0.0625,0.65293579086857,0.6896551724137931,50.99999999999999
1050,4087,0.375,0.0625,0.7059462715335502,0.3448275862068966,50.99999999999999
1051,4087,0.375,0.0625,0.7059462715335502,0.6896551724137931,50.99999999999999
1052,21207,0.375,0.24936250000000001,0.9511866040236115,0.0,50.99999999999999
1053,19913,0.3986875,0.26655937500000004,0.9276713648957956,0.0,50.99999999999999
1054,18558,0.12500000000000017,0.2899875,0.8847729189254305,0.0,50.99999999999999
1055,19889,0.332925,0.269296875,0.936369112155162,0.3448275862068966,50.89999999999999
1056,19882,0.14869125,0.26655937500000004,0.9406457053367063,0.6896551724137931,50.89999999999999
1057,19900,0.3387875,0.25725312499999997,0.9539332610528852,0.27586206896551724,50.88888888888888
1058,21314,0.625,0.24623750000000003,0.9673292374412721,1.0,50.85714285714285
1059,19914,0.42246249999999996,0.265,0.9300686664257317,1.0,50.85714285714285
1060,18615,0.375,0.2931125,0.8780026502830983,1.0,50.85714285714285
1061,2906,0.125,0.3125,0.6752463558607397,0.8275862068965517,50.83333333333333
1062,19946,0.375,0.26811250000000003,0.9382363570654136,0.9655172413793103,50.79999999999999
1063,19889,0.332925,0.269296875,0.936369112155162,0.48275862068965514,50.79999999999999
1064,18558,0.12500000000000017,0.2899875,0.8847729189254305,0.48275862068965514,50.79999999999999
1065,3297,0.3625,0.28125,0.8804722322611732,0.0,50.777777777777764
1066,18602,0.338875,0.2884375,0.9016985905312612,1.0,50.71428571428571
1067,21206,0.4046875,0.24742187499999999,0.9534513913986267,0.3448275862068966,50.69999999999999
1068,4582,0.6125,0.309375,0.8107697867726779,0.0,50.66666666666666
1069,3867,0.375,0.246875,0.9248042404529574,1.0,50.65714285714285
1070,4595,0.6125,0.278125,0.8578604987350921,1.0,50.64285714285714
1071,18574,0.3625,0.27440625,0.9279604866883507,1.0,50.57142857142856
1072,5961,0.875,0.28125,0.62643055053608,1.0,50.55714285714285
1073,3968,0.375,0.23291562500000002,0.8598602578002649,1.0,50.55714285714285
1074,3580,0.3625,0.302878125,0.8251897361763642,0.27586206896551724,50.55555555555554
1075,21207,0.375,0.24936250000000001,0.9511866040236115,0.13793103448275862,50.49999999999999
1076,18558,0.12500000000000017,0.2899875,0.8847729189254305,0.6206896551724137,50.49999999999999
1077,3891,0.375,0.309375,0.8107697867726779,0.6206896551724137,50.49999999999999
1078,3290,0.3625,0.294746875,0.8743645343934465,0.27586206896551724,50.444444444444436
1079,4289,0.6125,0.256696875,0.9419226599204914,1.0,50.41428571428571
1080,21141,0.3625,0.24936250000000001,0.9511866040236115,0.3448275862068966,50.39999999999999
1081,18549,0.3625,0.2931125,0.8780026502830983,0.6896551724137931,50.39999999999999
1082,4198,0.375,0.2384375,0.9629442235875195,1.0,50.37142857142857
1083,3534,0.3625,0.300271875,0.7551740754126008,1.0,50.357142857142854
1084,4311,0.6125,0.28125,0.8367546078785688,0.27586206896551724,50.33333333333332
1085,21261,0.3987,0.244684375,0.9690278279725333,0.3448275862068966,50.29999999999999
1086,19889,0.332925,0.269296875,0.936369112155162,0.6896551724137931,50.29999999999999
1087,18593,0.33294999999999997,0.291175,0.8960004818696542,0.6206896551724137,50.29999999999999
1088,2522,0.1125,0.300271875,0.7551740754126008,1.0,50.28571428571428
1089,3059,0.125,0.09375,0.62643055053608,1.0,50.28571428571428
1090,3314,0.3625,0.325859375,0.8049271172147935,1.0,50.28571428571428
1091,21261,0.3987,0.244684375,0.9690278279725333,0.9655172413793103,50.19999999999999
1092,3891,0.375,0.309375,0.8107697867726779,0.48275862068965514,50.19999999999999
1093,21135,0.3625,0.24623750000000003,0.9547885796891941,1.0,50.14285714285714
1094,18653,0.4047625,0.276359375,0.924587399108541,1.0,50.14285714285714
1095,5566,0.8625,0.3125,0.6752463558607397,1.0,50.14285714285714
1096,4901,0.625,0.309375,0.7682568365257197,1.0,50.14285714285714
1097,19897,0.31515,0.26500625,0.9429827731598602,0.0,50.1111111111111
1098,3217,0.125,0.3125,0.8084809059149499,0.48275862068965514,50.099999999999994
1099,3217,0.125,0.3125,0.8084809059149499,0.6206896551724137,50.099999999999994
1100,3324,0.3625,0.262071875,0.9472834598241175,0.3448275862068966,50.00999999999999
1101,3299,0.3625,0.28125,0.8367546078785688,0.8275862068965517,49.99999999999999
1102,3583,0.3625,0.278125,0.8578604987350921,0.8275862068965517,49.99999999999999
1103,3922,0.375,0.309375,0.7059462715335502,0.8275862068965517,49.99999999999999
1104,19898,0.3388625,0.2665625,0.9406336585953499,0.13793103448275862,49.99999999999999
1105,2877,0.125,0.309375,0.7682568365257197,0.13793103448275862,49.99999999999999
1106,2927,0.125,0.278125,0.7718949524153716,0.6896551724137931,49.99999999999999
1107,3297,0.3625,0.28125,0.8804722322611732,0.13793103448275862,49.99999999999999
1108,3521,0.3625,0.278125,0.7718949524153716,0.13793103448275862,49.99999999999999
1109,6109,0.875,0.0625,0.65293579086857,0.48275862068965514,49.99999999999999
1110,5946,0.875,0.309375,0.7059462715335502,0.6206896551724137,49.99999999999999
1111,5397,0.8625,0.0625,0.7059462715335502,0.6896551724137931,49.99999999999999
1112,5099,0.625,0.0625,0.7059462715335502,0.6896551724137931,49.99999999999999
1113,5099,0.625,0.0625,0.7059462715335502,0.3448275862068966,49.99999999999999
1114,3918,0.375,0.3125,0.6752463558607397,0.13793103448275862,49.99999999999999
1115,4085,0.375,0.0625,0.65293579086857,0.13793103448275862,49.99999999999999
1116,2361,0.1125,0.0625,0.7059462715335502,0.0,49.99999999999999
1117,3073,0.125,0.0625,0.65293579086857,0.0,49.99999999999999
1118,3075,0.125,0.0625,0.7059462715335502,0.0,49.99999999999999
1119,6111,0.875,0.0625,0.7059462715335502,0.0,49.99999999999999
1120,3572,0.3625,0.309375,0.7682568365257197,0.27586206896551724,49.99999999999999
1121,5397,0.8625,0.0625,0.7059462715335502,0.0,49.99999999999999
1122,4903,0.625,0.309375,0.8107697867726779,0.0,49.99999999999999
1123,4087,0.375,0.0625,0.7059462715335502,0.0,49.99999999999999
1124,4385,0.6125,0.0625,0.7059462715335502,0.0,49.99999999999999
1125,3595,0.3625,0.246875,0.9027707505119864,1.0,49.99999999999999
1126,3571,0.3625,0.309375,0.789519335019877,0.6896551724137931,49.89999999999999
1127,19910,0.40466250000000004,0.269296875,0.9233224912661124,1.0,49.857142857142854
1128,18558,0.12500000000000017,0.2899875,0.8847729189254305,0.3448275862068966,49.79999999999999
1129,5606,0.8625,0.278125,0.8796530538489338,0.27586206896551724,49.777777777777764
1130,3933,0.375,0.28125,0.6827141308276111,1.0,49.75714285714285
1131,2309,0.1125,0.28247187500000004,0.9134441633538127,1.0,49.71428571428571
1132,18648,0.375,0.27440625,0.9279604866883507,1.0,49.71428571428571
1133,5915,0.875,0.309375,0.8107697867726779,1.0,49.71428571428571
1134,3290,0.3625,0.294746875,0.8743645343934465,0.13793103448275862,49.599999999999994
1135,2918,0.125,0.300271875,0.7551740754126008,1.0,49.514285714285705
1136,18549,0.3625,0.2931125,0.8780026502830983,0.13793103448275862,49.49999999999999
1137,5594,0.8625,0.309375,0.8107697867726779,0.27586206896551724,49.444444444444436
1138,4171,0.375,0.294746875,0.8743645343934465,0.27586206896551724,49.444444444444436
1139,17254,0.333,0.31305312500000004,0.8281532345500542,1.0,49.42857142857142
1140,2558,0.1125,0.309375,0.8107697867726779,0.6206896551724137,49.39999999999999
1141,18642,0.375,0.27440625,0.9147693049030237,0.27586206896551724,49.33333333333332
1142,21141,0.3625,0.24936250000000001,0.9511866040236115,0.6896551724137931,49.29999999999999
1143,19886,0.19624000000000003,0.26033125,0.9497409950608359,1.0,49.28571428571428
1144,3395,0.3625,0.09375,0.62643055053608,1.0,49.28571428571428
1145,4080,0.375,0.0625,0.7324515118660402,1.0,49.28571428571428
1146,4944,0.625,0.28125,0.6545717383447777,1.0,49.23
1147,18722,0.625,0.2899875,0.8984941573304421,0.0,49.222222222222214
1148,3215,0.125,0.3125,0.7660281893747741,0.6206896551724137,49.19999999999999
1149,3891,0.375,0.309375,0.8107697867726779,0.9655172413793103,49.19999999999999
1150,18618,0.42245,0.286875,0.8912540657752078,1.0,49.14285714285714
1151,2361,0.1125,0.0625,0.7059462715335502,0.6896551724137931,48.99999999999999
1152,2516,0.1125,0.28125,0.6545717383447777,0.48275862068965514,48.99999999999999
1153,2530,0.1125,0.3125,0.6752463558607397,0.13793103448275862,48.99999999999999
1154,18593,0.33294999999999997,0.291175,0.8960004818696542,0.3448275862068966,48.99999999999999
1155,2877,0.125,0.309375,0.7682568365257197,0.48275862068965514,48.99999999999999
1156,2913,0.125,0.309375,0.7324515118660402,0.6896551724137931,48.99999999999999
1157,2913,0.125,0.309375,0.7324515118660402,0.9655172413793103,48.99999999999999
1158,3373,0.3625,0.0625,0.7059462715335502,0.3448275862068966,48.99999999999999
1159,3375,0.3625,0.0625,0.65293579086857,0.9655172413793103,48.99999999999999
1160,3521,0.3625,0.278125,0.7718949524153716,0.9655172413793103,48.99999999999999
1161,6111,0.875,0.0625,0.7059462715335502,0.3448275862068966,48.99999999999999
1162,6111,0.875,0.0625,0.7059462715335502,0.6896551724137931,48.99999999999999
1163,5399,0.8625,0.0625,0.65293579086857,0.9655172413793103,48.99999999999999
1164,5397,0.8625,0.0625,0.7059462715335502,0.3448275862068966,48.99999999999999
1165,5097,0.625,0.0625,0.65293579086857,0.48275862068965514,48.99999999999999
1166,4385,0.6125,0.0625,0.7059462715335502,0.3448275862068966,48.99999999999999
1167,4385,0.6125,0.0625,0.7059462715335502,0.6896551724137931,48.99999999999999
1168,4171,0.375,0.294746875,0.8743645343934465,0.13793103448275862,48.99999999999999
1169,18579,0.3327375,0.276359375,0.924587399108541,0.0,48.99999999999999
1170,4584,0.6125,0.309375,0.7682568365257197,1.0,48.99999999999999
1171,2571,0.1125,0.278125,0.8578604987350921,1.0,48.98571428571428
1172,3103,0.125,0.26896875,0.9368871220334899,1.0,48.95714285714285
1173,4290,0.6125,0.26331875,0.9325864353692326,1.0,48.92857142857142
1174,2558,0.1125,0.309375,0.8107697867726779,0.48275862068965514,48.89999999999999
1175,17283,0.3327,0.298234375,0.8803999518130344,0.6206896551724137,48.89999999999999
1176,3580,0.3625,0.302878125,0.8251897361763642,0.13793103448275862,48.89999999999999
1177,3891,0.375,0.309375,0.8107697867726779,0.3448275862068966,48.89999999999999
1178,2560,0.1125,0.309375,0.7682568365257197,0.27586206896551724,48.88888888888888
1179,18535,0.3625,0.277578125,0.9091555234309118,0.0,48.88888888888888
1180,2877,0.125,0.309375,0.7682568365257197,0.0,48.88888888888888
1181,2906,0.125,0.3125,0.6752463558607397,0.0,48.88888888888888
1182,2927,0.125,0.278125,0.7718949524153716,0.0,48.88888888888888
1183,4949,0.625,0.28125,0.62643055053608,0.0,48.88888888888888
1184,4949,0.625,0.28125,0.62643055053608,0.27586206896551724,48.88888888888888
1185,4930,0.625,0.3125,0.6752463558607397,0.0,48.88888888888888
1186,4554,0.6125,0.3125,0.6752463558607397,0.0,48.88888888888888
1187,4554,0.6125,0.3125,0.6752463558607397,0.27586206896551724,48.88888888888888
1188,2358,0.1125,0.059375,0.6996542585230695,1.0,48.857142857142854
1189,18601,0.31515,0.28688125000000003,0.9048427900252981,1.0,48.857142857142854
1190,3216,0.125,0.3125,0.7872545476448619,1.0,48.842857142857135
1191,3217,0.125,0.3125,0.8084809059149499,0.3448275862068966,48.79999999999999
1192,2580,0.1125,0.27164062499999997,0.8892302132273219,1.0,48.72857142857142
1193,19918,0.42247500000000004,0.258771875,0.939103722443079,1.0,48.71428571428571
1194,19902,0.2914125,0.260353125,0.9497048548367667,1.0,48.71428571428571
1195,3297,0.3625,0.28125,0.8804722322611732,0.9655172413793103,48.69999999999999
1196,18623,0.39878749999999996,0.279090625,0.9063847729189254,0.0,48.66666666666666
1197,18604,0.33876249999999997,0.279128125,0.9196482351523912,0.27586206896551724,48.66666666666666
1198,2516,0.1125,0.28125,0.6545717383447777,0.6206896551724137,48.599999999999994
1199,18557,0.12499999999999992,0.27753125,0.9092398506204071,0.8275862068965517,48.58333333333333
1200,2383,0.1125,0.09375,0.62643055053608,1.0,48.57142857142856
1201,3078,0.125,0.059375,0.6996542585230695,1.0,48.57142857142856
1202,3604,0.3625,0.24041562500000002,0.930333694735574,0.27586206896551724,48.55555555555554
1203,21261,0.3987,0.244684375,0.9690278279725333,0.48275862068965514,48.49999999999999
1204,2516,0.1125,0.28125,0.6545717383447777,0.3448275862068966,48.49999999999999
1205,3579,0.3625,0.29638437500000003,0.8183471870858932,1.0,48.48571428571428
1206,5553,0.8625,0.28125,0.62643055053608,1.0,48.48571428571428
1207,19901,0.315125,0.25880000000000003,0.9518491747982171,0.0,48.444444444444436
1208,18576,0.125,0.2899875,0.8984941573304421,0.27586206896551724,48.444444444444436
1209,4595,0.6125,0.278125,0.8578604987350921,0.27586206896551724,48.444444444444436
1210,21200,0.5829,0.24742187499999999,0.9534513913986267,1.0,48.42857142857142
1211,21206,0.4046875,0.24742187499999999,0.9534513913986267,0.48275862068965514,48.39999999999999
1212,3126,0.125,0.10290625,0.9368871220334899,1.0,48.39999999999999
1213,18574,0.3625,0.27440625,0.9279604866883507,0.27586206896551724,48.33333333333332
1214,3286,0.3625,0.25,0.906143838091796,0.27586206896551724,48.33333333333332
1215,6135,0.875,0.29553124999999997,0.8865317431634743,0.27586206896551724,48.33333333333332
1216,2753,0.125,0.13343750000000001,0.9629442235875195,0.48275862068965514,48.29999999999999
1217,2865,0.125,0.278125,0.8360558968798939,0.48275862068965514,48.29999999999999
1218,17378,0.3988125,0.30096875,0.8740031321527526,1.0,48.28571428571428
1219,4310,0.6125,0.28125,0.8586073966991927,1.0,48.28571428571428
1220,18558,0.12500000000000017,0.2899875,0.8847729189254305,0.27586206896551724,48.222222222222214
1221,5942,0.875,0.3125,0.6752463558607397,1.0,48.199999999999996
1222,19913,0.3986875,0.26655937500000004,0.9276713648957956,0.13793103448275862,48.19999999999999
1223,19883,0.17245749999999999,0.265,0.9429948199012166,1.0,48.14285714285714
1224,19868,0.3625,0.2712375,0.933249006143838,1.0,48.14285714285714
1225,17336,0.4048,0.298234375,0.8663293579086857,1.0,48.14285714285714
1226,4540,0.6125,0.28125,0.6545717383447777,1.0,48.05714285714285
1227,3285,0.3625,0.25,0.9282857487049753,0.8275862068965517,47.99999999999999
1228,2361,0.1125,0.0625,0.7059462715335502,0.3448275862068966,47.99999999999999
1229,2363,0.1125,0.0625,0.65293579086857,0.48275862068965514,47.99999999999999
1230,2363,0.1125,0.0625,0.65293579086857,0.6206896551724137,47.99999999999999
1231,2363,0.1125,0.0625,0.65293579086857,0.9655172413793103,47.99999999999999
1232,19898,0.3388625,0.2665625,0.9406336585953499,0.48275862068965514,47.99999999999999
1233,2516,0.1125,0.28125,0.6545717383447777,0.13793103448275862,47.99999999999999
1234,2558,0.1125,0.309375,0.8107697867726779,0.3448275862068966,47.99999999999999
1235,3073,0.125,0.0625,0.65293579086857,0.6896551724137931,47.99999999999999
1236,3215,0.125,0.3125,0.7660281893747741,0.48275862068965514,47.99999999999999
1237,3373,0.3625,0.0625,0.7059462715335502,0.6896551724137931,47.99999999999999
1238,3521,0.3625,0.278125,0.7718949524153716,0.48275862068965514,47.99999999999999
1239,3521,0.3625,0.278125,0.7718949524153716,0.6896551724137931,47.99999999999999
1240,6109,0.875,0.0625,0.65293579086857,0.6896551724137931,47.99999999999999
1241,3542,0.3625,0.3125,0.6752463558607397,0.13793103448275862,47.99999999999999
1242,3572,0.3625,0.309375,0.7682568365257197,0.13793103448275862,47.99999999999999
1243,5399,0.8625,0.0625,0.65293579086857,0.6206896551724137,47.99999999999999
1244,5097,0.625,0.0625,0.65293579086857,0.6896551724137931,47.99999999999999
1245,4903,0.625,0.309375,0.8107697867726779,0.13793103448275862,47.99999999999999
1246,4085,0.375,0.0625,0.65293579086857,0.3448275862068966,47.99999999999999
1247,4582,0.6125,0.309375,0.8107697867726779,0.13793103448275862,47.99999999999999
1248,4387,0.6125,0.0625,0.65293579086857,0.9655172413793103,47.99999999999999
1249,4387,0.6125,0.0625,0.65293579086857,0.13793103448275862,47.99999999999999
1250,3216,0.125,0.3125,0.7872545476448619,0.27586206896551724,47.99999999999999
1251,18604,0.33876249999999997,0.279128125,0.9196482351523912,1.0,47.99999999999999
1252,3068,0.125,0.0625,0.7324515118660402,1.0,47.99999999999999
1253,19926,0.6125,0.25570312500000003,0.9432478014697024,0.6206896551724137,47.89999999999999
1254,2570,0.1125,0.278125,0.8796530538489338,0.9655172413793103,47.89999999999999
1255,17283,0.3327,0.298234375,0.8803999518130344,0.3448275862068966,47.89999999999999
1256,17271,0.3625,0.29628125,0.8708709794000722,0.48275862068965514,47.89999999999999
1257,4903,0.625,0.309375,0.8107697867726779,0.6206896551724137,47.89999999999999
1258,19910,0.40466250000000004,0.269296875,0.9233224912661124,0.27586206896551724,47.88888888888888
1259,19899,0.267775,0.2619,0.9475243946512467,1.0,47.857142857142854
1260,17319,0.375,0.29940625,0.8635586073966991,0.6206896551724137,47.79999999999999
1261,3521,0.3625,0.278125,0.7718949524153716,0.6206896551724137,47.79999999999999
1262,4592,0.6125,0.302878125,0.8251897361763642,1.0,47.78571428571428
1263,2527,0.1125,0.309375,0.7324515118660402,0.27586206896551724,47.77777777777777
1264,2568,0.1125,0.302878125,0.8251897361763642,0.0,47.77777777777777
1265,2913,0.125,0.309375,0.7324515118660402,0.27586206896551724,47.77777777777777
1266,6109,0.875,0.0625,0.65293579086857,0.0,47.77777777777777
1267,5097,0.625,0.0625,0.65293579086857,0.0,47.77777777777777
1268,4930,0.625,0.3125,0.6752463558607397,0.27586206896551724,47.77777777777777
1269,5092,0.625,0.0625,0.7324515118660402,1.0,47.71428571428571
1270,2568,0.1125,0.302878125,0.8251897361763642,1.0,47.699999999999996
1271,21261,0.3987,0.244684375,0.9690278279725333,0.6896551724137931,47.69999999999999
1272,19945,0.375,0.2712375,0.933249006143838,0.6206896551724137,47.69999999999999
1273,19919,0.398775,0.257215625,0.9412239489218166,0.6206896551724137,47.69999999999999
1274,18557,0.12499999999999992,0.27753125,0.9092398506204071,0.9655172413793103,47.69999999999999
1275,2558,0.1125,0.309375,0.8107697867726779,0.8275862068965517,47.66666666666666
1276,21206,0.4046875,0.24742187499999999,0.9534513913986267,0.27586206896551724,47.66666666666666
1277,18615,0.375,0.2931125,0.8780026502830983,0.27586206896551724,47.66666666666666
1278,4171,0.375,0.294746875,0.8743645343934465,0.0,47.66666666666666
1279,19901,0.315125,0.25880000000000003,0.9518491747982171,0.13793103448275862,47.599999999999994
1280,3521,0.3625,0.278125,0.7718949524153716,0.3448275862068966,47.599999999999994
1281,17288,0.1844075,0.300178125,0.8758703770630044,1.0,47.57142857142856
1282,5954,0.875,0.300271875,0.7551740754126008,1.0,47.55714285714285
1283,4546,0.6125,0.300271875,0.7551740754126008,1.0,47.55714285714285
1284,3593,0.3625,0.278125,0.9014576557041319,0.0,47.55555555555554
1285,2517,0.1125,0.28125,0.62643055053608,0.8275862068965517,47.49999999999999
1286,3150,0.125,0.28125,0.8586073966991927,0.8275862068965517,47.49999999999999
1287,19926,0.6125,0.25570312500000003,0.9432478014697024,0.3448275862068966,47.49999999999999
1288,3150,0.125,0.28125,0.8586073966991927,0.13793103448275862,47.49999999999999
1289,4903,0.625,0.309375,0.8107697867726779,0.48275862068965514,47.49999999999999
1290,18605,0.315125,0.280675,0.9168172509336224,1.0,47.42857142857142
1291,2559,0.1125,0.309375,0.789519335019877,0.9655172413793103,47.39999999999999
1292,18543,0.3625,0.2899875,0.8847729189254305,0.9655172413793103,47.39999999999999
1293,18543,0.3625,0.2899875,0.8847729189254305,0.6896551724137931,47.29999999999999
1294,3891,0.375,0.309375,0.8107697867726779,0.6896551724137931,47.29999999999999
1295,19898,0.3388625,0.2665625,0.9406336585953499,0.6206896551724137,47.19999999999999
1296,18616,0.375,0.2899875,0.8847729189254305,0.9655172413793103,47.19999999999999
1297,18535,0.3625,0.277578125,0.9091555234309118,0.13793103448275862,47.19999999999999
1298,19900,0.3387875,0.25725312499999997,0.9539332610528852,0.0,47.1111111111111
1299,19876,0.3031125,0.256428125,0.9550174677749668,0.27586206896551724,47.1111111111111
1300,2865,0.125,0.278125,0.8360558968798939,0.6206896551724137,47.099999999999994
1301,3215,0.125,0.3125,0.7660281893747741,0.3448275862068966,47.099999999999994
1302,5956,0.875,0.28125,0.6545717383447777,1.0,47.099999999999994
1303,19882,0.14869125,0.26655937500000004,0.9406457053367063,0.8275862068965517,47.08333333333333
1304,2363,0.1125,0.0625,0.65293579086857,0.13793103448275862,46.99999999999999
1305,19946,0.375,0.26811250000000003,0.9382363570654136,0.6896551724137931,46.99999999999999
1306,2527,0.1125,0.309375,0.7324515118660402,0.6896551724137931,46.99999999999999
1307,2527,0.1125,0.309375,0.7324515118660402,0.9655172413793103,46.99999999999999
1308,3073,0.125,0.0625,0.65293579086857,0.3448275862068966,46.99999999999999
1309,3216,0.125,0.3125,0.7872545476448619,0.6206896551724137,46.99999999999999
1310,3375,0.3625,0.0625,0.65293579086857,0.6206896551724137,46.99999999999999
1311,5399,0.8625,0.0625,0.65293579086857,0.13793103448275862,46.99999999999999
1312,4387,0.6125,0.0625,0.65293579086857,0.6206896551724137,46.99999999999999
1313,2559,0.1125,0.309375,0.789519335019877,0.27586206896551724,46.99999999999999
1314,18582,0.24375,0.282196875,0.9139742199734971,1.0,46.99999999999999
1315,3342,0.3625,0.13098749999999998,0.9729671123960967,0.6206896551724137,46.94999999999999
1316,3881,0.375,0.29638437500000003,0.8183471870858932,1.0,46.92857142857142
1317,18649,0.375,0.2931125,0.8918564028430309,0.9655172413793103,46.89999999999999
1318,3215,0.125,0.3125,0.7660281893747741,0.9655172413793103,46.89999999999999
1319,3593,0.3625,0.278125,0.9014576557041319,0.13793103448275862,46.89999999999999
1320,4903,0.625,0.309375,0.8107697867726779,0.9655172413793103,46.89999999999999
1321,18593,0.33294999999999997,0.291175,0.8960004818696542,0.48275862068965514,46.79999999999999
1322,3216,0.125,0.3125,0.7872545476448619,0.48275862068965514,46.79999999999999
1323,19919,0.398775,0.257215625,0.9412239489218166,0.27586206896551724,46.77777777777777
1324,19894,0.18444625,0.26735000000000003,0.9394289844597036,1.0,46.71428571428571
1325,18583,0.21414499999999997,0.28025625,0.917588242380436,1.0,46.71428571428571
1326,6104,0.875,0.0625,0.7324515118660402,1.0,46.71428571428571
1327,18585,0.15476625,0.276359375,0.924587399108541,0.9655172413793103,46.69999999999999
1328,3150,0.125,0.28125,0.8586073966991927,0.48275862068965514,46.69999999999999
1329,4596,0.6125,0.278125,0.8360558968798939,1.0,46.671428571428564
1330,3075,0.125,0.0625,0.7059462715335502,0.8275862068965517,46.66666666666666
1331,3584,0.3625,0.278125,0.8360558968798939,0.8275862068965517,46.66666666666666
1332,4934,0.625,0.309375,0.7059462715335502,0.8275862068965517,46.66666666666666
1333,4085,0.375,0.0625,0.65293579086857,0.8275862068965517,46.66666666666666
1334,19902,0.2914125,0.260353125,0.9497048548367667,0.27586206896551724,46.66666666666666
1335,3290,0.3625,0.294746875,0.8743645343934465,0.0,46.66666666666666
1336,3930,0.375,0.300271875,0.7551740754126008,0.0,46.66666666666666
1337,4944,0.625,0.28125,0.6545717383447777,0.27586206896551724,46.66666666666666
1338,4085,0.375,0.0625,0.65293579086857,0.0,46.66666666666666
1339,2312,0.1125,0.262071875,0.9472834598241175,0.9655172413793103,46.599999999999994
1340,19926,0.6125,0.25570312500000003,0.9432478014697024,0.9655172413793103,46.599999999999994
1341,19919,0.398775,0.257215625,0.9412239489218166,0.3448275862068966,46.599999999999994
1342,4594,0.6125,0.278125,0.8796530538489338,0.6206896551724137,46.599999999999994
1343,18600,0.29151249999999995,0.28533125,0.9079267558125527,1.0,46.57142857142856
1344,15845,0.3625,0.31815625000000003,0.828538730273461,1.0,46.55714285714285
1345,5558,0.8625,0.300271875,0.7551740754126008,1.0,46.55714285714285
1346,5348,0.8625,0.262071875,0.9472834598241175,0.27586206896551724,46.55555555555554
1347,3297,0.3625,0.28125,0.8804722322611732,0.6896551724137931,46.49999999999999
1348,21262,0.42246249999999996,0.24312499999999998,0.9706782315383687,1.0,46.42857142857142
1349,6090,0.875,0.09375,0.655524635586074,1.0,46.42857142857142
1350,19900,0.3387875,0.25725312499999997,0.9539332610528852,0.13793103448275862,46.39999999999999
1351,19889,0.332925,0.269296875,0.936369112155162,0.13793103448275862,46.39999999999999
1352,18616,0.375,0.2899875,0.8847729189254305,0.0,46.33333333333332
1353,17424,0.625,0.29628125,0.8848572461149259,0.6206896551724137,46.29999999999999
1354,2865,0.125,0.278125,0.8360558968798939,0.13793103448275862,46.29999999999999
1355,4582,0.6125,0.309375,0.8107697867726779,0.6206896551724137,46.29999999999999
1356,18548,0.125,0.2931125,0.8780026502830983,0.8275862068965517,46.24999999999999
1357,19890,0.30322499999999997,0.26735000000000003,0.9394289844597036,0.27586206896551724,46.222222222222214
1358,18602,0.338875,0.2884375,0.9016985905312612,0.27586206896551724,46.222222222222214
1359,17423,0.625,0.29940625,0.8776894350078304,0.27586206896551724,46.222222222222214
1360,3580,0.3625,0.302878125,0.8251897361763642,0.0,46.222222222222214
1361,17319,0.375,0.29940625,0.8635586073966991,0.3448275862068966,46.19999999999999
1362,4903,0.625,0.309375,0.8107697867726779,0.3448275862068966,46.19999999999999
1363,18549,0.3625,0.2931125,0.8780026502830983,0.8275862068965517,46.16666666666666
1364,21279,0.625,0.24936250000000001,0.9511866040236115,1.0,46.14285714285714
1365,18557,0.12499999999999992,0.27753125,0.9092398506204071,0.6896551724137931,46.099999999999994
1366,4594,0.6125,0.278125,0.8796530538489338,0.48275862068965514,46.099999999999994
1367,17347,0.6125,0.29628125,0.8848572461149259,0.8275862068965517,46.08333333333333
1368,3502,0.3625,0.246875,0.8186844958438743,1.0,46.07571428571428
1369,3889,0.375,0.309375,0.7682568365257197,1.0,46.05714285714285
1370,5394,0.8625,0.059375,0.6996542585230695,1.0,46.04285714285714
1371,3285,0.3625,0.25,0.9282857487049753,0.6206896551724137,46.01999999999999
1372,2559,0.1125,0.309375,0.789519335019877,0.6896551724137931,45.99999999999999
1373,2560,0.1125,0.309375,0.7682568365257197,0.9655172413793103,45.99999999999999
1374,2570,0.1125,0.278125,0.8796530538489338,0.6896551724137931,45.99999999999999
1375,2859,0.125,0.278125,0.9014576557041319,0.9655172413793103,45.99999999999999
1376,3375,0.3625,0.0625,0.65293579086857,0.48275862068965514,45.99999999999999
1377,6109,0.875,0.0625,0.65293579086857,0.3448275862068966,45.99999999999999
1378,5399,0.8625,0.0625,0.65293579086857,0.48275862068965514,45.99999999999999
1379,5128,0.625,0.262071875,0.9472834598241175,0.27586206896551724,45.99999999999999
1380,4311,0.6125,0.28125,0.8367546078785688,0.0,45.99999999999999
1381,19892,0.24392624999999998,0.263459375,0.9452716540175882,1.0,45.99999999999999
1382,4389,0.6125,0.0625,0.7324515118660402,1.0,45.99999999999999
1383,3969,0.375,0.239925,0.8534513913986266,1.0,45.942857142857136
1384,19944,0.375,0.25253125,0.9599807252138296,0.6206896551724137,45.89999999999999
1385,19945,0.375,0.2712375,0.933249006143838,0.3448275862068966,45.89999999999999
1386,19897,0.31515,0.26500625,0.9429827731598602,0.13793103448275862,45.89999999999999
1387,19898,0.3388625,0.2665625,0.9406336585953499,0.3448275862068966,45.89999999999999
1388,18585,0.15476625,0.276359375,0.924587399108541,0.6896551724137931,45.89999999999999
1389,3150,0.125,0.28125,0.8586073966991927,0.6206896551724137,45.89999999999999
1390,18574,0.3625,0.27440625,0.9279604866883507,0.0,45.88888888888888
1391,17281,0.12499999999999992,0.29940625,0.8776894350078304,0.0,45.88888888888888
1392,5594,0.8625,0.309375,0.8107697867726779,0.0,45.88888888888888
1393,4902,0.625,0.309375,0.789519335019877,0.27586206896551724,45.88888888888888
1394,18606,0.2914,0.282228125,0.9139139862667148,1.0,45.857142857142854
1395,17364,0.4048,0.298234375,0.8803999518130344,1.0,45.857142857142854
1396,5401,0.8625,0.0625,0.7324515118660402,1.0,45.857142857142854
1397,2516,0.1125,0.28125,0.6545717383447777,0.8275862068965517,45.83333333333333
1398,2865,0.125,0.278125,0.8360558968798939,0.8275862068965517,45.83333333333333
1399,3298,0.3625,0.28125,0.8586073966991927,0.8275862068965517,45.83333333333333
1400,3937,0.375,0.28125,0.62643055053608,0.8275862068965517,45.83333333333333
1401,4550,0.6125,0.309375,0.7059462715335502,0.8275862068965517,45.83333333333333
1402,4582,0.6125,0.309375,0.8107697867726779,0.48275862068965514,45.79999999999999
1403,2865,0.125,0.278125,0.8360558968798939,0.3448275862068966,45.79999999999999
1404,19943,0.375,0.25565625000000003,0.9560293940489097,0.27586206896551724,45.77777777777777
1405,3885,0.375,0.29007499999999997,0.7915190940850501,1.0,45.75714285714285
1406,5078,0.625,0.09375,0.655524635586074,1.0,45.71428571428571
1407,18622,0.4224875,0.280646875,0.9034815082520178,1.0,45.71428571428571
1408,18647,0.375,0.27753125,0.922527406336586,1.0,45.71428571428571
1409,4582,0.6125,0.309375,0.8107697867726779,0.9655172413793103,45.69999999999999
1410,18616,0.375,0.2899875,0.8847729189254305,0.27586206896551724,45.66666666666666
1411,3285,0.3625,0.25,0.9282857487049753,0.3448275862068966,45.62999999999999
1412,3377,0.3625,0.0625,0.7324515118660402,1.0,45.57142857142856
1413,4944,0.625,0.28125,0.6545717383447777,0.0,45.55555555555554
1414,4583,0.6125,0.309375,0.789519335019877,0.27586206896551724,45.55555555555554
1415,2363,0.1125,0.0625,0.65293579086857,0.0,45.55555555555554
1416,5566,0.8625,0.3125,0.6752463558607397,0.0,45.55555555555554
1417,4943,0.625,0.30485937500000004,0.7440320443320082,1.0,45.514285714285705
1418,17277,0.3625,0.299453125,0.8775810143356222,0.9655172413793103,45.49999999999999
1419,18642,0.375,0.27440625,0.9147693049030237,0.0,45.444444444444436
1420,6135,0.875,0.29553124999999997,0.8865317431634743,0.0,45.444444444444436
1421,21198,0.29143749999999996,0.238475,0.975316226960607,1.0,45.42857142857142
1422,3216,0.125,0.3125,0.7872545476448619,0.3448275862068966,45.39999999999999
1423,17281,0.12499999999999992,0.29940625,0.8776894350078304,0.13793103448275862,45.39999999999999
1424,17277,0.3625,0.299453125,0.8775810143356222,0.6896551724137931,45.39999999999999
1425,5552,0.8625,0.28125,0.6545717383447777,1.0,45.38571428571428
1426,4090,0.375,0.059375,0.6996542585230695,1.0,45.342857142857135
1427,5606,0.8625,0.278125,0.8796530538489338,0.0,45.33333333333332
1428,18543,0.3625,0.2899875,0.8847729189254305,0.0,45.33333333333332
1429,4583,0.6125,0.309375,0.789519335019877,0.0,45.33333333333332
1430,2523,0.1125,0.30485937500000004,0.7440320443320082,1.0,45.31428571428571
1431,3217,0.125,0.3125,0.8084809059149499,0.9655172413793103,45.29999999999999
1432,18616,0.375,0.2899875,0.8847729189254305,0.13793103448275862,45.29999999999999
1433,19927,0.5887875,0.25725312499999997,0.9411757619563906,1.0,45.28571428571428
1434,18604,0.33876249999999997,0.279128125,0.9196482351523912,0.0,45.222222222222214
1435,4183,0.375,0.26331875,0.9325864353692326,1.0,45.21428571428571
1436,19870,0.3625,0.25253125,0.9599807252138296,0.6206896551724137,45.19999999999999
1437,3596,0.3625,0.246875,0.8807252138296592,1.0,45.18571428571428
1438,6114,0.875,0.059375,0.6996542585230695,1.0,45.14285714285714
1439,21266,0.4046875,0.24742187499999999,0.9660040958920612,1.0,45.14285714285714
1440,3389,0.3625,0.090625,0.62643055053608,1.0,45.14285714285714
1441,3370,0.3625,0.059375,0.6996542585230695,1.0,45.12857142857142
1442,3890,0.375,0.309375,0.789519335019877,0.27586206896551724,45.1111111111111
1443,5915,0.875,0.309375,0.8107697867726779,0.27586206896551724,45.1111111111111
1444,18576,0.125,0.2899875,0.8984941573304421,0.13793103448275862,45.099999999999994
1445,19944,0.375,0.25253125,0.9599807252138296,0.3448275862068966,45.099999999999994
1446,18593,0.33294999999999997,0.291175,0.8960004818696542,0.13793103448275862,45.099999999999994
1447,4594,0.6125,0.278125,0.8796530538489338,0.3448275862068966,45.099999999999994
1448,2502,0.1125,0.257165625,0.8335742681604624,1.0,45.05714285714285
1449,3319,0.3625,0.29553124999999997,0.8865317431634743,0.6206896551724137,45.03999999999999
1450,4087,0.375,0.0625,0.7059462715335502,0.8275862068965517,44.99999999999999
1451,5099,0.625,0.0625,0.7059462715335502,0.8275862068965517,44.99999999999999
1452,2927,0.125,0.278125,0.7718949524153716,0.13793103448275862,44.99999999999999
1453,2927,0.125,0.278125,0.7718949524153716,0.48275862068965514,44.99999999999999
1454,2560,0.1125,0.309375,0.7682568365257197,0.6896551724137931,44.99999999999999
1455,4387,0.6125,0.0625,0.65293579086857,0.48275862068965514,44.99999999999999
1456,2906,0.125,0.3125,0.6752463558607397,0.13793103448275862,44.99999999999999
1457,2877,0.125,0.309375,0.7682568365257197,0.3448275862068966,44.99999999999999
1458,2877,0.125,0.309375,0.7682568365257197,0.6206896551724137,44.99999999999999
1459,5097,0.625,0.0625,0.65293579086857,0.3448275862068966,44.99999999999999
1460,3918,0.375,0.3125,0.6752463558607397,0.9655172413793103,44.99999999999999
1461,3375,0.3625,0.0625,0.65293579086857,0.13793103448275862,44.99999999999999
1462,3604,0.3625,0.24041562500000002,0.930333694735574,0.13793103448275862,44.99999999999999
1463,18649,0.375,0.2931125,0.8918564028430309,0.6896551724137931,44.99999999999999
1464,21207,0.375,0.24936250000000001,0.9511866040236115,0.48275862068965514,44.99999999999999
1465,18615,0.375,0.2931125,0.8780026502830983,0.0,44.99999999999999
1466,4336,0.6125,0.262071875,0.9472834598241175,0.27586206896551724,44.99999999999999
1467,3694,0.3625,0.13343750000000001,0.9629442235875195,0.6206896551724137,44.989999999999995
1468,18586,0.14867375,0.288434375,0.9016985905312612,1.0,44.98571428571428
1469,2927,0.125,0.278125,0.7718949524153716,0.3448275862068966,44.89999999999999
1470,2927,0.125,0.278125,0.7718949524153716,0.6206896551724137,44.89999999999999
1471,20487,0.3625,0.1368625,0.9661366100469823,0.48275862068965514,44.89999999999999
1472,18674,0.40463749999999993,0.291175,0.8960004818696542,1.0,44.857142857142854
1473,18667,0.39878749999999996,0.279090625,0.91972051560053,1.0,44.857142857142854
1474,3104,0.125,0.262071875,0.9472834598241175,0.6206896551724137,44.849999999999994
1475,2779,0.125,0.11517812499999999,0.9419226599204914,0.6206896551724137,44.849999999999994
1476,4903,0.625,0.309375,0.8107697867726779,0.6896551724137931,44.79999999999999
1477,17278,0.3625,0.29628125,0.8848572461149259,0.48275862068965514,44.79999999999999
1478,19945,0.375,0.2712375,0.933249006143838,0.9655172413793103,44.79999999999999
1479,19919,0.398775,0.257215625,0.9412239489218166,0.48275862068965514,44.79999999999999
1480,19870,0.3625,0.25253125,0.9599807252138296,0.3448275862068966,44.79999999999999
1481,17424,0.625,0.29628125,0.8848572461149259,0.3448275862068966,44.79999999999999
1482,19870,0.3625,0.25253125,0.9599807252138296,0.27586206896551724,44.77777777777777
1483,19878,0.24375,0.260321875,0.9497530418021924,1.0,44.71428571428571
1484,19948,0.43438750000000004,0.256428125,0.9550174677749668,1.0,44.71428571428571
1485,3922,0.375,0.309375,0.7059462715335502,1.0,44.699999999999996
1486,18722,0.625,0.2899875,0.8984941573304421,0.13793103448275862,44.69999999999999
1487,3593,0.3625,0.278125,0.9014576557041319,0.9655172413793103,44.69999999999999
1488,19896,0.2915,0.26345625,0.9452837007589447,0.27586206896551724,44.66666666666666
1489,2503,0.1125,0.264246875,0.8236477532827369,1.0,44.62857142857142
1490,18578,0.125,0.27440625,0.9279604866883507,0.9655172413793103,44.599999999999994
1491,4594,0.6125,0.278125,0.8796530538489338,0.9655172413793103,44.599999999999994
1492,18616,0.375,0.2899875,0.8847729189254305,0.6896551724137931,44.599999999999994
1493,2873,0.125,0.29007499999999997,0.7915190940850501,1.0,44.599999999999994
1494,6135,0.875,0.29553124999999997,0.8865317431634743,1.0,44.57142857142856
1495,2365,0.1125,0.0625,0.7324515118660402,1.0,44.57142857142856
1496,4066,0.375,0.09375,0.655524635586074,1.0,44.57142857142856
1497,19926,0.6125,0.25570312500000003,0.9432478014697024,0.27586206896551724,44.55555555555555
1498,3215,0.125,0.3125,0.7660281893747741,0.6896551724137931,44.49999999999999
1499,18623,0.39878749999999996,0.279090625,0.9063847729189254,0.13793103448275862,44.49999999999999
1500,3286,0.3625,0.25,0.906143838091796,0.13793103448275862,44.49999999999999
1501,4582,0.6125,0.309375,0.8107697867726779,0.3448275862068966,44.49999999999999
1502,3539,0.3625,0.309375,0.7324515118660402,0.0,44.444444444444436
1503,4387,0.6125,0.0625,0.65293579086857,0.0,44.444444444444436
1504,5566,0.8625,0.3125,0.6752463558607397,0.27586206896551724,44.444444444444436
1505,5399,0.8625,0.0625,0.65293579086857,0.0,44.444444444444436
1506,3931,0.375,0.30485937500000004,0.7440320443320082,0.27586206896551724,44.444444444444436
1507,4168,0.375,0.2878625,0.8218527888206241,1.0,44.42857142857142
1508,4182,0.375,0.256696875,0.9419226599204914,1.0,44.42857142857142
1509,2287,0.1125,0.28125,0.8367546078785688,1.0,44.41428571428571
1510,3216,0.125,0.3125,0.7872545476448619,0.9655172413793103,44.39999999999999
1511,17271,0.3625,0.29628125,0.8708709794000722,0.6206896551724137,44.39999999999999
1512,2779,0.125,0.11517812499999999,0.9419226599204914,0.3448275862068966,44.379999999999995
1513,19876,0.3031125,0.256428125,0.9550174677749668,0.0,44.33333333333332
1514,18576,0.125,0.2899875,0.8984941573304421,0.0,44.33333333333332
1515,4595,0.6125,0.278125,0.8578604987350921,0.0,44.33333333333332
1516,19926,0.6125,0.25570312500000003,0.9432478014697024,0.48275862068965514,44.29999999999999
1517,4331,0.6125,0.29553124999999997,0.8865317431634743,0.48275862068965514,44.29999999999999
1518,3580,0.3625,0.302878125,0.8251897361763642,0.9655172413793103,44.29999999999999
1519,4331,0.6125,0.29553124999999997,0.8865317431634743,0.27586206896551724,44.28888888888888
1520,17240,0.33875,0.30100625000000003,0.8597036501626311,1.0,44.28571428571428
1521,19879,0.21412,0.258378125,0.9524274183833273,1.0,44.28571428571428
1522,18596,0.24392624999999998,0.28533437500000003,0.9079267558125527,1.0,44.28571428571428
1523,4110,0.375,0.301878125,0.8718226719672328,1.0,44.28571428571428
1524,19893,0.21412874999999998,0.265409375,0.9423804360920371,1.0,44.28571428571428
1525,3234,0.3625,0.3125,0.7660281893747741,1.0,44.24285714285714
1526,4298,0.6125,0.25,0.906143838091796,1.0,44.22857142857142
1527,5343,0.8625,0.29553124999999997,0.8865317431634743,0.27586206896551724,44.222222222222214
1528,2335,0.1125,0.096103125,0.9256113721238406,1.0,44.199999999999996
1529,21141,0.3625,0.24936250000000001,0.9511866040236115,0.48275862068965514,44.19999999999999
1530,18616,0.375,0.2899875,0.8847729189254305,0.6206896551724137,44.19999999999999
1531,3150,0.125,0.28125,0.8586073966991927,0.3448275862068966,44.19999999999999
1532,3535,0.3625,0.30485937500000004,0.7440320443320082,1.0,44.128571428571426
1533,3580,0.3625,0.302878125,0.8251897361763642,0.6206896551724137,44.11999999999999
1534,21185,0.33290000000000003,0.24742187499999999,0.9660040958920612,0.27586206896551724,44.1111111111111
1535,3104,0.125,0.262071875,0.9472834598241175,0.27586206896551724,44.1111111111111
1536,19926,0.6125,0.25570312500000003,0.9432478014697024,0.6896551724137931,44.099999999999994
1537,17319,0.375,0.29940625,0.8635586073966991,0.48275862068965514,44.099999999999994
1538,19945,0.375,0.2712375,0.933249006143838,0.48275862068965514,44.099999999999994
1539,3930,0.375,0.300271875,0.7551740754126008,0.13793103448275862,43.99999999999999
1540,5606,0.8625,0.278125,0.8796530538489338,0.13793103448275862,43.99999999999999
1541,5594,0.8625,0.309375,0.8107697867726779,0.13793103448275862,43.99999999999999
1542,4554,0.6125,0.3125,0.6752463558607397,0.13793103448275862,43.99999999999999
1543,3542,0.3625,0.3125,0.6752463558607397,0.9655172413793103,43.99999999999999
1544,18722,0.625,0.2899875,0.8984941573304421,0.48275862068965514,43.99999999999999
1545,18579,0.3327375,0.276359375,0.924587399108541,0.13793103448275862,43.99999999999999
1546,3542,0.3625,0.3125,0.6752463558607397,0.6896551724137931,43.99999999999999
1547,19943,0.375,0.25565625000000003,0.9560293940489097,0.13793103448275862,43.99999999999999
1548,2363,0.1125,0.0625,0.65293579086857,0.3448275862068966,43.99999999999999
1549,4949,0.625,0.28125,0.62643055053608,0.13793103448275862,43.99999999999999
1550,4930,0.625,0.3125,0.6752463558607397,0.13793103448275862,43.99999999999999
1551,3918,0.375,0.3125,0.6752463558607397,0.6896551724137931,43.99999999999999
1552,4311,0.6125,0.28125,0.8367546078785688,0.13793103448275862,43.99999999999999
1553,3375,0.3625,0.0625,0.65293579086857,0.6896551724137931,43.99999999999999
1554,17352,0.375,0.29628125,0.8848572461149259,0.27586206896551724,43.99999999999999
1555,3286,0.3625,0.25,0.906143838091796,0.0,43.99999999999999
1556,4399,0.6125,0.090625,0.7671364895795687,1.0,43.99999999999999
1557,18585,0.15476625,0.276359375,0.924587399108541,1.0,43.99999999999999
1558,17423,0.625,0.29940625,0.8776894350078304,1.0,43.99999999999999
1559,3119,0.125,0.15274062500000002,0.9902300927599084,1.0,43.95714285714285
1560,3342,0.3625,0.13098749999999998,0.9729671123960967,0.3448275862068966,43.93999999999999
1561,5914,0.875,0.309375,0.789519335019877,1.0,43.91428571428571
1562,19897,0.31515,0.26500625,0.9429827731598602,0.6206896551724137,43.89999999999999
1563,3580,0.3625,0.302878125,0.8251897361763642,0.48275862068965514,43.89999999999999
1564,18578,0.125,0.27440625,0.9279604866883507,0.6896551724137931,43.89999999999999
1565,2568,0.1125,0.302878125,0.8251897361763642,0.27586206896551724,43.88888888888888
1566,19910,0.40466250000000004,0.269296875,0.9233224912661124,0.0,43.88888888888888
1567,3880,0.375,0.302878125,0.8251897361763642,0.27586206896551724,43.88888888888888
1568,21189,0.21415125000000002,0.24353125000000003,0.970244548849536,1.0,43.857142857142854
1569,17366,0.5827,0.298234375,0.8803999518130344,1.0,43.857142857142854
1570,5411,0.8625,0.090625,0.7671364895795687,1.0,43.857142857142854
1571,3520,0.3625,0.278125,0.7428056860619202,1.0,43.834285714285706
1572,4382,0.6125,0.059375,0.6996542585230695,1.0,43.81428571428571
1573,18543,0.3625,0.2899875,0.8847729189254305,0.13793103448275862,43.79999999999999
1574,4331,0.6125,0.29553124999999997,0.8865317431634743,0.9655172413793103,43.79999999999999
1575,19891,0.2736375,0.265409375,0.9423804360920371,0.27586206896551724,43.77777777777777
1576,4179,0.375,0.263153125,0.8866401638356823,1.0,43.72857142857142
1577,18589,0.21993625,0.283759375,0.9109866281170942,1.0,43.71428571428571
1578,3217,0.125,0.3125,0.8084809059149499,0.6896551724137931,43.69999999999999
1579,19897,0.31515,0.26500625,0.9429827731598602,0.48275862068965514,43.69999999999999
1580,2859,0.125,0.278125,0.9014576557041319,0.6896551724137931,43.69999999999999
1581,17283,0.3327,0.298234375,0.8803999518130344,0.27586206896551724,43.66666666666666
1582,19902,0.2914125,0.260353125,0.9497048548367667,0.0,43.66666666666666
1583,3284,0.3625,0.25,0.9504276593181543,1.0,43.65714285714285
1584,2844,0.125,0.24041562500000002,0.930333694735574,1.0,43.61428571428571
1585,5596,0.8625,0.309375,0.7682568365257197,1.0,43.599999999999994
1586,2377,0.1125,0.090625,0.62643055053608,1.0,43.599999999999994
1587,17318,0.3988125,0.30096875,0.8598000240934827,1.0,43.57142857142856
1588,19877,0.273375,0.258378125,0.9524274183833273,1.0,43.57142857142856
1589,18605,0.315125,0.280675,0.9168172509336224,0.27586206896551724,43.55555555555555
1590,18641,0.4047625,0.276359375,0.9113359836164318,0.27586206896551724,43.55555555555555
1591,21206,0.4046875,0.24742187499999999,0.9534513913986267,0.0,43.55555555555555
1592,2921,0.125,0.28125,0.6827141308276111,1.0,43.54285714285714
1593,19890,0.30322499999999997,0.26735000000000003,0.9394289844597036,0.6206896551724137,43.49999999999999
1594,4582,0.6125,0.309375,0.8107697867726779,0.6896551724137931,43.49999999999999
1595,2525,0.1125,0.309375,0.67944103120106,0.9655172413793103,43.49999999999999
1596,2919,0.125,0.30485937500000004,0.7440320443320082,1.0,43.49999999999999
1597,19890,0.30322499999999997,0.26735000000000003,0.9394289844597036,0.0,43.444444444444436
1598,18602,0.338875,0.2884375,0.9016985905312612,0.0,43.444444444444436
1599,17271,0.3625,0.29628125,0.8708709794000722,0.3448275862068966,43.39999999999999
1600,4533,0.6125,0.278125,0.7718949524153716,1.0,43.349999999999994
1601,5097,0.625,0.0625,0.65293579086857,0.8275862068965517,43.33333333333333
1602,6109,0.875,0.0625,0.65293579086857,0.8275862068965517,43.33333333333333
1603,5397,0.8625,0.0625,0.7059462715335502,0.8275862068965517,43.33333333333333
1604,2927,0.125,0.278125,0.7718949524153716,0.8275862068965517,43.33333333333333
1605,2361,0.1125,0.0625,0.7059462715335502,0.8275862068965517,43.33333333333333
1606,4385,0.6125,0.0625,0.7059462715335502,0.8275862068965517,43.33333333333333
1607,18543,0.3625,0.2899875,0.8847729189254305,0.8275862068965517,43.33333333333333
1608,6111,0.875,0.0625,0.7059462715335502,0.8275862068965517,43.33333333333333
1609,3925,0.375,0.309375,0.7324515118660402,0.0,43.33333333333332
1610,4584,0.6125,0.309375,0.7682568365257197,0.27586206896551724,43.33333333333332
1611,6095,0.875,0.09375,0.62643055053608,0.27586206896551724,43.33333333333332
1612,3539,0.3625,0.309375,0.7324515118660402,0.27586206896551724,43.33333333333332
1613,19919,0.398775,0.257215625,0.9412239489218166,0.0,43.33333333333332
1614,4942,0.625,0.300271875,0.7551740754126008,0.27586206896551724,43.33333333333332
1615,3059,0.125,0.09375,0.62643055053608,0.27586206896551724,43.33333333333332
1616,5961,0.875,0.28125,0.62643055053608,0.27586206896551724,43.33333333333332
1617,5961,0.875,0.28125,0.62643055053608,0.0,43.33333333333332
1618,4584,0.6125,0.309375,0.7682568365257197,0.0,43.33333333333332
1619,17289,0.1548,0.298234375,0.8803999518130344,0.13793103448275862,43.29999999999999
1620,2568,0.1125,0.302878125,0.8251897361763642,0.9655172413793103,43.29999999999999
1621,4198,0.375,0.2384375,0.9629442235875195,0.6206896551724137,43.29999999999999
1622,6097,0.875,0.090625,0.7671364895795687,1.0,43.28571428571428
1623,5545,0.8625,0.278125,0.7718949524153716,1.0,43.25714285714285
1624,3342,0.3625,0.13098749999999998,0.9729671123960967,1.0,43.24285714285714
1625,19944,0.375,0.25253125,0.9599807252138296,0.48275862068965514,43.19999999999999
1626,3159,0.125,0.294746875,0.8743645343934465,0.6206896551724137,43.19999999999999
1627,19890,0.30322499999999997,0.26735000000000003,0.9394289844597036,0.48275862068965514,43.19999999999999
1628,3151,0.125,0.28125,0.8804722322611732,0.27586206896551724,43.1111111111111
1629,3604,0.3625,0.24041562500000002,0.930333694735574,0.0,43.1111111111111
1630,4902,0.625,0.309375,0.789519335019877,0.0,43.1111111111111
1631,18642,0.375,0.27440625,0.9147693049030237,0.13793103448275862,43.099999999999994
1632,17423,0.625,0.29940625,0.8776894350078304,0.6206896551724137,43.099999999999994
1633,2910,0.125,0.309375,0.7059462715335502,1.0,43.07142857142856
