rank,node_number,x_n,y_n,z_n,t_n,score
1,3373,0.3625,0.0625,0.7059462715335502,0.8275862068965517,99994.99955
2,13170,0.625,0.71875,0.655524635586074,0.8275862068965517,20024.4996
3,4503,0.6125,0.21875,0.62643055053608,0.13793103448275862,16668.33288888889
4,1860,0.9375,0.953125,0.6023370678231538,0.9655172413793103,13317.999466666664
5,12310,0.375,0.8125,0.9355860739669918,0.13793103448275862,11103.888444444445
6,14122,0.875,0.809375,0.752969521744368,0.0,10004.999199999998
7,5507,0.8625,0.21875,0.8212865919768702,0.0,9998.199199999997
8,12405,0.6125,0.9375,0.7448066498012287,0.27586206896551724,8355.832666666665
9,13068,0.625,0.871875,0.6538959161546801,0.3448275862068966,7713.845538461537
10,7510,0.375,0.5,0.8289001325141548,0.3448275862068966,7695.383999999999
11,2978,0.125,0.215625,0.8717383447777376,0.0,6999.099299999999
12,4158,0.375,0.325021875,0.7463052644259728,0.6206896551724137,6667.666083333333
13,21599,0.3625,0.85565625,0.9821949162751474,0.6896551724137931,6659.466133333332
14,10894,0.125,0.6875,0.8107697867726779,0.3448275862068966,6139.922538461537
15,10451,0.1125,0.6593125,0.6440983014094687,0.0,5990.299299999999
16,3784,0.375,0.121875,0.8618600168654379,0.6896551724137931,5332.799533333333
17,20130,0.42246249999999996,0.5775,0.9300686664257317,0.27586206896551724,5000.166083333333
18,18319,0.3625,0.70253125,0.8752680399951813,0.9655172413793103,4691.799533333333
19,12338,0.6125,0.9375,0.7660281893747741,0.13793103448275862,4449.8885
20,20086,0.125,0.5806250000000001,0.9382363570654136,1.0,4360.217220708446
21,23985,0.19619625000000002,0.5103125000000001,0.9987591856402842,0.27586206896551724,4166.749416666666
22,654,0.4375,0.3125,0.62643055053608,0.48275862068965514,4117.705470588236
23,1356,0.375,0.4375,0.6023370678231538,0.0,3999.5992999999994
24,1414,0.25,0.5,0.6023370678231538,0.0,3999.4992999999995
25,702,0.25,0.265625,0.62643055053608,0.13793103448275862,3888.9440555555557
26,5898,0.875,0.265309375,0.8349837368991687,0.3448275862068966,3845.4609999999993
27,15751,0.6486,0.66346875,0.7631128779665101,0.48275862068965514,3524.999588235294
28,20085,0.125,0.58375,0.933249006143838,1.0,3269.5360217983643
29,5009,0.625,0.1875,0.7023551379351886,0.3448275862068966,3075.5379230769227
30,16999,0.6488125,0.3821875,0.8710396337790628,0.8275862068965517,2999.84965
31,20089,0.3625,0.58375,0.933249006143838,0.6896551724137931,2666.799533333333
32,13091,0.625,0.840625,0.7000216841344417,0.6896551724137931,2664.4662
33,19005,0.33876249999999997,0.904125,0.9196482351523912,0.6206896551724137,2500.166083333333
34,9999,0.8625,0.625,0.6996542585230695,0.27586206896551724,1667.166083333333
35,12384,0.6125,0.8815625,0.8742561137212383,0.3448275862068966,1553.5379230769229
36,55,0.375,0.9375,0.62643055053608,0.48275862068965514,1191.1760588235295
37,4716,0.6125,0.140046875,0.922840621611854,0.48275862068965514,1176.6466470588234
38,3902,0.375,0.3390625,0.6552355137935189,1.0,1090.462452316076
39,10250,0.8625,0.6005625,0.8888085772798457,1.0,1089.7104087193459
40,11085,0.125,0.8125,0.7023551379351886,1.0,1084.6749863760215
41,10417,0.1125,0.8514375,0.9854234429586796,0.6206896551724137,865.1660833333332
42,17880,0.696275,0.92909375,0.8664377785808939,0.0,800.1993999999999
43,11640,0.3625,0.9375,0.62643055053608,1.0,327.0844686648501
44,9579,0.875,0.559375,0.7362920130104806,1.0,326.3753678474114
45,5105,0.625,0.059375,0.7240621611853992,1.0,326.2881743869209
46,10632,0.1125,0.9375,0.62643055053608,1.0,318.3651226158037
47,12648,0.6125,0.9375,0.62643055053608,1.0,315.5313351498637
48,13024,0.625,0.9375,0.62643055053608,1.0,314.0054495912806
49,14032,0.875,0.9375,0.62643055053608,1.0,312.58855585831054
50,12016,0.375,0.9375,0.62643055053608,1.0,295.04087193460487
51,11008,0.125,0.9375,0.62643055053608,0.27586206896551724,274.99999999999994
52,11639,0.3625,0.9375,0.6508384531984098,1.0,271.82561307901904
53,11640,0.3625,0.9375,0.62643055053608,0.27586206896551724,266.66666666666663
54,13656,0.8625,0.9375,0.62643055053608,0.27586206896551724,266.66666666666663
55,12648,0.6125,0.9375,0.62643055053608,0.27586206896551724,266.66666666666663
56,12016,0.375,0.9375,0.62643055053608,0.27586206896551724,266.66666666666663
57,10632,0.1125,0.9375,0.62643055053608,0.27586206896551724,266.66666666666663
58,13024,0.625,0.9375,0.62643055053608,0.27586206896551724,266.66666666666663
59,13021,0.625,0.9375,0.6508384531984098,1.0,262.2343324250681
60,11008,0.125,0.9375,0.62643055053608,1.0,261.6021798365122
61,12647,0.6125,0.9375,0.6508384531984098,1.0,259.8365122615803
62,10631,0.1125,0.9375,0.6508384531984098,1.0,259.400544959128
63,14032,0.875,0.9375,0.62643055053608,0.27586206896551724,258.3333333333333
64,14029,0.875,0.9375,0.6508384531984098,1.0,254.71389645776563
65,11640,0.3625,0.9375,0.62643055053608,0.6206896551724137,249.99999999999997
66,12648,0.6125,0.9375,0.62643055053608,0.6206896551724137,248.3333333333333
67,13656,0.8625,0.9375,0.62643055053608,0.6206896551724137,246.66666666666663
68,11008,0.125,0.9375,0.62643055053608,0.6206896551724137,242.49999999999997
69,10632,0.1125,0.9375,0.62643055053608,0.6206896551724137,242.49999999999997
70,13024,0.625,0.9375,0.62643055053608,0.6206896551724137,242.49999999999997
71,12016,0.375,0.9375,0.62643055053608,0.6206896551724137,241.66666666666663
72,14032,0.875,0.9375,0.62643055053608,0.6206896551724137,239.16666666666663
73,13652,0.8625,0.934375,0.62643055053608,1.0,238.91008174386917
74,11009,0.125,0.934375,0.62643055053608,1.0,238.692098092643
75,12017,0.375,0.934375,0.62643055053608,1.0,238.58310626702993
76,12013,0.375,0.9375,0.6508384531984098,1.0,236.07629427792912
77,12648,0.6125,0.9375,0.62643055053608,0.0,229.99999999999997
78,11640,0.3625,0.9375,0.62643055053608,0.9655172413793103,226.66666666666663
79,11639,0.3625,0.9375,0.6508384531984098,0.27586206896551724,224.99999999999997
80,13655,0.8625,0.9375,0.6508384531984098,0.27586206896551724,224.99999999999997
81,11005,0.125,0.9375,0.6508384531984098,0.27586206896551724,224.99999999999997
82,12644,0.6125,0.934375,0.62643055053608,1.0,223.542234332425
83,13656,0.8625,0.9375,0.62643055053608,0.9655172413793103,219.99999999999997
84,12648,0.6125,0.9375,0.62643055053608,0.9655172413793103,219.99999999999997
85,11640,0.3625,0.9375,0.62643055053608,0.0,219.99999999999997
86,13656,0.8625,0.9375,0.62643055053608,0.0,219.99999999999997
87,11008,0.125,0.9375,0.62643055053608,0.0,219.99999999999997
88,12016,0.375,0.9375,0.62643055053608,0.0,219.99999999999997
89,10632,0.1125,0.9375,0.62643055053608,0.0,219.99999999999997
90,13024,0.625,0.9375,0.62643055053608,0.0,219.99999999999997
91,12647,0.6125,0.9375,0.6508384531984098,0.27586206896551724,216.66666666666663
92,12017,0.375,0.934375,0.62643055053608,0.27586206896551724,216.66666666666663
93,14029,0.875,0.9375,0.6508384531984098,0.27586206896551724,216.66666666666663
94,12013,0.375,0.9375,0.6508384531984098,0.27586206896551724,216.66666666666663
95,10631,0.1125,0.9375,0.6508384531984098,0.27586206896551724,216.66666666666663
96,13021,0.625,0.9375,0.6508384531984098,0.27586206896551724,216.66666666666663
97,10628,0.1125,0.934375,0.62643055053608,1.0,215.58583106267025
98,12016,0.375,0.9375,0.62643055053608,0.9655172413793103,213.33333333333331
99,10632,0.1125,0.9375,0.62643055053608,0.9655172413793103,213.33333333333331
100,13024,0.625,0.9375,0.62643055053608,0.9655172413793103,213.33333333333331
101,11009,0.125,0.934375,0.62643055053608,0.27586206896551724,212.49999999999997
102,14033,0.875,0.934375,0.62643055053608,1.0,210.89918256130787
103,14032,0.875,0.9375,0.62643055053608,0.0,209.99999999999997
104,14033,0.875,0.934375,0.62643055053608,0.27586206896551724,208.33333333333331
105,10628,0.1125,0.934375,0.62643055053608,0.27586206896551724,208.33333333333331
106,13025,0.625,0.934375,0.62643055053608,0.27586206896551724,208.33333333333331
107,11636,0.3625,0.934375,0.62643055053608,0.27586206896551724,207.49999999999997
108,11008,0.125,0.9375,0.62643055053608,0.9655172413793103,206.66666666666663
109,14032,0.875,0.9375,0.62643055053608,0.9655172413793103,206.66666666666663
110,11639,0.3625,0.9375,0.6508384531984098,0.6206896551724137,199.99999999999997
111,13652,0.8625,0.934375,0.62643055053608,0.27586206896551724,199.99999999999997
112,12644,0.6125,0.934375,0.62643055053608,0.27586206896551724,199.99999999999997
113,12647,0.6125,0.9375,0.6508384531984098,0.6206896551724137,198.33333333333331
114,13655,0.8625,0.9375,0.6508384531984098,0.6206896551724137,196.66666666666663
115,13021,0.625,0.9375,0.6508384531984098,0.6206896551724137,194.16666666666663
116,11005,0.125,0.9375,0.6508384531984098,0.6206896551724137,193.33333333333331
117,12013,0.375,0.9375,0.6508384531984098,0.6206896551724137,193.33333333333331
118,10631,0.1125,0.9375,0.6508384531984098,0.6206896551724137,193.33333333333331
119,14029,0.875,0.9375,0.6508384531984098,0.6206896551724137,189.99999999999997
120,12647,0.6125,0.9375,0.6508384531984098,0.0,189.99999999999997
121,11005,0.125,0.9375,0.6508384531984098,0.0,189.99999999999997
122,12018,0.375,0.934375,0.7059462715335502,1.0,189.53678474114437
123,14033,0.875,0.934375,0.62643055053608,0.6206896551724137,189.16666666666663
124,13026,0.625,0.934375,0.7059462715335502,1.0,189.10081743869205
125,12017,0.375,0.934375,0.62643055053608,0.6206896551724137,187.49999999999997
126,12642,0.6125,0.934375,0.7059462715335502,1.0,187.02997275204356
127,11010,0.125,0.934375,0.7059462715335502,1.0,186.92098092643047
128,11634,0.3625,0.934375,0.7059462715335502,1.0,186.8119891008174
129,13650,0.8625,0.934375,0.7059462715335502,1.0,185.8310626702997
130,13025,0.625,0.934375,0.62643055053608,0.6206896551724137,184.99999999999997
131,11009,0.125,0.934375,0.62643055053608,0.6206896551724137,182.49999999999997
132,10628,0.1125,0.934375,0.62643055053608,0.6206896551724137,182.49999999999997
133,13652,0.8625,0.934375,0.62643055053608,0.6206896551724137,181.66666666666663
134,11636,0.3625,0.934375,0.62643055053608,0.6206896551724137,180.83333333333331
135,11639,0.3625,0.9375,0.6508384531984098,0.9655172413793103,179.99999999999997
136,13655,0.8625,0.9375,0.6508384531984098,0.9655172413793103,179.99999999999997
137,12647,0.6125,0.9375,0.6508384531984098,0.9655172413793103,179.99999999999997
138,12644,0.6125,0.934375,0.62643055053608,0.6206896551724137,179.99999999999997
139,11639,0.3625,0.9375,0.6508384531984098,0.0,179.99999999999997
140,13655,0.8625,0.9375,0.6508384531984098,0.0,179.99999999999997
141,14029,0.875,0.9375,0.6508384531984098,0.0,179.99999999999997
142,12013,0.375,0.9375,0.6508384531984098,0.0,179.99999999999997
143,10631,0.1125,0.9375,0.6508384531984098,0.0,179.99999999999997
144,10628,0.1125,0.934375,0.62643055053608,0.0,179.99999999999997
145,13021,0.625,0.9375,0.6508384531984098,0.0,179.99999999999997
146,11640,0.3625,0.9375,0.62643055053608,0.3448275862068966,178.46153846153842
147,13656,0.8625,0.9375,0.62643055053608,0.3448275862068966,176.15384615384613
148,12648,0.6125,0.9375,0.62643055053608,0.3448275862068966,176.15384615384613
149,11010,0.125,0.934375,0.7059462715335502,0.27586206896551724,174.99999999999997
150,11005,0.125,0.9375,0.6508384531984098,0.9655172413793103,173.33333333333331
151,12017,0.375,0.934375,0.62643055053608,0.9655172413793103,173.33333333333331
152,14033,0.875,0.934375,0.62643055053608,0.9655172413793103,173.33333333333331
153,12013,0.375,0.9375,0.6508384531984098,0.9655172413793103,173.33333333333331
154,14029,0.875,0.9375,0.6508384531984098,0.9655172413793103,173.33333333333331
155,13021,0.625,0.9375,0.6508384531984098,0.9655172413793103,173.33333333333331
156,12016,0.375,0.9375,0.62643055053608,0.3448275862068966,172.3076923076923
157,10632,0.1125,0.9375,0.62643055053608,0.3448275862068966,172.3076923076923
158,11636,0.3625,0.934375,0.62643055053608,0.0,171.99999999999997
159,11009,0.125,0.934375,0.62643055053608,0.0,171.99999999999997
160,11008,0.125,0.9375,0.62643055053608,0.3448275862068966,171.53846153846152
161,13024,0.625,0.9375,0.62643055053608,0.3448275862068966,171.53846153846152
162,13025,0.625,0.934375,0.62643055053608,0.9655172413793103,169.99999999999997
163,14032,0.875,0.9375,0.62643055053608,0.3448275862068966,169.99999999999997
164,12017,0.375,0.934375,0.62643055053608,0.0,169.99999999999997
165,14033,0.875,0.934375,0.62643055053608,0.0,169.99999999999997
166,13025,0.625,0.934375,0.62643055053608,0.0,169.99999999999997
167,11640,0.3625,0.9375,0.62643055053608,0.48275862068965514,169.41176470588235
168,10626,0.1125,0.934375,0.7059462715335502,0.27586206896551724,169.16666666666663
169,13026,0.625,0.934375,0.7059462715335502,0.27586206896551724,168.33333333333331
170,12648,0.6125,0.9375,0.62643055053608,0.48275862068965514,168.23529411764707
171,13656,0.8625,0.9375,0.62643055053608,0.48275862068965514,167.64705882352942
172,12642,0.6125,0.934375,0.7059462715335502,0.27586206896551724,167.49999999999997
173,13652,0.8625,0.934375,0.62643055053608,0.9655172413793103,167.33333333333331
174,13025,0.625,0.934375,0.62643055053608,1.0,167.2261580381471
175,12644,0.6125,0.934375,0.62643055053608,0.9655172413793103,166.66666666666666
176,11009,0.125,0.934375,0.62643055053608,0.9655172413793103,166.66666666666666
177,10631,0.1125,0.9375,0.6508384531984098,0.9655172413793103,166.66666666666666
178,10628,0.1125,0.934375,0.62643055053608,0.9655172413793103,166.66666666666666
179,11634,0.3625,0.934375,0.7059462715335502,0.27586206896551724,166.66666666666663
180,12018,0.375,0.934375,0.7059462715335502,0.27586206896551724,166.66666666666663
181,13650,0.8625,0.934375,0.7059462715335502,0.27586206896551724,164.99999999999997
182,14034,0.875,0.934375,0.7059462715335502,0.27586206896551724,164.99999999999997
183,11008,0.125,0.9375,0.62643055053608,0.48275862068965514,164.7058823529412
184,12016,0.375,0.9375,0.62643055053608,0.48275862068965514,164.7058823529412
185,13024,0.625,0.9375,0.62643055053608,0.48275862068965514,164.7058823529412
186,14034,0.875,0.934375,0.7059462715335502,1.0,164.14168937329697
187,10632,0.1125,0.9375,0.62643055053608,0.48275862068965514,164.11764705882354
188,14032,0.875,0.9375,0.62643055053608,0.48275862068965514,162.35294117647058
189,10460,0.1125,0.684375,0.62643055053608,1.0,160.4359673024523
190,12476,0.6125,0.684375,0.62643055053608,1.0,160.10899182561306
191,11640,0.3625,0.9375,0.62643055053608,0.6896551724137931,159.99999999999997
192,11636,0.3625,0.934375,0.62643055053608,0.9655172413793103,159.99999999999997
193,12648,0.6125,0.9375,0.62643055053608,0.6896551724137931,159.99999999999997
194,13652,0.8625,0.934375,0.62643055053608,0.0,159.99999999999997
195,12644,0.6125,0.934375,0.62643055053608,0.0,159.99999999999997
196,11468,0.3625,0.684375,0.62643055053608,1.0,159.12806539509535
197,12020,0.375,0.934375,0.65293579086857,1.0,155.97820163487737
198,13484,0.8625,0.684375,0.62643055053608,1.0,155.31335149863756
199,14036,0.875,0.934375,0.65293579086857,1.0,155.0953678474114
200,12185,0.375,0.684375,0.62643055053608,1.0,154.2234332425068
201,11177,0.125,0.684375,0.62643055053608,1.0,153.89645776566755
202,10626,0.1125,0.934375,0.7059462715335502,1.0,153.50408719346046
203,13656,0.8625,0.9375,0.62643055053608,0.6896551724137931,153.33333333333331
204,12016,0.375,0.9375,0.62643055053608,0.6896551724137931,153.33333333333331
205,14032,0.875,0.9375,0.62643055053608,0.6896551724137931,153.33333333333331
206,10632,0.1125,0.9375,0.62643055053608,0.6896551724137931,153.33333333333331
207,13024,0.625,0.9375,0.62643055053608,0.6896551724137931,153.33333333333331
208,22864,0.3625,0.8369375,0.9818817009998795,1.0,152.91553133514984
209,13193,0.625,0.684375,0.62643055053608,1.0,151.93460490463212
210,13648,0.8625,0.934375,0.65293579086857,1.0,150.9536784741144
211,12018,0.375,0.934375,0.7059462715335502,0.6206896551724137,150.83333333333331
212,20938,0.3625,0.7618750000000001,0.9661366100469823,1.0,150.62670299727517
213,11634,0.3625,0.934375,0.7059462715335502,0.6206896551724137,149.99999999999997
214,11010,0.125,0.934375,0.7059462715335502,0.6206896551724137,149.99999999999997
215,13026,0.625,0.934375,0.7059462715335502,0.6206896551724137,149.99999999999997
216,11012,0.125,0.934375,0.65293579086857,1.0,149.9727520435967
217,12642,0.6125,0.934375,0.7059462715335502,0.6206896551724137,149.16666666666666
218,14201,0.875,0.684375,0.62643055053608,1.0,148.8828337874659
219,13650,0.8625,0.934375,0.7059462715335502,0.6206896551724137,147.49999999999997
220,10626,0.1125,0.934375,0.7059462715335502,0.6206896551724137,147.49999999999997
221,11008,0.125,0.9375,0.62643055053608,0.6896551724137931,146.66666666666666
222,14034,0.875,0.934375,0.7059462715335502,0.6206896551724137,146.66666666666666
223,12640,0.6125,0.934375,0.65293579086857,1.0,146.53950953678472
224,10624,0.1125,0.934375,0.65293579086857,1.0,146.48501362397818
225,23534,0.3625,0.805625,0.9877002770750511,1.0,144.7411444141689
226,11639,0.3625,0.9375,0.6508384531984098,0.3448275862068966,143.84615384615384
227,24259,0.375,0.8275,0.9975906517287073,1.0,142.34332425068118
228,12647,0.6125,0.9375,0.6508384531984098,0.3448275862068966,142.3076923076923
229,10626,0.1125,0.934375,0.7059462715335502,0.0,140.99999999999997
230,13655,0.8625,0.9375,0.6508384531984098,0.3448275862068966,140.76923076923075
231,12642,0.6125,0.934375,0.7059462715335502,0.9655172413793103,139.99999999999997
232,11634,0.3625,0.934375,0.7059462715335502,0.0,139.99999999999997
233,11010,0.125,0.934375,0.7059462715335502,0.0,139.99999999999997
234,12018,0.375,0.934375,0.7059462715335502,0.0,139.99999999999997
235,10460,0.1125,0.684375,0.62643055053608,0.27586206896551724,139.16666666666666
236,12020,0.375,0.934375,0.65293579086857,0.27586206896551724,139.16666666666666
237,10624,0.1125,0.934375,0.65293579086857,0.27586206896551724,139.16666666666666
238,13656,0.8625,0.9375,0.62643055053608,0.13793103448275862,138.88888888888889
239,11008,0.125,0.9375,0.62643055053608,0.13793103448275862,138.88888888888889
240,10632,0.1125,0.9375,0.62643055053608,0.13793103448275862,138.88888888888889
241,11005,0.125,0.9375,0.6508384531984098,0.3448275862068966,138.46153846153845
242,10631,0.1125,0.9375,0.6508384531984098,0.3448275862068966,138.46153846153845
243,12013,0.375,0.9375,0.6508384531984098,0.3448275862068966,138.46153846153845
244,13021,0.625,0.9375,0.6508384531984098,0.3448275862068966,138.46153846153845
245,14036,0.875,0.934375,0.65293579086857,0.27586206896551724,138.33333333333331
246,12642,0.6125,0.934375,0.7059462715335502,0.0,137.99999999999997
247,13026,0.625,0.934375,0.7059462715335502,0.0,137.99999999999997
248,11213,0.125,0.82203125,0.9989157932779182,1.0,137.43869209809262
249,12018,0.375,0.934375,0.7059462715335502,0.9655172413793103,137.33333333333331
250,11270,0.125,0.8816875,0.9419226599204914,1.0,137.22070844686647
251,11634,0.3625,0.934375,0.7059462715335502,0.9655172413793103,136.66666666666666
252,11639,0.3625,0.9375,0.6508384531984098,0.48275862068965514,136.47058823529412
253,23535,0.3625,0.7931874999999999,0.9851343211661244,1.0,136.23978201634876
254,13650,0.8625,0.934375,0.7059462715335502,0.0,135.99999999999997
255,14034,0.875,0.934375,0.7059462715335502,0.0,135.99999999999997
256,11012,0.125,0.934375,0.65293579086857,0.27586206896551724,135.83333333333331
257,14029,0.875,0.9375,0.6508384531984098,0.3448275862068966,135.38461538461536
258,12647,0.6125,0.9375,0.6508384531984098,0.48275862068965514,135.2941176470588
259,11632,0.3625,0.934375,0.65293579086857,0.27586206896551724,134.99999999999997
260,13028,0.625,0.934375,0.65293579086857,0.27586206896551724,134.99999999999997
261,12306,0.375,0.82128125,0.9870015660763762,1.0,134.82288828337872
262,13655,0.8625,0.9375,0.6508384531984098,0.48275862068965514,134.11764705882354
263,11640,0.3625,0.9375,0.62643055053608,0.13793103448275862,133.33333333333334
264,12648,0.6125,0.9375,0.62643055053608,0.13793103448275862,133.33333333333334
265,11005,0.125,0.9375,0.6508384531984098,0.13793103448275862,133.33333333333334
266,12016,0.375,0.9375,0.62643055053608,0.13793103448275862,133.33333333333334
267,11639,0.3625,0.9375,0.6508384531984098,0.6896551724137931,133.33333333333331
268,13650,0.8625,0.934375,0.7059462715335502,0.9655172413793103,133.33333333333331
269,13026,0.625,0.934375,0.7059462715335502,0.9655172413793103,133.33333333333331
270,11468,0.3625,0.684375,0.62643055053608,0.27586206896551724,133.33333333333331
271,13021,0.625,0.9375,0.6508384531984098,0.48275862068965514,132.94117647058823
272,14034,0.875,0.934375,0.7059462715335502,0.9655172413793103,132.66666666666666
273,11361,0.3625,0.8634375000000001,0.9629442235875195,1.0,132.64305177111714
274,12476,0.6125,0.684375,0.62643055053608,0.27586206896551724,132.49999999999997
275,11177,0.125,0.684375,0.62643055053608,0.27586206896551724,132.49999999999997
276,11005,0.125,0.9375,0.6508384531984098,0.48275862068965514,132.35294117647058
277,12013,0.375,0.9375,0.6508384531984098,0.48275862068965514,132.35294117647058
278,22950,0.6125,0.8369375,0.9818817009998795,1.0,131.88010899182558
279,12017,0.375,0.934375,0.62643055053608,0.3448275862068966,131.53846153846152
280,14033,0.875,0.934375,0.62643055053608,0.3448275862068966,131.53846153846152
281,12221,0.375,0.82203125,0.9989157932779182,1.0,131.2261580381471
282,10631,0.1125,0.9375,0.6508384531984098,0.48275862068965514,131.1764705882353
283,13484,0.8625,0.684375,0.62643055053608,0.27586206896551724,130.83333333333331
284,13648,0.8625,0.934375,0.65293579086857,0.27586206896551724,130.83333333333331
285,11010,0.125,0.934375,0.7059462715335502,0.9655172413793103,130.66666666666666
286,12472,0.6125,0.684375,0.6508384531984098,1.0,130.46321525885557
287,10456,0.1125,0.684375,0.6508384531984098,1.0,130.35422343324248
288,11640,0.3625,0.9375,0.62643055053608,0.8275862068965517,130.0
289,14029,0.875,0.9375,0.6508384531984098,0.48275862068965514,130.0
290,11464,0.3625,0.684375,0.6508384531984098,1.0,129.26430517711168
291,13025,0.625,0.934375,0.62643055053608,0.3448275862068966,129.23076923076923
292,11423,0.3625,0.865875,0.9729671123960967,1.0,128.93732970027244
293,14033,0.875,0.934375,0.62643055053608,0.48275862068965514,128.8235294117647
294,10626,0.1125,0.934375,0.7059462715335502,0.9655172413793103,128.66666666666666
295,12640,0.6125,0.934375,0.65293579086857,0.27586206896551724,128.33333333333331
296,12434,0.6125,0.844125,0.9902300927599084,1.0,128.1743869209809
297,12647,0.6125,0.9375,0.6508384531984098,0.13793103448275862,127.77777777777777
298,12017,0.375,0.934375,0.62643055053608,0.13793103448275862,127.77777777777777
299,14032,0.875,0.9375,0.62643055053608,0.13793103448275862,127.77777777777777
300,10631,0.1125,0.9375,0.6508384531984098,0.13793103448275862,127.77777777777777
301,13024,0.625,0.9375,0.62643055053608,0.13793103448275862,127.77777777777777
302,12185,0.375,0.684375,0.62643055053608,0.27586206896551724,127.49999999999999
303,12017,0.375,0.934375,0.62643055053608,0.48275862068965514,127.05882352941177
304,24194,0.125,0.8275,0.9975906517287073,1.0,126.97547683923703
305,10628,0.1125,0.934375,0.62643055053608,0.3448275862068966,126.9230769230769
306,13655,0.8625,0.9375,0.6508384531984098,0.6896551724137931,126.66666666666666
307,12647,0.6125,0.9375,0.6508384531984098,0.6896551724137931,126.66666666666666
308,12013,0.375,0.9375,0.6508384531984098,0.6896551724137931,126.66666666666666
309,13021,0.625,0.9375,0.6508384531984098,0.6896551724137931,126.66666666666666
310,13025,0.625,0.934375,0.62643055053608,0.48275862068965514,126.47058823529412
311,13652,0.8625,0.934375,0.62643055053608,0.3448275862068966,126.15384615384613
312,11009,0.125,0.934375,0.62643055053608,0.3448275862068966,126.15384615384613
313,22319,0.375,0.77128125,0.9860257800265027,1.0,125.66757493188008
314,12034,0.375,0.903125,0.62643055053608,1.0,125.43869209809262
315,11636,0.3625,0.934375,0.62643055053608,0.3448275862068966,125.38461538461537
316,12644,0.6125,0.934375,0.62643055053608,0.3448275862068966,125.38461538461537
317,11180,0.125,0.684375,0.6508384531984098,1.0,125.23160762942777
318,12188,0.375,0.684375,0.6508384531984098,1.0,124.68664850136237
319,11432,0.3625,0.79984375,0.9989157932779182,1.0,124.46866485013622
320,13193,0.625,0.684375,0.62643055053608,0.27586206896551724,124.16666666666664
321,13196,0.625,0.684375,0.6508384531984098,1.0,124.14168937329698
322,22216,0.12499999999999996,0.7837500000000001,0.9813155041561258,1.0,124.14168937329698
323,13652,0.8625,0.934375,0.62643055053608,0.48275862068965514,124.11764705882354
324,10628,0.1125,0.934375,0.62643055053608,0.48275862068965514,124.11764705882354
325,14050,0.875,0.903125,0.62643055053608,1.0,123.60762942779289
326,13635,0.8625,0.903125,0.62643055053608,1.0,123.37874659400542
327,11636,0.3625,0.934375,0.62643055053608,0.48275862068965514,122.94117647058823
328,12644,0.6125,0.934375,0.62643055053608,0.48275862068965514,122.94117647058823
329,11009,0.125,0.934375,0.62643055053608,0.48275862068965514,122.94117647058823
330,14201,0.875,0.684375,0.62643055053608,0.27586206896551724,122.49999999999999
331,13480,0.8625,0.684375,0.6508384531984098,1.0,122.28882833787463
332,11636,0.3625,0.934375,0.62643055053608,0.13793103448275862,122.22222222222223
333,11009,0.125,0.934375,0.62643055053608,0.13793103448275862,122.22222222222223
334,14033,0.875,0.934375,0.62643055053608,0.13793103448275862,122.22222222222223
335,12013,0.375,0.9375,0.6508384531984098,0.13793103448275862,122.22222222222223
336,10628,0.1125,0.934375,0.62643055053608,0.13793103448275862,122.22222222222223
337,11468,0.3625,0.684375,0.62643055053608,0.6206896551724137,121.66666666666664
338,14033,0.875,0.934375,0.62643055053608,0.6896551724137931,121.33333333333331
339,12476,0.6125,0.684375,0.62643055053608,0.6206896551724137,120.83333333333331
340,14036,0.875,0.934375,0.65293579086857,0.6206896551724137,120.83333333333331
341,11639,0.3625,0.9375,0.6508384531984098,0.8275862068965517,120.0
342,13656,0.8625,0.9375,0.62643055053608,0.8275862068965517,120.0
343,12648,0.6125,0.9375,0.62643055053608,0.8275862068965517,120.0
344,12016,0.375,0.9375,0.62643055053608,0.8275862068965517,120.0
345,14032,0.875,0.9375,0.62643055053608,0.8275862068965517,120.0
346,10632,0.1125,0.9375,0.62643055053608,0.8275862068965517,120.0
347,13024,0.625,0.9375,0.62643055053608,0.8275862068965517,120.0
348,11005,0.125,0.9375,0.6508384531984098,0.6896551724137931,119.99999999999999
349,12017,0.375,0.934375,0.62643055053608,0.6896551724137931,119.99999999999999
350,14029,0.875,0.9375,0.6508384531984098,0.6896551724137931,119.99999999999999
351,10631,0.1125,0.9375,0.6508384531984098,0.6896551724137931,119.99999999999999
352,12627,0.6125,0.903125,0.62643055053608,1.0,119.99999999999997
353,14204,0.875,0.684375,0.6508384531984098,1.0,119.8910081743869
354,11026,0.125,0.903125,0.62643055053608,1.0,119.67302452316073
355,13025,0.625,0.934375,0.62643055053608,0.6896551724137931,119.33333333333331
356,13484,0.8625,0.684375,0.62643055053608,0.6206896551724137,119.16666666666664
357,10611,0.1125,0.903125,0.62643055053608,1.0,119.10626702997273
358,12020,0.375,0.934375,0.65293579086857,0.6206896551724137,118.33333333333331
359,12185,0.375,0.684375,0.62643055053608,0.6206896551724137,117.49999999999999
360,13652,0.8625,0.934375,0.62643055053608,0.6896551724137931,117.33333333333331
361,10460,0.1125,0.684375,0.62643055053608,0.0,116.99999999999999
362,22246,0.12499999999999992,0.77128125,0.9860257800265027,1.0,116.73024523160761
363,11639,0.3625,0.9375,0.6508384531984098,0.13793103448275862,116.66666666666667
364,13655,0.8625,0.9375,0.6508384531984098,0.13793103448275862,116.66666666666667
365,13652,0.8625,0.934375,0.62643055053608,0.13793103448275862,116.66666666666667
366,12644,0.6125,0.934375,0.62643055053608,0.13793103448275862,116.66666666666667
367,14029,0.875,0.9375,0.6508384531984098,0.13793103448275862,116.66666666666667
368,13025,0.625,0.934375,0.62643055053608,0.13793103448275862,116.66666666666667
369,13021,0.625,0.9375,0.6508384531984098,0.13793103448275862,116.66666666666667
370,13193,0.625,0.684375,0.62643055053608,0.6206896551724137,116.66666666666664
371,10460,0.1125,0.684375,0.62643055053608,0.6206896551724137,116.66666666666664
372,13028,0.625,0.934375,0.65293579086857,0.6206896551724137,116.66666666666664
373,11632,0.3625,0.934375,0.65293579086857,1.0,116.55585831062668
374,12644,0.6125,0.934375,0.62643055053608,0.6896551724137931,115.99999999999999
375,24194,0.125,0.8275,0.9975906517287073,0.27586206896551724,115.83333333333331
376,10624,0.1125,0.934375,0.65293579086857,0.6206896551724137,115.83333333333331
377,10467,0.1125,0.69659375,0.7551740754126008,1.0,115.53133514986374
378,20992,0.375,0.7618750000000001,0.9661366100469823,1.0,115.31335149863757
379,11008,0.125,0.9375,0.62643055053608,0.8275862068965517,115.0
380,11012,0.125,0.934375,0.65293579086857,0.6206896551724137,114.99999999999999
381,10624,0.1125,0.934375,0.65293579086857,0.0,114.99999999999999
382,13191,0.625,0.6875,0.7059462715335502,1.0,114.76839237057219
383,12183,0.375,0.6875,0.7059462715335502,1.0,114.22343324250679
384,13648,0.8625,0.934375,0.65293579086857,0.6206896551724137,114.16666666666664
385,14201,0.875,0.684375,0.62643055053608,0.6206896551724137,114.16666666666664
386,23613,0.375,0.79315625,0.9972172027466569,1.0,114.11444141689371
387,11175,0.125,0.6875,0.7059462715335502,1.0,114.11444141689371
388,11169,0.125,0.69659375,0.7551740754126008,1.0,114.00544959128064
389,12020,0.375,0.934375,0.65293579086857,0.0,113.99999999999999
390,11469,0.3625,0.6875,0.7059462715335502,1.0,113.89645776566755
391,11636,0.3625,0.934375,0.62643055053608,0.6896551724137931,113.33333333333331
392,11009,0.125,0.934375,0.62643055053608,0.6896551724137931,113.33333333333331
393,14036,0.875,0.934375,0.65293579086857,0.9655172413793103,113.33333333333331
394,11632,0.3625,0.934375,0.65293579086857,0.6206896551724137,113.33333333333331
395,12640,0.6125,0.934375,0.65293579086857,0.6206896551724137,113.33333333333331
396,10456,0.1125,0.684375,0.6508384531984098,0.27586206896551724,113.33333333333331
397,20938,0.3625,0.7618750000000001,0.9661366100469823,0.6206896551724137,113.33333333333331
398,10611,0.1125,0.903125,0.62643055053608,0.27586206896551724,113.33333333333331
399,10557,0.1125,0.82659375,0.8773762197325623,1.0,113.23160762942777
400,11177,0.125,0.684375,0.62643055053608,0.0,112.99999999999999
401,12477,0.6125,0.6875,0.7059462715335502,1.0,112.80653950953676
402,10461,0.1125,0.6875,0.7059462715335502,1.0,112.5885558583106
403,11177,0.125,0.684375,0.62643055053608,0.6206896551724137,112.49999999999999
404,14036,0.875,0.934375,0.65293579086857,0.0,111.99999999999999
405,22238,0.3625,0.7837500000000001,0.9813155041561258,1.0,111.71662125340598
406,12483,0.6125,0.69659375,0.7551740754126008,1.0,111.60762942779289
407,11619,0.3625,0.903125,0.62643055053608,1.0,111.48773841961851
408,11475,0.3625,0.69659375,0.7551740754126008,1.0,111.38964577656674
409,13185,0.625,0.69659375,0.7551740754126008,1.0,111.28065395095366
410,11632,0.3625,0.934375,0.65293579086857,0.0,110.99999999999999
411,13491,0.8625,0.69659375,0.7551740754126008,1.0,110.84468664850134
412,12021,0.375,0.934375,0.7324515118660402,1.0,110.79019073569481
413,12177,0.375,0.69659375,0.7551740754126008,1.0,110.5177111716621
414,13029,0.625,0.934375,0.7324515118660402,1.0,110.14713896457764
415,13655,0.8625,0.9375,0.6508384531984098,0.8275862068965517,110.0
416,13652,0.8625,0.934375,0.62643055053608,0.8275862068965517,110.0
417,12644,0.6125,0.934375,0.62643055053608,0.8275862068965517,110.0
418,12647,0.6125,0.9375,0.6508384531984098,0.8275862068965517,110.0
419,11009,0.125,0.934375,0.62643055053608,0.8275862068965517,110.0
420,12017,0.375,0.934375,0.62643055053608,0.8275862068965517,110.0
421,14033,0.875,0.934375,0.62643055053608,0.8275862068965517,110.0
422,12013,0.375,0.9375,0.6508384531984098,0.8275862068965517,110.0
423,13025,0.625,0.934375,0.62643055053608,0.8275862068965517,110.0
424,13021,0.625,0.9375,0.6508384531984098,0.8275862068965517,110.0
425,12020,0.375,0.934375,0.65293579086857,0.9655172413793103,109.99999999999999
426,13028,0.625,0.934375,0.65293579086857,0.9655172413793103,109.99999999999999
427,11012,0.125,0.934375,0.65293579086857,0.0,109.99999999999999
428,21005,0.6125,0.7618750000000001,0.9661366100469823,1.0,109.53678474114439
429,12446,0.6125,0.756,0.9729671123960967,1.0,109.42779291553131
430,14199,0.875,0.6875,0.7059462715335502,1.0,109.31880108991824
431,7736,0.375,0.44396874999999997,0.930333694735574,1.0,109.05656675749317
432,12476,0.6125,0.684375,0.62643055053608,0.0,108.99999999999999
433,11468,0.3625,0.684375,0.62643055053608,0.0,108.99999999999999
434,13028,0.625,0.934375,0.65293579086857,0.0,108.99999999999999
435,13485,0.8625,0.6875,0.7059462715335502,1.0,108.55585831062668
436,12472,0.6125,0.684375,0.6508384531984098,0.27586206896551724,108.33333333333331
437,11464,0.3625,0.684375,0.6508384531984098,0.27586206896551724,108.33333333333331
438,11180,0.125,0.684375,0.6508384531984098,0.27586206896551724,108.33333333333331
439,14055,0.875,0.903125,0.655524635586074,1.0,108.19618528610351
440,13648,0.8625,0.934375,0.65293579086857,0.9655172413793103,107.99999999999999
441,11012,0.125,0.934375,0.65293579086857,0.9655172413793103,107.99999999999999
442,11820,0.3625,0.79634375,0.9860498735092157,1.0,107.90190735694821
443,22864,0.3625,0.8369375,0.9818817009998795,0.6206896551724137,107.83333333333331
444,12018,0.375,0.934375,0.7059462715335502,0.3448275862068966,107.69230769230768
445,11010,0.125,0.934375,0.7059462715335502,0.3448275862068966,107.69230769230768
446,13026,0.625,0.934375,0.7059462715335502,0.3448275862068966,107.69230769230768
447,14048,0.875,0.90625,0.7671364895795687,1.0,107.65122615803813
448,24259,0.375,0.8275,0.9975906517287073,0.27586206896551724,107.49999999999999
449,14193,0.875,0.69659375,0.7551740754126008,1.0,107.46594005449589
450,12476,0.6125,0.684375,0.62643055053608,0.9655172413793103,107.33333333333331
451,12640,0.6125,0.934375,0.65293579086857,0.9655172413793103,107.33333333333331
452,11468,0.3625,0.684375,0.62643055053608,0.9655172413793103,107.33333333333331
453,12643,0.6125,0.934375,0.7324515118660402,1.0,107.13896457765665
454,13484,0.8625,0.684375,0.62643055053608,0.0,106.99999999999999
455,12476,0.6125,0.684375,0.62643055053608,0.3448275862068966,106.9230769230769
456,12642,0.6125,0.934375,0.7059462715335502,0.3448275862068966,106.9230769230769
457,11468,0.3625,0.684375,0.62643055053608,0.3448275862068966,106.9230769230769
458,10628,0.1125,0.934375,0.62643055053608,0.6896551724137931,106.66666666666666
459,11298,0.125,0.82128125,0.9870015660763762,1.0,106.48501362397818
460,13484,0.8625,0.684375,0.62643055053608,0.3448275862068966,106.15384615384613
461,11634,0.3625,0.934375,0.7059462715335502,0.3448275862068966,106.15384615384613
462,11635,0.3625,0.934375,0.7324515118660402,1.0,106.09264305177109
463,13484,0.8625,0.684375,0.62643055053608,0.9655172413793103,105.99999999999999
464,10624,0.1125,0.934375,0.65293579086857,0.9655172413793103,105.99999999999999
465,13648,0.8625,0.934375,0.65293579086857,0.0,105.99999999999999
466,12640,0.6125,0.934375,0.65293579086857,0.0,105.99999999999999
467,12185,0.375,0.684375,0.62643055053608,0.0,105.99999999999999
468,13480,0.8625,0.684375,0.6508384531984098,0.27586206896551724,105.83333333333331
469,10352,0.1125,0.85690625,0.96883508011083,0.27586206896551724,105.83333333333331
470,12435,0.6125,0.8368125,0.9940850499939766,1.0,105.8310626702997
471,13650,0.8625,0.934375,0.7059462715335502,0.3448275862068966,105.38461538461537
472,11636,0.3625,0.934375,0.62643055053608,0.8275862068965517,105.0
473,11005,0.125,0.9375,0.6508384531984098,0.8275862068965517,105.0
474,14029,0.875,0.9375,0.6508384531984098,0.8275862068965517,105.0
475,10631,0.1125,0.9375,0.6508384531984098,0.8275862068965517,105.0
476,11619,0.3625,0.903125,0.62643055053608,0.27586206896551724,104.99999999999999
477,14050,0.875,0.903125,0.62643055053608,0.27586206896551724,104.99999999999999
478,12185,0.375,0.684375,0.62643055053608,0.9655172413793103,104.66666666666666
479,14034,0.875,0.934375,0.7059462715335502,0.3448275862068966,104.6153846153846
480,10626,0.1125,0.934375,0.7059462715335502,0.3448275862068966,104.6153846153846
481,12185,0.375,0.684375,0.62643055053608,0.3448275862068966,104.6153846153846
482,12039,0.375,0.903125,0.655524635586074,1.0,104.61035422343322
483,11013,0.125,0.934375,0.7324515118660402,0.27586206896551724,104.16666666666666
484,13193,0.625,0.684375,0.62643055053608,0.9655172413793103,103.99999999999999
485,13193,0.625,0.684375,0.62643055053608,0.0,103.99999999999999
486,13193,0.625,0.684375,0.62643055053608,0.3448275862068966,103.84615384615383
487,11620,0.3625,0.90625,0.7671364895795687,1.0,103.77111716621252
488,12621,0.6125,0.903125,0.655524635586074,1.0,103.48773841961851
489,13656,0.8625,0.9375,0.62643055053608,1.0,103.36784741144412
490,10460,0.1125,0.684375,0.62643055053608,0.9655172413793103,103.33333333333331
491,11026,0.125,0.903125,0.62643055053608,0.27586206896551724,103.33333333333331
492,12188,0.375,0.684375,0.6508384531984098,0.27586206896551724,103.33333333333331
493,11271,0.125,0.8883125,0.9325864353692326,1.0,103.23705722070842
494,13629,0.8625,0.903125,0.655524635586074,1.0,103.21525885558582
495,10460,0.1125,0.684375,0.62643055053608,0.3448275862068966,103.07692307692307
496,10605,0.1125,0.903125,0.655524635586074,1.0,103.04087193460488
497,23512,0.125,0.805625,0.9877002770750511,1.0,102.99727520435965
498,12018,0.375,0.934375,0.7059462715335502,0.48275862068965514,102.94117647058823
499,13026,0.625,0.934375,0.7059462715335502,0.48275862068965514,102.94117647058823
500,11427,0.3625,0.8368125,0.9940850499939766,1.0,102.67029972752042
501,11632,0.3625,0.934375,0.65293579086857,0.9655172413793103,102.66666666666666
502,12021,0.375,0.934375,0.7324515118660402,0.27586206896551724,102.49999999999999
503,11169,0.125,0.69659375,0.7551740754126008,0.27586206896551724,102.49999999999999
504,11634,0.3625,0.934375,0.7059462715335502,0.48275862068965514,102.3529411764706
505,11010,0.125,0.934375,0.7059462715335502,0.48275862068965514,102.3529411764706
506,14201,0.875,0.684375,0.62643055053608,0.3448275862068966,102.30769230769229
507,22225,0.3625,0.786875,0.9827611131189014,1.0,102.12534059945501
508,14201,0.875,0.684375,0.62643055053608,0.9655172413793103,101.99999999999999
509,10612,0.1125,0.90625,0.7671364895795687,1.0,101.89645776566755
510,12642,0.6125,0.934375,0.7059462715335502,0.48275862068965514,101.76470588235294
511,13196,0.625,0.684375,0.6508384531984098,0.27586206896551724,101.66666666666666
512,10467,0.1125,0.69659375,0.7551740754126008,0.27586206896551724,101.66666666666666
513,12034,0.375,0.903125,0.62643055053608,0.27586206896551724,101.66666666666666
514,13042,0.625,0.903125,0.62643055053608,0.27586206896551724,101.66666666666666
515,13029,0.625,0.934375,0.7324515118660402,0.27586206896551724,101.66666666666666
516,12168,0.375,0.715625,0.62643055053608,1.0,101.25340599455039
517,13650,0.8625,0.934375,0.7059462715335502,0.48275862068965514,101.17647058823529
518,11613,0.3625,0.903125,0.655524635586074,1.0,101.1226158038147
519,24194,0.125,0.8275,0.9975906517287073,0.0,100.99999999999999
520,14201,0.875,0.684375,0.62643055053608,0.0,100.99999999999999
521,12627,0.6125,0.903125,0.62643055053608,0.27586206896551724,100.83333333333331
522,13635,0.8625,0.903125,0.62643055053608,0.27586206896551724,100.83333333333331
523,10627,0.1125,0.934375,0.7324515118660402,0.27586206896551724,100.83333333333331
524,11814,0.3625,0.78125,0.9501746777496686,1.0,100.67574931880107
525,24259,0.375,0.8275,0.9975906517287073,0.9655172413793103,100.66666666666666
526,10626,0.1125,0.934375,0.7059462715335502,0.48275862068965514,100.58823529411765
527,13040,0.625,0.90625,0.7671364895795687,1.0,100.54495912806537
528,11031,0.125,0.903125,0.655524635586074,1.0,100.1634877384196
529,10628,0.1125,0.934375,0.62643055053608,0.8275862068965517,100.0
530,11010,0.125,0.934375,0.7059462715335502,0.13793103448275862,100.0
531,10626,0.1125,0.934375,0.7059462715335502,0.13793103448275862,100.0
532,14034,0.875,0.934375,0.7059462715335502,0.48275862068965514,100.0
533,12018,0.375,0.934375,0.7059462715335502,0.6896551724137931,99.99999999999999
534,13026,0.625,0.934375,0.7059462715335502,0.6896551724137931,99.99999999999999
535,11177,0.125,0.684375,0.62643055053608,0.3448275862068966,99.99999999999999
536,11635,0.3625,0.934375,0.7324515118660402,0.27586206896551724,99.99999999999999
537,12643,0.6125,0.934375,0.7324515118660402,0.27586206896551724,99.99999999999999
538,20938,0.3625,0.7618750000000001,0.9661366100469823,0.3448275862068966,99.9230769230769
539,10411,0.1125,0.89396875,0.9368871220334899,1.0,99.83651226158037
540,11212,0.125,0.8294374999999998,0.9969883146608842,1.0,99.72752043596728
541,23534,0.3625,0.805625,0.9877002770750511,0.6206896551724137,99.49999999999999
542,11634,0.3625,0.934375,0.7059462715335502,0.6896551724137931,99.33333333333331
543,24259,0.375,0.8275,0.9975906517287073,0.6206896551724137,99.33333333333331
544,13651,0.8625,0.934375,0.7324515118660402,0.27586206896551724,99.16666666666666
545,14204,0.875,0.684375,0.6508384531984098,0.27586206896551724,99.16666666666666
546,10351,0.1125,0.8503437500000001,0.9739549451873267,0.27586206896551724,99.16666666666666
547,14037,0.875,0.934375,0.7324515118660402,0.27586206896551724,99.16666666666666
548,12628,0.6125,0.90625,0.7671364895795687,1.0,98.89918256130788
549,11177,0.125,0.684375,0.62643055053608,0.9655172413793103,98.66666666666666
550,11175,0.125,0.6875,0.7059462715335502,0.27586206896551724,98.33333333333331
551,22877,0.12499999999999992,0.83690625,0.9819057944825923,1.0,97.98365122615802
552,13047,0.625,0.903125,0.655524635586074,1.0,97.9193460490463
553,22319,0.375,0.77128125,0.9860257800265027,0.6206896551724137,97.91666666666666
554,11426,0.3625,0.844125,0.9902300927599084,1.0,97.65667574931878
555,23520,0.12499999999999992,0.79315625,0.9851222744247681,1.0,97.65667574931878
556,24165,0.12500000000000003,0.8275,0.9855077701481749,1.0,97.5476839237057
557,22322,0.375,0.7837500000000001,0.9934586194434405,1.0,97.5476839237057
558,12472,0.6125,0.684375,0.6508384531984098,0.6206896551724137,97.49999999999999
559,11464,0.3625,0.684375,0.6508384531984098,0.6206896551724137,97.49999999999999
560,23534,0.3625,0.805625,0.9877002770750511,0.27586206896551724,97.49999999999999
561,12493,0.6125,0.715625,0.62643055053608,1.0,97.22070844686647
562,12798,0.6125,0.7584375,0.9629442235875195,1.0,97.0027247956403
563,23535,0.3625,0.7931874999999999,0.9851343211661244,0.6206896551724137,96.99999999999999
564,12294,0.375,0.8634375000000001,0.9629442235875195,1.0,96.78474114441416
565,13176,0.625,0.715625,0.62643055053608,1.0,96.67574931880107
566,14034,0.875,0.934375,0.7059462715335502,0.6896551724137931,96.66666666666666
567,10461,0.1125,0.6875,0.7059462715335502,0.27586206896551724,96.66666666666666
568,22864,0.3625,0.8369375,0.9818817009998795,0.27586206896551724,96.66666666666666
569,23512,0.125,0.805625,0.9877002770750511,0.27586206896551724,96.66666666666666
570,22950,0.6125,0.8369375,0.9818817009998795,0.6206896551724137,96.33333333333331
571,20916,0.125,0.7618750000000001,0.9661366100469823,1.0,96.23978201634876
572,11485,0.3625,0.715625,0.62643055053608,1.0,96.23978201634876
573,12476,0.6125,0.684375,0.62643055053608,0.6896551724137931,95.99999999999999
574,11468,0.3625,0.684375,0.62643055053608,0.6896551724137931,95.99999999999999
575,14050,0.875,0.903125,0.62643055053608,0.6206896551724137,95.83333333333331
576,13480,0.8625,0.684375,0.6508384531984098,0.6206896551724137,94.99999999999999
577,10629,0.1125,0.9375,0.6996542585230695,0.27586206896551724,94.99999999999999
578,11213,0.125,0.82203125,0.9989157932779182,0.27586206896551724,94.99999999999999
579,10456,0.1125,0.684375,0.6508384531984098,0.0,94.99999999999999
580,10611,0.1125,0.903125,0.62643055053608,0.0,94.99999999999999
581,10477,0.1125,0.715625,0.62643055053608,1.0,94.9318801089918
582,24164,0.12499999999999992,0.81503125,0.9878086977472593,1.0,94.82288828337873
583,12224,0.375,0.79984375,0.9989157932779182,1.0,94.82288828337873
584,22249,0.125,0.7837500000000001,0.9934586194434405,1.0,94.4959128065395
585,13650,0.8625,0.934375,0.7059462715335502,0.13793103448275862,94.44444444444444
586,22891,0.3625,0.83378125,0.9953860980604745,1.0,94.3869209809264
587,13196,0.625,0.684375,0.6508384531984098,0.6206896551724137,94.16666666666666
588,10605,0.1125,0.903125,0.655524635586074,0.27586206896551724,94.16666666666666
589,12188,0.375,0.684375,0.6508384531984098,0.6206896551724137,94.16666666666666
590,12183,0.375,0.6875,0.7059462715335502,0.27586206896551724,94.16666666666666
591,13484,0.8625,0.684375,0.62643055053608,0.6896551724137931,93.99999999999999
592,11010,0.125,0.934375,0.7059462715335502,0.6896551724137931,93.99999999999999
593,12185,0.375,0.684375,0.62643055053608,0.6896551724137931,93.99999999999999
594,20916,0.125,0.7618750000000001,0.9661366100469823,0.0,93.99999999999999
595,23542,0.3625,0.805625,0.9997470184315143,1.0,93.84196185286102
596,22208,0.3328375,0.77009375,0.9729189254306709,1.0,93.73297002724794
597,22314,0.375,0.76815625,0.9714251295024696,1.0,93.62397820163486
598,13650,0.8625,0.934375,0.7059462715335502,0.6896551724137931,93.33333333333333
599,12642,0.6125,0.934375,0.7059462715335502,0.6896551724137931,93.33333333333333
600,12477,0.6125,0.6875,0.7059462715335502,0.27586206896551724,93.33333333333331
601,13191,0.625,0.6875,0.7059462715335502,0.27586206896551724,93.33333333333331
602,12034,0.375,0.903125,0.62643055053608,0.6206896551724137,93.33333333333331
603,10456,0.1125,0.684375,0.6508384531984098,0.6206896551724137,93.33333333333331
604,11469,0.3625,0.6875,0.7059462715335502,0.27586206896551724,93.33333333333331
605,10611,0.1125,0.903125,0.62643055053608,0.6206896551724137,93.33333333333331
606,14184,0.875,0.715625,0.62643055053608,1.0,93.29700272479562
607,24166,0.14872749999999998,0.8259375,0.9859414528370076,1.0,92.8610354223433
608,13193,0.625,0.684375,0.62643055053608,0.6896551724137931,92.66666666666666
609,11005,0.125,0.9375,0.6508384531984098,1.0,92.56675749318799
610,13501,0.8625,0.715625,0.62643055053608,1.0,92.53405994550407
611,11619,0.3625,0.903125,0.62643055053608,0.6206896551724137,92.49999999999999
612,12627,0.6125,0.903125,0.62643055053608,0.6206896551724137,92.49999999999999
613,13635,0.8625,0.903125,0.62643055053608,0.6206896551724137,92.49999999999999
614,12021,0.375,0.934375,0.7324515118660402,0.6206896551724137,92.49999999999999
615,14031,0.875,0.9375,0.6996542585230695,0.27586206896551724,92.49999999999999
616,13042,0.625,0.903125,0.62643055053608,0.6206896551724137,92.49999999999999
617,10830,0.125,0.78125,0.9501746777496686,1.0,92.425068119891
618,22238,0.3625,0.7837500000000001,0.9813155041561258,0.6206896551724137,92.41666666666666
619,23536,0.33882500000000004,0.79475,0.9856161908203831,1.0,92.20708446866483
620,10626,0.1125,0.934375,0.7059462715335502,0.6896551724137931,91.99999999999999
621,10352,0.1125,0.85690625,0.96883508011083,0.0,91.99999999999999
622,11180,0.125,0.684375,0.6508384531984098,0.0,91.99999999999999
623,24156,0.3625,0.8306250000000001,0.9844837971328756,1.0,91.98910081743867
624,14204,0.875,0.684375,0.6508384531984098,0.6206896551724137,91.66666666666666
625,20916,0.125,0.7618750000000001,0.9661366100469823,0.27586206896551724,91.66666666666666
626,12177,0.375,0.69659375,0.7551740754126008,0.27586206896551724,91.66666666666666
627,13029,0.625,0.934375,0.7324515118660402,0.6206896551724137,91.66666666666666
628,11221,0.125,0.7631875,0.9796651005902903,0.27586206896551724,91.66666666666666
629,22949,0.6125,0.849375,0.9746536561860017,1.0,91.3351498637602
630,14201,0.875,0.684375,0.62643055053608,0.6896551724137931,91.33333333333333
631,11160,0.125,0.715625,0.62643055053608,1.0,91.22615803814712
632,10468,0.1125,0.70125,0.7658836284784966,1.0,91.11716621253404
633,11821,0.3625,0.8028437499999999,0.9873750150584266,1.0,91.00817438692096
634,20949,0.125,0.7618750000000001,0.9785086134200698,0.0,90.99999999999999
635,23512,0.125,0.805625,0.9877002770750511,0.0,90.99999999999999
636,11637,0.3625,0.9375,0.6996542585230695,0.27586206896551724,90.83333333333331
637,11635,0.3625,0.934375,0.7324515118660402,0.6206896551724137,90.83333333333331
638,13653,0.8625,0.9375,0.6996542585230695,0.27586206896551724,90.83333333333331
639,12643,0.6125,0.934375,0.7324515118660402,0.6206896551724137,90.83333333333331
640,20949,0.125,0.7618750000000001,0.9785086134200698,0.27586206896551724,90.83333333333331
641,11013,0.125,0.934375,0.7324515118660402,0.6206896551724137,90.83333333333331
642,20949,0.125,0.7618750000000001,0.9785086134200698,1.0,90.68119891008173
643,23612,0.375,0.805625,0.9997470184315143,1.0,90.68119891008173
644,10460,0.1125,0.684375,0.62643055053608,0.6896551724137931,90.66666666666666
645,12306,0.375,0.82128125,0.9870015660763762,0.6206896551724137,90.49999999999999
646,22224,0.12499999999999992,0.77128125,0.9737742440669798,1.0,90.3542234332425
647,13636,0.8625,0.90625,0.7671364895795687,1.0,90.13623978201633
648,13442,0.8625,0.844125,0.9902300927599084,1.0,90.13623978201633
649,23540,0.12499999999999992,0.79315625,0.9972172027466569,1.0,90.13623978201633
650,22864,0.3625,0.8369375,0.9818817009998795,0.9655172413793103,89.99999999999999
651,13485,0.8625,0.6875,0.7059462715335502,0.27586206896551724,89.99999999999999
652,13491,0.8625,0.69659375,0.7551740754126008,0.27586206896551724,89.99999999999999
653,14199,0.875,0.6875,0.7059462715335502,0.27586206896551724,89.99999999999999
654,11475,0.3625,0.69659375,0.7551740754126008,0.27586206896551724,89.99999999999999
655,11007,0.125,0.9375,0.6996542585230695,0.27586206896551724,89.99999999999999
656,12015,0.375,0.9375,0.6996542585230695,0.27586206896551724,89.99999999999999
657,14037,0.875,0.934375,0.7324515118660402,0.6206896551724137,89.99999999999999
658,10612,0.1125,0.90625,0.7671364895795687,0.27586206896551724,89.99999999999999
659,11180,0.125,0.684375,0.6508384531984098,0.6206896551724137,89.99999999999999
660,10420,0.1125,0.8294374999999998,0.9969883146608842,1.0,89.70027247956402
661,22966,0.375,0.83378125,0.9953860980604745,1.0,89.70027247956402
662,24169,0.3625,0.8150625,0.9877966510059029,1.0,89.37329700272478
663,13651,0.8625,0.934375,0.7324515118660402,0.6206896551724137,89.16666666666666
664,13185,0.625,0.69659375,0.7551740754126008,0.27586206896551724,89.16666666666666
665,12645,0.6125,0.9375,0.6996542585230695,0.27586206896551724,89.16666666666666
666,11024,0.125,0.90625,0.7671364895795687,0.27586206896551724,89.16666666666666
667,11026,0.125,0.903125,0.62643055053608,0.6206896551724137,89.16666666666666
668,22965,0.375,0.83690625,0.9940368630285508,0.27586206896551724,89.16666666666666
669,13023,0.625,0.9375,0.6996542585230695,0.27586206896551724,89.16666666666666
670,11216,0.125,0.79984375,0.9989157932779182,0.27586206896551724,89.16666666666666
671,12472,0.6125,0.684375,0.6508384531984098,0.0,88.99999999999999
672,11464,0.3625,0.684375,0.6508384531984098,0.0,88.99999999999999
673,10329,0.1125,0.83165625,0.8878448379713287,1.0,88.94822888283377
674,12646,0.6125,0.9375,0.6752463558607397,1.0,88.89373297002723
675,11634,0.3625,0.934375,0.7059462715335502,0.13793103448275862,88.88888888888889
676,12642,0.6125,0.934375,0.7059462715335502,0.13793103448275862,88.88888888888889
677,12018,0.375,0.934375,0.7059462715335502,0.13793103448275862,88.88888888888889
678,14034,0.875,0.934375,0.7059462715335502,0.13793103448275862,88.88888888888889
679,13026,0.625,0.934375,0.7059462715335502,0.13793103448275862,88.88888888888889
680,22313,0.40466250000000004,0.77009375,0.9729189254306709,1.0,88.82833787465938
681,11177,0.125,0.684375,0.62643055053608,0.6896551724137931,88.66666666666666
682,11170,0.125,0.70125,0.7658836284784966,1.0,88.61035422343322
683,20992,0.375,0.7618750000000001,0.9661366100469823,0.6206896551724137,88.33333333333331
684,12483,0.6125,0.69659375,0.7551740754126008,0.27586206896551724,88.33333333333331
685,10627,0.1125,0.934375,0.7324515118660402,0.6206896551724137,88.33333333333331
686,13484,0.8625,0.684375,0.62643055053608,0.48275862068965514,88.23529411764706
687,20373,0.375,0.88065625,0.9560293940489097,1.0,88.06539509536783
688,12472,0.6125,0.684375,0.6508384531984098,0.9655172413793103,87.99999999999999
689,11464,0.3625,0.684375,0.6508384531984098,0.9655172413793103,87.99999999999999
690,10467,0.1125,0.69659375,0.7551740754126008,0.0,87.99999999999999
691,11169,0.125,0.69659375,0.7551740754126008,0.0,87.99999999999999
692,12476,0.6125,0.684375,0.62643055053608,0.48275862068965514,87.6470588235294
693,21005,0.6125,0.7618750000000001,0.9661366100469823,0.6206896551724137,87.58333333333331
694,22246,0.12499999999999992,0.77128125,0.9860257800265027,0.27586206896551724,87.49999999999999
695,11217,0.125,0.7924375,0.9969883146608842,0.27586206896551724,87.49999999999999
696,11468,0.3625,0.684375,0.62643055053608,0.48275862068965514,87.05882352941177
697,13480,0.8625,0.684375,0.6508384531984098,0.0,86.99999999999999
698,11619,0.3625,0.903125,0.62643055053608,0.0,86.99999999999999
699,11013,0.125,0.934375,0.7324515118660402,0.0,86.99999999999999
700,14050,0.875,0.903125,0.62643055053608,0.0,86.99999999999999
701,10351,0.1125,0.8503437500000001,0.9739549451873267,0.0,86.99999999999999
702,11625,0.3625,0.90625,0.62643055053608,1.0,86.88828337874658
703,11438,0.3625,0.756,0.9729671123960967,1.0,86.86648501362396
704,11211,0.125,0.8368125,0.9940850499939766,0.27586206896551724,86.66666666666666
705,11814,0.3625,0.78125,0.9501746777496686,0.27586206896551724,86.66666666666666
706,12032,0.375,0.90625,0.7671364895795687,0.27586206896551724,86.66666666666666
707,14193,0.875,0.69659375,0.7551740754126008,0.27586206896551724,86.66666666666666
708,21025,0.375,0.765,0.981195036742561,1.0,86.64850136239781
709,12173,0.375,0.715625,0.6545717383447777,1.0,86.64850136239781
710,24333,0.625,0.8275,0.9975906517287073,1.0,86.64850136239781
711,12446,0.6125,0.756,0.9729671123960967,0.6206896551724137,86.16666666666666
712,12472,0.6125,0.684375,0.6508384531984098,0.3448275862068966,86.15384615384615
713,11464,0.3625,0.684375,0.6508384531984098,0.3448275862068966,86.15384615384615
714,11638,0.3625,0.9375,0.6752463558607397,1.0,86.10354223433241
715,20957,0.3625,0.765,0.981195036742561,1.0,86.10354223433241
716,20938,0.3625,0.7618750000000001,0.9661366100469823,0.48275862068965514,86.0
717,13480,0.8625,0.684375,0.6508384531984098,0.9655172413793103,85.99999999999999
718,24259,0.375,0.8275,0.9975906517287073,0.0,85.99999999999999
719,12188,0.375,0.684375,0.6508384531984098,0.0,85.99999999999999
720,11613,0.3625,0.903125,0.655524635586074,0.27586206896551724,85.83333333333331
721,14055,0.875,0.903125,0.655524635586074,0.27586206896551724,85.83333333333331
722,12183,0.375,0.6875,0.7059462715335502,0.6206896551724137,85.83333333333331
723,11212,0.125,0.8294374999999998,0.9969883146608842,0.27586206896551724,85.83333333333331
724,12376,0.6125,0.84375,0.978279725334297,1.0,85.77656675749317
725,11433,0.3625,0.7924375,0.9969883146608842,1.0,85.6675749318801
726,12433,0.6125,0.8514375,0.9854234429586796,1.0,85.6675749318801
727,22216,0.12499999999999996,0.7837500000000001,0.9813155041561258,0.6206896551724137,85.58333333333331
728,10558,0.1125,0.833625,0.8749909649439825,1.0,85.55858310626701
729,23613,0.375,0.79315625,0.9972172027466569,0.6206896551724137,85.41666666666666
730,13641,0.8625,0.90625,0.62643055053608,1.0,85.34059945504086
731,13196,0.625,0.684375,0.6508384531984098,0.9655172413793103,85.33333333333333
732,14050,0.875,0.903125,0.62643055053608,0.9655172413793103,85.33333333333333
733,12484,0.6125,0.70125,0.7658836284784966,1.0,85.23160762942777
734,13186,0.625,0.70125,0.7658836284784966,1.0,85.01362397820162
735,11634,0.3625,0.934375,0.7059462715335502,0.8275862068965517,85.0
736,13650,0.8625,0.934375,0.7059462715335502,0.8275862068965517,85.0
737,12018,0.375,0.934375,0.7059462715335502,0.8275862068965517,85.0
738,14034,0.875,0.934375,0.7059462715335502,0.8275862068965517,85.0
739,13026,0.625,0.934375,0.7059462715335502,0.8275862068965517,85.0
740,13191,0.625,0.6875,0.7059462715335502,0.6206896551724137,84.99999999999999
741,13636,0.8625,0.90625,0.7671364895795687,0.27586206896551724,84.99999999999999
742,20950,0.125,0.765,0.981195036742561,0.27586206896551724,84.99999999999999
743,22877,0.12499999999999992,0.83690625,0.9819057944825923,0.27586206896551724,84.99999999999999
744,11427,0.3625,0.8368125,0.9940850499939766,0.27586206896551724,84.99999999999999
745,11031,0.125,0.903125,0.655524635586074,0.27586206896551724,84.99999999999999
746,13196,0.625,0.684375,0.6508384531984098,0.0,84.99999999999999
747,22864,0.3625,0.8369375,0.9818817009998795,0.0,84.99999999999999
748,11221,0.125,0.7631875,0.9796651005902903,0.0,84.99999999999999
749,11025,0.125,0.90625,0.62643055053608,1.0,84.79564032697546
750,12185,0.375,0.684375,0.62643055053608,0.48275862068965514,84.70588235294117
751,11476,0.3625,0.70125,0.7658836284784966,1.0,84.68664850136238
752,24257,0.404725,0.8286562499999999,0.9851343211661244,1.0,84.68664850136238
753,12034,0.375,0.903125,0.62643055053608,0.9655172413793103,84.66666666666666
754,12188,0.375,0.684375,0.6508384531984098,0.9655172413793103,84.66666666666666
755,13480,0.8625,0.684375,0.6508384531984098,0.3448275862068966,84.6153846153846
756,12188,0.375,0.684375,0.6508384531984098,0.3448275862068966,84.6153846153846
757,22877,0.12499999999999992,0.83690625,0.9819057944825923,0.6206896551724137,84.58333333333331
758,12359,0.6125,0.840625,0.9800385495723407,1.0,84.5776566757493
759,22319,0.375,0.77128125,0.9860257800265027,0.3448275862068966,84.38461538461537
760,12033,0.375,0.90625,0.62643055053608,1.0,84.23978201634876
761,11620,0.3625,0.90625,0.7671364895795687,0.27586206896551724,84.16666666666666
762,12477,0.6125,0.6875,0.7059462715335502,0.6206896551724137,84.16666666666666
763,22216,0.12499999999999996,0.7837500000000001,0.9813155041561258,0.27586206896551724,84.16666666666666
764,12039,0.375,0.903125,0.655524635586074,0.27586206896551724,84.16666666666666
765,11469,0.3625,0.6875,0.7059462715335502,0.6206896551724137,84.16666666666666
766,14048,0.875,0.90625,0.7671364895795687,0.27586206896551724,84.16666666666666
767,11429,0.3625,0.82203125,0.9989157932779182,0.27586206896551724,84.16666666666666
768,10557,0.1125,0.82659375,0.8773762197325623,0.27586206896551724,84.16666666666666
769,13022,0.625,0.9375,0.6752463558607397,1.0,84.14168937329698
770,13193,0.625,0.684375,0.62643055053608,0.48275862068965514,84.11764705882354
771,12021,0.375,0.934375,0.7324515118660402,0.9655172413793103,83.99999999999999
772,13042,0.625,0.903125,0.62643055053608,0.9655172413793103,83.99999999999999
773,12021,0.375,0.934375,0.7324515118660402,0.0,83.99999999999999
774,11026,0.125,0.903125,0.62643055053608,0.0,83.99999999999999
775,10627,0.1125,0.934375,0.7324515118660402,0.0,83.99999999999999
776,13029,0.625,0.934375,0.7324515118660402,0.0,83.99999999999999
777,23534,0.3625,0.805625,0.9877002770750511,0.0,83.99999999999999
778,22896,0.12499999999999992,0.83690625,0.9940368630285508,1.0,83.92370572207084
779,14036,0.875,0.934375,0.65293579086857,0.3448275862068966,83.84615384615384
780,23512,0.125,0.805625,0.9877002770750511,0.6206896551724137,83.83333333333331
781,12178,0.375,0.70125,0.7658836284784966,1.0,83.81471389645775
782,10532,0.1125,0.79528125,0.8773762197325623,1.0,83.7493188010899
783,22339,0.39871249999999997,0.77284375,0.9871099867485844,1.0,83.70572207084467
784,22864,0.3625,0.8369375,0.9818817009998795,0.3448275862068966,83.69230769230768
785,12633,0.6125,0.90625,0.62643055053608,1.0,83.67302452316075
786,20991,0.375,0.765,0.9688591735935429,1.0,83.5967302452316
787,11429,0.3625,0.82203125,0.9989157932779182,1.0,83.5967302452316
788,10460,0.1125,0.684375,0.62643055053608,0.48275862068965514,83.52941176470588
789,22246,0.12499999999999992,0.77128125,0.9860257800265027,0.6206896551724137,83.49999999999999
790,12487,0.6125,0.715625,0.6545717383447777,1.0,83.48773841961851
791,13651,0.8625,0.934375,0.7324515118660402,1.0,83.43324250681198
792,12221,0.375,0.82203125,0.9989157932779182,0.6206896551724137,83.41666666666666
793,10460,0.1125,0.684375,0.62643055053608,0.13793103448275862,83.33333333333333
794,11177,0.125,0.684375,0.62643055053608,0.13793103448275862,83.33333333333333
795,12627,0.6125,0.903125,0.62643055053608,0.9655172413793103,83.33333333333333
796,10456,0.1125,0.684375,0.6508384531984098,0.9655172413793103,83.33333333333333
797,10477,0.1125,0.715625,0.62643055053608,0.27586206896551724,83.33333333333331
798,11286,0.125,0.8634375000000001,0.9629442235875195,0.27586206896551724,83.33333333333331
799,23520,0.12499999999999992,0.79315625,0.9851222744247681,0.27586206896551724,83.33333333333331
800,23540,0.12499999999999992,0.79315625,0.9972172027466569,0.27586206896551724,83.33333333333331
801,24157,0.332875,0.8286562499999999,0.9851343211661244,1.0,83.26975476839236
802,21590,0.3625,0.8712500000000001,0.9547885796891941,1.0,83.16076294277927
803,13492,0.8625,0.70125,0.7658836284784966,1.0,83.16076294277927
804,23534,0.3625,0.805625,0.9877002770750511,0.3448275862068966,83.15384615384615
805,13196,0.625,0.684375,0.6508384531984098,0.3448275862068966,83.07692307692307
806,12020,0.375,0.934375,0.65293579086857,0.3448275862068966,83.07692307692307
807,12434,0.6125,0.844125,0.9902300927599084,0.6206896551724137,82.99999999999999
808,12034,0.375,0.903125,0.62643055053608,0.0,82.99999999999999
809,12643,0.6125,0.934375,0.7324515118660402,0.0,82.99999999999999
810,13635,0.8625,0.903125,0.62643055053608,0.0,82.99999999999999
811,13042,0.625,0.903125,0.62643055053608,0.0,82.99999999999999
812,11175,0.125,0.6875,0.7059462715335502,0.0,82.99999999999999
813,23520,0.12499999999999992,0.79315625,0.9851222744247681,0.0,82.99999999999999
814,11486,0.3625,0.71875,0.7718949524153716,1.0,82.94277929155312
815,24262,0.375,0.81503125,0.9998554391037224,1.0,82.94277929155312
816,14201,0.875,0.684375,0.62643055053608,0.48275862068965514,82.94117647058823
817,14036,0.875,0.934375,0.65293579086857,0.48275862068965514,82.94117647058823
818,13181,0.625,0.715625,0.6545717383447777,1.0,82.83378746594003
819,10738,0.1125,0.7068125000000001,0.7915190940850501,1.0,82.83378746594003
820,13226,0.625,0.844125,0.9902300927599084,1.0,82.72479564032696
821,14204,0.875,0.684375,0.6508384531984098,0.9655172413793103,82.66666666666666
822,13635,0.8625,0.903125,0.62643055053608,0.9655172413793103,82.66666666666666
823,12221,0.375,0.82203125,0.9989157932779182,0.9655172413793103,82.66666666666666
824,11479,0.3625,0.715625,0.6545717383447777,1.0,82.61580381471389
825,12628,0.6125,0.90625,0.7671364895795687,0.27586206896551724,82.49999999999999
826,13629,0.8625,0.903125,0.655524635586074,0.27586206896551724,82.49999999999999
827,22896,0.12499999999999992,0.83690625,0.9940368630285508,0.27586206896551724,82.49999999999999
828,10425,0.1125,0.7924375,0.9969883146608842,0.27586206896551724,82.49999999999999
829,13040,0.625,0.90625,0.7671364895795687,0.27586206896551724,82.49999999999999
830,10944,0.125,0.86540625,0.930333694735574,1.0,82.45231607629427
831,12014,0.375,0.9375,0.6752463558607397,1.0,82.31062670299725
832,10456,0.1125,0.684375,0.6508384531984098,0.3448275862068966,82.30769230769229
833,11834,0.375,0.79634375,0.9860498735092157,1.0,82.28882833787465
834,22207,0.3625,0.76815625,0.9714251295024696,1.0,82.17983651226156
835,20300,0.12499999999999992,0.88065625,0.9560293940489097,1.0,82.17983651226156
836,23523,0.3032125,0.8048437500000001,0.9876279966269124,1.0,82.17983651226156
837,24183,0.3625,0.81190625,0.9879532586435369,1.0,82.07084468664848
838,11635,0.3625,0.934375,0.7324515118660402,0.9655172413793103,81.99999999999999
839,13029,0.625,0.934375,0.7324515118660402,0.9655172413793103,81.99999999999999
840,11635,0.3625,0.934375,0.7324515118660402,0.0,81.99999999999999
841,12627,0.6125,0.903125,0.62643055053608,0.0,81.99999999999999
842,10461,0.1125,0.6875,0.7059462715335502,0.0,81.99999999999999
843,22246,0.12499999999999992,0.77128125,0.9860257800265027,0.0,81.99999999999999
844,14204,0.875,0.684375,0.6508384531984098,0.0,81.99999999999999
845,11013,0.125,0.934375,0.7324515118660402,1.0,81.75476839237055
846,23535,0.3625,0.7931874999999999,0.9851343211661244,0.3448275862068966,81.69230769230768
847,12621,0.6125,0.903125,0.655524635586074,0.27586206896551724,81.66666666666666
848,22322,0.375,0.7837500000000001,0.9934586194434405,0.27586206896551724,81.66666666666666
849,12221,0.375,0.82203125,0.9989157932779182,0.27586206896551724,81.66666666666666
850,13047,0.625,0.903125,0.655524635586074,0.27586206896551724,81.66666666666666
851,11222,0.125,0.756,0.9729671123960967,0.27586206896551724,81.66666666666666
852,10556,0.1125,0.8195625,0.8788820624021202,0.27586206896551724,81.66666666666666
853,11175,0.125,0.6875,0.7059462715335502,0.6206896551724137,81.66666666666666
854,14194,0.875,0.70125,0.7658836284784966,1.0,81.63487738419617
855,10365,0.1125,0.8816875,0.9419226599204914,1.0,81.63487738419617
856,12089,0.375,0.82659375,0.8773762197325623,1.0,81.60217983651225
857,14204,0.875,0.684375,0.6508384531984098,0.3448275862068966,81.53846153846153
858,23520,0.12499999999999992,0.79315625,0.9851222744247681,0.6206896551724137,81.49999999999999
859,11619,0.3625,0.903125,0.62643055053608,0.9655172413793103,81.33333333333333
860,12643,0.6125,0.934375,0.7324515118660402,0.9655172413793103,81.33333333333333
861,11026,0.125,0.903125,0.62643055053608,0.9655172413793103,81.33333333333333
862,10611,0.1125,0.903125,0.62643055053608,0.9655172413793103,81.33333333333333
863,11221,0.125,0.7631875,0.9796651005902903,1.0,81.30790190735694
864,14236,0.875,0.8294374999999998,0.9969883146608842,1.0,81.19891008174385
865,12020,0.375,0.934375,0.65293579086857,0.48275862068965514,81.17647058823529
866,13651,0.8625,0.934375,0.7324515118660402,0.0,80.99999999999999
867,14037,0.875,0.934375,0.7324515118660402,0.0,80.99999999999999
868,10617,0.1125,0.90625,0.62643055053608,1.0,80.991825613079
869,11863,0.375,0.77153125,0.9739549451873267,1.0,80.92643051771115
870,24187,0.12499999999999992,0.81503125,0.9998554391037224,1.0,80.87193460490461
871,17064,0.12499999999999992,0.68378125,0.8428984459703649,1.0,80.87193460490461
872,21577,0.12499999999999992,0.85878125,0.9672328635104203,0.27586206896551724,80.83333333333331
873,13485,0.8625,0.6875,0.7059462715335502,0.6206896551724137,80.83333333333331
874,24190,0.3625,0.8275,0.9975906517287073,0.27586206896551724,80.83333333333331
875,13636,0.8625,0.90625,0.7671364895795687,0.6206896551724137,80.83333333333331
876,14199,0.875,0.6875,0.7059462715335502,0.6206896551724137,80.83333333333331
877,12168,0.375,0.715625,0.62643055053608,0.27586206896551724,80.83333333333331
878,11025,0.125,0.90625,0.62643055053608,0.27586206896551724,80.83333333333331
879,23545,0.125,0.805625,0.9997470184315143,0.27586206896551724,80.83333333333331
880,13028,0.625,0.934375,0.65293579086857,0.3448275862068966,80.76923076923076
881,13443,0.8625,0.8368125,0.9940850499939766,1.0,80.76294277929154
882,13042,0.625,0.903125,0.62643055053608,1.0,80.75640326975476
883,13651,0.8625,0.934375,0.7324515118660402,0.9655172413793103,80.66666666666666
884,14037,0.875,0.934375,0.7324515118660402,0.9655172413793103,80.66666666666666
885,11180,0.125,0.684375,0.6508384531984098,0.9655172413793103,80.66666666666666
886,23533,0.3388125,0.8040625,0.9875316226960605,1.0,80.65395095367846
887,21613,0.33290000000000003,0.87240625,0.9660040958920612,1.0,80.54495912806537
888,13302,0.625,0.8634375000000001,0.9629442235875195,1.0,80.4359673024523
889,10331,0.1125,0.8189062500000001,0.8910372244307915,1.0,80.40326975476837
890,11204,0.125,0.8870625000000001,0.9472834598241175,1.0,80.10899182561306
891,12642,0.6125,0.934375,0.7059462715335502,0.8275862068965517,80.0
892,11010,0.125,0.934375,0.7059462715335502,0.8275862068965517,80.0
893,13028,0.625,0.934375,0.65293579086857,0.48275862068965514,80.0
894,11429,0.3625,0.82203125,0.9989157932779182,0.9655172413793103,79.99999999999999
895,11217,0.125,0.7924375,0.9969883146608842,0.9655172413793103,79.99999999999999
896,10468,0.1125,0.70125,0.7658836284784966,0.27586206896551724,79.99999999999999
897,10461,0.1125,0.6875,0.7059462715335502,0.6206896551724137,79.99999999999999
898,14055,0.875,0.903125,0.655524635586074,0.6206896551724137,79.99999999999999
899,14048,0.875,0.90625,0.7671364895795687,0.6206896551724137,79.99999999999999
900,12493,0.6125,0.715625,0.62643055053608,0.27586206896551724,79.99999999999999
901,11160,0.125,0.715625,0.62643055053608,0.27586206896551724,79.99999999999999
902,11170,0.125,0.70125,0.7658836284784966,0.27586206896551724,79.99999999999999
903,11213,0.125,0.82203125,0.9989157932779182,0.0,79.99999999999999
904,10858,0.125,0.75,0.9248042404529574,1.0,79.89100817438691
905,24194,0.125,0.8275,0.9975906517287073,0.6206896551724137,79.74999999999999
906,20992,0.375,0.7618750000000001,0.9661366100469823,0.3448275862068966,79.69230769230768
907,24177,0.3625,0.8275,0.9855077701481749,1.0,79.67302452316075
908,10471,0.1125,0.715625,0.6545717383447777,1.0,79.67302452316075
909,11159,0.125,0.71875,0.62643055053608,1.0,79.67302452316075
910,13495,0.8625,0.715625,0.6545717383447777,1.0,79.56403269754767
911,10424,0.1125,0.79984375,0.9989157932779182,1.0,79.56403269754767
912,14049,0.875,0.90625,0.62643055053608,1.0,79.50953678474113
913,10624,0.1125,0.934375,0.65293579086857,0.48275862068965514,79.41176470588235
914,11790,0.3625,0.7584375,0.9629442235875195,1.0,79.34604904632151
915,14036,0.875,0.934375,0.65293579086857,0.6896551724137931,79.33333333333333
916,10469,0.1125,0.706,0.7761354053728465,1.0,79.23705722070844
917,24158,0.3032125,0.8267187500000001,0.9857246114925913,1.0,79.23705722070844
918,14189,0.875,0.715625,0.6545717383447777,1.0,79.23705722070844
919,24258,0.375,0.8306250000000001,0.9844837971328756,1.0,79.23705722070844
920,13648,0.8625,0.934375,0.65293579086857,0.3448275862068966,79.23076923076923
921,11012,0.125,0.934375,0.65293579086857,0.3448275862068966,79.23076923076923
922,10624,0.1125,0.934375,0.65293579086857,0.3448275862068966,79.23076923076923
923,11180,0.125,0.684375,0.6508384531984098,0.3448275862068966,79.23076923076923
924,11207,0.125,0.865875,0.9729671123960967,0.27586206896551724,79.16666666666666
925,11210,0.125,0.844125,0.9902300927599084,0.27586206896551724,79.16666666666666
926,12628,0.6125,0.90625,0.7671364895795687,0.6206896551724137,79.16666666666666
927,12033,0.375,0.90625,0.62643055053608,0.27586206896551724,79.16666666666666
928,12089,0.375,0.82659375,0.8773762197325623,0.27586206896551724,79.16666666666666
929,12220,0.375,0.8294374999999998,0.9969883146608842,0.27586206896551724,79.16666666666666
930,24333,0.625,0.8275,0.9975906517287073,0.27586206896551724,79.16666666666666
931,11345,0.3625,0.82128125,0.9870015660763762,1.0,79.12806539509535
932,10605,0.1125,0.903125,0.655524635586074,0.0,78.99999999999999
933,21005,0.6125,0.7618750000000001,0.9661366100469823,0.3448275862068966,78.9230769230769
934,12494,0.6125,0.71875,0.7718949524153716,1.0,78.9100817438692
935,22944,0.375,0.83690625,0.9819057944825923,1.0,78.9100817438692
936,13648,0.8625,0.934375,0.65293579086857,0.48275862068965514,78.82352941176471
937,22238,0.3625,0.7837500000000001,0.9813155041561258,0.9655172413793103,78.66666666666666
938,12306,0.375,0.82128125,0.9870015660763762,0.9655172413793103,78.66666666666666
939,11013,0.125,0.934375,0.7324515118660402,0.9655172413793103,78.66666666666666
940,12798,0.6125,0.7584375,0.9629442235875195,0.6206896551724137,78.58333333333331
941,20937,0.3388,0.7603125000000001,0.9647150945669196,1.0,78.58310626702996
942,22891,0.3625,0.83378125,0.9953860980604745,0.6206896551724137,78.49999999999999
943,22238,0.3625,0.7837500000000001,0.9813155041561258,0.3448275862068966,78.38461538461537
944,21623,0.125,0.8712500000000001,0.9673292374412721,0.27586206896551724,78.33333333333331
945,11620,0.3625,0.90625,0.7671364895795687,0.6206896551724137,78.33333333333331
946,12032,0.375,0.90625,0.7671364895795687,0.6206896551724137,78.33333333333331
947,12225,0.375,0.7924375,0.9969883146608842,0.27586206896551724,78.33333333333331
948,11485,0.3625,0.715625,0.62643055053608,0.27586206896551724,78.33333333333331
949,14031,0.875,0.9375,0.6996542585230695,0.6206896551724137,78.33333333333331
950,10629,0.1125,0.9375,0.6996542585230695,0.6206896551724137,78.33333333333331
951,13040,0.625,0.90625,0.7671364895795687,0.6206896551724137,78.33333333333331
952,10605,0.1125,0.903125,0.655524635586074,0.6206896551724137,78.33333333333331
953,12446,0.6125,0.756,0.9729671123960967,0.3448275862068966,78.30769230769229
954,13174,0.625,0.71875,0.7718949524153716,1.0,78.25613079019072
955,11012,0.125,0.934375,0.65293579086857,0.48275862068965514,78.23529411764706
956,11432,0.3625,0.79984375,0.9989157932779182,0.6206896551724137,78.16666666666666
957,10557,0.1125,0.82659375,0.8773762197325623,0.6206896551724137,78.08333333333333
958,12472,0.6125,0.684375,0.6508384531984098,0.6896551724137931,77.99999999999999
959,22319,0.375,0.77128125,0.9860257800265027,0.9655172413793103,77.99999999999999
960,11464,0.3625,0.684375,0.6508384531984098,0.6896551724137931,77.99999999999999
961,12434,0.6125,0.844125,0.9902300927599084,0.9655172413793103,77.99999999999999
962,23612,0.375,0.805625,0.9997470184315143,0.9655172413793103,77.99999999999999
963,13191,0.625,0.6875,0.7059462715335502,0.0,77.99999999999999
964,11469,0.3625,0.6875,0.7059462715335502,0.0,77.99999999999999
965,22877,0.12499999999999992,0.83690625,0.9819057944825923,0.0,77.99999999999999
966,12183,0.375,0.6875,0.7059462715335502,0.0,77.99999999999999
967,24169,0.3625,0.8150625,0.9877966510059029,0.6206896551724137,77.91666666666666
968,23544,0.3625,0.7931874999999999,0.9972292494880134,1.0,77.8201634877384
969,11632,0.3625,0.934375,0.65293579086857,0.13793103448275862,77.77777777777777
970,12476,0.6125,0.684375,0.62643055053608,0.13793103448275862,77.77777777777777
971,12020,0.375,0.934375,0.65293579086857,0.13793103448275862,77.77777777777777
972,11468,0.3625,0.684375,0.62643055053608,0.13793103448275862,77.77777777777777
973,11012,0.125,0.934375,0.65293579086857,0.13793103448275862,77.77777777777777
974,14036,0.875,0.934375,0.65293579086857,0.13793103448275862,77.77777777777777
975,10624,0.1125,0.934375,0.65293579086857,0.13793103448275862,77.77777777777777
976,13028,0.625,0.934375,0.65293579086857,0.13793103448275862,77.77777777777777
977,13454,0.8625,0.756,0.9729671123960967,1.0,77.71117166212532
978,11632,0.3625,0.934375,0.65293579086857,0.3448275862068966,77.69230769230768
979,12640,0.6125,0.934375,0.65293579086857,0.3448275862068966,77.69230769230768
980,11632,0.3625,0.934375,0.65293579086857,0.48275862068965514,77.6470588235294
981,12640,0.6125,0.934375,0.65293579086857,0.48275862068965514,77.6470588235294
982,22226,0.3328375,0.7849062499999999,0.9818817009998795,1.0,77.60217983651225
983,11219,0.125,0.7777499999999999,0.9902300927599084,1.0,77.60217983651225
984,12633,0.6125,0.90625,0.62643055053608,0.27586206896551724,77.49999999999999
985,13653,0.8625,0.9375,0.6996542585230695,0.6206896551724137,77.49999999999999
986,12039,0.375,0.903125,0.655524635586074,0.6206896551724137,77.49999999999999
987,13176,0.625,0.715625,0.62643055053608,0.27586206896551724,77.49999999999999
988,12621,0.6125,0.903125,0.655524635586074,0.6206896551724137,77.49999999999999
989,12292,0.375,0.8503437500000001,0.9739549451873267,0.27586206896551724,77.49999999999999
990,12437,0.6125,0.82203125,0.9989157932779182,0.27586206896551724,77.49999999999999
991,11432,0.3625,0.79984375,0.9989157932779182,0.27586206896551724,77.49999999999999
992,13501,0.8625,0.715625,0.62643055053608,0.27586206896551724,77.49999999999999
993,10612,0.1125,0.90625,0.7671364895795687,0.6206896551724137,77.49999999999999
994,12166,0.375,0.71875,0.7718949524153716,1.0,77.38419618528609
995,13445,0.8625,0.82203125,0.9989157932779182,1.0,77.38419618528609
996,11216,0.125,0.79984375,0.9989157932779182,1.0,77.38419618528609
997,24169,0.3625,0.8150625,0.9877966510059029,0.9655172413793103,77.33333333333333
998,10827,0.125,0.8028437499999999,0.9873750150584266,0.9655172413793103,77.33333333333333
999,13028,0.625,0.934375,0.65293579086857,0.6896551724137931,77.33333333333333
1000,22209,0.30313749999999995,0.7720625,0.9743283941693772,1.0,77.27520435967301
1001,22865,0.3388,0.8385,0.9811348030357788,1.0,77.27520435967301
1002,13041,0.625,0.90625,0.62643055053608,1.0,77.17711171662124
1003,23591,0.398725,0.79471875,0.9856041440790265,1.0,77.16621253405992
1004,22950,0.6125,0.8369375,0.9818817009998795,0.3448275862068966,77.15384615384615
1005,10897,0.125,0.7068125000000001,0.7915190940850501,1.0,77.05722070844685
1006,11165,0.125,0.715625,0.6545717383447777,1.0,77.05722070844685
1007,12477,0.6125,0.6875,0.7059462715335502,0.0,76.99999999999999
1008,22216,0.12499999999999996,0.7837500000000001,0.9813155041561258,0.0,76.99999999999999
1009,10629,0.1125,0.9375,0.6996542585230695,0.0,76.99999999999999
1010,20916,0.125,0.7618750000000001,0.9661366100469823,0.6206896551724137,76.91666666666666
1011,20993,0.3987625,0.7603125000000001,0.9647150945669196,1.0,76.8392370572207
1012,12754,0.6125,0.7068125000000001,0.7915190940850501,1.0,76.73024523160761
1013,12913,0.625,0.7068125000000001,0.7915190940850501,1.0,76.73024523160761
1014,13439,0.8625,0.865875,0.9729671123960967,1.0,76.73024523160761
1015,21648,0.375,0.85878125,0.9672328635104203,0.9655172413793103,76.66666666666666
1016,13480,0.8625,0.684375,0.6508384531984098,0.6896551724137931,76.66666666666666
1017,13191,0.625,0.6875,0.7059462715335502,0.9655172413793103,76.66666666666666
1018,12020,0.375,0.934375,0.65293579086857,0.6896551724137931,76.66666666666666
1019,10627,0.1125,0.934375,0.7324515118660402,0.9655172413793103,76.66666666666666
1020,10425,0.1125,0.7924375,0.9969883146608842,0.9655172413793103,76.66666666666666
1021,22950,0.6125,0.8369375,0.9818817009998795,0.9655172413793103,76.66666666666666
1022,12183,0.375,0.6875,0.7059462715335502,0.9655172413793103,76.66666666666666
1023,10853,0.125,0.7584375,0.9629442235875195,0.27586206896551724,76.66666666666666
1024,10830,0.125,0.78125,0.9501746777496686,0.27586206896551724,76.66666666666666
1025,13641,0.8625,0.90625,0.62643055053608,0.27586206896551724,76.66666666666666
1026,13629,0.8625,0.903125,0.655524635586074,0.6206896551724137,76.66666666666666
1027,11428,0.3625,0.8294374999999998,0.9969883146608842,0.27586206896551724,76.66666666666666
1028,11024,0.125,0.90625,0.7671364895795687,0.6206896551724137,76.66666666666666
1029,13047,0.625,0.903125,0.655524635586074,0.6206896551724137,76.66666666666666
1030,22864,0.3625,0.8369375,0.9818817009998795,0.48275862068965514,76.47058823529412
1031,11177,0.125,0.684375,0.62643055053608,0.48275862068965514,76.47058823529412
1032,13034,0.625,0.9252812499999999,0.7551740754126008,1.0,76.46866485013622
1033,24163,0.14873625,0.81659375,0.9876761835923381,1.0,76.40326975476837
1034,10812,0.1125,0.79634375,0.9860498735092157,1.0,76.40326975476837
1035,13502,0.8625,0.71875,0.7718949524153716,1.0,76.40326975476837
1036,13225,0.625,0.8514375,0.9854234429586796,1.0,76.18528610354223
1037,13220,0.625,0.8870625000000001,0.9472834598241175,1.0,76.18528610354223
1038,24259,0.375,0.8275,0.9975906517287073,0.3448275862068966,76.15384615384615
1039,11746,0.3625,0.7068125000000001,0.7915190940850501,1.0,76.07629427792914
1040,13196,0.625,0.684375,0.6508384531984098,0.6896551724137931,75.99999999999999
1041,12477,0.6125,0.6875,0.7059462715335502,0.9655172413793103,75.99999999999999
1042,12220,0.375,0.8294374999999998,0.9969883146608842,0.9655172413793103,75.99999999999999
1043,11469,0.3625,0.6875,0.7059462715335502,0.9655172413793103,75.99999999999999
1044,24259,0.375,0.8275,0.9975906517287073,0.6896551724137931,75.99999999999999
1045,14031,0.875,0.9375,0.6996542585230695,0.9655172413793103,75.99999999999999
1046,12188,0.375,0.684375,0.6508384531984098,0.6896551724137931,75.99999999999999
1047,11216,0.125,0.79984375,0.9989157932779182,0.9655172413793103,75.99999999999999
1048,20950,0.125,0.765,0.981195036742561,0.0,75.99999999999999
1049,11216,0.125,0.79984375,0.9989157932779182,0.0,75.99999999999999
1050,13223,0.625,0.865875,0.9729671123960967,1.0,75.96730245231606
1051,23505,0.303125,0.7939375,0.9853632092518974,1.0,75.96730245231606
1052,11637,0.3625,0.9375,0.6996542585230695,0.6206896551724137,75.83333333333333
1053,11613,0.3625,0.903125,0.655524635586074,0.6206896551724137,75.83333333333333
1054,12168,0.375,0.715625,0.62643055053608,0.6206896551724137,75.83333333333333
1055,12087,0.375,0.8195625,0.8788820624021202,0.27586206896551724,75.83333333333333
1056,11007,0.125,0.9375,0.6996542585230695,0.6206896551724137,75.83333333333333
1057,11433,0.3625,0.7924375,0.9969883146608842,0.27586206896551724,75.83333333333333
1058,12015,0.375,0.9375,0.6996542585230695,0.6206896551724137,75.83333333333333
1059,11285,0.125,0.85690625,0.96883508011083,0.27586206896551724,75.83333333333333
1060,13041,0.625,0.90625,0.62643055053608,0.27586206896551724,75.83333333333333
1061,23540,0.12499999999999992,0.79315625,0.9972172027466569,0.6206896551724137,75.83333333333333
1062,20970,0.33282500000000004,0.7630312499999999,0.9795446331767256,1.0,75.7493188010899
1063,14105,0.875,0.82659375,0.8773762197325623,1.0,75.72752043596729
1064,13097,0.625,0.82659375,0.8773762197325623,1.0,75.65122615803813
1065,22223,0.14871625,0.77284375,0.974870497530418,1.0,75.64032697547682
1066,22225,0.3625,0.786875,0.9827611131189014,0.6206896551724137,75.58333333333333
1067,12573,0.6125,0.82659375,0.8773762197325623,1.0,75.55313351498636
1068,13453,0.8625,0.7631875,0.9796651005902903,1.0,75.53133514986375
1069,11905,0.375,0.7068125000000001,0.7915190940850501,1.0,75.53133514986375
1070,13648,0.8625,0.934375,0.65293579086857,0.6896551724137931,75.33333333333333
1071,13229,0.625,0.82203125,0.9989157932779182,1.0,75.31335149863759
1072,10421,0.1125,0.82203125,0.9989157932779182,1.0,75.09536784741142
1073,10626,0.1125,0.934375,0.7059462715335502,0.8275862068965517,75.0
1074,11625,0.3625,0.90625,0.62643055053608,0.27586206896551724,74.99999999999999
1075,14184,0.875,0.715625,0.62643055053608,0.27586206896551724,74.99999999999999
1076,12645,0.6125,0.9375,0.6996542585230695,0.6206896551724137,74.99999999999999
1077,11426,0.3625,0.844125,0.9902300927599084,0.27586206896551724,74.99999999999999
1078,10420,0.1125,0.8294374999999998,0.9969883146608842,0.27586206896551724,74.99999999999999
1079,11637,0.3625,0.9375,0.6996542585230695,0.0,74.99999999999999
1080,14199,0.875,0.6875,0.7059462715335502,0.0,74.99999999999999
1081,11024,0.125,0.90625,0.7671364895795687,0.0,74.99999999999999
1082,12177,0.375,0.69659375,0.7551740754126008,0.0,74.99999999999999
1083,23545,0.125,0.805625,0.9997470184315143,0.0,74.99999999999999
1084,23540,0.12499999999999992,0.79315625,0.9972172027466569,0.0,74.99999999999999
1085,12115,0.375,0.8023125,0.8788820624021202,1.0,74.9318801089918
1086,14235,0.875,0.8368125,0.9940850499939766,1.0,74.87738419618528
1087,13921,0.875,0.7068125000000001,0.7915190940850501,1.0,74.87738419618528
1088,11565,0.3625,0.82659375,0.8773762197325623,1.0,74.84468664850135
1089,12306,0.375,0.82128125,0.9870015660763762,0.3448275862068966,74.76923076923076
1090,22964,0.375,0.849375,0.9868931454041681,1.0,74.76839237057219
1091,12307,0.375,0.82775,0.9854234429586796,1.0,74.73569482288826
1092,13185,0.625,0.69659375,0.7551740754126008,0.9655172413793103,74.66666666666666
1093,13491,0.8625,0.69659375,0.7551740754126008,0.9655172413793103,74.66666666666666
1094,12483,0.6125,0.69659375,0.7551740754126008,0.9655172413793103,74.66666666666666
1095,11475,0.3625,0.69659375,0.7551740754126008,0.9655172413793103,74.66666666666666
1096,11012,0.125,0.934375,0.65293579086857,0.6896551724137931,74.66666666666666
1097,12177,0.375,0.69659375,0.7551740754126008,0.9655172413793103,74.66666666666666
1098,23612,0.375,0.805625,0.9997470184315143,0.6206896551724137,74.66666666666666
1099,13070,0.625,0.8508437499999999,0.8653776653415252,1.0,74.65940054495911
1100,11367,0.3625,0.86990625,0.9562703288760389,1.0,74.65940054495911
1101,13191,0.625,0.6875,0.7059462715335502,0.3448275862068966,74.6153846153846
1102,12183,0.375,0.6875,0.7059462715335502,0.3448275862068966,74.6153846153846
1103,10556,0.1125,0.8195625,0.8788820624021202,1.0,74.45231607629427
1104,13762,0.8625,0.7068125000000001,0.7915190940850501,1.0,74.44141689373295
1105,11171,0.125,0.706,0.7761354053728465,1.0,74.33242506811987
1106,22391,0.625,0.77128125,0.9860257800265027,1.0,74.2234332425068
1107,22920,0.3328,0.8357187500000001,0.9945669196482351,1.0,74.2234332425068
1108,10826,0.125,0.79634375,0.9860498735092157,0.27586206896551724,74.16666666666666
1109,12646,0.6125,0.9375,0.6752463558607397,0.27586206896551724,74.16666666666666
1110,11006,0.125,0.9375,0.6752463558607397,0.27586206896551724,74.16666666666666
1111,11031,0.125,0.903125,0.655524635586074,0.6206896551724137,74.16666666666666
1112,11298,0.125,0.82128125,0.9870015660763762,0.27586206896551724,74.16666666666666
1113,13023,0.625,0.9375,0.6996542585230695,0.6206896551724137,74.16666666666666
1114,13072,0.625,0.8579062499999999,0.8598602578002649,1.0,74.12534059945503
1115,11158,0.125,0.71875,0.7718949524153716,1.0,74.11444141689371
1116,12293,0.375,0.85690625,0.96883508011083,1.0,74.05994550408718
1117,10483,0.1125,0.71875,0.62643055053608,1.0,74.00544959128064
1118,23509,0.1843725,0.7939375,0.9853632092518974,1.0,74.00544959128064
1119,14204,0.875,0.684375,0.6508384531984098,0.6896551724137931,73.99999999999999
1120,12640,0.6125,0.934375,0.65293579086857,0.6896551724137931,73.99999999999999
1121,14199,0.875,0.6875,0.7059462715335502,0.9655172413793103,73.99999999999999
1122,23613,0.375,0.79315625,0.9972172027466569,0.9655172413793103,73.99999999999999
1123,10629,0.1125,0.9375,0.6996542585230695,0.9655172413793103,73.99999999999999
1124,11175,0.125,0.6875,0.7059462715335502,0.9655172413793103,73.99999999999999
1125,24165,0.12500000000000003,0.8275,0.9855077701481749,0.0,73.99999999999999
1126,13485,0.8625,0.6875,0.7059462715335502,0.0,73.99999999999999
1127,24190,0.3625,0.8275,0.9975906517287073,0.0,73.99999999999999
1128,13653,0.8625,0.9375,0.6996542585230695,0.0,73.99999999999999
1129,13491,0.8625,0.69659375,0.7551740754126008,0.0,73.99999999999999
1130,13185,0.625,0.69659375,0.7551740754126008,0.0,73.99999999999999
1131,11475,0.3625,0.69659375,0.7551740754126008,0.0,73.99999999999999
1132,12015,0.375,0.9375,0.6996542585230695,0.0,73.99999999999999
1133,22896,0.12499999999999992,0.83690625,0.9940368630285508,0.0,73.99999999999999
1134,14031,0.875,0.9375,0.6996542585230695,0.0,73.99999999999999
1135,10612,0.1125,0.90625,0.7671364895795687,0.0,73.99999999999999
1136,11222,0.125,0.756,0.9729671123960967,0.0,73.99999999999999
1137,11217,0.125,0.7924375,0.9969883146608842,0.0,73.99999999999999
1138,11815,0.3625,0.78125,0.9280809541019153,1.0,73.89645776566756
1139,22872,0.3625,0.849375,0.9746536561860017,1.0,73.89645776566756
1140,12477,0.6125,0.6875,0.7059462715335502,0.3448275862068966,73.84615384615384
1141,22216,0.12499999999999996,0.7837500000000001,0.9813155041561258,0.3448275862068966,73.84615384615384
1142,11469,0.3625,0.6875,0.7059462715335502,0.3448275862068966,73.84615384615384
1143,22227,0.3032125,0.78296875,0.9809300084327188,1.0,73.78746594005447
1144,11835,0.375,0.8028437499999999,0.9873750150584266,1.0,73.78746594005447
1145,12220,0.375,0.8294374999999998,0.9969883146608842,1.0,73.6784741144414
1146,12638,0.6125,0.9252812499999999,0.7551740754126008,1.0,73.6675749318801
1147,14182,0.875,0.71875,0.7718949524153716,1.0,73.35149863760216
1148,13485,0.8625,0.6875,0.7059462715335502,0.9655172413793103,73.33333333333333
1149,13653,0.8625,0.9375,0.6996542585230695,0.9655172413793103,73.33333333333333
1150,10456,0.1125,0.684375,0.6508384531984098,0.6896551724137931,73.33333333333333
1151,22966,0.375,0.83378125,0.9953860980604745,0.9655172413793103,73.33333333333333
1152,11786,0.3625,0.75,0.9248042404529574,0.27586206896551724,73.33333333333333
1153,22238,0.3625,0.7837500000000001,0.9813155041561258,0.27586206896551724,73.33333333333333
1154,13176,0.625,0.715625,0.62643055053608,0.6206896551724137,73.33333333333333
1155,11437,0.3625,0.7631875,0.9796651005902903,0.27586206896551724,73.33333333333333
1156,12115,0.375,0.8023125,0.8788820624021202,0.27586206896551724,73.33333333333333
1157,13445,0.8625,0.82203125,0.9989157932779182,0.27586206896551724,73.33333333333333
1158,12431,0.6125,0.865875,0.9729671123960967,1.0,73.24250681198909
1159,22319,0.375,0.77128125,0.9860257800265027,0.48275862068965514,73.17647058823529
1160,20326,0.125,0.8931250000000001,0.9382363570654136,1.0,73.02452316076293
1161,23022,0.8625,0.8369375,0.9818817009998795,1.0,73.02452316076293
1162,12483,0.6125,0.69659375,0.7551740754126008,0.0,72.99999999999999
1163,11007,0.125,0.9375,0.6996542585230695,0.0,72.99999999999999
1164,11286,0.125,0.8634375000000001,0.9629442235875195,0.0,72.99999999999999
1165,12062,0.375,0.8508437499999999,0.8653776653415252,1.0,72.87193460490462
1166,22246,0.12499999999999992,0.77128125,0.9860257800265027,0.3448275862068966,72.84615384615384
1167,11081,0.125,0.82659375,0.8773762197325623,1.0,72.8392370572207
1168,11860,0.375,0.778125,0.978279725334297,1.0,72.80653950953678
1169,12215,0.375,0.865875,0.9729671123960967,1.0,72.80653950953678
1170,10556,0.1125,0.8195625,0.8788820624021202,0.6206896551724137,72.74999999999999
1171,13806,0.8625,0.7584375,0.9629442235875195,1.0,72.69754768392369
1172,10467,0.1125,0.69659375,0.7551740754126008,0.9655172413793103,72.66666666666666
1173,10461,0.1125,0.6875,0.7059462715335502,0.9655172413793103,72.66666666666666
1174,11169,0.125,0.69659375,0.7551740754126008,0.9655172413793103,72.66666666666666
1175,12798,0.6125,0.7584375,0.9629442235875195,0.3448275862068966,72.6153846153846
1176,10478,0.1125,0.71875,0.7718949524153716,1.0,72.58855585831061
1177,11431,0.3625,0.80725,0.9998795325864354,1.0,72.58855585831061
1178,22943,0.39875,0.83846875,0.9811588965184916,1.0,72.58855585831061
1179,12114,0.375,0.79528125,0.8773762197325623,1.0,72.55585831062669
1180,10827,0.125,0.8028437499999999,0.9873750150584266,0.27586206896551724,72.49999999999999
1181,14236,0.875,0.8294374999999998,0.9969883146608842,0.27586206896551724,72.49999999999999
1182,11485,0.3625,0.715625,0.62643055053608,0.6206896551724137,72.49999999999999
1183,12493,0.6125,0.715625,0.62643055053608,0.6206896551724137,72.49999999999999
1184,10424,0.1125,0.79984375,0.9989157932779182,0.27586206896551724,72.49999999999999
1185,10533,0.1125,0.8023125,0.8788820624021202,0.27586206896551724,72.49999999999999
1186,13377,0.8625,0.8634375000000001,0.9629442235875195,1.0,72.47956403269754
1187,10425,0.1125,0.7924375,0.9969883146608842,1.0,72.37057220708445
1188,20949,0.125,0.7618750000000001,0.9785086134200698,0.6206896551724137,72.33333333333333
1189,10496,0.1125,0.746875,0.62643055053608,1.0,72.26158038147138
1190,11217,0.125,0.7924375,0.9969883146608842,1.0,72.26158038147138
1191,13484,0.8625,0.684375,0.62643055053608,0.13793103448275862,72.22222222222223
1192,13648,0.8625,0.934375,0.65293579086857,0.13793103448275862,72.22222222222223
1193,13193,0.625,0.684375,0.62643055053608,0.13793103448275862,72.22222222222223
1194,10456,0.1125,0.684375,0.6508384531984098,0.13793103448275862,72.22222222222223
1195,12185,0.375,0.684375,0.62643055053608,0.13793103448275862,72.22222222222223
1196,11180,0.125,0.684375,0.6508384531984098,0.13793103448275862,72.22222222222223
1197,10533,0.1125,0.8023125,0.8788820624021202,1.0,72.10899182561306
1198,20930,0.2142325,0.75915625,0.9636308878448379,1.0,72.04359673024521
1199,11637,0.3625,0.9375,0.6996542585230695,0.9655172413793103,71.99999999999999
1200,24194,0.125,0.8275,0.9975906517287073,0.9655172413793103,71.99999999999999
1201,12645,0.6125,0.9375,0.6996542585230695,0.9655172413793103,71.99999999999999
1202,14193,0.875,0.69659375,0.7551740754126008,0.9655172413793103,71.99999999999999
1203,11007,0.125,0.9375,0.6996542585230695,0.9655172413793103,71.99999999999999
1204,12015,0.375,0.9375,0.6996542585230695,0.9655172413793103,71.99999999999999
1205,13023,0.625,0.9375,0.6996542585230695,0.9655172413793103,71.99999999999999
1206,14193,0.875,0.69659375,0.7551740754126008,0.0,71.99999999999999
1207,12645,0.6125,0.9375,0.6996542585230695,0.0,71.99999999999999
1208,11211,0.125,0.8368125,0.9940850499939766,0.0,71.99999999999999
1209,11491,0.3625,0.71875,0.62643055053608,1.0,71.93460490463214
1210,23545,0.125,0.805625,0.9997470184315143,1.0,71.93460490463214
1211,11429,0.3625,0.82203125,0.9989157932779182,0.6206896551724137,71.74999999999999
1212,13227,0.625,0.8368125,0.9940850499939766,1.0,71.71662125340598
1213,23008,0.625,0.849375,0.9746536561860017,1.0,71.71662125340598
1214,10858,0.125,0.75,0.9248042404529574,0.27586206896551724,71.66666666666666
1215,21591,0.3625,0.8588125,0.9671967232863511,0.27586206896551724,71.66666666666666
1216,11638,0.3625,0.9375,0.6752463558607397,0.27586206896551724,71.66666666666666
1217,13654,0.8625,0.9375,0.6752463558607397,0.27586206896551724,71.66666666666666
1218,10477,0.1125,0.715625,0.62643055053608,0.6206896551724137,71.66666666666666
1219,21026,0.375,0.7618750000000001,0.9785086134200698,0.27586206896551724,71.66666666666666
1220,10738,0.1125,0.7068125000000001,0.7915190940850501,0.27586206896551724,71.66666666666666
1221,14049,0.875,0.90625,0.62643055053608,0.27586206896551724,71.66666666666666
1222,10617,0.1125,0.90625,0.62643055053608,0.27586206896551724,71.66666666666666
1223,22248,0.3625,0.7837500000000001,0.9934586194434405,1.0,71.6076294277929
1224,10622,0.1125,0.9252812499999999,0.7551740754126008,1.0,71.56403269754767
1225,13485,0.8625,0.6875,0.7059462715335502,0.3448275862068966,71.53846153846153
1226,14199,0.875,0.6875,0.7059462715335502,0.3448275862068966,71.53846153846153
1227,11232,0.125,0.68878125,0.8562823756173954,1.0,71.49863760217983
1228,22314,0.375,0.76815625,0.9714251295024696,0.6206896551724137,71.41666666666666
1229,12485,0.6125,0.706,0.7761354053728465,1.0,71.38964577656674
1230,22892,0.3625,0.8369375,0.9940127695458378,1.0,71.38964577656674
1231,23534,0.3625,0.805625,0.9877002770750511,0.9655172413793103,71.33333333333333
1232,22322,0.375,0.7837500000000001,0.9934586194434405,0.9655172413793103,71.33333333333333
1233,10624,0.1125,0.934375,0.65293579086857,0.6896551724137931,71.33333333333333
1234,11180,0.125,0.684375,0.6508384531984098,0.6896551724137931,71.33333333333333
1235,12292,0.375,0.8503437500000001,0.9739549451873267,1.0,71.30245231607628
1236,10853,0.125,0.7584375,0.9629442235875195,1.0,71.28065395095366
1237,13187,0.625,0.706,0.7761354053728465,1.0,71.28065395095366
1238,10630,0.1125,0.9375,0.6752463558607397,1.0,71.28065395095366
1239,12064,0.375,0.8579062499999999,0.8598602578002649,1.0,71.26975476839236
1240,11793,0.3625,0.778125,0.9116251054089869,1.0,71.20435967302451
1241,23512,0.125,0.805625,0.9877002770750511,0.3448275862068966,71.15384615384615
1242,11082,0.125,0.833625,0.8749909649439825,1.0,71.12806539509535
1243,12149,0.375,0.746875,0.62643055053608,1.0,71.0626702997275
1244,10853,0.125,0.7584375,0.9629442235875195,0.0,70.99999999999999
1245,11814,0.3625,0.78125,0.9501746777496686,0.0,70.99999999999999
1246,11613,0.3625,0.903125,0.655524635586074,0.0,70.99999999999999
1247,12032,0.375,0.90625,0.7671364895795687,0.0,70.99999999999999
1248,14055,0.875,0.903125,0.655524635586074,0.0,70.99999999999999
1249,13023,0.625,0.9375,0.6996542585230695,0.0,70.99999999999999
1250,22313,0.40466250000000004,0.77009375,0.9729189254306709,0.6206896551724137,70.91666666666666
1251,13229,0.625,0.82203125,0.9989157932779182,0.27586206896551724,70.83333333333333
1252,24165,0.12500000000000003,0.8275,0.9855077701481749,0.27586206896551724,70.83333333333333
1253,10471,0.1125,0.715625,0.6545717383447777,0.27586206896551724,70.83333333333333
1254,23613,0.375,0.79315625,0.9972172027466569,0.27586206896551724,70.83333333333333
1255,13097,0.625,0.82659375,0.8773762197325623,0.27586206896551724,70.83333333333333
1256,11081,0.125,0.82659375,0.8773762197325623,0.27586206896551724,70.83333333333333
1257,13022,0.625,0.9375,0.6752463558607397,0.27586206896551724,70.83333333333333
1258,23039,0.625,0.83690625,0.9940368630285508,0.27586206896551724,70.83333333333333
1259,11175,0.125,0.6875,0.7059462715335502,0.3448275862068966,70.76923076923076
1260,11624,0.3625,0.90625,0.6545717383447777,1.0,70.75749318801088
1261,11477,0.3625,0.706,0.7761354053728465,1.0,70.73569482288826
1262,12435,0.6125,0.8368125,0.9940850499939766,0.9655172413793103,70.66666666666666
1263,14055,0.875,0.903125,0.655524635586074,0.9655172413793103,70.66666666666666
1264,24333,0.625,0.8275,0.9975906517287073,0.9655172413793103,70.66666666666666
1265,11212,0.125,0.8294374999999998,0.9969883146608842,0.9655172413793103,70.66666666666666
1266,14037,0.875,0.934375,0.7324515118660402,1.0,70.64850136239781
1267,11220,0.125,0.7704375,0.9854234429586796,1.0,70.62670299727519
1268,22208,0.3328375,0.77009375,0.9729189254306709,0.6206896551724137,70.58333333333333
1269,20957,0.3625,0.765,0.981195036742561,0.6206896551724137,70.49999999999999
1270,23597,0.6125,0.805625,0.9877002770750511,1.0,70.40871934604903
1271,11306,0.125,0.83165625,0.8878448379713287,1.0,70.34332425068118
1272,11985,0.375,0.934375,0.7682568365257197,1.0,70.27792915531333
1273,22341,0.39875,0.7821875,0.9926876279966268,1.0,70.0817438692098
1274,13390,0.8625,0.8883125,0.9325864353692326,1.0,70.0817438692098
1275,13484,0.8625,0.684375,0.62643055053608,0.8275862068965517,70.0
1276,12476,0.6125,0.684375,0.62643055053608,0.8275862068965517,70.0
1277,13193,0.625,0.684375,0.62643055053608,0.8275862068965517,70.0
1278,13648,0.8625,0.934375,0.65293579086857,0.8275862068965517,70.0
1279,14201,0.875,0.684375,0.62643055053608,0.8275862068965517,70.0
1280,12640,0.6125,0.934375,0.65293579086857,0.8275862068965517,70.0
1281,11468,0.3625,0.684375,0.62643055053608,0.8275862068965517,70.0
1282,12020,0.375,0.934375,0.65293579086857,0.8275862068965517,70.0
1283,14036,0.875,0.934375,0.65293579086857,0.8275862068965517,70.0
1284,13028,0.625,0.934375,0.65293579086857,0.8275862068965517,70.0
1285,12185,0.375,0.684375,0.62643055053608,0.8275862068965517,70.0
1286,12472,0.6125,0.684375,0.6508384531984098,0.48275862068965514,70.0
1287,11464,0.3625,0.684375,0.6508384531984098,0.48275862068965514,70.0
1288,11632,0.3625,0.934375,0.65293579086857,0.6896551724137931,69.99999999999999
1289,21021,0.6125,0.765,0.981195036742561,0.9655172413793103,69.99999999999999
1290,13636,0.8625,0.90625,0.7671364895795687,0.9655172413793103,69.99999999999999
1291,14048,0.875,0.90625,0.7671364895795687,0.9655172413793103,69.99999999999999
1292,11427,0.3625,0.8368125,0.9940850499939766,0.9655172413793103,69.99999999999999
1293,11345,0.3625,0.82128125,0.9870015660763762,0.9655172413793103,69.99999999999999
1294,10897,0.125,0.7068125000000001,0.7915190940850501,0.27586206896551724,69.99999999999999
1295,14184,0.875,0.715625,0.62643055053608,0.6206896551724137,69.99999999999999
1296,22319,0.375,0.77128125,0.9860257800265027,0.27586206896551724,69.99999999999999
1297,11438,0.3625,0.756,0.9729671123960967,0.27586206896551724,69.99999999999999
1298,22895,0.125,0.83378125,0.9953860980604745,0.27586206896551724,69.99999999999999
1299,13501,0.8625,0.715625,0.62643055053608,0.6206896551724137,69.99999999999999
1300,12014,0.375,0.9375,0.6752463558607397,0.27586206896551724,69.99999999999999
1301,10630,0.1125,0.9375,0.6752463558607397,0.27586206896551724,69.99999999999999
1302,10423,0.1125,0.80725,0.9998795325864354,0.27586206896551724,69.99999999999999
1303,10468,0.1125,0.70125,0.7658836284784966,0.0,69.99999999999999
1304,11620,0.3625,0.90625,0.7671364895795687,0.0,69.99999999999999
1305,10477,0.1125,0.715625,0.62643055053608,0.0,69.99999999999999
1306,13636,0.8625,0.90625,0.7671364895795687,0.0,69.99999999999999
1307,11427,0.3625,0.8368125,0.9940850499939766,0.0,69.99999999999999
1308,11170,0.125,0.70125,0.7658836284784966,0.0,69.99999999999999
1309,10557,0.1125,0.82659375,0.8773762197325623,0.0,69.99999999999999
1310,12179,0.375,0.706,0.7761354053728465,1.0,69.97275204359671
1311,12090,0.375,0.833625,0.8749909649439825,1.0,69.95095367847411
1312,22857,0.18438,0.8376875,0.9815443922418986,1.0,69.86376021798364
1313,11106,0.125,0.79528125,0.8773762197325623,1.0,69.78310626702996
1314,13300,0.625,0.8503437500000001,0.9739549451873267,1.0,69.6566757493188
1315,10826,0.125,0.79634375,0.9860498735092157,1.0,69.64577656675748
1316,22241,0.31513749999999996,0.7744375,0.9759547042524996,1.0,69.64577656675748
1317,11422,0.3625,0.87303125,0.9653294783760993,1.0,69.63487738419617
1318,23520,0.12499999999999992,0.79315625,0.9851222744247681,0.3448275862068966,69.53846153846153
1319,24185,0.303125,0.8158125,0.9877484640404769,1.0,69.5367847411444
1320,12367,0.6125,0.8503437500000001,0.9739549451873267,1.0,69.51498637602178
1321,12224,0.375,0.79984375,0.9989157932779182,0.6206896551724137,69.50833333333333
1322,10592,0.1125,0.871875,0.62643055053608,1.0,69.42779291553133
1323,11213,0.125,0.82203125,0.9989157932779182,0.6206896551724137,69.41666666666666
1324,11786,0.3625,0.75,0.9248042404529574,1.0,69.38419618528609
1325,12628,0.6125,0.90625,0.7671364895795687,0.9655172413793103,69.33333333333333
1326,12621,0.6125,0.903125,0.655524635586074,0.9655172413793103,69.33333333333333
1327,13040,0.625,0.90625,0.7671364895795687,0.9655172413793103,69.33333333333333
1328,13287,0.625,0.8883125,0.9325864353692326,1.0,69.31880108991824
1329,13507,0.8625,0.71875,0.62643055053608,1.0,69.31880108991824
1330,23507,0.24375,0.7978125,0.9864112757499096,1.0,69.31880108991824
1331,23537,0.31513749999999996,0.7963125,0.9860378267678592,1.0,69.31880108991824
1332,10830,0.125,0.78125,0.9501746777496686,0.6206896551724137,69.29999999999998
1333,11820,0.3625,0.79634375,0.9860498735092157,0.6206896551724137,69.24999999999999
1334,10461,0.1125,0.6875,0.7059462715335502,0.3448275862068966,69.23076923076923
1335,23525,0.24392624999999998,0.80096875,0.9870617997831587,1.0,69.20980926430516
1336,10469,0.1125,0.706,0.7761354053728465,0.27586206896551724,69.16666666666666
1337,14105,0.875,0.82659375,0.8773762197325623,0.27586206896551724,69.16666666666666
1338,12173,0.375,0.715625,0.6545717383447777,0.27586206896551724,69.16666666666666
1339,12114,0.375,0.79528125,0.8773762197325623,0.27586206896551724,69.16666666666666
1340,10421,0.1125,0.82203125,0.9989157932779182,0.27586206896551724,69.16666666666666
1341,11160,0.125,0.715625,0.62643055053608,0.6206896551724137,69.16666666666666
1342,12178,0.375,0.70125,0.7658836284784966,0.27586206896551724,69.16666666666666
1343,10623,0.1125,0.929875,0.7440320443320082,1.0,69.00272479564032
1344,11212,0.125,0.8294374999999998,0.9969883146608842,0.0,68.99999999999999
1345,12221,0.375,0.82203125,0.9989157932779182,0.0,68.99999999999999
1346,14048,0.875,0.90625,0.7671364895795687,0.0,68.99999999999999
1347,11031,0.125,0.903125,0.655524635586074,0.0,68.99999999999999
1348,13175,0.625,0.71875,0.62643055053608,1.0,68.991825613079
1349,22322,0.375,0.7837500000000001,0.9934586194434405,0.6206896551724137,68.91666666666666
1350,13480,0.8625,0.684375,0.6508384531984098,0.48275862068965514,68.82352941176471
1351,12225,0.375,0.7924375,0.9969883146608842,1.0,68.77384196185285
1352,20303,0.3387875,0.88225,0.9539332610528852,1.0,68.77384196185285
1353,11294,0.125,0.840625,0.958089386820865,1.0,68.73024523160761
1354,10826,0.125,0.79634375,0.9860498735092157,0.9655172413793103,68.66666666666666
1355,12039,0.375,0.903125,0.655524635586074,0.9655172413793103,68.66666666666666
1356,22238,0.3625,0.7837500000000001,0.9813155041561258,0.6896551724137931,68.66666666666666
1357,12221,0.375,0.82203125,0.9989157932779182,0.6896551724137931,68.66666666666666
1358,22864,0.3625,0.8369375,0.9818817009998795,0.6896551724137931,68.66666666666666
1359,13047,0.625,0.903125,0.655524635586074,0.9655172413793103,68.66666666666666
1360,22949,0.6125,0.849375,0.9746536561860017,0.9655172413793103,68.66666666666666
1361,10557,0.1125,0.82659375,0.8773762197325623,0.9655172413793103,68.66666666666666
1362,23545,0.125,0.805625,0.9997470184315143,0.9655172413793103,68.66666666666666
1363,23532,0.31513749999999996,0.8025,0.9873147813516442,1.0,68.66485013623976
1364,14195,0.875,0.706,0.7761354053728465,1.0,68.66485013623976
1365,14030,0.875,0.9375,0.6752463558607397,1.0,68.66485013623976
1366,22936,0.375,0.849375,0.9746536561860017,1.0,68.66485013623976
1367,12499,0.6125,0.71875,0.62643055053608,1.0,68.66485013623976
1368,12794,0.6125,0.75,0.9248042404529574,1.0,68.59945504087192
1369,11630,0.3625,0.9252812499999999,0.7551740754126008,1.0,68.57765667574931
1370,20931,0.18447125,0.76109375,0.9654499457896638,1.0,68.55585831062669
1371,13493,0.8625,0.706,0.7761354053728465,1.0,68.55585831062669
1372,22896,0.12499999999999992,0.83690625,0.9940368630285508,0.6206896551724137,68.49999999999999
1373,23536,0.33882500000000004,0.79475,0.9856161908203831,0.6206896551724137,68.49999999999999
1374,12597,0.6125,0.8508437499999999,0.8653776653415252,1.0,68.41416893732969
1375,11821,0.3625,0.8028437499999999,0.9873750150584266,0.27586206896551724,68.33333333333333
1376,22244,0.3625,0.7713125,0.9860619202505723,0.27586206896551724,68.33333333333333
1377,11476,0.3625,0.70125,0.7658836284784966,0.27586206896551724,68.33333333333333
1378,12487,0.6125,0.715625,0.6545717383447777,0.27586206896551724,68.33333333333333
1379,10429,0.1125,0.7631875,0.9796651005902903,0.27586206896551724,68.33333333333333
1380,10419,0.1125,0.8368125,0.9940850499939766,0.27586206896551724,68.33333333333333
1381,10532,0.1125,0.79528125,0.8773762197325623,0.27586206896551724,68.33333333333333
1382,10533,0.1125,0.8023125,0.8788820624021202,0.6206896551724137,68.24999999999999
1383,24151,0.24392624999999998,0.82284375,0.9866883508011083,1.0,68.22888283378745
1384,13035,0.625,0.929875,0.7440320443320082,1.0,68.17438692098091
1385,13098,0.625,0.833625,0.8749909649439825,1.0,68.14168937329698
1386,24175,0.31513749999999996,0.8243750000000001,0.9863389953017708,1.0,68.11989100817438
1387,10428,0.1125,0.7704375,0.9854234429586796,1.0,68.11989100817438
1388,12874,0.625,0.75,0.9248042404529574,1.0,68.0217983651226
1389,23506,0.27344999999999997,0.795875,0.985929406095651,1.0,68.01089918256129
1390,21591,0.3625,0.8588125,0.9671967232863511,0.9655172413793103,67.99999999999999
1391,12306,0.375,0.82128125,0.9870015660763762,0.6896551724137931,67.99999999999999
1392,13629,0.8625,0.903125,0.655524635586074,0.9655172413793103,67.99999999999999
1393,11433,0.3625,0.7924375,0.9969883146608842,0.9655172413793103,67.99999999999999
1394,22877,0.12499999999999992,0.83690625,0.9819057944825923,0.3448275862068966,67.99999999999999
1395,11210,0.125,0.844125,0.9902300927599084,0.0,67.99999999999999
1396,12039,0.375,0.903125,0.655524635586074,0.0,67.99999999999999
1397,20933,0.125,0.765,0.9688591735935429,0.0,67.99999999999999
1398,22322,0.375,0.7837500000000001,0.9934586194434405,0.0,67.99999999999999
1399,10425,0.1125,0.7924375,0.9969883146608842,0.0,67.99999999999999
1400,10556,0.1125,0.8195625,0.8788820624021202,0.0,67.99999999999999
1401,23534,0.3625,0.805625,0.9877002770750511,0.48275862068965514,67.94117647058823
1402,20916,0.125,0.7618750000000001,0.9661366100469823,0.3448275862068966,67.92307692307692
1403,11303,0.125,0.8125,0.9575954704252498,1.0,67.90190735694821
1404,23535,0.3625,0.7931874999999999,0.9851343211661244,0.48275862068965514,67.88235294117646
1405,21025,0.375,0.765,0.981195036742561,0.6206896551724137,67.83333333333333
1406,12089,0.375,0.82659375,0.8773762197325623,0.6206896551724137,67.83333333333333
1407,12598,0.6125,0.8579062499999999,0.8598602578002649,1.0,67.82561307901906
1408,20933,0.125,0.765,0.9688591735935429,1.0,67.79291553133514
1409,14050,0.875,0.903125,0.62643055053608,0.3448275862068966,67.69230769230768
1410,22236,0.31513749999999996,0.780625,0.9797012408143597,1.0,67.68392370572205
1411,13454,0.8625,0.756,0.9729671123960967,0.6206896551724137,67.66666666666666
1412,13196,0.625,0.684375,0.6508384531984098,0.48275862068965514,67.6470588235294
1413,12188,0.375,0.684375,0.6508384531984098,0.48275862068965514,67.6470588235294
1414,14310,0.875,0.8634375000000001,0.9629442235875195,1.0,67.57493188010898
1415,14231,0.875,0.865875,0.9729671123960967,1.0,67.57493188010898
1416,13157,0.625,0.746875,0.62643055053608,1.0,67.57493188010898
1417,20273,0.1547425,0.87946875,0.9448379713287555,1.0,67.57493188010898
1418,11729,0.3625,0.6673125,0.7767256956993133,0.27586206896551724,67.49999999999999
1419,24164,0.12499999999999992,0.81503125,0.9878086977472593,0.27586206896551724,67.49999999999999
1420,10813,0.1125,0.8028437499999999,0.9873750150584266,0.27586206896551724,67.49999999999999
1421,14309,0.875,0.85690625,0.96883508011083,0.27586206896551724,67.49999999999999
1422,11820,0.3625,0.79634375,0.9860498735092157,0.27586206896551724,67.49999999999999
1423,13186,0.625,0.70125,0.7658836284784966,0.27586206896551724,67.49999999999999
1424,22249,0.125,0.7837500000000001,0.9934586194434405,0.27586206896551724,67.49999999999999
1425,20933,0.125,0.765,0.9688591735935429,0.27586206896551724,67.49999999999999
1426,12306,0.375,0.82128125,0.9870015660763762,0.27586206896551724,67.49999999999999
1427,13492,0.8625,0.70125,0.7658836284784966,0.27586206896551724,67.49999999999999
1428,14030,0.875,0.9375,0.6752463558607397,0.27586206896551724,67.49999999999999
1429,10418,0.1125,0.844125,0.9902300927599084,0.27586206896551724,67.49999999999999
1430,11158,0.125,0.71875,0.7718949524153716,0.27586206896551724,67.49999999999999
1431,11165,0.125,0.715625,0.6545717383447777,0.27586206896551724,67.49999999999999
1432,10558,0.1125,0.833625,0.8749909649439825,0.27586206896551724,67.49999999999999
1433,11171,0.125,0.706,0.7761354053728465,0.27586206896551724,67.49999999999999
1434,13439,0.8625,0.865875,0.9729671123960967,0.27586206896551724,67.49999999999999
1435,23539,0.125,0.79003125,0.9961450427659317,0.27586206896551724,67.49999999999999
1436,12573,0.6125,0.82659375,0.8773762197325623,0.27586206896551724,67.49999999999999
1437,14237,0.875,0.82203125,0.9989157932779182,1.0,67.4659400544959
1438,24278,0.398725,0.8259375,0.99802433441754,1.0,67.4659400544959
1439,14106,0.875,0.833625,0.8749909649439825,1.0,67.38964577656674
1440,24186,0.2734375,0.81775,0.9875436694374171,1.0,67.35694822888281
1441,12167,0.375,0.71875,0.62643055053608,1.0,67.35694822888281
1442,22217,0.14874749999999998,0.7821875,0.9805324659679556,1.0,67.35694822888281
1443,11620,0.3625,0.90625,0.7671364895795687,0.9655172413793103,67.33333333333333
1444,12477,0.6125,0.6875,0.7059462715335502,0.6896551724137931,67.33333333333333
1445,13191,0.625,0.6875,0.7059462715335502,0.6896551724137931,67.33333333333333
1446,12168,0.375,0.715625,0.62643055053608,0.9655172413793103,67.33333333333333
1447,12032,0.375,0.90625,0.7671364895795687,0.9655172413793103,67.33333333333333
1448,22877,0.12499999999999992,0.83690625,0.9819057944825923,0.9655172413793103,67.33333333333333
1449,12183,0.375,0.6875,0.7059462715335502,0.6896551724137931,67.33333333333333
1450,11345,0.3625,0.82128125,0.9870015660763762,0.6206896551724137,67.24999999999999
1451,22229,0.24392624999999998,0.77909375,0.9788338754366943,1.0,67.24795640326974
1452,10947,0.125,0.871875,0.9468497771352848,1.0,67.13896457765667
1453,13292,0.625,0.84375,0.978279725334297,1.0,67.02997275204358
1454,12369,0.6125,0.8634375000000001,0.9629442235875195,1.0,67.02997275204358
1455,11207,0.125,0.865875,0.9729671123960967,0.0,66.99999999999999
1456,12168,0.375,0.715625,0.62643055053608,0.0,66.99999999999999
1457,12628,0.6125,0.90625,0.7671364895795687,0.0,66.99999999999999
1458,22238,0.3625,0.7837500000000001,0.9813155041561258,0.0,66.99999999999999
1459,22244,0.3625,0.7713125,0.9860619202505723,0.0,66.99999999999999
1460,13629,0.8625,0.903125,0.655524635586074,0.0,66.99999999999999
1461,11025,0.125,0.90625,0.62643055053608,0.0,66.99999999999999
1462,11429,0.3625,0.82203125,0.9989157932779182,0.0,66.99999999999999
1463,13047,0.625,0.903125,0.655524635586074,0.0,66.99999999999999
1464,13040,0.625,0.90625,0.7671364895795687,0.0,66.99999999999999
1465,11160,0.125,0.715625,0.62643055053608,0.0,66.99999999999999
1466,10419,0.1125,0.8368125,0.9940850499939766,1.0,66.9209809264305
1467,12294,0.375,0.8634375000000001,0.9629442235875195,0.6206896551724137,66.91666666666666
1468,24194,0.125,0.8275,0.9975906517287073,0.3448275862068966,66.84615384615384
1469,14078,0.875,0.8508437499999999,0.8653776653415252,1.0,66.83378746594003
1470,12440,0.6125,0.79984375,0.9989157932779182,1.0,66.81198910081743
1471,23527,0.18446375,0.8048437500000001,0.9876279966269124,1.0,66.81198910081743
1472,13036,0.625,0.90625,0.6545717383447777,1.0,66.75749318801088
1473,20265,0.3625,0.87753125,0.9473196000481869,1.0,66.70299727520435
1474,23613,0.375,0.79315625,0.9972172027466569,0.3448275862068966,66.69230769230768
1475,12640,0.6125,0.934375,0.65293579086857,0.13793103448275862,66.66666666666667
1476,14201,0.875,0.684375,0.62643055053608,0.13793103448275862,66.66666666666667
1477,12225,0.375,0.7924375,0.9969883146608842,0.9655172413793103,66.66666666666666
1478,11469,0.3625,0.6875,0.7059462715335502,0.6896551724137931,66.66666666666666
1479,11031,0.125,0.903125,0.655524635586074,0.9655172413793103,66.66666666666666
1480,10612,0.1125,0.90625,0.7671364895795687,0.9655172413793103,66.66666666666666
1481,10605,0.1125,0.903125,0.655524635586074,0.9655172413793103,66.66666666666666
1482,10556,0.1125,0.8195625,0.8788820624021202,0.9655172413793103,66.66666666666666
1483,11625,0.3625,0.90625,0.62643055053608,0.6206896551724137,66.66666666666666
1484,10778,0.1125,0.75,0.9248042404529574,0.27586206896551724,66.66666666666666
1485,13181,0.625,0.715625,0.6545717383447777,0.27586206896551724,66.66666666666666
1486,11479,0.3625,0.715625,0.6545717383447777,0.27586206896551724,66.66666666666666
1487,12484,0.6125,0.70125,0.7658836284784966,0.27586206896551724,66.66666666666666
1488,12436,0.6125,0.8294374999999998,0.9969883146608842,0.27586206896551724,66.66666666666666
1489,22872,0.3625,0.849375,0.9746536561860017,0.27586206896551724,66.66666666666666
1490,13581,0.8625,0.82659375,0.8773762197325623,0.27586206896551724,66.66666666666666
1491,13095,0.625,0.8195625,0.8788820624021202,0.27586206896551724,66.66666666666666
1492,13448,0.8625,0.79984375,0.9989157932779182,0.27586206896551724,66.66666666666666
1493,11159,0.125,0.71875,0.62643055053608,0.27586206896551724,66.66666666666666
1494,12993,0.625,0.934375,0.7682568365257197,1.0,66.61580381471389
1495,13640,0.8625,0.90625,0.6545717383447777,1.0,66.59400544959126
1496,12221,0.375,0.82203125,0.9989157932779182,0.3448275862068966,66.53846153846153
1497,22235,0.29143749999999996,0.7790625,0.9788338754366943,1.0,66.48501362397819
1498,14204,0.875,0.684375,0.6508384531984098,0.48275862068965514,66.47058823529412
1499,21005,0.6125,0.7618750000000001,0.9661366100469823,0.48275862068965514,66.41176470588235
1500,14244,0.875,0.7704375,0.9854234429586796,1.0,66.37602179836512
1501,11020,0.125,0.90625,0.6545717383447777,1.0,66.37602179836512
1502,10468,0.1125,0.70125,0.7658836284784966,0.6206896551724137,66.33333333333333
1503,24178,0.24375,0.8196875,0.9872665943862186,1.0,66.26702997275203
1504,23614,0.375,0.79003125,0.9961450427659317,1.0,66.26702997275203
1505,11874,0.375,0.76290625,0.9138296590772196,1.0,66.16893732970026
1506,12021,0.375,0.934375,0.7324515118660402,0.3448275862068966,66.15384615384615
1507,13605,0.8625,0.8508437499999999,0.8653776653415252,1.0,66.13623978201633
1508,22211,0.24375,0.7759375000000001,0.9769425370437297,1.0,66.04904632152588
1509,13606,0.8625,0.8579062499999999,0.8598602578002649,1.0,66.04904632152588
1510,11432,0.3625,0.79984375,0.9989157932779182,0.9655172413793103,65.99999999999999
1511,23540,0.12499999999999992,0.79315625,0.9972172027466569,0.9655172413793103,65.99999999999999
1512,11217,0.125,0.7924375,0.9969883146608842,0.6896551724137931,65.99999999999999
1513,21577,0.12499999999999992,0.85878125,0.9672328635104203,0.0,65.99999999999999
1514,24164,0.12499999999999992,0.81503125,0.9878086977472593,0.0,65.99999999999999
1515,12621,0.6125,0.903125,0.655524635586074,0.0,65.99999999999999
1516,12225,0.375,0.7924375,0.9969883146608842,0.0,65.99999999999999
1517,12493,0.6125,0.715625,0.62643055053608,0.0,65.99999999999999
1518,22965,0.375,0.83690625,0.9940368630285508,0.0,65.99999999999999
1519,21559,0.125,0.8712500000000001,0.9547885796891941,1.0,65.94005449591279
1520,24176,0.33882500000000004,0.8259375,0.9859414528370076,1.0,65.94005449591279
1521,10456,0.1125,0.684375,0.6508384531984098,0.48275862068965514,65.88235294117646
1522,11863,0.375,0.77153125,0.9739549451873267,0.6206896551724137,65.84166666666665
1523,12633,0.6125,0.90625,0.62643055053608,0.6206896551724137,65.83333333333333
1524,14245,0.875,0.7631875,0.9796651005902903,0.27586206896551724,65.83333333333333
1525,12033,0.375,0.90625,0.62643055053608,0.6206896551724137,65.83333333333333
1526,14194,0.875,0.70125,0.7658836284784966,0.27586206896551724,65.83333333333333
1527,12224,0.375,0.79984375,0.9989157932779182,0.27586206896551724,65.83333333333333
1528,11486,0.3625,0.71875,0.7718949524153716,0.27586206896551724,65.83333333333333
1529,13495,0.8625,0.715625,0.6545717383447777,0.27586206896551724,65.83333333333333
1530,22936,0.375,0.849375,0.9746536561860017,0.27586206896551724,65.83333333333333
1531,10875,0.125,0.746875,0.884001927478617,1.0,65.83106267029972
1532,14309,0.875,0.85690625,0.96883508011083,1.0,65.83106267029972
1533,11900,0.375,0.6875,0.7682568365257197,1.0,65.83106267029972
1534,23585,0.3987375,0.8040625,0.9875316226960605,1.0,65.83106267029972
1535,22225,0.3625,0.786875,0.9827611131189014,0.3448275862068966,65.76923076923076
1536,22210,0.27346250000000005,0.774,0.9756655824599445,1.0,65.72207084468664
1537,11512,0.3625,0.75,0.62643055053608,1.0,65.72207084468664
1538,14183,0.875,0.71875,0.62643055053608,1.0,65.72207084468664
1539,23038,0.625,0.849375,0.9868931454041681,1.0,65.72207084468664
1540,11222,0.125,0.756,0.9729671123960967,1.0,65.72207084468664
1541,20992,0.375,0.7618750000000001,0.9661366100469823,0.48275862068965514,65.70588235294117
1542,12574,0.6125,0.833625,0.8749909649439825,1.0,65.6784741144414
1543,12446,0.6125,0.756,0.9729671123960967,0.48275862068965514,65.6470588235294
1544,12028,0.375,0.90625,0.6545717383447777,1.0,65.62397820163487
1545,23504,0.33282500000000004,0.79196875,0.9847367787013611,1.0,65.61307901907355
1546,11638,0.3625,0.9375,0.6752463558607397,0.6206896551724137,65.58333333333333
1547,24194,0.125,0.8275,0.9975906517287073,0.13793103448275862,65.55555555555556
1548,11140,0.125,0.75,0.62643055053608,1.0,65.50408719346048
1549,10584,0.1125,0.871875,0.6538959161546801,1.0,65.50408719346048
1550,11167,0.125,0.692,0.7440320443320082,1.0,65.50408719346048
1551,24152,0.214185,0.82478125,0.986242621370919,1.0,65.50408719346048
1552,23524,0.2735625,0.80290625,0.9873750150584266,1.0,65.3950953678474
1553,24184,0.3328125,0.81384375,0.9878809781953981,1.0,65.3950953678474
1554,23513,0.14873750000000002,0.8040625,0.9875316226960605,1.0,65.3950953678474
1555,12828,0.6125,0.79634375,0.9860498735092157,1.0,65.3950953678474
1556,12216,0.375,0.8586874999999999,0.9796651005902903,1.0,65.3950953678474
1557,12212,0.375,0.8870625000000001,0.9472834598241175,1.0,65.3950953678474
1558,13029,0.625,0.934375,0.7324515118660402,0.3448275862068966,65.38461538461537
1559,12034,0.375,0.903125,0.62643055053608,0.3448275862068966,65.38461538461537
1560,13042,0.625,0.903125,0.62643055053608,0.3448275862068966,65.38461538461537
1561,15593,0.3625,0.6775,0.8249126611251656,1.0,65.36239782016348
1562,11613,0.3625,0.903125,0.655524635586074,0.9655172413793103,65.33333333333333
1563,14199,0.875,0.6875,0.7059462715335502,0.6896551724137931,65.33333333333333
1564,12293,0.375,0.85690625,0.96883508011083,0.9655172413793103,65.33333333333333
1565,20949,0.125,0.7618750000000001,0.9785086134200698,0.9655172413793103,65.33333333333333
1566,22891,0.3625,0.83378125,0.9953860980604745,0.9655172413793103,65.33333333333333
1567,11024,0.125,0.90625,0.7671364895795687,0.9655172413793103,65.33333333333333
1568,12434,0.6125,0.844125,0.9902300927599084,0.6896551724137931,65.33333333333333
1569,24165,0.12500000000000003,0.8275,0.9855077701481749,0.6206896551724137,65.33333333333333
1570,11045,0.125,0.871875,0.62643055053608,1.0,65.32970027247956
1571,14050,0.875,0.903125,0.62643055053608,0.48275862068965514,65.29411764705883
1572,22968,0.6125,0.849375,0.9868931454041681,1.0,65.28610354223432
1573,22286,0.40474999999999994,0.7849062499999999,0.9818817009998795,1.0,65.28610354223432
1574,11170,0.125,0.70125,0.7658836284784966,0.6206896551724137,65.24999999999999
1575,22950,0.6125,0.8369375,0.9818817009998795,0.48275862068965514,65.11764705882354
1576,12908,0.625,0.6875,0.7682568365257197,1.0,65.06811989100817
1577,14080,0.875,0.8579062499999999,0.8598602578002649,1.0,65.03542234332424
1578,11012,0.125,0.934375,0.65293579086857,0.8275862068965517,65.0
1579,22860,0.3625,0.83378125,0.9832791229972292,0.27586206896551724,64.99999999999999
1580,13377,0.8625,0.8634375000000001,0.9629442235875195,0.27586206896551724,64.99999999999999
1581,14241,0.875,0.7924375,0.9969883146608842,0.27586206896551724,64.99999999999999
1582,10414,0.1125,0.87303125,0.9653294783760993,0.27586206896551724,64.99999999999999
1583,11565,0.3625,0.82659375,0.8773762197325623,0.27586206896551724,64.99999999999999
1584,13641,0.8625,0.90625,0.62643055053608,0.6206896551724137,64.99999999999999
1585,13041,0.625,0.90625,0.62643055053608,0.6206896551724137,64.99999999999999
1586,21668,0.375,0.8712500000000001,0.9673292374412721,0.27586206896551724,64.99999999999999
1587,11079,0.125,0.8195625,0.8788820624021202,0.27586206896551724,64.99999999999999
1588,12026,0.375,0.9252812499999999,0.7551740754126008,0.27586206896551724,64.99999999999999
1589,12440,0.6125,0.79984375,0.9989157932779182,0.27586206896551724,64.99999999999999
1590,11025,0.125,0.90625,0.62643055053608,0.6206896551724137,64.99999999999999
1591,12090,0.375,0.833625,0.8749909649439825,0.27586206896551724,64.99999999999999
1592,12435,0.6125,0.8368125,0.9940850499939766,0.27586206896551724,64.99999999999999
1593,12033,0.375,0.90625,0.62643055053608,0.0,64.99999999999999
1594,12292,0.375,0.8503437500000001,0.9739549451873267,0.0,64.99999999999999
1595,21623,0.125,0.8712500000000001,0.9673292374412721,0.0,64.99999999999999
1596,11433,0.3625,0.7924375,0.9969883146608842,0.0,64.99999999999999
1597,12437,0.6125,0.82203125,0.9989157932779182,0.0,64.99999999999999
1598,23523,0.3032125,0.8048437500000001,0.9876279966269124,0.6206896551724137,64.91666666666666
1599,11221,0.125,0.7631875,0.9796651005902903,0.6206896551724137,64.83333333333333
1600,22238,0.3625,0.7837500000000001,0.9813155041561258,0.48275862068965514,64.82352941176471
1601,13806,0.8625,0.7584375,0.9629442235875195,0.6206896551724137,64.74999999999999
1602,23526,0.2142,0.80290625,0.9873750150584266,1.0,64.74114441416893
1603,14232,0.875,0.8586874999999999,0.9796651005902903,1.0,64.74114441416893
1604,10892,0.125,0.6875,0.7682568365257197,1.0,64.74114441416893
1605,11180,0.125,0.684375,0.6508384531984098,0.48275862068965514,64.70588235294117
1606,12434,0.6125,0.844125,0.9902300927599084,0.3448275862068966,64.69230769230768
1607,22965,0.375,0.83690625,0.9940368630285508,0.9655172413793103,64.66666666666666
1608,21720,0.625,0.85878125,0.9672328635104203,0.9655172413793103,64.66666666666666
1609,13176,0.625,0.715625,0.62643055053608,0.9655172413793103,64.66666666666666
1610,12367,0.6125,0.8503437500000001,0.9739549451873267,0.9655172413793103,64.66666666666666
1611,13485,0.8625,0.6875,0.7059462715335502,0.6896551724137931,64.66666666666666
1612,22319,0.375,0.77128125,0.9860257800265027,0.6896551724137931,64.66666666666666
1613,11485,0.3625,0.715625,0.62643055053608,0.9655172413793103,64.66666666666666
1614,12493,0.6125,0.715625,0.62643055053608,0.9655172413793103,64.66666666666666
1615,10488,0.1125,0.746875,0.6534465727020841,1.0,64.63215258855584
1616,12627,0.6125,0.903125,0.62643055053608,0.3448275862068966,64.61538461538461
1617,10611,0.1125,0.903125,0.62643055053608,0.3448275862068966,64.61538461538461
1618,11619,0.3625,0.903125,0.62643055053608,0.3448275862068966,64.61538461538461
1619,13635,0.8625,0.903125,0.62643055053608,0.3448275862068966,64.61538461538461
1620,12643,0.6125,0.934375,0.7324515118660402,0.3448275862068966,64.61538461538461
1621,11635,0.3625,0.934375,0.7324515118660402,0.3448275862068966,64.61538461538461
1622,11013,0.125,0.934375,0.7324515118660402,0.3448275862068966,64.61538461538461
1623,20949,0.125,0.7618750000000001,0.9785086134200698,0.3448275862068966,64.53846153846153
1624,24191,0.3625,0.8150625,0.9998554391037224,1.0,64.52316076294277
1625,10366,0.1125,0.8883125,0.9325864353692326,1.0,64.52316076294277
1626,23598,0.6125,0.7931874999999999,0.9851343211661244,1.0,64.52316076294277
1627,14042,0.875,0.9252812499999999,0.7551740754126008,1.0,64.51226158038146
1628,20991,0.375,0.765,0.9688591735935429,0.6206896551724137,64.49999999999999
1629,22242,0.291475,0.77596875,0.9769545837850862,1.0,64.41416893732969
1630,13184,0.625,0.6875,0.7324515118660402,1.0,64.41416893732969
1631,13361,0.8625,0.82128125,0.9870015660763762,1.0,64.41416893732969
1632,12646,0.6125,0.9375,0.6752463558607397,0.6206896551724137,64.33333333333333
1633,10466,0.1125,0.692,0.7440320443320082,1.0,64.3051771117166
1634,13802,0.8625,0.75,0.9248042404529574,1.0,64.3051771117166
1635,12176,0.375,0.6875,0.7324515118660402,1.0,64.3051771117166
1636,14054,0.875,0.903125,0.6846187206360679,1.0,64.25068119891007
1637,13444,0.8625,0.8294374999999998,0.9969883146608842,0.27586206896551724,64.16666666666666
1638,10478,0.1125,0.71875,0.7718949524153716,0.27586206896551724,64.16666666666666
1639,13034,0.625,0.9252812499999999,0.7551740754126008,0.27586206896551724,64.16666666666666
1640,21726,0.8625,0.8588125,0.9671967232863511,0.27586206896551724,64.16666666666666
1641,22248,0.3625,0.7837500000000001,0.9934586194434405,0.27586206896551724,64.16666666666666
1642,14235,0.875,0.8368125,0.9940850499939766,0.27586206896551724,64.16666666666666
1643,14308,0.875,0.8503437500000001,0.9739549451873267,0.27586206896551724,64.16666666666666
1644,11359,0.3625,0.8503437500000001,0.9739549451873267,0.27586206896551724,64.16666666666666
1645,14189,0.875,0.715625,0.6545717383447777,0.27586206896551724,64.16666666666666
1646,11220,0.125,0.7704375,0.9854234429586796,0.27586206896551724,64.16666666666666
1647,24177,0.3625,0.8275,0.9855077701481749,0.27586206896551724,64.16666666666666
1648,14103,0.875,0.8195625,0.8788820624021202,0.27586206896551724,64.16666666666666
1649,11018,0.125,0.9252812499999999,0.7551740754126008,0.27586206896551724,64.16666666666666
1650,13582,0.8625,0.833625,0.8749909649439825,1.0,64.10899182561306
1651,11154,0.125,0.71875,0.655524635586074,1.0,64.08719346049045
1652,24180,0.18437625,0.8158125,0.9877484640404769,1.0,64.08719346049045
1653,14165,0.875,0.746875,0.62643055053608,1.0,64.08719346049045
1654,22249,0.125,0.7837500000000001,0.9934586194434405,0.6206896551724137,64.08333333333333
1655,11814,0.3625,0.78125,0.9501746777496686,0.9655172413793103,64.06666666666666
1656,10531,0.1125,0.78825,0.8749909649439825,1.0,64.04359673024521
1657,24259,0.375,0.8275,0.9975906517287073,0.8275862068965517,64.0
1658,14245,0.875,0.7631875,0.9796651005902903,0.9655172413793103,63.99999999999999
1659,22225,0.3625,0.786875,0.9827611131189014,0.9655172413793103,63.99999999999999
1660,22936,0.375,0.849375,0.9746536561860017,0.9655172413793103,63.99999999999999
1661,11625,0.3625,0.90625,0.62643055053608,0.9655172413793103,63.99999999999999
1662,11361,0.3625,0.8634375000000001,0.9629442235875195,0.9655172413793103,63.99999999999999
1663,11426,0.3625,0.844125,0.9902300927599084,0.9655172413793103,63.99999999999999
1664,11175,0.125,0.6875,0.7059462715335502,0.6896551724137931,63.99999999999999
1665,11429,0.3625,0.82203125,0.9989157932779182,0.6896551724137931,63.99999999999999
1666,24166,0.14872749999999998,0.8259375,0.9859414528370076,0.6206896551724137,63.99999999999999
1667,12633,0.6125,0.90625,0.62643055053608,0.0,63.999999999999986
1668,22248,0.3625,0.7837500000000001,0.9934586194434405,0.0,63.999999999999986
1669,13176,0.625,0.715625,0.62643055053608,0.0,63.999999999999986
1670,11298,0.125,0.82128125,0.9870015660763762,0.0,63.999999999999986
1671,23509,0.1843725,0.7939375,0.9853632092518974,0.0,63.999999999999986
1672,11485,0.3625,0.715625,0.62643055053608,0.0,63.999999999999986
1673,11432,0.3625,0.79984375,0.9989157932779182,0.0,63.999999999999986
1674,23542,0.3625,0.805625,0.9997470184315143,0.0,63.999999999999986
1675,13501,0.8625,0.715625,0.62643055053608,0.0,63.999999999999986
1676,14043,0.875,0.929875,0.7440320443320082,1.0,63.98910081743868
1677,22287,0.375,0.786875,0.9827611131189014,1.0,63.97820163487737
1678,13022,0.625,0.9375,0.6752463558607397,0.6206896551724137,63.91666666666666
1679,10870,0.125,0.72715625,0.8990362606914829,1.0,63.86920980926429
1680,10782,0.1125,0.7584375,0.9629442235875195,1.0,63.86920980926429
1681,23519,0.14872625,0.79471875,0.9856041440790265,1.0,63.86920980926429
1682,13651,0.8625,0.934375,0.7324515118660402,0.3448275862068966,63.84615384615384
1683,12168,0.375,0.715625,0.62643055053608,0.3448275862068966,63.84615384615384
1684,14037,0.875,0.934375,0.7324515118660402,0.3448275862068966,63.84615384615384
1685,10932,0.125,0.7382187499999999,0.8647873750150584,1.0,63.77111716621252
1686,11631,0.3625,0.929875,0.7440320443320082,1.0,63.760217983651216
1687,23518,0.17246625,0.79628125,0.9860257800265027,1.0,63.760217983651216
1688,24156,0.3625,0.8306250000000001,0.9844837971328756,0.6206896551724137,63.74999999999999
1689,12639,0.6125,0.929875,0.7440320443320082,1.0,63.71662125340598
1690,10532,0.1125,0.79528125,0.8773762197325623,0.6206896551724137,63.66666666666666
1691,12156,0.375,0.746875,0.6534465727020841,1.0,63.651226158038135
1692,24171,0.31513749999999996,0.8181875,0.9874834357306348,1.0,63.651226158038135
1693,10855,0.125,0.77153125,0.9739549451873267,1.0,63.651226158038135
1694,10616,0.1125,0.90625,0.6545717383447777,1.0,63.5967302452316
1695,10465,0.1125,0.6875,0.7324515118660402,1.0,63.54223433242505
1696,10415,0.1125,0.865875,0.9729671123960967,1.0,63.54223433242505
1697,12627,0.6125,0.903125,0.62643055053608,0.48275862068965514,63.529411764705884
1698,12034,0.375,0.903125,0.62643055053608,0.48275862068965514,63.529411764705884
1699,13042,0.625,0.903125,0.62643055053608,0.48275862068965514,63.529411764705884
1700,20937,0.3388,0.7603125000000001,0.9647150945669196,0.6206896551724137,63.49999999999999
1701,10430,0.1125,0.756,0.9729671123960967,1.0,63.43324250681198
1702,12481,0.6125,0.6875,0.7324515118660402,1.0,63.43324250681198
1703,24158,0.3032125,0.8267187500000001,0.9857246114925913,0.6206896551724137,63.41666666666666
1704,12676,0.6125,0.934375,0.7682568365257197,1.0,63.35694822888282
1705,10467,0.1125,0.69659375,0.7551740754126008,0.13793103448275862,63.333333333333336
1706,11169,0.125,0.69659375,0.7551740754126008,0.13793103448275862,63.333333333333336
1707,24190,0.3625,0.8275,0.9975906517287073,0.9655172413793103,63.33333333333333
1708,13185,0.625,0.69659375,0.7551740754126008,0.6896551724137931,63.33333333333333
1709,10461,0.1125,0.6875,0.7059462715335502,0.6896551724137931,63.33333333333333
1710,10827,0.125,0.8028437499999999,0.9873750150584266,0.6896551724137931,63.33333333333333
1711,12483,0.6125,0.69659375,0.7551740754126008,0.6896551724137931,63.33333333333333
1712,11475,0.3625,0.69659375,0.7551740754126008,0.6896551724137931,63.33333333333333
1713,24169,0.3625,0.8150625,0.9877966510059029,0.6896551724137931,63.33333333333333
1714,12638,0.6125,0.9252812499999999,0.7551740754126008,0.27586206896551724,63.33333333333332
1715,22949,0.6125,0.849375,0.9746536561860017,0.27586206896551724,63.33333333333332
1716,10622,0.1125,0.9252812499999999,0.7551740754126008,0.27586206896551724,63.33333333333332
1717,13174,0.625,0.71875,0.7718949524153716,0.27586206896551724,63.33333333333332
1718,11081,0.125,0.82659375,0.8773762197325623,0.6206896551724137,63.33333333333332
1719,12494,0.6125,0.71875,0.7718949524153716,0.27586206896551724,63.33333333333332
1720,12166,0.375,0.71875,0.7718949524153716,0.27586206896551724,63.33333333333332
1721,23542,0.3625,0.805625,0.9997470184315143,0.27586206896551724,63.33333333333332
1722,22339,0.39871249999999997,0.77284375,0.9871099867485844,0.6206896551724137,63.33333333333332
1723,11020,0.125,0.90625,0.6545717383447777,0.27586206896551724,63.33333333333332
1724,12173,0.375,0.715625,0.6545717383447777,0.6206896551724137,63.33333333333332
1725,11215,0.125,0.80725,0.9998795325864354,0.27586206896551724,63.33333333333332
1726,13227,0.625,0.8368125,0.9940850499939766,0.27586206896551724,63.33333333333332
1727,12805,0.6125,0.75196875,0.9562703288760389,1.0,63.3242506811989
1728,12482,0.6125,0.692,0.7440320443320082,1.0,63.3242506811989
1729,13453,0.8625,0.7631875,0.9796651005902903,0.6206896551724137,63.24999999999999
1730,13122,0.625,0.79528125,0.8773762197325623,1.0,63.23705722070844
1731,24169,0.3625,0.8150625,0.9877966510059029,0.3448275862068966,63.23076923076922
1732,21591,0.3625,0.8588125,0.9671967232863511,1.0,63.215258855585816
1733,12359,0.6125,0.840625,0.9800385495723407,0.6206896551724137,63.16666666666666
1734,23533,0.3388125,0.8040625,0.9875316226960605,0.6206896551724137,63.16666666666666
1735,22240,0.3388375,0.772875,0.9749066377544873,1.0,63.10626702997274
1736,11211,0.125,0.8368125,0.9940850499939766,1.0,63.10626702997274
1737,23540,0.12499999999999992,0.79315625,0.9972172027466569,0.3448275862068966,62.99999999999999
1738,10424,0.1125,0.79984375,0.9989157932779182,0.0,62.999999999999986
1739,10423,0.1125,0.80725,0.9998795325864354,0.0,62.999999999999986
1740,11285,0.125,0.85690625,0.96883508011083,0.0,62.999999999999986
1741,13041,0.625,0.90625,0.62643055053608,0.0,62.999999999999986
1742,10738,0.1125,0.7068125000000001,0.7915190940850501,0.0,62.999999999999986
1743,12089,0.375,0.82659375,0.8773762197325623,0.0,62.999999999999986
1744,10826,0.125,0.79634375,0.9860498735092157,0.0,62.999999999999986
1745,11426,0.3625,0.844125,0.9902300927599084,0.0,62.999999999999986
1746,10830,0.125,0.78125,0.9501746777496686,0.0,62.999999999999986
1747,12220,0.375,0.8294374999999998,0.9969883146608842,0.0,62.999999999999986
1748,11437,0.3625,0.7631875,0.9796651005902903,0.0,62.999999999999986
1749,11006,0.125,0.9375,0.6752463558607397,0.0,62.999999999999986
1750,12512,0.6125,0.746875,0.62643055053608,1.0,62.99727520435966
1751,11473,0.3625,0.6875,0.7324515118660402,1.0,62.99727520435966
1752,10611,0.1125,0.903125,0.62643055053608,0.48275862068965514,62.94117647058823
1753,11619,0.3625,0.903125,0.62643055053608,0.48275862068965514,62.94117647058823
1754,13635,0.8625,0.903125,0.62643055053608,0.48275862068965514,62.94117647058823
1755,12021,0.375,0.934375,0.7324515118660402,0.48275862068965514,62.94117647058823
1756,22891,0.3625,0.83378125,0.9953860980604745,0.3448275862068966,62.92307692307691
1757,11474,0.3625,0.692,0.7440320443320082,1.0,62.88828337874658
1758,24172,0.29145000000000004,0.81971875,0.9872665943862186,1.0,62.88828337874658
1759,13224,0.625,0.8586874999999999,0.9796651005902903,1.0,62.88828337874658
1760,24259,0.375,0.8275,0.9975906517287073,0.48275862068965514,62.88235294117647
1761,10423,0.1125,0.80725,0.9998795325864354,1.0,62.779291553133504
1762,13183,0.625,0.692,0.7440320443320082,1.0,62.779291553133504
1763,13490,0.8625,0.692,0.7440320443320082,1.0,62.779291553133504
1764,24174,0.2914625,0.8228125000000001,0.9866883508011083,1.0,62.779291553133504
1765,11815,0.3625,0.78125,0.9280809541019153,0.27586206896551724,62.74999999999999
1766,12115,0.375,0.8023125,0.8788820624021202,0.6206896551724137,62.74999999999999
1767,11438,0.3625,0.756,0.9729671123960967,0.6206896551724137,62.74999999999999
1768,11079,0.125,0.8195625,0.8788820624021202,1.0,62.72479564032696
1769,10829,0.125,0.78125,0.9280809541019153,1.0,62.68119891008173
1770,14234,0.875,0.844125,0.9902300927599084,1.0,62.67029972752042
1771,12446,0.6125,0.756,0.9729671123960967,0.9655172413793103,62.66666666666666
1772,14236,0.875,0.8294374999999998,0.9969883146608842,0.9655172413793103,62.66666666666666
1773,22246,0.12499999999999992,0.77128125,0.9860257800265027,0.9655172413793103,62.66666666666666
1774,10425,0.1125,0.7924375,0.9969883146608842,0.6896551724137931,62.66666666666666
1775,12224,0.375,0.79984375,0.9989157932779182,0.9655172413793103,62.66666666666666
1776,13491,0.8625,0.69659375,0.7551740754126008,0.6896551724137931,62.66666666666666
1777,12089,0.375,0.82659375,0.8773762197325623,0.9655172413793103,62.66666666666666
1778,11213,0.125,0.82203125,0.9989157932779182,0.9655172413793103,62.66666666666666
1779,12177,0.375,0.69659375,0.7551740754126008,0.6896551724137931,62.66666666666666
1780,24157,0.332875,0.8286562499999999,0.9851343211661244,0.6206896551724137,62.58333333333332
1781,24257,0.404725,0.8286562499999999,0.9851343211661244,0.6206896551724137,62.58333333333332
1782,12484,0.6125,0.70125,0.7658836284784966,0.6206896551724137,62.58333333333332
1783,12227,0.375,0.7777499999999999,0.9902300927599084,1.0,62.56130790190734
1784,22208,0.3328375,0.77009375,0.9729189254306709,0.3448275862068966,62.53846153846153
1785,22314,0.375,0.76815625,0.9714251295024696,0.3448275862068966,62.53846153846153
1786,11432,0.3625,0.79984375,0.9989157932779182,0.3448275862068966,62.53846153846153
1787,10851,0.125,0.778125,0.9116251054089869,1.0,62.528610354223424
1788,10770,0.1125,0.7693749999999999,0.8973135766775088,1.0,62.506811989100804
1789,13232,0.625,0.79984375,0.9989157932779182,0.27586206896551724,62.49999999999999
1790,11834,0.375,0.79634375,0.9860498735092157,0.27586206896551724,62.49999999999999
1791,10483,0.1125,0.71875,0.62643055053608,0.27586206896551724,62.49999999999999
1792,13646,0.8625,0.9252812499999999,0.7551740754126008,0.27586206896551724,62.49999999999999
1793,11630,0.3625,0.9252812499999999,0.7551740754126008,0.27586206896551724,62.49999999999999
1794,11284,0.125,0.8503437500000001,0.9739549451873267,0.27586206896551724,62.49999999999999
1795,11345,0.3625,0.82128125,0.9870015660763762,0.27586206896551724,62.49999999999999
1796,12028,0.375,0.90625,0.6545717383447777,0.27586206896551724,62.49999999999999
1797,11374,0.3625,0.8883125,0.9325864353692326,0.27586206896551724,62.49999999999999
1798,12353,0.6125,0.82128125,0.9870015660763762,0.27586206896551724,62.49999999999999
1799,10329,0.1125,0.83165625,0.8878448379713287,0.27586206896551724,62.49999999999999
1800,13502,0.8625,0.71875,0.7718949524153716,0.27586206896551724,62.49999999999999
1801,14042,0.875,0.9252812499999999,0.7551740754126008,0.27586206896551724,62.49999999999999
1802,13228,0.625,0.8294374999999998,0.9969883146608842,0.27586206896551724,62.49999999999999
1803,12434,0.6125,0.844125,0.9902300927599084,0.27586206896551724,62.49999999999999
1804,22390,0.625,0.7837500000000001,0.9934586194434405,0.27586206896551724,62.49999999999999
1805,11436,0.3625,0.7704375,0.9854234429586796,0.27586206896551724,62.49999999999999
1806,11863,0.375,0.77153125,0.9739549451873267,0.3448275862068966,62.43076923076922
1807,22207,0.3625,0.76815625,0.9714251295024696,0.6206896551724137,62.41666666666666
1808,13186,0.625,0.70125,0.7658836284784966,0.6206896551724137,62.41666666666666
1809,12014,0.375,0.9375,0.6752463558607397,0.6206896551724137,62.41666666666666
1810,13029,0.625,0.934375,0.7324515118660402,0.48275862068965514,62.35294117647059
1811,11176,0.125,0.6875,0.62643055053608,1.0,62.343324250681185
1812,10627,0.1125,0.934375,0.7324515118660402,0.3448275862068966,62.3076923076923
1813,11026,0.125,0.903125,0.62643055053608,0.3448275862068966,62.3076923076923
1814,11875,0.375,0.7693749999999999,0.8973135766775088,1.0,62.267029972752034
1815,10630,0.1125,0.9375,0.6752463558607397,0.6206896551724137,62.24999999999999
1816,11107,0.125,0.8023125,0.8788820624021202,1.0,62.24850136239781
1817,22230,0.21421625,0.7810312500000001,0.9799180821587761,1.0,62.23433242506811
1818,12175,0.375,0.692,0.7440320443320082,1.0,62.23433242506811
1819,12087,0.375,0.8195625,0.8788820624021202,0.6206896551724137,62.16666666666666
1820,13436,0.8625,0.8870625000000001,0.9472834598241175,1.0,62.12534059945503
1821,22224,0.12499999999999992,0.77128125,0.9737742440669798,0.6206896551724137,62.08333333333332
1822,12178,0.375,0.70125,0.7658836284784966,0.6206896551724137,62.08333333333332
1823,13097,0.625,0.82659375,0.8773762197325623,0.6206896551724137,62.08333333333332
1824,10826,0.125,0.79634375,0.9860498735092157,0.6206896551724137,62.08333333333332
1825,11476,0.3625,0.70125,0.7658836284784966,0.6206896551724137,62.08333333333332
1826,14295,0.875,0.8883125,0.9325864353692326,1.0,62.01634877384195
1827,12428,0.6125,0.8870625000000001,0.9472834598241175,1.0,62.01634877384195
1828,13745,0.8625,0.6673125,0.7767256956993133,1.0,62.01634877384195
1829,11378,0.3625,0.89471875,0.8990362606914829,1.0,62.005449591280644
1830,22950,0.6125,0.8369375,0.9818817009998795,0.6896551724137931,61.99999999999999
1831,21005,0.6125,0.7618750000000001,0.9661366100469823,0.9655172413793103,61.99999999999999
1832,14309,0.875,0.85690625,0.96883508011083,0.9655172413793103,61.99999999999999
1833,13641,0.8625,0.90625,0.62643055053608,0.9655172413793103,61.99999999999999
1834,10533,0.1125,0.8023125,0.8788820624021202,0.9655172413793103,61.99999999999999
1835,14184,0.875,0.715625,0.62643055053608,0.9655172413793103,61.99999999999999
1836,13501,0.8625,0.715625,0.62643055053608,0.9655172413793103,61.99999999999999
1837,22896,0.12499999999999992,0.83690625,0.9940368630285508,0.9655172413793103,61.99999999999999
1838,11216,0.125,0.79984375,0.9989157932779182,0.6896551724137931,61.99999999999999
1839,13641,0.8625,0.90625,0.62643055053608,0.0,61.999999999999986
1840,11786,0.3625,0.75,0.9248042404529574,0.0,61.999999999999986
1841,14184,0.875,0.715625,0.62643055053608,0.0,61.999999999999986
1842,12646,0.6125,0.9375,0.6752463558607397,0.0,61.999999999999986
1843,11428,0.3625,0.8294374999999998,0.9969883146608842,0.0,61.999999999999986
1844,11729,0.3625,0.6673125,0.7767256956993133,0.0,61.999999999999986
1845,13237,0.625,0.7631875,0.9796651005902903,1.0,61.983651226158024
1846,23021,0.8625,0.849375,0.9746536561860017,1.0,61.90735694822887
1847,11168,0.125,0.6875,0.7324515118660402,1.0,61.90735694822887
1848,10606,0.1125,0.903125,0.6846187206360679,1.0,61.85286103542233
1849,11790,0.3625,0.7584375,0.9629442235875195,0.6206896551724137,61.83333333333332
1850,11566,0.3625,0.833625,0.8749909649439825,1.0,61.831062670299715
1851,13095,0.625,0.8195625,0.8788820624021202,1.0,61.820163487738405
1852,14044,0.875,0.90625,0.6545717383447777,1.0,61.820163487738405
1853,10771,0.1125,0.76290625,0.9138296590772196,1.0,61.8092643051771
1854,22858,0.154705,0.8357187500000001,0.9824478978436332,1.0,61.79836512261579
1855,14047,0.875,0.90625,0.7389965064450066,1.0,61.77656675749318
1856,11635,0.3625,0.934375,0.7324515118660402,0.48275862068965514,61.76470588235294
1857,12643,0.6125,0.934375,0.7324515118660402,0.48275862068965514,61.76470588235294
1858,11013,0.125,0.934375,0.7324515118660402,0.48275862068965514,61.76470588235294
1859,14192,0.875,0.6875,0.7324515118660402,1.0,61.68937329700271
1860,24259,0.375,0.8275,0.9975906517287073,0.13793103448275862,61.666666666666664
1861,11835,0.375,0.8028437499999999,0.9873750150584266,0.27586206896551724,61.66666666666666
1862,10417,0.1125,0.8514375,0.9854234429586796,0.27586206896551724,61.66666666666666
1863,12284,0.375,0.84375,0.978279725334297,0.27586206896551724,61.66666666666666
1864,13302,0.625,0.8634375000000001,0.9629442235875195,0.27586206896551724,61.66666666666666
1865,22966,0.375,0.83378125,0.9953860980604745,0.6206896551724137,61.66666666666666
1866,10771,0.1125,0.76290625,0.9138296590772196,0.27586206896551724,61.66666666666666
1867,13181,0.625,0.715625,0.6545717383447777,0.6206896551724137,61.66666666666666
1868,11790,0.3625,0.7584375,0.9629442235875195,0.27586206896551724,61.66666666666666
1869,21654,0.6125,0.8588125,0.9671967232863511,0.27586206896551724,61.66666666666666
1870,11491,0.3625,0.71875,0.62643055053608,0.27586206896551724,61.66666666666666
1871,13580,0.8625,0.8195625,0.8788820624021202,0.27586206896551724,61.66666666666666
1872,11479,0.3625,0.715625,0.6545717383447777,0.6206896551724137,61.66666666666666
1873,13223,0.625,0.865875,0.9729671123960967,0.27586206896551724,61.66666666666666
1874,13123,0.625,0.8023125,0.8788820624021202,0.27586206896551724,61.66666666666666
1875,12487,0.6125,0.715625,0.6545717383447777,0.6206896551724137,61.66666666666666
1876,14049,0.875,0.90625,0.62643055053608,0.6206896551724137,61.66666666666666
1877,23517,0.19619625000000002,0.7978125,0.986423322491266,1.0,61.580381471389636
1878,20445,0.625,0.88065625,0.9560293940489097,1.0,61.580381471389636
1879,13176,0.625,0.715625,0.62643055053608,0.3448275862068966,61.53846153846153
1880,12493,0.6125,0.715625,0.62643055053608,0.3448275862068966,61.53846153846153
1881,10804,0.1125,0.7876562500000001,0.8868570051800987,1.0,61.51498637602179
1882,10738,0.1125,0.7068125000000001,0.7915190940850501,0.6206896551724137,61.49999999999999
1883,10558,0.1125,0.833625,0.8749909649439825,0.6206896551724137,61.49999999999999
1884,13164,0.625,0.746875,0.6534465727020841,1.0,61.471389645776554
1885,10813,0.1125,0.8028437499999999,0.9873750150584266,1.0,61.471389645776554
1886,24167,0.17246625,0.8243750000000001,0.9863389953017708,1.0,61.471389645776554
1887,12798,0.6125,0.7584375,0.9629442235875195,0.48275862068965514,61.470588235294116
1888,15542,0.3625,0.6775,0.8096373930851704,1.0,61.460490463215244
1889,12038,0.375,0.903125,0.6846187206360679,1.0,61.41689373297002
1890,24186,0.2734375,0.81775,0.9875436694374171,0.0,61.39999999999999
1891,12760,0.6125,0.6875,0.7682568365257197,1.0,61.36239782016347
1892,10477,0.1125,0.715625,0.62643055053608,0.9655172413793103,61.33333333333333
1893,12033,0.375,0.90625,0.62643055053608,0.9655172413793103,61.33333333333333
1894,13041,0.625,0.90625,0.62643055053608,0.9655172413793103,61.33333333333333
1895,21648,0.375,0.85878125,0.9672328635104203,0.6896551724137931,61.33333333333333
1896,11638,0.3625,0.9375,0.6752463558607397,0.9655172413793103,61.33333333333333
1897,11428,0.3625,0.8294374999999998,0.9969883146608842,0.9655172413793103,61.33333333333333
1898,23008,0.625,0.849375,0.9746536561860017,0.9655172413793103,61.33333333333333
1899,20993,0.3987625,0.7603125000000001,0.9647150945669196,0.6206896551724137,61.33333333333332
1900,24183,0.3625,0.81190625,0.9879532586435369,0.6206896551724137,61.33333333333332
1901,14200,0.875,0.6875,0.62643055053608,1.0,61.2534059945504
1902,24153,0.18446,0.8267187500000001,0.9857246114925913,1.0,61.2534059945504
1903,24250,0.6125,0.8306250000000001,0.9844837971328756,1.0,61.2534059945504
1904,23531,0.29145000000000004,0.8009375000000001,0.9870617997831587,1.0,61.2534059945504
1905,13654,0.8625,0.9375,0.6752463558607397,0.6206896551724137,61.24999999999999
1906,11600,0.3625,0.871875,0.62643055053608,1.0,61.209809264305164
1907,23507,0.24375,0.7978125,0.9864112757499096,0.0,61.19999999999999
1908,12183,0.375,0.6875,0.7059462715335502,0.48275862068965514,61.1764705882353
1909,13651,0.8625,0.934375,0.7324515118660402,0.48275862068965514,61.1764705882353
1910,14037,0.875,0.934375,0.7324515118660402,0.48275862068965514,61.1764705882353
1911,13492,0.8625,0.70125,0.7658836284784966,0.6206896551724137,61.16666666666666
1912,14105,0.875,0.82659375,0.8773762197325623,0.6206896551724137,61.16666666666666
1913,12842,0.625,0.79634375,0.9860498735092157,1.0,61.14441416893732
1914,12184,0.375,0.6875,0.62643055053608,1.0,61.14441416893732
1915,10470,0.1125,0.7107812499999999,0.7859414528370076,1.0,61.14441416893732
1916,11013,0.125,0.934375,0.7324515118660402,0.13793103448275862,61.111111111111114
1917,10611,0.1125,0.903125,0.62643055053608,0.13793103448275862,61.111111111111114
1918,12188,0.375,0.684375,0.6508384531984098,0.13793103448275862,61.111111111111114
1919,12472,0.6125,0.684375,0.6508384531984098,0.13793103448275862,61.111111111111114
1920,13480,0.8625,0.684375,0.6508384531984098,0.13793103448275862,61.111111111111114
1921,11464,0.3625,0.684375,0.6508384531984098,0.13793103448275862,61.111111111111114
1922,14229,0.875,0.88009375,0.9567642452716538,1.0,61.035422343324235
1923,13238,0.625,0.756,0.9729671123960967,1.0,61.035422343324235
1924,11361,0.3625,0.8634375000000001,0.9629442235875195,0.6206896551724137,60.99999999999999
1925,14030,0.875,0.9375,0.6752463558607397,0.6206896551724137,60.99999999999999
1926,10858,0.125,0.75,0.9248042404529574,0.0,60.999999999999986
1927,11438,0.3625,0.756,0.9729671123960967,0.0,60.999999999999986
1928,10418,0.1125,0.844125,0.9902300927599084,0.0,60.999999999999986
1929,11625,0.3625,0.90625,0.62643055053608,0.0,60.999999999999986
1930,24333,0.625,0.8275,0.9975906517287073,0.0,60.999999999999986
1931,10469,0.1125,0.706,0.7761354053728465,0.0,60.999999999999986
1932,10897,0.125,0.7068125000000001,0.7915190940850501,0.0,60.999999999999986
1933,13630,0.8625,0.903125,0.6846187206360679,1.0,60.99182561307901
1934,11141,0.125,0.746875,0.62643055053608,1.0,60.97002724795639
1935,12622,0.6125,0.903125,0.6846187206360679,1.0,60.959128065395085
1936,11263,0.125,0.875,0.9282857487049753,1.0,60.92643051771116
1937,10485,0.1125,0.725625,0.8127815925792072,1.0,60.92643051771116
1938,11752,0.3625,0.6875,0.7682568365257197,1.0,60.92643051771116
1939,11052,0.125,0.871875,0.6538959161546801,1.0,60.86103542234331
1940,11668,0.3625,0.934375,0.7682568365257197,1.0,60.850136239782
1941,13233,0.625,0.7924375,0.9969883146608842,0.27586206896551724,60.83333333333332
1942,13300,0.625,0.8503437500000001,0.9739549451873267,0.27586206896551724,60.83333333333332
1943,22233,0.125,0.786875,0.9827611131189014,0.27586206896551724,60.83333333333332
1944,13442,0.8625,0.844125,0.9902300927599084,0.27586206896551724,60.83333333333332
1945,21720,0.625,0.85878125,0.9672328635104203,0.27586206896551724,60.83333333333332
1946,10617,0.1125,0.90625,0.62643055053608,0.6206896551724137,60.83333333333332
1947,12367,0.6125,0.8503437500000001,0.9739549451873267,0.27586206896551724,60.83333333333332
1948,10812,0.1125,0.79634375,0.9860498735092157,0.27586206896551724,60.83333333333332
1949,13449,0.8625,0.7924375,0.9969883146608842,0.27586206896551724,60.83333333333332
1950,14182,0.875,0.71875,0.7718949524153716,0.27586206896551724,60.83333333333332
1951,12632,0.6125,0.90625,0.6545717383447777,0.27586206896551724,60.83333333333332
1952,11905,0.375,0.7068125000000001,0.7915190940850501,0.27586206896551724,60.83333333333332
1953,23008,0.625,0.849375,0.9746536561860017,0.27586206896551724,60.83333333333332
1954,13443,0.8625,0.8368125,0.9940850499939766,0.27586206896551724,60.83333333333332
1955,22878,0.125,0.849375,0.9746536561860017,0.27586206896551724,60.83333333333332
1956,13837,0.8625,0.8028437499999999,0.9873750150584266,0.27586206896551724,60.83333333333332
1957,12572,0.6125,0.8195625,0.8788820624021202,0.27586206896551724,60.83333333333332
1958,11006,0.125,0.9375,0.6752463558607397,0.6206896551724137,60.83333333333332
1959,23535,0.3625,0.7931874999999999,0.9851343211661244,0.27586206896551724,60.83333333333332
1960,10977,0.125,0.934375,0.7682568365257197,1.0,60.82833787465939
1961,22246,0.12499999999999992,0.77128125,0.9860257800265027,0.48275862068965514,60.8235294117647
1962,13882,0.875,0.75,0.9248042404529574,1.0,60.81743869209808
1963,11139,0.125,0.75,0.8186844958438743,1.0,60.81743869209808
1964,24230,0.4046875,0.81384375,0.9878809781953981,1.0,60.81743869209808
1965,12126,0.375,0.778125,0.62643055053608,1.0,60.81743869209808
1966,11485,0.3625,0.715625,0.62643055053608,0.3448275862068966,60.76923076923076
1967,22949,0.6125,0.849375,0.9746536561860017,0.6206896551724137,60.74999999999999
1968,23529,0.125,0.8087500000000001,0.9879171184194675,1.0,60.708446866485005
1969,14191,0.875,0.692,0.7440320443320082,1.0,60.708446866485005
1970,24151,0.24392624999999998,0.82284375,0.9866883508011083,0.0,60.69999999999999
1971,13520,0.8625,0.746875,0.62643055053608,1.0,60.697547683923695
1972,14050,0.875,0.903125,0.62643055053608,0.6896551724137931,60.66666666666666
1973,10467,0.1125,0.69659375,0.7551740754126008,0.6896551724137931,60.66666666666666
1974,22935,0.375,0.8525,0.97237682206963,0.9655172413793103,60.66666666666666
1975,12292,0.375,0.8503437500000001,0.9739549451873267,0.9655172413793103,60.66666666666666
1976,14193,0.875,0.69659375,0.7551740754126008,0.6896551724137931,60.66666666666666
1977,20938,0.3625,0.7618750000000001,0.9661366100469823,0.9655172413793103,60.66666666666666
1978,12633,0.6125,0.90625,0.62643055053608,0.9655172413793103,60.66666666666666
1979,12021,0.375,0.934375,0.7324515118660402,0.6896551724137931,60.66666666666666
1980,11026,0.125,0.903125,0.62643055053608,0.48275862068965514,60.588235294117645
1981,13191,0.625,0.6875,0.7059462715335502,0.48275862068965514,60.588235294117645
1982,11469,0.3625,0.6875,0.7059462715335502,0.48275862068965514,60.588235294117645
1983,12477,0.6125,0.6875,0.7059462715335502,0.48275862068965514,60.588235294117645
1984,23512,0.125,0.805625,0.9877002770750511,0.13793103448275862,60.55555555555556
1985,10352,0.1125,0.85690625,0.96883508011083,0.13793103448275862,60.55555555555556
1986,23525,0.24392624999999998,0.80096875,0.9870617997831587,0.0,60.499999999999986
1987,22216,0.12499999999999996,0.7837500000000001,0.9813155041561258,0.48275862068965514,60.470588235294116
1988,22313,0.40466250000000004,0.77009375,0.9729189254306709,0.3448275862068966,60.46153846153845
1989,22944,0.375,0.83690625,0.9819057944825923,0.6206896551724137,60.41666666666666
1990,10482,0.1125,0.71875,0.655524635586074,1.0,60.40326975476838
1991,23513,0.14873750000000002,0.8040625,0.9875316226960605,0.0,60.39999999999999
1992,12035,0.375,0.903125,0.7718949524153716,1.0,60.39237057220707
1993,24152,0.214185,0.82478125,0.986242621370919,0.0,60.29999999999999
1994,14233,0.875,0.8514375,0.9854234429586796,1.0,60.272479564032686
1995,22301,0.6125,0.7837500000000001,0.9813155041561258,1.0,60.272479564032686
1996,11221,0.125,0.7631875,0.9796651005902903,0.9655172413793103,60.26666666666666
1997,22211,0.24375,0.7759375000000001,0.9769425370437297,0.0,60.19999999999999
1998,21720,0.625,0.85878125,0.9672328635104203,1.0,60.163487738419605
1999,21641,0.3987,0.8696875000000001,0.9565112637031683,1.0,60.163487738419605
2000,23508,0.21405124999999997,0.795875,0.985929406095651,1.0,60.163487738419605
2001,10827,0.125,0.8028437499999999,0.9873750150584266,1.0,60.163487738419605
2002,10557,0.1125,0.82659375,0.8773762197325623,0.3448275862068966,60.153846153846146
2003,12188,0.375,0.684375,0.6508384531984098,0.8275862068965517,60.0
2004,10624,0.1125,0.934375,0.65293579086857,0.8275862068965517,60.0
2005,14204,0.875,0.684375,0.6508384531984098,0.8275862068965517,60.0
2006,10460,0.1125,0.684375,0.62643055053608,0.8275862068965517,60.0
2007,11632,0.3625,0.934375,0.65293579086857,0.8275862068965517,60.0
2008,12472,0.6125,0.684375,0.6508384531984098,0.8275862068965517,60.0
2009,13480,0.8625,0.684375,0.6508384531984098,0.8275862068965517,60.0
2010,11177,0.125,0.684375,0.62643055053608,0.8275862068965517,60.0
2011,11464,0.3625,0.684375,0.6508384531984098,0.8275862068965517,60.0
2012,13196,0.625,0.684375,0.6508384531984098,0.8275862068965517,60.0
2013,21577,0.12499999999999992,0.85878125,0.9672328635104203,0.13793103448275862,60.0
2014,20916,0.125,0.7618750000000001,0.9661366100469823,0.13793103448275862,60.0
2015,11175,0.125,0.6875,0.7059462715335502,0.13793103448275862,60.0
2016,10627,0.1125,0.934375,0.7324515118660402,0.48275862068965514,60.0
2017,12034,0.375,0.903125,0.62643055053608,0.6896551724137931,59.99999999999999
2018,11169,0.125,0.69659375,0.7551740754126008,0.6896551724137931,59.99999999999999
2019,11635,0.3625,0.934375,0.7324515118660402,0.6896551724137931,59.99999999999999
2020,24194,0.125,0.8275,0.9975906517287073,0.6896551724137931,59.99999999999999
2021,12087,0.375,0.8195625,0.8788820624021202,0.9655172413793103,59.99999999999999
2022,11345,0.3625,0.82128125,0.9870015660763762,0.6896551724137931,59.99999999999999
2023,20949,0.125,0.7618750000000001,0.9785086134200698,0.6896551724137931,59.99999999999999
2024,13300,0.625,0.8503437500000001,0.9739549451873267,0.9655172413793103,59.99999999999999
2025,12627,0.6125,0.903125,0.62643055053608,0.6896551724137931,59.99999999999999
2026,23545,0.125,0.805625,0.9997470184315143,0.6896551724137931,59.99999999999999
2027,21598,0.3625,0.8712500000000001,0.9673292374412721,0.9655172413793103,59.99999999999999
2028,24262,0.375,0.81503125,0.9998554391037224,0.9655172413793103,59.99999999999999
2029,23612,0.375,0.805625,0.9997470184315143,0.6896551724137931,59.99999999999999
2030,10477,0.1125,0.715625,0.62643055053608,0.3448275862068966,59.99999999999999
2031,23612,0.375,0.805625,0.9997470184315143,0.27586206896551724,59.99999999999999
2032,22859,0.125,0.83378125,0.9832791229972292,0.27586206896551724,59.99999999999999
2033,11624,0.3625,0.90625,0.6545717383447777,0.27586206896551724,59.99999999999999
2034,11107,0.125,0.8023125,0.8788820624021202,0.27586206896551724,59.99999999999999
2035,11793,0.3625,0.778125,0.9116251054089869,0.27586206896551724,59.99999999999999
2036,10471,0.1125,0.715625,0.6545717383447777,0.6206896551724137,59.99999999999999
2037,13361,0.8625,0.82128125,0.9870015660763762,0.27586206896551724,59.99999999999999
2038,11617,0.3625,0.903125,0.7718949524153716,0.27586206896551724,59.99999999999999
2039,10413,0.1125,0.88009375,0.9567642452716538,0.27586206896551724,59.99999999999999
2040,22950,0.6125,0.8369375,0.9818817009998795,0.27586206896551724,59.99999999999999
2041,21744,0.8625,0.8712500000000001,0.9673292374412721,0.27586206896551724,59.99999999999999
2042,13098,0.625,0.833625,0.8749909649439825,0.27586206896551724,59.99999999999999
2043,22893,0.3625,0.849375,0.9868931454041681,0.27586206896551724,59.99999999999999
2044,13921,0.875,0.7068125000000001,0.7915190940850501,0.27586206896551724,59.99999999999999
2045,12754,0.6125,0.7068125000000001,0.7915190940850501,0.27586206896551724,59.99999999999999
2046,12149,0.375,0.746875,0.62643055053608,0.27586206896551724,59.99999999999999
2047,11486,0.3625,0.71875,0.7718949524153716,0.6206896551724137,59.99999999999999
2048,23544,0.3625,0.7931874999999999,0.9972292494880134,0.27586206896551724,59.99999999999999
2049,12913,0.625,0.7068125000000001,0.7915190940850501,0.27586206896551724,59.99999999999999
2050,13762,0.8625,0.7068125000000001,0.7915190940850501,0.27586206896551724,59.99999999999999
2051,22249,0.125,0.7837500000000001,0.9934586194434405,0.0,59.999999999999986
2052,13022,0.625,0.9375,0.6752463558607397,0.0,59.999999999999986
2053,10533,0.1125,0.8023125,0.8788820624021202,0.0,59.999999999999986
2054,12087,0.375,0.8195625,0.8788820624021202,0.0,59.999999999999986
2055,22319,0.375,0.77128125,0.9860257800265027,0.0,59.999999999999986
2056,12306,0.375,0.82128125,0.9870015660763762,0.0,59.999999999999986
2057,22233,0.125,0.786875,0.9827611131189014,0.0,59.999999999999986
2058,13654,0.8625,0.9375,0.6752463558607397,0.0,59.999999999999986
2059,22962,0.375,0.83378125,0.9832791229972292,1.0,59.94550408719345
2060,10869,0.125,0.73371875,0.8866401638356823,1.0,59.923705722070835
2061,22865,0.3388,0.8385,0.9811348030357788,0.6206896551724137,59.91666666666666
2062,13633,0.8625,0.903125,0.7718949524153716,1.0,59.8801089918256
2063,13375,0.8625,0.8503437500000001,0.9739549451873267,1.0,59.83651226158037
2064,20942,0.2914875,0.75409375,0.9585592097337668,1.0,59.83651226158037
2065,22209,0.30313749999999995,0.7720625,0.9743283941693772,0.6206896551724137,59.83333333333332
2066,11426,0.3625,0.844125,0.9902300927599084,0.6206896551724137,59.83333333333332
2067,24164,0.12499999999999992,0.81503125,0.9878086977472593,0.6206896551724137,59.83333333333332
2068,13046,0.625,0.903125,0.6846187206360679,1.0,59.74168937329699
2069,11437,0.3625,0.7631875,0.9796651005902903,0.9655172413793103,59.73333333333333
2070,20932,0.1547675,0.7630312499999999,0.9671846765449945,1.0,59.72752043596729
2071,22891,0.3625,0.83378125,0.9953860980604745,0.48275862068965514,59.705882352941174
2072,13073,0.625,0.8649374999999999,0.8534513913986266,1.0,59.662125340599445
2073,13441,0.8625,0.8514375,0.9854234429586796,1.0,59.61852861035421
2074,10704,0.1125,0.7382187499999999,0.8647873750150584,1.0,59.61852861035421
2075,13768,0.8625,0.6875,0.7682568365257197,1.0,59.61852861035421
2076,12433,0.6125,0.8514375,0.9854234429586796,0.6206896551724137,59.599999999999994
2077,14194,0.875,0.70125,0.7658836284784966,0.6206896551724137,59.58333333333332
2078,24177,0.3625,0.8275,0.9855077701481749,0.6206896551724137,59.58333333333332
2079,22213,0.18436875000000003,0.7720625,0.9743283941693772,1.0,59.50953678474113
2080,22239,0.3625,0.7713125,0.9738103842910492,1.0,59.50953678474113
2081,23505,0.303125,0.7939375,0.9853632092518974,0.6206896551724137,59.49999999999999
2082,24176,0.33882500000000004,0.8259375,0.9859414528370076,0.6206896551724137,59.49999999999999
2083,12306,0.375,0.82128125,0.9870015660763762,0.48275862068965514,59.470588235294116
2084,23536,0.33882500000000004,0.79475,0.9856161908203831,0.3448275862068966,59.46153846153845
2085,13036,0.625,0.90625,0.6545717383447777,0.27586206896551724,59.41666666666666
2086,20957,0.3625,0.765,0.981195036742561,0.3448275862068966,59.38461538461538
2087,12026,0.375,0.9252812499999999,0.7551740754126008,1.0,59.35694822888282
2088,13442,0.8625,0.844125,0.9902300927599084,0.9655172413793103,59.33333333333333
2089,23542,0.3625,0.805625,0.9997470184315143,0.9655172413793103,59.33333333333333
2090,12643,0.6125,0.934375,0.7324515118660402,0.6896551724137931,59.33333333333333
2091,13029,0.625,0.934375,0.7324515118660402,0.6896551724137931,59.33333333333333
2092,12445,0.6125,0.7631875,0.9796651005902903,0.9655172413793103,59.33333333333333
2093,13445,0.8625,0.82203125,0.9989157932779182,0.9655172413793103,59.33333333333333
2094,11271,0.125,0.8883125,0.9325864353692326,0.9655172413793103,59.33333333333333
2095,22872,0.3625,0.849375,0.9746536561860017,0.9655172413793103,59.33333333333333
2096,20373,0.375,0.88065625,0.9560293940489097,0.9655172413793103,59.33333333333333
2097,13042,0.625,0.903125,0.62643055053608,0.6896551724137931,59.33333333333333
2098,10617,0.1125,0.90625,0.62643055053608,0.9655172413793103,59.33333333333333
2099,22249,0.125,0.7837500000000001,0.9934586194434405,0.9655172413793103,59.33333333333333
2100,24177,0.3625,0.8275,0.9855077701481749,0.9655172413793103,59.33333333333333
2101,11025,0.125,0.90625,0.62643055053608,0.9655172413793103,59.33333333333333
2102,14184,0.875,0.715625,0.62643055053608,0.3448275862068966,59.23076923076922
2103,13501,0.8625,0.715625,0.62643055053608,0.3448275862068966,59.23076923076922
2104,14051,0.875,0.903125,0.7718949524153716,1.0,59.1934604904632
2105,23609,0.40467499999999995,0.79196875,0.9847367787013611,1.0,59.18256130790189
2106,12882,0.625,0.76290625,0.9138296590772196,1.0,59.18256130790189
2107,23590,0.42246249999999996,0.79628125,0.9860257800265027,1.0,59.18256130790189
2108,24162,0.17246875,0.81815625,0.9874954824719914,1.0,59.18256130790189
2109,23512,0.125,0.805625,0.9877002770750511,0.48275862068965514,59.1764705882353
2110,13836,0.8625,0.79634375,0.9860498735092157,0.27586206896551724,59.16666666666666
2111,13034,0.625,0.9252812499999999,0.7551740754126008,0.6206896551724137,59.16666666666666
2112,10331,0.1125,0.8189062500000001,0.8910372244307915,0.27586206896551724,59.16666666666666
2113,13495,0.8625,0.715625,0.6545717383447777,0.6206896551724137,59.16666666666666
2114,14106,0.875,0.833625,0.8749909649439825,0.27586206896551724,59.16666666666666
2115,11746,0.3625,0.7068125000000001,0.7915190940850501,0.27586206896551724,59.16666666666666
2116,14189,0.875,0.715625,0.6545717383447777,0.6206896551724137,59.16666666666666
2117,12829,0.6125,0.8028437499999999,0.9873750150584266,0.27586206896551724,59.16666666666666
2118,14183,0.875,0.71875,0.62643055053608,0.27586206896551724,59.16666666666666
2119,12026,0.375,0.9252812499999999,0.7551740754126008,0.6206896551724137,59.16666666666666
2120,11018,0.125,0.9252812499999999,0.7551740754126008,0.6206896551724137,59.16666666666666
2121,12218,0.375,0.844125,0.9902300927599084,0.27586206896551724,59.16666666666666
2122,10622,0.1125,0.9252812499999999,0.7551740754126008,0.6206896551724137,59.16666666666666
2123,11922,0.375,0.6673125,0.7767256956993133,0.27586206896551724,59.16666666666666
2124,10804,0.1125,0.7876562500000001,0.8868570051800987,0.27586206896551724,59.16666666666666
2125,12167,0.375,0.71875,0.62643055053608,0.27586206896551724,59.16666666666666
2126,11614,0.3625,0.903125,0.6846187206360679,1.0,59.128065395095355
2127,12445,0.6125,0.7631875,0.9796651005902903,1.0,59.128065395095355
2128,24333,0.625,0.8275,0.9975906517287073,0.6206896551724137,59.08333333333332
2129,12573,0.6125,0.82659375,0.8773762197325623,0.6206896551724137,59.08333333333332
2130,22943,0.39875,0.83846875,0.9811588965184916,0.6206896551724137,59.08333333333332
2131,24179,0.2140675,0.81775,0.9875436694374171,1.0,59.07356948228882
2132,21050,0.4047625,0.7630312499999999,0.9795446331767256,1.0,59.07356948228882
2133,22233,0.125,0.786875,0.9827611131189014,1.0,59.07356948228882
2134,13192,0.625,0.6875,0.62643055053608,1.0,59.07356948228882
2135,13581,0.8625,0.82659375,0.8773762197325623,1.0,59.040871934604894
2136,11171,0.125,0.706,0.7761354053728465,0.0,58.999999999999986
2137,13445,0.8625,0.82203125,0.9989157932779182,0.0,58.999999999999986
2138,11638,0.3625,0.9375,0.6752463558607397,0.0,58.999999999999986
2139,10630,0.1125,0.9375,0.6752463558607397,0.0,58.999999999999986
2140,10471,0.1125,0.715625,0.6545717383447777,0.0,58.999999999999986
2141,12115,0.375,0.8023125,0.8788820624021202,0.0,58.999999999999986
2142,13232,0.625,0.79984375,0.9989157932779182,1.0,58.964577656675736
2143,12632,0.6125,0.90625,0.6545717383447777,1.0,58.964577656675736
2144,10457,0.1125,0.684375,0.6752463558607397,1.0,58.964577656675736
2145,10696,0.1125,0.73809375,0.8441633538127936,1.0,58.964577656675736
2146,10461,0.1125,0.6875,0.7059462715335502,0.13793103448275862,58.888888888888886
2147,23543,0.3625,0.79003125,0.9961450427659317,0.9655172413793103,58.86666666666666
2148,10475,0.1125,0.715625,0.7671364895795687,1.0,58.85558583106266
2149,23514,0.17246875,0.8025,0.9873147813516442,1.0,58.85558583106266
2150,23510,0.15467375,0.79196875,0.9847367787013611,1.0,58.85558583106266
2151,24276,0.3987375,0.81659375,0.9997229249488012,1.0,58.85558583106266
2152,10609,0.1125,0.903125,0.7718949524153716,1.0,58.83378746594004
2153,14199,0.875,0.6875,0.7059462715335502,0.48275862068965514,58.8235294117647
2154,13485,0.8625,0.6875,0.7059462715335502,0.48275862068965514,58.8235294117647
2155,24178,0.24375,0.8196875,0.9872665943862186,0.0,58.79999999999999
2156,11465,0.3625,0.684375,0.6752463558607397,1.0,58.75749318801089
2157,23545,0.125,0.805625,0.9997470184315143,0.6206896551724137,58.74999999999999
2158,11505,0.3625,0.75,0.8186844958438743,1.0,58.74659400544958
2159,11351,0.3625,0.840625,0.9800385495723407,1.0,58.74659400544958
2160,10857,0.125,0.75,0.9027707505119864,1.0,58.74659400544958
2161,11030,0.125,0.903125,0.6846187206360679,1.0,58.67029972752042
2162,23613,0.375,0.79315625,0.9972172027466569,0.6896551724137931,58.66666666666666
2163,13635,0.8625,0.903125,0.62643055053608,0.6896551724137931,58.66666666666666
2164,13651,0.8625,0.934375,0.7324515118660402,0.6896551724137931,58.66666666666666
2165,11160,0.125,0.715625,0.62643055053608,0.9655172413793103,58.66666666666666
2166,10532,0.1125,0.79528125,0.8773762197325623,0.9655172413793103,58.66666666666666
2167,21668,0.375,0.8712500000000001,0.9673292374412721,0.9655172413793103,58.66666666666666
2168,12646,0.6125,0.9375,0.6752463558607397,0.9655172413793103,58.66666666666666
2169,11270,0.125,0.8816875,0.9419226599204914,0.9655172413793103,58.66666666666666
2170,10420,0.1125,0.8294374999999998,0.9969883146608842,0.9655172413793103,58.66666666666666
2171,14037,0.875,0.934375,0.7324515118660402,0.6896551724137931,58.66666666666666
2172,24335,0.8625,0.8275,0.9975906517287073,0.9655172413793103,58.66666666666666
2173,13443,0.8625,0.8368125,0.9940850499939766,0.9655172413793103,58.66666666666666
2174,24231,0.375,0.81190625,0.9879532586435369,1.0,58.6376021798365
2175,11452,0.3625,0.66540625,0.7863028550777015,1.0,58.6376021798365
2176,12135,0.375,0.778125,0.650786652210577,1.0,58.6376021798365
2177,23685,0.625,0.79315625,0.9972172027466569,1.0,58.6376021798365
2178,13581,0.8625,0.82659375,0.8773762197325623,0.6206896551724137,58.58333333333332
2179,11423,0.3625,0.865875,0.9729671123960967,0.6206896551724137,58.58333333333332
2180,22864,0.3625,0.8369375,0.9818817009998795,0.8275862068965517,58.5
2181,10329,0.1125,0.83165625,0.8878448379713287,0.6206896551724137,58.49999999999999
2182,23519,0.14872625,0.79471875,0.9856041440790265,0.0,58.49999999999999
2183,11160,0.125,0.715625,0.62643055053608,0.3448275862068966,58.46153846153845
2184,12682,0.6125,0.914875,0.8115046379954222,1.0,58.43051771117165
2185,20958,0.3625,0.7618750000000001,0.9785086134200698,1.0,58.41961852861034
2186,10519,0.1125,0.778125,0.62643055053608,1.0,58.41961852861034
2187,12215,0.375,0.865875,0.9729671123960967,0.6206896551724137,58.41666666666666
2188,11043,0.125,0.875,0.8155402963498374,1.0,58.40871934604903
2189,11213,0.125,0.82203125,0.9989157932779182,0.13793103448275862,58.333333333333336
2190,11221,0.125,0.7631875,0.9796651005902903,0.13793103448275862,58.333333333333336
2191,11619,0.3625,0.903125,0.62643055053608,0.13793103448275862,58.333333333333336
2192,12317,0.375,0.8189062500000001,0.8910372244307915,0.27586206896551724,58.33333333333332
2193,12843,0.625,0.8028437499999999,0.9873750150584266,0.27586206896551724,58.33333333333332
2194,11785,0.3625,0.75,0.9468497771352848,0.27586206896551724,58.33333333333332
2195,13175,0.625,0.71875,0.62643055053608,0.27586206896551724,58.33333333333332
2196,10496,0.1125,0.746875,0.62643055053608,0.27586206896551724,58.33333333333332
2197,11844,0.375,0.7876562500000001,0.8868570051800987,0.27586206896551724,58.33333333333332
2198,12217,0.375,0.8514375,0.9854234429586796,0.27586206896551724,58.33333333333332
2199,14042,0.875,0.9252812499999999,0.7551740754126008,0.6206896551724137,58.33333333333332
2200,21740,0.625,0.8712500000000001,0.9673292374412721,0.27586206896551724,58.33333333333332
2201,12494,0.6125,0.71875,0.7718949524153716,0.6206896551724137,58.33333333333332
2202,13314,0.625,0.82128125,0.9870015660763762,0.27586206896551724,58.33333333333332
2203,11159,0.125,0.71875,0.62643055053608,0.6206896551724137,58.33333333333332
2204,13122,0.625,0.79528125,0.8773762197325623,0.27586206896551724,58.33333333333332
2205,13174,0.625,0.71875,0.7718949524153716,0.6206896551724137,58.33333333333332
2206,12828,0.6125,0.79634375,0.9860498735092157,0.27586206896551724,58.33333333333332
2207,22964,0.375,0.849375,0.9868931454041681,0.27586206896551724,58.33333333333332
2208,12638,0.6125,0.9252812499999999,0.7551740754126008,0.6206896551724137,58.33333333333332
2209,12228,0.375,0.7704375,0.9854234429586796,0.27586206896551724,58.33333333333332
2210,11630,0.3625,0.9252812499999999,0.7551740754126008,0.6206896551724137,58.33333333333332
2211,13646,0.8625,0.9252812499999999,0.7551740754126008,0.6206896551724137,58.33333333333332
2212,11167,0.125,0.692,0.7440320443320082,0.27586206896551724,58.33333333333332
2213,12035,0.375,0.903125,0.7718949524153716,0.27586206896551724,58.33333333333332
2214,12376,0.6125,0.84375,0.978279725334297,0.6206896551724137,58.33333333333332
2215,14131,0.875,0.8023125,0.8788820624021202,0.27586206896551724,58.33333333333332
2216,11564,0.3625,0.8195625,0.8788820624021202,1.0,58.28882833787465
2217,11341,0.3625,0.8125,0.9575954704252498,0.27586206896551724,58.24999999999999
2218,11866,0.375,0.75,0.9248042404529574,1.0,58.23433242506811
