rank,node_number,x_n,y_n,z_n,t_n,score
1,19331,0.8625,0.11498749999999999,0.9416696783520058,0.27586206896551724,29981.999199999995
2,2922,0.125,0.28125,0.7108553186363088,0.0,10009.110333333332
3,21876,0.5531375,0.14705,0.9743283941693772,0.13793103448275862,10004.999199999998
4,16373,0.12499999999999992,0.94628125,0.8192145524635586,0.6206896551724137,9091.817454545453
5,16632,0.125,0.0712375,0.8747861703409228,1.0,7697.801428571427
6,2168,0.0,0.671875,0.62643055053608,0.6206896551724137,6363.453909090908
7,19348,0.7735125,0.11227499999999999,0.9379472352728587,0.6206896551724137,6360.999363636362
8,5083,0.625,0.09375,0.62643055053608,0.6206896551724137,6292.18118181818
9,22145,0.6487499999999999,0.46968750000000004,0.9805324659679556,0.27586206896551724,6000.099299999999
10,20793,0.5414875,0.44159375,0.9585592097337668,1.0,5494.614615384614
11,23465,0.654675,0.47946875,0.9847367787013611,1.0,5494.394835164834
12,19432,0.17245625,0.41815625,0.9281773280327671,1.0,5494.394835164834
13,19133,0.8625,0.915,0.8847729189254305,0.6206896551724137,5454.453909090908
14,12849,0.625,0.8004999999999999,0.8906396819660282,0.9655172413793103,5384.3840769230765
15,16064,0.14860375,0.6446875000000001,0.7675219853029756,0.9655172413793103,4614.922538461537
16,5411,0.8625,0.090625,0.7671364895795687,0.3448275862068966,4496.635727272726
17,22738,0.6125,0.52128125,0.9832791229972292,0.0,4444.665888888888
18,16087,0.3151,0.6369374999999999,0.7938441151668474,0.27586206896551724,4000.1992999999993
19,2930,0.125,0.278125,0.6846187206360679,0.48275862068965514,3858.4609999999993
20,10652,0.1125,0.9601875,0.6691205878809782,0.9655172413793103,3846.4609999999993
21,21829,0.21993625,0.152509375,0.9900975786049874,1.0,3293.735494505494
22,16876,0.29137500000000005,0.37906249999999997,0.8633899530177087,0.6896551724137931,3076.7686923076917
23,23958,0.3625,0.5025625,0.9877966510059029,0.9655172413793103,3076.691769230769
24,9781,0.875,0.43946874999999996,0.9562703288760389,0.9655172413793103,2307.3840769230765
25,10422,0.1125,0.814625,0.9998795325864354,1.0,2197.691538461538
26,3523,0.3625,0.278125,0.62643055053608,1.0,2142.526703296703
27,6627,0.125,0.5646875,0.8525719792796047,0.13793103448275862,2001.5992999999996
28,12083,0.375,0.840625,0.7000216841344417,0.3448275862068966,1819.2720909090906
29,13101,0.625,0.8125,0.7023551379351886,0.6206896551724137,1817.1811818181816
30,4452,0.6125,0.15625,0.6509613299602457,0.8275862068965517,1325.3995333333332
31,10285,0.8625,0.528125,0.8922418985664377,0.13793103448275862,1000.6992999999998
32,23782,0.17246625,0.199375,0.9984098301409469,0.0,889.8548888888887
33,21802,0.24375,0.15094687499999998,0.9769425370437297,0.13793103448275862,802.2393999999998
34,9778,0.875,0.465625,0.9338392964703047,0.6896551724137931,692.7918461538461
35,3518,0.3625,0.278125,0.6846187206360679,1.0,678.8674725274724
36,4012,0.375,0.184375,0.7023551379351886,0.8275862068965517,469.47959999999995
37,6556,0.125,0.590625,0.6846187206360679,1.0,436.9334065934065
38,12692,0.6125,0.8967499999999999,0.8250090350560174,0.13793103448275862,399.5693999999999
39,4583,0.6125,0.309375,0.789519335019877,0.8275862068965517,275.35959999999994
40,5396,0.8625,0.059375,0.62643055053608,0.27586206896551724,239.99999999999994
41,5101,0.625,0.059375,0.62643055053608,1.0,230.65934065934061
42,5101,0.625,0.059375,0.62643055053608,0.27586206896551724,229.99999999999997
43,4384,0.6125,0.059375,0.62643055053608,0.27586206896551724,229.99999999999997
44,4089,0.375,0.059375,0.62643055053608,0.27586206896551724,229.99999999999997
45,6113,0.875,0.059375,0.62643055053608,0.27586206896551724,229.99999999999997
46,3372,0.3625,0.059375,0.62643055053608,0.27586206896551724,229.99999999999997
47,3077,0.125,0.059375,0.62643055053608,0.27586206896551724,229.99999999999997
48,2360,0.1125,0.059375,0.62643055053608,0.27586206896551724,229.99999999999997
49,4089,0.375,0.059375,0.62643055053608,1.0,228.57142857142853
50,6113,0.875,0.059375,0.62643055053608,1.0,226.59340659340654
51,4384,0.6125,0.059375,0.62643055053608,1.0,223.07692307692304
52,3372,0.3625,0.059375,0.62643055053608,1.0,222.6373626373626
53,2360,0.1125,0.059375,0.62643055053608,1.0,218.2417582417582
54,5392,0.8625,0.059375,0.6508384531984098,0.27586206896551724,199.99999999999997
55,5396,0.8625,0.059375,0.62643055053608,0.13793103448275862,199.99999999999997
56,5400,0.8625,0.0625,0.62643055053608,0.13793103448275862,199.99999999999997
57,6113,0.875,0.059375,0.62643055053608,0.13793103448275862,199.99999999999997
58,5396,0.8625,0.059375,0.62643055053608,0.0,199.99999999999997
59,6113,0.875,0.059375,0.62643055053608,0.0,199.99999999999997
60,5101,0.625,0.059375,0.62643055053608,0.6206896551724137,196.36363636363632
61,4089,0.375,0.059375,0.62643055053608,0.6206896551724137,195.4545454545454
62,3077,0.125,0.059375,0.62643055053608,0.6206896551724137,194.5454545454545
63,6113,0.875,0.059375,0.62643055053608,0.6206896551724137,191.81818181818178
64,3077,0.125,0.059375,0.62643055053608,1.0,191.69230769230765
65,5396,0.8625,0.059375,0.62643055053608,0.6206896551724137,189.99999999999997
66,4384,0.6125,0.059375,0.62643055053608,0.6206896551724137,189.99999999999997
67,3372,0.3625,0.059375,0.62643055053608,0.6206896551724137,189.99999999999997
68,5104,0.625,0.059375,0.6508384531984098,0.27586206896551724,189.99999999999997
69,5400,0.8625,0.0625,0.62643055053608,0.27586206896551724,189.99999999999997
70,4388,0.6125,0.0625,0.62643055053608,0.27586206896551724,189.99999999999997
71,4092,0.375,0.059375,0.6508384531984098,0.27586206896551724,189.99999999999997
72,6112,0.875,0.0625,0.62643055053608,0.13793103448275862,189.99999999999997
73,6112,0.875,0.0625,0.62643055053608,0.27586206896551724,189.99999999999997
74,6116,0.875,0.059375,0.6508384531984098,0.27586206896551724,189.99999999999997
75,3376,0.3625,0.0625,0.62643055053608,0.27586206896551724,189.99999999999997
76,3368,0.3625,0.059375,0.6508384531984098,0.27586206896551724,189.99999999999997
77,3080,0.125,0.059375,0.6508384531984098,0.27586206896551724,189.99999999999997
78,5101,0.625,0.059375,0.62643055053608,0.0,188.88888888888886
79,3077,0.125,0.059375,0.62643055053608,0.0,188.88888888888886
80,5104,0.625,0.059375,0.6508384531984098,1.0,186.043956043956
81,2360,0.1125,0.059375,0.62643055053608,0.6206896551724137,185.4545454545454
82,6116,0.875,0.059375,0.6508384531984098,1.0,181.97802197802193
83,3368,0.3625,0.059375,0.6508384531984098,1.0,180.4395604395604
84,5100,0.625,0.0625,0.62643055053608,0.27586206896551724,179.99999999999997
85,5392,0.8625,0.059375,0.6508384531984098,0.13793103448275862,179.99999999999997
86,4380,0.6125,0.059375,0.6508384531984098,0.27586206896551724,179.99999999999997
87,4088,0.375,0.0625,0.62643055053608,0.27586206896551724,179.99999999999997
88,3076,0.125,0.0625,0.62643055053608,0.27586206896551724,179.99999999999997
89,2364,0.1125,0.0625,0.62643055053608,0.27586206896551724,179.99999999999997
90,2356,0.1125,0.059375,0.6508384531984098,0.27586206896551724,179.99999999999997
91,4092,0.375,0.059375,0.6508384531984098,1.0,178.021978021978
92,4384,0.6125,0.059375,0.62643055053608,0.0,177.77777777777774
93,4089,0.375,0.059375,0.62643055053608,0.0,177.77777777777774
94,3372,0.3625,0.059375,0.62643055053608,0.0,177.77777777777774
95,2360,0.1125,0.059375,0.62643055053608,0.0,177.77777777777774
96,4388,0.6125,0.0625,0.62643055053608,1.0,177.58241758241755
97,4380,0.6125,0.059375,0.6508384531984098,1.0,177.36263736263732
98,5400,0.8625,0.0625,0.62643055053608,1.0,173.7362637362637
99,2364,0.1125,0.0625,0.62643055053608,1.0,173.7362637362637
100,2356,0.1125,0.059375,0.6508384531984098,1.0,173.29670329670327
101,3076,0.125,0.0625,0.62643055053608,1.0,172.96703296703294
102,5101,0.625,0.059375,0.62643055053608,0.13793103448275862,169.99999999999997
103,4089,0.375,0.059375,0.62643055053608,0.13793103448275862,169.99999999999997
104,6116,0.875,0.059375,0.6508384531984098,0.13793103448275862,169.99999999999997
105,3077,0.125,0.059375,0.62643055053608,0.13793103448275862,169.99999999999997
106,2360,0.1125,0.059375,0.62643055053608,0.13793103448275862,169.99999999999997
107,4088,0.375,0.0625,0.62643055053608,1.0,169.4505494505494
108,5392,0.8625,0.059375,0.6508384531984098,0.0,166.66666666666663
109,4089,0.375,0.059375,0.62643055053608,0.9655172413793103,164.3076923076923
110,5101,0.625,0.059375,0.62643055053608,0.9655172413793103,164.2307692307692
111,3077,0.125,0.059375,0.62643055053608,0.9655172413793103,163.2307692307692
112,5101,0.625,0.059375,0.62643055053608,0.48275862068965514,162.3076923076923
113,4089,0.375,0.059375,0.62643055053608,0.48275862068965514,162.3076923076923
114,4089,0.375,0.059375,0.62643055053608,0.6896551724137931,161.15384615384613
115,5101,0.625,0.059375,0.62643055053608,0.6896551724137931,161.07692307692307
116,6113,0.875,0.059375,0.62643055053608,0.9655172413793103,160.8461538461538
117,3077,0.125,0.059375,0.62643055053608,0.48275862068965514,160.76923076923075
118,3077,0.125,0.059375,0.62643055053608,0.6896551724137931,160.15384615384613
119,5101,0.625,0.059375,0.62643055053608,0.3448275862068966,159.99999999999997
120,4089,0.375,0.059375,0.62643055053608,0.3448275862068966,159.99999999999997
121,5104,0.625,0.059375,0.6508384531984098,0.13793103448275862,159.99999999999997
122,4388,0.6125,0.0625,0.62643055053608,0.13793103448275862,159.99999999999997
123,4384,0.6125,0.059375,0.62643055053608,0.13793103448275862,159.99999999999997
124,4092,0.375,0.059375,0.6508384531984098,0.13793103448275862,159.99999999999997
125,3372,0.3625,0.059375,0.62643055053608,0.13793103448275862,159.99999999999997
126,3080,0.125,0.059375,0.6508384531984098,0.13793103448275862,159.99999999999997
127,5396,0.8625,0.059375,0.62643055053608,0.9655172413793103,159.8461538461538
128,4384,0.6125,0.059375,0.62643055053608,0.9655172413793103,159.38461538461536
129,3372,0.3625,0.059375,0.62643055053608,0.9655172413793103,158.69230769230768
130,6113,0.875,0.059375,0.62643055053608,0.48275862068965514,158.46153846153845
131,3077,0.125,0.059375,0.62643055053608,0.3448275862068966,158.18181818181816
132,5396,0.8625,0.059375,0.62643055053608,0.48275862068965514,157.69230769230768
133,6113,0.875,0.059375,0.62643055053608,0.6896551724137931,157.69230769230768
134,6112,0.875,0.0625,0.62643055053608,1.0,157.36263736263734
135,4384,0.6125,0.059375,0.62643055053608,0.48275862068965514,156.9230769230769
136,5396,0.8625,0.059375,0.62643055053608,0.6896551724137931,156.53846153846152
137,6113,0.875,0.059375,0.62643055053608,0.3448275862068966,156.36363636363635
138,4384,0.6125,0.059375,0.62643055053608,0.6896551724137931,156.15384615384613
139,3372,0.3625,0.059375,0.62643055053608,0.48275862068965514,156.15384615384613
140,5400,0.8625,0.0625,0.62643055053608,0.0,155.55555555555551
141,4380,0.6125,0.059375,0.6508384531984098,0.0,155.55555555555551
142,6112,0.875,0.0625,0.62643055053608,0.0,155.55555555555551
143,6116,0.875,0.059375,0.6508384531984098,0.0,155.55555555555551
144,2360,0.1125,0.059375,0.62643055053608,0.9655172413793103,155.46153846153845
145,5104,0.625,0.059375,0.6508384531984098,0.6206896551724137,155.45454545454544
146,4092,0.375,0.059375,0.6508384531984098,0.6206896551724137,155.45454545454544
147,3372,0.3625,0.059375,0.62643055053608,0.6896551724137931,155.38461538461536
148,2364,0.1125,0.0625,0.62643055053608,0.6206896551724137,154.54545454545453
149,2360,0.1125,0.059375,0.62643055053608,0.48275862068965514,153.8461538461538
150,5396,0.8625,0.059375,0.62643055053608,0.3448275862068966,153.6363636363636
151,6116,0.875,0.059375,0.6508384531984098,0.6206896551724137,153.6363636363636
152,3080,0.125,0.059375,0.6508384531984098,0.6206896551724137,153.6363636363636
153,5392,0.8625,0.059375,0.6508384531984098,0.6206896551724137,152.7272727272727
154,4384,0.6125,0.059375,0.62643055053608,0.3448275862068966,152.7272727272727
155,2360,0.1125,0.059375,0.62643055053608,0.6896551724137931,152.2307692307692
156,4388,0.6125,0.0625,0.62643055053608,0.6206896551724137,151.81818181818178
157,4380,0.6125,0.059375,0.6508384531984098,0.6206896551724137,151.81818181818178
158,3372,0.3625,0.059375,0.62643055053608,0.3448275862068966,151.81818181818178
159,3368,0.3625,0.059375,0.6508384531984098,0.6206896551724137,151.81818181818178
160,3376,0.3625,0.0625,0.62643055053608,0.6206896551724137,150.90909090909088
161,5100,0.625,0.0625,0.62643055053608,0.13793103448275862,149.99999999999997
162,5397,0.8625,0.0625,0.7059462715335502,0.13793103448275862,149.99999999999997
163,4380,0.6125,0.059375,0.6508384531984098,0.13793103448275862,149.99999999999997
164,3376,0.3625,0.0625,0.62643055053608,0.13793103448275862,149.99999999999997
165,3368,0.3625,0.059375,0.6508384531984098,0.13793103448275862,149.99999999999997
166,3076,0.125,0.0625,0.62643055053608,0.13793103448275862,149.99999999999997
167,2364,0.1125,0.0625,0.62643055053608,0.13793103448275862,149.99999999999997
168,2356,0.1125,0.059375,0.6508384531984098,0.13793103448275862,149.99999999999997
169,2360,0.1125,0.059375,0.62643055053608,0.3448275862068966,149.09090909090907
170,5397,0.8625,0.0625,0.7059462715335502,0.27586206896551724,147.99999999999997
171,5100,0.625,0.0625,0.62643055053608,0.6206896551724137,147.27272727272725
172,2356,0.1125,0.059375,0.6508384531984098,0.6206896551724137,147.27272727272725
173,3076,0.125,0.0625,0.62643055053608,0.6206896551724137,146.36363636363635
174,6111,0.875,0.0625,0.7059462715335502,0.27586206896551724,145.99999999999997
175,5400,0.8625,0.0625,0.62643055053608,0.6206896551724137,145.45454545454544
176,4088,0.375,0.0625,0.62643055053608,0.6206896551724137,145.45454545454544
177,6112,0.875,0.0625,0.62643055053608,0.6206896551724137,145.45454545454544
178,5104,0.625,0.059375,0.6508384531984098,0.0,144.44444444444443
179,5100,0.625,0.0625,0.62643055053608,0.0,144.44444444444443
180,4388,0.6125,0.0625,0.62643055053608,0.0,144.44444444444443
181,4092,0.375,0.059375,0.6508384531984098,0.0,144.44444444444443
182,4088,0.375,0.0625,0.62643055053608,0.0,144.44444444444443
183,3376,0.3625,0.0625,0.62643055053608,0.0,144.44444444444443
184,3368,0.3625,0.059375,0.6508384531984098,0.0,144.44444444444443
185,3080,0.125,0.059375,0.6508384531984098,0.0,144.44444444444443
186,3076,0.125,0.0625,0.62643055053608,0.0,144.44444444444443
187,2364,0.1125,0.0625,0.62643055053608,0.0,144.44444444444443
188,2356,0.1125,0.059375,0.6508384531984098,0.0,144.44444444444443
189,5568,0.8625,0.3125,0.62643055053608,1.0,143.40659340659337
190,5944,0.875,0.3125,0.62643055053608,1.0,143.18681318681317
191,5101,0.625,0.059375,0.62643055053608,0.8275862068965517,141.33333333333331
192,4089,0.375,0.059375,0.62643055053608,0.8275862068965517,141.33333333333331
193,3077,0.125,0.059375,0.62643055053608,0.8275862068965517,140.66666666666666
194,4088,0.375,0.0625,0.62643055053608,0.13793103448275862,139.99999999999997
195,6111,0.875,0.0625,0.7059462715335502,0.13793103448275862,139.99999999999997
196,3373,0.3625,0.0625,0.7059462715335502,0.27586206896551724,138.99999999999997
197,6113,0.875,0.059375,0.62643055053608,0.8275862068965517,138.66666666666666
198,5396,0.8625,0.059375,0.62643055053608,0.8275862068965517,137.99999999999997
199,4087,0.375,0.0625,0.7059462715335502,0.27586206896551724,137.99999999999997
200,4384,0.6125,0.059375,0.62643055053608,0.8275862068965517,137.33333333333331
201,4385,0.6125,0.0625,0.7059462715335502,0.27586206896551724,136.99999999999997
202,5100,0.625,0.0625,0.62643055053608,1.0,136.86813186813185
203,3372,0.3625,0.059375,0.62643055053608,0.8275862068965517,136.66666666666666
204,5099,0.625,0.0625,0.7059462715335502,0.27586206896551724,135.99999999999997
205,3075,0.125,0.0625,0.7059462715335502,0.27586206896551724,135.99999999999997
206,21288,0.625,0.23378125,0.9672328635104203,1.0,134.39560439560438
207,2360,0.1125,0.059375,0.62643055053608,0.8275862068965517,133.99999999999997
208,2361,0.1125,0.0625,0.7059462715335502,0.27586206896551724,133.99999999999997
209,22584,0.625,0.21190625000000002,0.9819057944825923,1.0,133.18681318681317
210,5568,0.8625,0.3125,0.62643055053608,0.27586206896551724,132.99999999999997
211,5944,0.875,0.3125,0.62643055053608,0.27586206896551724,132.99999999999997
212,4385,0.6125,0.0625,0.7059462715335502,1.0,132.6373626373626
213,3373,0.3625,0.0625,0.7059462715335502,1.0,132.4175824175824
214,5104,0.625,0.059375,0.6508384531984098,0.9655172413793103,130.61538461538458
215,4092,0.375,0.059375,0.6508384531984098,0.9655172413793103,130.38461538461536
216,5099,0.625,0.0625,0.7059462715335502,1.0,130.2197802197802
217,5399,0.8625,0.0625,0.65293579086857,0.13793103448275862,129.99999999999997
218,4087,0.375,0.0625,0.7059462715335502,1.0,129.34065934065933
219,5104,0.625,0.059375,0.6508384531984098,0.48275862068965514,129.23076923076923
220,4092,0.375,0.059375,0.6508384531984098,0.48275862068965514,129.23076923076923
221,2364,0.1125,0.0625,0.62643055053608,0.48275862068965514,129.23076923076923
222,6109,0.875,0.0625,0.65293579086857,0.27586206896551724,128.99999999999997
223,2364,0.1125,0.0625,0.62643055053608,0.9655172413793103,128.69230769230768
224,6116,0.875,0.059375,0.6508384531984098,0.9655172413793103,128.61538461538458
225,5104,0.625,0.059375,0.6508384531984098,0.6896551724137931,128.23076923076923
226,4092,0.375,0.059375,0.6508384531984098,0.6896551724137931,127.99999999999999
227,3080,0.125,0.059375,0.6508384531984098,0.48275862068965514,127.69230769230768
228,3080,0.125,0.059375,0.6508384531984098,0.9655172413793103,127.69230769230768
229,5397,0.8625,0.0625,0.7059462715335502,1.0,127.36263736263734
230,4388,0.6125,0.0625,0.62643055053608,0.9655172413793103,127.30769230769229
231,5104,0.625,0.059375,0.6508384531984098,0.3448275862068966,127.27272727272725
232,4092,0.375,0.059375,0.6508384531984098,0.3448275862068966,127.27272727272725
233,4932,0.625,0.3125,0.62643055053608,1.0,127.03296703296701
234,5392,0.8625,0.059375,0.6508384531984098,0.9655172413793103,126.9230769230769
235,4380,0.6125,0.059375,0.6508384531984098,0.9655172413793103,126.9230769230769
236,6116,0.875,0.059375,0.6508384531984098,0.48275862068965514,126.9230769230769
237,3368,0.3625,0.059375,0.6508384531984098,0.9655172413793103,126.9230769230769
238,4556,0.6125,0.3125,0.62643055053608,1.0,126.81318681318679
239,3080,0.125,0.059375,0.6508384531984098,0.3448275862068966,126.36363636363635
240,6116,0.875,0.059375,0.6508384531984098,0.6896551724137931,126.30769230769229
241,5392,0.8625,0.059375,0.6508384531984098,0.48275862068965514,126.15384615384613
242,4388,0.6125,0.0625,0.62643055053608,0.48275862068965514,126.15384615384613
243,3376,0.3625,0.0625,0.62643055053608,0.9655172413793103,126.15384615384613
244,4932,0.625,0.3125,0.62643055053608,0.27586206896551724,125.99999999999997
245,5399,0.8625,0.0625,0.65293579086857,0.27586206896551724,125.99999999999997
246,3920,0.375,0.3125,0.62643055053608,1.0,125.93406593406591
247,2364,0.1125,0.0625,0.62643055053608,0.6896551724137931,125.76923076923075
248,2364,0.1125,0.0625,0.62643055053608,0.3448275862068966,125.45454545454544
249,3376,0.3625,0.0625,0.62643055053608,0.48275862068965514,125.38461538461537
250,3080,0.125,0.059375,0.6508384531984098,0.6896551724137931,125.30769230769229
251,3075,0.125,0.0625,0.7059462715335502,1.0,125.16483516483514
252,3920,0.375,0.3125,0.62643055053608,0.27586206896551724,124.99999999999997
253,2363,0.1125,0.0625,0.65293579086857,0.27586206896551724,124.99999999999997
254,4380,0.6125,0.059375,0.6508384531984098,0.48275862068965514,124.6153846153846
255,3368,0.3625,0.059375,0.6508384531984098,0.48275862068965514,124.6153846153846
256,6116,0.875,0.059375,0.6508384531984098,0.3448275862068966,124.54545454545452
257,4388,0.6125,0.0625,0.62643055053608,0.6896551724137931,124.53846153846152
258,5392,0.8625,0.059375,0.6508384531984098,0.6896551724137931,124.38461538461537
259,4380,0.6125,0.059375,0.6508384531984098,0.6896551724137931,124.38461538461537
260,3368,0.3625,0.059375,0.6508384531984098,0.6896551724137931,124.38461538461537
261,4556,0.6125,0.3125,0.62643055053608,0.27586206896551724,123.99999999999997
262,4388,0.6125,0.0625,0.62643055053608,0.3448275862068966,123.63636363636361
263,3376,0.3625,0.0625,0.62643055053608,0.6896551724137931,123.38461538461537
264,2356,0.1125,0.059375,0.6508384531984098,0.9655172413793103,123.07692307692307
265,4387,0.6125,0.0625,0.65293579086857,0.27586206896551724,122.99999999999997
266,2908,0.125,0.3125,0.62643055053608,0.27586206896551724,122.99999999999997
267,3544,0.3625,0.3125,0.62643055053608,1.0,122.74725274725272
268,2908,0.125,0.3125,0.62643055053608,1.0,122.74725274725272
269,5392,0.8625,0.059375,0.6508384531984098,0.3448275862068966,122.7272727272727
270,5100,0.625,0.0625,0.62643055053608,0.9655172413793103,122.53846153846152
271,2356,0.1125,0.059375,0.6508384531984098,0.48275862068965514,122.30769230769229
272,5397,0.8625,0.0625,0.7059462715335502,0.0,122.2222222222222
273,5400,0.8625,0.0625,0.62643055053608,0.9655172413793103,122.07692307692307
274,6111,0.875,0.0625,0.7059462715335502,1.0,122.04395604395602
275,3076,0.125,0.0625,0.62643055053608,0.9655172413793103,121.84615384615383
276,4380,0.6125,0.059375,0.6508384531984098,0.3448275862068966,121.8181818181818
277,3376,0.3625,0.0625,0.62643055053608,0.3448275862068966,121.8181818181818
278,3368,0.3625,0.059375,0.6508384531984098,0.3448275862068966,121.8181818181818
279,5100,0.625,0.0625,0.62643055053608,0.48275862068965514,121.53846153846152
280,5097,0.625,0.0625,0.65293579086857,0.27586206896551724,120.99999999999997
281,3544,0.3625,0.3125,0.62643055053608,0.27586206896551724,120.99999999999997
282,4088,0.375,0.0625,0.62643055053608,0.9655172413793103,120.9230769230769
283,3076,0.125,0.0625,0.62643055053608,0.48275862068965514,120.76923076923076
284,6112,0.875,0.0625,0.62643055053608,0.9655172413793103,120.6153846153846
285,2356,0.1125,0.059375,0.6508384531984098,0.6896551724137931,120.53846153846152
286,5400,0.8625,0.0625,0.62643055053608,0.48275862068965514,119.99999999999999
287,4088,0.375,0.0625,0.62643055053608,0.48275862068965514,119.99999999999999
288,5568,0.8625,0.3125,0.62643055053608,0.13793103448275862,119.99999999999997
289,5944,0.875,0.3125,0.62643055053608,0.13793103448275862,119.99999999999997
290,4087,0.375,0.0625,0.7059462715335502,0.13793103448275862,119.99999999999997
291,6109,0.875,0.0625,0.65293579086857,0.13793103448275862,119.99999999999997
292,3375,0.3625,0.0625,0.65293579086857,0.27586206896551724,119.99999999999997
293,2532,0.1125,0.3125,0.62643055053608,1.0,119.78021978021975
294,2363,0.1125,0.0625,0.65293579086857,1.0,119.56043956043953
295,5100,0.625,0.0625,0.62643055053608,0.6896551724137931,119.53846153846152
296,5400,0.8625,0.0625,0.62643055053608,0.6896551724137931,119.23076923076921
297,6112,0.875,0.0625,0.62643055053608,0.48275862068965514,119.23076923076921
298,5568,0.8625,0.3125,0.62643055053608,0.6206896551724137,119.09090909090907
299,3073,0.125,0.0625,0.65293579086857,0.27586206896551724,118.99999999999997
300,6111,0.875,0.0625,0.7059462715335502,0.0,118.88888888888887
301,2361,0.1125,0.0625,0.7059462715335502,1.0,118.86813186813184
302,3076,0.125,0.0625,0.62643055053608,0.6896551724137931,118.76923076923076
303,2356,0.1125,0.059375,0.6508384531984098,0.3448275862068966,118.18181818181816
304,4088,0.375,0.0625,0.62643055053608,0.6896551724137931,117.99999999999999
305,2532,0.1125,0.3125,0.62643055053608,0.27586206896551724,117.99999999999997
306,6112,0.875,0.0625,0.62643055053608,0.6896551724137931,117.53846153846152
307,5944,0.875,0.3125,0.62643055053608,0.6206896551724137,117.27272727272725
308,4085,0.375,0.0625,0.65293579086857,0.27586206896551724,116.99999999999999
309,22590,0.8625,0.21195312500000002,0.9818817009998795,0.27586206896551724,116.99999999999999
310,4387,0.6125,0.0625,0.65293579086857,1.0,116.53846153846152
311,5100,0.625,0.0625,0.62643055053608,0.3448275862068966,116.36363636363635
312,5400,0.8625,0.0625,0.62643055053608,0.3448275862068966,116.36363636363635
313,5941,0.875,0.3125,0.6508384531984098,1.0,116.04395604395602
314,3076,0.125,0.0625,0.62643055053608,0.3448275862068966,115.45454545454544
315,5567,0.8625,0.3125,0.6508384531984098,1.0,114.94505494505492
316,4088,0.375,0.0625,0.62643055053608,0.3448275862068966,114.54545454545453
317,3373,0.3625,0.0625,0.7059462715335502,0.6206896551724137,114.54545454545453
318,4385,0.6125,0.0625,0.7059462715335502,0.6206896551724137,113.63636363636361
319,6112,0.875,0.0625,0.62643055053608,0.3448275862068966,113.63636363636361
320,5396,0.8625,0.059375,0.62643055053608,1.0,113.36263736263734
321,21288,0.625,0.23378125,0.9672328635104203,0.6206896551724137,112.99999999999999
322,4092,0.375,0.059375,0.6508384531984098,0.8275862068965517,112.39999999999999
323,5104,0.625,0.059375,0.6508384531984098,0.8275862068965517,112.33333333333331
324,22590,0.8625,0.21195312500000002,0.9818817009998795,0.13793103448275862,111.99999999999999
325,5099,0.625,0.0625,0.7059462715335502,0.6206896551724137,111.8181818181818
326,4087,0.375,0.0625,0.7059462715335502,0.6206896551724137,111.8181818181818
327,2364,0.1125,0.0625,0.62643055053608,0.8275862068965517,111.33333333333331
328,5399,0.8625,0.0625,0.65293579086857,1.0,111.20879120879118
329,3073,0.125,0.0625,0.65293579086857,1.0,111.20879120879118
330,3080,0.125,0.059375,0.6508384531984098,0.8275862068965517,111.06666666666665
331,5397,0.8625,0.0625,0.7059462715335502,0.6206896551724137,110.90909090909089
332,21288,0.625,0.23378125,0.9672328635104203,0.3448275862068966,110.7272727272727
333,6116,0.875,0.059375,0.6508384531984098,0.8275862068965517,110.66666666666666
334,5568,0.8625,0.3125,0.62643055053608,0.3448275862068966,109.99999999999999
335,5944,0.875,0.3125,0.62643055053608,0.3448275862068966,109.99999999999999
336,3075,0.125,0.0625,0.7059462715335502,0.6206896551724137,109.99999999999999
337,2361,0.1125,0.0625,0.7059462715335502,0.6206896551724137,109.99999999999999
338,5352,0.8625,0.2336875,0.9796651005902903,0.27586206896551724,109.99999999999999
339,4932,0.625,0.3125,0.62643055053608,0.13793103448275862,109.99999999999999
340,4556,0.6125,0.3125,0.62643055053608,0.13793103448275862,109.99999999999999
341,5567,0.8625,0.3125,0.6508384531984098,0.27586206896551724,109.99999999999999
342,4385,0.6125,0.0625,0.7059462715335502,0.13793103448275862,109.99999999999999
343,5941,0.875,0.3125,0.6508384531984098,0.27586206896551724,109.99999999999999
344,3920,0.375,0.3125,0.62643055053608,0.13793103448275862,109.99999999999999
345,3373,0.3625,0.0625,0.7059462715335502,0.13793103448275862,109.99999999999999
346,3075,0.125,0.0625,0.7059462715335502,0.13793103448275862,109.99999999999999
347,2361,0.1125,0.0625,0.7059462715335502,0.13793103448275862,109.99999999999999
348,5392,0.8625,0.059375,0.6508384531984098,0.8275862068965517,109.93333333333332
349,6109,0.875,0.0625,0.65293579086857,1.0,109.78021978021975
350,4085,0.375,0.0625,0.65293579086857,1.0,109.67032967032965
351,4388,0.6125,0.0625,0.62643055053608,0.8275862068965517,109.33333333333331
352,3368,0.3625,0.059375,0.6508384531984098,0.8275862068965517,109.33333333333331
353,4380,0.6125,0.059375,0.6508384531984098,0.8275862068965517,109.26666666666665
354,6111,0.875,0.0625,0.7059462715335502,0.6206896551724137,109.09090909090908
355,5568,0.8625,0.3125,0.62643055053608,0.0,108.88888888888887
356,4087,0.375,0.0625,0.7059462715335502,0.0,108.88888888888887
357,3373,0.3625,0.0625,0.7059462715335502,0.0,108.88888888888887
358,3376,0.3625,0.0625,0.62643055053608,0.8275862068965517,108.33333333333331
359,22584,0.625,0.21190625000000002,0.9819057944825923,0.6206896551724137,108.09090909090908
360,22584,0.625,0.21190625000000002,0.9819057944825923,0.27586206896551724,107.99999999999999
361,3075,0.125,0.0625,0.7059462715335502,0.0,107.77777777777776
362,22531,0.6125,0.21195312500000002,0.9940127695458378,0.27586206896551724,106.99999999999999
363,5099,0.625,0.0625,0.7059462715335502,0.0,106.66666666666664
364,4385,0.6125,0.0625,0.7059462715335502,0.0,106.66666666666664
365,22590,0.8625,0.21195312500000002,0.9818817009998795,0.0,106.66666666666664
366,2356,0.1125,0.059375,0.6508384531984098,0.8275862068965517,105.99999999999999
367,5944,0.875,0.3125,0.62643055053608,0.0,105.55555555555553
368,6109,0.875,0.0625,0.65293579086857,0.0,105.55555555555553
369,2361,0.1125,0.0625,0.7059462715335502,0.0,105.55555555555553
370,5100,0.625,0.0625,0.62643055053608,0.8275862068965517,105.33333333333331
371,18702,0.8625,0.277578125,0.9091555234309118,1.0,105.05494505494504
372,4929,0.625,0.3125,0.6508384531984098,0.27586206896551724,104.99999999999999
373,21235,0.6125,0.233828125,0.9795446331767256,1.0,104.7252747252747
374,5400,0.8625,0.0625,0.62643055053608,0.8275862068965517,104.66666666666666
375,4929,0.625,0.3125,0.6508384531984098,1.0,104.50549450549448
376,4555,0.6125,0.3125,0.6508384531984098,1.0,104.39560439560438
377,6112,0.875,0.0625,0.62643055053608,0.8275862068965517,104.13333333333333
378,4088,0.375,0.0625,0.62643055053608,0.8275862068965517,103.99999999999999
379,3076,0.125,0.0625,0.62643055053608,0.8275862068965517,103.99999999999999
380,23901,0.8625,0.2024875,0.9975906517287073,0.27586206896551724,103.99999999999999
381,5568,0.8625,0.3125,0.62643055053608,0.6896551724137931,103.84615384615383
382,3917,0.375,0.3125,0.6508384531984098,1.0,103.73626373626371
383,4932,0.625,0.3125,0.62643055053608,0.6206896551724137,103.63636363636363
384,4555,0.6125,0.3125,0.6508384531984098,0.27586206896551724,102.99999999999999
385,3917,0.375,0.3125,0.6508384531984098,0.27586206896551724,102.99999999999999
386,4556,0.6125,0.3125,0.62643055053608,0.6206896551724137,102.7272727272727
387,3920,0.375,0.3125,0.62643055053608,0.6206896551724137,102.7272727272727
388,2905,0.125,0.3125,0.6508384531984098,0.27586206896551724,101.99999999999999
389,5568,0.8625,0.3125,0.62643055053608,0.48275862068965514,101.53846153846152
390,3543,0.3625,0.3125,0.6508384531984098,1.0,101.3186813186813
391,2363,0.1125,0.0625,0.65293579086857,0.6206896551724137,101.27272727272725
392,5399,0.8625,0.0625,0.65293579086857,0.0,101.11111111111109
393,5352,0.8625,0.2336875,0.9796651005902903,0.13793103448275862,100.99999999999999
394,3543,0.3625,0.3125,0.6508384531984098,0.27586206896551724,100.99999999999999
395,2908,0.125,0.3125,0.62643055053608,0.6206896551724137,100.90909090909089
396,5944,0.875,0.3125,0.62643055053608,0.48275862068965514,100.76923076923076
397,5568,0.8625,0.3125,0.62643055053608,0.9655172413793103,100.69230769230768
398,22534,0.6125,0.22436249999999996,0.9868931454041681,1.0,100.32967032967031
399,2905,0.125,0.3125,0.6508384531984098,1.0,100.32967032967031
400,3544,0.3625,0.3125,0.62643055053608,0.6206896551724137,99.99999999999999
401,22606,0.8625,0.22436249999999996,0.9868931454041681,0.13793103448275862,99.99999999999999
402,5099,0.625,0.0625,0.7059462715335502,0.13793103448275862,99.99999999999999
403,4929,0.625,0.3125,0.6508384531984098,0.13793103448275862,99.99999999999999
404,5567,0.8625,0.3125,0.6508384531984098,0.13793103448275862,99.99999999999999
405,4387,0.6125,0.0625,0.65293579086857,0.13793103448275862,99.99999999999999
406,5941,0.875,0.3125,0.6508384531984098,0.13793103448275862,99.99999999999999
407,3544,0.3625,0.3125,0.62643055053608,0.13793103448275862,99.99999999999999
408,6114,0.875,0.059375,0.6996542585230695,0.13793103448275862,99.99999999999999
409,3375,0.3625,0.0625,0.65293579086857,0.13793103448275862,99.99999999999999
410,2908,0.125,0.3125,0.62643055053608,0.13793103448275862,99.99999999999999
411,2532,0.1125,0.3125,0.62643055053608,0.13793103448275862,99.99999999999999
412,2363,0.1125,0.0625,0.65293579086857,0.13793103448275862,99.99999999999999
413,22584,0.625,0.21190625000000002,0.9819057944825923,0.3448275862068966,99.90909090909089
414,5606,0.8625,0.278125,0.8796530538489338,1.0,99.23076923076921
415,23829,0.6125,0.2024875,0.9975906517287073,0.27586206896551724,98.99999999999999
416,21307,0.8625,0.233828125,0.9795446331767256,0.27586206896551724,98.99999999999999
417,4556,0.6125,0.3125,0.62643055053608,0.0,98.88888888888887
418,21288,0.625,0.23378125,0.9672328635104203,0.48275862068965514,98.84615384615383
419,5195,0.625,0.26331875,0.9325864353692326,1.0,98.68131868131866
420,4387,0.6125,0.0625,0.65293579086857,0.6206896551724137,98.18181818181816
421,2531,0.1125,0.3125,0.6508384531984098,1.0,98.13186813186812
422,22606,0.8625,0.22436249999999996,0.9868931454041681,0.27586206896551724,97.99999999999999
423,2531,0.1125,0.3125,0.6508384531984098,0.27586206896551724,97.99999999999999
424,5218,0.625,0.215625,0.958089386820865,0.13793103448275862,97.79999999999998
425,4932,0.625,0.3125,0.62643055053608,0.0,97.77777777777776
426,5954,0.875,0.300271875,0.7551740754126008,1.0,97.47252747252745
427,3375,0.3625,0.0625,0.65293579086857,0.6206896551724137,97.27272727272725
428,2532,0.1125,0.3125,0.62643055053608,0.6206896551724137,97.27272727272725
429,5097,0.625,0.0625,0.65293579086857,0.0,96.66666666666664
430,3920,0.375,0.3125,0.62643055053608,0.0,96.66666666666664
431,2363,0.1125,0.0625,0.65293579086857,0.0,96.66666666666664
432,4932,0.625,0.3125,0.62643055053608,0.3448275862068966,96.36363636363635
433,5567,0.8625,0.3125,0.6508384531984098,0.6206896551724137,96.36363636363635
434,5394,0.8625,0.059375,0.6996542585230695,0.13793103448275862,95.99999999999999
435,22531,0.6125,0.21195312500000002,0.9940127695458378,0.13793103448275862,95.99999999999999
436,5352,0.8625,0.2336875,0.9796651005902903,0.0,95.55555555555554
437,4387,0.6125,0.0625,0.65293579086857,0.0,95.55555555555554
438,3373,0.3625,0.0625,0.7059462715335502,0.9655172413793103,95.53846153846152
439,4556,0.6125,0.3125,0.62643055053608,0.3448275862068966,95.45454545454544
440,3920,0.375,0.3125,0.62643055053608,0.3448275862068966,95.45454545454544
441,4385,0.6125,0.0625,0.7059462715335502,0.9655172413793103,95.38461538461537
442,5357,0.8625,0.197040625,0.9989157932779182,0.13793103448275862,94.99999999999999
443,4385,0.6125,0.0625,0.7059462715335502,0.48275862068965514,94.6153846153846
444,3373,0.3625,0.0625,0.7059462715335502,0.48275862068965514,94.6153846153846
445,21288,0.625,0.23378125,0.9672328635104203,0.6896551724137931,94.53846153846152
446,3544,0.3625,0.3125,0.62643055053608,0.0,94.44444444444443
447,3073,0.125,0.0625,0.65293579086857,0.0,94.44444444444443
448,2908,0.125,0.3125,0.62643055053608,0.0,94.44444444444443
449,2532,0.1125,0.3125,0.62643055053608,0.0,94.44444444444443
450,23881,0.625,0.2024875,0.9855077701481749,1.0,94.39560439560438
451,5218,0.625,0.215625,0.958089386820865,0.27586206896551724,94.19999999999999
452,5558,0.8625,0.300271875,0.7551740754126008,1.0,94.17582417582416
453,6095,0.875,0.09375,0.62643055053608,0.27586206896551724,93.99999999999999
454,2383,0.1125,0.09375,0.62643055053608,0.27586206896551724,93.99999999999999
455,21288,0.625,0.23378125,0.9672328635104203,0.9655172413793103,93.9230769230769
456,5097,0.625,0.0625,0.65293579086857,0.6206896551724137,93.63636363636363
457,5941,0.875,0.3125,0.6508384531984098,0.6206896551724137,93.63636363636363
458,3073,0.125,0.0625,0.65293579086857,0.6206896551724137,93.63636363636363
459,2908,0.125,0.3125,0.62643055053608,0.3448275862068966,93.63636363636363
460,22577,0.6487125,0.22280625,0.9757137694253704,1.0,93.6263736263736
461,3373,0.3625,0.0625,0.7059462715335502,0.6896551724137931,93.6153846153846
462,22584,0.625,0.21190625000000002,0.9819057944825923,0.6896551724137931,93.6153846153846
463,5099,0.625,0.0625,0.7059462715335502,0.9655172413793103,93.53846153846152
464,4385,0.6125,0.0625,0.7059462715335502,0.6896551724137931,93.46153846153845
465,3375,0.3625,0.0625,0.65293579086857,0.0,93.33333333333331
466,21307,0.8625,0.233828125,0.9795446331767256,0.0,93.33333333333331
467,4087,0.375,0.0625,0.7059462715335502,0.9655172413793103,93.30769230769229
468,6109,0.875,0.0625,0.65293579086857,0.6206896551724137,93.18181818181817
469,22584,0.625,0.21190625000000002,0.9819057944825923,0.9655172413793103,92.99999999999999
470,23876,0.8625,0.2024875,0.9855077701481749,0.13793103448275862,92.99999999999999
471,22584,0.625,0.21190625000000002,0.9819057944825923,0.13793103448275862,92.99999999999999
472,5397,0.8625,0.0625,0.7059462715335502,0.9655172413793103,92.84615384615384
473,5399,0.8625,0.0625,0.65293579086857,0.6206896551724137,92.7272727272727
474,4385,0.6125,0.0625,0.7059462715335502,0.3448275862068966,92.7272727272727
475,4085,0.375,0.0625,0.65293579086857,0.6206896551724137,92.7272727272727
476,3373,0.3625,0.0625,0.7059462715335502,0.3448275862068966,92.7272727272727
477,5099,0.625,0.0625,0.7059462715335502,0.48275862068965514,92.30769230769229
478,5397,0.8625,0.0625,0.7059462715335502,0.48275862068965514,92.30769230769229
479,4087,0.375,0.0625,0.7059462715335502,0.48275862068965514,92.30769230769229
480,4085,0.375,0.0625,0.65293579086857,0.0,92.2222222222222
481,22584,0.625,0.21190625000000002,0.9819057944825923,0.0,92.2222222222222
482,3075,0.125,0.0625,0.7059462715335502,0.9655172413793103,92.07692307692307
483,5419,0.8625,0.09375,0.62643055053608,0.27586206896551724,91.99999999999999
484,21307,0.8625,0.233828125,0.9795446331767256,0.13793103448275862,91.99999999999999
485,2361,0.1125,0.0625,0.7059462715335502,0.9655172413793103,91.9230769230769
486,3544,0.3625,0.3125,0.62643055053608,0.3448275862068966,91.8181818181818
487,5562,0.8625,0.309375,0.7059462715335502,1.0,91.75824175824174
488,5099,0.625,0.0625,0.7059462715335502,0.6896551724137931,91.6153846153846
489,3075,0.125,0.0625,0.7059462715335502,0.48275862068965514,91.53846153846152
490,2361,0.1125,0.0625,0.7059462715335502,0.48275862068965514,91.53846153846152
491,4087,0.375,0.0625,0.7059462715335502,0.6896551724137931,91.38461538461537
492,6111,0.875,0.0625,0.7059462715335502,0.9655172413793103,91.38461538461537
493,18702,0.8625,0.277578125,0.9091555234309118,0.3448275862068966,91.27272727272725
494,22606,0.8625,0.22436249999999996,0.9868931454041681,0.0,91.11111111111109
495,4407,0.6125,0.09375,0.62643055053608,0.27586206896551724,90.99999999999999
496,5397,0.8625,0.0625,0.7059462715335502,0.6896551724137931,90.9230769230769
497,22583,0.6487499999999999,0.21346249999999997,0.9811588965184916,1.0,90.87912087912086
498,22590,0.8625,0.21195312500000002,0.9818817009998795,1.0,90.65934065934064
499,3075,0.125,0.0625,0.7059462715335502,0.6896551724137931,90.23076923076921
500,6111,0.875,0.0625,0.7059462715335502,0.48275862068965514,89.99999999999999
501,2361,0.1125,0.0625,0.7059462715335502,0.6896551724137931,89.99999999999999
502,5099,0.625,0.0625,0.7059462715335502,0.3448275862068966,89.99999999999999
503,5397,0.8625,0.0625,0.7059462715335502,0.3448275862068966,89.99999999999999
504,5567,0.8625,0.3125,0.6508384531984098,0.3448275862068966,89.99999999999999
505,4087,0.375,0.0625,0.7059462715335502,0.3448275862068966,89.99999999999999
506,5097,0.625,0.0625,0.65293579086857,0.13793103448275862,89.99999999999999
507,5083,0.625,0.09375,0.62643055053608,0.27586206896551724,89.99999999999999
508,5357,0.8625,0.197040625,0.9989157932779182,0.27586206896551724,89.99999999999999
509,5401,0.8625,0.0625,0.7324515118660402,0.13793103448275862,89.99999999999999
510,5401,0.8625,0.0625,0.7324515118660402,0.27586206896551724,89.99999999999999
511,4555,0.6125,0.3125,0.6508384531984098,0.13793103448275862,89.99999999999999
512,4085,0.375,0.0625,0.65293579086857,0.13793103448275862,89.99999999999999
513,6104,0.875,0.0625,0.7324515118660402,0.13793103448275862,89.99999999999999
514,3917,0.375,0.3125,0.6508384531984098,0.13793103448275862,89.99999999999999
515,3395,0.3625,0.09375,0.62643055053608,0.27586206896551724,89.99999999999999
516,23876,0.8625,0.2024875,0.9855077701481749,0.27586206896551724,89.99999999999999
517,3073,0.125,0.0625,0.65293579086857,0.13793103448275862,89.99999999999999
518,2905,0.125,0.3125,0.6508384531984098,0.13793103448275862,89.99999999999999
519,2383,0.1125,0.09375,0.62643055053608,1.0,89.76923076923075
520,5131,0.625,0.2408875,0.9729671123960967,1.0,89.67032967032965
521,23882,0.648725,0.20093125,0.9859414528370076,1.0,89.67032967032965
522,6111,0.875,0.0625,0.7059462715335502,0.6896551724137931,89.46153846153845
523,5946,0.875,0.309375,0.7059462715335502,1.0,89.45054945054943
524,5568,0.8625,0.3125,0.62643055053608,0.8275862068965517,89.33333333333333
525,3075,0.125,0.0625,0.7059462715335502,0.3448275862068966,89.09090909090908
526,2532,0.1125,0.3125,0.62643055053608,0.3448275862068966,89.09090909090908
527,5289,0.8625,0.2384375,0.9629442235875195,0.13793103448275862,88.99999999999999
528,6151,0.875,0.182234375,0.9998795325864354,0.13793103448275862,88.99999999999999
529,21294,0.8625,0.233828125,0.9671967232863511,0.13793103448275862,88.99999999999999
530,22584,0.625,0.21190625000000002,0.9819057944825923,0.48275862068965514,88.9230769230769
531,2361,0.1125,0.0625,0.7059462715335502,0.3448275862068966,88.90909090909089
532,5567,0.8625,0.3125,0.6508384531984098,0.0,88.88888888888887
533,23901,0.8625,0.2024875,0.9975906517287073,1.0,88.79120879120877
534,3375,0.3625,0.0625,0.65293579086857,1.0,88.76923076923075
535,4932,0.625,0.3125,0.62643055053608,0.48275862068965514,88.46153846153845
536,4556,0.6125,0.3125,0.62643055053608,0.48275862068965514,88.46153846153845
537,5419,0.8625,0.09375,0.62643055053608,1.0,88.46153846153844
538,5941,0.875,0.3125,0.6508384531984098,0.3448275862068966,88.18181818181817
539,22512,0.375,0.21190625000000002,0.9819057944825923,1.0,88.13186813186812
540,5606,0.8625,0.278125,0.8796530538489338,0.6206896551724137,88.09090909090908
541,2908,0.125,0.3125,0.62643055053608,0.6896551724137931,87.99999999999999
542,5132,0.625,0.2336875,0.9796651005902903,0.27586206896551724,87.99999999999999
543,23829,0.6125,0.2024875,0.9975906517287073,0.13793103448275862,87.99999999999999
544,6104,0.875,0.0625,0.7324515118660402,0.27586206896551724,87.99999999999999
545,15226,0.625,0.033780624999999995,0.7456993133357427,0.13793103448275862,87.99999999999999
546,21294,0.8625,0.233828125,0.9671967232863511,0.27586206896551724,87.99999999999999
547,22603,0.8625,0.21195312500000002,0.9940127695458378,0.27586206896551724,87.99999999999999
548,5944,0.875,0.3125,0.62643055053608,0.6896551724137931,87.9230769230769
549,6111,0.875,0.0625,0.7059462715335502,0.3448275862068966,87.90909090909089
550,5941,0.875,0.3125,0.6508384531984098,0.0,87.77777777777776
551,3920,0.375,0.3125,0.62643055053608,0.48275862068965514,87.69230769230768
552,21294,0.8625,0.233828125,0.9671967232863511,1.0,87.69230769230768
553,6095,0.875,0.09375,0.62643055053608,1.0,87.26373626373625
554,5289,0.8625,0.2384375,0.9629442235875195,0.27586206896551724,86.99999999999999
555,4071,0.375,0.09375,0.62643055053608,0.27586206896551724,86.99999999999999
556,5944,0.875,0.3125,0.62643055053608,0.8275862068965517,86.86666666666666
557,22531,0.6125,0.21195312500000002,0.9940127695458378,0.0,86.66666666666664
558,4932,0.625,0.3125,0.62643055053608,0.6896551724137931,86.46153846153845
559,22531,0.6125,0.21195312500000002,0.9940127695458378,1.0,86.37362637362635
560,22600,0.684375,0.212678125,0.9815443922418986,1.0,86.37362637362635
561,5657,0.8625,0.042315000000000005,0.7767256956993133,0.13793103448275862,86.19999999999999
562,18702,0.8625,0.277578125,0.9091555234309118,0.6206896551724137,86.18181818181817
563,2908,0.125,0.3125,0.62643055053608,0.48275862068965514,86.15384615384615
564,23190,0.6125,0.1806125,0.9997470184315143,1.0,86.15384615384613
565,5218,0.625,0.215625,0.958089386820865,1.0,86.14285714285712
566,23829,0.6125,0.2024875,0.9975906517287073,1.0,86.04395604395603
567,5562,0.8625,0.309375,0.7059462715335502,0.27586206896551724,85.99999999999999
568,3059,0.125,0.09375,0.62643055053608,0.27586206896551724,85.99999999999999
569,4407,0.6125,0.09375,0.62643055053608,1.0,85.89010989010987
570,21294,0.8625,0.233828125,0.9671967232863511,0.0,85.55555555555554
571,23876,0.8625,0.2024875,0.9855077701481749,0.0,85.55555555555554
572,23901,0.8625,0.2024875,0.9975906517287073,0.0,85.55555555555554
573,4284,0.6125,0.21875,0.978279725334297,0.27586206896551724,85.49999999999999
574,3544,0.3625,0.3125,0.62643055053608,0.48275862068965514,85.38461538461537
575,22602,0.625,0.20878125,0.9832791229972292,1.0,85.38461538461537
576,22601,0.6547,0.210728125,0.9824478978436332,1.0,85.27472527472526
577,2908,0.125,0.3125,0.62643055053608,0.9655172413793103,84.99999999999999
578,22534,0.6125,0.22436249999999996,0.9868931454041681,0.27586206896551724,84.99999999999999
579,2363,0.1125,0.0625,0.65293579086857,0.48275862068965514,84.6153846153846
580,4929,0.625,0.3125,0.6508384531984098,0.6206896551724137,84.54545454545453
581,2363,0.1125,0.0625,0.65293579086857,0.9655172413793103,84.38461538461537
582,4932,0.625,0.3125,0.62643055053608,0.9655172413793103,84.23076923076921
583,23224,0.625,0.1806125,0.9877002770750511,1.0,84.17582417582416
584,3920,0.375,0.3125,0.62643055053608,0.6896551724137931,84.15384615384615
585,3395,0.3625,0.09375,0.62643055053608,1.0,84.07692307692307
586,5961,0.875,0.28125,0.62643055053608,1.0,84.06593406593404
587,4389,0.6125,0.0625,0.7324515118660402,0.27586206896551724,83.99999999999999
588,5954,0.875,0.300271875,0.7551740754126008,0.27586206896551724,83.99999999999999
589,6114,0.875,0.059375,0.6996542585230695,0.27586206896551724,83.99999999999999
590,3377,0.3625,0.0625,0.7324515118660402,0.27586206896551724,83.99999999999999
591,23901,0.8625,0.2024875,0.9975906517287073,0.13793103448275862,83.99999999999999
592,22576,0.625,0.22436249999999996,0.9746536561860017,1.0,83.95604395604394
593,5553,0.8625,0.28125,0.62643055053608,1.0,83.84615384615383
594,4555,0.6125,0.3125,0.6508384531984098,0.6206896551724137,83.63636363636363
595,3917,0.375,0.3125,0.6508384531984098,0.6206896551724137,83.63636363636363
596,5953,0.875,0.295615625,0.7658836284784966,1.0,83.5164835164835
597,5567,0.8625,0.3125,0.6508384531984098,0.6896551724137931,83.46153846153845
598,22602,0.625,0.20878125,0.9832791229972292,0.27586206896551724,83.29999999999998
599,5210,0.625,0.2384375,0.9629442235875195,1.0,83.29670329670328
600,5955,0.875,0.30485937500000004,0.7440320443320082,1.0,83.18681318681317
601,5944,0.875,0.3125,0.62643055053608,0.9655172413793103,83.15384615384615
602,21235,0.6125,0.233828125,0.9795446331767256,0.6206896551724137,83.09090909090908
603,2532,0.1125,0.3125,0.62643055053608,0.48275862068965514,83.07692307692307
604,4071,0.375,0.09375,0.62643055053608,1.0,83.021978021978
605,5558,0.8625,0.300271875,0.7551740754126008,0.27586206896551724,82.99999999999999
606,5946,0.875,0.309375,0.7059462715335502,0.27586206896551724,82.99999999999999
607,4080,0.375,0.0625,0.7324515118660402,0.27586206896551724,82.99999999999999
608,6017,0.875,0.20159374999999996,0.8773762197325623,0.27586206896551724,82.99999999999999
609,3059,0.125,0.09375,0.62643055053608,1.0,82.74725274725273
610,5132,0.625,0.2336875,0.9796651005902903,1.0,82.63736263736261
611,2363,0.1125,0.0625,0.65293579086857,0.6896551724137931,82.53846153846153
612,5567,0.8625,0.3125,0.6508384531984098,0.48275862068965514,82.30769230769229
613,4387,0.6125,0.0625,0.65293579086857,0.48275862068965514,82.30769230769229
614,3373,0.3625,0.0625,0.7059462715335502,0.8275862068965517,82.26666666666665
615,3920,0.375,0.3125,0.62643055053608,0.9655172413793103,82.23076923076921
616,4555,0.6125,0.3125,0.6508384531984098,0.0,82.2222222222222
617,4385,0.6125,0.0625,0.7059462715335502,0.8275862068965517,82.13333333333333
618,21307,0.8625,0.233828125,0.9795446331767256,1.0,82.08791208791207
619,4387,0.6125,0.0625,0.65293579086857,0.9655172413793103,82.07692307692307
620,5137,0.625,0.197040625,0.9989157932779182,0.27586206896551724,81.99999999999999
621,5132,0.625,0.2336875,0.9796651005902903,0.13793103448275862,81.99999999999999
622,5092,0.625,0.0625,0.7324515118660402,0.27586206896551724,81.99999999999999
623,6017,0.875,0.20159374999999996,0.8773762197325623,0.13793103448275862,81.99999999999999
624,2365,0.1125,0.0625,0.7324515118660402,0.27586206896551724,81.99999999999999
625,3543,0.3625,0.3125,0.6508384531984098,0.6206896551724137,81.8181818181818
626,2905,0.125,0.3125,0.6508384531984098,0.6206896551724137,81.8181818181818
627,2363,0.1125,0.0625,0.65293579086857,0.3448275862068966,81.8181818181818
628,4481,0.6125,0.20159374999999996,0.8773762197325623,1.0,81.7098901098901
629,4550,0.6125,0.309375,0.7059462715335502,1.0,81.64835164835164
630,21288,0.625,0.23378125,0.9672328635104203,0.8275862068965517,81.46666666666665
631,22534,0.6125,0.22436249999999996,0.9868931454041681,0.6206896551724137,81.45454545454544
632,22578,0.6724625,0.22125,0.9767377424406698,1.0,81.42857142857142
633,5567,0.8625,0.3125,0.6508384531984098,0.9655172413793103,81.23076923076923
634,3377,0.3625,0.0625,0.7324515118660402,1.0,81.13186813186812
635,4929,0.625,0.3125,0.6508384531984098,0.0,81.1111111111111
636,3917,0.375,0.3125,0.6508384531984098,0.0,81.1111111111111
637,3538,0.3625,0.309375,0.7059462715335502,1.0,81.09890109890108
638,3375,0.3625,0.0625,0.65293579086857,0.9655172413793103,80.99999999999999
639,5394,0.8625,0.059375,0.6996542585230695,0.27586206896551724,80.99999999999999
640,4550,0.6125,0.309375,0.7059462715335502,0.27586206896551724,80.99999999999999
641,3538,0.3625,0.309375,0.7059462715335502,0.27586206896551724,80.99999999999999
642,3068,0.125,0.0625,0.7324515118660402,0.27586206896551724,80.99999999999999
643,4934,0.625,0.309375,0.7059462715335502,1.0,80.98901098901098
644,5559,0.8625,0.30485937500000004,0.7440320443320082,1.0,80.87912087912086
645,21226,0.6125,0.23065625,0.9698831466088423,1.0,80.87912087912086
646,5941,0.875,0.3125,0.6508384531984098,0.48275862068965514,80.76923076923076
647,3375,0.3625,0.0625,0.65293579086857,0.48275862068965514,80.76923076923076
648,22584,0.625,0.21190625000000002,0.9819057944825923,0.8275862068965517,80.66666666666666
649,5099,0.625,0.0625,0.7059462715335502,0.8275862068965517,80.53333333333332
650,4389,0.6125,0.0625,0.7324515118660402,1.0,80.48351648351647
651,23876,0.8625,0.2024875,0.9855077701481749,1.0,80.43956043956042
652,4087,0.375,0.0625,0.7059462715335502,0.8275862068965517,80.33333333333333
653,22582,0.672475,0.215021875,0.980363811588965,1.0,80.2197802197802
654,4387,0.6125,0.0625,0.65293579086857,0.6896551724137931,80.15384615384615
655,3922,0.375,0.309375,0.7059462715335502,1.0,80.10989010989009
656,5195,0.625,0.26331875,0.9325864353692326,0.6206896551724137,80.09090909090908
657,5083,0.625,0.09375,0.62643055053608,1.0,80.03296703296702
658,4934,0.625,0.309375,0.7059462715335502,0.27586206896551724,79.99999999999999
659,5419,0.8625,0.09375,0.62643055053608,0.13793103448275862,79.99999999999999
660,5562,0.8625,0.309375,0.7059462715335502,0.13793103448275862,79.99999999999999
661,4407,0.6125,0.09375,0.62643055053608,0.13793103448275862,79.99999999999999
662,6095,0.875,0.09375,0.62643055053608,0.13793103448275862,79.99999999999999
663,3543,0.3625,0.3125,0.6508384531984098,0.13793103448275862,79.99999999999999
664,3395,0.3625,0.09375,0.62643055053608,0.13793103448275862,79.99999999999999
665,22512,0.375,0.21190625000000002,0.9819057944825923,0.27586206896551724,79.99999999999999
666,2531,0.1125,0.3125,0.6508384531984098,0.13793103448275862,79.99999999999999
667,2383,0.1125,0.09375,0.62643055053608,0.13793103448275862,79.99999999999999
668,3543,0.3625,0.3125,0.6508384531984098,0.0,79.99999999999999
669,22603,0.8625,0.21195312500000002,0.9940127695458378,0.0,79.99999999999999
670,5397,0.8625,0.0625,0.7059462715335502,0.8275862068965517,79.93333333333332
671,5557,0.8625,0.295615625,0.7658836284784966,1.0,79.78021978021977
672,3544,0.3625,0.3125,0.62643055053608,0.6896551724137931,79.69230769230768
673,22603,0.8625,0.21195312500000002,0.9940127695458378,1.0,79.56043956043955
674,3075,0.125,0.0625,0.7059462715335502,0.8275862068965517,79.39999999999999
675,5092,0.625,0.0625,0.7324515118660402,1.0,79.35164835164834
676,4284,0.6125,0.21875,0.978279725334297,1.0,79.34065934065933
677,2361,0.1125,0.0625,0.7059462715335502,0.8275862068965517,79.26666666666665
678,3375,0.3625,0.0625,0.65293579086857,0.6896551724137931,79.15384615384615
679,4929,0.625,0.3125,0.6508384531984098,0.3448275862068966,79.09090909090908
680,4387,0.6125,0.0625,0.65293579086857,0.3448275862068966,79.09090909090908
681,5136,0.625,0.20443125,0.9969883146608842,0.27586206896551724,78.99999999999999
682,5558,0.8625,0.300271875,0.7551740754126008,0.13793103448275862,78.99999999999999
683,4284,0.6125,0.21875,0.978279725334297,0.13793103448275862,78.99999999999999
684,3922,0.375,0.309375,0.7059462715335502,0.27586206896551724,78.99999999999999
685,2905,0.125,0.3125,0.6508384531984098,0.0,78.88888888888887
686,6111,0.875,0.0625,0.7059462715335502,0.8275862068965517,78.73333333333332
687,5210,0.625,0.2384375,0.9629442235875195,0.3448275862068966,78.72727272727272
688,4879,0.625,0.246875,0.9248042404529574,0.27586206896551724,78.69999999999999
689,5097,0.625,0.0625,0.65293579086857,0.9655172413793103,78.46153846153845
690,3073,0.125,0.0625,0.65293579086857,0.48275862068965514,78.46153846153845
691,3073,0.125,0.0625,0.65293579086857,0.9655172413793103,78.30769230769229
692,4556,0.6125,0.3125,0.62643055053608,0.6896551724137931,78.23076923076923
693,3544,0.3625,0.3125,0.62643055053608,0.9655172413793103,78.23076923076923
694,3375,0.3625,0.0625,0.65293579086857,0.3448275862068966,78.18181818181817
695,2531,0.1125,0.3125,0.6508384531984098,0.6206896551724137,78.18181818181817
696,5399,0.8625,0.0625,0.65293579086857,0.9655172413793103,78.15384615384615
697,23803,0.588825,0.20093437500000003,0.9859414528370076,1.0,78.13186813186812
698,22573,0.6844625,0.22359999999999997,0.975183712805686,1.0,78.13186813186812
699,5218,0.625,0.215625,0.958089386820865,0.6206896551724137,78.0090909090909
700,5102,0.625,0.059375,0.6996542585230695,0.27586206896551724,77.99999999999999
701,5351,0.8625,0.2408875,0.9729671123960967,0.27586206896551724,77.99999999999999
702,5363,0.8625,0.15274062500000002,0.9902300927599084,0.27586206896551724,77.99999999999999
703,5954,0.875,0.300271875,0.7551740754126008,0.13793103448275862,77.99999999999999
704,6090,0.875,0.09375,0.655524635586074,0.27586206896551724,77.99999999999999
705,6151,0.875,0.182234375,0.9998795325864354,0.27586206896551724,77.99999999999999
706,2526,0.1125,0.309375,0.7059462715335502,0.27586206896551724,77.99999999999999
707,2382,0.1125,0.09375,0.655524635586074,0.27586206896551724,77.99999999999999
708,2358,0.1125,0.059375,0.6996542585230695,0.27586206896551724,77.99999999999999
709,4932,0.625,0.3125,0.62643055053608,0.8275862068965517,77.86666666666666
710,5909,0.875,0.29007499999999997,0.7915190940850501,1.0,77.80219780219778
711,2531,0.1125,0.3125,0.6508384531984098,0.0,77.77777777777776
712,6109,0.875,0.0625,0.65293579086857,0.9655172413793103,77.76923076923076
713,5097,0.625,0.0625,0.65293579086857,0.48275862068965514,77.69230769230768
714,5399,0.8625,0.0625,0.65293579086857,0.48275862068965514,77.69230769230768
715,2526,0.1125,0.309375,0.7059462715335502,1.0,77.58241758241756
716,4556,0.6125,0.3125,0.62643055053608,0.9655172413793103,77.53846153846153
717,4556,0.6125,0.3125,0.62643055053608,0.8275862068965517,77.53333333333332
718,4080,0.375,0.0625,0.7324515118660402,1.0,77.5164835164835
719,22534,0.6125,0.22436249999999996,0.9868931454041681,0.3448275862068966,77.45454545454544
720,5131,0.625,0.2408875,0.9729671123960967,0.3448275862068966,77.36363636363635
721,5218,0.625,0.215625,0.958089386820865,0.0,77.33333333333331
722,5195,0.625,0.26331875,0.9325864353692326,0.3448275862068966,77.27272727272727
723,4555,0.6125,0.3125,0.6508384531984098,0.3448275862068966,77.27272727272727
724,5954,0.875,0.300271875,0.7551740754126008,0.6206896551724137,77.27272727272727
725,3917,0.375,0.3125,0.6508384531984098,0.3448275862068966,77.27272727272727
726,4085,0.375,0.0625,0.65293579086857,0.9655172413793103,77.23076923076923
727,2910,0.125,0.309375,0.7059462715335502,1.0,77.14285714285712
728,3920,0.375,0.3125,0.62643055053608,0.8275862068965517,76.99999999999999
729,4382,0.6125,0.059375,0.6996542585230695,0.27586206896551724,76.99999999999999
730,6015,0.875,0.194553125,0.8788820624021202,0.27586206896551724,76.99999999999999
731,2910,0.125,0.309375,0.7059462715335502,0.27586206896551724,76.99999999999999
732,4085,0.375,0.0625,0.65293579086857,0.48275862068965514,76.9230769230769
733,6109,0.875,0.0625,0.65293579086857,0.48275862068965514,76.9230769230769
734,22577,0.6487125,0.22280625,0.9757137694253704,0.6206896551724137,76.72727272727272
735,5289,0.8625,0.2384375,0.9629442235875195,0.0,76.66666666666666
736,5357,0.8625,0.197040625,0.9989157932779182,1.0,76.59340659340658
737,2382,0.1125,0.09375,0.655524635586074,1.0,76.57142857142856
738,5097,0.625,0.0625,0.65293579086857,0.6896551724137931,76.46153846153845
739,2383,0.1125,0.09375,0.62643055053608,0.6206896551724137,76.36363636363635
740,3073,0.125,0.0625,0.65293579086857,0.6896551724137931,76.30769230769229
741,5656,0.8625,0.038275312500000006,0.762462353933261,0.13793103448275862,76.29999999999998
742,5137,0.625,0.197040625,0.9989157932779182,1.0,76.26373626373625
743,5399,0.8625,0.0625,0.65293579086857,0.6896551724137931,76.23076923076923
744,22571,0.7439250000000001,0.219709375,0.9777014817491867,1.0,76.15384615384613
745,22572,0.7141625,0.22165625000000003,0.9764727141308276,1.0,76.15384615384613
746,23881,0.625,0.2024875,0.9855077701481749,0.6206896551724137,75.99999999999999
747,5351,0.8625,0.2408875,0.9729671123960967,0.13793103448275862,75.99999999999999
748,5946,0.875,0.309375,0.7059462715335502,0.13793103448275862,75.99999999999999
749,4090,0.375,0.059375,0.6996542585230695,0.27586206896551724,75.99999999999999
750,5961,0.875,0.28125,0.62643055053608,0.27586206896551724,75.99999999999999
751,6015,0.875,0.194553125,0.8788820624021202,0.13793103448275862,75.99999999999999
752,23892,0.8032125000000001,0.201725,0.9857246114925913,0.13793103448275862,75.99999999999999
753,22590,0.8625,0.21195312500000002,0.9818817009998795,0.6206896551724137,75.90909090909089
754,5558,0.8625,0.300271875,0.7551740754126008,0.6206896551724137,75.8181818181818
755,6109,0.875,0.0625,0.65293579086857,0.6896551724137931,75.69230769230768
756,4480,0.6125,0.194553125,0.8788820624021202,1.0,75.69230769230768
757,6095,0.875,0.09375,0.62643055053608,0.0,75.55555555555554
758,3543,0.3625,0.3125,0.6508384531984098,0.3448275862068966,75.45454545454544
759,2905,0.125,0.3125,0.6508384531984098,0.3448275862068966,75.45454545454544
760,2908,0.125,0.3125,0.62643055053608,0.8275862068965517,75.33333333333333
761,4085,0.375,0.0625,0.65293579086857,0.6896551724137931,75.23076923076923
762,3544,0.3625,0.3125,0.62643055053608,0.8275862068965517,75.06666666666666
763,22574,0.6547,0.22554687499999998,0.9738103842910492,1.0,75.05494505494504
764,5136,0.625,0.20443125,0.9969883146608842,0.13793103448275862,74.99999999999999
765,5553,0.8625,0.28125,0.62643055053608,0.27586206896551724,74.99999999999999
766,4481,0.6125,0.20159374999999996,0.8773762197325623,0.27586206896551724,74.99999999999999
767,5760,0.875,0.16485,0.9839657872545476,0.13793103448275862,74.99999999999999
768,5760,0.875,0.16485,0.9839657872545476,0.27586206896551724,74.99999999999999
769,6144,0.875,0.2336875,0.9796651005902903,0.27586206896551724,74.99999999999999
770,3370,0.3625,0.059375,0.6996542585230695,0.27586206896551724,74.99999999999999
771,3078,0.125,0.059375,0.6996542585230695,0.27586206896551724,74.99999999999999
772,22602,0.625,0.20878125,0.9832791229972292,0.13793103448275862,74.99999999999999
773,22602,0.625,0.20878125,0.9832791229972292,0.0,74.99999999999999
774,5552,0.8625,0.28125,0.6545717383447777,1.0,74.94505494505493
775,23819,0.582875,0.20366875,0.9851343211661244,1.0,74.94505494505493
776,5956,0.875,0.28125,0.6545717383447777,1.0,74.83516483516482
777,6095,0.875,0.09375,0.62643055053608,0.6206896551724137,74.8181818181818
778,23892,0.8032125000000001,0.201725,0.9857246114925913,0.0,74.77777777777776
779,6090,0.875,0.09375,0.655524635586074,1.0,74.75824175824174
780,3376,0.3625,0.0625,0.62643055053608,1.0,74.72527472527472
781,22598,0.74375,0.216571875,0.9795205396940128,1.0,74.72527472527472
782,18702,0.8625,0.277578125,0.9091555234309118,0.48275862068965514,74.6153846153846
783,5597,0.8625,0.29007499999999997,0.7915190940850501,1.0,74.5054945054945
784,22606,0.8625,0.22436249999999996,0.9868931454041681,1.0,74.39560439560438
785,5606,0.8625,0.278125,0.8796530538489338,0.3448275862068966,74.36363636363635
786,5097,0.625,0.0625,0.65293579086857,0.3448275862068966,74.27272727272727
787,21235,0.6125,0.233828125,0.9795446331767256,0.3448275862068966,74.27272727272727
788,22583,0.6487499999999999,0.21346249999999997,0.9811588965184916,0.6206896551724137,74.27272727272727
789,5419,0.8625,0.09375,0.62643055053608,0.6206896551724137,74.18181818181817
790,23882,0.648725,0.20093125,0.9859414528370076,0.6206896551724137,74.09090909090908
791,5418,0.8625,0.09375,0.655524635586074,1.0,74.06593406593404
792,21216,0.375,0.23378125,0.9672328635104203,1.0,74.06593406593404
793,18702,0.8625,0.277578125,0.9091555234309118,0.6896551724137931,73.99999999999999
794,5353,0.8625,0.22643437500000002,0.9854234429586796,0.27586206896551724,73.99999999999999
795,5356,0.8625,0.20443125,0.9969883146608842,0.27586206896551724,73.99999999999999
796,5418,0.8625,0.09375,0.655524635586074,0.27586206896551724,73.99999999999999
797,4406,0.6125,0.09375,0.655524635586074,0.27586206896551724,73.99999999999999
798,5953,0.875,0.295615625,0.7658836284784966,0.27586206896551724,73.99999999999999
799,6097,0.875,0.090625,0.7671364895795687,0.27586206896551724,73.99999999999999
800,23892,0.8032125000000001,0.201725,0.9857246114925913,0.27586206896551724,73.99999999999999
801,22589,0.8625,0.22436249999999996,0.9746536561860017,0.13793103448275862,73.99999999999999
802,23875,0.8388249999999999,0.20093437500000003,0.9859414528370076,1.0,73.84615384615383
803,22523,0.5828,0.210728125,0.9824478978436332,1.0,73.73626373626372
804,18702,0.8625,0.277578125,0.9091555234309118,0.9655172413793103,73.69230769230768
805,5399,0.8625,0.0625,0.65293579086857,0.3448275862068966,73.63636363636363
806,5562,0.8625,0.309375,0.7059462715335502,0.6206896551724137,73.63636363636363
807,3073,0.125,0.0625,0.65293579086857,0.3448275862068966,73.63636363636363
808,4407,0.6125,0.09375,0.62643055053608,0.6206896551724137,73.45454545454544
809,5401,0.8625,0.0625,0.7324515118660402,0.0,73.33333333333331
810,23829,0.6125,0.2024875,0.9975906517287073,0.0,73.33333333333331
811,2383,0.1125,0.09375,0.62643055053608,0.0,73.33333333333331
812,21235,0.6125,0.233828125,0.9795446331767256,0.6896551724137931,73.23076923076923
813,4284,0.6125,0.21875,0.978279725334297,0.0,73.22222222222221
814,21235,0.6125,0.233828125,0.9795446331767256,0.9655172413793103,73.15384615384615
815,5941,0.875,0.3125,0.6508384531984098,0.6896551724137931,73.07692307692307
816,22577,0.6487125,0.22280625,0.9757137694253704,0.3448275862068966,72.99999999999999
817,5199,0.625,0.21875,0.9560534875316226,0.13793103448275862,72.99999999999999
818,5078,0.625,0.09375,0.655524635586074,0.27586206896551724,72.99999999999999
819,5411,0.8625,0.090625,0.7671364895795687,0.27586206896551724,72.99999999999999
820,5413,0.8625,0.090625,0.62643055053608,0.27586206896551724,72.99999999999999
821,5557,0.8625,0.295615625,0.7658836284784966,0.27586206896551724,72.99999999999999
822,23224,0.625,0.1806125,0.9877002770750511,0.27586206896551724,72.99999999999999
823,3394,0.3625,0.09375,0.655524635586074,0.27586206896551724,72.99999999999999
824,3395,0.3625,0.09375,0.62643055053608,0.6206896551724137,72.90909090909089
825,2532,0.1125,0.3125,0.62643055053608,0.8275862068965517,72.86666666666666
826,2363,0.1125,0.0625,0.65293579086857,0.8275862068965517,72.86666666666666
827,6109,0.875,0.0625,0.65293579086857,0.3448275862068966,72.81818181818181
828,4085,0.375,0.0625,0.65293579086857,0.3448275862068966,72.72727272727272
829,2531,0.1125,0.3125,0.6508384531984098,0.3448275862068966,72.72727272727272
830,4406,0.6125,0.09375,0.655524635586074,1.0,72.67032967032965
831,5564,0.8625,0.309375,0.62643055053608,1.0,72.63736263736263
832,23804,0.6125,0.2024875,0.9855077701481749,1.0,72.52747252747251
833,2905,0.125,0.3125,0.6508384531984098,0.6896551724137931,72.38461538461537
834,4929,0.625,0.3125,0.6508384531984098,0.48275862068965514,72.30769230769229
835,21236,0.6125,0.23065625,0.9821949162751474,1.0,72.30769230769229
836,5131,0.625,0.2408875,0.9729671123960967,0.6206896551724137,72.27272727272727
837,5132,0.625,0.2336875,0.9796651005902903,0.0,72.22222222222221
838,5083,0.625,0.09375,0.62643055053608,0.0,72.22222222222221
839,5419,0.8625,0.09375,0.62643055053608,0.0,72.22222222222221
840,23828,0.6125,0.19007812500000001,0.9998554391037224,1.0,72.19780219780219
841,6097,0.875,0.090625,0.7671364895795687,1.0,72.12087912087911
842,22571,0.7439250000000001,0.219709375,0.9777014817491867,0.0,72.1111111111111
843,3394,0.3625,0.09375,0.655524635586074,1.0,72.05494505494504
844,5567,0.8625,0.3125,0.6508384531984098,0.8275862068965517,71.99999999999999
845,5353,0.8625,0.22643437500000002,0.9854234429586796,0.13793103448275862,71.99999999999999
846,5413,0.8625,0.090625,0.62643055053608,0.13793103448275862,71.99999999999999
847,4541,0.6125,0.28125,0.62643055053608,0.27586206896551724,71.99999999999999
848,5748,0.8625,0.171346875,0.9860498735092157,0.27586206896551724,71.99999999999999
849,6018,0.875,0.208621875,0.8749909649439825,0.27586206896551724,71.99999999999999
850,15234,0.625,0.052488749999999994,0.8249126611251656,0.13793103448275862,71.99999999999999
851,21308,0.8625,0.23065625,0.9821949162751474,0.27586206896551724,71.99999999999999
852,3061,0.125,0.090625,0.7671364895795687,0.27586206896551724,71.99999999999999
853,3060,0.125,0.090625,0.62643055053608,0.27586206896551724,71.99999999999999
854,22534,0.6125,0.22436249999999996,0.9868931454041681,0.13793103448275862,71.99999999999999
855,22594,0.8625,0.20878125,0.9832791229972292,0.27586206896551724,71.99999999999999
856,2375,0.1125,0.090625,0.7671364895795687,0.27586206896551724,71.99999999999999
857,22603,0.8625,0.21195312500000002,0.9940127695458378,0.13793103448275862,71.99999999999999
858,4929,0.625,0.3125,0.6508384531984098,0.6896551724137931,71.89999999999999
859,5379,0.8625,0.046015,0.8049271172147935,0.13793103448275862,71.59999999999998
860,4555,0.6125,0.3125,0.6508384531984098,0.48275862068965514,71.53846153846153
861,3917,0.375,0.3125,0.6508384531984098,0.48275862068965514,71.53846153846153
862,22600,0.684375,0.212678125,0.9815443922418986,0.6206896551724137,71.45454545454544
863,5954,0.875,0.300271875,0.7551740754126008,0.3448275862068966,71.36363636363635
864,3937,0.375,0.28125,0.62643055053608,1.0,71.3186813186813
865,21301,0.7734,0.23650312499999998,0.9647753282737019,1.0,71.3186813186813
866,3917,0.375,0.3125,0.6508384531984098,0.6896551724137931,71.27692307692307
867,5210,0.625,0.2384375,0.9629442235875195,0.6206896551724137,71.18181818181817
868,5357,0.8625,0.197040625,0.9989157932779182,0.0,71.1111111111111
869,4407,0.6125,0.09375,0.62643055053608,0.0,71.1111111111111
870,6104,0.875,0.0625,0.7324515118660402,0.0,71.1111111111111
871,3395,0.3625,0.09375,0.62643055053608,0.0,71.1111111111111
872,4341,0.6125,0.22643437500000002,0.9854234429586796,1.0,71.09890109890108
873,23830,0.6125,0.20561249999999998,0.9965787254547644,1.0,71.09890109890108
874,22512,0.375,0.21190625000000002,0.9819057944825923,0.6206896551724137,71.09090909090908
875,23901,0.8625,0.2024875,0.9975906517287073,0.6206896551724137,71.09090909090908
876,5085,0.625,0.090625,0.7671364895795687,0.27586206896551724,70.99999999999999
877,5084,0.625,0.090625,0.62643055053608,0.27586206896551724,70.99999999999999
878,4550,0.6125,0.309375,0.7059462715335502,0.13793103448275862,70.99999999999999
879,4399,0.6125,0.090625,0.7671364895795687,0.27586206896551724,70.99999999999999
880,4072,0.375,0.090625,0.62643055053608,0.27586206896551724,70.99999999999999
881,4066,0.375,0.09375,0.655524635586074,0.27586206896551724,70.99999999999999
882,3937,0.375,0.28125,0.62643055053608,0.27586206896551724,70.99999999999999
883,15228,0.8625,0.036951875,0.7741838332730996,0.13793103448275862,70.99999999999999
884,3108,0.125,0.2336875,0.9796651005902903,0.27586206896551724,70.99999999999999
885,3054,0.125,0.09375,0.655524635586074,0.27586206896551724,70.99999999999999
886,5946,0.875,0.309375,0.7059462715335502,0.6206896551724137,70.90909090909089
887,22601,0.6547,0.210728125,0.9824478978436332,0.6206896551724137,70.90909090909089
888,4339,0.6125,0.2408875,0.9729671123960967,1.0,70.87912087912086
889,4387,0.6125,0.0625,0.65293579086857,0.8275862068965517,70.6
890,22598,0.74375,0.216571875,0.9795205396940128,0.0,70.55555555555554
891,5411,0.8625,0.090625,0.7671364895795687,1.0,70.54945054945054
892,22534,0.6125,0.22436249999999996,0.9868931454041681,0.6896551724137931,70.53846153846153
893,5558,0.8625,0.300271875,0.7551740754126008,0.3448275862068966,70.36363636363635
894,21287,0.6487625,0.235340625,0.9658474882544271,1.0,70.32967032967032
895,4929,0.625,0.3125,0.6508384531984098,0.9655172413793103,70.23076923076923
896,5218,0.625,0.215625,0.958089386820865,0.48275862068965514,70.22307692307692
897,21294,0.8625,0.233828125,0.9671967232863511,0.6206896551724137,70.18181818181817
898,23892,0.8032125000000001,0.201725,0.9857246114925913,1.0,70.1098901098901
899,4071,0.375,0.09375,0.62643055053608,0.6206896551724137,70.09090909090908
900,2905,0.125,0.3125,0.6508384531984098,0.9655172413793103,70.07692307692307
901,3543,0.3625,0.3125,0.6508384531984098,0.48275862068965514,69.99999999999999
902,22534,0.6125,0.22436249999999996,0.9868931454041681,0.9655172413793103,69.99999999999999
903,2905,0.125,0.3125,0.6508384531984098,0.48275862068965514,69.99999999999999
904,5199,0.625,0.21875,0.9560534875316226,0.27586206896551724,69.99999999999999
905,5083,0.625,0.09375,0.62643055053608,0.13793103448275862,69.99999999999999
906,4942,0.625,0.300271875,0.7551740754126008,0.27586206896551724,69.99999999999999
907,4934,0.625,0.309375,0.7059462715335502,0.13793103448275862,69.99999999999999
908,4546,0.6125,0.300271875,0.7551740754126008,0.27586206896551724,69.99999999999999
909,5557,0.8625,0.295615625,0.7658836284784966,0.13793103448275862,69.99999999999999
910,5559,0.8625,0.30485937500000004,0.7440320443320082,0.27586206896551724,69.99999999999999
911,4345,0.6125,0.197040625,0.9989157932779182,0.27586206896551724,69.99999999999999
912,5953,0.875,0.295615625,0.7658836284784966,0.13793103448275862,69.99999999999999
913,4073,0.375,0.090625,0.7671364895795687,0.27586206896551724,69.99999999999999
914,4071,0.375,0.09375,0.62643055053608,0.13793103448275862,69.99999999999999
915,6096,0.875,0.090625,0.62643055053608,0.27586206896551724,69.99999999999999
916,3538,0.3625,0.309375,0.7059462715335502,0.13793103448275862,69.99999999999999
917,6149,0.875,0.197040625,0.9989157932779182,0.27586206896551724,69.99999999999999
918,6150,0.875,0.189640625,0.9998795325864354,0.13793103448275862,69.99999999999999
919,3068,0.125,0.0625,0.7324515118660402,0.13793103448275862,69.99999999999999
920,22512,0.375,0.21190625000000002,0.9819057944825923,0.13793103448275862,69.99999999999999
921,3059,0.125,0.09375,0.62643055053608,0.13793103448275862,69.99999999999999
922,5227,0.625,0.1875,0.9575954704252498,1.0,69.99999999999999
923,4071,0.375,0.09375,0.62643055053608,0.0,69.99999999999999
924,6114,0.875,0.059375,0.6996542585230695,0.0,69.99999999999999
925,22534,0.6125,0.22436249999999996,0.9868931454041681,0.0,69.99999999999999
926,4389,0.6125,0.0625,0.7324515118660402,0.6206896551724137,69.90909090909089
927,5945,0.875,0.309375,0.62643055053608,1.0,69.89010989010987
928,5195,0.625,0.26331875,0.9325864353692326,0.6896551724137931,69.84615384615384
929,5941,0.875,0.3125,0.6508384531984098,0.9655172413793103,69.84615384615384
930,3377,0.3625,0.0625,0.7324515118660402,0.6206896551724137,69.81818181818181
931,22583,0.6487499999999999,0.21346249999999997,0.9811588965184916,0.3448275862068966,69.81818181818181
932,21165,0.3625,0.233828125,0.9795446331767256,1.0,69.78021978021977
933,4541,0.6125,0.28125,0.62643055053608,1.0,69.67032967032965
934,3375,0.3625,0.0625,0.65293579086857,0.8275862068965517,69.66666666666666
935,3917,0.375,0.3125,0.6508384531984098,0.9655172413793103,69.53076923076922
936,23224,0.625,0.1806125,0.9877002770750511,0.6206896551724137,69.45454545454544
937,23190,0.6125,0.1806125,0.9997470184315143,0.6206896551724137,69.45454545454544
938,5078,0.625,0.09375,0.655524635586074,1.0,69.39560439560438
939,5195,0.625,0.26331875,0.9325864353692326,0.9655172413793103,69.38461538461537
940,3059,0.125,0.09375,0.62643055053608,0.6206896551724137,69.36363636363635
941,5221,0.625,0.215625,0.9800385495723407,1.0,69.34065934065933
942,22546,0.5888125,0.213503125,0.9932779183230935,1.0,69.34065934065933
943,22581,0.6962125,0.216578125,0.9795205396940128,1.0,69.34065934065933
944,23875,0.8388249999999999,0.20093437500000003,0.9859414528370076,0.27586206896551724,69.29999999999998
945,21226,0.6125,0.23065625,0.9698831466088423,0.6206896551724137,69.27272727272727
946,5606,0.8625,0.278125,0.8796530538489338,0.6896551724137931,69.23076923076923
947,5545,0.8625,0.278125,0.7718949524153716,1.0,69.23076923076921
948,4066,0.375,0.09375,0.655524635586074,1.0,69.18681318681317
949,5941,0.875,0.3125,0.6508384531984098,0.8275862068965517,69.13333333333333
950,5553,0.8625,0.28125,0.62643055053608,0.6206896551724137,69.09090909090908
951,5606,0.8625,0.278125,0.8796530538489338,0.9655172413793103,69.07692307692307
952,22579,0.6961875,0.21969374999999997,0.9777014817491867,1.0,69.010989010989
953,2375,0.1125,0.090625,0.7671364895795687,1.0,69.010989010989
954,5606,0.8625,0.278125,0.8796530538489338,0.48275862068965514,68.99999999999999
955,5345,0.8625,0.28247187500000004,0.9134441633538127,0.3448275862068966,68.99999999999999
956,4949,0.625,0.28125,0.62643055053608,0.27586206896551724,68.99999999999999
957,4879,0.625,0.246875,0.9248042404529574,0.13793103448275862,68.99999999999999
958,23756,0.3625,0.2024875,0.9975906517287073,0.27586206896551724,68.99999999999999
959,4401,0.6125,0.090625,0.62643055053608,0.27586206896551724,68.99999999999999
960,5955,0.875,0.30485937500000004,0.7440320443320082,0.27586206896551724,68.99999999999999
961,5961,0.875,0.28125,0.62643055053608,0.13793103448275862,68.99999999999999
962,3922,0.375,0.309375,0.7059462715335502,0.13793103448275862,68.99999999999999
963,3529,0.3625,0.28125,0.62643055053608,0.27586206896551724,68.99999999999999
964,3389,0.3625,0.090625,0.62643055053608,0.27586206896551724,68.99999999999999
965,3387,0.3625,0.090625,0.7671364895795687,0.27586206896551724,68.99999999999999
966,23881,0.625,0.2024875,0.9855077701481749,0.27586206896551724,68.99999999999999
967,5961,0.875,0.28125,0.62643055053608,0.6206896551724137,68.90909090909089
968,22571,0.7439250000000001,0.219709375,0.9777014817491867,0.27586206896551724,68.89999999999999
969,5562,0.8625,0.309375,0.7059462715335502,0.0,68.88888888888887
970,5954,0.875,0.300271875,0.7551740754126008,0.0,68.88888888888887
971,3059,0.125,0.09375,0.62643055053608,0.0,68.88888888888887
972,22590,0.8625,0.21195312500000002,0.9818817009998795,0.3448275862068966,68.81818181818181
973,3054,0.125,0.09375,0.655524635586074,1.0,68.80219780219778
974,2532,0.1125,0.3125,0.62643055053608,0.6896551724137931,68.79230769230769
975,22572,0.7141625,0.22165625000000003,0.9764727141308276,0.0,68.77777777777776
976,2316,0.1125,0.2336875,0.9796651005902903,1.0,68.68131868131867
977,21223,0.5888,0.235378125,0.9658113480303577,1.0,68.68131868131867
978,4481,0.6125,0.20159374999999996,0.8773762197325623,0.6206896551724137,68.63636363636363
979,5953,0.875,0.295615625,0.7658836284784966,0.6206896551724137,68.63636363636363
980,22531,0.6125,0.21195312500000002,0.9940127695458378,0.6206896551724137,68.63636363636363
981,5200,0.625,0.21875,0.978279725334297,1.0,68.46153846153845
982,3113,0.125,0.197040625,0.9989157932779182,1.0,68.46153846153845
983,5218,0.625,0.215625,0.958089386820865,0.3448275862068966,68.39090909090908
984,21235,0.6125,0.233828125,0.9795446331767256,0.48275862068965514,68.38461538461537
985,5092,0.625,0.0625,0.7324515118660402,0.6206896551724137,68.36363636363635
986,3529,0.3625,0.28125,0.62643055053608,1.0,68.35164835164834
987,3061,0.125,0.090625,0.7671364895795687,1.0,68.28571428571428
988,5356,0.8625,0.20443125,0.9969883146608842,1.0,68.24175824175823
989,23869,0.684375,0.1908,0.9877484640404769,1.0,68.24175824175823
990,2925,0.125,0.28125,0.62643055053608,1.0,68.24175824175823
991,5562,0.8625,0.309375,0.7059462715335502,0.3448275862068966,68.18181818181817
992,23881,0.625,0.2024875,0.9855077701481749,0.3448275862068966,68.18181818181817
993,4125,0.375,0.197040625,0.9989157932779182,1.0,68.02197802197801
994,4080,0.375,0.0625,0.7324515118660402,0.6206896551724137,67.99999999999999
995,5281,0.8625,0.194096875,0.9718949524153715,0.13793103448275862,67.99999999999999
996,5363,0.8625,0.15274062500000002,0.9902300927599084,0.13793103448275862,67.99999999999999
997,5553,0.8625,0.28125,0.62643055053608,0.13793103448275862,67.99999999999999
998,5747,0.8625,0.16485,0.9839657872545476,0.13793103448275862,67.99999999999999
999,4125,0.375,0.197040625,0.9989157932779182,0.27586206896551724,67.99999999999999
1000,6018,0.875,0.208621875,0.8749909649439825,0.13793103448275862,67.99999999999999
1001,6096,0.875,0.090625,0.62643055053608,0.13793103448275862,67.99999999999999
1002,23828,0.6125,0.19007812500000001,0.9998554391037224,0.27586206896551724,67.99999999999999
1003,3534,0.3625,0.300271875,0.7551740754126008,0.27586206896551724,67.99999999999999
1004,2925,0.125,0.28125,0.62643055053608,0.27586206896551724,67.99999999999999
1005,2918,0.125,0.300271875,0.7551740754126008,0.27586206896551724,67.99999999999999
1006,22589,0.8625,0.22436249999999996,0.9746536561860017,0.27586206896551724,67.99999999999999
1007,2517,0.1125,0.28125,0.62643055053608,0.27586206896551724,67.99999999999999
1008,5954,0.875,0.300271875,0.7551740754126008,0.6896551724137931,67.92307692307692
1009,2517,0.1125,0.28125,0.62643055053608,1.0,67.9120879120879
1010,5903,0.875,0.278125,0.8796530538489338,0.6206896551724137,67.81818181818181
1011,5394,0.8625,0.059375,0.6996542585230695,0.0,67.77777777777776
1012,5558,0.8625,0.300271875,0.7551740754126008,0.0,67.77777777777776
1013,6151,0.875,0.182234375,0.9998795325864354,0.0,67.77777777777776
1014,23882,0.648725,0.20093125,0.9859414528370076,0.3448275862068966,67.54545454545453
1015,5903,0.875,0.278125,0.8796530538489338,1.0,67.47252747252746
1016,22519,0.5888,0.213503125,0.9811348030357788,1.0,67.47252747252746
1017,22599,0.7140875,0.214625,0.9805686061920249,1.0,67.47252747252746
1018,5097,0.625,0.0625,0.65293579086857,0.8275862068965517,67.46666666666665
1019,5401,0.8625,0.0625,0.7324515118660402,0.6206896551724137,67.45454545454544
1020,22578,0.6724625,0.22125,0.9767377424406698,0.6206896551724137,67.45454545454544
1021,2365,0.1125,0.0625,0.7324515118660402,0.6206896551724137,67.45454545454544
1022,22600,0.684375,0.212678125,0.9815443922418986,0.3448275862068966,67.36363636363635
1023,22598,0.74375,0.216571875,0.9795205396940128,0.27586206896551724,67.29999999999998
1024,22602,0.625,0.20878125,0.9832791229972292,0.6206896551724137,67.27272727272727
1025,3073,0.125,0.0625,0.65293579086857,0.8275862068965517,67.26666666666665
1026,23889,0.625,0.19003125,0.9878086977472593,1.0,67.25274725274724
1027,5616,0.8625,0.27164062499999997,0.8892302132273219,1.0,67.2087912087912
1028,22597,0.7734125,0.214625,0.9805686061920249,1.0,67.14285714285712
1029,5399,0.8625,0.0625,0.65293579086857,0.8275862068965517,67.13333333333333
1030,5227,0.625,0.1875,0.9575954704252498,0.27586206896551724,66.99999999999999
1031,4482,0.6125,0.208621875,0.8749909649439825,0.27586206896551724,66.99999999999999
1032,4480,0.6125,0.194553125,0.8788820624021202,0.27586206896551724,66.99999999999999
1033,5606,0.8625,0.278125,0.8796530538489338,0.27586206896551724,66.99999999999999
1034,5762,0.875,0.171346875,0.9860498735092157,0.27586206896551724,66.99999999999999
1035,4120,0.375,0.2336875,0.9796651005902903,0.27586206896551724,66.99999999999999
1036,5956,0.875,0.28125,0.6545717383447777,0.27586206896551724,66.99999999999999
1037,3930,0.375,0.300271875,0.7551740754126008,0.27586206896551724,66.99999999999999
1038,6150,0.875,0.189640625,0.9998795325864354,0.27586206896551724,66.99999999999999
1039,6155,0.875,0.15274062500000002,0.9902300927599084,0.27586206896551724,66.99999999999999
1040,3113,0.125,0.197040625,0.9989157932779182,0.27586206896551724,66.99999999999999
1041,22576,0.625,0.22436249999999996,0.9746536561860017,0.27586206896551724,66.99999999999999
1042,2910,0.125,0.309375,0.7059462715335502,0.13793103448275862,66.99999999999999
1043,2526,0.1125,0.309375,0.7059462715335502,0.13793103448275862,66.99999999999999
1044,2522,0.1125,0.300271875,0.7551740754126008,0.27586206896551724,66.99999999999999
1045,2316,0.1125,0.2336875,0.9796651005902903,0.27586206896551724,66.99999999999999
1046,2531,0.1125,0.3125,0.6508384531984098,0.48275862068965514,66.92307692307692
1047,3060,0.125,0.090625,0.62643055053608,1.0,66.9230769230769
1048,21307,0.8625,0.233828125,0.9795446331767256,0.6206896551724137,66.90909090909089
1049,6109,0.875,0.0625,0.65293579086857,0.8275862068965517,66.86666666666666
1050,5954,0.875,0.300271875,0.7551740754126008,0.9655172413793103,66.84615384615384
1051,22534,0.6125,0.22436249999999996,0.9868931454041681,0.48275862068965514,66.84615384615384
1052,3068,0.125,0.0625,0.7324515118660402,0.6206896551724137,66.72727272727272
1053,5351,0.8625,0.2408875,0.9729671123960967,0.0,66.66666666666666
1054,5946,0.875,0.309375,0.7059462715335502,0.0,66.66666666666666
1055,6017,0.875,0.20159374999999996,0.8773762197325623,0.0,66.66666666666666
1056,3377,0.3625,0.0625,0.7324515118660402,0.0,66.66666666666666
1057,22589,0.8625,0.22436249999999996,0.9746536561860017,0.0,66.66666666666666
1058,21301,0.7734,0.23650312499999998,0.9647753282737019,0.0,66.55555555555554
1059,6104,0.875,0.0625,0.7324515118660402,0.6206896551724137,66.54545454545453
1060,22601,0.6547,0.210728125,0.9824478978436332,0.3448275862068966,66.54545454545453
1061,5210,0.625,0.2384375,0.9629442235875195,0.48275862068965514,66.53846153846153
1062,5558,0.8625,0.300271875,0.7551740754126008,0.6896551724137931,66.53846153846153
1063,4949,0.625,0.28125,0.62643055053608,1.0,66.48351648351647
1064,15230,0.8625,0.052488749999999994,0.8249126611251656,0.13793103448275862,66.39999999999999
1065,5946,0.875,0.309375,0.7059462715335502,0.3448275862068966,66.36363636363636
1066,22582,0.672475,0.215021875,0.980363811588965,0.6206896551724137,66.36363636363636
1067,4085,0.375,0.0625,0.65293579086857,0.8275862068965517,66.33333333333333
1068,23875,0.8388249999999999,0.20093437500000003,0.9859414528370076,0.0,66.33333333333331
1069,22590,0.8625,0.21195312500000002,0.9818817009998795,0.48275862068965514,66.30769230769229
1070,22572,0.7141625,0.22165625000000003,0.9764727141308276,0.27586206896551724,66.29999999999998
1071,6017,0.875,0.20159374999999996,0.8773762197325623,1.0,66.24945054945054
1072,4072,0.375,0.090625,0.62643055053608,1.0,66.15384615384615
1073,5963,0.875,0.278125,0.7718949524153716,1.0,66.04395604395603
1074,23881,0.625,0.2024875,0.9855077701481749,0.9655172413793103,65.99999999999999
1075,2320,0.1125,0.20443125,0.9969883146608842,0.27586206896551724,65.99999999999999
1076,5143,0.625,0.15274062500000002,0.9902300927599084,0.27586206896551724,65.99999999999999
1077,5360,0.8625,0.17483437500000001,0.9989157932779182,0.27586206896551724,65.99999999999999
1078,5552,0.8625,0.28125,0.6545717383447777,0.27586206896551724,65.99999999999999
1079,23759,0.125,0.2024875,0.9975906517287073,0.27586206896551724,65.99999999999999
1080,5564,0.8625,0.309375,0.62643055053608,0.27586206896551724,65.99999999999999
1081,5945,0.875,0.309375,0.62643055053608,0.27586206896551724,65.99999999999999
1082,23190,0.6125,0.1806125,0.9997470184315143,0.27586206896551724,65.99999999999999
1083,6149,0.875,0.197040625,0.9989157932779182,0.13793103448275862,65.99999999999999
1084,21941,0.8625,0.1587375,0.9813155041561258,0.27586206896551724,65.99999999999999
1085,2918,0.125,0.300271875,0.7551740754126008,1.0,65.93406593406593
1086,22512,0.375,0.21190625000000002,0.9819057944825923,0.3448275862068966,65.90909090909089
1087,23881,0.625,0.2024875,0.9855077701481749,0.6896551724137931,65.84615384615384
1088,23887,0.672475,0.19314375,0.9874954824719914,1.0,65.82417582417581
1089,22575,0.625,0.22748749999999998,0.97237682206963,1.0,65.82417582417581
1090,22603,0.8625,0.21195312500000002,0.9940127695458378,0.6206896551724137,65.81818181818181
1091,4879,0.625,0.246875,0.9248042404529574,0.0,65.77777777777777
1092,2531,0.1125,0.3125,0.6508384531984098,0.6896551724137931,65.74615384615383
1093,5557,0.8625,0.295615625,0.7658836284784966,0.6206896551724137,65.72727272727272
1094,23829,0.6125,0.2024875,0.9975906517287073,0.6206896551724137,65.72727272727272
1095,3543,0.3625,0.3125,0.6508384531984098,0.6896551724137931,65.66923076923077
1096,23876,0.8625,0.2024875,0.9855077701481749,0.6206896551724137,65.63636363636363
1097,5136,0.625,0.20443125,0.9969883146608842,0.0,65.55555555555554
1098,5137,0.625,0.197040625,0.9989157932779182,0.0,65.55555555555554
1099,4389,0.6125,0.0625,0.7324515118660402,0.0,65.55555555555554
1100,4080,0.375,0.0625,0.7324515118660402,0.0,65.55555555555554
1101,22512,0.375,0.21190625000000002,0.9819057944825923,0.0,65.55555555555554
1102,22576,0.625,0.22436249999999996,0.9746536561860017,0.6206896551724137,65.54545454545453
1103,22577,0.6487125,0.22280625,0.9757137694253704,0.6896551724137931,65.53846153846153
1104,22577,0.6487125,0.22280625,0.9757137694253704,0.9655172413793103,65.53846153846153
1105,5278,0.8625,0.215625,0.958089386820865,0.27586206896551724,65.49999999999999
1106,21227,0.582775,0.23260625,0.9682568365257197,1.0,65.49450549450547
1107,5401,0.8625,0.0625,0.7324515118660402,1.0,65.47252747252746
1108,5558,0.8625,0.300271875,0.7551740754126008,0.9655172413793103,65.46153846153845
1109,3469,0.3625,0.20159374999999996,0.8773762197325623,1.0,65.44175824175822
1110,22578,0.6724625,0.22125,0.9767377424406698,0.3448275862068966,65.36363636363636
1111,22571,0.7439250000000001,0.219709375,0.9777014817491867,0.13793103448275862,65.29999999999998
1112,3543,0.3625,0.3125,0.6508384531984098,0.9655172413793103,65.19230769230768
1113,23803,0.588825,0.20093437500000003,0.9859414528370076,0.6206896551724137,65.09090909090908
1114,4942,0.625,0.300271875,0.7551740754126008,1.0,65.05494505494504
1115,3930,0.375,0.300271875,0.7551740754126008,1.0,65.05494505494504
1116,23901,0.8625,0.2024875,0.9975906517287073,0.3448275862068966,64.99999999999999
1117,5251,0.8625,0.16270625,0.9674978918202626,0.13793103448275862,64.99999999999999
1118,5269,0.8625,0.1875,0.9575954704252498,0.13793103448275862,64.99999999999999
1119,5275,0.8625,0.20919375,0.9831104686182388,0.13793103448275862,64.99999999999999
1120,5559,0.8625,0.30485937500000004,0.7440320443320082,0.13793103448275862,64.99999999999999
1121,5747,0.8625,0.16485,0.9839657872545476,0.27586206896551724,64.99999999999999
1122,5955,0.875,0.30485937500000004,0.7440320443320082,0.13793103448275862,64.99999999999999
1123,6145,0.875,0.22643437500000002,0.9854234429586796,0.27586206896551724,64.99999999999999
1124,22573,0.6844625,0.22359999999999997,0.975183712805686,0.6206896551724137,64.90909090909089
1125,22600,0.684375,0.212678125,0.9815443922418986,0.27586206896551724,64.89999999999999
1126,21317,0.654725,0.23260625,0.9805926996747379,1.0,64.83516483516482
1127,22533,0.6125,0.22748749999999998,0.984652451511866,1.0,64.83516483516482
1128,22597,0.7734125,0.214625,0.9805686061920249,0.0,64.77777777777777
1129,4950,0.625,0.278125,0.62643055053608,1.0,64.72527472527472
1130,4750,0.625,0.171346875,0.9860498735092157,1.0,64.72527472527472
1131,5195,0.625,0.26331875,0.9325864353692326,0.48275862068965514,64.68461538461537
1132,5219,0.625,0.215625,0.9361402240693892,0.27586206896551724,64.6
1133,4934,0.625,0.309375,0.7059462715335502,0.6206896551724137,64.54545454545453
1134,4550,0.6125,0.309375,0.7059462715335502,0.6206896551724137,64.54545454545453
1135,5955,0.875,0.30485937500000004,0.7440320443320082,0.6206896551724137,64.54545454545453
1136,3538,0.3625,0.309375,0.7059462715335502,0.6206896551724137,64.54545454545453
1137,22577,0.6487125,0.22280625,0.9757137694253704,0.48275862068965514,64.53846153846153
1138,2522,0.1125,0.300271875,0.7551740754126008,1.0,64.5054945054945
1139,5092,0.625,0.0625,0.7324515118660402,0.0,64.44444444444443
1140,3068,0.125,0.0625,0.7324515118660402,0.0,64.44444444444443
1141,2365,0.1125,0.0625,0.7324515118660402,0.0,64.44444444444443
1142,6104,0.875,0.0625,0.7324515118660402,1.0,64.41758241758241
1143,22600,0.684375,0.212678125,0.9815443922418986,0.0,64.33333333333331
1144,4188,0.375,0.21875,0.978279725334297,1.0,64.28571428571428
1145,3534,0.3625,0.300271875,0.7551740754126008,1.0,64.28571428571428
1146,22582,0.672475,0.215021875,0.980363811588965,0.3448275862068966,64.27272727272727
1147,5953,0.875,0.295615625,0.7658836284784966,0.3448275862068966,64.18181818181817
1148,23189,0.6125,0.1837375,0.9999638597759306,1.0,64.17582417582416
1149,18702,0.8625,0.277578125,0.9091555234309118,0.8275862068965517,64.13333333333333
1150,22588,0.8388375,0.2228125,0.9757137694253704,0.0,64.1111111111111
1151,21216,0.375,0.23378125,0.9672328635104203,0.6206896551724137,64.09090909090908
1152,2382,0.1125,0.09375,0.655524635586074,0.6206896551724137,63.99999999999999
1153,22602,0.625,0.20878125,0.9832791229972292,0.3448275862068966,63.99999999999999
1154,5190,0.625,0.269728125,0.8990362606914829,0.27586206896551724,63.999999999999986
1155,5219,0.625,0.215625,0.9361402240693892,0.13793103448275862,63.999999999999986
1156,5393,0.8625,0.059375,0.6752463558607397,0.27586206896551724,63.999999999999986
1157,5545,0.8625,0.278125,0.7718949524153716,0.27586206896551724,63.999999999999986
1158,23756,0.3625,0.2024875,0.9975906517287073,0.13793103448275862,63.999999999999986
1159,4545,0.6125,0.295615625,0.7658836284784966,0.27586206896551724,63.999999999999986
1160,4351,0.6125,0.15274062500000002,0.9902300927599084,0.27586206896551724,63.999999999999986
1161,4091,0.375,0.059375,0.6752463558607397,0.27586206896551724,63.999999999999986
1162,6090,0.875,0.09375,0.655524635586074,0.13793103448275862,63.999999999999986
1163,6144,0.875,0.2336875,0.9796651005902903,0.13793103448275862,63.999999999999986
1164,3469,0.3625,0.20159374999999996,0.8773762197325623,0.27586206896551724,63.999999999999986
1165,3333,0.3625,0.197040625,0.9989157932779182,0.27586206896551724,63.999999999999986
1166,3108,0.125,0.2336875,0.9796651005902903,0.13793103448275862,63.999999999999986
1167,21308,0.8625,0.23065625,0.9821949162751474,0.13793103448275862,63.999999999999986
1168,2382,0.1125,0.09375,0.655524635586074,0.13793103448275862,63.999999999999986
1169,2377,0.1125,0.090625,0.62643055053608,0.27586206896551724,63.999999999999986
1170,5084,0.625,0.090625,0.62643055053608,1.0,63.96703296703296
1171,22591,0.8388,0.213503125,0.9811348030357788,1.0,63.95604395604394
1172,5954,0.875,0.300271875,0.7551740754126008,0.48275862068965514,63.92307692307691
1173,5278,0.8625,0.215625,0.958089386820865,1.0,63.84615384615383
1174,22574,0.6547,0.22554687499999998,0.9738103842910492,0.3448275862068966,63.818181818181806
1175,23870,0.6546875,0.188853125,0.9878809781953981,1.0,63.73626373626372
1176,22588,0.8388375,0.2228125,0.9757137694253704,1.0,63.73626373626372
1177,22583,0.6487499999999999,0.21346249999999997,0.9811588965184916,0.6896551724137931,63.692307692307686
1178,22590,0.8625,0.21195312500000002,0.9818817009998795,0.6896551724137931,63.692307692307686
1179,2383,0.1125,0.09375,0.62643055053608,0.9655172413793103,63.692307692307686
1180,3922,0.375,0.309375,0.7059462715335502,0.6206896551724137,63.636363636363626
1181,23882,0.648725,0.20093125,0.9859414528370076,0.48275862068965514,63.615384615384606
1182,4929,0.625,0.3125,0.6508384531984098,0.8275862068965517,63.599999999999994
1183,5559,0.8625,0.30485937500000004,0.7440320443320082,0.6206896551724137,63.54545454545453
1184,22583,0.6487499999999999,0.21346249999999997,0.9811588965184916,0.9655172413793103,63.53846153846153
1185,3068,0.125,0.0625,0.7324515118660402,1.0,63.538461538461526
1186,5131,0.625,0.2408875,0.9729671123960967,0.6896551724137931,63.46153846153845
1187,22590,0.8625,0.21195312500000002,0.9818817009998795,0.9655172413793103,63.38461538461537
1188,4555,0.6125,0.3125,0.6508384531984098,0.8275862068965517,63.33333333333333
1189,5353,0.8625,0.22643437500000002,0.9854234429586796,0.0,63.33333333333332
1190,4934,0.625,0.309375,0.7059462715335502,0.0,63.33333333333332
1191,4550,0.6125,0.309375,0.7059462715335502,0.0,63.33333333333332
1192,5606,0.8625,0.278125,0.8796530538489338,0.0,63.33333333333332
1193,3538,0.3625,0.309375,0.7059462715335502,0.0,63.33333333333332
1194,22591,0.8388,0.213503125,0.9811348030357788,0.0,63.33333333333332
1195,22594,0.8625,0.20878125,0.9832791229972292,0.0,63.33333333333332
1196,5413,0.8625,0.090625,0.62643055053608,1.0,63.296703296703285
1197,4546,0.6125,0.300271875,0.7551740754126008,1.0,63.296703296703285
1198,4480,0.6125,0.194553125,0.8788820624021202,0.6206896551724137,63.27272727272726
1199,5909,0.875,0.29007499999999997,0.7915190940850501,0.6206896551724137,63.27272727272726
1200,21235,0.6125,0.233828125,0.9795446331767256,0.8275862068965517,63.26666666666666
1201,5558,0.8625,0.300271875,0.7551740754126008,0.48275862068965514,63.23076923076922
1202,22583,0.6487499999999999,0.21346249999999997,0.9811588965184916,0.27586206896551724,63.09999999999999
1203,22572,0.7141625,0.22165625000000003,0.9764727141308276,0.6206896551724137,63.09090909090908
1204,22573,0.6844625,0.22359999999999997,0.975183712805686,0.3448275862068966,63.09090909090908
1205,5562,0.8625,0.309375,0.7059462715335502,0.48275862068965514,63.076923076923066
1206,2383,0.1125,0.09375,0.62643055053608,0.48275862068965514,63.076923076923066
1207,3917,0.375,0.3125,0.6508384531984098,0.8275862068965517,62.99999999999999
1208,23804,0.6125,0.2024875,0.9855077701481749,0.6206896551724137,62.99999999999999
1209,5269,0.8625,0.1875,0.9575954704252498,0.27586206896551724,62.999999999999986
1210,5275,0.8625,0.20919375,0.9831104686182388,0.27586206896551724,62.999999999999986
1211,23261,0.8625,0.1837375,0.9999638597759306,0.13793103448275862,62.999999999999986
1212,4871,0.625,0.246875,0.9468497771352848,0.27586206896551724,62.999999999999986
1213,4751,0.625,0.17785625,0.9873750150584266,0.13793103448275862,62.999999999999986
1214,23759,0.125,0.2024875,0.9975906517287073,0.13793103448275862,62.999999999999986
1215,5564,0.8625,0.309375,0.62643055053608,0.13793103448275862,62.999999999999986
1216,4382,0.6125,0.059375,0.6996542585230695,0.13793103448275862,62.999999999999986
1217,5606,0.8625,0.278125,0.8796530538489338,0.13793103448275862,62.999999999999986
1218,3369,0.3625,0.059375,0.6752463558607397,0.27586206896551724,62.999999999999986
1219,3328,0.3625,0.2336875,0.9796651005902903,0.27586206896551724,62.999999999999986
1220,21941,0.8625,0.1587375,0.9813155041561258,0.13793103448275862,62.999999999999986
1221,2358,0.1125,0.059375,0.6996542585230695,0.13793103448275862,62.999999999999986
1222,5961,0.875,0.28125,0.62643055053608,0.3448275862068966,62.9090909090909
1223,22571,0.7439250000000001,0.219709375,0.9777014817491867,0.6206896551724137,62.9090909090909
1224,21301,0.7734,0.23650312499999998,0.9647753282737019,0.27586206896551724,62.89999999999999
1225,22574,0.6547,0.22554687499999998,0.9738103842910492,0.6206896551724137,62.818181818181806
1226,23882,0.648725,0.20093125,0.9859414528370076,0.6896551724137931,62.76923076923076
1227,5553,0.8625,0.28125,0.62643055053608,0.3448275862068966,62.72727272727272
1228,6090,0.875,0.09375,0.655524635586074,0.6206896551724137,62.72727272727272
1229,23882,0.648725,0.20093125,0.9859414528370076,0.9655172413793103,62.692307692307686
1230,2531,0.1125,0.3125,0.6508384531984098,0.9655172413793103,62.68461538461538
1231,4555,0.6125,0.3125,0.6508384531984098,0.9655172413793103,62.630769230769225
1232,2532,0.1125,0.3125,0.62643055053608,0.9655172413793103,62.584615384615375
1233,5131,0.625,0.2408875,0.9729671123960967,0.9655172413793103,62.53846153846153
1234,23909,0.654725,0.20366875,0.9972292494880134,1.0,62.52747252747252
1235,22573,0.6844625,0.22359999999999997,0.975183712805686,0.27586206896551724,62.499999999999986
1236,22587,0.8151375,0.22125625,0.9767256956993133,1.0,62.4175824175824
1237,22598,0.74375,0.216571875,0.9795205396940128,0.13793103448275862,62.39999999999999
1238,6096,0.875,0.090625,0.62643055053608,1.0,62.31868131868131
1239,6095,0.875,0.09375,0.62643055053608,0.48275862068965514,62.3076923076923
1240,2383,0.1125,0.09375,0.62643055053608,0.6896551724137931,62.3076923076923
1241,5289,0.8625,0.2384375,0.9629442235875195,1.0,62.30769230769229
1242,4340,0.6125,0.2336875,0.9796651005902903,1.0,62.30769230769229
1243,22603,0.8625,0.21195312500000002,0.9940127695458378,0.3448275862068966,62.27272727272726
1244,5419,0.8625,0.09375,0.62643055053608,0.9655172413793103,62.23076923076922
1245,5760,0.875,0.16485,0.9839657872545476,0.0,62.22222222222221
1246,5961,0.875,0.28125,0.62643055053608,0.0,62.22222222222221
1247,6015,0.875,0.194553125,0.8788820624021202,0.0,62.22222222222221
1248,6090,0.875,0.09375,0.655524635586074,0.0,62.22222222222221
1249,3922,0.375,0.309375,0.7059462715335502,0.0,62.22222222222221
1250,21312,0.625,0.23065625,0.9821949162751474,1.0,62.19780219780218
1251,22496,0.5828875,0.22554687499999998,0.9738103842910492,1.0,62.19780219780218
1252,2358,0.1125,0.059375,0.6996542585230695,0.6206896551724137,62.18181818181817
1253,22583,0.6487499999999999,0.21346249999999997,0.9811588965184916,0.48275862068965514,62.153846153846146
1254,4401,0.6125,0.090625,0.62643055053608,1.0,62.15384615384614
1255,5418,0.8625,0.09375,0.655524635586074,0.6206896551724137,62.09090909090908
1256,6095,0.875,0.09375,0.62643055053608,0.9655172413793103,62.076923076923066
1257,23901,0.8625,0.2024875,0.9975906517287073,0.9655172413793103,62.076923076923066
1258,4555,0.6125,0.3125,0.6508384531984098,0.6896551724137931,62.069230769230764
1259,5197,0.625,0.21875,0.9116251054089869,1.0,62.04395604395603
1260,5103,0.625,0.059375,0.6752463558607397,0.27586206896551724,61.999999999999986
1261,4941,0.625,0.295615625,0.7658836284784966,0.27586206896551724,61.999999999999986
1262,4751,0.625,0.17785625,0.9873750150584266,0.27586206896551724,61.999999999999986
1263,5493,0.8625,0.20159374999999996,0.8773762197325623,0.27586206896551724,61.999999999999986
1264,23238,0.8625,0.168203125,0.9851343211661244,0.13793103448275862,61.999999999999986
1265,4540,0.6125,0.28125,0.6545717383447777,0.27586206896551724,61.999999999999986
1266,5748,0.8625,0.171346875,0.9860498735092157,0.13793103448275862,61.999999999999986
1267,5763,0.875,0.17785625,0.9873750150584266,0.27586206896551724,61.999999999999986
1268,4072,0.375,0.090625,0.62643055053608,0.13793103448275862,61.999999999999986
1269,6115,0.875,0.059375,0.6752463558607397,0.27586206896551724,61.999999999999986
1270,6145,0.875,0.22643437500000002,0.9854234429586796,0.13793103448275862,61.999999999999986
1271,6155,0.875,0.15274062500000002,0.9902300927599084,0.13793103448275862,61.999999999999986
1272,6242,0.875,0.206659375,0.8878448379713287,0.27586206896551724,61.999999999999986
1273,15183,0.8625,0.033780624999999995,0.7456993133357427,0.13793103448275862,61.999999999999986
1274,3332,0.3625,0.20443125,0.9969883146608842,0.27586206896551724,61.999999999999986
1275,3079,0.125,0.059375,0.6752463558607397,0.27586206896551724,61.999999999999986
1276,23877,0.8625,0.19007812500000001,0.9877966510059029,0.13793103448275862,61.999999999999986
1277,21886,0.6125,0.1587375,0.9934586194434405,0.27586206896551724,61.999999999999986
1278,22588,0.8388375,0.2228125,0.9757137694253704,0.27586206896551724,61.999999999999986
1279,22591,0.8388,0.213503125,0.9811348030357788,0.27586206896551724,61.999999999999986
1280,5133,0.625,0.22643437500000002,0.9854234429586796,1.0,61.978021978021964
1281,4119,0.375,0.2408875,0.9729671123960967,1.0,61.978021978021964
1282,22570,0.7736,0.22165625000000003,0.9764727141308276,1.0,61.978021978021964
1283,22512,0.375,0.21190625000000002,0.9819057944825923,0.6896551724137931,61.92307692307691
1284,23901,0.8625,0.2024875,0.9975906517287073,0.6896551724137931,61.92307692307691
1285,5557,0.8625,0.295615625,0.7658836284784966,0.3448275862068966,61.9090909090909
1286,2383,0.1125,0.09375,0.62643055053608,0.3448275862068966,61.9090909090909
1287,22573,0.6844625,0.22359999999999997,0.975183712805686,0.0,61.88888888888888
1288,3389,0.3625,0.090625,0.62643055053608,1.0,61.868131868131854
1289,22572,0.7141625,0.22165625000000003,0.9764727141308276,0.3448275862068966,61.818181818181806
1290,22598,0.74375,0.216571875,0.9795205396940128,0.6206896551724137,61.818181818181806
1291,4535,0.6125,0.278125,0.62643055053608,1.0,61.758241758241745
1292,5949,0.875,0.309375,0.7324515118660402,1.0,61.758241758241745
1293,21294,0.8625,0.233828125,0.9671967232863511,0.6896551724137931,61.692307692307686
1294,23819,0.582875,0.20366875,0.9851343211661244,0.6206896551724137,61.636363636363626
1295,4407,0.6125,0.09375,0.62643055053608,0.9655172413793103,61.615384615384606
1296,21301,0.7734,0.23650312499999998,0.9647753282737019,0.13793103448275862,61.59999999999999
1297,22532,0.6125,0.20878125,0.9953860980604745,0.27586206896551724,61.59999999999999
1298,5419,0.8625,0.09375,0.62643055053608,0.48275862068965514,61.53846153846153
1299,4407,0.6125,0.09375,0.62643055053608,0.48275862068965514,61.53846153846153
1300,22512,0.375,0.21190625000000002,0.9819057944825923,0.9655172413793103,61.53846153846153
1301,3543,0.3625,0.3125,0.6508384531984098,0.8275862068965517,61.533333333333324
1302,2905,0.125,0.3125,0.6508384531984098,0.8275862068965517,61.46666666666666
1303,5552,0.8625,0.28125,0.6545717383447777,0.6206896551724137,61.454545454545446
1304,3078,0.125,0.059375,0.6996542585230695,0.6206896551724137,61.454545454545446
1305,22571,0.7439250000000001,0.219709375,0.9777014817491867,0.3448275862068966,61.454545454545446
1306,21313,0.625,0.24936250000000001,0.9637754487411154,1.0,61.428571428571416
1307,23886,0.6961999999999999,0.194703125,0.9872665943862186,1.0,61.428571428571416
1308,5102,0.625,0.059375,0.6996542585230695,0.6206896551724137,61.36363636363635
1309,3932,0.375,0.28125,0.6545717383447777,1.0,61.31868131868131
1310,23871,0.625,0.18690625,0.9879532586435369,1.0,61.31868131868131
1311,22532,0.6125,0.20878125,0.9953860980604745,1.0,61.31868131868131
1312,22523,0.5828,0.210728125,0.9824478978436332,0.6206896551724137,61.27272727272726
1313,3395,0.3625,0.09375,0.62643055053608,0.9655172413793103,61.23076923076922
1314,21226,0.6125,0.23065625,0.9698831466088423,0.48275862068965514,61.23076923076922
1315,21294,0.8625,0.233828125,0.9671967232863511,0.9655172413793103,61.23076923076922
1316,5563,0.8625,0.309375,0.7324515118660402,1.0,61.2087912087912
1317,3468,0.3625,0.194553125,0.8788820624021202,1.0,61.2087912087912
1318,23164,0.5888125,0.179059375,0.9875316226960605,1.0,61.2087912087912
1319,22516,0.5888375,0.2228125,0.9757137694253704,1.0,61.2087912087912
1320,22597,0.7734125,0.214625,0.9805686061920249,0.27586206896551724,61.19999999999999
1321,5597,0.8625,0.29007499999999997,0.7915190940850501,0.6206896551724137,61.18181818181817
1322,21226,0.6125,0.23065625,0.9698831466088423,0.3448275862068966,61.18181818181817
1323,5199,0.625,0.21875,0.9560534875316226,0.0,61.1111111111111
1324,5363,0.8625,0.15274062500000002,0.9902300927599084,0.0,61.1111111111111
1325,5553,0.8625,0.28125,0.62643055053608,0.0,61.1111111111111
1326,5953,0.875,0.295615625,0.7658836284784966,0.0,61.1111111111111
1327,21308,0.8625,0.23065625,0.9821949162751474,0.0,61.1111111111111
1328,23893,0.773575,0.199778125,0.986242621370919,0.0,61.1111111111111
1329,2526,0.1125,0.309375,0.7059462715335502,0.0,61.1111111111111
1330,2382,0.1125,0.09375,0.655524635586074,0.0,61.1111111111111
1331,21283,0.696175,0.24156875000000003,0.9598120708348392,1.0,61.09890109890109
1332,22606,0.8625,0.22436249999999996,0.9868931454041681,0.6206896551724137,61.09090909090908
1333,5956,0.875,0.28125,0.6545717383447777,0.6206896551724137,60.99999999999999
1334,5137,0.625,0.197040625,0.9989157932779182,0.13793103448275862,60.999999999999986
1335,5279,0.8625,0.215625,0.9800385495723407,0.27586206896551724,60.999999999999986
1336,5084,0.625,0.090625,0.62643055053608,0.13793103448275862,60.999999999999986
1337,4871,0.625,0.246875,0.9468497771352848,0.13793103448275862,60.999999999999986
1338,5552,0.8625,0.28125,0.6545717383447777,0.13793103448275862,60.999999999999986
1339,4541,0.6125,0.28125,0.62643055053608,0.13793103448275862,60.999999999999986
1340,4381,0.6125,0.059375,0.6752463558607397,0.27586206896551724,60.999999999999986
1341,4345,0.6125,0.197040625,0.9989157932779182,0.13793103448275862,60.999999999999986
1342,5762,0.875,0.171346875,0.9860498735092157,0.13793103448275862,60.999999999999986
1343,5909,0.875,0.29007499999999997,0.7915190940850501,0.27586206896551724,60.999999999999986
1344,4120,0.375,0.2336875,0.9796651005902903,0.13793103448275862,60.999999999999986
1345,5945,0.875,0.309375,0.62643055053608,0.13793103448275862,60.999999999999986
1346,3937,0.375,0.28125,0.62643055053608,0.13793103448275862,60.999999999999986
1347,3932,0.375,0.28125,0.6545717383447777,0.27586206896551724,60.999999999999986
1348,6222,0.875,0.2384375,0.9629442235875195,0.13793103448275862,60.999999999999986
1349,6222,0.875,0.2384375,0.9629442235875195,0.27586206896551724,60.999999999999986
1350,3119,0.125,0.15274062500000002,0.9902300927599084,0.27586206896551724,60.999999999999986
1351,22461,0.3625,0.21195312500000002,0.9940127695458378,0.27586206896551724,60.999999999999986
1352,3060,0.125,0.090625,0.62643055053608,0.13793103448275862,60.999999999999986
1353,2457,0.1125,0.20159374999999996,0.8773762197325623,0.27586206896551724,60.999999999999986
1354,5419,0.8625,0.09375,0.62643055053608,0.6896551724137931,60.92307692307691
1355,4550,0.6125,0.309375,0.7059462715335502,0.3448275862068966,60.9090909090909
1356,4406,0.6125,0.09375,0.655524635586074,0.6206896551724137,60.9090909090909
1357,2910,0.125,0.309375,0.7059462715335502,0.6206896551724137,60.9090909090909
1358,2526,0.1125,0.309375,0.7059462715335502,0.6206896551724137,60.9090909090909
1359,23893,0.773575,0.199778125,0.986242621370919,0.13793103448275862,60.89999999999999
1360,6097,0.875,0.090625,0.7671364895795687,0.6206896551724137,60.818181818181806
1361,22583,0.6487499999999999,0.21346249999999997,0.9811588965184916,0.0,60.777777777777764
1362,5946,0.875,0.309375,0.7059462715335502,0.48275862068965514,60.76923076923076
1363,3395,0.3625,0.09375,0.62643055053608,0.48275862068965514,60.76923076923076
1364,5218,0.625,0.215625,0.958089386820865,0.6896551724137931,60.73846153846153
1365,22534,0.6125,0.22436249999999996,0.9868931454041681,0.8275862068965517,60.73333333333333
1366,5411,0.8625,0.090625,0.7671364895795687,0.6206896551724137,60.72727272727272
1367,22598,0.74375,0.216571875,0.9795205396940128,0.3448275862068966,60.72727272727272
1368,5345,0.8625,0.28247187500000004,0.9134441633538127,0.6206896551724137,60.636363636363626
1369,6095,0.875,0.09375,0.62643055053608,0.6896551724137931,60.615384615384606
1370,22580,0.7199375,0.218134375,0.9786411275749909,1.0,60.54945054945054
1371,23875,0.8388249999999999,0.20093437500000003,0.9859414528370076,0.6206896551724137,60.54545454545453
1372,22600,0.684375,0.212678125,0.9815443922418986,0.9655172413793103,60.53846153846153
1373,5195,0.625,0.26331875,0.9325864353692326,0.8275862068965517,60.533333333333324
1374,22512,0.375,0.21190625000000002,0.9819057944825923,0.48275862068965514,60.46153846153845
1375,22600,0.684375,0.212678125,0.9815443922418986,0.6896551724137931,60.46153846153845
1376,22601,0.6547,0.210728125,0.9824478978436332,0.48275862068965514,60.46153846153845
1377,5218,0.625,0.215625,0.958089386820865,0.9655172413793103,60.42307692307691
1378,22531,0.6125,0.21195312500000002,0.9940127695458378,0.9655172413793103,60.38461538461538
1379,4284,0.6125,0.21875,0.978279725334297,0.6206896551724137,60.36363636363635
1380,3394,0.3625,0.09375,0.655524635586074,0.6206896551724137,60.36363636363635
1381,22570,0.7736,0.22165625000000003,0.9764727141308276,0.0,60.33333333333332
1382,4351,0.6125,0.15274062500000002,0.9902300927599084,1.0,60.329670329670314
1383,21314,0.625,0.24623750000000003,0.9673292374412721,1.0,60.329670329670314
1384,23190,0.6125,0.1806125,0.9997470184315143,0.6896551724137931,60.3076923076923
1385,23876,0.8625,0.2024875,0.9855077701481749,0.3448275862068966,60.272727272727266
1386,4407,0.6125,0.09375,0.62643055053608,0.6896551724137931,60.23076923076922
1387,22531,0.6125,0.21195312500000002,0.9940127695458378,0.6896551724137931,60.23076923076922
1388,19982,0.6546624999999999,0.269296875,0.9233224912661124,1.0,60.219780219780205
1389,4090,0.375,0.059375,0.6996542585230695,0.6206896551724137,60.18181818181817
1390,23190,0.6125,0.1806125,0.9997470184315143,0.3448275862068966,60.18181818181817
1391,23829,0.6125,0.2024875,0.9975906517287073,0.6896551724137931,60.153846153846146
1392,23818,0.6125,0.20561249999999998,0.9844837971328756,1.0,60.109890109890095
1393,23894,0.7439250000000001,0.197834375,0.9866883508011083,1.0,60.109890109890095
1394,23190,0.6125,0.1806125,0.9997470184315143,0.9655172413793103,60.076923076923066
1395,22600,0.684375,0.212678125,0.9815443922418986,0.48275862068965514,60.076923076923066
1396,4934,0.625,0.309375,0.7059462715335502,0.3448275862068966,59.99999999999999
1397,5945,0.875,0.309375,0.62643055053608,0.6206896551724137,59.99999999999999
1398,5131,0.625,0.2408875,0.9729671123960967,0.27586206896551724,59.999999999999986
1399,5281,0.8625,0.194096875,0.9718949524153715,0.27586206896551724,59.999999999999986
1400,5282,0.8625,0.19840312499999999,0.955957113600771,0.13793103448275862,59.999999999999986
1401,5102,0.625,0.059375,0.6996542585230695,0.13793103448275862,59.999999999999986
1402,5092,0.625,0.0625,0.7324515118660402,0.13793103448275862,59.999999999999986
1403,5085,0.625,0.090625,0.7671364895795687,0.13793103448275862,59.999999999999986
1404,5078,0.625,0.09375,0.655524635586074,0.13793103448275862,59.999999999999986
1405,5360,0.8625,0.17483437500000001,0.9989157932779182,0.13793103448275862,59.999999999999986
1406,4944,0.625,0.28125,0.6545717383447777,0.27586206896551724,59.999999999999986
1407,4949,0.625,0.28125,0.62643055053608,0.13793103448275862,59.999999999999986
1408,5418,0.8625,0.09375,0.655524635586074,0.13793103448275862,59.999999999999986
1409,4546,0.6125,0.300271875,0.7551740754126008,0.13793103448275862,59.999999999999986
1410,4406,0.6125,0.09375,0.655524635586074,0.13793103448275862,59.999999999999986
1411,4391,0.6125,0.071603125,0.7551740754126008,0.13793103448275862,59.999999999999986
1412,4399,0.6125,0.090625,0.7671364895795687,0.13793103448275862,59.999999999999986
1413,4389,0.6125,0.0625,0.7324515118660402,0.13793103448275862,59.999999999999986
1414,5597,0.8625,0.29007499999999997,0.7915190940850501,0.27586206896551724,59.999999999999986
1415,4339,0.6125,0.2408875,0.9729671123960967,0.27586206896551724,59.999999999999986
1416,5749,0.8625,0.17785625,0.9873750150584266,0.27586206896551724,59.999999999999986
1417,5903,0.875,0.278125,0.8796530538489338,0.27586206896551724,59.999999999999986
1418,4131,0.375,0.15274062500000002,0.9902300927599084,0.27586206896551724,59.999999999999986
1419,4080,0.375,0.0625,0.7324515118660402,0.13793103448275862,59.999999999999986
1420,4073,0.375,0.090625,0.7671364895795687,0.13793103448275862,59.999999999999986
1421,5956,0.875,0.28125,0.6545717383447777,0.13793103448275862,59.999999999999986
1422,6097,0.875,0.090625,0.7671364895795687,0.13793103448275862,59.999999999999986
1423,3867,0.375,0.246875,0.9248042404529574,0.27586206896551724,59.999999999999986
1424,3725,0.3625,0.17785625,0.9873750150584266,0.27586206896551724,59.999999999999986
1425,3533,0.3625,0.295615625,0.7658836284784966,0.27586206896551724,59.999999999999986
1426,3528,0.3625,0.28125,0.6545717383447777,0.27586206896551724,59.999999999999986
1427,6152,0.875,0.17483437500000001,0.9989157932779182,0.13793103448275862,59.999999999999986
1428,6152,0.875,0.17483437500000001,0.9989157932779182,0.27586206896551724,59.999999999999986
1429,6242,0.875,0.206659375,0.8878448379713287,0.13793103448275862,59.999999999999986
1430,3394,0.3625,0.09375,0.655524635586074,0.13793103448275862,59.999999999999986
1431,3387,0.3625,0.090625,0.7671364895795687,0.13793103448275862,59.999999999999986
1432,3377,0.3625,0.0625,0.7324515118660402,0.13793103448275862,59.999999999999986
1433,3370,0.3625,0.059375,0.6996542585230695,0.13793103448275862,59.999999999999986
1434,21886,0.6125,0.1587375,0.9934586194434405,0.13793103448275862,59.999999999999986
1435,2917,0.125,0.295615625,0.7658836284784966,0.27586206896551724,59.999999999999986
1436,2713,0.1125,0.17785625,0.9873750150584266,0.27586206896551724,59.999999999999986
1437,2528,0.1125,0.309375,0.62643055053608,0.27586206896551724,59.999999999999986
1438,2365,0.1125,0.0625,0.7324515118660402,0.13793103448275862,59.999999999999986
1439,4941,0.625,0.295615625,0.7658836284784966,1.0,59.999999999999986
1440,3339,0.3625,0.15274062500000002,0.9902300927599084,1.0,59.999999999999986
1441,22569,0.8032250000000001,0.22359999999999997,0.975183712805686,1.0,59.999999999999986
1442,5413,0.8625,0.090625,0.62643055053608,0.0,59.999999999999986
1443,5557,0.8625,0.295615625,0.7658836284784966,0.0,59.999999999999986
1444,4382,0.6125,0.059375,0.6996542585230695,0.0,59.999999999999986
1445,6150,0.875,0.189640625,0.9998795325864354,0.0,59.999999999999986
1446,23881,0.625,0.2024875,0.9855077701481749,0.0,59.999999999999986
1447,22576,0.625,0.22436249999999996,0.9746536561860017,0.0,59.999999999999986
1448,2910,0.125,0.309375,0.7059462715335502,0.0,59.999999999999986
1449,2358,0.1125,0.059375,0.6996542585230695,0.0,59.999999999999986
1450,5946,0.875,0.309375,0.7059462715335502,0.6896551724137931,59.92307692307691
1451,22599,0.7140875,0.214625,0.9805686061920249,0.0,59.88888888888888
1452,5083,0.625,0.09375,0.62643055053608,0.9655172413793103,59.84615384615384
1453,3395,0.3625,0.09375,0.62643055053608,0.6896551724137931,59.84615384615384
1454,5419,0.8625,0.09375,0.62643055053608,0.3448275862068966,59.818181818181806
1455,4382,0.6125,0.059375,0.6996542585230695,0.6206896551724137,59.818181818181806
1456,6095,0.875,0.09375,0.62643055053608,0.3448275862068966,59.818181818181806
1457,5748,0.8625,0.171346875,0.9860498735092157,1.0,59.78021978021977
1458,23829,0.6125,0.2024875,0.9975906517287073,0.9655172413793103,59.76923076923076
1459,23881,0.625,0.2024875,0.9855077701481749,0.48275862068965514,59.76923076923076
1460,22601,0.6547,0.210728125,0.9824478978436332,0.9655172413793103,59.76923076923076
1461,22576,0.625,0.22436249999999996,0.9746536561860017,0.3448275862068966,59.72727272727272
1462,22602,0.625,0.20878125,0.9832791229972292,0.6896551724137931,59.692307692307686
1463,23144,0.58285,0.18179375,0.9877966510059029,1.0,59.67032967032966
1464,22569,0.8032250000000001,0.22359999999999997,0.975183712805686,0.0,59.66666666666666
1465,22601,0.6547,0.210728125,0.9824478978436332,0.6896551724137931,59.615384615384606
1466,5606,0.8625,0.278125,0.8796530538489338,0.8275862068965517,59.599999999999994
1467,21295,0.8388,0.235378125,0.9658113480303577,1.0,59.56043956043955
1468,5955,0.875,0.30485937500000004,0.7440320443320082,0.3448275862068966,59.54545454545453
1469,5553,0.8625,0.28125,0.62643055053608,0.6896551724137931,59.53846153846153
1470,22602,0.625,0.20878125,0.9832791229972292,0.9655172413793103,59.53846153846153
1471,22606,0.8625,0.22436249999999996,0.9868931454041681,0.3448275862068966,59.454545454545446
1472,4407,0.6125,0.09375,0.62643055053608,0.3448275862068966,59.454545454545446
1473,3061,0.125,0.090625,0.7671364895795687,0.6206896551724137,59.454545454545446
1474,18701,0.8625,0.2899875,0.8847729189254305,1.0,59.34065934065933
1475,2375,0.1125,0.090625,0.7671364895795687,0.6206896551724137,59.272727272727266
1476,5210,0.625,0.2384375,0.9629442235875195,0.6896551724137931,59.23076923076922
1477,5553,0.8625,0.28125,0.62643055053608,0.48275862068965514,59.23076923076922
1478,5953,0.875,0.295615625,0.7658836284784966,0.48275862068965514,59.23076923076922
1479,23107,0.3625,0.1806125,0.9997470184315143,1.0,59.23076923076922
1480,4381,0.6125,0.059375,0.6752463558607397,1.0,59.219780219780205
1481,2531,0.1125,0.3125,0.6508384531984098,0.8275862068965517,59.199999999999996
1482,21216,0.375,0.23378125,0.9672328635104203,0.3448275862068966,59.18181818181817
1483,5078,0.625,0.09375,0.655524635586074,0.6206896551724137,59.09090909090908
1484,3922,0.375,0.309375,0.7059462715335502,0.3448275862068966,59.09090909090908
1485,3538,0.3625,0.309375,0.7059462715335502,0.3448275862068966,59.09090909090908
1486,21301,0.7734,0.23650312499999998,0.9647753282737019,0.6206896551724137,59.09090909090908
1487,4545,0.6125,0.295615625,0.7658836284784966,1.0,59.010989010989
1488,3272,0.3625,0.21875,0.978279725334297,1.0,59.010989010989
1489,2528,0.1125,0.309375,0.62643055053608,1.0,59.010989010989
1490,23224,0.625,0.1806125,0.9877002770750511,0.9655172413793103,58.99999999999999
1491,3395,0.3625,0.09375,0.62643055053608,0.3448275862068966,58.99999999999999
1492,21312,0.625,0.23065625,0.9821949162751474,0.6206896551724137,58.99999999999999
1493,2320,0.1125,0.20443125,0.9969883146608842,0.13793103448275862,58.999999999999986
1494,4950,0.625,0.278125,0.62643055053608,0.27586206896551724,58.999999999999986
1495,4942,0.625,0.300271875,0.7551740754126008,0.13793103448275862,58.999999999999986
1496,5407,0.8625,0.090625,0.6545717383447777,0.13793103448275862,58.999999999999986
1497,5407,0.8625,0.090625,0.6545717383447777,0.27586206896551724,58.999999999999986
1498,5493,0.8625,0.20159374999999996,0.8773762197325623,0.13793103448275862,58.999999999999986
1499,23238,0.8625,0.168203125,0.9851343211661244,0.27586206896551724,58.999999999999986
1500,5545,0.8625,0.278125,0.7718949524153716,0.13793103448275862,58.999999999999986
1501,4552,0.6125,0.309375,0.62643055053608,0.27586206896551724,58.999999999999986
1502,4481,0.6125,0.20159374999999996,0.8773762197325623,0.13793103448275862,58.999999999999986
1503,5563,0.8625,0.309375,0.7324515118660402,0.27586206896551724,58.999999999999986
1504,4401,0.6125,0.090625,0.62643055053608,0.13793103448275862,58.999999999999986
1505,4341,0.6125,0.22643437500000002,0.9854234429586796,0.27586206896551724,58.999999999999986
1506,5680,0.8625,0.0625,0.7682568365257197,0.13793103448275862,58.999999999999986
1507,5680,0.8625,0.0625,0.7682568365257197,0.27586206896551724,58.999999999999986
1508,4340,0.6125,0.2336875,0.9796651005902903,0.27586206896551724,58.999999999999986
1509,3929,0.375,0.295615625,0.7658836284784966,0.27586206896551724,58.999999999999986
1510,6212,0.875,0.21875,0.978279725334297,0.27586206896551724,58.999999999999986
1511,3468,0.3625,0.194553125,0.8788820624021202,0.27586206896551724,58.999999999999986
1512,15184,0.842825,0.0350715625,0.7506083604385013,0.13793103448275862,58.999999999999986
1513,3339,0.3625,0.15274062500000002,0.9902300927599084,0.27586206896551724,58.999999999999986
1514,3078,0.125,0.059375,0.6996542585230695,0.13793103448275862,58.999999999999986
1515,3061,0.125,0.090625,0.7671364895795687,0.13793103448275862,58.999999999999986
1516,2920,0.125,0.28125,0.6545717383447777,0.27586206896551724,58.999999999999986
1517,2521,0.1125,0.295615625,0.7658836284784966,0.27586206896551724,58.999999999999986
1518,2516,0.1125,0.28125,0.6545717383447777,0.27586206896551724,58.999999999999986
1519,22610,0.625,0.22436249999999996,0.9868931454041681,0.27586206896551724,58.999999999999986
1520,2316,0.1125,0.2336875,0.9796651005902903,0.13793103448275862,58.999999999999986
1521,4091,0.375,0.059375,0.6752463558607397,1.0,58.93406593406592
1522,4481,0.6125,0.20159374999999996,0.8773762197325623,0.48275862068965514,58.92307692307691
1523,5953,0.875,0.295615625,0.7658836284784966,0.6896551724137931,58.92307692307691
1524,21312,0.625,0.23065625,0.9821949162751474,0.3448275862068966,58.9090909090909
1525,21300,0.8031124999999999,0.234553125,0.9665582459944585,1.0,58.90109890109889
1526,5102,0.625,0.059375,0.6996542585230695,0.0,58.88888888888888
1527,5078,0.625,0.09375,0.655524635586074,0.0,58.88888888888888
1528,5418,0.8625,0.09375,0.655524635586074,0.0,58.88888888888888
1529,5748,0.8625,0.171346875,0.9860498735092157,0.0,58.88888888888888
1530,6018,0.875,0.208621875,0.8749909649439825,0.0,58.88888888888888
1531,5559,0.8625,0.30485937500000004,0.7440320443320082,0.3448275862068966,58.818181818181806
1532,4399,0.6125,0.090625,0.7671364895795687,0.6206896551724137,58.818181818181806
1533,22576,0.625,0.22436249999999996,0.9746536561860017,0.6896551724137931,58.76923076923076
1534,4071,0.375,0.09375,0.62643055053608,0.9655172413793103,58.692307692307686
1535,3528,0.3625,0.28125,0.6545717383447777,1.0,58.68131868131867
1536,2365,0.1125,0.0625,0.7324515118660402,1.0,58.62637362637361
1537,23224,0.625,0.1806125,0.9877002770750511,0.6896551724137931,58.615384615384606
1538,22576,0.625,0.22436249999999996,0.9746536561860017,0.9655172413793103,58.615384615384606
1539,5140,0.625,0.17483437500000001,0.9989157932779182,1.0,58.57142857142856
1540,4552,0.6125,0.309375,0.62643055053608,1.0,58.57142857142856
1541,23756,0.3625,0.2024875,0.9975906517287073,1.0,58.57142857142856
1542,2920,0.125,0.28125,0.6545717383447777,1.0,58.57142857142856
1543,22586,0.7914749999999999,0.21970312500000003,0.9777014817491867,1.0,58.57142857142856
1544,4481,0.6125,0.20159374999999996,0.8773762197325623,0.3448275862068966,58.54545454545453
1545,5083,0.625,0.09375,0.62643055053608,0.6896551724137931,58.53846153846153
1546,4389,0.6125,0.0625,0.7324515118660402,0.9655172413793103,58.53846153846153
1547,3377,0.3625,0.0625,0.7324515118660402,0.9655172413793103,58.53846153846153
1548,4837,0.625,0.038275312500000006,0.762462353933261,0.13793103448275862,58.49999999999999
1549,4267,0.6125,0.215625,0.9800385495723407,0.27586206896551724,58.49999999999999
1550,21317,0.654725,0.23260625,0.9805926996747379,0.27586206896551724,58.49999999999999
1551,5345,0.8625,0.28247187500000004,0.9134441633538127,0.48275862068965514,58.46153846153845
1552,5083,0.625,0.09375,0.62643055053608,0.48275862068965514,58.46153846153845
1553,4389,0.6125,0.0625,0.7324515118660402,0.48275862068965514,58.46153846153845
1554,5961,0.875,0.28125,0.62643055053608,0.48275862068965514,58.46153846153845
1555,5961,0.875,0.28125,0.62643055053608,0.6896551724137931,58.46153846153845
1556,3377,0.3625,0.0625,0.7324515118660402,0.48275862068965514,58.46153846153845
1557,4933,0.625,0.309375,0.62643055053608,1.0,58.46153846153845
1558,22596,0.803125,0.212678125,0.9815443922418986,1.0,58.46153846153845
1559,5553,0.8625,0.28125,0.62643055053608,0.9655172413793103,58.38461538461538
1560,6017,0.875,0.20159374999999996,0.8773762197325623,0.6206896551724137,58.36363636363635
1561,5607,0.8625,0.278125,0.8578604987350921,1.0,58.35164835164834
1562,5946,0.875,0.309375,0.7059462715335502,0.9655172413793103,58.3076923076923
1563,22597,0.7734125,0.214625,0.9805686061920249,0.13793103448275862,58.29999999999999
1564,5085,0.625,0.090625,0.7671364895795687,0.6206896551724137,58.272727272727266
1565,5357,0.8625,0.197040625,0.9989157932779182,0.6206896551724137,58.272727272727266
1566,21287,0.6487625,0.235340625,0.9658474882544271,0.6206896551724137,58.272727272727266
1567,5346,0.8625,0.275771875,0.9256113721238406,1.0,58.24175824175823
1568,21312,0.625,0.23065625,0.9821949162751474,0.48275862068965514,58.23076923076922
1569,5564,0.8625,0.309375,0.62643055053608,0.6206896551724137,58.18181818181817
1570,5909,0.875,0.29007499999999997,0.7915190940850501,0.3448275862068966,58.18181818181817
1571,3937,0.375,0.28125,0.62643055053608,0.6206896551724137,58.18181818181817
1572,5210,0.625,0.2384375,0.9629442235875195,0.9655172413793103,58.153846153846146
1573,4540,0.6125,0.28125,0.6545717383447777,1.0,58.13186813186812
1574,4073,0.375,0.090625,0.7671364895795687,0.6206896551724137,58.09090909090908
1575,5953,0.875,0.295615625,0.7658836284784966,0.9655172413793103,58.076923076923066
1576,4481,0.6125,0.20159374999999996,0.8773762197325623,0.6896551724137931,58.061538461538454
1577,5103,0.625,0.059375,0.6752463558607397,1.0,58.02197802197801
1578,2516,0.1125,0.28125,0.6545717383447777,1.0,58.02197802197801
1579,3059,0.125,0.09375,0.62643055053608,0.9655172413793103,57.99999999999999
1580,22578,0.6724625,0.22125,0.9767377424406698,0.48275862068965514,57.99999999999999
1581,3370,0.3625,0.059375,0.6996542585230695,0.6206896551724137,57.99999999999999
1582,5296,0.8625,0.21875,0.978279725334297,0.27586206896551724,57.99999999999999
1583,5359,0.8625,0.182234375,0.9998795325864354,0.13793103448275862,57.99999999999999
1584,4933,0.625,0.309375,0.62643055053608,0.27586206896551724,57.99999999999999
1585,4868,0.625,0.24041562500000002,0.930333694735574,0.27586206896551724,57.99999999999999
1586,4750,0.625,0.171346875,0.9860498735092157,0.27586206896551724,57.99999999999999
1587,5492,0.8625,0.194553125,0.8788820624021202,0.27586206896551724,57.99999999999999
1588,4547,0.6125,0.30485937500000004,0.7440320443320082,0.27586206896551724,57.99999999999999
1589,5790,0.875,0.139959375,0.96883508011083,0.27586206896551724,57.99999999999999
1590,5903,0.875,0.278125,0.8796530538489338,0.13793103448275862,57.99999999999999
1591,5963,0.875,0.278125,0.7718949524153716,0.27586206896551724,57.99999999999999
1592,3540,0.3625,0.309375,0.62643055053608,0.27586206896551724,57.99999999999999
1593,3529,0.3625,0.28125,0.62643055053608,0.13793103448275862,57.99999999999999
1594,3534,0.3625,0.300271875,0.7551740754126008,0.13793103448275862,57.99999999999999
1595,3389,0.3625,0.090625,0.62643055053608,0.13793103448275862,57.99999999999999
1596,3112,0.125,0.20443125,0.9969883146608842,0.27586206896551724,57.99999999999999
1597,23875,0.8388249999999999,0.20093437500000003,0.9859414528370076,0.13793103448275862,57.99999999999999
1598,22445,0.12499999999999992,0.21190625000000002,0.9819057944825923,0.27586206896551724,57.99999999999999
1599,3054,0.125,0.09375,0.655524635586074,0.13793103448275862,57.99999999999999
1600,22546,0.5888125,0.213503125,0.9932779183230935,0.27586206896551724,57.99999999999999
1601,2925,0.125,0.28125,0.62643055053608,0.13793103448275862,57.99999999999999
1602,2918,0.125,0.300271875,0.7551740754126008,0.13793103448275862,57.99999999999999
1603,22594,0.8625,0.20878125,0.9832791229972292,0.13793103448275862,57.99999999999999
1604,2375,0.1125,0.090625,0.7671364895795687,0.13793103448275862,57.99999999999999
1605,2357,0.1125,0.059375,0.6752463558607397,0.27586206896551724,57.99999999999999
1606,4481,0.6125,0.20159374999999996,0.8773762197325623,0.9655172413793103,57.96923076923076
1607,5352,0.8625,0.2336875,0.9796651005902903,1.0,57.9120879120879
1608,2917,0.125,0.295615625,0.7658836284784966,1.0,57.9120879120879
1609,22589,0.8625,0.22436249999999996,0.9746536561860017,1.0,57.9120879120879
1610,2377,0.1125,0.090625,0.62643055053608,1.0,57.9120879120879
1611,5137,0.625,0.197040625,0.9989157932779182,0.6206896551724137,57.9090909090909
1612,23224,0.625,0.1806125,0.9877002770750511,0.3448275862068966,57.9090909090909
1613,4066,0.375,0.09375,0.655524635586074,0.6206896551724137,57.9090909090909
1614,23892,0.8032125000000001,0.201725,0.9857246114925913,0.6206896551724137,57.9090909090909
1615,22579,0.6961875,0.21969374999999997,0.9777014817491867,0.0,57.88888888888888
1616,23224,0.625,0.1806125,0.9877002770750511,0.48275862068965514,57.84615384615384
1617,5345,0.8625,0.28247187500000004,0.9134441633538127,1.0,57.80219780219779
1618,23802,0.5651375,0.19938125,0.9863389953017708,1.0,57.80219780219779
1619,5356,0.8625,0.20443125,0.9969883146608842,0.0,57.777777777777764
1620,5411,0.8625,0.090625,0.7671364895795687,0.0,57.777777777777764
1621,5559,0.8625,0.30485937500000004,0.7440320443320082,0.0,57.777777777777764
1622,4481,0.6125,0.20159374999999996,0.8773762197325623,0.0,57.777777777777764
1623,4406,0.6125,0.09375,0.655524635586074,0.0,57.777777777777764
1624,5903,0.875,0.278125,0.8796530538489338,0.0,57.777777777777764
1625,4090,0.375,0.059375,0.6996542585230695,0.0,57.777777777777764
1626,5955,0.875,0.30485937500000004,0.7440320443320082,0.0,57.777777777777764
1627,6097,0.875,0.090625,0.7671364895795687,0.0,57.777777777777764
1628,6144,0.875,0.2336875,0.9796651005902903,0.0,57.777777777777764
1629,3394,0.3625,0.09375,0.655524635586074,0.0,57.777777777777764
1630,3370,0.3625,0.059375,0.6996542585230695,0.0,57.777777777777764
1631,3108,0.125,0.2336875,0.9796651005902903,0.0,57.777777777777764
1632,3078,0.125,0.059375,0.6996542585230695,0.0,57.777777777777764
1633,3061,0.125,0.090625,0.7671364895795687,0.0,57.777777777777764
1634,4255,0.6125,0.19389375,0.8910372244307915,1.0,57.76923076923076
1635,5221,0.625,0.215625,0.9800385495723407,0.6206896551724137,57.72727272727272
1636,21287,0.6487625,0.235340625,0.9658474882544271,0.3448275862068966,57.72727272727272
1637,22546,0.5888125,0.213503125,0.9932779183230935,0.6206896551724137,57.72727272727272
1638,4344,0.6125,0.20443125,0.9969883146608842,0.27586206896551724,57.69999999999999
1639,23893,0.773575,0.199778125,0.986242621370919,0.27586206896551724,57.69999999999999
1640,4071,0.375,0.09375,0.62643055053608,0.48275862068965514,57.692307692307686
1641,3059,0.125,0.09375,0.62643055053608,0.48275862068965514,57.692307692307686
1642,3929,0.375,0.295615625,0.7658836284784966,1.0,57.69230769230768
1643,22587,0.8151375,0.22125625,0.9767256956993133,0.0,57.66666666666666
1644,4482,0.6125,0.208621875,0.8749909649439825,0.6206896551724137,57.636363636363626
1645,3054,0.125,0.09375,0.655524635586074,0.6206896551724137,57.636363636363626
1646,5955,0.875,0.30485937500000004,0.7440320443320082,0.6896551724137931,57.615384615384606
1647,21307,0.8625,0.233828125,0.9795446331767256,0.6896551724137931,57.53846153846153
1648,6155,0.875,0.15274062500000002,0.9902300927599084,1.0,57.47252747252746
1649,4389,0.6125,0.0625,0.7324515118660402,0.6896551724137931,57.46153846153845
1650,3377,0.3625,0.0625,0.7324515118660402,0.6896551724137931,57.46153846153845
1651,22581,0.6962125,0.216578125,0.9795205396940128,0.6206896551724137,57.454545454545446
1652,22581,0.6962125,0.216578125,0.9795205396940128,0.0,57.444444444444436
1653,21307,0.8625,0.233828125,0.9795446331767256,0.9655172413793103,57.38461538461538
1654,21223,0.5888,0.235378125,0.9658113480303577,0.6206896551724137,57.36363636363635
1655,23875,0.8388249999999999,0.20093437500000003,0.9859414528370076,0.3448275862068966,57.36363636363635
1656,22575,0.625,0.22748749999999998,0.97237682206963,0.3448275862068966,57.36363636363635
1657,22579,0.6961875,0.21969374999999997,0.9777014817491867,0.6206896551724137,57.36363636363635
1658,3540,0.3625,0.309375,0.62643055053608,1.0,57.36263736263735
1659,23893,0.773575,0.199778125,0.986242621370919,1.0,57.36263736263735
1660,5945,0.875,0.309375,0.62643055053608,0.3448275862068966,57.272727272727266
1661,5310,0.8625,0.25,0.906143838091796,1.0,57.25274725274724
1662,3533,0.3625,0.295615625,0.7658836284784966,1.0,57.25274725274724
1663,3108,0.125,0.2336875,0.9796651005902903,1.0,57.25274725274724
1664,2909,0.125,0.309375,0.62643055053608,1.0,57.25274725274724
1665,2521,0.1125,0.295615625,0.7658836284784966,1.0,57.25274725274724
1666,5092,0.625,0.0625,0.7324515118660402,0.9655172413793103,57.23076923076922
1667,4071,0.375,0.09375,0.62643055053608,0.6896551724137931,57.23076923076922
1668,5961,0.875,0.28125,0.62643055053608,0.9655172413793103,57.23076923076922
1669,23901,0.8625,0.2024875,0.9975906517287073,0.48275862068965514,57.23076923076922
1670,22569,0.8032250000000001,0.22359999999999997,0.975183712805686,0.27586206896551724,57.19999999999999
1671,23803,0.588825,0.20093437500000003,0.9859414528370076,0.3448275862068966,57.18181818181817
1672,23830,0.6125,0.20561249999999998,0.9965787254547644,0.6206896551724137,57.18181818181817
1673,3387,0.3625,0.090625,0.7671364895795687,0.6206896551724137,57.18181818181817
1674,21301,0.7734,0.23650312499999998,0.9647753282737019,0.3448275862068966,57.18181818181817
1675,22531,0.6125,0.21195312500000002,0.9940127695458378,0.3448275862068966,57.18181818181817
1676,22592,0.8151375,0.21505000000000002,0.9803397181062522,1.0,57.14285714285713
1677,22523,0.5828,0.210728125,0.9824478978436332,0.27586206896551724,57.09999999999999
1678,22572,0.7141625,0.22165625000000003,0.9764727141308276,0.13793103448275862,57.09999999999999
1679,23881,0.625,0.2024875,0.9855077701481749,0.8275862068965517,57.06666666666666
1680,4345,0.6125,0.197040625,0.9989157932779182,1.0,57.03296703296702
1681,6149,0.875,0.197040625,0.9989157932779182,1.0,57.03296703296702
1682,21311,0.625,0.23378125,0.979580773400795,1.0,57.03296703296702
1683,22552,0.5888375,0.2228125,0.9879412119021804,1.0,57.03296703296702
1684,22578,0.6724625,0.22125,0.9767377424406698,0.6896551724137931,56.99999999999999
1685,22578,0.6724625,0.22125,0.9767377424406698,0.9655172413793103,56.99999999999999
1686,5083,0.625,0.09375,0.62643055053608,0.3448275862068966,56.99999999999999
1687,5143,0.625,0.15274062500000002,0.9902300927599084,0.13793103448275862,56.99999999999999
1688,5159,0.625,0.046015,0.8049271172147935,0.13793103448275862,56.99999999999999
1689,5089,0.625,0.090625,0.6545717383447777,0.27586206896551724,56.99999999999999
1690,5354,0.8625,0.21913437499999996,0.9902300927599084,0.13793103448275862,56.99999999999999
1691,5356,0.8625,0.20443125,0.9969883146608842,0.13793103448275862,56.99999999999999
1692,5359,0.8625,0.182234375,0.9998795325864354,0.27586206896551724,56.99999999999999
1693,4951,0.625,0.278125,0.7718949524153716,0.27586206896551724,56.99999999999999
1694,4943,0.625,0.30485937500000004,0.7440320443320082,0.27586206896551724,56.99999999999999
1695,5411,0.8625,0.090625,0.7671364895795687,0.13793103448275862,56.99999999999999
1696,5492,0.8625,0.194553125,0.8788820624021202,0.13793103448275862,56.99999999999999
1697,23237,0.8625,0.1806125,0.9877002770750511,0.27586206896551724,56.99999999999999
1698,4482,0.6125,0.208621875,0.8749909649439825,0.13793103448275862,56.99999999999999
1699,4391,0.6125,0.071603125,0.7551740754126008,0.27586206896551724,56.99999999999999
1700,23224,0.625,0.1806125,0.9877002770750511,0.13793103448275862,56.99999999999999
1701,5597,0.8625,0.29007499999999997,0.7915190940850501,0.13793103448275862,56.99999999999999
1702,5909,0.875,0.29007499999999997,0.7915190940850501,0.13793103448275862,56.99999999999999
1703,4091,0.375,0.059375,0.6752463558607397,0.13793103448275862,56.99999999999999
1704,5949,0.875,0.309375,0.7324515118660402,0.27586206896551724,56.99999999999999
1705,4090,0.375,0.059375,0.6996542585230695,0.13793103448275862,56.99999999999999
1706,4077,0.375,0.090625,0.6545717383447777,0.27586206896551724,56.99999999999999
1707,3993,0.375,0.20159374999999996,0.8773762197325623,0.27586206896551724,56.99999999999999
1708,3930,0.375,0.300271875,0.7551740754126008,0.13793103448275862,56.99999999999999
1709,3328,0.3625,0.2336875,0.9796651005902903,0.13793103448275862,56.99999999999999
1710,3332,0.3625,0.20443125,0.9969883146608842,0.13793103448275862,56.99999999999999
1711,3113,0.125,0.197040625,0.9989157932779182,0.13793103448275862,56.99999999999999
1712,21928,0.625,0.1587375,0.9813155041561258,0.27586206896551724,56.99999999999999
1713,3065,0.125,0.090625,0.6545717383447777,0.27586206896551724,56.99999999999999
1714,2919,0.125,0.30485937500000004,0.7440320443320082,0.27586206896551724,56.99999999999999
1715,2909,0.125,0.309375,0.62643055053608,0.27586206896551724,56.99999999999999
1716,2727,0.125,0.17785625,0.9873750150584266,0.27586206896551724,56.99999999999999
1717,2522,0.1125,0.300271875,0.7551740754126008,0.13793103448275862,56.99999999999999
1718,2517,0.1125,0.28125,0.62643055053608,0.13793103448275862,56.99999999999999
1719,2456,0.1125,0.194553125,0.8788820624021202,0.27586206896551724,56.99999999999999
1720,5132,0.625,0.2336875,0.9796651005902903,0.6896551724137931,56.92307692307691
1721,5092,0.625,0.0625,0.7324515118660402,0.48275862068965514,56.92307692307691
1722,5557,0.8625,0.295615625,0.7658836284784966,0.48275862068965514,56.92307692307691
1723,4080,0.375,0.0625,0.7324515118660402,0.48275862068965514,56.92307692307691
1724,4080,0.375,0.0625,0.7324515118660402,0.9655172413793103,56.92307692307691
1725,18727,0.8327375,0.276359375,0.924587399108541,1.0,56.92307692307691
1726,5200,0.625,0.21875,0.978279725334297,0.6206896551724137,56.818181818181806
1727,4389,0.6125,0.0625,0.7324515118660402,0.3448275862068966,56.818181818181806
1728,3377,0.3625,0.0625,0.7324515118660402,0.3448275862068966,56.818181818181806
1729,5618,0.8625,0.246875,0.9248042404529574,1.0,56.8131868131868
1730,22577,0.6487125,0.22280625,0.9757137694253704,0.8275862068965517,56.79999999999999
1731,22599,0.7140875,0.214625,0.9805686061920249,0.27586206896551724,56.79999999999999
1732,21295,0.8388,0.235378125,0.9658113480303577,0.0,56.777777777777764
1733,21226,0.6125,0.23065625,0.9698831466088423,0.9655172413793103,56.76923076923076
1734,4209,0.375,0.215625,0.9800385495723407,1.0,56.703296703296694
1735,22543,0.5828,0.210728125,0.9945669196482351,1.0,56.703296703296694
1736,5955,0.875,0.30485937500000004,0.7440320443320082,0.9655172413793103,56.692307692307686
1737,23190,0.6125,0.1806125,0.9997470184315143,0.48275862068965514,56.692307692307686
1738,21226,0.6125,0.23065625,0.9698831466088423,0.6896551724137931,56.692307692307686
1739,22610,0.625,0.22436249999999996,0.9868931454041681,0.0,56.66666666666666
1740,5085,0.625,0.090625,0.7671364895795687,0.0,56.66666666666666
1741,4541,0.6125,0.28125,0.62643055053608,0.0,56.66666666666666
1742,4399,0.6125,0.090625,0.7671364895795687,0.0,56.66666666666666
1743,4345,0.6125,0.197040625,0.9989157932779182,0.0,56.66666666666666
1744,4066,0.375,0.09375,0.655524635586074,0.0,56.66666666666666
1745,3054,0.125,0.09375,0.655524635586074,0.0,56.66666666666666
1746,2375,0.1125,0.090625,0.7671364895795687,0.0,56.66666666666666
1747,22581,0.6962125,0.216578125,0.9795205396940128,0.3448275862068966,56.636363636363626
1748,5557,0.8625,0.295615625,0.7658836284784966,0.6896551724137931,56.615384615384606
1749,3059,0.125,0.09375,0.62643055053608,0.6896551724137931,56.615384615384606
1750,6015,0.875,0.194553125,0.8788820624021202,1.0,56.593406593406584
1751,3369,0.3625,0.059375,0.6752463558607397,1.0,56.593406593406584
1752,3333,0.3625,0.197040625,0.9989157932779182,1.0,56.593406593406584
1753,5597,0.8625,0.29007499999999997,0.7915190940850501,0.3448275862068966,56.54545454545454
1754,23869,0.684375,0.1908,0.9877484640404769,0.6206896551724137,56.54545454545454
1755,5559,0.8625,0.30485937500000004,0.7440320443320082,0.6896551724137931,56.53846153846153
1756,6115,0.875,0.059375,0.6752463558607397,1.0,56.483516483516475
1757,22582,0.672475,0.215021875,0.980363811588965,0.48275862068965514,56.46153846153845
1758,23804,0.6125,0.2024875,0.9855077701481749,0.3448275862068966,56.454545454545446
1759,23802,0.5651375,0.19938125,0.9863389953017708,0.27586206896551724,56.39999999999999
1760,5363,0.8625,0.15274062500000002,0.9902300927599084,1.0,56.373626373626365
1761,4541,0.6125,0.28125,0.62643055053608,0.6206896551724137,56.36363636363635
1762,5564,0.8625,0.309375,0.62643055053608,0.3448275862068966,56.36363636363635
1763,3060,0.125,0.090625,0.62643055053608,0.6206896551724137,56.36363636363635
1764,2910,0.125,0.309375,0.7059462715335502,0.3448275862068966,56.36363636363635
1765,2526,0.1125,0.309375,0.7059462715335502,0.3448275862068966,56.36363636363635
1766,22580,0.7199375,0.218134375,0.9786411275749909,0.0,56.33333333333332
1767,5132,0.625,0.2336875,0.9796651005902903,0.9655172413793103,56.3076923076923
1768,22603,0.8625,0.21195312500000002,0.9940127695458378,0.48275862068965514,56.3076923076923
1769,2457,0.1125,0.20159374999999996,0.8773762197325623,1.0,56.3076923076923
1770,22570,0.7736,0.22165625000000003,0.9764727141308276,0.27586206896551724,56.29999999999999
1771,21236,0.6125,0.23065625,0.9821949162751474,0.6206896551724137,56.272727272727266
1772,22579,0.6961875,0.21969374999999997,0.9777014817491867,0.3448275862068966,56.272727272727266
1773,22585,0.767775,0.21814999999999998,0.9786290808336345,1.0,56.263736263736256
1774,23876,0.8625,0.2024875,0.9855077701481749,0.9655172413793103,56.230769230769226
1775,22582,0.672475,0.215021875,0.980363811588965,0.9655172413793103,56.230769230769226
1776,2365,0.1125,0.0625,0.7324515118660402,0.9655172413793103,56.230769230769226
1777,22579,0.6961875,0.21969374999999997,0.9777014817491867,0.27586206896551724,56.19999999999999
1778,5401,0.8625,0.0625,0.7324515118660402,0.48275862068965514,56.153846153846146
1779,23876,0.8625,0.2024875,0.9855077701481749,0.6896551724137931,56.153846153846146
1780,22582,0.672475,0.215021875,0.980363811588965,0.6896551724137931,56.153846153846146
1781,2365,0.1125,0.0625,0.7324515118660402,0.48275862068965514,56.153846153846146
1782,15231,0.625,0.036905625,0.7740151788941092,0.13793103448275862,56.09999999999999
1783,4072,0.375,0.090625,0.62643055053608,0.6206896551724137,56.09090909090908
1784,5092,0.625,0.0625,0.7324515118660402,0.6896551724137931,56.076923076923066
1785,5401,0.8625,0.0625,0.7324515118660402,0.9655172413793103,56.076923076923066
1786,3521,0.3625,0.278125,0.7718949524153716,1.0,56.04395604395603
1787,21216,0.375,0.23378125,0.9672328635104203,0.48275862068965514,55.99999999999999
1788,5190,0.625,0.269728125,0.8990362606914829,0.13793103448275862,55.99999999999999
1789,5283,0.8625,0.20270937499999997,0.9400313215275267,0.13793103448275862,55.99999999999999
1790,5093,0.625,0.071603125,0.7551740754126008,0.27586206896551724,55.99999999999999
1791,5005,0.625,0.20159374999999996,0.8773762197325623,0.27586206896551724,55.99999999999999
1792,4535,0.6125,0.278125,0.62643055053608,0.27586206896551724,55.99999999999999
1793,4457,0.6125,0.17732187500000002,0.8788820624021202,0.27586206896551724,55.99999999999999
1794,4395,0.6125,0.090625,0.6545717383447777,0.27586206896551724,55.99999999999999
1795,4253,0.6125,0.206659375,0.8878448379713287,0.27586206896551724,55.99999999999999
1796,4124,0.375,0.20443125,0.9969883146608842,0.27586206896551724,55.99999999999999
1797,4125,0.375,0.197040625,0.9989157932779182,0.13793103448275862,55.99999999999999
1798,3931,0.375,0.30485937500000004,0.7440320443320082,0.27586206896551724,55.99999999999999
1799,23187,0.6125,0.168203125,0.9972292494880134,0.27586206896551724,55.99999999999999
1800,6101,0.875,0.090625,0.6545717383447777,0.13793103448275862,55.99999999999999
1801,6101,0.875,0.090625,0.6545717383447777,0.27586206896551724,55.99999999999999
1802,3656,0.3625,0.0625,0.7682568365257197,0.27586206896551724,55.99999999999999
1803,3535,0.3625,0.30485937500000004,0.7440320443320082,0.27586206896551724,55.99999999999999
1804,3521,0.3625,0.278125,0.7718949524153716,0.27586206896551724,55.99999999999999
1805,3333,0.3625,0.197040625,0.9989157932779182,0.13793103448275862,55.99999999999999
1806,21295,0.8388,0.235378125,0.9658113480303577,0.27586206896551724,55.99999999999999
1807,22461,0.3625,0.21195312500000002,0.9940127695458378,0.13793103448275862,55.99999999999999
1808,2981,0.125,0.20159374999999996,0.8773762197325623,0.27586206896551724,55.99999999999999
1809,23107,0.3625,0.1806125,0.9997470184315143,0.27586206896551724,55.99999999999999
1810,22576,0.625,0.22436249999999996,0.9746536561860017,0.13793103448275862,55.99999999999999
1811,2523,0.1125,0.30485937500000004,0.7440320443320082,0.27586206896551724,55.99999999999999
1812,23909,0.654725,0.20366875,0.9972292494880134,0.27586206896551724,55.99999999999999
1813,23894,0.7439250000000001,0.197834375,0.9866883508011083,0.0,55.999999999999986
1814,5545,0.8625,0.278125,0.7718949524153716,0.6206896551724137,55.9090909090909
1815,5552,0.8625,0.28125,0.6545717383447777,0.3448275862068966,55.9090909090909
1816,22575,0.625,0.22748749999999998,0.97237682206963,0.6206896551724137,55.9090909090909
1817,22520,0.5651375,0.21505000000000002,0.9803397181062522,1.0,55.82417582417581
1818,5084,0.625,0.090625,0.62643055053608,0.6206896551724137,55.818181818181806
1819,23829,0.6125,0.2024875,0.9975906517287073,0.3448275862068966,55.818181818181806
1820,6114,0.875,0.059375,0.6996542585230695,0.6206896551724137,55.818181818181806
1821,5557,0.8625,0.295615625,0.7658836284784966,0.9655172413793103,55.76923076923076
1822,4284,0.6125,0.21875,0.978279725334297,0.6896551724137931,55.76923076923076
1823,22603,0.8625,0.21195312500000002,0.9940127695458378,0.6896551724137931,55.76923076923076
1824,22597,0.7734125,0.214625,0.9805686061920249,0.6206896551724137,55.72727272727272
1825,6195,0.875,0.294746875,0.8743645343934465,1.0,55.7142857142857
1826,4080,0.375,0.0625,0.7324515118660402,0.6896551724137931,55.692307692307686
1827,6104,0.875,0.0625,0.7324515118660402,0.9655172413793103,55.692307692307686
1828,21283,0.696175,0.24156875000000003,0.9598120708348392,0.0,55.66666666666666
1829,4071,0.375,0.09375,0.62643055053608,0.3448275862068966,55.636363636363626
1830,22599,0.7140875,0.214625,0.9805686061920249,0.6206896551724137,55.636363636363626
1831,23803,0.588825,0.20093437500000003,0.9859414528370076,0.48275862068965514,55.615384615384606
1832,22573,0.6844625,0.22359999999999997,0.975183712805686,0.48275862068965514,55.615384615384606
1833,22603,0.8625,0.21195312500000002,0.9940127695458378,0.9655172413793103,55.615384615384606
1834,2919,0.125,0.30485937500000004,0.7440320443320082,1.0,55.60439560439559
1835,22569,0.8032250000000001,0.22359999999999997,0.975183712805686,0.13793103448275862,55.59999999999999
1836,22581,0.6962125,0.216578125,0.9795205396940128,0.27586206896551724,55.59999999999999
1837,4206,0.375,0.215625,0.958089386820865,1.0,55.593406593406584
1838,5190,0.625,0.269728125,0.8990362606914829,0.0,55.55555555555554
1839,5275,0.8625,0.20919375,0.9831104686182388,0.0,55.55555555555554
1840,5084,0.625,0.090625,0.62643055053608,0.0,55.55555555555554
1841,5552,0.8625,0.28125,0.6545717383447777,0.0,55.55555555555554
1842,4401,0.6125,0.090625,0.62643055053608,0.0,55.55555555555554
1843,5747,0.8625,0.16485,0.9839657872545476,0.0,55.55555555555554
1844,5762,0.875,0.171346875,0.9860498735092157,0.0,55.55555555555554
1845,4073,0.375,0.090625,0.7671364895795687,0.0,55.55555555555554
1846,4072,0.375,0.090625,0.62643055053608,0.0,55.55555555555554
1847,3937,0.375,0.28125,0.62643055053608,0.0,55.55555555555554
1848,6096,0.875,0.090625,0.62643055053608,0.0,55.55555555555554
1849,6149,0.875,0.197040625,0.9989157932779182,0.0,55.55555555555554
1850,3060,0.125,0.090625,0.62643055053608,0.0,55.55555555555554
1851,5903,0.875,0.278125,0.8796530538489338,0.3448275862068966,55.54545454545454
1852,23828,0.6125,0.19007812500000001,0.9998554391037224,0.6206896551724137,55.54545454545454
1853,5559,0.8625,0.30485937500000004,0.7440320443320082,0.9655172413793103,55.53846153846153
1854,3068,0.125,0.0625,0.7324515118660402,0.9655172413793103,55.53846153846153
1855,4944,0.625,0.28125,0.6545717383447777,1.0,55.49450549450548
1856,5956,0.875,0.28125,0.6545717383447777,0.3448275862068966,55.454545454545446
1857,3529,0.3625,0.28125,0.62643055053608,0.6206896551724137,55.454545454545446
1858,3469,0.3625,0.20159374999999996,0.8773762197325623,0.6206896551724137,55.454545454545446
1859,21307,0.8625,0.233828125,0.9795446331767256,0.3448275862068966,55.454545454545446
1860,2925,0.125,0.28125,0.62643055053608,0.6206896551724137,55.454545454545446
1861,5198,0.625,0.21875,0.9338392964703047,0.27586206896551724,55.39999999999999
1862,4550,0.6125,0.309375,0.7059462715335502,0.48275862068965514,55.38461538461538
1863,4284,0.6125,0.21875,0.978279725334297,0.9655172413793103,55.38461538461538
1864,3538,0.3625,0.309375,0.7059462715335502,0.48275862068965514,55.38461538461538
1865,3068,0.125,0.0625,0.7324515118660402,0.48275862068965514,55.38461538461538
1866,5146,0.625,0.13098749999999998,0.9729671123960967,1.0,55.38461538461537
1867,22522,0.6125,0.20878125,0.9832791229972292,1.0,55.38461538461537
1868,5323,0.8625,0.28125,0.8367546078785688,0.6206896551724137,55.36363636363635
1869,23819,0.582875,0.20366875,0.9851343211661244,0.3448275862068966,55.36363636363635
1870,21294,0.8625,0.233828125,0.9671967232863511,0.3448275862068966,55.36363636363635
1871,2517,0.1125,0.28125,0.62643055053608,0.6206896551724137,55.36363636363635
1872,23804,0.6125,0.2024875,0.9855077701481749,0.48275862068965514,55.3076923076923
1873,21165,0.3625,0.233828125,0.9795446331767256,0.6206896551724137,55.272727272727266
1874,21223,0.5888,0.235378125,0.9658113480303577,0.3448275862068966,55.272727272727266
1875,22574,0.6547,0.22554687499999998,0.9738103842910492,0.48275862068965514,55.230769230769226
1876,5226,0.625,0.1875,0.9355860739669918,1.0,55.2087912087912
1877,5092,0.625,0.0625,0.7324515118660402,0.3448275862068966,55.18181818181817
1878,22519,0.5888,0.213503125,0.9811348030357788,0.6206896551724137,55.18181818181817
1879,3059,0.125,0.09375,0.62643055053608,0.3448275862068966,55.18181818181817
1880,22597,0.7734125,0.214625,0.9805686061920249,0.3448275862068966,55.18181818181817
1881,3931,0.375,0.30485937500000004,0.7440320443320082,1.0,55.164835164835154
1882,23888,0.6487375,0.1915875,0.9876761835923381,1.0,55.164835164835154
1883,23896,0.6844625,0.201725,0.9857246114925913,1.0,55.164835164835154
1884,2365,0.1125,0.0625,0.7324515118660402,0.6896551724137931,55.076923076923066
1885,22583,0.6487499999999999,0.21346249999999997,0.9811588965184916,0.8275862068965517,55.06666666666666
1886,2383,0.1125,0.09375,0.62643055053608,0.8275862068965517,55.06666666666666
1887,5401,0.8625,0.0625,0.7324515118660402,0.6896551724137931,54.99999999999999
1888,4080,0.375,0.0625,0.7324515118660402,0.3448275862068966,54.99999999999999
1889,22607,0.625,0.21190625000000002,0.9940368630285508,0.13793103448275862,54.99999999999999
1890,22607,0.625,0.21190625000000002,0.9940368630285508,0.27586206896551724,54.99999999999999
1891,5274,0.8625,0.20273750000000001,0.9854234429586796,0.13793103448275862,54.99999999999999
1892,5279,0.8625,0.215625,0.9800385495723407,0.13793103448275862,54.99999999999999
1893,4868,0.625,0.24041562500000002,0.930333694735574,0.13793103448275862,54.99999999999999
1894,4668,0.6125,0.0625,0.7682568365257197,0.27586206896551724,54.99999999999999
1895,5547,0.8625,0.278125,0.62643055053608,0.27586206896551724,54.99999999999999
1896,4551,0.6125,0.309375,0.7324515118660402,0.27586206896551724,54.99999999999999
1897,4533,0.6125,0.278125,0.7718949524153716,0.27586206896551724,54.99999999999999
1898,3939,0.375,0.278125,0.7718949524153716,0.27586206896551724,54.99999999999999
1899,3470,0.3625,0.208621875,0.8749909649439825,0.27586206896551724,54.99999999999999
1900,3379,0.3625,0.071603125,0.7551740754126008,0.27586206896551724,54.99999999999999
1901,3383,0.3625,0.090625,0.6545717383447777,0.27586206896551724,54.99999999999999
1902,23152,0.375,0.1806125,0.9877002770750511,0.27586206896551724,54.99999999999999
1903,22459,0.3625,0.22436249999999996,0.9868931454041681,0.27586206896551724,54.99999999999999
1904,2927,0.125,0.278125,0.7718949524153716,0.27586206896551724,54.99999999999999
1905,2528,0.1125,0.309375,0.62643055053608,0.13793103448275862,54.99999999999999
1906,22588,0.8388375,0.2228125,0.9757137694253704,0.13793103448275862,54.99999999999999
1907,23282,0.6547375,0.18179375,0.9998554391037224,1.0,54.945054945054935
1908,5762,0.875,0.171346875,0.9860498735092157,1.0,54.945054945054935
1909,5980,0.875,0.25,0.62643055053608,1.0,54.945054945054935
1910,22590,0.8625,0.21195312500000002,0.9818817009998795,0.8275862068965517,54.93333333333333
1911,5562,0.8625,0.309375,0.7059462715335502,0.8275862068965517,54.86666666666666
1912,4951,0.625,0.278125,0.7718949524153716,1.0,54.835164835164825
1913,3939,0.375,0.278125,0.7718949524153716,1.0,54.835164835164825
1914,22519,0.5888,0.213503125,0.9811348030357788,0.27586206896551724,54.79999999999999
1915,23803,0.588825,0.20093437500000003,0.9859414528370076,0.9655172413793103,54.76923076923076
1916,22573,0.6844625,0.22359999999999997,0.975183712805686,0.6896551724137931,54.76923076923076
1917,23892,0.8032125000000001,0.201725,0.9857246114925913,0.3448275862068966,54.72727272727272
1918,2365,0.1125,0.0625,0.7324515118660402,0.3448275862068966,54.72727272727272
1919,4551,0.6125,0.309375,0.7324515118660402,1.0,54.725274725274716
1920,23803,0.588825,0.20093437500000003,0.9859414528370076,0.6896551724137931,54.692307692307686
1921,22573,0.6844625,0.22359999999999997,0.975183712805686,0.9655172413793103,54.692307692307686
1922,4668,0.6125,0.0625,0.7682568365257197,1.0,54.69230769230768
1923,21300,0.8031124999999999,0.234553125,0.9665582459944585,0.0,54.66666666666666
1924,5394,0.8625,0.059375,0.6996542585230695,0.6206896551724137,54.636363636363626
1925,5401,0.8625,0.0625,0.7324515118660402,0.3448275862068966,54.636363636363626
1926,4934,0.625,0.309375,0.7059462715335502,0.48275862068965514,54.615384615384606
1927,5903,0.875,0.278125,0.8796530538489338,0.48275862068965514,54.615384615384606
1928,6104,0.875,0.0625,0.7324515118660402,0.48275862068965514,54.615384615384606
1929,5558,0.8625,0.300271875,0.7551740754126008,0.8275862068965517,54.599999999999994
1930,22592,0.8151375,0.21505000000000002,0.9803397181062522,0.0,54.55555555555554
1931,4284,0.6125,0.21875,0.978279725334297,0.3448275862068966,54.54545454545454
1932,4480,0.6125,0.194553125,0.8788820624021202,0.48275862068965514,54.53846153846153
1933,5909,0.875,0.29007499999999997,0.7915190940850501,0.6896551724137931,54.53846153846153
1934,6104,0.875,0.0625,0.7324515118660402,0.6896551724137931,54.53846153846153
1935,5143,0.625,0.15274062500000002,0.9902300927599084,1.0,54.5054945054945
1936,2927,0.125,0.278125,0.7718949524153716,1.0,54.5054945054945
1937,22593,0.7914375,0.2166,0.9795084929526562,1.0,54.5054945054945
1938,5131,0.625,0.2408875,0.9729671123960967,0.8275862068965517,54.46666666666666
1939,5945,0.875,0.309375,0.62643055053608,0.6896551724137931,54.46153846153845
1940,22607,0.625,0.21190625000000002,0.9940368630285508,0.0,54.444444444444436
1941,5360,0.8625,0.17483437500000001,0.9989157932779182,0.0,54.444444444444436
1942,4546,0.6125,0.300271875,0.7551740754126008,0.0,54.444444444444436
1943,4120,0.375,0.2336875,0.9796651005902903,0.0,54.444444444444436
1944,5945,0.875,0.309375,0.62643055053608,0.0,54.444444444444436
1945,3529,0.3625,0.28125,0.62643055053608,0.0,54.444444444444436
1946,3387,0.3625,0.090625,0.7671364895795687,0.0,54.444444444444436
1947,3389,0.3625,0.090625,0.62643055053608,0.0,54.444444444444436
1948,2316,0.1125,0.2336875,0.9796651005902903,0.0,54.444444444444436
1949,4943,0.625,0.30485937500000004,0.7440320443320082,1.0,54.39560439560439
1950,3539,0.3625,0.309375,0.7324515118660402,1.0,54.39560439560439
1951,3535,0.3625,0.30485937500000004,0.7440320443320082,1.0,54.39560439560439
1952,3068,0.125,0.0625,0.7324515118660402,0.6896551724137931,54.38461538461538
1953,22599,0.7140875,0.214625,0.9805686061920249,0.3448275862068966,54.36363636363635
1954,2456,0.1125,0.194553125,0.8788820624021202,1.0,54.35164835164834
1955,23882,0.648725,0.20093125,0.9859414528370076,0.8275862068965517,54.33333333333333
1956,3921,0.375,0.309375,0.62643055053608,1.0,54.28571428571428
1957,4121,0.375,0.22643437500000002,0.9854234429586796,1.0,54.28571428571428
1958,23887,0.672475,0.19314375,0.9874954824719914,0.6206896551724137,54.272727272727266
1959,22531,0.6125,0.21195312500000002,0.9940127695458378,0.48275862068965514,54.230769230769226
1960,22570,0.7736,0.22165625000000003,0.9764727141308276,0.13793103448275862,54.19999999999999
1961,23894,0.7439250000000001,0.197834375,0.9866883508011083,0.27586206896551724,54.19999999999999
1962,21317,0.654725,0.23260625,0.9805926996747379,0.6206896551724137,54.18181818181817
1963,5307,0.8625,0.27630625000000003,0.9114323575472835,1.0,54.17582417582417
1964,21236,0.6125,0.23065625,0.9821949162751474,0.3448275862068966,54.09090909090908
1965,4750,0.625,0.171346875,0.9860498735092157,0.6206896551724137,54.09090909090908
1966,5320,0.8625,0.28125,0.9023370678231537,1.0,54.06593406593406
1967,23849,0.5888125,0.191625,0.9997229249488012,1.0,54.06593406593406
1968,23809,0.375,0.2024875,0.9855077701481749,1.0,54.06593406593406
1969,2523,0.1125,0.30485937500000004,0.7440320443320082,1.0,54.06593406593406
1970,4401,0.6125,0.090625,0.62643055053608,0.6206896551724137,53.99999999999999
1971,5198,0.625,0.21875,0.9338392964703047,0.13793103448275862,53.99999999999999
1972,2509,0.1125,0.278125,0.7718949524153716,0.27586206896551724,53.99999999999999
1973,4545,0.6125,0.295615625,0.7658836284784966,0.13793103448275862,53.99999999999999
1974,4552,0.6125,0.309375,0.62643055053608,0.13793103448275862,53.99999999999999
1975,5133,0.625,0.22643437500000002,0.9854234429586796,0.27586206896551724,53.99999999999999
1976,2979,0.125,0.194553125,0.8788820624021202,0.27586206896551724,53.99999999999999
1977,5135,0.625,0.21179687500000002,0.9940850499939766,0.27586206896551724,53.99999999999999
1978,23882,0.648725,0.20093125,0.9859414528370076,0.13793103448275862,53.99999999999999
1979,3069,0.125,0.071603125,0.7551740754126008,0.27586206896551724,53.99999999999999
1980,5103,0.625,0.059375,0.6752463558607397,0.13793103448275862,53.99999999999999
1981,21811,0.3625,0.1587375,0.9934586194434405,0.27586206896551724,53.99999999999999
1982,5093,0.625,0.071603125,0.7551740754126008,0.13793103448275862,53.99999999999999
1983,3122,0.125,0.13098749999999998,0.9729671123960967,0.27586206896551724,53.99999999999999
1984,21170,0.125,0.23065625,0.9821949162751474,0.27586206896551724,53.99999999999999
1985,3369,0.3625,0.059375,0.6752463558607397,0.13793103448275862,53.99999999999999
1986,3379,0.3625,0.071603125,0.7551740754126008,0.13793103448275862,53.99999999999999
1987,5140,0.625,0.17483437500000001,0.9989157932779182,0.27586206896551724,53.99999999999999
1988,2726,0.125,0.171346875,0.9860498735092157,0.27586206896551724,53.99999999999999
1989,3523,0.3625,0.278125,0.62643055053608,0.27586206896551724,53.99999999999999
1990,6117,0.875,0.059375,0.7240621611853992,0.13793103448275862,53.99999999999999
1991,3724,0.3625,0.171346875,0.9860498735092157,0.27586206896551724,53.99999999999999
1992,23187,0.6125,0.168203125,0.9972292494880134,0.13793103448275862,53.99999999999999
1993,3921,0.375,0.309375,0.62643055053608,0.27586206896551724,53.99999999999999
1994,3932,0.375,0.28125,0.6545717383447777,0.13793103448275862,53.99999999999999
1995,5963,0.875,0.278125,0.7718949524153716,0.13793103448275862,53.99999999999999
1996,4081,0.375,0.071603125,0.7551740754126008,0.27586206896551724,53.99999999999999
1997,4346,0.6125,0.189640625,0.9998795325864354,0.27586206896551724,53.99999999999999
1998,4736,0.6125,0.171346875,0.9860498735092157,0.27586206896551724,53.99999999999999
1999,22591,0.8388,0.213503125,0.9811348030357788,0.13793103448275862,53.99999999999999
2000,2377,0.1125,0.090625,0.62643055053608,0.13793103448275862,53.99999999999999
2001,2325,0.1125,0.16744375,0.9969883146608842,0.27586206896551724,53.99999999999999
2002,2367,0.1125,0.071603125,0.7551740754126008,0.27586206896551724,53.99999999999999
2003,2321,0.1125,0.197040625,0.9989157932779182,0.27586206896551724,53.99999999999999
2004,22596,0.803125,0.212678125,0.9815443922418986,0.0,53.999999999999986
2005,5908,0.875,0.28339375,0.8046500421635947,1.0,53.95604395604394
2006,23883,0.6724625,0.199375,0.9863389953017708,1.0,53.95604395604394
2007,3328,0.3625,0.2336875,0.9796651005902903,1.0,53.95604395604394
2008,22572,0.7141625,0.22165625000000003,0.9764727141308276,0.48275862068965514,53.92307692307691
2009,4480,0.6125,0.194553125,0.8788820624021202,0.3448275862068966,53.9090909090909
2010,3068,0.125,0.0625,0.7324515118660402,0.3448275862068966,53.9090909090909
2011,21283,0.696175,0.24156875000000003,0.9598120708348392,0.27586206896551724,53.89999999999999
2012,22587,0.8151375,0.22125625,0.9767256956993133,0.27586206896551724,53.89999999999999
2013,22586,0.7914749999999999,0.21970312500000003,0.9777014817491867,0.0,53.88888888888888
2014,22585,0.767775,0.21814999999999998,0.9786290808336345,0.0,53.88888888888888
2015,6095,0.875,0.09375,0.62643055053608,0.8275862068965517,53.86666666666666
2016,4341,0.6125,0.22643437500000002,0.9854234429586796,0.6206896551724137,53.854545454545445
2017,3922,0.375,0.309375,0.7059462715335502,0.48275862068965514,53.84615384615384
2018,21314,0.625,0.24623750000000003,0.9673292374412721,0.3448275862068966,53.818181818181806
2019,22582,0.672475,0.215021875,0.980363811588965,0.0,53.777777777777764
2020,5302,0.8625,0.26331875,0.9325864353692326,1.0,53.758241758241745
2021,4482,0.6125,0.208621875,0.8749909649439825,1.0,53.75054945054944
2022,3065,0.125,0.090625,0.6545717383447777,1.0,53.73626373626372
2023,5182,0.625,0.2880625,0.8888085772798457,1.0,53.73626373626372
2024,23889,0.625,0.19003125,0.9878086977472593,0.6206896551724137,53.72727272727272
2025,5963,0.875,0.278125,0.7718949524153716,0.6206896551724137,53.72727272727272
2026,21227,0.582775,0.23260625,0.9682568365257197,0.6206896551724137,53.72727272727272
2027,23876,0.8625,0.2024875,0.9855077701481749,0.48275862068965514,53.692307692307686
