rank,node_number,x_n,y_n,z_n,t_n,score
1,5954,0.875,0.300271875,0.7551740754126008,0.27586206896551724,22136.665777777773
2,10951,0.125,0.86546875,0.8653294783760993,0.8275862068965517,17390.43408695652
3,2145,0.875,0.0,0.62643055053608,0.13793103448275862,10009.999199999998
4,5524,0.8625,0.246875,0.763763401999759,0.13793103448275862,9018.199299999998
5,20493,0.3625,0.1399875,0.9688591735935429,0.27586206896551724,8871.88811111111
6,10484,0.1125,0.71875,0.8009998795325863,0.6896551724137931,7548.395566037734
7,6774,0.1125,0.47734375,0.9839657872545476,0.3448275862068966,7000.399299999999
8,19744,0.5235125,0.73728125,0.9507529213347788,1.0,6666.776999999998
9,21188,0.24392624999999998,0.24158437500000002,0.9722563546560654,0.27586206896551724,6663.8881111111095
10,3433,0.3625,0.15625,0.8226719672328634,0.0,6338.480126582278
11,22498,0.5236000000000001,0.22165625000000003,0.9764727141308276,0.3448275862068966,6016.099299999999
12,15927,0.4344875,0.322059375,0.8013853752559932,0.13793103448275862,5996.799299999999
13,15131,0.5887,0.047802500000000005,0.7949885555957114,1.0,5556.443666666665
14,15541,0.3625,0.6743750000000001,0.7999638597759305,0.0,5063.416835443038
15,23197,0.517775,0.1744,0.998831466088423,0.9655172413793103,5000.799299999999
16,23035,0.8625,0.8369375,0.9940127695458378,0.48275862068965514,4931.06439842209
17,23197,0.517775,0.1744,0.998831466088423,0.6896551724137931,4717.640849056603
18,13779,0.8625,0.70240625,0.8288158053246596,0.6896551724137931,4717.074811320754
19,19335,0.7915,0.107221875,0.9305866763040598,0.6896551724137931,4714.244622641509
20,1512,0.75,0.59375,0.6023370678231538,1.0,4444.332555555555
21,7841,0.3625,0.41453125,0.9224189856643776,0.8275862068965517,4348.173304347825
22,10176,0.8625,0.3515625,0.6612275629442236,0.6206896551724137,4019.299299999999
23,9377,0.875,0.59375,0.8804722322611732,0.48275862068965514,3943.983530571991
24,8433,0.625,0.366625,0.7092350319238645,0.6206896551724137,3020.0992999999994
25,7657,0.375,0.559375,0.9468497771352848,0.6206896551724137,3000.5992999999994
26,4764,0.625,0.173378125,0.9183833273099626,0.27586206896551724,2202.7769999999996
27,14082,0.875,0.84375,0.650786652210577,0.6206896551724137,2002.2992999999997
28,210,0.0625,0.78125,0.62643055053608,0.6896551724137931,1886.8861320754713
29,10700,0.1125,0.71875,0.8796530538489338,1.0,1111.088111111111
30,9511,0.875,0.465625,0.62643055053608,0.13793103448275862,1003.5992999999999
31,9302,0.8625,0.50559375,0.8852547885796891,0.13793103448275862,996.3892999999998
32,11810,0.3625,0.8004999999999999,0.8906396819660282,0.48275862068965514,985.9263313609466
33,13972,0.875,0.84603125,0.8808095410191542,0.48275862068965514,985.6600591715975
34,9458,0.875,0.3795,0.7440320443320082,0.6896551724137931,939.5276415094338
35,4333,0.6125,0.28247187500000004,0.9134441633538127,0.8275862068965517,876.3472173913042
36,9020,0.6125,0.5625,0.7885315022286471,0.8275862068965517,871.4776521739129
37,11516,0.3625,0.77103125,0.8653776653415252,0.27586206896551724,554.3104444444443
38,4766,0.625,0.14876562499999998,0.9005421033610408,0.6206896551724137,515.9293999999999
39,2103,1.0,0.828125,0.62643055053608,0.6206896551724137,500.1393999999999
40,855,0.0625,0.109375,0.62643055053608,1.0,452.99933333333325
41,9150,0.6125,0.39828125000000003,0.7859414528370076,1.0,435.677111111111
42,1750,0.625,0.84375,0.6023370678231538,0.13793103448275862,399.90939999999995
43,2044,1.0,0.09375,0.6023370678231538,0.8275862068965517,338.95599999999996
44,8985,0.6125,0.625,0.6996542585230695,0.27586206896551724,338.8104444444444
45,1031,0.6875,0.09375,0.6023370678231538,0.48275862068965514,287.30710059171594
46,5396,0.8625,0.059375,0.62643055053608,0.27586206896551724,251.11111111111106
47,6113,0.875,0.059375,0.62643055053608,0.27586206896551724,246.66666666666663
48,5101,0.625,0.059375,0.62643055053608,0.27586206896551724,243.3333333333333
49,4089,0.375,0.059375,0.62643055053608,0.27586206896551724,243.3333333333333
50,3077,0.125,0.059375,0.62643055053608,0.27586206896551724,243.3333333333333
51,4384,0.6125,0.059375,0.62643055053608,0.27586206896551724,242.22222222222217
52,3372,0.3625,0.059375,0.62643055053608,0.27586206896551724,242.22222222222217
53,5396,0.8625,0.059375,0.62643055053608,0.0,241.77215189873414
54,2360,0.1125,0.059375,0.62643055053608,0.27586206896551724,237.77777777777774
55,6113,0.875,0.059375,0.62643055053608,0.0,234.17721518987338
56,4384,0.6125,0.059375,0.62643055053608,0.0,234.17721518987338
57,5101,0.625,0.059375,0.62643055053608,1.0,233.99999999999994
58,4089,0.375,0.059375,0.62643055053608,1.0,233.4444444444444
59,3372,0.3625,0.059375,0.62643055053608,0.0,232.91139240506325
60,5101,0.625,0.059375,0.62643055053608,0.0,231.64556962025313
61,4089,0.375,0.059375,0.62643055053608,0.0,231.64556962025313
62,6113,0.875,0.059375,0.62643055053608,1.0,231.3333333333333
63,4384,0.6125,0.059375,0.62643055053608,1.0,230.4444444444444
64,3077,0.125,0.059375,0.62643055053608,0.0,230.379746835443
65,2360,0.1125,0.059375,0.62643055053608,0.0,229.11392405063287
66,3372,0.3625,0.059375,0.62643055053608,1.0,229.11111111111106
67,2360,0.1125,0.059375,0.62643055053608,1.0,223.3333333333333
68,5101,0.625,0.059375,0.62643055053608,0.6206896551724137,211.99999999999997
69,4089,0.375,0.059375,0.62643055053608,0.6206896551724137,211.89999999999995
70,5101,0.625,0.059375,0.62643055053608,0.9655172413793103,211.19999999999996
71,4089,0.375,0.059375,0.62643055053608,0.9655172413793103,211.19999999999996
72,5396,0.8625,0.059375,0.62643055053608,0.6206896551724137,210.69999999999996
73,3077,0.125,0.059375,0.62643055053608,0.6206896551724137,210.69999999999996
74,6113,0.875,0.059375,0.62643055053608,0.6206896551724137,209.99999999999997
75,6113,0.875,0.059375,0.62643055053608,0.13793103448275862,209.99999999999997
76,5396,0.8625,0.059375,0.62643055053608,0.13793103448275862,209.99999999999997
77,6113,0.875,0.059375,0.62643055053608,0.9655172413793103,209.19999999999996
78,5396,0.8625,0.059375,0.62643055053608,0.9655172413793103,208.39999999999995
79,4384,0.6125,0.059375,0.62643055053608,0.6206896551724137,208.39999999999995
80,3372,0.3625,0.059375,0.62643055053608,0.6206896551724137,207.89999999999995
81,4384,0.6125,0.059375,0.62643055053608,0.9655172413793103,207.69999999999996
82,5101,0.625,0.059375,0.62643055053608,0.48275862068965514,207.1005917159763
83,4089,0.375,0.059375,0.62643055053608,0.48275862068965514,207.1005917159763
84,3077,0.125,0.059375,0.62643055053608,0.48275862068965514,207.1005917159763
85,3077,0.125,0.059375,0.62643055053608,0.9655172413793103,207.09999999999997
86,3372,0.3625,0.059375,0.62643055053608,0.9655172413793103,206.99999999999997
87,5396,0.8625,0.059375,0.62643055053608,0.48275862068965514,206.1143984220907
88,6113,0.875,0.059375,0.62643055053608,0.48275862068965514,205.12820512820508
89,2360,0.1125,0.059375,0.62643055053608,0.6206896551724137,203.29999999999995
90,4384,0.6125,0.059375,0.62643055053608,0.48275862068965514,203.1558185404339
91,3372,0.3625,0.059375,0.62643055053608,0.48275862068965514,203.1558185404339
92,2360,0.1125,0.059375,0.62643055053608,0.9655172413793103,202.19999999999996
93,5392,0.8625,0.059375,0.6508384531984098,0.27586206896551724,201.11111111111106
94,2360,0.1125,0.059375,0.62643055053608,0.13793103448275862,199.99999999999997
95,5101,0.625,0.059375,0.62643055053608,0.13793103448275862,199.99999999999997
96,4384,0.6125,0.059375,0.62643055053608,0.13793103448275862,199.99999999999997
97,4089,0.375,0.059375,0.62643055053608,0.13793103448275862,199.99999999999997
98,3077,0.125,0.059375,0.62643055053608,0.13793103448275862,199.99999999999997
99,3372,0.3625,0.059375,0.62643055053608,0.13793103448275862,199.99999999999997
100,2360,0.1125,0.059375,0.62643055053608,0.48275862068965514,198.22485207100587
101,4089,0.375,0.059375,0.62643055053608,0.6896551724137931,197.73584905660374
102,5101,0.625,0.059375,0.62643055053608,0.6896551724137931,197.64150943396223
103,13290,0.625,0.84375,0.9338392964703047,0.48275862068965514,197.33668639053252
104,189,0.4375,0.796875,0.62643055053608,0.48275862068965514,197.1197238658777
105,6112,0.875,0.0625,0.62643055053608,0.27586206896551724,196.66666666666663
106,6116,0.875,0.059375,0.6508384531984098,0.27586206896551724,196.66666666666663
107,4092,0.375,0.059375,0.6508384531984098,0.27586206896551724,196.66666666666663
108,5101,0.625,0.059375,0.62643055053608,0.3448275862068966,195.79999999999995
109,6113,0.875,0.059375,0.62643055053608,0.6896551724137931,195.75471698113205
110,4089,0.375,0.059375,0.62643055053608,0.3448275862068966,195.69999999999996
111,4380,0.6125,0.059375,0.6508384531984098,0.27586206896551724,195.55555555555551
112,3368,0.3625,0.059375,0.6508384531984098,0.27586206896551724,195.55555555555551
113,5396,0.8625,0.059375,0.62643055053608,0.6896551724137931,194.90566037735846
114,3077,0.125,0.059375,0.62643055053608,0.3448275862068966,194.49999999999997
115,5104,0.625,0.059375,0.6508384531984098,0.27586206896551724,194.4444444444444
116,3080,0.125,0.059375,0.6508384531984098,0.27586206896551724,194.4444444444444
117,4384,0.6125,0.059375,0.62643055053608,0.6896551724137931,194.3396226415094
118,5396,0.8625,0.059375,0.62643055053608,0.3448275862068966,194.29999999999995
119,6113,0.875,0.059375,0.62643055053608,0.3448275862068966,193.89999999999998
120,3077,0.125,0.059375,0.62643055053608,0.6896551724137931,193.67924528301884
121,3372,0.3625,0.059375,0.62643055053608,0.6896551724137931,193.67924528301884
122,5392,0.8625,0.059375,0.6508384531984098,0.0,193.67088607594934
123,2364,0.1125,0.0625,0.62643055053608,0.27586206896551724,193.3333333333333
124,5400,0.8625,0.0625,0.62643055053608,0.27586206896551724,192.22222222222217
125,4384,0.6125,0.059375,0.62643055053608,0.3448275862068966,191.99999999999997
126,3372,0.3625,0.059375,0.62643055053608,0.3448275862068966,191.59999999999997
127,2356,0.1125,0.059375,0.6508384531984098,0.27586206896551724,189.99999999999997
128,5100,0.625,0.0625,0.62643055053608,0.27586206896551724,189.99999999999997
129,4388,0.6125,0.0625,0.62643055053608,0.27586206896551724,189.99999999999997
130,6112,0.875,0.0625,0.62643055053608,0.0,189.87341772151896
131,2360,0.1125,0.059375,0.62643055053608,0.6896551724137931,189.15094339622638
132,3076,0.125,0.0625,0.62643055053608,0.27586206896551724,187.77777777777774
133,6116,0.875,0.059375,0.6508384531984098,0.0,187.3417721518987
134,4380,0.6125,0.059375,0.6508384531984098,0.0,187.3417721518987
135,3368,0.3625,0.059375,0.6508384531984098,0.0,187.3417721518987
136,2360,0.1125,0.059375,0.62643055053608,0.3448275862068966,187.29999999999995
137,4088,0.375,0.0625,0.62643055053608,0.27586206896551724,186.66666666666663
138,3376,0.3625,0.0625,0.62643055053608,0.27586206896551724,186.66666666666663
139,3077,0.125,0.059375,0.62643055053608,1.0,186.08888888888885
140,4092,0.375,0.059375,0.6508384531984098,0.0,186.07594936708858
141,5104,0.625,0.059375,0.6508384531984098,1.0,185.88888888888886
142,2364,0.1125,0.0625,0.62643055053608,0.0,184.81012658227846
143,5104,0.625,0.059375,0.6508384531984098,0.0,184.81012658227846
144,5100,0.625,0.0625,0.62643055053608,0.0,184.81012658227846
145,3080,0.125,0.059375,0.6508384531984098,0.0,184.81012658227846
146,5400,0.8625,0.0625,0.62643055053608,0.0,183.54430379746833
147,4092,0.375,0.059375,0.6508384531984098,1.0,183.22222222222217
148,5101,0.625,0.059375,0.62643055053608,0.8275862068965517,183.13043478260866
149,4089,0.375,0.059375,0.62643055053608,0.8275862068965517,183.13043478260866
150,6116,0.875,0.059375,0.6508384531984098,1.0,182.88888888888886
151,4380,0.6125,0.059375,0.6508384531984098,1.0,182.55555555555551
152,3368,0.3625,0.059375,0.6508384531984098,1.0,182.55555555555551
153,2356,0.1125,0.059375,0.6508384531984098,0.0,182.2784810126582
154,4388,0.6125,0.0625,0.62643055053608,0.0,182.2784810126582
155,5396,0.8625,0.059375,0.62643055053608,0.8275862068965517,181.91304347826085
156,3077,0.125,0.059375,0.62643055053608,0.8275862068965517,181.73913043478257
157,6113,0.875,0.059375,0.62643055053608,0.8275862068965517,181.4782608695652
158,4088,0.375,0.0625,0.62643055053608,0.0,181.01265822784808
159,3076,0.125,0.0625,0.62643055053608,0.0,181.01265822784808
160,4388,0.6125,0.0625,0.62643055053608,1.0,180.66666666666663
161,4384,0.6125,0.059375,0.62643055053608,0.8275862068965517,179.99999999999997
162,3376,0.3625,0.0625,0.62643055053608,0.0,179.74683544303795
163,3372,0.3625,0.059375,0.62643055053608,0.8275862068965517,179.56521739130432
164,2364,0.1125,0.0625,0.62643055053608,1.0,179.3333333333333
165,5400,0.8625,0.0625,0.62643055053608,1.0,177.3333333333333
166,2360,0.1125,0.059375,0.62643055053608,0.8275862068965517,175.4782608695652
167,3076,0.125,0.0625,0.62643055053608,1.0,175.3333333333333
168,2356,0.1125,0.059375,0.6508384531984098,1.0,174.99999999999997
169,4088,0.375,0.0625,0.62643055053608,1.0,174.3333333333333
170,6112,0.875,0.0625,0.62643055053608,1.0,171.66666666666663
171,5100,0.625,0.0625,0.62643055053608,1.0,170.0333333333333
172,5392,0.8625,0.059375,0.6508384531984098,0.13793103448275862,169.99999999999997
173,6112,0.875,0.0625,0.62643055053608,0.13793103448275862,168.99999999999997
174,4092,0.375,0.059375,0.6508384531984098,0.6206896551724137,168.69999999999996
175,5104,0.625,0.059375,0.6508384531984098,0.6206896551724137,168.59999999999997
176,5104,0.625,0.059375,0.6508384531984098,0.9655172413793103,167.89999999999998
177,4092,0.375,0.059375,0.6508384531984098,0.9655172413793103,167.69999999999996
178,5392,0.8625,0.059375,0.6508384531984098,0.6206896551724137,167.49999999999997
179,6116,0.875,0.059375,0.6508384531984098,0.6206896551724137,167.29999999999998
180,2364,0.1125,0.0625,0.62643055053608,0.6206896551724137,166.39999999999998
181,6116,0.875,0.059375,0.6508384531984098,0.9655172413793103,166.09999999999997
182,3080,0.125,0.059375,0.6508384531984098,0.6206896551724137,166.09999999999997
183,4380,0.6125,0.059375,0.6508384531984098,0.6206896551724137,165.99999999999997
184,3368,0.3625,0.059375,0.6508384531984098,0.6206896551724137,165.99999999999997
185,4380,0.6125,0.059375,0.6508384531984098,0.9655172413793103,165.29999999999998
186,3368,0.3625,0.059375,0.6508384531984098,0.9655172413793103,165.29999999999998
187,5400,0.8625,0.0625,0.62643055053608,0.13793103448275862,164.99999999999997
188,5104,0.625,0.059375,0.6508384531984098,0.48275862068965514,164.69428007889545
189,4092,0.375,0.059375,0.6508384531984098,0.48275862068965514,164.69428007889545
190,5392,0.8625,0.059375,0.6508384531984098,0.48275862068965514,164.39842209072975
191,6116,0.875,0.059375,0.6508384531984098,0.48275862068965514,163.70808678500984
192,4388,0.6125,0.0625,0.62643055053608,0.6206896551724137,163.69999999999996
193,3080,0.125,0.059375,0.6508384531984098,0.48275862068965514,163.21499013806704
194,4388,0.6125,0.0625,0.62643055053608,0.9655172413793103,162.99999999999997
195,4092,0.375,0.059375,0.6508384531984098,0.13793103448275862,162.99999999999997
196,2364,0.1125,0.0625,0.62643055053608,0.48275862068965514,162.72189349112423
197,4380,0.6125,0.059375,0.6508384531984098,0.13793103448275862,161.99999999999997
198,3376,0.3625,0.0625,0.62643055053608,0.6206896551724137,161.89999999999998
199,4380,0.6125,0.059375,0.6508384531984098,0.48275862068965514,161.73570019723863
200,3368,0.3625,0.059375,0.6508384531984098,0.48275862068965514,161.73570019723863
201,5392,0.8625,0.059375,0.6508384531984098,0.9655172413793103,161.59999999999997
202,6112,0.875,0.0625,0.62643055053608,0.6206896551724137,161.49999999999997
203,3376,0.3625,0.0625,0.62643055053608,0.9655172413793103,161.09999999999997
204,2356,0.1125,0.059375,0.6508384531984098,0.6206896551724137,160.79999999999998
205,5400,0.8625,0.0625,0.62643055053608,0.6206896551724137,160.39999999999998
206,5100,0.625,0.0625,0.62643055053608,0.6206896551724137,160.19999999999996
207,2356,0.1125,0.059375,0.6508384531984098,0.13793103448275862,159.99999999999997
208,6116,0.875,0.059375,0.6508384531984098,0.13793103448275862,159.99999999999997
209,2364,0.1125,0.0625,0.62643055053608,0.13793103448275862,159.99999999999997
210,5104,0.625,0.059375,0.6508384531984098,0.13793103448275862,159.99999999999997
211,4388,0.6125,0.0625,0.62643055053608,0.13793103448275862,159.99999999999997
212,3080,0.125,0.059375,0.6508384531984098,0.13793103448275862,159.99999999999997
213,3368,0.3625,0.059375,0.6508384531984098,0.13793103448275862,159.99999999999997
214,5400,0.8625,0.0625,0.62643055053608,0.9655172413793103,159.79999999999998
215,4388,0.6125,0.0625,0.62643055053608,0.48275862068965514,159.76331360946742
216,5100,0.625,0.0625,0.62643055053608,0.9655172413793103,159.49999999999997
217,2356,0.1125,0.059375,0.6508384531984098,0.9655172413793103,159.39999999999998
218,3076,0.125,0.0625,0.62643055053608,0.6206896551724137,158.79999999999998
219,6112,0.875,0.0625,0.62643055053608,0.48275862068965514,158.7771203155818
220,3376,0.3625,0.0625,0.62643055053608,0.48275862068965514,158.7771203155818
221,3076,0.125,0.0625,0.62643055053608,0.9655172413793103,158.09999999999997
222,5100,0.625,0.0625,0.62643055053608,0.13793103448275862,157.99999999999997
223,4088,0.375,0.0625,0.62643055053608,0.6206896551724137,157.89999999999998
224,3080,0.125,0.059375,0.6508384531984098,0.9655172413793103,157.49999999999997
225,4088,0.375,0.0625,0.62643055053608,0.9655172413793103,157.29999999999998
226,5104,0.625,0.059375,0.6508384531984098,0.6896551724137931,157.2641509433962
227,4092,0.375,0.059375,0.6508384531984098,0.6896551724137931,156.98113207547166
228,2356,0.1125,0.059375,0.6508384531984098,0.48275862068965514,156.80473372781063
229,5400,0.8625,0.0625,0.62643055053608,0.48275862068965514,156.80473372781063
230,5100,0.625,0.0625,0.62643055053608,0.48275862068965514,156.80473372781063
231,4092,0.375,0.059375,0.6508384531984098,0.3448275862068966,155.99999999999997
232,3076,0.125,0.0625,0.62643055053608,0.13793103448275862,155.99999999999997
233,3376,0.3625,0.0625,0.62643055053608,0.13793103448275862,155.99999999999997
234,5104,0.625,0.059375,0.6508384531984098,0.3448275862068966,155.89999999999998
235,6116,0.875,0.059375,0.6508384531984098,0.6896551724137931,155.56603773584902
236,3076,0.125,0.0625,0.62643055053608,0.48275862068965514,154.83234714003942
237,4380,0.6125,0.059375,0.6508384531984098,0.6896551724137931,154.71698113207543
238,6116,0.875,0.059375,0.6508384531984098,0.3448275862068966,154.69999999999996
239,3368,0.3625,0.059375,0.6508384531984098,0.6896551724137931,154.62264150943395
240,5392,0.8625,0.059375,0.6508384531984098,0.3448275862068966,154.49999999999997
241,4088,0.375,0.0625,0.62643055053608,0.48275862068965514,153.8461538461538
242,3080,0.125,0.059375,0.6508384531984098,0.3448275862068966,153.29999999999998
243,2364,0.1125,0.0625,0.62643055053608,0.3448275862068966,153.19999999999996
244,4380,0.6125,0.059375,0.6508384531984098,0.3448275862068966,153.19999999999996
245,3368,0.3625,0.059375,0.6508384531984098,0.3448275862068966,153.19999999999996
246,4388,0.6125,0.0625,0.62643055053608,0.6896551724137931,152.45283018867923
247,6112,0.875,0.0625,0.62643055053608,0.9655172413793103,152.34999999999997
248,5392,0.8625,0.059375,0.6508384531984098,0.6896551724137931,151.1320754716981
249,4388,0.6125,0.0625,0.62643055053608,0.3448275862068966,150.69999999999996
250,3376,0.3625,0.0625,0.62643055053608,0.6896551724137931,150.56603773584902
251,4088,0.375,0.0625,0.62643055053608,0.13793103448275862,149.99999999999997
252,2364,0.1125,0.0625,0.62643055053608,0.9655172413793103,149.57999999999998
253,5400,0.8625,0.0625,0.62643055053608,0.6896551724137931,149.43396226415092
254,2356,0.1125,0.059375,0.6508384531984098,0.6896551724137931,149.15094339622638
255,3376,0.3625,0.0625,0.62643055053608,0.3448275862068966,148.99999999999997
256,5100,0.625,0.0625,0.62643055053608,0.6896551724137931,148.96226415094338
257,2356,0.1125,0.059375,0.6508384531984098,0.3448275862068966,148.19999999999996
258,6112,0.875,0.0625,0.62643055053608,0.3448275862068966,148.19999999999996
259,5397,0.8625,0.0625,0.7059462715335502,0.27586206896551724,147.77777777777774
260,3076,0.125,0.0625,0.62643055053608,0.6896551724137931,147.64150943396223
261,5400,0.8625,0.0625,0.62643055053608,0.3448275862068966,147.39999999999998
262,5100,0.625,0.0625,0.62643055053608,0.3448275862068966,147.09999999999997
263,3080,0.125,0.059375,0.6508384531984098,0.6896551724137931,147.07547169811318
264,4088,0.375,0.0625,0.62643055053608,0.6896551724137931,146.88679245283015
265,6111,0.875,0.0625,0.7059462715335502,0.27586206896551724,146.66666666666663
266,5104,0.625,0.059375,0.6508384531984098,0.8275862068965517,145.65217391304344
267,4092,0.375,0.059375,0.6508384531984098,0.8275862068965517,145.65217391304344
268,3076,0.125,0.0625,0.62643055053608,0.3448275862068966,145.59999999999997
269,4088,0.375,0.0625,0.62643055053608,0.3448275862068966,144.89999999999998
270,3373,0.3625,0.0625,0.7059462715335502,0.27586206896551724,144.44444444444443
271,6116,0.875,0.059375,0.6508384531984098,0.8275862068965517,144.43478260869563
272,5392,0.8625,0.059375,0.6508384531984098,0.8275862068965517,143.99999999999997
273,3368,0.3625,0.059375,0.6508384531984098,0.8275862068965517,143.4782608695652
274,4380,0.6125,0.059375,0.6508384531984098,0.8275862068965517,143.39130434782606
275,2364,0.1125,0.0625,0.62643055053608,0.8275862068965517,143.13043478260866
276,3080,0.125,0.059375,0.6508384531984098,0.8275862068965517,142.43478260869563
277,5099,0.625,0.0625,0.7059462715335502,0.27586206896551724,142.2222222222222
278,4385,0.6125,0.0625,0.7059462715335502,0.27586206896551724,142.2222222222222
279,4087,0.375,0.0625,0.7059462715335502,0.27586206896551724,142.2222222222222
280,5397,0.8625,0.0625,0.7059462715335502,0.0,141.77215189873417
281,6112,0.875,0.0625,0.62643055053608,0.6896551724137931,141.42452830188677
282,4388,0.6125,0.0625,0.62643055053608,0.8275862068965517,141.30434782608694
283,5568,0.8625,0.3125,0.62643055053608,0.27586206896551724,141.1111111111111
284,6111,0.875,0.0625,0.7059462715335502,0.0,140.50632911392404
285,5944,0.875,0.3125,0.62643055053608,1.0,140.2222222222222
286,5568,0.8625,0.3125,0.62643055053608,1.0,140.1111111111111
287,5944,0.875,0.3125,0.62643055053608,0.27586206896551724,139.99999999999997
288,3075,0.125,0.0625,0.7059462715335502,0.27586206896551724,139.99999999999997
289,3376,0.3625,0.0625,0.62643055053608,0.8275862068965517,139.7391304347826
290,3373,0.3625,0.0625,0.7059462715335502,0.0,139.2405063291139
291,6112,0.875,0.0625,0.62643055053608,0.8275862068965517,138.9565217391304
292,2361,0.1125,0.0625,0.7059462715335502,0.27586206896551724,138.88888888888886
293,2356,0.1125,0.059375,0.6508384531984098,0.8275862068965517,138.69565217391303
294,5400,0.8625,0.0625,0.62643055053608,0.8275862068965517,138.43478260869563
295,5100,0.625,0.0625,0.62643055053608,0.8275862068965517,138.26086956521738
296,2364,0.1125,0.0625,0.62643055053608,0.6896551724137931,137.58490566037733
297,22584,0.625,0.21190625000000002,0.9819057944825923,1.0,136.99999999999997
298,3076,0.125,0.0625,0.62643055053608,0.8275862068965517,136.9565217391304
299,5099,0.625,0.0625,0.7059462715335502,0.0,136.70886075949366
300,4385,0.6125,0.0625,0.7059462715335502,0.0,136.70886075949366
301,4087,0.375,0.0625,0.7059462715335502,0.0,136.70886075949366
302,4088,0.375,0.0625,0.62643055053608,0.8275862068965517,136.26086956521738
303,4385,0.6125,0.0625,0.7059462715335502,1.0,136.2222222222222
304,3373,0.3625,0.0625,0.7059462715335502,1.0,135.66666666666663
305,4932,0.625,0.3125,0.62643055053608,0.27586206896551724,135.55555555555551
306,4556,0.6125,0.3125,0.62643055053608,0.27586206896551724,135.55555555555551
307,3075,0.125,0.0625,0.7059462715335502,0.0,135.44303797468353
308,3376,0.3625,0.0625,0.62643055053608,1.0,135.06666666666663
309,3920,0.375,0.3125,0.62643055053608,0.27586206896551724,134.44444444444443
310,4087,0.375,0.0625,0.7059462715335502,1.0,133.99999999999997
311,5397,0.8625,0.0625,0.7059462715335502,1.0,133.77777777777774
312,5099,0.625,0.0625,0.7059462715335502,1.0,133.66666666666663
313,2361,0.1125,0.0625,0.7059462715335502,0.0,132.91139240506328
314,2908,0.125,0.3125,0.62643055053608,0.27586206896551724,132.2222222222222
315,3544,0.3625,0.3125,0.62643055053608,0.27586206896551724,132.2222222222222
316,3075,0.125,0.0625,0.7059462715335502,1.0,130.1111111111111
317,4556,0.6125,0.3125,0.62643055053608,1.0,129.77777777777774
318,4932,0.625,0.3125,0.62643055053608,1.0,129.66666666666663
319,5568,0.8625,0.3125,0.62643055053608,0.0,129.1139240506329
320,5397,0.8625,0.0625,0.7059462715335502,0.13793103448275862,128.99999999999997
321,2532,0.1125,0.3125,0.62643055053608,0.27586206896551724,128.88888888888886
322,6109,0.875,0.0625,0.65293579086857,0.27586206896551724,128.88888888888886
323,3920,0.375,0.3125,0.62643055053608,1.0,128.44444444444443
324,6111,0.875,0.0625,0.7059462715335502,1.0,128.0333333333333
325,5568,0.8625,0.3125,0.62643055053608,0.6206896551724137,127.09999999999998
326,2363,0.1125,0.0625,0.65293579086857,0.27586206896551724,126.66666666666664
327,5568,0.8625,0.3125,0.62643055053608,0.48275862068965514,126.23274161735698
328,6111,0.875,0.0625,0.7059462715335502,0.13793103448275862,125.99999999999997
329,2908,0.125,0.3125,0.62643055053608,1.0,125.99999999999997
330,3544,0.3625,0.3125,0.62643055053608,1.0,125.66666666666664
331,21288,0.625,0.23378125,0.9672328635104203,1.0,125.33333333333331
332,5944,0.875,0.3125,0.62643055053608,0.0,125.31645569620251
333,5944,0.875,0.3125,0.62643055053608,0.9655172413793103,125.29999999999998
334,5399,0.8625,0.0625,0.65293579086857,0.27586206896551724,124.44444444444441
335,5944,0.875,0.3125,0.62643055053608,0.48275862068965514,124.26035502958578
336,6109,0.875,0.0625,0.65293579086857,0.0,124.05063291139238
337,3373,0.3625,0.0625,0.7059462715335502,0.6206896551724137,123.79999999999998
338,5568,0.8625,0.3125,0.62643055053608,0.3448275862068966,123.69999999999997
339,2532,0.1125,0.3125,0.62643055053608,1.0,123.44444444444441
340,4385,0.6125,0.0625,0.7059462715335502,0.6206896551724137,123.39999999999998
341,4387,0.6125,0.0625,0.65293579086857,0.27586206896551724,123.33333333333331
342,22584,0.625,0.21190625000000002,0.9819057944825923,0.9655172413793103,123.29999999999998
343,3373,0.3625,0.0625,0.7059462715335502,0.9655172413793103,123.19999999999997
344,22584,0.625,0.21190625000000002,0.9819057944825923,0.27586206896551724,123.11111111111109
345,5568,0.8625,0.3125,0.62643055053608,0.13793103448275862,122.99999999999997
346,2361,0.1125,0.0625,0.7059462715335502,1.0,122.99999999999997
347,4385,0.6125,0.0625,0.7059462715335502,0.9655172413793103,122.89999999999998
348,4556,0.6125,0.3125,0.62643055053608,0.0,122.78481012658226
349,5397,0.8625,0.0625,0.7059462715335502,0.6206896551724137,122.49999999999997
350,22584,0.625,0.21190625000000002,0.9819057944825923,0.6206896551724137,122.49999999999997
351,22584,0.625,0.21190625000000002,0.9819057944825923,0.0,122.40506329113923
352,5097,0.625,0.0625,0.65293579086857,0.27586206896551724,122.2222222222222
353,3073,0.125,0.0625,0.65293579086857,0.27586206896551724,122.2222222222222
354,5944,0.875,0.3125,0.62643055053608,0.13793103448275862,121.99999999999997
355,5397,0.8625,0.0625,0.7059462715335502,0.9655172413793103,121.79999999999998
356,5099,0.625,0.0625,0.7059462715335502,0.6206896551724137,121.59999999999998
357,2363,0.1125,0.0625,0.65293579086857,0.0,121.51898734177213
358,5097,0.625,0.0625,0.65293579086857,0.0,121.51898734177213
359,4087,0.375,0.0625,0.7059462715335502,0.6206896551724137,121.49999999999997
360,4085,0.375,0.0625,0.65293579086857,0.27586206896551724,121.11111111111109
361,3375,0.3625,0.0625,0.65293579086857,0.27586206896551724,121.11111111111109
362,3373,0.3625,0.0625,0.7059462715335502,0.48275862068965514,121.10453648915185
363,5099,0.625,0.0625,0.7059462715335502,0.9655172413793103,121.09999999999998
364,4087,0.375,0.0625,0.7059462715335502,0.9655172413793103,120.99999999999997
365,6111,0.875,0.0625,0.7059462715335502,0.6206896551724137,120.79999999999998
366,4385,0.6125,0.0625,0.7059462715335502,0.48275862068965514,120.7100591715976
367,23901,0.8625,0.2024875,0.9975906517287073,0.0,120.253164556962
368,3373,0.3625,0.0625,0.7059462715335502,0.13793103448275862,119.99999999999997
369,22584,0.625,0.21190625000000002,0.9819057944825923,0.48275862068965514,119.92110453648912
370,5397,0.8625,0.0625,0.7059462715335502,0.48275862068965514,119.82248520710057
371,6111,0.875,0.0625,0.7059462715335502,0.9655172413793103,119.79999999999998
372,5944,0.875,0.3125,0.62643055053608,0.6896551724137931,119.71698113207545
373,3075,0.125,0.0625,0.7059462715335502,0.6206896551724137,119.69999999999997
374,5396,0.8625,0.059375,0.62643055053608,1.0,119.5333333333333
375,2363,0.1125,0.0625,0.65293579086857,1.0,119.2222222222222
376,2361,0.1125,0.0625,0.7059462715335502,0.6206896551724137,119.19999999999997
377,4385,0.6125,0.0625,0.7059462715335502,0.13793103448275862,118.99999999999997
378,4087,0.375,0.0625,0.7059462715335502,0.13793103448275862,118.99999999999997
379,5399,0.8625,0.0625,0.65293579086857,0.0,118.98734177215188
380,4932,0.625,0.3125,0.62643055053608,0.0,118.98734177215188
381,4387,0.6125,0.0625,0.65293579086857,0.0,118.98734177215188
382,3073,0.125,0.0625,0.65293579086857,0.0,118.98734177215188
383,3920,0.375,0.3125,0.62643055053608,0.0,118.98734177215188
384,3544,0.3625,0.3125,0.62643055053608,0.0,118.98734177215188
385,3075,0.125,0.0625,0.7059462715335502,0.9655172413793103,118.89999999999998
386,5099,0.625,0.0625,0.7059462715335502,0.48275862068965514,118.83629191321496
387,4087,0.375,0.0625,0.7059462715335502,0.48275862068965514,118.83629191321496
388,22584,0.625,0.21190625000000002,0.9819057944825923,0.3448275862068966,118.59999999999998
389,6111,0.875,0.0625,0.7059462715335502,0.48275862068965514,118.14595660749505
390,5099,0.625,0.0625,0.7059462715335502,0.13793103448275862,117.99999999999997
391,2361,0.1125,0.0625,0.7059462715335502,0.9655172413793103,117.89999999999998
392,2908,0.125,0.3125,0.62643055053608,0.0,117.72151898734175
393,4085,0.375,0.0625,0.65293579086857,0.0,117.72151898734175
394,21294,0.8625,0.233828125,0.9671967232863511,0.0,117.72151898734175
395,5944,0.875,0.3125,0.62643055053608,0.6206896551724137,117.19999999999997
396,3075,0.125,0.0625,0.7059462715335502,0.48275862068965514,117.15976331360945
397,3075,0.125,0.0625,0.7059462715335502,0.13793103448275862,116.99999999999999
398,2361,0.1125,0.0625,0.7059462715335502,0.48275862068965514,116.66666666666664
399,22590,0.8625,0.21195312500000002,0.9818817009998795,0.27586206896551724,116.66666666666664
400,23901,0.8625,0.2024875,0.9975906517287073,0.27586206896551724,116.66666666666664
401,22584,0.625,0.21190625000000002,0.9819057944825923,0.6896551724137931,116.60377358490564
402,2532,0.1125,0.3125,0.62643055053608,0.0,116.45569620253163
403,22590,0.8625,0.21195312500000002,0.9818817009998795,0.0,116.45569620253163
404,3375,0.3625,0.0625,0.65293579086857,0.0,116.45569620253163
405,2361,0.1125,0.0625,0.7059462715335502,0.13793103448275862,115.99999999999999
406,4932,0.625,0.3125,0.62643055053608,0.13793103448275862,115.99999999999999
407,4932,0.625,0.3125,0.62643055053608,0.6206896551724137,115.89999999999998
408,4387,0.6125,0.0625,0.65293579086857,1.0,115.8222222222222
409,5567,0.8625,0.3125,0.6508384531984098,0.27586206896551724,115.55555555555553
410,21294,0.8625,0.233828125,0.9671967232863511,0.27586206896551724,115.55555555555553
411,4932,0.625,0.3125,0.62643055053608,0.48275862068965514,115.38461538461536
412,4556,0.6125,0.3125,0.62643055053608,0.48275862068965514,115.38461538461536
413,5195,0.625,0.26331875,0.9325864353692326,1.0,115.33333333333331
414,4556,0.6125,0.3125,0.62643055053608,0.6206896551724137,115.29999999999998
415,3373,0.3625,0.0625,0.7059462715335502,0.6896551724137931,115.28301886792451
416,21288,0.625,0.23378125,0.9672328635104203,0.48275862068965514,115.18737672583825
417,4385,0.6125,0.0625,0.7059462715335502,0.6896551724137931,114.99999999999999
418,4556,0.6125,0.3125,0.62643055053608,0.13793103448275862,114.99999999999999
419,3920,0.375,0.3125,0.62643055053608,0.13793103448275862,114.99999999999999
420,4556,0.6125,0.3125,0.62643055053608,0.9655172413793103,114.89999999999998
421,21288,0.625,0.23378125,0.9672328635104203,0.6206896551724137,114.69999999999997
422,4932,0.625,0.3125,0.62643055053608,0.9655172413793103,114.39999999999998
423,3920,0.375,0.3125,0.62643055053608,0.6206896551724137,114.39999999999998
424,3920,0.375,0.3125,0.62643055053608,0.48275862068965514,114.39842209072977
425,5944,0.875,0.3125,0.62643055053608,0.3448275862068966,114.29999999999998
426,3373,0.3625,0.0625,0.7059462715335502,0.3448275862068966,114.19999999999997
427,6109,0.875,0.0625,0.65293579086857,1.0,113.99999999999997
428,5397,0.8625,0.0625,0.7059462715335502,0.6896551724137931,113.96226415094338
429,4385,0.6125,0.0625,0.7059462715335502,0.3448275862068966,113.89999999999998
430,5941,0.875,0.3125,0.6508384531984098,1.0,113.66666666666664
431,3920,0.375,0.3125,0.62643055053608,0.9655172413793103,113.59999999999998
432,5399,0.8625,0.0625,0.65293579086857,1.0,113.55555555555553
433,5941,0.875,0.3125,0.6508384531984098,0.27586206896551724,113.33333333333331
434,5099,0.625,0.0625,0.7059462715335502,0.6896551724137931,113.3018867924528
435,4087,0.375,0.0625,0.7059462715335502,0.6896551724137931,113.3018867924528
436,5397,0.8625,0.0625,0.7059462715335502,0.3448275862068966,112.99999999999999
437,2908,0.125,0.3125,0.62643055053608,0.6206896551724137,112.99999999999999
438,2908,0.125,0.3125,0.62643055053608,0.13793103448275862,112.99999999999999
439,21288,0.625,0.23378125,0.9672328635104203,0.9655172413793103,112.69999999999997
440,5567,0.8625,0.3125,0.6508384531984098,1.0,112.66666666666664
441,3073,0.125,0.0625,0.65293579086857,1.0,112.66666666666664
442,4932,0.625,0.3125,0.62643055053608,0.3448275862068966,112.49999999999999
443,2908,0.125,0.3125,0.62643055053608,0.48275862068965514,112.42603550295856
444,4087,0.375,0.0625,0.7059462715335502,0.3448275862068966,112.09999999999998
445,6111,0.875,0.0625,0.7059462715335502,0.6896551724137931,112.07547169811319
446,5099,0.625,0.0625,0.7059462715335502,0.3448275862068966,111.99999999999999
447,4556,0.6125,0.3125,0.62643055053608,0.3448275862068966,111.99999999999999
448,3544,0.3625,0.3125,0.62643055053608,0.6206896551724137,111.99999999999999
449,3544,0.3625,0.3125,0.62643055053608,0.13793103448275862,111.99999999999999
450,3544,0.3625,0.3125,0.62643055053608,0.48275862068965514,111.43984220907296
451,3544,0.3625,0.3125,0.62643055053608,0.9655172413793103,111.39999999999998
452,6111,0.875,0.0625,0.7059462715335502,0.3448275862068966,111.39999999999998
453,3075,0.125,0.0625,0.7059462715335502,0.6896551724137931,111.2264150943396
454,5289,0.8625,0.2384375,0.9629442235875195,0.27586206896551724,111.11111111111109
455,4929,0.625,0.3125,0.6508384531984098,0.27586206896551724,111.11111111111109
456,4555,0.6125,0.3125,0.6508384531984098,0.27586206896551724,111.11111111111109
457,3917,0.375,0.3125,0.6508384531984098,0.27586206896551724,111.11111111111109
458,3920,0.375,0.3125,0.62643055053608,0.3448275862068966,111.09999999999998
459,21288,0.625,0.23378125,0.9672328635104203,0.3448275862068966,110.99999999999999
460,6109,0.875,0.0625,0.65293579086857,0.13793103448275862,110.99999999999999
461,4085,0.375,0.0625,0.65293579086857,1.0,110.95555555555553
462,2532,0.1125,0.3125,0.62643055053608,0.9655172413793103,110.39999999999998
463,3075,0.125,0.0625,0.7059462715335502,0.3448275862068966,110.39999999999998
464,2361,0.1125,0.0625,0.7059462715335502,0.6896551724137931,110.28301886792451
465,4556,0.6125,0.3125,0.62643055053608,0.6896551724137931,109.99999999999999
466,2532,0.1125,0.3125,0.62643055053608,0.13793103448275862,109.99999999999999
467,2361,0.1125,0.0625,0.7059462715335502,0.3448275862068966,109.89999999999998
468,2908,0.125,0.3125,0.62643055053608,0.3448275862068966,109.79999999999998
469,4932,0.625,0.3125,0.62643055053608,0.6896551724137931,109.52830188679243
470,2532,0.1125,0.3125,0.62643055053608,0.48275862068965514,109.46745562130175
471,5568,0.8625,0.3125,0.62643055053608,0.8275862068965517,109.39130434782606
472,2905,0.125,0.3125,0.6508384531984098,0.27586206896551724,108.88888888888887
473,3543,0.3625,0.3125,0.6508384531984098,0.27586206896551724,108.88888888888887
474,22531,0.6125,0.21195312500000002,0.9940127695458378,0.27586206896551724,108.77777777777776
475,3544,0.3625,0.3125,0.62643055053608,0.3448275862068966,108.69999999999997
476,3920,0.375,0.3125,0.62643055053608,0.6896551724137931,108.67924528301884
477,2363,0.1125,0.0625,0.65293579086857,0.6206896551724137,108.59999999999998
478,5399,0.8625,0.0625,0.65293579086857,0.13793103448275862,107.99999999999999
479,21235,0.6125,0.233828125,0.9795446331767256,1.0,107.55555555555553
480,22584,0.625,0.21190625000000002,0.9819057944825923,0.8275862068965517,107.21739130434781
481,2532,0.1125,0.3125,0.62643055053608,0.6206896551724137,107.09999999999998
482,4555,0.6125,0.3125,0.6508384531984098,1.0,106.88888888888887
483,3373,0.3625,0.0625,0.7059462715335502,0.8275862068965517,106.86956521739128
484,4929,0.625,0.3125,0.6508384531984098,1.0,106.77777777777776
485,3544,0.3625,0.3125,0.62643055053608,0.6896551724137931,106.69811320754715
486,2531,0.1125,0.3125,0.6508384531984098,0.27586206896551724,106.66666666666664
487,21288,0.625,0.23378125,0.9672328635104203,0.6896551724137931,106.60377358490564
488,4385,0.6125,0.0625,0.7059462715335502,0.8275862068965517,106.52173913043477
489,2363,0.1125,0.0625,0.65293579086857,0.48275862068965514,106.4102564102564
490,5567,0.8625,0.3125,0.6508384531984098,0.0,106.32911392405062
491,5289,0.8625,0.2384375,0.9629442235875195,0.0,106.32911392405062
492,5944,0.875,0.3125,0.62643055053608,0.8275862068965517,106.26086956521738
493,2363,0.1125,0.0625,0.65293579086857,0.13793103448275862,105.99999999999999
494,3917,0.375,0.3125,0.6508384531984098,1.0,105.99999999999997
495,5397,0.8625,0.0625,0.7059462715335502,0.8275862068965517,105.82608695652172
496,2532,0.1125,0.3125,0.62643055053608,0.6896551724137931,105.75471698113206
497,4387,0.6125,0.0625,0.65293579086857,0.6206896551724137,105.29999999999998
498,5099,0.625,0.0625,0.7059462715335502,0.8275862068965517,105.04347826086955
499,21294,0.8625,0.233828125,0.9671967232863511,0.13793103448275862,104.99999999999999
500,4087,0.375,0.0625,0.7059462715335502,0.8275862068965517,104.95652173913042
501,4387,0.6125,0.0625,0.65293579086857,0.9655172413793103,104.69999999999997
502,6111,0.875,0.0625,0.7059462715335502,0.8275862068965517,104.26086956521738
503,2532,0.1125,0.3125,0.62643055053608,0.3448275862068966,104.19999999999997
504,22603,0.8625,0.21195312500000002,0.9940127695458378,0.0,104.0506329113924
505,5097,0.625,0.0625,0.65293579086857,0.13793103448275862,103.99999999999999
506,4387,0.6125,0.0625,0.65293579086857,0.13793103448275862,103.99999999999999
507,6109,0.875,0.0625,0.65293579086857,0.6206896551724137,103.99999999999999
508,21307,0.8625,0.233828125,0.9795446331767256,0.0,103.92405063291137
509,5195,0.625,0.26331875,0.9325864353692326,0.9655172413793103,103.89999999999998
510,3543,0.3625,0.3125,0.6508384531984098,1.0,103.77777777777776
511,21294,0.8625,0.233828125,0.9671967232863511,1.0,103.66666666666664
512,3375,0.3625,0.0625,0.65293579086857,0.6206896551724137,103.59999999999998
513,3075,0.125,0.0625,0.7059462715335502,0.8275862068965517,103.30434782608694
514,5567,0.8625,0.3125,0.6508384531984098,0.6206896551724137,103.19999999999997
515,4387,0.6125,0.0625,0.65293579086857,0.48275862068965514,103.15581854043391
516,5289,0.8625,0.2384375,0.9629442235875195,0.13793103448275862,102.99999999999999
517,2905,0.125,0.3125,0.6508384531984098,1.0,102.99999999999999
518,5399,0.8625,0.0625,0.65293579086857,0.6206896551724137,102.89999999999998
519,3375,0.3625,0.0625,0.65293579086857,0.9655172413793103,102.79999999999998
520,2361,0.1125,0.0625,0.7059462715335502,0.8275862068965517,102.78260869565216
521,5195,0.625,0.26331875,0.9325864353692326,0.6206896551724137,102.69999999999997
522,5097,0.625,0.0625,0.65293579086857,0.6206896551724137,102.69999999999997
523,5567,0.8625,0.3125,0.6508384531984098,0.48275862068965514,102.56410256410254
524,21307,0.8625,0.233828125,0.9795446331767256,0.27586206896551724,102.33333333333331
525,5399,0.8625,0.0625,0.65293579086857,0.9655172413793103,102.29999999999998
526,3073,0.125,0.0625,0.65293579086857,0.6206896551724137,102.29999999999998
527,5097,0.625,0.0625,0.65293579086857,0.9655172413793103,102.09999999999998
528,5195,0.625,0.26331875,0.9325864353692326,0.3448275862068966,101.99999999999999
529,22584,0.625,0.21190625000000002,0.9819057944825923,0.13793103448275862,101.99999999999999
530,3073,0.125,0.0625,0.65293579086857,0.13793103448275862,101.99999999999999
531,22531,0.6125,0.21195312500000002,0.9940127695458378,0.0,101.89873417721518
532,6109,0.875,0.0625,0.65293579086857,0.48275862068965514,101.87376725838263
533,3073,0.125,0.0625,0.65293579086857,0.9655172413793103,101.69999999999997
534,3375,0.3625,0.0625,0.65293579086857,0.48275862068965514,101.47928994082838
535,22603,0.8625,0.21195312500000002,0.9940127695458378,0.27586206896551724,101.44444444444443
536,5941,0.875,0.3125,0.6508384531984098,0.9655172413793103,101.39999999999998
537,5941,0.875,0.3125,0.6508384531984098,0.0,101.26582278481011
538,2531,0.1125,0.3125,0.6508384531984098,1.0,101.11111111111109
539,5567,0.8625,0.3125,0.6508384531984098,0.13793103448275862,100.99999999999999
540,22590,0.8625,0.21195312500000002,0.9818817009998795,0.13793103448275862,100.99999999999999
541,3375,0.3625,0.0625,0.65293579086857,0.13793103448275862,100.99999999999999
542,4085,0.375,0.0625,0.65293579086857,0.6206896551724137,100.89999999999998
543,5399,0.8625,0.0625,0.65293579086857,0.48275862068965514,100.6903353057199
544,5097,0.625,0.0625,0.65293579086857,0.48275862068965514,100.59171597633134
545,4085,0.375,0.0625,0.65293579086857,0.9655172413793103,100.39999999999998
546,5195,0.625,0.26331875,0.9325864353692326,0.48275862068965514,100.39447731755422
547,22577,0.6487125,0.22280625,0.9757137694253704,1.0,100.33333333333331
548,5567,0.8625,0.3125,0.6508384531984098,0.3448275862068966,100.29999999999998
549,3073,0.125,0.0625,0.65293579086857,0.48275862068965514,100.09861932938854
550,5941,0.875,0.3125,0.6508384531984098,0.13793103448275862,99.99999999999999
551,4085,0.375,0.0625,0.65293579086857,0.13793103448275862,99.99999999999999
552,23901,0.8625,0.2024875,0.9975906517287073,0.13793103448275862,99.99999999999999
553,4555,0.6125,0.3125,0.6508384531984098,0.0,99.99999999999999
554,22606,0.8625,0.22436249999999996,0.9868931454041681,0.0,99.99999999999999
555,2363,0.1125,0.0625,0.65293579086857,0.3448275862068966,99.79999999999998
556,3375,0.3625,0.0625,0.65293579086857,1.0,99.74444444444443
557,5352,0.8625,0.2336875,0.9796651005902903,0.27586206896551724,99.66666666666664
558,2908,0.125,0.3125,0.62643055053608,0.9655172413793103,99.39999999999998
559,5941,0.875,0.3125,0.6508384531984098,0.48275862068965514,99.30966469428006
560,22534,0.6125,0.22436249999999996,0.9868931454041681,0.27586206896551724,98.88888888888887
561,11534,0.3625,0.78125,0.7000216841344417,0.13793103448275862,98.87339999999998
562,4085,0.375,0.0625,0.65293579086857,0.48275862068965514,98.81656804733726
563,4929,0.625,0.3125,0.6508384531984098,0.0,98.73417721518986
564,23876,0.8625,0.2024875,0.9855077701481749,0.0,98.73417721518986
565,3917,0.375,0.3125,0.6508384531984098,0.0,98.73417721518986
566,3543,0.3625,0.3125,0.6508384531984098,0.0,98.73417721518986
567,5195,0.625,0.26331875,0.9325864353692326,0.6896551724137931,98.30188679245282
568,21288,0.625,0.23378125,0.9672328635104203,0.8275862068965517,98.17391304347825
569,4387,0.6125,0.0625,0.65293579086857,0.6896551724137931,97.83018867924527
570,22606,0.8625,0.22436249999999996,0.9868931454041681,0.27586206896551724,97.77777777777776
571,6095,0.875,0.09375,0.62643055053608,0.27586206896551724,97.77777777777776
572,2531,0.1125,0.3125,0.6508384531984098,0.0,97.46835443037973
573,5941,0.875,0.3125,0.6508384531984098,0.6896551724137931,96.88679245283018
574,4387,0.6125,0.0625,0.65293579086857,0.3448275862068966,96.79999999999998
575,21235,0.6125,0.233828125,0.9795446331767256,0.9655172413793103,96.79999999999998
576,5289,0.8625,0.2384375,0.9629442235875195,1.0,96.55555555555554
577,4284,0.6125,0.21875,0.978279725334297,0.27586206896551724,96.55555555555554
578,2905,0.125,0.3125,0.6508384531984098,0.0,96.20253164556961
579,2908,0.125,0.3125,0.62643055053608,0.8275862068965517,96.08695652173911
580,22577,0.6487125,0.22280625,0.9757137694253704,0.0,96.0759493670886
581,2908,0.125,0.3125,0.62643055053608,0.6896551724137931,96.03773584905659
582,3375,0.3625,0.0625,0.65293579086857,0.6896551724137931,96.03773584905659
583,5399,0.8625,0.0625,0.65293579086857,0.6896551724137931,95.75471698113206
584,5351,0.8625,0.2408875,0.9729671123960967,0.27586206896551724,95.66666666666664
585,21226,0.6125,0.23065625,0.9698831466088423,1.0,95.66666666666664
586,4929,0.625,0.3125,0.6508384531984098,0.9655172413793103,95.59999999999998
587,4555,0.6125,0.3125,0.6508384531984098,0.9655172413793103,95.59999999999998
588,21235,0.6125,0.233828125,0.9795446331767256,0.6206896551724137,95.59999999999998
589,4284,0.6125,0.21875,0.978279725334297,0.0,95.56962025316454
590,2383,0.1125,0.09375,0.62643055053608,0.27586206896551724,95.55555555555554
591,5097,0.625,0.0625,0.65293579086857,0.6896551724137931,95.37735849056602
592,6109,0.875,0.0625,0.65293579086857,0.3448275862068966,95.29999999999998
593,3375,0.3625,0.0625,0.65293579086857,0.3448275862068966,95.19999999999999
594,23829,0.6125,0.2024875,0.9975906517287073,0.27586206896551724,95.11111111111109
595,4929,0.625,0.3125,0.6508384531984098,0.13793103448275862,94.99999999999999
596,4555,0.6125,0.3125,0.6508384531984098,0.13793103448275862,94.99999999999999
597,22531,0.6125,0.21195312500000002,0.9940127695458378,0.13793103448275862,94.99999999999999
598,3917,0.375,0.3125,0.6508384531984098,0.13793103448275862,94.99999999999999
599,23881,0.625,0.2024875,0.9855077701481749,1.0,94.99999999999999
600,22534,0.6125,0.22436249999999996,0.9868931454041681,0.0,94.93670886075948
601,3073,0.125,0.0625,0.65293579086857,0.6896551724137931,94.90566037735847
602,3917,0.375,0.3125,0.6508384531984098,0.9655172413793103,94.89999999999998
603,4929,0.625,0.3125,0.6508384531984098,0.6206896551724137,94.79999999999998
604,22534,0.6125,0.22436249999999996,0.9868931454041681,1.0,94.77777777777776
605,4555,0.6125,0.3125,0.6508384531984098,0.48275862068965514,94.67455621301774
606,22602,0.625,0.20878125,0.9832791229972292,0.0,94.55696202531645
607,5419,0.8625,0.09375,0.62643055053608,0.27586206896551724,94.44444444444443
608,5399,0.8625,0.0625,0.65293579086857,0.3448275862068966,94.39999999999998
609,23901,0.8625,0.2024875,0.9975906517287073,1.0,94.33333333333331
610,5097,0.625,0.0625,0.65293579086857,0.3448275862068966,94.09999999999998
611,4555,0.6125,0.3125,0.6508384531984098,0.6206896551724137,93.99999999999999
612,3073,0.125,0.0625,0.65293579086857,0.3448275862068966,93.69999999999999
613,3917,0.375,0.3125,0.6508384531984098,0.6206896551724137,93.69999999999999
614,4929,0.625,0.3125,0.6508384531984098,0.48275862068965514,93.68836291913213
615,4085,0.375,0.0625,0.65293579086857,0.6896551724137931,93.67924528301886
616,6095,0.875,0.09375,0.62643055053608,0.0,93.67088607594935
617,2532,0.1125,0.3125,0.62643055053608,0.8275862068965517,93.65217391304347
618,5083,0.625,0.09375,0.62643055053608,0.27586206896551724,93.33333333333331
619,4407,0.6125,0.09375,0.62643055053608,0.27586206896551724,93.33333333333331
620,23876,0.8625,0.2024875,0.9855077701481749,0.27586206896551724,93.33333333333331
621,2363,0.1125,0.0625,0.65293579086857,0.8275862068965517,93.30434782608694
622,21294,0.8625,0.233828125,0.9671967232863511,0.9655172413793103,93.29999999999998
623,3543,0.3625,0.3125,0.6508384531984098,0.9655172413793103,93.09999999999998
624,21235,0.6125,0.233828125,0.9795446331767256,0.48275862068965514,93.09664694280077
625,2905,0.125,0.3125,0.6508384531984098,0.13793103448275862,92.99999999999999
626,3543,0.3625,0.3125,0.6508384531984098,0.13793103448275862,92.99999999999999
627,22583,0.6487499999999999,0.21346249999999997,0.9811588965184916,1.0,92.88888888888887
628,5352,0.8625,0.2336875,0.9796651005902903,0.0,92.78481012658227
629,3917,0.375,0.3125,0.6508384531984098,0.48275862068965514,92.70216962524653
630,22602,0.625,0.20878125,0.9832791229972292,0.27586206896551724,92.44444444444443
631,2383,0.1125,0.09375,0.62643055053608,0.0,92.40506329113923
632,2905,0.125,0.3125,0.6508384531984098,0.6206896551724137,92.39999999999998
633,4085,0.375,0.0625,0.65293579086857,0.3448275862068966,92.39999999999998
634,3395,0.3625,0.09375,0.62643055053608,0.27586206896551724,92.2222222222222
635,4929,0.625,0.3125,0.6508384531984098,0.3448275862068966,91.89999999999998
636,2905,0.125,0.3125,0.6508384531984098,0.48275862068965514,91.71597633136093
637,5132,0.625,0.2336875,0.9796651005902903,0.27586206896551724,91.66666666666664
638,3543,0.3625,0.3125,0.6508384531984098,0.6206896551724137,91.59999999999998
639,4929,0.625,0.3125,0.6508384531984098,0.6896551724137931,91.41509433962263
640,4555,0.6125,0.3125,0.6508384531984098,0.6896551724137931,91.41509433962263
641,21235,0.6125,0.233828125,0.9795446331767256,0.6896551724137931,91.32075471698111
642,23882,0.648725,0.20093125,0.9859414528370076,1.0,91.2222222222222
643,4555,0.6125,0.3125,0.6508384531984098,0.3448275862068966,91.19999999999999
644,5083,0.625,0.09375,0.62643055053608,0.0,91.1392405063291
645,2531,0.1125,0.3125,0.6508384531984098,0.13793103448275862,90.99999999999999
646,3917,0.375,0.3125,0.6508384531984098,0.3448275862068966,90.89999999999998
647,5954,0.875,0.300271875,0.7551740754126008,1.0,90.88888888888887
648,21235,0.6125,0.233828125,0.9795446331767256,0.3448275862068966,90.79999999999998
649,4387,0.6125,0.0625,0.65293579086857,0.8275862068965517,90.78260869565216
650,3917,0.375,0.3125,0.6508384531984098,0.6896551724137931,90.75471698113206
651,3543,0.3625,0.3125,0.6508384531984098,0.48275862068965514,90.72978303747533
652,5195,0.625,0.26331875,0.9325864353692326,0.8275862068965517,90.69565217391303
653,2531,0.1125,0.3125,0.6508384531984098,0.9655172413793103,90.59999999999998
654,18702,0.8625,0.277578125,0.9091555234309118,1.0,90.44444444444443
655,5351,0.8625,0.2408875,0.9729671123960967,0.0,90.37974683544303
656,22577,0.6487125,0.22280625,0.9757137694253704,0.9655172413793103,90.29999999999998
657,22577,0.6487125,0.22280625,0.9757137694253704,0.27586206896551724,90.2222222222222
658,21294,0.8625,0.233828125,0.9671967232863511,0.6206896551724137,90.19999999999999
659,2383,0.1125,0.09375,0.62643055053608,1.0,90.17777777777776
660,5562,0.8625,0.309375,0.7059462715335502,0.27586206896551724,89.99999999999999
661,5401,0.8625,0.0625,0.7324515118660402,0.27586206896551724,89.99999999999999
662,5357,0.8625,0.197040625,0.9989157932779182,0.27586206896551724,89.99999999999999
663,4071,0.375,0.09375,0.62643055053608,0.27586206896551724,89.99999999999999
664,5218,0.625,0.215625,0.958089386820865,1.0,89.9222222222222
665,5419,0.8625,0.09375,0.62643055053608,0.0,89.87341772151898
666,4407,0.6125,0.09375,0.62643055053608,0.0,89.87341772151898
667,22577,0.6487125,0.22280625,0.9757137694253704,0.6206896551724137,89.79999999999998
668,5562,0.8625,0.309375,0.7059462715335502,1.0,89.77777777777776
669,22583,0.6487499999999999,0.21346249999999997,0.9811588965184916,0.0,89.74683544303797
670,2905,0.125,0.3125,0.6508384531984098,0.3448275862068966,89.59999999999998
671,6109,0.875,0.0625,0.65293579086857,0.8275862068965517,89.4782608695652
672,3375,0.3625,0.0625,0.65293579086857,0.8275862068965517,89.39130434782608
673,5132,0.625,0.2336875,0.9796651005902903,0.0,89.24050632911391
674,3543,0.3625,0.3125,0.6508384531984098,0.6896551724137931,89.0566037735849
675,3543,0.3625,0.3125,0.6508384531984098,0.3448275862068966,88.89999999999998
676,5419,0.8625,0.09375,0.62643055053608,1.0,88.88888888888887
677,3059,0.125,0.09375,0.62643055053608,0.27586206896551724,88.88888888888887
678,6104,0.875,0.0625,0.7324515118660402,0.27586206896551724,88.88888888888887
679,2905,0.125,0.3125,0.6508384531984098,0.9655172413793103,88.82999999999998
680,5399,0.8625,0.0625,0.65293579086857,0.8275862068965517,88.78260869565216
681,6095,0.875,0.09375,0.62643055053608,1.0,88.77777777777776
682,5357,0.8625,0.197040625,0.9989157932779182,0.0,88.60759493670885
683,3395,0.3625,0.09375,0.62643055053608,0.0,88.60759493670885
684,5097,0.625,0.0625,0.65293579086857,0.8275862068965517,88.52173913043477
685,22600,0.684375,0.212678125,0.9815443922418986,0.0,88.48101265822784
686,2531,0.1125,0.3125,0.6508384531984098,0.48275862068965514,88.36291913214988
687,22576,0.625,0.22436249999999996,0.9746536561860017,1.0,88.2222222222222
688,21294,0.8625,0.233828125,0.9671967232863511,0.6896551724137931,88.2075471698113
689,3073,0.125,0.0625,0.65293579086857,0.8275862068965517,88.17391304347825
690,22577,0.6487125,0.22280625,0.9757137694253704,0.48275862068965514,88.16568047337276
691,5558,0.8625,0.300271875,0.7551740754126008,1.0,88.1111111111111
692,22577,0.6487125,0.22280625,0.9757137694253704,0.3448275862068966,88.09999999999998
693,21307,0.8625,0.233828125,0.9795446331767256,0.13793103448275862,87.99999999999999
694,22600,0.684375,0.212678125,0.9815443922418986,1.0,87.99999999999999
695,21294,0.8625,0.233828125,0.9671967232863511,0.3448275862068966,87.79999999999998
696,5946,0.875,0.309375,0.7059462715335502,0.27586206896551724,87.77777777777776
697,4550,0.6125,0.309375,0.7059462715335502,0.27586206896551724,87.77777777777776
698,4389,0.6125,0.0625,0.7324515118660402,0.27586206896551724,87.77777777777776
699,3377,0.3625,0.0625,0.7324515118660402,0.27586206896551724,87.77777777777776
700,4407,0.6125,0.09375,0.62643055053608,1.0,87.75555555555553
701,23829,0.6125,0.2024875,0.9975906517287073,1.0,87.66666666666664
702,5946,0.875,0.309375,0.7059462715335502,1.0,87.66666666666664
703,5356,0.8625,0.20443125,0.9969883146608842,0.27586206896551724,87.55555555555554
704,22601,0.6547,0.210728125,0.9824478978436332,0.0,87.46835443037973
705,3059,0.125,0.09375,0.62643055053608,0.0,87.34177215189872
706,4071,0.375,0.09375,0.62643055053608,0.0,87.34177215189872
707,22590,0.8625,0.21195312500000002,0.9818817009998795,1.0,87.2222222222222
708,5352,0.8625,0.2336875,0.9796651005902903,0.13793103448275862,86.99999999999999
709,5351,0.8625,0.2408875,0.9729671123960967,0.13793103448275862,86.99999999999999
710,4085,0.375,0.0625,0.65293579086857,0.8275862068965517,86.95652173913042
711,5289,0.8625,0.2384375,0.9629442235875195,0.9655172413793103,86.69999999999999
712,5092,0.625,0.0625,0.7324515118660402,0.27586206896551724,86.66666666666664
713,4934,0.625,0.309375,0.7059462715335502,0.27586206896551724,86.66666666666664
714,4080,0.375,0.0625,0.7324515118660402,0.27586206896551724,86.66666666666664
715,3538,0.3625,0.309375,0.7059462715335502,0.27586206896551724,86.66666666666664
716,2531,0.1125,0.3125,0.6508384531984098,0.6896551724137931,86.60377358490564
717,21226,0.6125,0.23065625,0.9698831466088423,0.6206896551724137,86.59999999999998
718,21301,0.7734,0.23650312499999998,0.9647753282737019,0.0,86.58227848101265
719,5567,0.8625,0.3125,0.6508384531984098,0.8275862068965517,86.52173913043477
720,5218,0.625,0.215625,0.958089386820865,0.48275862068965514,86.50887573964495
721,23190,0.6125,0.1806125,0.9997470184315143,1.0,86.44444444444443
722,22512,0.375,0.21190625000000002,0.9819057944825923,1.0,86.44444444444443
723,22531,0.6125,0.21195312500000002,0.9940127695458378,1.0,86.2222222222222
724,21226,0.6125,0.23065625,0.9698831466088423,0.9655172413793103,86.19999999999999
725,5401,0.8625,0.0625,0.7324515118660402,0.0,86.0759493670886
726,6104,0.875,0.0625,0.7324515118660402,0.0,86.0759493670886
727,22606,0.8625,0.22436249999999996,0.9868931454041681,0.13793103448275862,85.99999999999999
728,21294,0.8625,0.233828125,0.9671967232863511,0.48275862068965514,85.99605522682444
729,5356,0.8625,0.20443125,0.9969883146608842,0.0,85.94936708860759
730,4481,0.6125,0.20159374999999996,0.8773762197325623,1.0,85.81111111111109
731,21226,0.6125,0.23065625,0.9698831466088423,0.48275862068965514,85.79881656804733
732,5218,0.625,0.215625,0.958089386820865,0.13793103448275862,85.69999999999999
733,2365,0.1125,0.0625,0.7324515118660402,0.27586206896551724,85.55555555555554
734,4481,0.6125,0.20159374999999996,0.8773762197325623,0.27586206896551724,85.55555555555554
735,3068,0.125,0.0625,0.7324515118660402,0.27586206896551724,85.55555555555554
736,3922,0.375,0.309375,0.7059462715335502,0.27586206896551724,85.55555555555554
737,23881,0.625,0.2024875,0.9855077701481749,0.9655172413793103,85.49999999999999
738,5941,0.875,0.3125,0.6508384531984098,0.8275862068965517,85.4782608695652
739,22534,0.6125,0.22436249999999996,0.9868931454041681,0.6206896551724137,85.39999999999999
740,22583,0.6487499999999999,0.21346249999999997,0.9811588965184916,0.27586206896551724,85.2222222222222
741,23881,0.625,0.2024875,0.9855077701481749,0.6206896551724137,85.19999999999999
742,22578,0.6724625,0.22125,0.9767377424406698,0.0,85.18987341772151
743,2905,0.125,0.3125,0.6508384531984098,0.6896551724137931,85.188679245283
744,22577,0.6487125,0.22280625,0.9757137694253704,0.6896551724137931,85.188679245283
745,22534,0.6125,0.22436249999999996,0.9868931454041681,0.9655172413793103,85.09999999999998
746,22603,0.8625,0.21195312500000002,0.9940127695458378,0.13793103448275862,84.99999999999999
747,23876,0.8625,0.2024875,0.9855077701481749,0.13793103448275862,84.99999999999999
748,23829,0.6125,0.2024875,0.9975906517287073,0.0,84.93670886075948
749,23901,0.8625,0.2024875,0.9975906517287073,0.9655172413793103,84.79999999999998
750,4071,0.375,0.09375,0.62643055053608,1.0,84.67777777777776
751,5218,0.625,0.215625,0.958089386820865,0.6206896551724137,84.65999999999998
752,3395,0.3625,0.09375,0.62643055053608,1.0,84.65555555555554
753,2526,0.1125,0.309375,0.7059462715335502,0.27586206896551724,84.44444444444443
754,23224,0.625,0.1806125,0.9877002770750511,1.0,84.44444444444443
755,5137,0.625,0.197040625,0.9989157932779182,0.27586206896551724,84.44444444444443
756,6109,0.875,0.0625,0.65293579086857,0.9655172413793103,84.13999999999999
757,21235,0.6125,0.233828125,0.9795446331767256,0.8275862068965517,84.08695652173911
758,23875,0.8388249999999999,0.20093437500000003,0.9859414528370076,0.0,84.0506329113924
759,22534,0.6125,0.22436249999999996,0.9868931454041681,0.48275862068965514,84.02366863905324
760,23901,0.8625,0.2024875,0.9975906517287073,0.6206896551724137,83.89999999999999
761,3059,0.125,0.09375,0.62643055053608,1.0,83.77777777777776
762,21226,0.6125,0.23065625,0.9698831466088423,0.3448275862068966,83.69999999999999
763,4550,0.6125,0.309375,0.7059462715335502,1.0,83.66666666666664
764,22583,0.6487499999999999,0.21346249999999997,0.9811588965184916,0.9655172413793103,83.59999999999998
765,3377,0.3625,0.0625,0.7324515118660402,1.0,83.59999999999998
766,5092,0.625,0.0625,0.7324515118660402,0.0,83.54430379746834
767,4389,0.6125,0.0625,0.7324515118660402,0.0,83.54430379746834
768,22571,0.7439250000000001,0.219709375,0.9777014817491867,0.0,83.54430379746834
769,4080,0.375,0.0625,0.7324515118660402,0.0,83.54430379746834
770,3377,0.3625,0.0625,0.7324515118660402,0.0,83.54430379746834
771,21307,0.8625,0.233828125,0.9795446331767256,1.0,83.44444444444443
772,5558,0.8625,0.300271875,0.7551740754126008,0.27586206896551724,83.33333333333331
773,2910,0.125,0.309375,0.7059462715335502,0.27586206896551724,83.33333333333331
774,22602,0.625,0.20878125,0.9832791229972292,1.0,83.33333333333331
775,22600,0.684375,0.212678125,0.9815443922418986,0.27586206896551724,83.2222222222222
776,22578,0.6724625,0.22125,0.9767377424406698,1.0,83.2222222222222
777,4389,0.6125,0.0625,0.7324515118660402,1.0,83.13333333333331
778,22601,0.6547,0.210728125,0.9824478978436332,1.0,83.1111111111111
779,22583,0.6487499999999999,0.21346249999999997,0.9811588965184916,0.6206896551724137,82.99999999999999
780,4934,0.625,0.309375,0.7059462715335502,1.0,82.99999999999999
781,4879,0.625,0.246875,0.9248042404529574,0.27586206896551724,82.99999999999999
782,23881,0.625,0.2024875,0.9855077701481749,0.27586206896551724,82.99999999999999
783,23881,0.625,0.2024875,0.9855077701481749,0.48275862068965514,82.93885601577908
784,22582,0.672475,0.215021875,0.980363811588965,0.0,82.91139240506328
785,23892,0.8032125000000001,0.201725,0.9857246114925913,0.0,82.91139240506328
786,3538,0.3625,0.309375,0.7059462715335502,1.0,82.77777777777776
787,4284,0.6125,0.21875,0.978279725334297,1.0,82.66666666666664
788,22572,0.7141625,0.22165625000000003,0.9764727141308276,0.0,82.65822784810126
789,2383,0.1125,0.09375,0.62643055053608,0.6206896551724137,82.59999999999998
790,23881,0.625,0.2024875,0.9855077701481749,0.0,82.53164556962024
791,5195,0.625,0.26331875,0.9325864353692326,0.0,82.40506329113923
792,4284,0.6125,0.21875,0.978279725334297,0.13793103448275862,82.29999999999998
793,22598,0.74375,0.216571875,0.9795205396940128,0.0,82.27848101265822
794,22589,0.8625,0.22436249999999996,0.9746536561860017,0.0,82.27848101265822
795,5289,0.8625,0.2384375,0.9629442235875195,0.6896551724137931,82.26415094339622
796,5092,0.625,0.0625,0.7324515118660402,1.0,82.24444444444443
797,5606,0.8625,0.278125,0.8796530538489338,1.0,82.2222222222222
798,22601,0.6547,0.210728125,0.9824478978436332,0.27586206896551724,82.2222222222222
799,23876,0.8625,0.2024875,0.9855077701481749,1.0,82.1111111111111
800,23829,0.6125,0.2024875,0.9975906517287073,0.13793103448275862,81.99999999999999
801,6095,0.875,0.09375,0.62643055053608,0.13793103448275862,81.99999999999999
802,23882,0.648725,0.20093125,0.9859414528370076,0.9655172413793103,81.99999999999999
803,23882,0.648725,0.20093125,0.9859414528370076,0.6206896551724137,81.99999999999999
804,3922,0.375,0.309375,0.7059462715335502,1.0,81.77777777777776
805,22534,0.6125,0.22436249999999996,0.9868931454041681,0.3448275862068966,81.59999999999998
806,6095,0.875,0.09375,0.62643055053608,0.6206896551724137,81.59999999999998
807,23901,0.8625,0.2024875,0.9975906517287073,0.48275862068965514,81.55818540433924
808,4871,0.625,0.246875,0.9468497771352848,0.27586206896551724,81.55555555555554
809,22603,0.8625,0.21195312500000002,0.9940127695458378,1.0,81.55555555555554
810,5083,0.625,0.09375,0.62643055053608,1.0,81.53333333333332
811,22573,0.6844625,0.22359999999999997,0.975183712805686,0.0,81.51898734177215
812,18702,0.8625,0.277578125,0.9091555234309118,0.9655172413793103,81.49999999999999
813,23881,0.625,0.2024875,0.9855077701481749,0.3448275862068966,81.49999999999999
814,22583,0.6487499999999999,0.21346249999999997,0.9811588965184916,0.48275862068965514,81.45956607495067
815,5954,0.875,0.300271875,0.7551740754126008,0.9655172413793103,81.39999999999999
816,18702,0.8625,0.277578125,0.9091555234309118,0.6206896551724137,81.29999999999998
817,22583,0.6487499999999999,0.21346249999999997,0.9811588965184916,0.3448275862068966,81.29999999999998
818,21226,0.6125,0.23065625,0.9698831466088423,0.6896551724137931,81.22641509433961
819,5961,0.875,0.28125,0.62643055053608,1.0,81.2222222222222
820,4080,0.375,0.0625,0.7324515118660402,1.0,81.2111111111111
821,23901,0.8625,0.2024875,0.9975906517287073,0.3448275862068966,81.19999999999999
822,21294,0.8625,0.233828125,0.9671967232863511,0.8275862068965517,81.13043478260869
823,2382,0.1125,0.09375,0.655524635586074,0.27586206896551724,81.1111111111111
824,6090,0.875,0.09375,0.655524635586074,0.27586206896551724,81.1111111111111
825,5562,0.8625,0.309375,0.7059462715335502,0.0,81.01265822784809
826,2365,0.1125,0.0625,0.7324515118660402,0.0,81.01265822784809
827,3068,0.125,0.0625,0.7324515118660402,0.0,81.01265822784809
828,2383,0.1125,0.09375,0.62643055053608,0.13793103448275862,80.99999999999999
829,5357,0.8625,0.197040625,0.9989157932779182,0.13793103448275862,80.99999999999999
830,5218,0.625,0.215625,0.958089386820865,0.9655172413793103,80.99999999999999
831,2383,0.1125,0.09375,0.62643055053608,0.48275862068965514,80.96646942800787
832,23882,0.648725,0.20093125,0.9859414528370076,0.48275862068965514,80.96646942800787
833,4871,0.625,0.246875,0.9468497771352848,0.0,80.88607594936708
834,18702,0.8625,0.277578125,0.9091555234309118,0.3448275862068966,80.79999999999998
835,22582,0.672475,0.215021875,0.980363811588965,1.0,80.77777777777776
836,5562,0.8625,0.309375,0.7059462715335502,0.9655172413793103,80.69999999999999
837,5419,0.8625,0.09375,0.62643055053608,0.6206896551724137,80.69999999999999
838,5132,0.625,0.2336875,0.9796651005902903,0.13793103448275862,80.69999999999999
839,21301,0.7734,0.23650312499999998,0.9647753282737019,1.0,80.66666666666666
840,5289,0.8625,0.2384375,0.9629442235875195,0.6206896551724137,80.59999999999998
841,5954,0.875,0.300271875,0.7551740754126008,0.6206896551724137,80.59999999999998
842,22534,0.6125,0.22436249999999996,0.9868931454041681,0.6896551724137931,80.56603773584904
843,23881,0.625,0.2024875,0.9855077701481749,0.6896551724137931,80.56603773584904
844,5218,0.625,0.215625,0.958089386820865,0.27586206896551724,80.55555555555554
845,5218,0.625,0.215625,0.958089386820865,0.3448275862068966,80.43999999999998
846,5419,0.8625,0.09375,0.62643055053608,0.9655172413793103,80.39999999999999
847,5553,0.8625,0.28125,0.62643055053608,1.0,80.33333333333331
848,4481,0.6125,0.20159374999999996,0.8773762197325623,0.0,80.12658227848101
849,4480,0.6125,0.194553125,0.8788820624021202,1.0,80.08888888888887
850,2905,0.125,0.3125,0.6508384531984098,0.8275862068965517,80.08695652173911
851,18702,0.8625,0.277578125,0.9091555234309118,0.48275862068965514,80.07889546351083
852,6095,0.875,0.09375,0.62643055053608,0.48275862068965514,80.07889546351083
853,22534,0.6125,0.22436249999999996,0.9868931454041681,0.13793103448275862,79.99999999999999
854,23224,0.625,0.1806125,0.9877002770750511,0.27586206896551724,79.99999999999999
855,5961,0.875,0.28125,0.62643055053608,0.27586206896551724,79.99999999999999
856,4351,0.6125,0.15274062500000002,0.9902300927599084,0.27586206896551724,79.99999999999999
857,22512,0.375,0.21190625000000002,0.9819057944825923,0.27586206896551724,79.99999999999999
858,6114,0.875,0.059375,0.6996542585230695,0.27586206896551724,79.99999999999999
859,4879,0.625,0.246875,0.9248042404529574,0.0,79.99999999999999
860,23901,0.8625,0.2024875,0.9975906517287073,0.6896551724137931,79.90566037735847
861,4407,0.6125,0.09375,0.62643055053608,0.6206896551724137,79.89999999999999
862,23803,0.588825,0.20093437500000003,0.9859414528370076,0.27586206896551724,79.77777777777776
863,5218,0.625,0.215625,0.958089386820865,0.0,79.74683544303797
864,5946,0.875,0.309375,0.7059462715335502,0.0,79.74683544303797
865,5954,0.875,0.300271875,0.7551740754126008,0.0,79.74683544303797
866,2526,0.1125,0.309375,0.7059462715335502,1.0,79.66666666666666
867,4407,0.6125,0.09375,0.62643055053608,0.9655172413793103,79.59999999999998
868,5568,0.8625,0.3125,0.62643055053608,0.6896551724137931,79.33962264150942
869,5558,0.8625,0.300271875,0.7551740754126008,0.9655172413793103,79.29999999999998
870,22576,0.625,0.22436249999999996,0.9746536561860017,0.9655172413793103,79.29999999999998
871,23882,0.648725,0.20093125,0.9859414528370076,0.3448275862068966,79.29999999999998
872,2910,0.125,0.309375,0.7059462715335502,1.0,79.2222222222222
873,22600,0.684375,0.212678125,0.9815443922418986,0.9655172413793103,79.09999999999998
874,22590,0.8625,0.21195312500000002,0.9818817009998795,0.6206896551724137,79.09999999999998
875,5562,0.8625,0.309375,0.7059462715335502,0.13793103448275862,78.99999999999999
876,5083,0.625,0.09375,0.62643055053608,0.13793103448275862,78.99999999999999
877,4407,0.6125,0.09375,0.62643055053608,0.13793103448275862,78.99999999999999
878,22602,0.625,0.20878125,0.9832791229972292,0.13793103448275862,78.99999999999999
879,22600,0.684375,0.212678125,0.9815443922418986,0.6206896551724137,78.99999999999999
880,22583,0.6487499999999999,0.21346249999999997,0.9811588965184916,0.6896551724137931,78.96226415094338
881,5558,0.8625,0.300271875,0.7551740754126008,0.6206896551724137,78.89999999999999
882,3395,0.3625,0.09375,0.62643055053608,0.6206896551724137,78.89999999999999
883,5419,0.8625,0.09375,0.62643055053608,0.48275862068965514,78.89546351084812
884,5553,0.8625,0.28125,0.62643055053608,0.27586206896551724,78.88888888888887
885,5363,0.8625,0.15274062500000002,0.9902300927599084,0.27586206896551724,78.88888888888887
886,5227,0.625,0.1875,0.9575954704252498,0.27586206896551724,78.88888888888887
887,4480,0.6125,0.194553125,0.8788820624021202,0.27586206896551724,78.88888888888887
888,23882,0.648725,0.20093125,0.9859414528370076,0.0,78.86075949367088
889,22590,0.8625,0.21195312500000002,0.9818817009998795,0.48275862068965514,78.79684418145955
890,23829,0.6125,0.2024875,0.9975906517287073,0.9655172413793103,78.69999999999999
891,5568,0.8625,0.3125,0.62643055053608,0.9655172413793103,78.67999999999999
892,22573,0.6844625,0.22359999999999997,0.975183712805686,1.0,78.66666666666666
893,4481,0.6125,0.20159374999999996,0.8773762197325623,0.6206896551724137,78.60999999999999
894,5083,0.625,0.09375,0.62643055053608,0.6206896551724137,78.59999999999998
895,5200,0.625,0.21875,0.978279725334297,1.0,78.55555555555554
896,22578,0.6724625,0.22125,0.9767377424406698,0.27586206896551724,78.55555555555554
897,22577,0.6487125,0.22280625,0.9757137694253704,0.8275862068965517,78.52173913043477
898,5954,0.875,0.300271875,0.7551740754126008,0.48275862068965514,78.50098619329387
899,5558,0.8625,0.300271875,0.7551740754126008,0.0,78.48101265822784
900,22576,0.625,0.22436249999999996,0.9746536561860017,0.0,78.48101265822784
901,4351,0.6125,0.15274062500000002,0.9902300927599084,0.0,78.48101265822784
902,6090,0.875,0.09375,0.655524635586074,0.0,78.48101265822784
903,22589,0.8625,0.22436249999999996,0.9746536561860017,0.27586206896551724,78.44444444444443
904,22590,0.8625,0.21195312500000002,0.9818817009998795,0.9655172413793103,78.39999999999999
905,3395,0.3625,0.09375,0.62643055053608,0.9655172413793103,78.30999999999999
906,22574,0.6547,0.22554687499999998,0.9738103842910492,0.0,78.22784810126582
907,21301,0.7734,0.23650312499999998,0.9647753282737019,0.27586206896551724,78.2222222222222
908,4407,0.6125,0.09375,0.62643055053608,0.48275862068965514,78.20512820512819
909,5083,0.625,0.09375,0.62643055053608,0.9655172413793103,78.18999999999998
910,4481,0.6125,0.20159374999999996,0.8773762197325623,0.9655172413793103,78.04999999999998
911,5419,0.8625,0.09375,0.62643055053608,0.13793103448275862,77.99999999999999
912,5401,0.8625,0.0625,0.7324515118660402,0.13793103448275862,77.99999999999999
913,5954,0.875,0.300271875,0.7551740754126008,0.3448275862068966,77.99999999999999
914,22576,0.625,0.22436249999999996,0.9746536561860017,0.6206896551724137,77.99999999999999
915,5357,0.8625,0.197040625,0.9989157932779182,1.0,77.99999999999999
916,5199,0.625,0.21875,0.9560534875316226,0.0,77.97468354430379
917,2531,0.1125,0.3125,0.6508384531984098,0.8275862068965517,77.91304347826086
918,22600,0.684375,0.212678125,0.9815443922418986,0.48275862068965514,77.90927021696251
919,5289,0.8625,0.2384375,0.9629442235875195,0.3448275862068966,77.89999999999999
920,5136,0.625,0.20443125,0.9969883146608842,0.27586206896551724,77.88888888888887
921,5953,0.875,0.295615625,0.7658836284784966,1.0,77.88888888888887
922,23875,0.8388249999999999,0.20093437500000003,0.9859414528370076,0.27586206896551724,77.88888888888887
923,2358,0.1125,0.059375,0.6996542585230695,0.27586206896551724,77.77777777777776
924,5418,0.8625,0.09375,0.655524635586074,0.27586206896551724,77.77777777777776
925,5411,0.8625,0.090625,0.7671364895795687,0.27586206896551724,77.77777777777776
926,5102,0.625,0.059375,0.6996542585230695,0.27586206896551724,77.77777777777776
927,4868,0.625,0.24041562500000002,0.930333694735574,0.27586206896551724,77.77777777777776
928,4541,0.6125,0.28125,0.62643055053608,0.27586206896551724,77.77777777777776
929,22576,0.625,0.22436249999999996,0.9746536561860017,0.27586206896551724,77.77777777777776
930,6097,0.875,0.090625,0.7671364895795687,0.27586206896551724,77.77777777777776
931,21216,0.375,0.23378125,0.9672328635104203,1.0,77.77777777777776
932,5606,0.8625,0.278125,0.8796530538489338,0.48275862068965514,77.71203155818539
933,23190,0.6125,0.1806125,0.9997470184315143,0.9655172413793103,77.69999999999999
934,22512,0.375,0.21190625000000002,0.9819057944825923,0.9655172413793103,77.69999999999999
935,23803,0.588825,0.20093437500000003,0.9859414528370076,1.0,77.66666666666666
936,22523,0.5828,0.210728125,0.9824478978436332,0.27586206896551724,77.66666666666666
937,23882,0.648725,0.20093125,0.9859414528370076,0.27586206896551724,77.66666666666666
938,5562,0.8625,0.309375,0.7059462715335502,0.48275862068965514,77.61341222879683
939,4481,0.6125,0.20159374999999996,0.8773762197325623,0.48275862068965514,77.51479289940826
940,22531,0.6125,0.21195312500000002,0.9940127695458378,0.9655172413793103,77.49999999999999
941,5954,0.875,0.300271875,0.7551740754126008,0.6896551724137931,77.35849056603772
942,23882,0.648725,0.20093125,0.9859414528370076,0.6896551724137931,77.35849056603772
943,23803,0.588825,0.20093437500000003,0.9859414528370076,0.0,77.34177215189872
944,5955,0.875,0.30485937500000004,0.7440320443320082,1.0,77.33333333333331
945,5558,0.8625,0.300271875,0.7551740754126008,0.48275862068965514,77.31755424063115
946,5606,0.8625,0.278125,0.8796530538489338,0.6206896551724137,77.29999999999998
947,22600,0.684375,0.212678125,0.9815443922418986,0.3448275862068966,77.29999999999998
948,3395,0.3625,0.09375,0.62643055053608,0.48275862068965514,77.21893491124258
949,2382,0.1125,0.09375,0.655524635586074,0.0,77.21518987341771
950,4934,0.625,0.309375,0.7059462715335502,0.0,77.21518987341771
951,4550,0.6125,0.309375,0.7059462715335502,0.0,77.21518987341771
952,3922,0.375,0.309375,0.7059462715335502,0.0,77.21518987341771
953,3538,0.3625,0.309375,0.7059462715335502,0.0,77.21518987341771
954,6114,0.875,0.059375,0.6996542585230695,0.0,77.21518987341771
955,5137,0.625,0.197040625,0.9989157932779182,1.0,77.1111111111111
956,23190,0.6125,0.1806125,0.9997470184315143,0.6206896551724137,77.09999999999998
957,4868,0.625,0.24041562500000002,0.930333694735574,0.0,77.0886075949367
958,5562,0.8625,0.309375,0.7059462715335502,0.6896551724137931,77.07547169811319
959,6104,0.875,0.0625,0.7324515118660402,0.13793103448275862,76.99999999999999
960,3395,0.3625,0.09375,0.62643055053608,0.13793103448275862,76.99999999999999
961,5199,0.625,0.21875,0.9560534875316226,0.27586206896551724,76.99999999999999
962,18702,0.8625,0.277578125,0.9091555234309118,0.6896551724137931,76.98113207547169
963,22546,0.5888125,0.213503125,0.9932779183230935,0.27586206896551724,76.88888888888887
964,22594,0.8625,0.20878125,0.9832791229972292,0.0,76.83544303797467
965,22512,0.375,0.21190625000000002,0.9819057944825923,0.0,76.83544303797467
966,5083,0.625,0.09375,0.62643055053608,0.48275862068965514,76.82445759368835
967,4071,0.375,0.09375,0.62643055053608,0.6206896551724137,76.79999999999998
968,2382,0.1125,0.09375,0.655524635586074,1.0,76.67777777777776
969,23828,0.6125,0.19007812500000001,0.9998554391037224,0.27586206896551724,76.66666666666666
970,5078,0.625,0.09375,0.655524635586074,0.27586206896551724,76.66666666666666
971,4406,0.6125,0.09375,0.655524635586074,0.27586206896551724,76.66666666666666
972,4382,0.6125,0.059375,0.6996542585230695,0.27586206896551724,76.66666666666666
973,22582,0.672475,0.215021875,0.980363811588965,0.27586206896551724,76.66666666666666
974,4125,0.375,0.197040625,0.9989157932779182,0.27586206896551724,76.66666666666666
975,22531,0.6125,0.21195312500000002,0.9940127695458378,0.6206896551724137,76.59999999999998
976,22512,0.375,0.21190625000000002,0.9819057944825923,0.6206896551724137,76.59999999999998
977,22581,0.6962125,0.216578125,0.9795205396940128,0.0,76.58227848101265
978,5218,0.625,0.215625,0.958089386820865,0.6896551724137931,76.56603773584904
979,22572,0.7141625,0.22165625000000003,0.9764727141308276,1.0,76.55555555555554
980,4120,0.375,0.2336875,0.9796651005902903,0.27586206896551724,76.55555555555554
981,23829,0.6125,0.2024875,0.9975906517287073,0.6206896551724137,76.49999999999999
982,4071,0.375,0.09375,0.62643055053608,0.9655172413793103,76.49999999999999
983,22573,0.6844625,0.22359999999999997,0.975183712805686,0.27586206896551724,76.33333333333331
984,22571,0.7439250000000001,0.219709375,0.9777014817491867,1.0,76.33333333333331
985,5137,0.625,0.197040625,0.9989157932779182,0.0,76.32911392405063
986,5558,0.8625,0.300271875,0.7551740754126008,0.3448275862068966,76.29999999999998
987,23892,0.8032125000000001,0.201725,0.9857246114925913,0.27586206896551724,76.2222222222222
988,23224,0.625,0.1806125,0.9877002770750511,0.0,76.20253164556961
989,22590,0.8625,0.21195312500000002,0.9818817009998795,0.3448275862068966,76.19999999999999
990,2383,0.1125,0.09375,0.62643055053608,0.3448275862068966,75.99999999999999
991,23224,0.625,0.1806125,0.9877002770750511,0.9655172413793103,75.99999999999999
992,5946,0.875,0.309375,0.7059462715335502,0.13793103448275862,75.99999999999999
993,4071,0.375,0.09375,0.62643055053608,0.13793103448275862,75.99999999999999
994,22594,0.8625,0.20878125,0.9832791229972292,0.27586206896551724,75.99999999999999
995,5567,0.8625,0.3125,0.6508384531984098,0.9655172413793103,75.96999999999998
996,5102,0.625,0.059375,0.6996542585230695,0.0,75.94936708860759
997,4382,0.6125,0.059375,0.6996542585230695,0.0,75.94936708860759
998,5946,0.875,0.309375,0.7059462715335502,0.48275862068965514,75.93688362919131
999,23224,0.625,0.1806125,0.9877002770750511,0.6206896551724137,75.89999999999999
1000,3059,0.125,0.09375,0.62643055053608,0.6206896551724137,75.89999999999999
1001,3377,0.3625,0.0625,0.7324515118660402,0.6206896551724137,75.89999999999999
1002,22523,0.5828,0.210728125,0.9824478978436332,1.0,75.88888888888887
1003,21165,0.3625,0.233828125,0.9795446331767256,1.0,75.88888888888887
1004,5606,0.8625,0.278125,0.8796530538489338,0.3448275862068966,75.79999999999998
1005,22576,0.625,0.22436249999999996,0.9746536561860017,0.3448275862068966,75.79999999999998
1006,3108,0.125,0.2336875,0.9796651005902903,0.27586206896551724,75.77777777777776
1007,4389,0.6125,0.0625,0.7324515118660402,0.6206896551724137,75.69999999999999
1008,5559,0.8625,0.30485937500000004,0.7440320443320082,1.0,75.66666666666666
1009,5221,0.625,0.215625,0.9800385495723407,1.0,75.66666666666666
1010,23875,0.8388249999999999,0.20093437500000003,0.9859414528370076,1.0,75.66666666666666
1011,6090,0.875,0.09375,0.655524635586074,1.0,75.63333333333331
1012,3543,0.3625,0.3125,0.6508384531984098,0.8275862068965517,75.6086956521739
1013,3377,0.3625,0.0625,0.7324515118660402,0.9655172413793103,75.59999999999998
1014,22591,0.8388,0.213503125,0.9811348030357788,0.0,75.56962025316454
1015,2375,0.1125,0.090625,0.7671364895795687,0.27586206896551724,75.55555555555554
1016,5394,0.8625,0.059375,0.6996542585230695,0.27586206896551724,75.55555555555554
1017,5085,0.625,0.090625,0.7671364895795687,0.27586206896551724,75.55555555555554
1018,4546,0.6125,0.300271875,0.7551740754126008,0.27586206896551724,75.55555555555554
1019,6017,0.875,0.20159374999999996,0.8773762197325623,0.27586206896551724,75.55555555555554
1020,4090,0.375,0.059375,0.6996542585230695,0.27586206896551724,75.55555555555554
1021,3061,0.125,0.090625,0.7671364895795687,0.27586206896551724,75.55555555555554
1022,3113,0.125,0.197040625,0.9989157932779182,0.27586206896551724,75.55555555555554
1023,3937,0.375,0.28125,0.62643055053608,0.27586206896551724,75.55555555555554
1024,3394,0.3625,0.09375,0.655524635586074,0.27586206896551724,75.55555555555554
1025,3059,0.125,0.09375,0.62643055053608,0.9655172413793103,75.49999999999999
1026,5289,0.8625,0.2384375,0.9629442235875195,0.8275862068965517,75.4782608695652
1027,5302,0.8625,0.26331875,0.9325864353692326,1.0,75.45555555555553
1028,22571,0.7439250000000001,0.219709375,0.9777014817491867,0.27586206896551724,75.44444444444443
1029,22579,0.6961875,0.21969374999999997,0.9777014817491867,0.0,75.44303797468353
1030,4389,0.6125,0.0625,0.7324515118660402,0.9655172413793103,75.39999999999999
1031,21283,0.696175,0.24156875000000003,0.9598120708348392,0.0,75.31645569620252
1032,5558,0.8625,0.300271875,0.7551740754126008,0.6896551724137931,75.28301886792451
1033,23190,0.6125,0.1806125,0.9997470184315143,0.48275862068965514,75.24654832347139
1034,22576,0.625,0.22436249999999996,0.9746536561860017,0.48275862068965514,75.24654832347139
1035,22572,0.7141625,0.22165625000000003,0.9764727141308276,0.27586206896551724,75.2222222222222
1036,22574,0.6547,0.22554687499999998,0.9738103842910492,1.0,75.1111111111111
1037,21307,0.8625,0.233828125,0.9795446331767256,0.9655172413793103,75.09999999999998
1038,5419,0.8625,0.09375,0.62643055053608,0.6896551724137931,75.0943396226415
1039,22523,0.5828,0.210728125,0.9824478978436332,0.0,75.06329113924049
1040,4071,0.375,0.09375,0.62643055053608,0.48275862068965514,75.04930966469426
1041,5954,0.875,0.300271875,0.7551740754126008,0.13793103448275862,74.99999999999999
1042,22601,0.6547,0.210728125,0.9824478978436332,0.6206896551724137,74.99999999999999
1043,22602,0.625,0.20878125,0.9832791229972292,0.9655172413793103,74.99999999999999
1044,6095,0.875,0.09375,0.62643055053608,0.3448275862068966,74.99999999999999
1045,3059,0.125,0.09375,0.62643055053608,0.13793103448275862,74.99999999999999
1046,23819,0.582875,0.20366875,0.9851343211661244,1.0,74.99999999999999
1047,21226,0.6125,0.23065625,0.9698831466088423,0.8275862068965517,74.95652173913042
1048,22512,0.375,0.21190625000000002,0.9819057944825923,0.48275862068965514,74.95069033530571
1049,22546,0.5888125,0.213503125,0.9932779183230935,0.0,74.93670886075948
1050,22576,0.625,0.22436249999999996,0.9746536561860017,0.6896551724137931,74.90566037735847
1051,2531,0.1125,0.3125,0.6508384531984098,0.6206896551724137,74.89999999999999
1052,22578,0.6724625,0.22125,0.9767377424406698,0.6206896551724137,74.89999999999999
1053,22578,0.6724625,0.22125,0.9767377424406698,0.9655172413793103,74.89999999999999
1054,5278,0.8625,0.215625,0.958089386820865,0.27586206896551724,74.88888888888887
1055,22597,0.7734125,0.214625,0.9805686061920249,0.0,74.81012658227847
1056,22601,0.6547,0.210728125,0.9824478978436332,0.9655172413793103,74.79999999999998
1057,5557,0.8625,0.295615625,0.7658836284784966,1.0,74.77777777777776
1058,22598,0.74375,0.216571875,0.9795205396940128,1.0,74.77777777777776
1059,2358,0.1125,0.059375,0.6996542585230695,0.0,74.68354430379746
1060,5418,0.8625,0.09375,0.655524635586074,0.0,74.68354430379746
1061,5363,0.8625,0.15274062500000002,0.9902300927599084,0.0,74.68354430379746
1062,2526,0.1125,0.309375,0.7059462715335502,0.0,74.68354430379746
1063,5078,0.625,0.09375,0.655524635586074,0.0,74.68354430379746
1064,2910,0.125,0.309375,0.7059462715335502,0.0,74.68354430379746
1065,6097,0.875,0.090625,0.7671364895795687,0.0,74.68354430379746
1066,21222,0.6125,0.233828125,0.9671967232863511,0.0,74.68354430379746
1067,22600,0.684375,0.212678125,0.9815443922418986,0.6896551724137931,74.62264150943395
1068,5946,0.875,0.309375,0.7059462715335502,0.6206896551724137,74.59999999999998
1069,4934,0.625,0.309375,0.7059462715335502,0.9655172413793103,74.59999999999998
1070,4550,0.6125,0.309375,0.7059462715335502,0.9655172413793103,74.59999999999998
1071,4120,0.375,0.2336875,0.9796651005902903,0.0,74.55696202531645
1072,21226,0.6125,0.23065625,0.9698831466088423,0.0,74.55696202531645
1073,4407,0.6125,0.09375,0.62643055053608,0.6896551724137931,74.52830188679243
1074,5092,0.625,0.0625,0.7324515118660402,0.6206896551724137,74.49999999999999
1075,23224,0.625,0.1806125,0.9877002770750511,0.48275862068965514,74.4575936883629
1076,5418,0.8625,0.09375,0.655524635586074,1.0,74.44444444444443
1077,4942,0.625,0.300271875,0.7551740754126008,0.27586206896551724,74.44444444444443
1078,5953,0.875,0.295615625,0.7658836284784966,0.27586206896551724,74.44444444444443
1079,4399,0.6125,0.090625,0.7671364895795687,0.27586206896551724,74.44444444444443
1080,22598,0.74375,0.216571875,0.9795205396940128,0.27586206896551724,74.44444444444443
1081,3054,0.125,0.09375,0.655524635586074,0.27586206896551724,74.44444444444443
1082,4073,0.375,0.090625,0.7671364895795687,0.27586206896551724,74.44444444444443
1083,4066,0.375,0.09375,0.655524635586074,0.27586206896551724,74.44444444444443
1084,3529,0.3625,0.28125,0.62643055053608,0.27586206896551724,74.44444444444443
1085,3370,0.3625,0.059375,0.6996542585230695,0.27586206896551724,74.44444444444443
1086,5401,0.8625,0.0625,0.7324515118660402,0.6206896551724137,74.39999999999999
1087,3538,0.3625,0.309375,0.7059462715335502,0.9655172413793103,74.39999999999999
1088,4481,0.6125,0.20159374999999996,0.8773762197325623,0.3448275862068966,74.35999999999999
1089,23829,0.6125,0.2024875,0.9975906517287073,0.6896551724137931,74.33962264150942
1090,5567,0.8625,0.3125,0.6508384531984098,0.6896551724137931,74.31132075471697
1091,5419,0.8625,0.09375,0.62643055053608,0.3448275862068966,74.29999999999998
1092,4284,0.6125,0.21875,0.978279725334297,0.9655172413793103,74.29999999999998
1093,4080,0.375,0.0625,0.7324515118660402,0.6206896551724137,74.29999999999998
1094,5946,0.875,0.309375,0.7059462715335502,0.9655172413793103,74.28999999999999
1095,23881,0.625,0.2024875,0.9855077701481749,0.8275862068965517,74.26086956521738
1096,3059,0.125,0.09375,0.62643055053608,0.48275862068965514,74.26035502958578
1097,5092,0.625,0.0625,0.7324515118660402,0.9655172413793103,74.19999999999999
1098,22531,0.6125,0.21195312500000002,0.9940127695458378,0.48275862068965514,74.16173570019723
1099,3377,0.3625,0.0625,0.7324515118660402,0.48275862068965514,74.16173570019723
1100,22590,0.8625,0.21195312500000002,0.9818817009998795,0.6896551724137931,74.1509433962264
1101,21307,0.8625,0.233828125,0.9795446331767256,0.6206896551724137,74.09999999999998
1102,22534,0.6125,0.22436249999999996,0.9868931454041681,0.8275862068965517,74.08695652173913
1103,4389,0.6125,0.0625,0.7324515118660402,0.48275862068965514,74.06311637080867
1104,22601,0.6547,0.210728125,0.9824478978436332,0.48275862068965514,74.06311637080867
1105,5136,0.625,0.20443125,0.9969883146608842,0.0,74.0506329113924
1106,4934,0.625,0.309375,0.7059462715335502,0.13793103448275862,73.99999999999999
1107,4550,0.6125,0.309375,0.7059462715335502,0.13793103448275862,73.99999999999999
1108,5558,0.8625,0.300271875,0.7551740754126008,0.13793103448275862,73.99999999999999
1109,3538,0.3625,0.309375,0.7059462715335502,0.13793103448275862,73.99999999999999
1110,4482,0.6125,0.208621875,0.8749909649439825,0.27586206896551724,73.99999999999999
1111,22578,0.6724625,0.22125,0.9767377424406698,0.48275862068965514,73.9644970414201
1112,23876,0.8625,0.2024875,0.9855077701481749,0.9655172413793103,73.89999999999999
1113,4080,0.375,0.0625,0.7324515118660402,0.9655172413793103,73.89999999999999
1114,5606,0.8625,0.278125,0.8796530538489338,0.9655172413793103,73.89999999999999
1115,21235,0.6125,0.233828125,0.9795446331767256,0.27586206896551724,73.88888888888887
1116,22602,0.625,0.20878125,0.9832791229972292,0.6206896551724137,73.79999999999998
1117,22578,0.6724625,0.22125,0.9767377424406698,0.3448275862068966,73.79999999999998
1118,4407,0.6125,0.09375,0.62643055053608,0.3448275862068966,73.69999999999999
1119,6104,0.875,0.0625,0.7324515118660402,0.6206896551724137,73.69999999999999
1120,4481,0.6125,0.20159374999999996,0.8773762197325623,0.6896551724137931,73.69811320754715
1121,5227,0.625,0.1875,0.9575954704252498,1.0,73.6222222222222
1122,22512,0.375,0.21190625000000002,0.9819057944825923,0.3448275862068966,73.59999999999998
1123,23876,0.8625,0.2024875,0.9855077701481749,0.6206896551724137,73.59999999999998
1124,23901,0.8625,0.2024875,0.9975906517287073,0.8275862068965517,73.56521739130433
1125,22512,0.375,0.21190625000000002,0.9819057944825923,0.6896551724137931,73.49056603773583
1126,6109,0.875,0.0625,0.65293579086857,0.6896551724137931,73.45283018867923
1127,23828,0.6125,0.19007812500000001,0.9998554391037224,0.0,73.41772151898734
1128,5411,0.8625,0.090625,0.7671364895795687,0.0,73.41772151898734
1129,5961,0.875,0.28125,0.62643055053608,0.0,73.41772151898734
1130,4480,0.6125,0.194553125,0.8788820624021202,0.0,73.41772151898734
1131,4406,0.6125,0.09375,0.655524635586074,0.0,73.41772151898734
1132,5553,0.8625,0.28125,0.62643055053608,0.0,73.41772151898734
1133,4090,0.375,0.059375,0.6996542585230695,0.0,73.41772151898734
1134,3061,0.125,0.090625,0.7671364895795687,0.0,73.41772151898734
1135,2531,0.1125,0.3125,0.6508384531984098,0.3448275862068966,73.39999999999999
1136,22603,0.8625,0.21195312500000002,0.9940127695458378,0.9655172413793103,73.39999999999999
1137,22603,0.8625,0.21195312500000002,0.9940127695458378,0.6206896551724137,73.39999999999999
1138,23190,0.6125,0.1806125,0.9997470184315143,0.6896551724137931,73.39622641509433
1139,2517,0.1125,0.28125,0.62643055053608,0.27586206896551724,73.33333333333331
1140,5748,0.8625,0.171346875,0.9860498735092157,0.27586206896551724,73.33333333333331
1141,23190,0.6125,0.1806125,0.9997470184315143,0.27586206896551724,73.33333333333331
1142,4949,0.625,0.28125,0.62643055053608,0.27586206896551724,73.33333333333331
1143,2918,0.125,0.300271875,0.7551740754126008,0.27586206896551724,73.33333333333331
1144,2925,0.125,0.28125,0.62643055053608,0.27586206896551724,73.33333333333331
1145,3078,0.125,0.059375,0.6996542585230695,0.27586206896551724,73.33333333333331
1146,3534,0.3625,0.300271875,0.7551740754126008,0.27586206896551724,73.33333333333331
1147,3922,0.375,0.309375,0.7059462715335502,0.9655172413793103,73.29999999999998
1148,3108,0.125,0.2336875,0.9796651005902903,0.0,73.29113924050633
1149,21295,0.8388,0.235378125,0.9658113480303577,0.0,73.29113924050633
1150,4284,0.6125,0.21875,0.978279725334297,0.6206896551724137,73.19999999999999
1151,3395,0.3625,0.09375,0.62643055053608,0.6896551724137931,73.19811320754715
1152,23829,0.6125,0.2024875,0.9975906517287073,0.48275862068965514,73.17554240631162
1153,22599,0.7140875,0.214625,0.9805686061920249,0.0,73.1645569620253
1154,5356,0.8625,0.20443125,0.9969883146608842,1.0,73.1111111111111
1155,4541,0.6125,0.28125,0.62643055053608,1.0,73.1111111111111
1156,5401,0.8625,0.0625,0.7324515118660402,0.48275862068965514,73.07692307692307
1157,5083,0.625,0.09375,0.62643055053608,0.6896551724137931,73.07547169811319
1158,22531,0.6125,0.21195312500000002,0.9940127695458378,0.6896551724137931,73.0188679245283
1159,3377,0.3625,0.0625,0.7324515118660402,0.13793103448275862,72.99999999999999
1160,22601,0.6547,0.210728125,0.9824478978436332,0.3448275862068966,72.99999999999999
1161,22589,0.8625,0.22436249999999996,0.9746536561860017,0.13793103448275862,72.99999999999999
1162,5562,0.8625,0.309375,0.7059462715335502,0.6206896551724137,72.99999999999999
1163,3922,0.375,0.309375,0.7059462715335502,0.13793103448275862,72.99999999999999
1164,21317,0.654725,0.23260625,0.9805926996747379,0.27586206896551724,72.99999999999999
1165,4406,0.6125,0.09375,0.655524635586074,1.0,72.94444444444443
1166,4480,0.6125,0.194553125,0.8788820624021202,0.6206896551724137,72.89999999999999
1167,2365,0.1125,0.0625,0.7324515118660402,0.6206896551724137,72.89999999999999
1168,5194,0.625,0.256696875,0.9419226599204914,1.0,72.88888888888887
1169,6097,0.875,0.090625,0.7671364895795687,1.0,72.87777777777777
1170,5961,0.875,0.28125,0.62643055053608,0.9655172413793103,72.79999999999998
1171,5092,0.625,0.0625,0.7324515118660402,0.48275862068965514,72.78106508875739
1172,4080,0.375,0.0625,0.7324515118660402,0.48275862068965514,72.78106508875739
1173,5946,0.875,0.309375,0.7059462715335502,0.3448275862068966,72.69999999999999
1174,22582,0.672475,0.215021875,0.980363811588965,0.9655172413793103,72.69999999999999
1175,21301,0.7734,0.23650312499999998,0.9647753282737019,0.6206896551724137,72.69999999999999
1176,3395,0.3625,0.09375,0.62643055053608,0.3448275862068966,72.69999999999999
1177,22583,0.6487499999999999,0.21346249999999997,0.9811588965184916,0.8275862068965517,72.69565217391303
1178,23190,0.6125,0.1806125,0.9997470184315143,0.3448275862068966,72.59999999999998
1179,22582,0.672475,0.215021875,0.980363811588965,0.6206896551724137,72.59999999999998
1180,21301,0.7734,0.23650312499999998,0.9647753282737019,0.9655172413793103,72.59999999999998
1181,5553,0.8625,0.28125,0.62643055053608,0.6206896551724137,72.49999999999999
1182,22603,0.8625,0.21195312500000002,0.9940127695458378,0.48275862068965514,72.48520710059171
1183,5401,0.8625,0.0625,0.7324515118660402,0.9655172413793103,72.39999999999999
1184,3068,0.125,0.0625,0.7324515118660402,0.6206896551724137,72.39999999999999
1185,21216,0.375,0.23378125,0.9672328635104203,0.48275862068965514,72.38658777120314
1186,3937,0.375,0.28125,0.62643055053608,1.0,72.33333333333331
1187,5083,0.625,0.09375,0.62643055053608,0.3448275862068966,72.29999999999998
1188,3387,0.3625,0.090625,0.7671364895795687,0.27586206896551724,72.22222222222221
1189,5763,0.875,0.17785625,0.9873750150584266,0.27586206896551724,72.22222222222221
1190,2522,0.1125,0.300271875,0.7551740754126008,0.27586206896551724,72.22222222222221
1191,5143,0.625,0.15274062500000002,0.9902300927599084,0.27586206896551724,72.22222222222221
1192,5132,0.625,0.2336875,0.9796651005902903,1.0,72.22222222222221
1193,5413,0.8625,0.090625,0.62643055053608,0.27586206896551724,72.22222222222221
1194,5955,0.875,0.30485937500000004,0.7440320443320082,0.27586206896551724,72.22222222222221
1195,22574,0.6547,0.22554687499999998,0.9738103842910492,0.27586206896551724,72.22222222222221
1196,5557,0.8625,0.295615625,0.7658836284784966,0.27586206896551724,72.22222222222221
1197,3930,0.375,0.300271875,0.7551740754126008,0.27586206896551724,72.22222222222221
1198,21301,0.7734,0.23650312499999998,0.9647753282737019,0.3448275862068966,72.19999999999999
1199,23876,0.8625,0.2024875,0.9855077701481749,0.48275862068965514,72.18934911242603
1200,6104,0.875,0.0625,0.7324515118660402,0.48275862068965514,72.18934911242603
1201,21307,0.8625,0.233828125,0.9795446331767256,0.48275862068965514,72.18934911242603
1202,5394,0.8625,0.059375,0.6996542585230695,0.0,72.15189873417721
1203,5227,0.625,0.1875,0.9575954704252498,0.0,72.15189873417721
1204,5085,0.625,0.090625,0.7671364895795687,0.0,72.15189873417721
1205,2375,0.1125,0.090625,0.7671364895795687,0.0,72.15189873417721
1206,4125,0.375,0.197040625,0.9989157932779182,0.0,72.15189873417721
1207,3054,0.125,0.09375,0.655524635586074,0.0,72.15189873417721
1208,3078,0.125,0.059375,0.6996542585230695,0.0,72.15189873417721
1209,4066,0.375,0.09375,0.655524635586074,0.0,72.15189873417721
1210,3113,0.125,0.197040625,0.9989157932779182,0.0,72.15189873417721
1211,5606,0.8625,0.278125,0.8796530538489338,0.0,72.15189873417721
1212,3370,0.3625,0.059375,0.6996542585230695,0.0,72.15189873417721
1213,3394,0.3625,0.09375,0.655524635586074,1.0,72.09999999999998
1214,5289,0.8625,0.2384375,0.9629442235875195,0.48275862068965514,72.09072978303746
1215,5401,0.8625,0.0625,0.7324515118660402,1.0,72.06666666666665
1216,5356,0.8625,0.20443125,0.9969883146608842,0.13793103448275862,71.99999999999999
1217,4871,0.625,0.246875,0.9468497771352848,0.13793103448275862,71.99999999999999
1218,4389,0.6125,0.0625,0.7324515118660402,0.13793103448275862,71.99999999999999
1219,4080,0.375,0.0625,0.7324515118660402,0.13793103448275862,71.99999999999999
1220,21216,0.375,0.23378125,0.9672328635104203,0.6206896551724137,71.99999999999999
1221,21307,0.8625,0.233828125,0.9795446331767256,0.3448275862068966,71.99999999999999
1222,5195,0.625,0.26331875,0.9325864353692326,0.27586206896551724,71.99999999999999
1223,4125,0.375,0.197040625,0.9989157932779182,1.0,71.99999999999999
1224,4550,0.6125,0.309375,0.7059462715335502,0.48275862068965514,71.9921104536489
1225,5961,0.875,0.28125,0.62643055053608,0.48275862068965514,71.9921104536489
1226,3538,0.3625,0.309375,0.7059462715335502,0.48275862068965514,71.9921104536489
1227,23829,0.6125,0.2024875,0.9975906517287073,0.3448275862068966,71.89999999999999
1228,22603,0.8625,0.21195312500000002,0.9940127695458378,0.3448275862068966,71.89999999999999
1229,22602,0.625,0.20878125,0.9832791229972292,0.3448275862068966,71.79999999999998
1230,6104,0.875,0.0625,0.7324515118660402,0.9655172413793103,71.79999999999998
1231,4480,0.6125,0.194553125,0.8788820624021202,0.48275862068965514,71.79487179487178
1232,5553,0.8625,0.28125,0.62643055053608,0.48275862068965514,71.79487179487178
1233,22531,0.6125,0.21195312500000002,0.9940127695458378,0.3448275862068966,71.69999999999999
1234,23876,0.8625,0.2024875,0.9855077701481749,0.3448275862068966,71.69999999999999
1235,22582,0.672475,0.215021875,0.980363811588965,0.48275862068965514,71.69625246548323
1236,21301,0.7734,0.23650312499999998,0.9647753282737019,0.48275862068965514,71.69625246548323
1237,23828,0.6125,0.19007812500000001,0.9998554391037224,1.0,71.66666666666666
1238,23830,0.6125,0.20561249999999998,0.9965787254547644,1.0,71.55555555555554
1239,22519,0.5888,0.213503125,0.9811348030357788,1.0,71.55555555555554
1240,21287,0.6487625,0.235340625,0.9658474882544271,0.0,71.51898734177215
1241,23224,0.625,0.1806125,0.9877002770750511,0.6896551724137931,71.50943396226414
1242,4550,0.6125,0.309375,0.7059462715335502,0.6206896551724137,71.49999999999999
1243,2365,0.1125,0.0625,0.7324515118660402,0.48275862068965514,71.4990138067061
1244,5956,0.875,0.28125,0.6545717383447777,1.0,71.44444444444443
1245,4071,0.375,0.09375,0.62643055053608,0.6896551724137931,71.41509433962263
1246,22602,0.625,0.20878125,0.9832791229972292,0.48275862068965514,71.40039447731755
1247,4879,0.625,0.246875,0.9248042404529574,0.13793103448275862,71.39999999999999
1248,22582,0.672475,0.215021875,0.980363811588965,0.3448275862068966,71.39999999999999
1249,23882,0.648725,0.20093125,0.9859414528370076,0.8275862068965517,71.30434782608694
1250,5562,0.8625,0.309375,0.7059462715335502,0.3448275862068966,71.29999999999998
1251,5946,0.875,0.309375,0.7059462715335502,0.6896551724137931,71.22641509433961
1252,4934,0.625,0.309375,0.7059462715335502,0.6896551724137931,71.22641509433961
1253,4550,0.6125,0.309375,0.7059462715335502,0.6896551724137931,71.22641509433961
1254,5552,0.8625,0.28125,0.6545717383447777,1.0,71.22222222222221
1255,3538,0.3625,0.309375,0.7059462715335502,0.6896551724137931,71.1320754716981
1256,6149,0.875,0.197040625,0.9989157932779182,0.27586206896551724,71.1111111111111
1257,5945,0.875,0.309375,0.62643055053608,0.27586206896551724,71.1111111111111
1258,5084,0.625,0.090625,0.62643055053608,0.27586206896551724,71.1111111111111
1259,3060,0.125,0.090625,0.62643055053608,0.27586206896551724,71.1111111111111
1260,5559,0.8625,0.30485937500000004,0.7440320443320082,0.27586206896551724,71.1111111111111
1261,3068,0.125,0.0625,0.7324515118660402,0.48275862068965514,71.10453648915185
1262,2910,0.125,0.309375,0.7059462715335502,0.9655172413793103,71.09999999999998
1263,5078,0.625,0.09375,0.655524635586074,1.0,71.09999999999998
1264,5411,0.8625,0.090625,0.7671364895795687,1.0,71.07777777777777
1265,4934,0.625,0.309375,0.7059462715335502,0.48275862068965514,71.0059171597633
1266,6114,0.875,0.059375,0.6996542585230695,0.13793103448275862,70.99999999999999
1267,2526,0.1125,0.309375,0.7059462715335502,0.13793103448275862,70.99999999999999
1268,5199,0.625,0.21875,0.9560534875316226,0.13793103448275862,70.99999999999999
1269,5092,0.625,0.0625,0.7324515118660402,0.13793103448275862,70.99999999999999
1270,2910,0.125,0.309375,0.7059462715335502,0.13793103448275862,70.99999999999999
1271,4481,0.6125,0.20159374999999996,0.8773762197325623,0.13793103448275862,70.99999999999999
1272,22573,0.6844625,0.22359999999999997,0.975183712805686,0.6206896551724137,70.99999999999999
1273,3068,0.125,0.0625,0.7324515118660402,0.13793103448275862,70.99999999999999
1274,18702,0.8625,0.277578125,0.9091555234309118,0.8275862068965517,70.95652173913042
1275,21307,0.8625,0.233828125,0.9795446331767256,0.6896551724137931,70.94339622641509
1276,5909,0.875,0.29007499999999997,0.7915190940850501,1.0,70.88888888888887
1277,5413,0.8625,0.090625,0.62643055053608,0.0,70.88607594936708
1278,5953,0.875,0.295615625,0.7658836284784966,0.0,70.88607594936708
1279,4541,0.6125,0.28125,0.62643055053608,0.0,70.88607594936708
1280,4399,0.6125,0.090625,0.7671364895795687,0.0,70.88607594936708
1281,6017,0.875,0.20159374999999996,0.8773762197325623,0.0,70.88607594936708
1282,4073,0.375,0.090625,0.7671364895795687,0.0,70.88607594936708
1283,3394,0.3625,0.09375,0.655524635586074,0.0,70.88607594936708
1284,22602,0.625,0.20878125,0.9832791229972292,0.6896551724137931,70.84905660377358
1285,22573,0.6844625,0.22359999999999997,0.975183712805686,0.9655172413793103,70.79999999999998
1286,5564,0.8625,0.309375,0.62643055053608,1.0,70.77777777777776
1287,21313,0.625,0.24936250000000001,0.9637754487411154,1.0,70.77777777777776
1288,3377,0.3625,0.0625,0.7324515118660402,0.6896551724137931,70.75471698113206
1289,5200,0.625,0.21875,0.978279725334297,0.9655172413793103,70.69999999999999
1290,5200,0.625,0.21875,0.978279725334297,0.6206896551724137,70.69999999999999
1291,23224,0.625,0.1806125,0.9877002770750511,0.3448275862068966,70.69999999999999
1292,2365,0.1125,0.0625,0.7324515118660402,0.9655172413793103,70.69999999999999
1293,5133,0.625,0.22643437500000002,0.9854234429586796,1.0,70.66666666666666
1294,4072,0.375,0.090625,0.62643055053608,0.27586206896551724,70.66666666666666
1295,4929,0.625,0.3125,0.6508384531984098,0.8275862068965517,70.66086956521738
1296,22578,0.6724625,0.22125,0.9767377424406698,0.6896551724137931,70.66037735849055
1297,3059,0.125,0.09375,0.62643055053608,0.6896551724137931,70.66037735849055
1298,2383,0.1125,0.09375,0.62643055053608,0.8275862068965517,70.63478260869564
1299,2526,0.1125,0.309375,0.7059462715335502,0.9655172413793103,70.59999999999998
1300,4389,0.6125,0.0625,0.7324515118660402,0.6896551724137931,70.56603773584905
1301,5218,0.625,0.215625,0.958089386820865,0.8275862068965517,70.56521739130433
1302,3068,0.125,0.0625,0.7324515118660402,0.9655172413793103,70.49999999999999
1303,4071,0.375,0.09375,0.62643055053608,0.3448275862068966,70.49999999999999
1304,22601,0.6547,0.210728125,0.9824478978436332,0.6896551724137931,70.47169811320754
1305,22533,0.6125,0.22748749999999998,0.984652451511866,1.0,70.44444444444443
1306,3113,0.125,0.197040625,0.9989157932779182,1.0,70.44444444444443
1307,23804,0.6125,0.2024875,0.9855077701481749,1.0,70.44444444444443
1308,5954,0.875,0.300271875,0.7551740754126008,0.8275862068965517,70.43478260869564
1309,21226,0.6125,0.23065625,0.9698831466088423,0.27586206896551724,70.33333333333331
1310,23889,0.625,0.19003125,0.9878086977472593,1.0,70.33333333333331
1311,3529,0.3625,0.28125,0.62643055053608,1.0,70.33333333333331
1312,4284,0.6125,0.21875,0.978279725334297,0.6896551724137931,70.28301886792451
1313,4066,0.375,0.09375,0.655524635586074,1.0,70.26666666666665
1314,22588,0.8388375,0.2228125,0.9757137694253704,0.0,70.25316455696202
1315,4401,0.6125,0.090625,0.62643055053608,0.27586206896551724,70.22222222222221
1316,4934,0.625,0.309375,0.7059462715335502,0.6206896551724137,70.19999999999999
1317,4284,0.6125,0.21875,0.978279725334297,0.3448275862068966,70.19999999999999
1318,21317,0.654725,0.23260625,0.9805926996747379,0.0,70.12658227848101
1319,22573,0.6844625,0.22359999999999997,0.975183712805686,0.48275862068965514,70.11834319526626
1320,4284,0.6125,0.21875,0.978279725334297,0.48275862068965514,70.11834319526626
1321,5357,0.8625,0.197040625,0.9989157932779182,0.9655172413793103,70.1
1322,3538,0.3625,0.309375,0.7059462715335502,0.6206896551724137,70.1
1323,21301,0.7734,0.23650312499999998,0.9647753282737019,0.13793103448275862,70.1
1324,3377,0.3625,0.0625,0.7324515118660402,0.3448275862068966,70.1
1325,3922,0.375,0.309375,0.7059462715335502,0.6896551724137931,70.0943396226415
1326,3922,0.375,0.309375,0.7059462715335502,0.48275862068965514,70.0197238658777
1327,5953,0.875,0.295615625,0.7658836284784966,0.6206896551724137,69.99999999999999
1328,4389,0.6125,0.0625,0.7324515118660402,0.3448275862068966,69.99999999999999
1329,2365,0.1125,0.0625,0.7324515118660402,0.13793103448275862,69.99999999999999
1330,5553,0.8625,0.28125,0.62643055053608,0.3448275862068966,69.99999999999999
1331,21216,0.375,0.23378125,0.9672328635104203,0.9655172413793103,69.99999999999999
1332,23803,0.588825,0.20093437500000003,0.9859414528370076,0.6206896551724137,69.99999999999999
1333,2517,0.1125,0.28125,0.62643055053608,1.0,69.99999999999999
1334,5956,0.875,0.28125,0.6545717383447777,0.27586206896551724,69.99999999999999
1335,2925,0.125,0.28125,0.62643055053608,1.0,69.99999999999999
1336,5564,0.8625,0.309375,0.62643055053608,0.27586206896551724,69.99999999999999
1337,21283,0.696175,0.24156875000000003,0.9598120708348392,1.0,69.99999999999999
1338,3469,0.3625,0.20159374999999996,0.8773762197325623,0.27586206896551724,69.99999999999999
1339,3389,0.3625,0.090625,0.62643055053608,0.27586206896551724,69.99999999999999
1340,5953,0.875,0.295615625,0.7658836284784966,0.9655172413793103,69.89999999999999
1341,3054,0.125,0.09375,0.655524635586074,1.0,69.88888888888887
1342,2316,0.1125,0.2336875,0.9796651005902903,0.27586206896551724,69.88888888888887
1343,2375,0.1125,0.090625,0.7671364895795687,1.0,69.86666666666665
1344,3922,0.375,0.309375,0.7059462715335502,0.6206896551724137,69.79999999999998
1345,23803,0.588825,0.20093437500000003,0.9859414528370076,0.9655172413793103,69.79999999999998
1346,23819,0.582875,0.20366875,0.9851343211661244,0.27586206896551724,69.77777777777776
1347,4482,0.6125,0.208621875,0.8749909649439825,0.0,69.74683544303797
1348,5200,0.625,0.21875,0.978279725334297,0.48275862068965514,69.72386587771202
1349,5606,0.8625,0.278125,0.8796530538489338,0.6896551724137931,69.71698113207546
1350,22573,0.6844625,0.22359999999999997,0.975183712805686,0.3448275862068966,69.69999999999999
1351,3059,0.125,0.09375,0.62643055053608,0.3448275862068966,69.69999999999999
1352,23876,0.8625,0.2024875,0.9855077701481749,0.6896551724137931,69.62264150943395
1353,5763,0.875,0.17785625,0.9873750150584266,0.0,69.62025316455696
1354,22570,0.7736,0.22165625000000003,0.9764727141308276,0.0,69.62025316455696
1355,3387,0.3625,0.090625,0.7671364895795687,0.0,69.62025316455696
1356,5419,0.8625,0.09375,0.62643055053608,0.8275862068965517,69.56521739130433
1357,22581,0.6962125,0.216578125,0.9795205396940128,0.27586206896551724,69.55555555555554
1358,21295,0.8388,0.235378125,0.9658113480303577,1.0,69.55555555555554
1359,6095,0.875,0.09375,0.62643055053608,0.8275862068965517,69.46086956521738
1360,5351,0.8625,0.2408875,0.9729671123960967,1.0,69.44444444444443
1361,3328,0.3625,0.2336875,0.9796651005902903,0.27586206896551724,69.44444444444443
1362,5092,0.625,0.0625,0.7324515118660402,0.6896551724137931,69.43396226415094
1363,4550,0.6125,0.309375,0.7059462715335502,0.3448275862068966,69.39999999999999
1364,5961,0.875,0.28125,0.62643055053608,0.6896551724137931,69.33962264150942
1365,22603,0.8625,0.21195312500000002,0.9940127695458378,0.6896551724137931,69.33962264150942
1366,5137,0.625,0.197040625,0.9989157932779182,0.9655172413793103,69.29999999999998
1367,2382,0.1125,0.09375,0.655524635586074,0.6206896551724137,69.29999999999998
1368,5953,0.875,0.295615625,0.7658836284784966,0.48275862068965514,69.23076923076921
1369,23803,0.588825,0.20093437500000003,0.9859414528370076,0.48275862068965514,69.23076923076921
1370,22581,0.6962125,0.216578125,0.9795205396940128,1.0,69.22222222222221
1371,3068,0.125,0.0625,0.7324515118660402,1.0,69.22222222222221
1372,21227,0.582775,0.23260625,0.9682568365257197,1.0,69.22222222222221
1373,5955,0.875,0.30485937500000004,0.7440320443320082,0.9655172413793103,69.19999999999999
1374,4949,0.625,0.28125,0.62643055053608,1.0,69.1111111111111
1375,22591,0.8388,0.213503125,0.9811348030357788,0.27586206896551724,69.1111111111111
1376,22579,0.6961875,0.21969374999999997,0.9777014817491867,0.27586206896551724,69.1111111111111
1377,4480,0.6125,0.194553125,0.8788820624021202,0.3448275862068966,69.1
1378,23892,0.8032125000000001,0.201725,0.9857246114925913,0.13793103448275862,69.1
1379,4080,0.375,0.0625,0.7324515118660402,0.6896551724137931,69.0566037735849
1380,4407,0.6125,0.09375,0.62643055053608,0.8275862068965517,69.04347826086955
1381,2526,0.1125,0.309375,0.7059462715335502,0.48275862068965514,69.0335305719921
1382,6104,0.875,0.0625,0.7324515118660402,1.0,69.03333333333332
1383,4555,0.6125,0.3125,0.6508384531984098,0.8275862068965517,69.0086956521739
1384,5394,0.8625,0.059375,0.6996542585230695,0.13793103448275862,68.99999999999999
1385,4868,0.625,0.24041562500000002,0.930333694735574,0.13793103448275862,68.99999999999999
1386,4351,0.6125,0.15274062500000002,0.9902300927599084,0.13793103448275862,68.99999999999999
1387,21216,0.375,0.23378125,0.9672328635104203,0.3448275862068966,68.99999999999999
1388,23892,0.8032125000000001,0.201725,0.9857246114925913,1.0,68.99999999999999
1389,21287,0.6487625,0.235340625,0.9658474882544271,0.27586206896551724,68.99999999999999
1390,4401,0.6125,0.090625,0.62643055053608,0.0,68.9873417721519
1391,22576,0.625,0.22436249999999996,0.9746536561860017,0.8275862068965517,68.95652173913042
1392,5558,0.8625,0.300271875,0.7551740754126008,0.8275862068965517,68.95652173913042
1393,22572,0.7141625,0.22165625000000003,0.9764727141308276,0.9655172413793103,68.89999999999999
1394,22572,0.7141625,0.22165625000000003,0.9764727141308276,0.6206896551724137,68.89999999999999
1395,5749,0.8625,0.17785625,0.9873750150584266,0.27586206896551724,68.88888888888887
1396,2918,0.125,0.300271875,0.7551740754126008,1.0,68.88888888888887
1397,6151,0.875,0.182234375,0.9998795325864354,0.27586206896551724,68.88888888888887
1398,22599,0.7140875,0.214625,0.9805686061920249,1.0,68.88888888888887
1399,5552,0.8625,0.28125,0.6545717383447777,0.27586206896551724,68.88888888888887
1400,6096,0.875,0.090625,0.62643055053608,0.27586206896551724,68.88888888888887
1401,3725,0.3625,0.17785625,0.9873750150584266,0.27586206896551724,68.88888888888887
1402,21222,0.6125,0.233828125,0.9671967232863511,0.27586206896551724,68.88888888888887
1403,21283,0.696175,0.24156875000000003,0.9598120708348392,0.27586206896551724,68.88888888888887
1404,5606,0.8625,0.278125,0.8796530538489338,0.27586206896551724,68.88888888888887
1405,5302,0.8625,0.26331875,0.9325864353692326,0.9655172413793103,68.86999999999999
1406,5278,0.8625,0.215625,0.958089386820865,0.0,68.86075949367088
1407,5136,0.625,0.20443125,0.9969883146608842,0.13793103448275862,68.79999999999998
1408,22600,0.684375,0.212678125,0.9815443922418986,0.8275862068965517,68.78260869565216
1409,22579,0.6961875,0.21969374999999997,0.9777014817491867,1.0,68.77777777777776
1410,4341,0.6125,0.22643437500000002,0.9854234429586796,1.0,68.77777777777776
1411,21227,0.582775,0.23260625,0.9682568365257197,0.27586206896551724,68.77777777777776
1412,5357,0.8625,0.197040625,0.9989157932779182,0.6206896551724137,68.69999999999999
1413,5401,0.8625,0.0625,0.7324515118660402,0.3448275862068966,68.69999999999999
1414,22571,0.7439250000000001,0.219709375,0.9777014817491867,0.9655172413793103,68.69999999999999
1415,5562,0.8625,0.309375,0.7059462715335502,0.8275862068965517,68.69565217391303
1416,3061,0.125,0.090625,0.7671364895795687,1.0,68.66666666666666
1417,23869,0.684375,0.1908,0.9877484640404769,0.0,68.60759493670885
1418,5092,0.625,0.0625,0.7324515118660402,0.3448275862068966,68.6
1419,6090,0.875,0.09375,0.655524635586074,0.6206896551724137,68.6
1420,22582,0.672475,0.215021875,0.980363811588965,0.6896551724137931,68.58490566037734
1421,5353,0.8625,0.22643437500000002,0.9854234429586796,0.27586206896551724,68.55555555555554
1422,4942,0.625,0.300271875,0.7551740754126008,1.0,68.55555555555554
1423,9550,0.875,0.521125,0.8749909649439825,0.9655172413793103,68.50049999999999
1424,22571,0.7439250000000001,0.219709375,0.9777014817491867,0.6206896551724137,68.49999999999999
1425,22523,0.5828,0.210728125,0.9824478978436332,0.6206896551724137,68.49999999999999
1426,4080,0.375,0.0625,0.7324515118660402,0.3448275862068966,68.49999999999999
1427,21301,0.7734,0.23650312499999998,0.9647753282737019,0.6896551724137931,68.49056603773583
1428,21236,0.6125,0.23065625,0.9821949162751474,0.27586206896551724,68.44444444444443
1429,5955,0.875,0.30485937500000004,0.7440320443320082,0.6206896551724137,68.39999999999999
1430,5143,0.625,0.15274062500000002,0.9902300927599084,0.0,68.35443037974683
1431,5748,0.8625,0.171346875,0.9860498735092157,0.0,68.35443037974683
1432,6151,0.875,0.182234375,0.9998795325864354,0.0,68.35443037974683
1433,22569,0.8032250000000001,0.22359999999999997,0.975183712805686,0.0,68.35443037974683
1434,5557,0.8625,0.295615625,0.7658836284784966,0.0,68.35443037974683
1435,3060,0.125,0.090625,0.62643055053608,0.0,68.35443037974683
1436,21227,0.582775,0.23260625,0.9682568365257197,0.0,68.35443037974683
1437,3389,0.3625,0.090625,0.62643055053608,0.0,68.35443037974683
1438,2910,0.125,0.309375,0.7059462715335502,0.48275862068965514,68.34319526627218
1439,22606,0.8625,0.22436249999999996,0.9868931454041681,1.0,68.33333333333331
1440,23869,0.684375,0.1908,0.9877484640404769,1.0,68.33333333333331
1441,4481,0.6125,0.20159374999999996,0.8773762197325623,0.8275862068965517,68.30434782608694
1442,5221,0.625,0.215625,0.9800385495723407,0.6206896551724137,68.29999999999998
1443,22523,0.5828,0.210728125,0.9824478978436332,0.9655172413793103,68.29999999999998
1444,23829,0.6125,0.2024875,0.9975906517287073,0.8275862068965517,68.26086956521738
1445,6149,0.875,0.197040625,0.9989157932779182,0.0,68.22784810126582
1446,2316,0.1125,0.2336875,0.9796651005902903,1.0,68.22222222222221
1447,4934,0.625,0.309375,0.7059462715335502,0.3448275862068966,68.19999999999999
1448,22574,0.6547,0.22554687499999998,0.9738103842910492,0.6206896551724137,68.19999999999999
1449,22572,0.7141625,0.22165625000000003,0.9764727141308276,0.3448275862068966,68.19999999999999
1450,21165,0.3625,0.233828125,0.9795446331767256,0.9655172413793103,68.19999999999999
1451,22590,0.8625,0.21195312500000002,0.9818817009998795,0.8275862068965517,68.17391304347825
1452,23875,0.8388249999999999,0.20093437500000003,0.9859414528370076,0.9655172413793103,68.1
1453,4120,0.375,0.2336875,0.9796651005902903,0.13793103448275862,68.1
1454,3538,0.3625,0.309375,0.7059462715335502,0.3448275862068966,68.1
1455,3395,0.3625,0.09375,0.62643055053608,0.8275862068965517,68.08695652173913
1456,2910,0.125,0.309375,0.7059462715335502,0.6896551724137931,68.0188679245283
1457,5221,0.625,0.215625,0.9800385495723407,0.9655172413793103,67.99999999999999
1458,5137,0.625,0.197040625,0.9989157932779182,0.6206896551724137,67.99999999999999
1459,5137,0.625,0.197040625,0.9989157932779182,0.13793103448275862,67.99999999999999
1460,5961,0.875,0.28125,0.62643055053608,0.13793103448275862,67.99999999999999
1461,6151,0.875,0.182234375,0.9998795325864354,0.13793103448275862,67.99999999999999
1462,6090,0.875,0.09375,0.655524635586074,0.13793103448275862,67.99999999999999
1463,22512,0.375,0.21190625000000002,0.9819057944825923,0.13793103448275862,67.99999999999999
1464,5553,0.8625,0.28125,0.62643055053608,0.13793103448275862,67.99999999999999
1465,5945,0.875,0.309375,0.62643055053608,1.0,67.99999999999999
1466,21300,0.8031124999999999,0.234553125,0.9665582459944585,0.0,67.97468354430379
1467,22572,0.7141625,0.22165625000000003,0.9764727141308276,0.48275862068965514,67.94871794871794
1468,5200,0.625,0.21875,0.978279725334297,0.3448275862068966,67.89999999999999
1469,22571,0.7439250000000001,0.219709375,0.9777014817491867,0.3448275862068966,67.89999999999999
1470,23875,0.8388249999999999,0.20093437500000003,0.9859414528370076,0.6206896551724137,67.89999999999999
1471,5559,0.8625,0.30485937500000004,0.7440320443320082,0.9655172413793103,67.89999999999999
1472,6104,0.875,0.0625,0.7324515118660402,0.3448275862068966,67.89999999999999
1473,4267,0.6125,0.215625,0.9800385495723407,0.0,67.84810126582278
1474,5401,0.8625,0.0625,0.7324515118660402,0.6896551724137931,67.83018867924527
1475,5083,0.625,0.09375,0.62643055053608,0.8275862068965517,67.82608695652173
1476,5961,0.875,0.28125,0.62643055053608,0.6206896551724137,67.80999999999999
1477,3922,0.375,0.309375,0.7059462715335502,0.3448275862068966,67.79999999999998
1478,23107,0.3625,0.1806125,0.9997470184315143,0.27586206896551724,67.77777777777776
1479,4545,0.6125,0.295615625,0.7658836284784966,0.27586206896551724,67.77777777777776
1480,6015,0.875,0.194553125,0.8788820624021202,0.27586206896551724,67.77777777777776
1481,5597,0.8625,0.29007499999999997,0.7915190940850501,1.0,67.77777777777776
1482,2382,0.1125,0.09375,0.655524635586074,0.48275862068965514,67.75147928994082
1483,4072,0.375,0.090625,0.62643055053608,0.0,67.72151898734177
1484,3328,0.3625,0.2336875,0.9796651005902903,0.0,67.72151898734177
1485,6144,0.875,0.2336875,0.9796651005902903,0.27586206896551724,67.66666666666666
1486,4546,0.6125,0.300271875,0.7551740754126008,1.0,67.66666666666666
1487,22574,0.6547,0.22554687499999998,0.9738103842910492,0.48275862068965514,67.65285996055226
1488,22523,0.5828,0.210728125,0.9824478978436332,0.48275862068965514,67.65285996055226
1489,22574,0.6547,0.22554687499999998,0.9738103842910492,0.9655172413793103,67.6
1490,22512,0.375,0.21190625000000002,0.9819057944825923,0.8275862068965517,67.56521739130434
1491,2522,0.1125,0.300271875,0.7551740754126008,1.0,67.55555555555554
1492,22571,0.7439250000000001,0.219709375,0.9777014817491867,0.48275862068965514,67.5542406311637
1493,2526,0.1125,0.309375,0.7059462715335502,0.6896551724137931,67.54716981132074
1494,2526,0.1125,0.309375,0.7059462715335502,0.6206896551724137,67.49999999999999
1495,5953,0.875,0.295615625,0.7658836284784966,0.3448275862068966,67.49999999999999
1496,23819,0.582875,0.20366875,0.9851343211661244,0.9655172413793103,67.49999999999999
1497,23190,0.6125,0.1806125,0.9997470184315143,0.8275862068965517,67.4782608695652
1498,6018,0.875,0.208621875,0.8749909649439825,0.27586206896551724,67.44444444444443
1499,4267,0.6125,0.215625,0.9800385495723407,0.27586206896551724,67.44444444444443
1500,23887,0.672475,0.19314375,0.9874954824719914,1.0,67.44444444444443
1501,21295,0.8388,0.235378125,0.9658113480303577,0.27586206896551724,67.44444444444443
1502,5418,0.8625,0.09375,0.655524635586074,0.6206896551724137,67.39999999999999
1503,5559,0.8625,0.30485937500000004,0.7440320443320082,0.6206896551724137,67.39999999999999
1504,22531,0.6125,0.21195312500000002,0.9940127695458378,0.8275862068965517,67.39130434782608
1505,5221,0.625,0.215625,0.9800385495723407,0.48275862068965514,67.35700197238657
1506,5762,0.875,0.171346875,0.9860498735092157,0.27586206896551724,67.33333333333331
1507,22597,0.7734125,0.214625,0.9805686061920249,0.27586206896551724,67.33333333333331
1508,22546,0.5888125,0.213503125,0.9932779183230935,1.0,67.33333333333331
1509,2365,0.1125,0.0625,0.7324515118660402,0.3448275862068966,67.29999999999998
1510,22598,0.74375,0.216571875,0.9795205396940128,0.9655172413793103,67.29999999999998
1511,23819,0.582875,0.20366875,0.9851343211661244,0.6206896551724137,67.29999999999998
1512,5557,0.8625,0.295615625,0.7658836284784966,0.6206896551724137,67.29999999999998
1513,21165,0.3625,0.233828125,0.9795446331767256,0.6206896551724137,67.29999999999998
1514,3930,0.375,0.300271875,0.7551740754126008,1.0,67.22222222222221
1515,23819,0.582875,0.20366875,0.9851343211661244,0.0,67.21518987341771
1516,23893,0.773575,0.199778125,0.986242621370919,0.0,67.21518987341771
1517,5418,0.8625,0.09375,0.655524635586074,0.9655172413793103,67.19999999999999
1518,22598,0.74375,0.216571875,0.9795205396940128,0.6206896551724137,67.19999999999999
1519,22574,0.6547,0.22554687499999998,0.9738103842910492,0.3448275862068966,67.19999999999999
1520,5557,0.8625,0.295615625,0.7658836284784966,0.9655172413793103,67.19999999999999
1521,6104,0.875,0.0625,0.7324515118660402,0.6896551724137931,67.1698113207547
1522,6090,0.875,0.09375,0.655524635586074,0.48275862068965514,67.15976331360946
1523,5352,0.8625,0.2336875,0.9796651005902903,1.0,67.1111111111111
1524,22532,0.6125,0.20878125,0.9953860980604745,0.27586206896551724,67.1111111111111
1525,2517,0.1125,0.28125,0.62643055053608,0.0,67.0886075949367
1526,6150,0.875,0.189640625,0.9998795325864354,0.0,67.0886075949367
1527,5084,0.625,0.090625,0.62643055053608,0.0,67.0886075949367
1528,4942,0.625,0.300271875,0.7551740754126008,0.0,67.0886075949367
1529,5955,0.875,0.30485937500000004,0.7440320443320082,0.0,67.0886075949367
1530,4546,0.6125,0.300271875,0.7551740754126008,0.0,67.0886075949367
1531,2918,0.125,0.300271875,0.7551740754126008,0.0,67.0886075949367
1532,5559,0.8625,0.30485937500000004,0.7440320443320082,0.0,67.0886075949367
1533,2316,0.1125,0.2336875,0.9796651005902903,0.0,67.0886075949367
1534,3937,0.375,0.28125,0.62643055053608,0.0,67.0886075949367
1535,21235,0.6125,0.233828125,0.9795446331767256,0.0,67.0886075949367
1536,3529,0.3625,0.28125,0.62643055053608,0.0,67.0886075949367
1537,2382,0.1125,0.09375,0.655524635586074,0.13793103448275862,66.99999999999999
1538,4339,0.6125,0.2408875,0.9729671123960967,1.0,66.99999999999999
1539,23886,0.6961999999999999,0.194703125,0.9872665943862186,0.0,66.9620253164557
1540,23894,0.7439250000000001,0.197834375,0.9866883508011083,0.0,66.9620253164557
1541,3534,0.3625,0.300271875,0.7551740754126008,1.0,66.88888888888887
1542,22587,0.8151375,0.22125625,0.9767256956993133,0.0,66.83544303797467
1543,22580,0.7199375,0.218134375,0.9786411275749909,0.0,66.83544303797467
1544,22573,0.6844625,0.22359999999999997,0.975183712805686,0.6896551724137931,66.79245283018867
1545,3469,0.3625,0.20159374999999996,0.8773762197325623,1.0,66.78444444444443
1546,3060,0.125,0.090625,0.62643055053608,1.0,66.77777777777776
1547,22598,0.74375,0.216571875,0.9795205396940128,0.3448275862068966,66.69999999999999
1548,3068,0.125,0.0625,0.7324515118660402,0.3448275862068966,66.69999999999999
1549,5200,0.625,0.21875,0.978279725334297,0.6896551724137931,66.69811320754715
1550,23875,0.8388249999999999,0.20093437500000003,0.9859414528370076,0.48275862068965514,66.66666666666666
1551,5393,0.8625,0.059375,0.6752463558607397,0.27586206896551724,66.66666666666666
1552,5360,0.8625,0.17483437500000001,0.9989157932779182,0.27586206896551724,66.66666666666666
1553,4941,0.625,0.295615625,0.7658836284784966,0.27586206896551724,66.66666666666666
1554,4540,0.6125,0.28125,0.6545717383447777,0.27586206896551724,66.66666666666666
1555,4345,0.6125,0.197040625,0.9989157932779182,0.27586206896551724,66.66666666666666
1556,3738,0.375,0.171346875,0.9860498735092157,0.27586206896551724,66.66666666666666
1557,21223,0.5888,0.235378125,0.9658113480303577,0.27586206896551724,66.66666666666666
1558,21886,0.6125,0.1587375,0.9934586194434405,0.27586206896551724,66.66666666666666
1559,3369,0.3625,0.059375,0.6752463558607397,0.27586206896551724,66.66666666666666
1560,23875,0.8388249999999999,0.20093437500000003,0.9859414528370076,0.13793103448275862,66.6
1561,23803,0.588825,0.20093437500000003,0.9859414528370076,0.3448275862068966,66.6
1562,22597,0.7734125,0.214625,0.9805686061920249,1.0,66.55555555555554
1563,23875,0.8388249999999999,0.20093437500000003,0.9859414528370076,0.3448275862068966,66.49999999999999
1564,5557,0.8625,0.295615625,0.7658836284784966,0.48275862068965514,66.46942800788953
1565,4188,0.375,0.21875,0.978279725334297,1.0,66.44444444444443
1566,5953,0.875,0.295615625,0.7658836284784966,0.6896551724137931,66.41509433962263
1567,4406,0.6125,0.09375,0.655524635586074,0.6206896551724137,66.39999999999999
1568,22583,0.6487499999999999,0.21346249999999997,0.9811588965184916,0.13793103448275862,66.39999999999999
1569,22571,0.7439250000000001,0.219709375,0.9777014817491867,0.13793103448275862,66.39999999999999
1570,6097,0.875,0.090625,0.7671364895795687,0.6206896551724137,66.39999999999999
1571,22598,0.74375,0.216571875,0.9795205396940128,0.48275862068965514,66.37080867850098
1572,4071,0.375,0.09375,0.62643055053608,0.8275862068965517,66.34782608695652
1573,4341,0.6125,0.22643437500000002,0.9854234429586796,0.27586206896551724,66.33333333333331
1574,23819,0.582875,0.20366875,0.9851343211661244,0.48275862068965514,66.27218934911241
1575,21216,0.375,0.23378125,0.9672328635104203,0.6896551724137931,66.22641509433961
1576,22599,0.7140875,0.214625,0.9805686061920249,0.27586206896551724,66.22222222222221
1577,21287,0.6487625,0.235340625,0.9658474882544271,1.0,66.22222222222221
1578,2910,0.125,0.309375,0.7059462715335502,0.6206896551724137,66.19999999999999
1579,5357,0.8625,0.197040625,0.9989157932779182,0.6896551724137931,66.1320754716981
1580,2365,0.1125,0.0625,0.7324515118660402,0.6896551724137931,66.1320754716981
1581,5219,0.625,0.215625,0.9361402240693892,0.27586206896551724,66.1111111111111
1582,6150,0.875,0.189640625,0.9998795325864354,0.27586206896551724,66.1111111111111
1583,21317,0.654725,0.23260625,0.9805926996747379,1.0,66.1111111111111
1584,4406,0.6125,0.09375,0.655524635586074,0.9655172413793103,66.10999999999999
1585,5955,0.875,0.30485937500000004,0.7440320443320082,0.3448275862068966,66.1
1586,22600,0.684375,0.212678125,0.9815443922418986,0.13793103448275862,66.1
1587,2358,0.1125,0.059375,0.6996542585230695,0.6206896551724137,66.1
1588,6097,0.875,0.090625,0.7671364895795687,0.9655172413793103,66.1
1589,23224,0.625,0.1806125,0.9877002770750511,0.8275862068965517,65.99999999999999
1590,5363,0.8625,0.15274062500000002,0.9902300927599084,0.13793103448275862,65.99999999999999
1591,5411,0.8625,0.090625,0.7671364895795687,0.6206896551724137,65.99999999999999
1592,5953,0.875,0.295615625,0.7658836284784966,0.13793103448275862,65.99999999999999
1593,4541,0.6125,0.28125,0.62643055053608,0.13793103448275862,65.99999999999999
1594,5961,0.875,0.28125,0.62643055053608,0.3448275862068966,65.99999999999999
1595,2358,0.1125,0.059375,0.6996542585230695,0.13793103448275862,65.99999999999999
1596,6017,0.875,0.20159374999999996,0.8773762197325623,0.13793103448275862,65.99999999999999
1597,3108,0.125,0.2336875,0.9796651005902903,0.13793103448275862,65.99999999999999
1598,5748,0.8625,0.171346875,0.9860498735092157,1.0,65.99999999999999
1599,23803,0.588825,0.20093437500000003,0.9859414528370076,0.6896551724137931,65.94339622641509
1600,5221,0.625,0.215625,0.9800385495723407,0.3448275862068966,65.89999999999999
1601,5545,0.8625,0.278125,0.7718949524153716,1.0,65.88888888888887
1602,5418,0.8625,0.09375,0.655524635586074,0.48275862068965514,65.87771203155818
1603,5955,0.875,0.30485937500000004,0.7440320443320082,0.6896551724137931,65.84905660377358
1604,3068,0.125,0.0625,0.7324515118660402,0.6896551724137931,65.84905660377358
1605,23190,0.6125,0.1806125,0.9997470184315143,0.0,65.82278481012658
1606,4949,0.625,0.28125,0.62643055053608,0.0,65.82278481012658
1607,22610,0.625,0.22436249999999996,0.9868931454041681,0.0,65.82278481012658
1608,6096,0.875,0.090625,0.62643055053608,0.0,65.82278481012658
1609,3725,0.3625,0.17785625,0.9873750150584266,0.0,65.82278481012658
1610,3534,0.3625,0.300271875,0.7551740754126008,0.0,65.82278481012658
1611,3469,0.3625,0.20159374999999996,0.8773762197325623,0.0,65.82278481012658
1612,5194,0.625,0.256696875,0.9419226599204914,0.9655172413793103,65.79999999999998
1613,5955,0.875,0.30485937500000004,0.7440320443320082,0.48275862068965514,65.7790927021696
1614,5278,0.8625,0.215625,0.958089386820865,1.0,65.77777777777777
1615,23869,0.684375,0.1908,0.9877484640404769,0.27586206896551724,65.77777777777777
1616,5356,0.8625,0.20443125,0.9969883146608842,0.9655172413793103,65.69999999999999
1617,23804,0.6125,0.2024875,0.9855077701481749,0.48275862068965514,65.68047337278105
1618,21338,0.6546875,0.24742187499999999,0.9660040958920612,1.0,65.66666666666666
1619,2526,0.1125,0.309375,0.7059462715335502,0.3448275862068966,65.6
1620,4480,0.6125,0.194553125,0.8788820624021202,0.9655172413793103,65.57099999999998
1621,3059,0.125,0.09375,0.62643055053608,0.8275862068965517,65.56521739130434
1622,3377,0.3625,0.0625,0.7324515118660402,0.8275862068965517,65.56521739130434
1623,2457,0.1125,0.20159374999999996,0.8773762197325623,0.27586206896551724,65.55555555555554
1624,2528,0.1125,0.309375,0.62643055053608,0.27586206896551724,65.55555555555554
1625,4381,0.6125,0.059375,0.6752463558607397,0.27586206896551724,65.55555555555554
1626,4091,0.375,0.059375,0.6752463558607397,0.27586206896551724,65.55555555555554
1627,3533,0.3625,0.295615625,0.7658836284784966,0.27586206896551724,65.55555555555554
1628,3333,0.3625,0.197040625,0.9989157932779182,0.27586206896551724,65.55555555555554
1629,3468,0.3625,0.194553125,0.8788820624021202,0.27586206896551724,65.55555555555554
1630,5102,0.625,0.059375,0.6996542585230695,0.6206896551724137,65.49999999999999
1631,4541,0.6125,0.28125,0.62643055053608,0.6206896551724137,65.49999999999999
1632,22598,0.74375,0.216571875,0.9795205396940128,0.13793103448275862,65.49999999999999
1633,4072,0.375,0.090625,0.62643055053608,1.0,65.48888888888888
1634,4482,0.6125,0.208621875,0.8749909649439825,0.6206896551724137,65.44999999999999
1635,23909,0.654725,0.20366875,0.9972292494880134,0.27586206896551724,65.44444444444443
1636,21236,0.6125,0.23065625,0.9821949162751474,1.0,65.44444444444443
1637,5353,0.8625,0.22643437500000002,0.9854234429586796,0.0,65.44303797468353
1638,3078,0.125,0.059375,0.6996542585230695,0.6206896551724137,65.39999999999999
1639,4389,0.6125,0.0625,0.7324515118660402,0.8275862068965517,65.39130434782608
1640,5137,0.625,0.197040625,0.9989157932779182,0.6896551724137931,65.37735849056602
1641,3394,0.3625,0.09375,0.655524635586074,0.6206896551724137,65.29999999999998
1642,2358,0.1125,0.059375,0.6996542585230695,0.48275862068965514,65.28599605522682
1643,23189,0.6125,0.1837375,0.9999638597759306,1.0,65.22222222222221
1644,2320,0.1125,0.20443125,0.9969883146608842,0.27586206896551724,65.22222222222221
1645,21307,0.8625,0.233828125,0.9795446331767256,0.8275862068965517,65.21739130434781
1646,22572,0.7141625,0.22165625000000003,0.9764727141308276,0.13793103448275862,65.19999999999999
1647,21165,0.3625,0.233828125,0.9795446331767256,0.48275862068965514,65.18737672583825
1648,22602,0.625,0.20878125,0.9832791229972292,0.8275862068965517,65.13043478260869
1649,5078,0.625,0.09375,0.655524635586074,0.6206896551724137,65.1
1650,5559,0.8625,0.30485937500000004,0.7440320443320082,0.3448275862068966,65.1
1651,23804,0.6125,0.2024875,0.9855077701481749,0.6206896551724137,65.1
1652,5945,0.875,0.309375,0.62643055053608,0.48275862068965514,65.0887573964497
1653,5559,0.8625,0.30485937500000004,0.7440320443320082,0.48275862068965514,65.0887573964497
1654,3394,0.3625,0.09375,0.655524635586074,0.9655172413793103,65.04999999999998
1655,22601,0.6547,0.210728125,0.9824478978436332,0.8275862068965517,65.04347826086955
1656,22578,0.6724625,0.22125,0.9767377424406698,0.8275862068965517,65.04347826086955
1657,22572,0.7141625,0.22165625000000003,0.9764727141308276,0.6896551724137931,64.99999999999999
1658,5102,0.625,0.059375,0.6996542585230695,0.13793103448275862,64.99999999999999
1659,5945,0.875,0.309375,0.62643055053608,0.6206896551724137,64.99999999999999
1660,4541,0.6125,0.28125,0.62643055053608,0.9655172413793103,64.99999999999999
1661,4382,0.6125,0.059375,0.6996542585230695,0.13793103448275862,64.99999999999999
1662,22594,0.8625,0.20878125,0.9832791229972292,0.13793103448275862,64.99999999999999
1663,3937,0.375,0.28125,0.62643055053608,0.13793103448275862,64.99999999999999
1664,23107,0.3625,0.1806125,0.9997470184315143,1.0,64.99999999999999
1665,4541,0.6125,0.28125,0.62643055053608,0.48275862068965514,64.99013806706114
1666,21223,0.5888,0.235378125,0.9658113480303577,0.0,64.93670886075948
1667,22523,0.5828,0.210728125,0.9824478978436332,0.3448275862068966,64.89999999999999
1668,5557,0.8625,0.295615625,0.7658836284784966,0.3448275862068966,64.89999999999999
1669,5357,0.8625,0.197040625,0.9989157932779182,0.48275862068965514,64.89151873767257
1670,5137,0.625,0.197040625,0.9989157932779182,0.48275862068965514,64.89151873767257
1671,4406,0.6125,0.09375,0.655524635586074,0.48275862068965514,64.89151873767257
1672,6097,0.875,0.090625,0.7671364895795687,0.48275862068965514,64.89151873767257
1673,5102,0.625,0.059375,0.6996542585230695,0.9655172413793103,64.88999999999999
1674,5413,0.8625,0.090625,0.62643055053608,1.0,64.88888888888887
1675,4253,0.6125,0.206659375,0.8878448379713287,0.27586206896551724,64.88888888888887
1676,6222,0.875,0.2384375,0.9629442235875195,0.27586206896551724,64.88888888888887
1677,5078,0.625,0.09375,0.655524635586074,0.9655172413793103,64.85999999999999
1678,5084,0.625,0.090625,0.62643055053608,1.0,64.82222222222221
1679,5411,0.8625,0.090625,0.7671364895795687,0.9655172413793103,64.79999999999998
1680,3937,0.375,0.28125,0.62643055053608,0.6206896551724137,64.79999999999998
1681,5302,0.8625,0.26331875,0.9325864353692326,0.6896551724137931,64.78301886792451
1682,22519,0.5888,0.213503125,0.9811348030357788,0.27586206896551724,64.77777777777777
1683,22571,0.7439250000000001,0.219709375,0.9777014817491867,0.6896551724137931,64.71698113207546
1684,2375,0.1125,0.090625,0.7671364895795687,0.6206896551724137,64.69999999999999
1685,4125,0.375,0.197040625,0.9989157932779182,0.9655172413793103,64.69999999999999
1686,3061,0.125,0.090625,0.7671364895795687,0.6206896551724137,64.69999999999999
1687,4284,0.6125,0.21875,0.978279725334297,0.8275862068965517,64.69565217391303
1688,22596,0.803125,0.212678125,0.9815443922418986,0.0,64.68354430379746
1689,4339,0.6125,0.2408875,0.9729671123960967,0.27586206896551724,64.66666666666666
1690,3867,0.375,0.246875,0.9248042404529574,0.27586206896551724,64.66666666666666
1691,5553,0.8625,0.28125,0.62643055053608,0.9655172413793103,64.6
1692,5411,0.8625,0.090625,0.7671364895795687,0.48275862068965514,64.59566074950689
1693,4482,0.6125,0.208621875,0.8749909649439825,0.48275862068965514,64.59566074950689
1694,5393,0.8625,0.059375,0.6752463558607397,0.0,64.55696202531645
1695,2522,0.1125,0.300271875,0.7551740754126008,0.0,64.55696202531645
1696,23107,0.3625,0.1806125,0.9997470184315143,0.0,64.55696202531645
1697,2925,0.125,0.28125,0.62643055053608,0.0,64.55696202531645
1698,5552,0.8625,0.28125,0.6545717383447777,0.0,64.55696202531645
1699,3930,0.375,0.300271875,0.7551740754126008,0.0,64.55696202531645
1700,3738,0.375,0.171346875,0.9860498735092157,0.0,64.55696202531645
1701,21886,0.6125,0.1587375,0.9934586194434405,0.0,64.55696202531645
1702,4382,0.6125,0.059375,0.6996542585230695,0.6206896551724137,64.49999999999999
1703,3078,0.125,0.059375,0.6996542585230695,0.48275862068965514,64.49704142011834
1704,2365,0.1125,0.0625,0.7324515118660402,1.0,64.46666666666665
1705,2516,0.1125,0.28125,0.6545717383447777,0.27586206896551724,64.44444444444443
1706,2521,0.1125,0.295615625,0.7658836284784966,0.27586206896551724,64.44444444444443
1707,5103,0.625,0.059375,0.6752463558607397,0.27586206896551724,64.44444444444443
1708,2377,0.1125,0.090625,0.62643055053608,0.27586206896551724,64.44444444444443
1709,23160,0.375,0.16815625,0.9851222744247681,0.27586206896551724,64.44444444444443
1710,2917,0.125,0.295615625,0.7658836284784966,0.27586206896551724,64.44444444444443
1711,6155,0.875,0.15274062500000002,0.9902300927599084,0.27586206896551724,64.44444444444443
1712,5545,0.8625,0.278125,0.7718949524153716,0.27586206896551724,64.44444444444443
1713,23870,0.6546875,0.188853125,0.9878809781953981,1.0,64.44444444444443
1714,3079,0.125,0.059375,0.6752463558607397,0.27586206896551724,64.44444444444443
1715,3932,0.375,0.28125,0.6545717383447777,0.27586206896551724,64.44444444444443
1716,3929,0.375,0.295615625,0.7658836284784966,0.27586206896551724,64.44444444444443
1717,3528,0.3625,0.28125,0.6545717383447777,0.27586206896551724,64.44444444444443
1718,21928,0.625,0.1587375,0.9813155041561258,0.27586206896551724,64.44444444444443
1719,22523,0.5828,0.210728125,0.9824478978436332,0.6896551724137931,64.43396226415094
1720,5559,0.8625,0.30485937500000004,0.7440320443320082,0.6896551724137931,64.43396226415094
1721,23828,0.6125,0.19007812500000001,0.9998554391037224,0.9655172413793103,64.39999999999999
1722,23830,0.6125,0.20561249999999998,0.9965787254547644,0.9655172413793103,64.39999999999999
1723,2910,0.125,0.309375,0.7059462715335502,0.3448275862068966,64.39999999999999
1724,4399,0.6125,0.090625,0.7671364895795687,0.6206896551724137,64.39999999999999
1725,22519,0.5888,0.213503125,0.9811348030357788,0.9655172413793103,64.39999999999999
1726,3937,0.375,0.28125,0.62643055053608,0.9655172413793103,64.39999999999999
1727,21165,0.3625,0.233828125,0.9795446331767256,0.3448275862068966,64.39999999999999
1728,5092,0.625,0.0625,0.7324515118660402,0.8275862068965517,64.34782608695652
1729,5221,0.625,0.215625,0.9800385495723407,0.6896551724137931,64.33962264150942
1730,21165,0.3625,0.233828125,0.9795446331767256,0.6896551724137931,64.33962264150942
1731,22575,0.625,0.22748749999999998,0.97237682206963,1.0,64.33333333333331
1732,5219,0.625,0.215625,0.9361402240693892,0.0,64.30379746835442
1733,23819,0.582875,0.20366875,0.9851343211661244,0.3448275862068966,64.29999999999998
1734,4090,0.375,0.059375,0.6996542585230695,0.6206896551724137,64.29999999999998
1735,3937,0.375,0.28125,0.62643055053608,0.48275862068965514,64.29980276134121
1736,23876,0.8625,0.2024875,0.9855077701481749,0.8275862068965517,64.26086956521738
1737,23875,0.8388249999999999,0.20093437500000003,0.9859414528370076,0.6896551724137931,64.24528301886791
1738,5102,0.625,0.059375,0.6996542585230695,0.48275862068965514,64.20118343195266
1739,5132,0.625,0.2336875,0.9796651005902903,0.9655172413793103,64.19999999999999
1740,2375,0.1125,0.090625,0.7671364895795687,0.9655172413793103,64.19999999999999
1741,4080,0.375,0.0625,0.7324515118660402,0.8275862068965517,64.17391304347825
1742,5606,0.8625,0.278125,0.8796530538489338,0.8275862068965517,64.17391304347825
1743,22516,0.5888375,0.2228125,0.9757137694253704,1.0,64.1111111111111
1744,5956,0.875,0.28125,0.6545717383447777,0.9655172413793103,64.1
1745,6018,0.875,0.208621875,0.8749909649439825,0.0,64.0506329113924
1746,22586,0.7914749999999999,0.21970312500000003,0.9777014817491867,0.0,64.0506329113924
1747,23224,0.625,0.1806125,0.9877002770750511,0.13793103448275862,63.999999999999986
1748,5411,0.8625,0.090625,0.7671364895795687,0.13793103448275862,63.999999999999986
1749,5085,0.625,0.090625,0.7671364895795687,0.6206896551724137,63.999999999999986
1750,5945,0.875,0.309375,0.62643055053608,0.3448275862068966,63.999999999999986
1751,5078,0.625,0.09375,0.655524635586074,0.13793103448275862,63.999999999999986
1752,5418,0.8625,0.09375,0.655524635586074,0.13793103448275862,63.999999999999986
1753,4546,0.6125,0.300271875,0.7551740754126008,0.13793103448275862,63.999999999999986
1754,4480,0.6125,0.194553125,0.8788820624021202,0.13793103448275862,63.999999999999986
1755,4406,0.6125,0.09375,0.655524635586074,0.13793103448275862,63.999999999999986
1756,5557,0.8625,0.295615625,0.7658836284784966,0.13793103448275862,63.999999999999986
1757,23881,0.625,0.2024875,0.9855077701481749,0.13793103448275862,63.999999999999986
1758,6097,0.875,0.090625,0.7671364895795687,0.13793103448275862,63.999999999999986
1759,5355,0.8625,0.21179687500000002,0.9940850499939766,0.27586206896551724,63.999999999999986
1760,5227,0.625,0.1875,0.9575954704252498,0.9655172413793103,63.98999999999999
1761,4399,0.6125,0.090625,0.7671364895795687,0.9655172413793103,63.929999999999986
1762,5903,0.875,0.278125,0.8796530538489338,0.0,63.92405063291139
1763,21236,0.6125,0.23065625,0.9821949162751474,0.0,63.92405063291139
1764,5401,0.8625,0.0625,0.7324515118660402,0.8275862068965517,63.91304347826086
1765,5357,0.8625,0.197040625,0.9989157932779182,0.3448275862068966,63.89999999999999
1766,5137,0.625,0.197040625,0.9989157932779182,0.3448275862068966,63.89999999999999
1767,2382,0.1125,0.09375,0.655524635586074,0.3448275862068966,63.89999999999999
1768,5552,0.8625,0.28125,0.6545717383447777,0.6206896551724137,63.89999999999999
1769,22519,0.5888,0.213503125,0.9811348030357788,0.6206896551724137,63.89999999999999
1770,22574,0.6547,0.22554687499999998,0.9738103842910492,0.6896551724137931,63.86792452830188
1771,22603,0.8625,0.21195312500000002,0.9940127695458378,0.8275862068965517,63.82608695652173
1772,3394,0.3625,0.09375,0.655524635586074,0.48275862068965514,63.80670611439841
1773,23830,0.6125,0.20561249999999998,0.9965787254547644,0.6206896551724137,63.79999999999999
1774,5762,0.875,0.171346875,0.9860498735092157,0.0,63.79746835443037
1775,4341,0.6125,0.22643437500000002,0.9854234429586796,0.0,63.79746835443037
1776,23887,0.672475,0.19314375,0.9874954824719914,0.0,63.79746835443037
1777,23819,0.582875,0.20366875,0.9851343211661244,0.6896551724137931,63.773584905660364
1778,5557,0.8625,0.295615625,0.7658836284784966,0.6896551724137931,63.773584905660364
1779,5085,0.625,0.090625,0.7671364895795687,0.9655172413793103,63.70999999999999
1780,21313,0.625,0.24936250000000001,0.9637754487411154,0.9655172413793103,63.69999999999999
1781,5078,0.625,0.09375,0.655524635586074,0.48275862068965514,63.60946745562129
1782,5909,0.875,0.29007499999999997,0.7915190940850501,0.9655172413793103,63.59999999999999
1783,4125,0.375,0.197040625,0.9989157932779182,0.6206896551724137,63.59999999999999
1784,22588,0.8388375,0.2228125,0.9757137694253704,0.27586206896551724,63.55555555555554
1785,5133,0.625,0.22643437500000002,0.9854234429586796,0.9655172413793103,63.499999999999986
1786,4066,0.375,0.09375,0.655524635586074,0.6206896551724137,63.499999999999986
1787,4950,0.625,0.278125,0.62643055053608,1.0,63.44444444444443
1788,4351,0.6125,0.15274062500000002,0.9902300927599084,1.0,63.44444444444443
1789,22592,0.8151375,0.21505000000000002,0.9803397181062522,0.0,63.417721518987335
1790,5909,0.875,0.29007499999999997,0.7915190940850501,0.6206896551724137,63.39999999999999
1791,22533,0.6125,0.22748749999999998,0.984652451511866,0.9655172413793103,63.39999999999999
1792,23804,0.6125,0.2024875,0.9855077701481749,0.9655172413793103,63.39999999999999
1793,22598,0.74375,0.216571875,0.9795205396940128,0.6896551724137931,63.396226415094326
1794,4480,0.6125,0.194553125,0.8788820624021202,0.8275862068965517,63.36521739130434
1795,5790,0.875,0.139959375,0.96883508011083,0.27586206896551724,63.33333333333332
1796,5760,0.875,0.16485,0.9839657872545476,0.27586206896551724,63.33333333333332
1797,5909,0.875,0.29007499999999997,0.7915190940850501,0.27586206896551724,63.33333333333332
1798,4950,0.625,0.278125,0.62643055053608,0.27586206896551724,63.33333333333332
1799,4944,0.625,0.28125,0.6545717383447777,0.27586206896551724,63.33333333333332
1800,23152,0.375,0.1806125,0.9877002770750511,0.27586206896551724,63.33333333333332
1801,4933,0.625,0.309375,0.62643055053608,0.27586206896551724,63.33333333333332
1802,4552,0.6125,0.309375,0.62643055053608,0.27586206896551724,63.33333333333332
1803,4547,0.6125,0.30485937500000004,0.7440320443320082,0.27586206896551724,63.33333333333332
1804,2920,0.125,0.28125,0.6545717383447777,0.27586206896551724,63.33333333333332
1805,23756,0.3625,0.2024875,0.9975906517287073,0.27586206896551724,63.33333333333332
1806,6115,0.875,0.059375,0.6752463558607397,0.27586206896551724,63.33333333333332
1807,3119,0.125,0.15274062500000002,0.9902300927599084,0.27586206896551724,63.33333333333332
1808,5616,0.8625,0.27164062499999997,0.8892302132273219,1.0,63.33333333333332
1809,3389,0.3625,0.090625,0.62643055053608,1.0,63.32222222222221
1810,3061,0.125,0.090625,0.7671364895795687,0.48275862068965514,63.31360946745561
1811,6104,0.875,0.0625,0.7324515118660402,0.8275862068965517,63.304347826086946
1812,5356,0.8625,0.20443125,0.9969883146608842,0.6206896551724137,63.29999999999999
1813,4382,0.6125,0.059375,0.6996542585230695,0.9655172413793103,63.29999999999999
1814,3054,0.125,0.09375,0.655524635586074,0.6206896551724137,63.29999999999999
1815,4073,0.375,0.090625,0.7671364895795687,0.6206896551724137,63.29999999999999
1816,4066,0.375,0.09375,0.655524635586074,0.9655172413793103,63.29999999999999
1817,3113,0.125,0.197040625,0.9989157932779182,0.9655172413793103,63.29999999999999
1818,23889,0.625,0.19003125,0.9878086977472593,0.9655172413793103,63.29999999999999
1819,21313,0.625,0.24936250000000001,0.9637754487411154,0.6206896551724137,63.29999999999999
1820,5945,0.875,0.309375,0.62643055053608,0.0,63.291139240506325
1821,2377,0.1125,0.090625,0.62643055053608,0.0,63.291139240506325
1822,5956,0.875,0.28125,0.6545717383447777,0.0,63.291139240506325
1823,4339,0.6125,0.2408875,0.9729671123960967,0.0,63.291139240506325
1824,3369,0.3625,0.059375,0.6752463558607397,0.0,63.291139240506325
1825,22582,0.672475,0.215021875,0.980363811588965,0.8275862068965517,63.217391304347814
1826,2375,0.1125,0.090625,0.7671364895795687,0.48275862068965514,63.21499013806705
1827,6096,0.875,0.090625,0.62643055053608,1.0,63.2111111111111
1828,5956,0.875,0.28125,0.6545717383447777,0.6206896551724137,63.19999999999999
1829,21301,0.7734,0.23650312499999998,0.9647753282737019,0.8275862068965517,63.13043478260869
1830,5956,0.875,0.28125,0.6545717383447777,0.48275862068965514,63.11637080867849
1831,5552,0.8625,0.28125,0.6545717383447777,0.48275862068965514,63.11637080867849
1832,23871,0.625,0.18690625,0.9879532586435369,1.0,63.1111111111111
1833,6090,0.875,0.09375,0.655524635586074,0.3448275862068966,63.09999999999999
1834,4382,0.6125,0.059375,0.6996542585230695,0.48275862068965514,63.01775147928993
1835,5227,0.625,0.1875,0.9575954704252498,0.13793103448275862,62.999999999999986
1836,5143,0.625,0.15274062500000002,0.9902300927599084,0.13793103448275862,62.999999999999986
1837,6149,0.875,0.197040625,0.9989157932779182,0.13793103448275862,62.999999999999986
1838,5748,0.8625,0.171346875,0.9860498735092157,0.13793103448275862,62.999999999999986
1839,5413,0.8625,0.090625,0.62643055053608,0.13793103448275862,62.999999999999986
1840,4949,0.625,0.28125,0.62643055053608,0.13793103448275862,62.999999999999986
1841,4942,0.625,0.300271875,0.7551740754126008,0.13793103448275862,62.999999999999986
1842,5955,0.875,0.30485937500000004,0.7440320443320082,0.13793103448275862,62.999999999999986
1843,4482,0.6125,0.208621875,0.8749909649439825,0.13793103448275862,62.999999999999986
1844,4399,0.6125,0.090625,0.7671364895795687,0.13793103448275862,62.999999999999986
1845,22576,0.625,0.22436249999999996,0.9746536561860017,0.13793103448275862,62.999999999999986
1846,6114,0.875,0.059375,0.6996542585230695,0.6206896551724137,62.999999999999986
1847,4125,0.375,0.197040625,0.9989157932779182,0.13793103448275862,62.999999999999986
1848,4090,0.375,0.059375,0.6996542585230695,0.13793103448275862,62.999999999999986
1849,3054,0.125,0.09375,0.655524635586074,0.9655172413793103,62.999999999999986
1850,3061,0.125,0.090625,0.7671364895795687,0.13793103448275862,62.999999999999986
1851,3078,0.125,0.059375,0.6996542585230695,0.13793103448275862,62.999999999999986
1852,3113,0.125,0.197040625,0.9989157932779182,0.13793103448275862,62.999999999999986
1853,5564,0.8625,0.309375,0.62643055053608,0.6206896551724137,62.999999999999986
1854,3529,0.3625,0.28125,0.62643055053608,0.13793103448275862,62.999999999999986
1855,21283,0.696175,0.24156875000000003,0.9598120708348392,0.9655172413793103,62.999999999999986
1856,21313,0.625,0.24936250000000001,0.9637754487411154,0.3448275862068966,62.999999999999986
1857,3394,0.3625,0.09375,0.655524635586074,0.13793103448275862,62.999999999999986
1858,5963,0.875,0.278125,0.7718949524153716,1.0,62.999999999999986
1859,5961,0.875,0.28125,0.62643055053608,0.8275862068965517,62.95652173913042
1860,4399,0.6125,0.090625,0.7671364895795687,0.48275862068965514,62.91913214990137
1861,5564,0.8625,0.309375,0.62643055053608,0.9655172413793103,62.89999999999999
1862,23828,0.6125,0.19007812500000001,0.9998554391037224,0.6206896551724137,62.89999999999999
1863,2517,0.1125,0.28125,0.62643055053608,0.9655172413793103,62.89999999999999
1864,21283,0.696175,0.24156875000000003,0.9598120708348392,0.6206896551724137,62.89999999999999
1865,22552,0.5888375,0.2228125,0.9879412119021804,0.27586206896551724,62.88888888888888
1866,4073,0.375,0.090625,0.7671364895795687,0.9655172413793103,62.87999999999999
1867,5418,0.8625,0.09375,0.655524635586074,0.6896551724137931,62.830188679245275
1868,4090,0.375,0.059375,0.6996542585230695,0.48275862068965514,62.82051282051281
1869,22519,0.5888,0.213503125,0.9811348030357788,0.48275862068965514,62.82051282051281
1870,3529,0.3625,0.28125,0.62643055053608,0.9655172413793103,62.79999999999999
1871,2925,0.125,0.28125,0.62643055053608,0.6206896551724137,62.79999999999999
1872,4541,0.6125,0.28125,0.62643055053608,0.3448275862068966,62.79999999999999
1873,22573,0.6844625,0.22359999999999997,0.975183712805686,0.13793103448275862,62.69999999999999
1874,3529,0.3625,0.28125,0.62643055053608,0.6206896551724137,62.69999999999999
1875,4941,0.625,0.295615625,0.7658836284784966,1.0,62.66666666666666
1876,2365,0.1125,0.0625,0.7324515118660402,0.8275862068965517,62.6086956521739
1877,22533,0.6125,0.22748749999999998,0.984652451511866,0.6206896551724137,62.59999999999999
1878,21295,0.8388,0.235378125,0.9658113480303577,0.9655172413793103,62.59999999999999
1879,3468,0.3625,0.194553125,0.8788820624021202,1.0,62.566666666666656
1880,6145,0.875,0.22643437500000002,0.9854234429586796,0.27586206896551724,62.55555555555554
1881,5355,0.8625,0.21179687500000002,0.9940850499939766,0.0,62.531645569620245
1882,5085,0.625,0.090625,0.7671364895795687,0.48275862068965514,62.52465483234713
1883,23889,0.625,0.19003125,0.9878086977472593,0.6206896551724137,62.499999999999986
1884,22591,0.8388,0.213503125,0.9811348030357788,1.0,62.44444444444443
1885,23759,0.125,0.2024875,0.9975906517287073,0.27586206896551724,62.44444444444443
1886,4545,0.6125,0.295615625,0.7658836284784966,1.0,62.44444444444443
1887,5909,0.875,0.29007499999999997,0.7915190940850501,0.48275862068965514,62.42603550295857
1888,3867,0.375,0.246875,0.9248042404529574,0.0,62.405063291139236
1889,3387,0.3625,0.090625,0.7671364895795687,0.6206896551724137,62.39999999999999
1890,5194,0.625,0.256696875,0.9419226599204914,0.6896551724137931,62.35849056603772
1891,21300,0.8031124999999999,0.234553125,0.9665582459944585,0.27586206896551724,62.33333333333332
1892,23830,0.6125,0.20561249999999998,0.9965787254547644,0.48275862068965514,62.32741617357001
1893,3529,0.3625,0.28125,0.62643055053608,0.48275862068965514,62.32741617357001
1894,4480,0.6125,0.194553125,0.8788820624021202,0.6896551724137931,62.32075471698112
1895,3937,0.375,0.28125,0.62643055053608,0.3448275862068966,62.29999999999999
1896,4090,0.375,0.059375,0.6996542585230695,0.9655172413793103,62.29999999999999
1897,22581,0.6962125,0.216578125,0.9795205396940128,0.6206896551724137,62.29999999999999
1898,22581,0.6962125,0.216578125,0.9795205396940128,0.9655172413793103,62.29999999999999
1899,23804,0.6125,0.2024875,0.9855077701481749,0.3448275862068966,62.29999999999999
1900,5195,0.625,0.26331875,0.9325864353692326,0.13793103448275862,62.29999999999999
1901,22585,0.767775,0.21814999999999998,0.9786290808336345,0.0,62.27848101265822
1902,3061,0.125,0.090625,0.7671364895795687,0.9655172413793103,62.249999999999986
1903,5197,0.625,0.21875,0.9116251054089869,1.0,62.23333333333332
1904,5133,0.625,0.22643437500000002,0.9854234429586796,0.27586206896551724,62.22222222222221
1905,3932,0.375,0.28125,0.6545717383447777,1.0,62.22222222222221
1906,6212,0.875,0.21875,0.978279725334297,0.27586206896551724,62.22222222222221
1907,22532,0.6125,0.20878125,0.9953860980604745,1.0,62.22222222222221
1908,22570,0.7736,0.22165625000000003,0.9764727141308276,1.0,62.22222222222221
1909,3540,0.3625,0.309375,0.62643055053608,0.27586206896551724,62.22222222222221
1910,2919,0.125,0.30485937500000004,0.7440320443320082,0.27586206896551724,62.22222222222221
1911,2909,0.125,0.309375,0.62643055053608,0.27586206896551724,62.22222222222221
1912,4943,0.625,0.30485937500000004,0.7440320443320082,0.27586206896551724,62.22222222222221
1913,2456,0.1125,0.194553125,0.8788820624021202,0.27586206896551724,62.22222222222221
1914,4951,0.625,0.278125,0.7718949524153716,0.27586206896551724,62.22222222222221
1915,21227,0.582775,0.23260625,0.9682568365257197,0.9655172413793103,62.19999999999999
1916,23892,0.8032125000000001,0.201725,0.9857246114925913,0.6206896551724137,62.19999999999999
1917,23892,0.8032125000000001,0.201725,0.9857246114925913,0.9655172413793103,62.19999999999999
1918,5394,0.8625,0.059375,0.6996542585230695,0.6206896551724137,62.19999999999999
1919,21295,0.8388,0.235378125,0.9658113480303577,0.6206896551724137,62.19999999999999
1920,3068,0.125,0.0625,0.7324515118660402,0.8275862068965517,62.17391304347825
1921,3387,0.3625,0.090625,0.7671364895795687,0.9655172413793103,62.16999999999999
1922,5552,0.8625,0.28125,0.6545717383447777,0.9655172413793103,62.15999999999999
1923,21338,0.6546875,0.24742187499999999,0.9660040958920612,0.0,62.15189873417721
1924,4066,0.375,0.09375,0.655524635586074,0.48275862068965514,62.13017751479289
1925,5564,0.8625,0.309375,0.62643055053608,0.48275862068965514,62.13017751479289
1926,2925,0.125,0.28125,0.62643055053608,0.48275862068965514,62.13017751479289
1927,21313,0.625,0.24936250000000001,0.9637754487411154,0.48275862068965514,62.13017751479289
1928,6017,0.875,0.20159374999999996,0.8773762197325623,1.0,62.10222222222221
1929,3370,0.3625,0.059375,0.6996542585230695,0.6206896551724137,62.09999999999999
1930,22579,0.6961875,0.21969374999999997,0.9777014817491867,0.6206896551724137,62.09999999999999
1931,21283,0.696175,0.24156875000000003,0.9598120708348392,0.3448275862068966,62.09999999999999
1932,5418,0.8625,0.09375,0.655524635586074,0.3448275862068966,62.09999999999999
1933,6114,0.875,0.059375,0.6996542585230695,0.48275862068965514,62.03155818540433
1934,2517,0.1125,0.28125,0.62643055053608,0.48275862068965514,62.03155818540433
1935,21283,0.696175,0.24156875000000003,0.9598120708348392,0.48275862068965514,62.03155818540433
1936,4091,0.375,0.059375,0.6752463558607397,0.0,62.02531645569619
1937,4345,0.6125,0.197040625,0.9989157932779182,0.0,62.02531645569619
1938,6015,0.875,0.194553125,0.8788820624021202,0.0,62.02531645569619
1939,5360,0.8625,0.17483437500000001,0.9989157932779182,0.0,62.02531645569619
1940,4381,0.6125,0.059375,0.6752463558607397,0.0,62.02531645569619
1941,2457,0.1125,0.20159374999999996,0.8773762197325623,0.0,62.02531645569619
1942,4545,0.6125,0.295615625,0.7658836284784966,0.0,62.02531645569619
1943,23160,0.375,0.16815625,0.9851222744247681,0.0,62.02531645569619
1944,3333,0.3625,0.197040625,0.9989157932779182,0.0,62.02531645569619
1945,5909,0.875,0.29007499999999997,0.7915190940850501,0.0,62.02531645569619
1946,3370,0.3625,0.059375,0.6996542585230695,0.13793103448275862,61.999999999999986
1947,3930,0.375,0.300271875,0.7551740754126008,0.13793103448275862,61.999999999999986
1948,5564,0.8625,0.309375,0.62643055053608,0.13793103448275862,61.999999999999986
1949,5564,0.8625,0.309375,0.62643055053608,0.3448275862068966,61.999999999999986
1950,5559,0.8625,0.30485937500000004,0.7440320443320082,0.13793103448275862,61.999999999999986
1951,21222,0.6125,0.233828125,0.9671967232863511,0.13793103448275862,61.999999999999986
1952,2517,0.1125,0.28125,0.62643055053608,0.13793103448275862,61.999999999999986
1953,3534,0.3625,0.300271875,0.7551740754126008,0.13793103448275862,61.999999999999986
1954,22599,0.7140875,0.214625,0.9805686061920249,0.9655172413793103,61.999999999999986
1955,2925,0.125,0.28125,0.62643055053608,0.13793103448275862,61.999999999999986
1956,2918,0.125,0.300271875,0.7551740754126008,0.13793103448275862,61.999999999999986
1957,2375,0.1125,0.090625,0.7671364895795687,0.13793103448275862,61.999999999999986
1958,5085,0.625,0.090625,0.7671364895795687,0.13793103448275862,61.999999999999986
1959,5945,0.875,0.309375,0.62643055053608,0.13793103448275862,61.999999999999986
1960,21165,0.3625,0.233828125,0.9795446331767256,0.27586206896551724,61.999999999999986
1961,22569,0.8032250000000001,0.22359999999999997,0.975183712805686,0.27586206896551724,61.999999999999986
1962,22570,0.7736,0.22165625000000003,0.9764727141308276,0.27586206896551724,61.999999999999986
1963,5553,0.8625,0.28125,0.62643055053608,0.6896551724137931,61.981132075471685
1964,5356,0.8625,0.20443125,0.9969883146608842,0.6896551724137931,61.981132075471685
1965,4541,0.6125,0.28125,0.62643055053608,0.6896551724137931,61.981132075471685
1966,4482,0.6125,0.208621875,0.8749909649439825,0.9655172413793103,61.97999999999999
1967,4868,0.625,0.24041562500000002,0.930333694735574,1.0,61.94444444444443
1968,4341,0.6125,0.22643437500000002,0.9854234429586796,0.9655172413793103,61.89999999999999
1969,21227,0.582775,0.23260625,0.9682568365257197,0.6206896551724137,61.89999999999999
1970,2918,0.125,0.300271875,0.7551740754126008,0.9655172413793103,61.89999999999999
1971,21277,0.68445,0.24547500000000003,0.9556438983255029,0.0,61.89873417721518
1972,23886,0.6961999999999999,0.194703125,0.9872665943862186,1.0,61.88888888888888
1973,6097,0.875,0.090625,0.7671364895795687,0.6896551724137931,61.88679245283018
1974,4482,0.6125,0.208621875,0.8749909649439825,0.3448275862068966,61.86999999999999
1975,4073,0.375,0.090625,0.7671364895795687,0.48275862068965514,61.834319526627205
1976,3054,0.125,0.09375,0.655524635586074,0.48275862068965514,61.834319526627205
1977,3469,0.3625,0.20159374999999996,0.8773762197325623,0.6206896551724137,61.82999999999999
1978,4406,0.6125,0.09375,0.655524635586074,0.6896551724137931,61.80188679245282
1979,5552,0.8625,0.28125,0.6545717383447777,0.3448275862068966,61.79999999999999
1980,5351,0.8625,0.2408875,0.9729671123960967,0.9655172413793103,61.79999999999999
1981,22579,0.6961875,0.21969374999999997,0.9777014817491867,0.9655172413793103,61.79999999999999
1982,22599,0.7140875,0.214625,0.9805686061920249,0.6206896551724137,61.79999999999999
1983,22606,0.8625,0.22436249999999996,0.9868931454041681,0.6206896551724137,61.79999999999999
1984,2517,0.1125,0.28125,0.62643055053608,0.6206896551724137,61.78999999999999
1985,4540,0.6125,0.28125,0.6545717383447777,1.0,61.777777777777764
1986,22552,0.5888375,0.2228125,0.9879412119021804,0.0,61.77215189873417
1987,4949,0.625,0.28125,0.62643055053608,0.6206896551724137,61.69999999999999
1988,5553,0.8625,0.28125,0.62643055053608,0.8275862068965517,61.67826086956521
1989,4341,0.6125,0.22643437500000002,0.9854234429586796,0.6206896551724137,61.66999999999999
1990,23909,0.654725,0.20366875,0.9972292494880134,1.0,61.66666666666666
1991,21223,0.5888,0.235378125,0.9658113480303577,1.0,61.66666666666666
1992,22587,0.8151375,0.22125625,0.9767256956993133,1.0,61.66666666666666
1993,23870,0.6546875,0.188853125,0.9878809781953981,0.0,61.645569620253156
1994,4255,0.6125,0.19389375,0.8910372244307915,1.0,61.64444444444443
1995,22581,0.6962125,0.216578125,0.9795205396940128,0.3448275862068966,61.59999999999999
1996,21295,0.8388,0.235378125,0.9658113480303577,0.3448275862068966,61.59999999999999
1997,2918,0.125,0.300271875,0.7551740754126008,0.6206896551724137,61.59999999999999
1998,4949,0.625,0.28125,0.62643055053608,0.9655172413793103,61.59999999999999
1999,22573,0.6844625,0.22359999999999997,0.975183712805686,0.8275862068965517,61.56521739130434
2000,22581,0.6962125,0.216578125,0.9795205396940128,0.48275862068965514,61.538461538461526
2001,23869,0.684375,0.1908,0.9877484640404769,0.6206896551724137,61.499999999999986
2002,22606,0.8625,0.22436249999999996,0.9868931454041681,0.9655172413793103,61.499999999999986
2003,4942,0.625,0.300271875,0.7551740754126008,0.9655172413793103,61.499999999999986
2004,5909,0.875,0.29007499999999997,0.7915190940850501,0.3448275862068966,61.499999999999986
2005,2358,0.1125,0.059375,0.6996542585230695,0.9655172413793103,61.47999999999999
2006,23892,0.8032125000000001,0.201725,0.9857246114925913,0.48275862068965514,61.439842209072964
2007,4949,0.625,0.28125,0.62643055053608,0.48275862068965514,61.439842209072964
2008,3937,0.375,0.28125,0.62643055053608,0.6896551724137931,61.415094339622634
2009,23869,0.684375,0.1908,0.9877484640404769,0.9655172413793103,61.39999999999999
2010,5200,0.625,0.21875,0.978279725334297,0.8275862068965517,61.39130434782608
2011,22579,0.6961875,0.21969374999999997,0.9777014817491867,0.48275862068965514,61.34122287968441
2012,23886,0.6961999999999999,0.194703125,0.9872665943862186,0.27586206896551724,61.33333333333332
2013,4401,0.6125,0.090625,0.62643055053608,1.0,61.32222222222221
2014,2316,0.1125,0.2336875,0.9796651005902903,0.9655172413793103,61.29999999999999
2015,22579,0.6961875,0.21969374999999997,0.9777014817491867,0.3448275862068966,61.29999999999999
2016,22599,0.7140875,0.214625,0.9805686061920249,0.3448275862068966,61.29999999999999
2017,22606,0.8625,0.22436249999999996,0.9868931454041681,0.48275862068965514,61.24260355029585
2018,22569,0.8032250000000001,0.22359999999999997,0.975183712805686,1.0,61.22222222222221
2019,23894,0.7439250000000001,0.197834375,0.9866883508011083,1.0,61.22222222222221
2020,23144,0.58285,0.18179375,0.9877966510059029,1.0,61.22222222222221
2021,23164,0.5888125,0.179059375,0.9875316226960605,1.0,61.22222222222221
2022,3370,0.3625,0.059375,0.6996542585230695,0.9655172413793103,61.20999999999999
2023,3469,0.3625,0.20159374999999996,0.8773762197325623,0.9655172413793103,61.20999999999999
2024,6097,0.875,0.090625,0.7671364895795687,0.3448275862068966,61.19999999999999
2025,5956,0.875,0.28125,0.6545717383447777,0.3448275862068966,61.12999999999999
2026,5563,0.8625,0.309375,0.7324515118660402,0.27586206896551724,61.1111111111111
2027,3931,0.375,0.30485937500000004,0.7440320443320082,0.27586206896551724,61.1111111111111
2028,3739,0.375,0.17785625,0.9873750150584266,0.27586206896551724,61.1111111111111
2029,3724,0.3625,0.171346875,0.9860498735092157,0.27586206896551724,61.1111111111111
2030,21941,0.8625,0.1587375,0.9813155041561258,0.27586206896551724,61.1111111111111
2031,3535,0.3625,0.30485937500000004,0.7440320443320082,0.27586206896551724,61.1111111111111
2032,22580,0.7199375,0.218134375,0.9786411275749909,1.0,61.1111111111111
2033,2523,0.1125,0.30485937500000004,0.7440320443320082,0.27586206896551724,61.1111111111111
2034,2357,0.1125,0.059375,0.6752463558607397,0.27586206896551724,61.1111111111111
2035,3521,0.3625,0.278125,0.7718949524153716,0.27586206896551724,61.1111111111111
2036,22610,0.625,0.22436249999999996,0.9868931454041681,0.27586206896551724,61.1111111111111
2037,5963,0.875,0.278125,0.7718949524153716,0.27586206896551724,61.1111111111111
2038,5597,0.8625,0.29007499999999997,0.7915190940850501,0.27586206896551724,61.1111111111111
2039,2713,0.1125,0.17785625,0.9873750150584266,0.27586206896551724,61.1111111111111
2040,4406,0.6125,0.09375,0.655524635586074,0.3448275862068966,61.09999999999999
2041,4125,0.375,0.197040625,0.9989157932779182,0.48275862068965514,61.04536489151873
2042,4125,0.375,0.197040625,0.9989157932779182,0.6896551724137931,61.037735849056595
2043,5956,0.875,0.28125,0.6545717383447777,0.6896551724137931,61.037735849056595
2044,3054,0.125,0.09375,0.655524635586074,0.13793103448275862,60.999999999999986
2045,3060,0.125,0.090625,0.62643055053608,0.13793103448275862,60.999999999999986
2046,5353,0.8625,0.22643437500000002,0.9854234429586796,0.13793103448275862,60.999999999999986
2047,23892,0.8032125000000001,0.201725,0.9857246114925913,0.3448275862068966,60.999999999999986
2048,4072,0.375,0.090625,0.62643055053608,0.13793103448275862,60.999999999999986
2049,4073,0.375,0.090625,0.7671364895795687,0.13793103448275862,60.999999999999986
2050,2522,0.1125,0.300271875,0.7551740754126008,0.13793103448275862,60.999999999999986
2051,4066,0.375,0.09375,0.655524635586074,0.13793103448275862,60.999999999999986
2052,5597,0.8625,0.29007499999999997,0.7915190940850501,0.6206896551724137,60.999999999999986
2053,5606,0.8625,0.278125,0.8796530538489338,0.13793103448275862,60.999999999999986
2054,6150,0.875,0.189640625,0.9998795325864354,0.13793103448275862,60.999999999999986
2055,2528,0.1125,0.309375,0.62643055053608,1.0,60.999999999999986
2056,3387,0.3625,0.090625,0.7671364895795687,0.48275862068965514,60.94674556213017
2057,23889,0.625,0.19003125,0.9878086977472593,0.48275862068965514,60.94674556213017
2058,22533,0.6125,0.22748749999999998,0.984652451511866,0.48275862068965514,60.94674556213017
2059,21295,0.8388,0.235378125,0.9658113480303577,0.48275862068965514,60.94674556213017
2060,3469,0.3625,0.20159374999999996,0.8773762197325623,0.48275862068965514,60.94674556213017
2061,22546,0.5888125,0.213503125,0.9932779183230935,0.6206896551724137,60.89999999999999
2062,3113,0.125,0.197040625,0.9989157932779182,0.6206896551724137,60.89999999999999
2063,5597,0.8625,0.29007499999999997,0.7915190940850501,0.9655172413793103,60.89999999999999
2064,4942,0.625,0.300271875,0.7551740754126008,0.6206896551724137,60.89999999999999
2065,23894,0.7439250000000001,0.197834375,0.9866883508011083,0.27586206896551724,60.88888888888888
2066,23909,0.654725,0.20366875,0.9972292494880134,0.0,60.88607594936708
2067,21216,0.375,0.23378125,0.9672328635104203,0.8275862068965517,60.8695652173913
2068,5953,0.875,0.295615625,0.7658836284784966,0.8275862068965517,60.8695652173913
2069,5132,0.625,0.2336875,0.9796651005902903,0.6896551724137931,60.849056603773576
2070,3370,0.3625,0.059375,0.6996542585230695,0.48275862068965514,60.848126232741606
2071,21227,0.582775,0.23260625,0.9682568365257197,0.48275862068965514,60.848126232741606
2072,5394,0.8625,0.059375,0.6996542585230695,0.48275862068965514,60.848126232741606
2073,22599,0.7140875,0.214625,0.9805686061920249,0.48275862068965514,60.848126232741606
2074,3394,0.3625,0.09375,0.655524635586074,0.6896551724137931,60.82075471698112
2075,3917,0.375,0.3125,0.6508384531984098,0.8275862068965517,60.817391304347815
2076,4546,0.6125,0.300271875,0.7551740754126008,0.9655172413793103,60.79999999999999
2077,5357,0.8625,0.197040625,0.9989157932779182,0.8275862068965517,60.782608695652165
2078,23802,0.5651375,0.19938125,0.9863389953017708,0.27586206896551724,60.777777777777764
2079,4381,0.6125,0.059375,0.6752463558607397,1.0,60.777777777777764
2080,3079,0.125,0.059375,0.6752463558607397,0.0,60.759493670886066
2081,5564,0.8625,0.309375,0.62643055053608,0.0,60.759493670886066
2082,6115,0.875,0.059375,0.6752463558607397,0.0,60.759493670886066
2083,21928,0.625,0.1587375,0.9813155041561258,0.0,60.759493670886066
2084,4941,0.625,0.295615625,0.7658836284784966,0.0,60.759493670886066
2085,5103,0.625,0.059375,0.6752463558607397,0.0,60.759493670886066
2086,5749,0.8625,0.17785625,0.9873750150584266,0.0,60.759493670886066
2087,23830,0.6125,0.20561249999999998,0.9965787254547644,0.6896551724137931,60.75471698113206
2088,22519,0.5888,0.213503125,0.9811348030357788,0.6896551724137931,60.75471698113206
2089,5411,0.8625,0.090625,0.7671364895795687,0.3448275862068966,60.69999999999999
2090,22546,0.5888125,0.213503125,0.9932779183230935,0.13793103448275862,60.69999999999999
2091,23887,0.672475,0.19314375,0.9874954824719914,0.6206896551724137,60.69999999999999
2092,23887,0.672475,0.19314375,0.9874954824719914,0.9655172413793103,60.69999999999999
2093,23803,0.588825,0.20093437500000003,0.9859414528370076,0.8275862068965517,60.69565217391303
2094,3272,0.3625,0.21875,0.978279725334297,1.0,60.66666666666666
2095,2917,0.125,0.295615625,0.7658836284784966,1.0,60.66666666666666
2096,5903,0.875,0.278125,0.8796530538489338,0.27586206896551724,60.66666666666666
2097,23828,0.6125,0.19007812500000001,0.9998554391037224,0.6896551724137931,60.66037735849056
2098,23869,0.684375,0.1908,0.9877484640404769,0.48275862068965514,60.65088757396449
2099,21312,0.625,0.23065625,0.9821949162751474,0.48275862068965514,60.65088757396449
2100,5078,0.625,0.09375,0.655524635586074,0.6896551724137931,60.6132075471698
2101,3328,0.3625,0.2336875,0.9796651005902903,0.13793103448275862,60.59999999999999
2102,22519,0.5888,0.213503125,0.9811348030357788,0.3448275862068966,60.59999999999999
2103,3060,0.125,0.090625,0.62643055053608,0.6206896551724137,60.59999999999999
2104,5411,0.8625,0.090625,0.7671364895795687,0.6896551724137931,60.518867924528294
2105,6222,0.875,0.2384375,0.9629442235875195,0.0,60.506329113924046
2106,5302,0.8625,0.26331875,0.9325864353692326,0.8275862068965517,60.50434782608695
2107,5102,0.625,0.059375,0.6996542585230695,0.6896551724137931,60.49999999999999
2108,2522,0.1125,0.300271875,0.7551740754126008,0.9655172413793103,60.499999999999986
2109,22546,0.5888125,0.213503125,0.9932779183230935,0.9655172413793103,60.499999999999986
2110,5227,0.625,0.1875,0.9575954704252498,0.6896551724137931,60.46226415094338
2111,2981,0.125,0.20159374999999996,0.8773762197325623,0.27586206896551724,60.444444444444436
2112,22591,0.8388,0.213503125,0.9811348030357788,0.13793103448275862,60.39999999999999
2113,3930,0.375,0.300271875,0.7551740754126008,0.9655172413793103,60.39999999999999
2114,2925,0.125,0.28125,0.62643055053608,0.3448275862068966,60.39999999999999
2115,23889,0.625,0.19003125,0.9878086977472593,0.3448275862068966,60.39999999999999
2116,4253,0.6125,0.206659375,0.8878448379713287,0.0,60.37974683544303
2117,5133,0.625,0.22643437500000002,0.9854234429586796,0.0,60.37974683544303
2118,2320,0.1125,0.20443125,0.9969883146608842,0.0,60.37974683544303
2119,22532,0.6125,0.20878125,0.9953860980604745,0.0,60.37974683544303
2120,22519,0.5888,0.213503125,0.9811348030357788,0.0,60.37974683544303
2121,5564,0.8625,0.309375,0.62643055053608,0.6896551724137931,60.377358490566024
2122,5909,0.875,0.29007499999999997,0.7915190940850501,0.6896551724137931,60.377358490566024
2123,2918,0.125,0.300271875,0.7551740754126008,0.48275862068965514,60.3550295857988
2124,22580,0.7199375,0.218134375,0.9786411275749909,0.27586206896551724,60.33333333333332
2125,4255,0.6125,0.19389375,0.8910372244307915,0.27586206896551724,60.33333333333332
2126,6148,0.875,0.20443125,0.9969883146608842,0.27586206896551724,60.33333333333332
2127,3528,0.3625,0.28125,0.6545717383447777,1.0,60.33333333333332
2128,21283,0.696175,0.24156875000000003,0.9598120708348392,0.13793103448275862,60.29999999999999
2129,4546,0.6125,0.300271875,0.7551740754126008,0.6206896551724137,60.29999999999999
2130,22546,0.5888125,0.213503125,0.9932779183230935,0.48275862068965514,60.25641025641025
2131,4091,0.375,0.059375,0.6752463558607397,1.0,60.22222222222221
